Dataset,log10(VaporPressure)[Pa],PredictedValues
Train,3.98175463770349,3.90819377470042
Train,4.04932305858101,3.93560993485643
Train,4.11477137842338,4.09165027743884
Train,4.17860035723072,4.26679823729856
Train,4.24067221089411,4.24246103724356
Train,4.30086758489531,4.20801618775846
Train,4.35964114957729,4.33988673506264
Train,4.4166798729731,4.38489930235366
Train,4.4724112241305,4.36568731300681
Train,4.52670703628025,4.48718965765009
Train,4.57945461972669,4.50670086667258
Train,4.63104506247912,4.62217932124806
Train,4.68135601189175,4.6656115160704
Train,4.73027910181263,4.74767304377491
Train,4.77817357460061,4.74158653302322
Train,4.82477472651115,4.7661863292888
Train,4.87042273192382,4.83910636627724
Train,4.9150046382442,4.85665462816886
Train,4.95841937623246,4.86686277921103
Train,5.00098128055359,4.91070665009037
Train,4.30010560133218,4.38547624058597
Train,4.34427184483812,4.40747429082916
Train,4.38778768455022,4.43423891581382
Train,4.43030624680307,4.4428359742644
Train,4.47203699184417,4.52761269515449
Train,4.51317506335072,4.59090309518617
Train,4.55339132856532,4.58879455246918
Train,4.59304985209152,4.63869522881469
Train,4.63183261108566,4.70382425755363
Train,4.66992863791146,4.65893307824755
Train,4.70751454903432,4.73069022522698
Train,4.74428797613294,4.77372037568114
Train,4.78042712158626,4.79923359201175
Train,4.81609875182695,4.81916489135257
Train,4.85101505180784,4.8564181080135
Train,4.88548978014872,4.89080463798074
Train,4.9192442673934,4.90521009556653
Train,4.9524406518283,4.92703162334622
Train,4.98523105115627,4.95666118779345
Train,5.01734972614166,4.98167426031056
Train,2.40723462755712,2.21584362709945
Train,2.56513503874003,2.45358906971358
Train,2.71499584705765,2.64757878676451
Train,2.85809116491507,2.78725107754489
Train,2.99422238692747,2.99308027242753
Train,3.1245013548171,3.05294966985291
Train,3.24870689808873,3.22081270169172
Train,3.36781737092902,3.36132337869992
Train,3.48186872181456,3.45110507067009
Train,3.59091739404102,3.60172420004547
Train,3.6957820955895,3.70361783980339
Train,3.79622041181391,3.7670844131657
Train,3.89296534689602,3.82952250722724
Train,3.98599522177954,4.0211241698948
Train,4.0753073026763,4.07019996852806
Train,4.16152919933199,4.15815612869372
Train,4.24442277125436,4.36429919914594
Train,4.3245575718585,4.27584273818544
Train,4.40170049422835,4.32711318001508
Train,4.47637078102655,4.3713606061714
Train,4.10463697882894,4.17428273480691
Train,4.17074900920869,4.20151285131733
Train,4.23497660616162,4.25243649795184
Train,4.29770749095443,4.31002478898063
Train,4.35884230168902,4.36682398465489
Train,4.41844118701092,4.42282851007493
Train,4.47641816646144,4.49323837550471
Train,4.53311737727362,4.55097878576299
Train,4.58844379215196,4.60895648672089
Train,4.64244667175736,4.64199144126936
Train,4.695043011095,4.70321741153698
Train,4.74654044024681,4.75813034353752
Train,4.79684857287659,4.79564468971011
Train,4.84600813762163,4.83678049947864
Train,4.89393954830248,4.89331504780217
Train,4.94091954065217,4.93486371762183
Train,4.98686243565959,5.01935175127615
Train,5.03180219976478,5.02541923415009
Train,5.07566286465291,5.07055744285745
Train,5.1186947810147,5.11305223528939
Train,2.12634095170165,2.42536370464616
Train,2.34917905981492,2.56056066022912
Train,2.56035803075609,2.91578333370547
Train,2.76139026157764,3.13761800731839
Train,2.95239751108316,3.40596911359143
Train,3.13467488148997,3.52035034677165
Train,3.3082685004719,3.69598113094219
Train,3.47429827157139,3.92872882508814
Train,3.63275550535709,3.96408966117755
Train,3.78461713835079,4.18919010552485
Train,3.92983478763237,4.20233733933333
Train,4.06926744332494,4.36294463650478
Train,4.20283811938457,4.48338472582382
Train,4.33130752773176,4.60377680195754
Train,4.45457827495476,4.67883632444656
Train,4.57332843424736,4.72087151087659
Train,4.68744629981927,4.8032561293189
Train,4.79753987412685,4.87776914019604
Train,4.90348769403999,4.96695683974346
Train,5.00583788977193,5.03059295427288
Train,2.88046290086084,3.4127513867301
Train,3.04228836074974,3.51255121041255
Train,3.19628974068213,3.58034317715593
Train,3.34302107544689,3.60727838659612
Train,3.4832325498699,3.75407880781513
Train,3.61687622512777,4.03154774692054
Train,3.74462833676121,4.08677835080403
Train,3.86687006926299,4.14962831389643
Train,3.98395041779922,4.28212231934928
Train,4.09618951576602,4.34947088819821
Train,4.20407234771843,4.43927164698425
Train,4.30748066459877,4.61647154311095
Train,4.40686293198251,4.69909241432138
Train,4.50244978259969,4.73075181761437
Train,4.59445456348642,4.81369522719565
Train,4.68307492563127,4.8472858121126
Train,4.76864591200637,4.87595564922742
Train,4.85102920804275,4.91489657817104
Train,4.93054057642846,4.97934612638704
Train,5.00732761990619,5.07490074557746
Train,4.27199914054099,4.21848913678879
Train,4.31623598492297,4.2069607138464
Train,4.35964691208702,4.35397816158213
Train,4.40207129247597,4.3962497722706
Train,4.44390164282583,4.34473459112515
Train,4.48497225214198,4.3951553585345
Train,4.52530363227296,4.36887296831752
Train,4.56491556326831,4.47720896814959
Train,4.60365943419434,4.45957671340033
Train,4.64189196601387,4.55456028264677
Train,4.67946023719595,4.58309114966846
Train,4.71638141017,4.59991381796692
Train,4.75251561722666,4.61989230228948
Train,4.78819439904288,4.7247645808183
Train,4.82327408468699,4.76352652360472
Train,4.85776963800905,4.67688253626393
Train,4.89169552863041,4.74037212510708
Train,4.9249218473152,4.77081346740686
Train,4.95775227308045,4.80429829217042
Train,4.99005362107623,4.83522824790093
Train,3.09879131504472,3.71153627956534
Train,3.20688447920261,3.74627508974813
Train,3.31154306993914,3.79750785742785
Train,3.41246156356073,3.8208379379504
Train,3.51006148459059,3.87113544123831
Train,3.60472197691417,4.00047051157545
Train,3.69615073797291,4.04101210010871
Train,3.78471441620538,4.11258109463893
Train,3.87074397403632,4.21230112923971
Train,3.95396123584687,4.28442631729382
Train,4.03468789935892,4.34417140475109
Train,4.11303412722585,4.41562743996115
Train,4.18927964615201,4.37401855148254
Train,4.26316533524953,4.56049031237747
Train,4.33496466732952,4.46488148076883
Train,4.40492634634553,4.68689090820036
Train,4.47280519298641,4.50374421075675
Train,4.5388452472855,4.65780979604627
Train,4.60326908747275,4.77082155646473
Train,4.66584492516523,4.70475733860114
Train,3.96385879113756,3.97769690336338
Train,4.03116913998356,4.13882449979356
Train,4.09679254901116,4.14187230768485
Train,4.16097275339707,4.05696701658854
Train,4.22340271714688,4.15957010926773
Train,4.28432479424751,4.23932737189355
Train,4.34379296336818,4.394241619979
Train,4.40185865715212,4.3593050740678
Train,4.45873151067894,4.21591694311676
Train,4.51413342027608,4.36549152089477
Train,4.56827343444891,4.42135068025281
Train,4.62119418122334,4.48874975104675
Train,4.6730829929364,4.40442104279788
Train,4.72368238792407,4.72385361968749
Train,4.77317952343501,4.62005395825387
Train,4.82161002889709,4.83426577626426
Train,4.86900801452666,4.82000236947269
Train,4.91553769119185,4.78943724847368
Train,4.96096455506777,4.66828256679134
Train,5.00545297515671,4.79682307359486
Train,2.12788403567532,2.16019529583816
Train,2.36819302921465,2.28489291291556
Train,2.59329395614837,2.49685176849132
Train,2.80429609638261,2.65801749939353
Train,3.00302950148803,2.88448221651684
Train,3.19027589677673,3.07926615442955
Train,3.36700325018103,3.24235049789622
Train,3.53407374488209,3.42532791501169
Train,3.69203973961787,3.61211826811235
Train,3.8420392282288,3.76276529500804
Train,3.98446298509171,3.89497078826044
Train,4.11987079334068,4.01639691658177
Train,4.24859041874655,4.15182322327254
Train,4.37144496325803,4.26878463410611
Train,4.4886637951177,4.37608842956071
Train,4.60062601017576,4.47599104115675
Train,4.70767744922746,4.5090001002545
Train,4.80999225329507,4.62490859567469
Train,4.90814993845898,4.79532856880919
Train,5.00226797724252,4.8210948617582
Train,2.45586800616354,2.52167728588985
Train,2.57251913549492,2.63731594982653
Train,2.68671202655411,2.74221378722125
Train,2.79803906105356,2.87999461574373
Train,2.90684243391766,3.02281953876938
Train,3.0132069963619,3.08593350743404
Train,3.11743988539512,3.17743925429148
Train,3.21916161152615,3.31617558662202
Train,3.31867748144247,3.40261114837956
Train,3.41605847717184,3.49790641672408
Train,3.51157982113161,3.6501297561593
Train,3.60488779021973,3.70441355225875
Train,3.69625650938333,3.74823958620442
Train,3.78574581293894,3.82462180489461
Train,3.87360380836359,3.8631965024975
Train,3.95950033618228,3.85028030188194
Train,4.04368293011242,3.91463497602492
Train,4.12620238181459,4.00427829594453
Train,4.20728356602196,4.05607935166849
Train,4.28661786079396,4.19268960023287
Train,2.12510320565132,2.28784208598486
Train,2.36450590744654,2.50962574537618
Train,2.5892783729484,2.73434931802543
Train,2.80015256765738,2.9627886936426
Train,2.99891425619126,3.15373233219174
Train,3.1860716610347,3.33905974090961
Train,3.3630898001018,3.5120463164107
Train,3.53031782869707,3.66875520364085
Train,3.68897477126427,3.799107652432
Train,3.83929528336276,3.96741355225052
Train,3.98230653579164,4.09480271959523
Train,4.11815993437227,4.20823421838385
Train,4.24773075530079,4.34547298141817
Train,4.37110940301977,4.43284564719879
Train,4.48904925728639,4.5788854477942
Train,4.60159577372393,4.65739094138201
Train,4.70940330455624,4.7804091162929
Train,4.8124840750195,4.88341664629531
Train,4.91141108866208,4.96908901965076
Train,5.00617198264477,4.94791703317709
Train,4.41854245835269,4.24299996301249
Train,4.45312992100964,4.21561529912858
Train,4.48741672547849,4.36148298093654
Train,4.52110957024481,4.51554217450897
Train,4.55436901596237,4.586388174112
Train,4.58734772379609,4.50153778947726
Train,4.61976325975854,4.48772704988927
Train,4.65176973147504,4.58839497034547
Train,4.68351379848467,4.54630264256522
Train,4.71472330752752,4.72602461702861
Train,4.74554629886374,4.73068380118188
Train,4.77598990861288,4.77359975176233
Train,4.80619333922419,4.85583510951266
Train,4.83589729811518,4.67817699444931
Train,4.86524228622075,4.68083085152808
Train,4.89436228311218,4.81900458615705
Train,4.92300706156931,4.81010042297006
Train,4.95131184176319,4.83438583217611
Train,4.97940567258973,4.89965948281533
Train,5.00704692919741,4.82936365562732
Train,2.12870689177883,2.49400061451787
Train,2.35840003678672,2.47724372536422
Train,2.57506222723586,2.66304825424918
Train,2.78026925143138,3.02404546113786
Train,2.97443371611683,3.40213647534884
Train,3.15887135126489,3.22698625666007
Train,3.33386880351584,3.57137891201421
Train,3.50053789724489,3.60471645571544
Train,3.6592657938012,3.790751718731
Train,3.81042252309549,3.94023815384633
Train,3.95488893636085,4.05348336433939
Train,4.09276268893165,4.15896679287588
Train,4.22480683422564,4.35541980042183
Train,4.351228887892,4.38917438274877
Train,4.47223250935706,4.58186905159106
Train,4.58844237165059,4.6661070373969
Train,4.69986492072681,4.78936708541616
Train,4.80705183205883,4.89018789811124
Train,4.90998781878905,4.96922149448314
Train,5.00916328085571,5.01207761185817
Train,2.12358485252895,2.23565308536778
Train,2.35687510462215,2.32523587657895
Train,2.57630097507879,2.5645594627568
Train,2.7835463975625,2.94684632408244
Train,2.97914002944791,3.08517852949753
Train,3.16447083208418,3.4683734108952
Train,3.33991431861208,3.49435986182701
Train,3.50663138991981,3.70481261808216
Train,3.66507127915407,4.0346180945154
Train,3.81565865143579,3.87175347731834
Train,3.95930000469031,4.08127907425233
Train,4.09614307690385,4.34420967970463
Train,4.22696645354881,4.3687941796443
Train,4.35201155667451,4.57130897838655
Train,4.47151224480521,4.6539655345769
Train,4.58609866651922,4.77334682039255
Train,4.69580904864332,4.7809622878277
Train,4.80119612694177,4.84435501339804
Train,4.90227187880251,4.9222690073521
Train,4.99952458775658,4.98443794440128
Train,3.54158992248062,3.8916662595487
Train,3.64932670739794,3.71686998165785
Train,3.75211986612313,3.86331343380222
Train,3.85070847423054,4.07383938112323
Train,3.94514966718438,4.02163309478696
Train,4.03551265646732,4.26423832080297
Train,4.12241475598331,4.28689489399688
Train,4.20587791784939,4.31595717093852
Train,4.28593634000573,4.4323285499139
Train,4.36311315704935,4.54863481392159
Train,4.43740690585964,4.49224673609982
Train,4.50897617693706,4.50947943878286
Train,4.57782520133718,4.55715059413112
Train,4.64438162176282,4.63400502551578
Train,4.70862447931945,4.69867624154659
Train,4.77054367453595,4.77468715122379
Train,4.83051144087317,4.7909200644597
Train,4.88849790715506,4.85414521029694
Train,4.94448323047384,4.92996862983068
Train,4.99879439946019,4.96349937933727
Train,2.96861348794602,2.70940291934851
Train,3.12006243081936,3.0087240746643
Train,3.26476624008512,3.15127342949559
Train,3.40266121368909,3.41432753044302
Train,3.53445711150059,3.53154702477143
Train,3.66054982043774,3.39038706346098
Train,3.78152260636192,3.62207072740338
Train,3.89725686105017,3.87130847686757
Train,4.00828840077774,3.93661596323943
Train,4.11489815131868,3.99539224170094
Train,4.21753284398514,4.0210978109378
Train,4.31604901785331,4.17614471984891
Train,4.41086311100029,4.38243239156074
Train,4.50217995229034,4.25367860790488
Train,4.59035105331564,4.50610179652982
Train,4.67522415541327,4.58497139820367
Train,4.75713090727361,4.49549566972162
Train,4.83622415071686,4.82588232999212
Train,4.91278683353426,4.83918352614577
Train,4.9866665259708,4.79664260822394
Train,3.73112152025016,3.71560970828747
Train,3.78505566398762,3.77006839093993
Train,3.83767877916289,3.83104307306619
Train,3.88948073095055,3.8909818500121
Train,3.94004384196557,3.93931545836787
Train,3.98983758678971,3.98904009289459
Train,4.03845933128003,4.04808285832018
Train,4.08635942430598,4.06856600381275
Train,4.13335100761955,4.13653862632768
Train,4.17926194807307,4.16940016754677
Train,4.22451603560118,4.22723146894667
Train,4.26874498367226,4.27017562852585
Train,4.31235618914258,4.29671936684097
Train,4.3551776152622,4.36298588779005
Train,4.39705010271392,4.39771341960591
Train,4.43835819269686,4.44143187380587
Train,4.47876383934296,4.48651495628686
Train,4.51863742212504,4.49931254172659
Train,4.55765197739223,4.56297286245884
Train,4.59616450056517,4.5990789265591
Train,3.37596356618039,3.39503020923444
Train,3.43385252019318,3.43374881572851
Train,3.49038089165988,3.47476587193763
Train,3.54607214981692,3.5370169407949
Train,3.60070894756255,3.62890755586363
Train,3.65409103245976,3.66201900308468
Train,3.70671106027392,3.66868653880049
Train,3.75814070601598,3.79337847881582
Train,3.80885360351466,3.82059449812922
Train,3.85864962627429,3.86316875327296
Train,3.9073436005585,3.9239588000078
Train,3.95538263564551,3.97392137317297
Train,4.0025760387495,4.0067084283844
Train,4.04874695189893,4.05507901559384
Train,4.09431815382023,4.0871072310986
Train,4.13891553375531,4.19557436862936
Train,4.18294676083556,4.2000876095484
Train,4.22623552293009,4.20269904917777
Train,4.26861771268798,4.25732328850737
Train,4.31047981209282,4.34378412785699
Train,3.80648744678725,4.12309476706111
Train,3.88817414648541,4.10432078490902
Train,3.9673419079164,4.17176091431095
Train,4.04410547507773,4.25098226261577
Train,4.11857272703358,4.29786370037258
Train,4.19084518374526,4.32980585826789
Train,4.2610184678258,4.38172280814449
Train,4.32918272663514,4.51314000965471
Train,4.39542301863376,4.5660329812595
Train,4.4598196674767,4.55560371299854
Train,4.52229338230476,4.66203230037684
Train,4.58323054925241,4.75711793407683
Train,4.64253958882269,4.76319317680772
Train,4.70028489160498,4.81622511362315
Train,4.75652749693512,4.86136256170373
Train,4.81132530811805,4.90640357072497
Train,4.86473329127436,4.93101315898205
Train,4.91680365924644,4.95023458238821
Train,4.96758604185765,4.94896057577357
Train,5.01712764369139,5.006864831168
Train,3.95502014602191,4.06812508850221
Train,4.02500081959128,4.0659781731463
Train,4.09305442226825,4.0946017588583
Train,4.15907340829941,4.12812430623595
Train,4.2235091680474,4.20393438940943
Train,4.28624086887074,4.27849461462878
Train,4.34733522654095,4.37374408438532
Train,4.40685551903343,4.36306832171189
Train,4.46469864100186,4.40137649844872
Train,4.52125203507968,4.57034080370091
Train,4.57640252576081,4.58906389045334
Train,4.63020167561379,4.65011158248037
Train,4.68255079228133,4.66377879309089
Train,4.73379562519591,4.70935126258039
Train,4.78382929000936,4.75819060984429
Train,4.83269422403237,4.79549341695942
Train,4.88043090488689,4.85018766589048
Train,4.92694657720347,4.87400005874101
Train,4.9725438458373,4.90704390871962
Train,5.01712351890589,4.91540032287225
Train,4.29841779401732,4.42728052303939
Train,4.37576636230952,4.69782317930659
Train,4.45075305317021,4.45719882387341
Train,4.5231857571375,4.57931413276079
Train,4.5933367703075,4.61560222284916
Train,4.66131223366984,4.64362075960057
Train,4.72734756112364,4.71213951641553
Train,4.79126085126198,4.76363045437335
Train,4.85328020296701,4.84380990505361
Train,4.9134885715682,4.90236099860628
Train,4.97208470727067,4.97649691772411
Train,5.02889781816455,5.03734949138003
Train,5.08412163022613,5.0879931153184
Train,5.13782191247937,5.11294621796539
Train,5.19016865083657,5.20030299664552
Train,5.24100222806338,5.19957867262358
Train,5.29048916075971,5.29754778137584
Train,5.33868226082581,5.32256349612393
Train,5.38572856464135,5.39356280225592
Train,5.43147925079419,5.40945450684837
Train,3.80634689857586,3.859395983602
Train,3.88818389374431,3.92567163168644
Train,3.96747550726277,3.9979219451863
Train,4.04433867437772,4.06283940136864
Train,4.11888327566754,4.15006926051202
Train,4.19121266114529,4.21662165878447
Train,4.26142412832175,4.2656548805189
Train,4.32960935887922,4.35240406919281
Train,4.39585481807703,4.44255211557154
Train,4.46024212054759,4.48041684512513
Train,4.52300872452169,4.55982631207349
Train,4.58390245932309,4.62155627911763
Train,4.64315717150108,4.69893038302735
Train,4.70083815648239,4.74703460704687
Train,4.75700728682593,4.8020165143849
Train,4.81172323361019,4.83760190600552
Train,4.86504167085719,4.88887580668121
Train,4.91701546449018,4.93127460478622
Train,4.96769484717344,4.93475413988729
Train,5.01712758024944,4.94696018254091
Train,2.12720289941401,2.203117015217
Train,2.36895047556817,2.4044478447922
Train,2.59548052387839,2.58792807339826
Train,2.80765710218812,2.75777273772423
Train,3.00729918255065,2.90830184323782
Train,3.19501675556925,2.95284359857895
Train,3.37228899382507,3.05842497820354
Train,3.53954566493507,3.09230281383951
Train,3.69780982440076,3.33793045720095
Train,3.847975427811,3.54341204032239
Train,3.99029174654648,3.64177581681325
Train,4.12569721510124,3.73453991209687
Train,4.25436026838331,3.75439915311752
Train,4.37692578806624,3.8412522570893
Train,4.49396396148388,3.94288537158153
Train,4.60555980148241,4.05074229602182
Train,4.71235215167378,4.20706081123232
Train,4.81438775880535,4.29140984845156
Train,4.91222314216942,4.44705807345944
Train,5.0058764458363,4.44712541453758
Train,2.12577628543865,1.98931525562532
Train,2.35910542133341,2.34090039880407
Train,2.57855324877811,2.57945101130585
Train,2.78578953414083,2.77400483079291
Train,2.98136385622422,2.9324725848962
Train,3.16665168472096,3.14106206718239
Train,3.34204667520501,3.23488474208937
Train,3.50869701698244,3.26143420014252
Train,3.66706131847468,3.2960592237298
Train,3.81757200684407,3.16050386324
Train,3.96112407600752,3.14150900581713
Train,4.09787862599108,3.25869862049036
Train,4.22860351212244,3.15985054657218
Train,4.35354693058741,3.53778930880411
Train,4.4729484448728,3.47790713814109
Train,4.58742855121314,3.77090246250847
Train,4.69703584038648,4.14723664385654
Train,4.80231404988286,4.20811049747436
Train,4.90328461943615,4.44263828580221
Train,5.00042743712401,4.12179291832692
Train,2.1252327531892,2.93872076966026
Train,2.35262959634089,3.2909583885929
Train,2.56774878669824,3.27874690620212
Train,2.77155853240541,3.4508608379209
Train,2.96511758587159,3.74404981871996
Train,3.14881931227696,3.49329946587376
Train,3.32356945527173,3.64596390707003
Train,3.49000675358271,3.97642539815653
Train,3.64871058829585,4.02589311311246
Train,3.8002077213954,3.94484965500419
Train,3.94512068778491,3.87349552862579
Train,4.08359654600292,4.19756893748366
Train,4.21618537723349,4.34183001516214
Train,4.34325478055089,4.44686751435748
Train,4.46514237411475,4.5398772072855
Train,4.5821587906009,4.67586450944456
Train,4.69470132429505,4.75811269372409
Train,4.80280802993744,4.8499536537264
Train,4.90683873015391,4.94228346540916
Train,5.00701967939389,4.96619349581798
Train,2.12563825515184,2.23432142288464
Train,2.35957580661594,2.46408122431879
Train,2.58003484437923,2.60074742455062
Train,2.78760067177418,2.85280824364762
Train,2.98388817134336,2.97704529411308
Train,3.16930290688473,3.13619779197653
Train,3.34518694965435,3.26815464076534
Train,3.51181632770522,3.5280859147622
Train,3.67011147006798,3.65913427994511
Train,3.82088143765786,3.82286102940263
Train,3.96427068415346,3.94318371108218
Train,4.10116975320082,4.05089080846031
Train,4.23166360433955,4.14853676185876
Train,4.35635636626489,4.31637981126492
Train,4.47578455163636,4.41616972746208
Train,4.58997152137304,4.50706425947512
Train,4.69954497021306,4.70585239948317
Train,4.80450006980822,4.77331030303568
Train,4.90539009692318,4.83392939692828
Train,5.00218930263703,4.92264553201708
Train,2.12939867670262,2.32766377788633
Train,2.34317312485391,2.46991419673691
Train,2.54732380204281,2.67059169784289
Train,2.74248627156825,2.76756128703096
Train,2.9292413378717,2.97640724632939
Train,3.10812081958014,3.2048266186277
Train,3.27961260727194,3.30460812059789
Train,3.44416510726636,3.53547023227049
Train,3.60219115666688,3.59615423775218
Train,3.75407148162967,3.80912948230107
Train,3.89996118436959,3.92550422311475
Train,4.04058605359105,4.04098750870514
Train,4.17604326244209,4.20298273422877
Train,4.30661252207658,4.32542700788046
Train,4.43255371475526,4.42441528362694
Train,4.55410862035029,4.52926171577774
Train,4.67150246554501,4.65250217639441
Train,4.78494531661465,4.78285382827538
Train,4.89463333390844,4.88848372537723
Train,5.00074990379376,4.96558703746561
Train,4.29664048019049,4.31563331586386
Train,4.37365588780181,4.37775968593119
Train,4.44823768943357,4.4426090762719
Train,4.5203392141586,4.51324591561269
Train,4.59039238254246,4.59220992890509
Train,4.65833204598888,4.65184391406698
Train,4.7242524298127,4.72942659356168
Train,4.78824224028073,4.77463076621724
Train,4.85024711697362,4.87193208901675
Train,4.91062567773854,4.93828689601654
Train,4.96931032269479,4.96645537011362
Train,5.0263713497548,5.01723026359578
Train,5.08175191326154,5.07793296100037
Train,5.13576480681074,5.14257689464377
Train,5.18834283744974,5.18378951716614
Train,5.23954243180047,5.24586159217242
Train,5.28941709609736,5.28055684560379
Train,5.33790953720273,5.32901264811181
Train,5.38528680582464,5.39115472568976
Train,5.43148383603301,5.39895153778449
Train,4.29937141013488,4.34094217406733
Train,4.37682219789931,4.39399853547846
Train,4.45173384738423,4.45301554558526
Train,4.52422920908456,4.52619927611591
Train,4.59442333415318,4.6015695751763
Train,4.66242408367159,4.65980289069565
Train,4.72833268168494,4.73342219737964
Train,4.79224421796532,4.78920593877938
Train,4.85424810575537,4.87340401271205
Train,4.91442849912591,4.92070324933561
Train,4.97286467404463,4.97399323826495
Train,5.02963137678428,5.02934141272184
Train,5.08479914289027,5.10575979119471
Train,5.13843458956968,5.14258695815706
Train,5.19060068405011,5.19277428274961
Train,5.24135699018136,5.25879926325026
Train,5.29075989531044,5.2921264008779
Train,5.33886281924671,5.34422153630634
Train,5.38571640694519,5.40283798592522
Train,5.43136870636914,5.47508145271205
Train,3.80292719277638,4.036770988388
Train,3.88437856516371,4.1020679252798
Train,3.96337632575466,4.13527238585031
Train,4.04002969703647,4.17509242266237
Train,4.11444151356633,4.19697054744936
Train,4.18687393367971,4.21944068903253
Train,4.25708319310227,4.29585928383766
Train,4.32532567877965,4.4169718500063
Train,4.39168289208522,4.44625904180108
Train,4.45623189261983,4.47268734073193
Train,4.51904559673657,4.53643482271797
Train,4.58019305230894,4.65802979349093
Train,4.63973969191895,4.67586007572809
Train,4.69774756641705,4.69081105086294
Train,4.7542755606066,4.78673080934893
Train,4.80950583020654,4.79952575006441
Train,4.86323591520112,4.81621914443005
Train,4.91564581305726,4.84210587447979
Train,4.96678359019412,4.85268840784019
Train,5.01669500762288,4.90662078062793
Train,3.80561764372524,4.03979141212548
Train,3.88720640513784,4.09617201861741
Train,3.96647764657886,4.14794406976524
Train,4.04316928642668,4.202128524795
Train,4.11757872739867,4.27453202973841
Train,4.18997538778694,4.32071677361
Train,4.26011091214848,4.40177846360269
Train,4.32824858438096,4.45164072055493
Train,4.3946276582346,4.50359912175613
Train,4.45901319711333,4.57538819303144
Train,4.52163988787521,4.60694059930417
Train,4.58257883023192,4.64186177112218
Train,4.64203636402681,4.67865265606241
Train,4.69979460762681,4.70323404692719
Train,4.7560568274691,4.77860770978275
Train,4.81100895772219,4.811710244617
Train,4.8644451496216,4.86470139691965
Train,4.91654906803902,4.9185739731916
Train,4.96748914879306,4.9851800423301
Train,5.01707087650369,5.00047715231815
Train,4.29926837072573,4.65536088749359
Train,4.3765189847937,4.61122882626015
Train,4.45140841274446,4.6016090224847
Train,4.52376583722763,4.64126884494373
Train,4.59398556820681,4.69316593020911
Train,4.66190041917752,4.74098435820312
Train,4.72787398891343,4.7801991632305
Train,4.79174320336244,4.78081584833015
Train,4.85372563062882,4.88622331187787
Train,4.91401903176114,4.95585325478146
Train,4.97246704161038,4.95867512146921
Train,5.02937065399834,5.03714890085934
Train,5.08457816591872,5.11122588313484
Train,5.13826701551487,5.17302945542547
Train,5.19059925354224,5.20469700851134
Train,5.2414302435442,5.23622335808613
Train,5.29101341218977,5.31470179126639
Train,5.33920880350811,5.34443750217977
Train,5.38625396759431,5.40135441825741
Train,5.43201355690896,5.47969997771366
Train,2.12722064098751,2.2624032230554
Train,2.36648512160242,2.52420134627429
Train,2.59108522115809,2.75593846972514
Train,2.80176800019963,2.98722611107583
Train,3.00031560119314,3.17589004677177
Train,3.18724847838958,3.35556979343367
Train,3.36402723453242,3.53270252765348
Train,3.53101118752063,3.6579508179969
Train,3.6894145845325,3.83529673700001
Train,3.83948070424567,3.97489430337917
Train,3.98223183490613,4.11342773048736
Train,4.11782682944623,4.27450426010461
Train,4.2471361282419,4.39232665289183
Train,4.37025666284832,4.51429412431792
Train,4.48793711199598,4.60466354317972
Train,4.6002287231584,4.69619877045195
Train,4.70778133097119,4.80457193812174
Train,4.81061235358852,4.87026588592624
Train,4.90929048465327,4.96273879525918
Train,5.00380805803415,5.04928833600375
Train,1.39319080042102,1.25311617177797
Train,1.50113012877037,1.37764043692258
Train,1.6063474017394,1.47989395535696
Train,1.7089443058975,1.7117061151085
Train,1.80939333433093,1.72152017373501
Train,1.90702577795434,1.93137158557677
Train,2.00231441553937,1.92528334104756
Train,2.09534264564486,2.03969977267236
Train,2.18618995650004,2.06470995134261
Train,2.27493215252998,2.19238635461139
Train,2.36196746862453,2.30388875982514
Train,2.44670581466237,2.37326845008942
Train,2.52954664049928,2.4619342881009
Train,2.61055297632279,2.56105232051196
Train,2.68978509131488,2.59302492359109
Train,2.76730064319489,2.75104694745832
Train,2.84344013462197,2.77232854301389
Train,2.91767976021737,2.87416622689583
Train,2.99036167092162,2.91072742620488
Train,3.06153438429168,3.00243847268363
Train,1.56109793891969,1.70387756397937
Train,1.6656878982115,1.7973072973308
Train,1.7675620934572,1.89553205504765
Train,1.86682494454299,1.94141022727399
Train,1.96393878639749,2.0884948730176
Train,2.05826237692066,2.14785344909842
Train,2.15025779863353,2.2308943433435
Train,2.24001019922683,2.29050362629703
Train,2.32760062427873,2.38929383837949
Train,2.41310626134646,2.52069182831425
Train,2.49691438833093,2.59547110481842
Train,2.57846044761871,2.71395523974457
Train,2.65813257280663,2.77845591338666
Train,2.73599462483371,2.80765995522064
Train,2.81210759551406,2.8681033177718
Train,2.88652976687614,2.96315068853478
Train,2.95959056535686,3.04209920489307
Train,3.03078996389235,3.11613270831529
Train,3.10045878079482,3.17782188968021
Train,3.16864584584779,3.20600129326158
Train,0.344694174001131,0.574889420971751
Train,0.552936784146457,0.63387443289325
Train,0.752101096541526,0.773502543589386
Train,0.943651842395905,1.03132068164012
Train,1.12759071777016,1.2681900533623
Train,1.30436260562312,1.41864174732886
Train,1.47398504689747,1.46232951959153
Train,1.63763938489299,1.77749596383222
Train,1.79526894815214,1.93796120621221
Train,1.94720041775546,2.07970576283914
Train,2.0933977916145,2.19161204489356
Train,2.23483408583172,2.33094912976444
Train,2.37142042321581,2.52222142360601
Train,2.50340206172452,2.61423792090794
Train,2.63071201679654,2.7856797817674
Train,2.7541658816878,2.74873476371765
Train,2.87365796546413,3.01433356597032
Train,2.98937596382693,3.13486567813304
Train,3.10123556800639,3.19675220807971
Train,3.20993059716851,3.37446445019374
Train,2.12448753889449,2.14067280361769
Train,2.37622797953964,2.39770488747105
Train,2.61047112295244,2.49516620626999
Train,2.82839227543483,2.9051293912659
Train,3.03191388259147,2.90624893963413
Train,3.22267470115968,3.13320866142314
Train,3.40135497169036,3.35009305573577
Train,3.56952092643052,3.46034161097455
Train,3.72764548591893,3.71878772795107
Train,3.87680367195223,3.82261201208727
Train,4.01792824162725,3.95460585366817
Train,4.15128883999401,4.09051865004901
Train,4.27768033745126,4.2128609822344
Train,4.39779814126922,4.34634090805565
Train,4.51178767973404,4.45832038887554
Train,4.62040118807866,4.56099575919181
Train,4.72372854541256,4.66883807749678
Train,4.82228049245842,4.78649574883717
Train,4.91650887796888,4.88146319671293
Train,5.00644653975295,4.954242203338
Train,2.12456826023267,2.31713898523942
Train,2.3749758235058,2.5198422227299
Train,2.60820303671835,2.68591459193786
Train,2.82539770045133,2.97060801695956
Train,3.0286826549981,3.17420804956249
Train,3.21885977897169,3.39009593165623
Train,3.39761953264523,3.53832789599405
Train,3.56552411775455,3.73015917873871
Train,3.72373817524218,3.86511176825707
Train,3.87327114474478,4.01360698303789
Train,4.01445090612998,4.14312147620086
Train,4.14830597617044,4.26453560085783
Train,4.27506151192992,4.37467248819287
Train,4.3954242957991,4.46501501402865
Train,4.51001527665339,4.62428731461955
Train,4.61895534132228,4.66071700501943
Train,4.72292328045329,4.74255078934419
Train,4.82199282961842,4.82987774555855
Train,4.91674931430864,4.93581715703922
Train,5.00723153652459,5.02565119423276
Train,4.29777857691016,4.22344538576713
Train,4.3428579851726,4.25292765387861
Train,4.3871174397523,4.2742457761484
Train,4.43043972127265,4.27211689758784
Train,4.47312746448745,4.37866211523468
Train,4.51505935637664,4.3995568201598
Train,4.55625529601209,4.50797219204168
Train,4.59673449003953,4.48469242146171
Train,4.63638784818747,4.54502782232743
Train,4.67549072235413,4.5708563039849
Train,4.71393055226305,4.62072122204265
Train,4.75172406041017,4.6577619676931
Train,4.78876814134699,4.74279718322819
Train,4.82531893001252,4.72796148954413
Train,4.86127026145525,4.77289365169593
Train,4.8966367629717,4.73752335393109
Train,4.93143258980558,4.89604065614103
Train,4.96556152266146,4.88170126106341
Train,4.99925840982208,4.8793661243612
Train,5.03242439924131,4.94064922400907
Train,4.11319932305378,4.23877881586008
Train,4.17075527596145,4.2978562940463
Train,4.22703769537236,4.36086935042248
Train,4.28208838774211,4.40656491517019
Train,4.33594734948429,4.46668955825206
Train,4.3886528638804,4.55745919209491
Train,4.44024159182955,4.64627517176189
Train,4.49074865688979,4.64580573103892
Train,4.54020772502586,4.69376981083446
Train,4.58865107944364,4.7361802771379
Train,4.63623981531012,4.76431985703788
Train,4.68274080267558,4.74052703940369
Train,4.72831538864822,4.8009245329433
Train,4.77299098409923,4.89814327717516
Train,4.8167939290642,4.90484517655118
Train,4.85974954452899,4.90661470068608
Train,4.90188218123922,4.97951267340923
Train,4.94321526573096,4.98916958952617
Train,4.98377134376546,5.03308920320446
Train,5.02357212133719,5.08659401124682
Train,5.34085887621603,5.35022992306215
Train,5.36721410677892,5.37593491697352
Train,5.39309427560669,5.35642491691532
Train,5.41869783892018,5.43109279300873
Train,5.44393691019073,5.44339631301919
Train,5.46872871561533,5.48300739153976
Train,5.49326303674949,5.4851908964778
Train,5.51736737991601,5.51227711679478
Train,5.54122606221557,5.55641525518442
Train,5.56475674883235,5.57647025799548
Train,5.58788171936932,5.56134494043517
Train,5.61077752604846,5.61065854240453
Train,5.63336492605065,5.64201489620501
Train,5.65556902245966,5.66909238942409
Train,5.6775590877445,5.67040100746803
Train,5.69917984269011,5.69123401390726
Train,5.7205959589905,5.7391706066344
Train,5.74173298466496,5.71080989529517
Train,5.76252041036768,5.76474477456357
Train,5.78311634976733,5.80202785738082
Train,4.29084151725906,4.30904552809318
Train,4.33470010483652,4.36978314734282
Train,4.37773721269599,4.43897994304661
Train,4.41997570640715,4.41700901631416
Train,4.46143761073512,4.50156891376193
Train,4.50214414793565,4.53254356501594
Train,4.54211577397613,4.50873635070535
Train,4.58137221281241,4.64932869026997
Train,4.61993248884198,4.64736989677781
Train,4.65781495764588,4.67824921635515
Train,4.69503733512348,4.68689121709
Train,4.73161672511755,4.76554150692063
Train,4.76756964561985,4.76115468225909
Train,4.80291205364186,4.82315221389504
Train,4.8376593688291,4.85736302252729
Train,4.87182649589264,4.90107998423602
Train,4.90542784592618,4.93071658087351
Train,4.93847735667297,4.94818829714169
Train,4.97098851180219,4.99589560585872
Train,5.00297435925108,5.01924833456083
Train,2.12575379185299,2.17537536322125
Train,2.36184053442118,2.30249771410815
Train,2.58347892805492,2.53340328258586
Train,2.7924929982796,2.65416914304475
Train,2.9896772068128,2.71536405257378
Train,3.17600824102762,2.7559562463107
Train,3.35213082445846,2.88496546134606
Train,3.51929238149203,3.13249093270223
Train,3.6779546371834,3.26803286495126
Train,3.82874973914072,3.32912752268456
Train,3.97206318977672,3.67001449146028
Train,4.10879162028897,3.8042744523972
Train,4.23920961072463,3.94230973126781
Train,4.36374417654053,4.06728536479577
Train,4.48263045988161,4.19880339850462
Train,4.5965391637794,4.30542053590779
Train,4.70563476099865,4.40714462162647
Train,4.81021599991231,4.56332425775979
Train,4.91042719373235,4.61669313189194
Train,5.00678659759685,4.69799178624825
Train,2.12996243104071,3.70427525026325
Train,2.36380029922344,3.3438298291678
Train,2.58364577230244,3.54931166969584
Train,2.79111200653752,3.30855665081399
Train,2.98702950983806,3.6155057038142
Train,3.17216022997999,3.46998659620906
Train,3.34770506440688,3.5960725193623
Train,3.51407231242874,3.59804998046637
Train,3.67226467345,3.75267604704807
Train,3.82272654759459,3.85187204789876
Train,3.96587434985148,4.04333278644036
Train,4.10248942550304,4.1068985047121
Train,4.23288425011461,4.27069115097757
Train,4.35735511051347,4.38430637134485
Train,4.47652448724171,4.49483001795742
Train,4.59050556296247,4.61074997779072
Train,4.69983909093505,4.70717443548476
Train,4.80470308896046,4.80250062965797
Train,4.90526970660568,4.92609013154128
Train,5.0019830391867,5.0654915742864
Train,2.8140817237395,2.75124669765176
Train,2.97068681228013,2.85319850838036
Train,3.1209826968802,2.96341601082148
Train,3.26579719494306,3.10804511712145
Train,3.40520539118592,3.15166489792496
Train,3.53950448495652,3.16458919921981
Train,3.66876686011091,3.55775384025336
Train,3.7936627984433,3.63666931721251
Train,3.91421987871646,3.74888372966123
Train,4.03066033720511,3.76151538374457
Train,4.1430144555583,4.02357823369899
Train,4.25183571848964,4.00085251437742
Train,4.35712206066402,4.23138404745325
Train,4.45904297040337,4.29024373009922
Train,4.55760180901993,4.33118647706843
Train,4.65326326365141,4.37572450570871
Train,4.74600677289787,4.49412898981661
Train,4.83596383955697,4.33259584467739
Train,4.92312057439473,4.64076240866755
Train,5.00787267668211,4.78254117370199
Train,2.75198417435638,2.81721644430362
Train,2.93176011806198,2.84861715731752
Train,3.10151818265004,2.94116272738202
Train,3.26186363350618,3.12252536613931
Train,3.4139548263443,3.35635489929211
Train,3.55822434517798,3.3403987314109
Train,3.69526043797068,3.37935648045704
Train,3.82559380780036,3.87823308068709
Train,3.94954207967051,3.92650565435345
Train,4.06787280033881,3.83513411431229
Train,4.18081116729331,4.25073228340945
Train,4.28871756503328,4.30906408719682
Train,4.39178563246932,4.42253439422669
Train,4.4905926500313,4.52344719844678
Train,4.58527299341893,4.62007333223565
Train,4.6760799001637,4.732683774904
Train,4.76324630290442,4.80291048454535
Train,4.84687677479604,4.85128188381055
Train,4.92739369372744,4.8752028079774
Train,5.00486566914305,4.92626438313995
Train,3.8417176507736,3.69203483306783
Train,3.91584784032434,3.92706122038162
Train,3.98835474569483,4.09153470809232
Train,4.05893737521305,3.97862490161542
Train,4.12784305434423,3.82296916277065
Train,4.19513084467693,3.73345126329705
Train,4.2610215263498,3.82017290486358
Train,4.32523616459041,3.7869563241033
Train,4.38799439595774,3.85263496835751
Train,4.44934521247906,4.058435559825
Train,4.50948561884176,3.92589118497222
Train,4.56815673274474,4.44766692383968
Train,4.62555494466262,4.08316848214183
Train,4.68172123451424,4.38962871870228
Train,4.73683253413611,4.50157225170521
Train,4.79064817149392,4.53982142132147
Train,4.84334483339475,4.61567570462842
Train,4.89495706061632,4.75224087353911
Train,4.94564468222251,4.69446212796649
Train,4.99518356304237,4.5342342835871
Train,3.98253890065541,3.97599612854861
Train,4.08761369672928,4.06368567325879
Train,4.18854649511616,4.20391740868123
Train,4.28521546873796,4.22311500685936
Train,4.37823206549898,4.38124243998916
Train,4.46746501188722,4.46308543357147
Train,4.55346149080236,4.54170172854957
Train,4.63608455940227,4.60059413585411
Train,4.7156775834943,4.72615291782887
Train,4.79254802685745,4.79229779442644
Train,4.866555381053,4.81875325608568
Train,4.93812420924155,4.81002900950473
Train,5.00711390613794,5.06033139938267
Train,5.07378616767312,4.78748642209763
Train,5.13837683026624,5.08527973638871
Train,5.20074737278202,5.10925181084287
Train,5.26123676121662,5.15948842542324
Train,5.31970887196367,5.1289222794694
Train,5.37647556806557,5.20450257140532
Train,5.43140365366362,5.16439037117719
Train,2.57541751153218,2.70517620751539
Train,2.66773351037141,2.75532241347572
Train,2.75724372216523,2.83010036145288
Train,2.84457538205123,3.07227410660553
Train,2.92956155818734,3.11956717198696
Train,3.0120574683691,3.14128346909098
Train,3.09263369745496,3.14713741350157
Train,3.17112960087315,3.25774364938213
Train,3.24740453320948,3.39297560443129
Train,3.32197990350572,3.45844297277142
Train,3.39470159682592,3.40491176676747
Train,3.46563787842457,3.55735047255583
Train,3.53465434688069,3.60082479940033
Train,3.60221630237717,3.67493531043865
Train,3.66817838554342,3.34714807960168
Train,3.73241114170206,3.69160931138228
Train,3.79534363890809,3.69789555987082
Train,3.85683695974665,3.61553907223244
Train,3.91676666194235,3.7596762585033
Train,3.9755297286727,3.76989134610132
Train,3.80579671084509,3.80720767511255
Train,3.88761316313648,3.87695139074836
Train,3.96672438214273,3.95586020103924
Train,4.04359978103431,4.05553662867852
Train,4.11816832579792,4.15011693922122
Train,4.19037317230911,4.1955582675373
Train,4.26063355140795,4.27894286630849
Train,4.32872618057114,4.31600517668659
Train,4.39504124743278,4.32712810299707
Train,4.45950510390379,4.38194915471685
Train,4.52205618977385,4.41837266569321
Train,4.58304654219205,4.53493114952138
Train,4.64240270334928,4.56217634635972
Train,4.70006219848319,4.62841740794332
Train,4.75634433085773,4.70605563611947
Train,4.81105583117705,4.76836991628714
Train,4.86449670167471,4.83764277242425
Train,4.9165954840518,4.89855077445577
Train,4.96729010380623,4.93700190778777
Train,5.01685478030241,5.0099930501275
Train,3.98188350097481,3.86554964895647
Train,4.08680313198991,4.08177697726986
Train,4.18743392569821,4.20342085165187
Train,4.28403358940905,4.2913226186476
Train,4.37683958905783,4.39935998685438
Train,4.46621432301762,4.45501202422319
Train,4.55206859007462,4.49469693172162
Train,4.6347388523018,4.56676570788023
Train,4.71439900882862,4.61783159479176
Train,4.79121052153352,4.74768097041791
Train,4.86532350740154,4.85628778465886
Train,4.93687771773986,4.89754251346896
Train,5.00600341769128,4.98713558346359
Train,5.07282217769136,5.05952017376563
Train,5.13744758698589,5.14273446447671
Train,5.20008659660723,5.07289371989842
Train,5.26063413302367,5.25498302205366
Train,5.31928749055971,5.32134358091948
Train,5.3761341869516,5.2937115465016
Train,5.43125643020805,5.41964225623136
Train,3.80668383142648,3.64173928079453
Train,3.88882324463649,3.73044665724256
Train,3.96818513953141,3.89749533455876
Train,4.0452662335182,4.0193627214328
Train,4.11998889692586,4.05019481105678
Train,4.19229098888572,4.13209903560025
Train,4.26261526232672,4.21238389033568
Train,4.33088218963967,4.2829778668722
Train,4.39702627130198,4.33973284238518
Train,4.46144474884924,4.40799160886576
Train,4.52405781885642,4.48515501046074
Train,4.58494033062171,4.52456801271465
Train,4.64402494988882,4.59795530930808
Train,4.7016585324601,4.58797231066195
Train,4.75776254791856,4.70034679366051
Train,4.81226961763522,4.75266944180337
Train,4.86549494651916,4.77324326951359
Train,4.91736174083572,4.8566151960521
Train,4.96780333482289,4.86237126574483
Train,5.01710749632245,4.9416121603963
Train,3.8065923949056,3.9478806099886
Train,3.8886064197217,3.9520438361075
Train,3.96786976195571,4.06021189061746
Train,4.0448689179732,4.05907152807135
Train,4.11935854780802,4.16929326141842
Train,4.19178912752817,4.27036483652827
Train,4.26192366820588,4.26213579843509
Train,4.33018053607644,4.40745725162819
Train,4.39633105603756,4.45086970613384
Train,4.46076484849178,4.4759276576253
Train,4.52326142725459,4.55572474923692
Train,4.58418457612679,4.63626248338281
Train,4.64332181158807,4.67859157176674
Train,4.70101360927798,4.74130210882033
Train,4.75705526032968,4.8326546959773
Train,4.81176613996812,4.79633770157375
Train,4.86494905877313,4.82216527110337
Train,4.91690422774519,4.92585524599093
Train,4.96744170531372,4.96082001063625
Train,5.01684424331222,4.97148104966689
Train,3.80598169005923,3.87087159660154
Train,3.88779166806166,3.91557126038589
Train,3.96724349491768,3.9860898407827
Train,4.04408185478775,4.02621158485279
Train,4.11860531520063,4.11609815756821
Train,4.19091693476019,4.19628322789277
Train,4.26127611010044,4.26541126429911
Train,4.32944489962584,4.33083770557401
Train,4.3956767528864,4.4212003312378
Train,4.4600530671393,4.47887761933088
Train,4.52279565009858,4.5034051955699
Train,4.58368347116849,4.57495397381371
Train,4.64293431625981,4.63080756331343
Train,4.70061332515475,4.70978052831012
Train,4.75691234861754,4.773407707966
Train,4.8116263403641,4.80018165581138
Train,4.86494444162969,4.86143964998302
Train,4.91691939854648,4.92172597252287
Train,4.96771882120041,4.95831191730133
Train,5.01715252220658,4.97542350705872
Train,3.80611745251136,3.76145691476941
Train,3.88797624132592,3.74048844669188
Train,3.96729311878952,3.85726644151384
Train,4.04401258563774,3.86397410120886
Train,4.11859352704821,3.96673693533636
Train,4.19096154830705,4.07911033775326
Train,4.26121370022128,4.17040528556823
Train,4.32944144029445,4.13595327645317
Train,4.39558250687602,4.22287595382571
Train,4.46001950625772,4.38185419324878
Train,4.52267654508243,4.4835744333894
Train,4.58362637107861,4.5105241402914
Train,4.64280482988252,4.53805633067956
Train,4.70054659279845,4.68656209784424
Train,4.75677680023322,4.62050160665056
Train,4.81155403926451,4.71279991760848
Train,4.86493390785072,4.83006494466244
Train,4.91685242712222,4.76907628854528
Train,4.96759620615572,4.80479170050553
Train,5.01709318144252,4.83865973703247
Train,2.13110503377716,2.49359348015568
Train,2.35756594039655,2.45870076406864
Train,2.57210037883986,2.61111811259953
Train,2.77517082443318,2.74794210286785
Train,2.96810411893084,2.95957938060184
Train,3.1512295209872,2.944338869002
Train,3.32566733230252,3.18623122141045
Train,3.49164818564297,3.4479252189883
Train,3.65012812832061,3.50619085851407
Train,3.80126413950996,3.61299508968212
Train,3.94587996244982,3.7850627071708
Train,4.08407718700531,4.00250453872585
Train,4.21657174553676,4.05760804500666
Train,4.34342335170367,4.09775407382072
Train,4.46525915279511,4.37069704769473
Train,4.5821070869374,4.33547919459652
Train,4.69452047452633,4.68102901071433
Train,4.80250309683787,4.71671798716032
Train,4.90654633848788,4.86290283143552
Train,5.00663561660344,4.87172599848985
Train,2.12542718901151,2.0583777693893
Train,2.35680946642296,2.23708242284432
Train,2.57479096064832,2.47158735436824
Train,2.78093242996199,2.65158386151741
Train,2.97596930016715,2.88653618930737
Train,3.16058243735891,3.05119541211658
Train,3.33595177927774,3.25335517839001
Train,3.50240607310473,3.43019387488256
Train,3.66093959731246,3.5771473648823
Train,3.81194632167764,3.72916330651644
Train,3.95579907932705,3.86054259807206
Train,4.09328230255759,4.0521062256957
Train,4.22467195265162,4.13945888354224
Train,4.35023256725699,4.33193241993497
Train,4.4705959788426,4.4230773912289
Train,4.58583598150907,4.56411772013241
Train,4.6965051107009,4.67693095372434
Train,4.8027582378426,4.75723345247855
Train,4.90474721886879,4.86520902557451
Train,5.00292996845484,4.93949362668818
Train,3.09471856431002,3.4197806757114
Train,3.23500323401663,3.46555315334685
Train,3.36948600584679,3.50270217995996
Train,3.49814142093172,3.71247833431962
Train,3.62152099346461,3.89138317803134
Train,3.74011669859572,3.89696714598668
Train,3.85386675800813,4.0381998486886
Train,3.96338341441379,4.1009009114405
Train,4.06858886865565,4.15716763309991
Train,4.16988148579777,4.20913728965449
Train,4.26761921468376,4.35003950680642
Train,4.36170860181815,4.41458534379927
Train,4.4524835826098,4.55552300198336
Train,4.54024536245122,4.61031059750761
Train,4.62489176091581,4.67328645720449
Train,4.70682671634155,4.7845677490867
Train,4.78594487316106,4.80445424308052
Train,4.86250170191183,4.92400828023233
Train,4.93672894857503,4.9854903108053
Train,5.00851923481957,5.03255746708795
Train,3.12102400733333,3.09970897617604
Train,3.2516600495853,3.18760475314192
Train,3.37764850734976,3.32285254977147
Train,3.49961886205335,3.40979896430889
Train,3.61738623568338,3.52899680683244
Train,3.73152542089861,3.63622368385265
Train,3.84185090945959,3.75063855841294
Train,3.948889628503,3.87215962715867
Train,4.05245698182108,3.97298063988313
Train,4.1530377787631,4.07880499266798
Train,4.25044947762383,4.18939301899573
Train,4.34513964281639,4.2816415257799
Train,4.43692862425731,4.3692170142383
Train,4.52623089738912,4.47220278948629
Train,4.61287030698899,4.52682740672894
Train,4.69723180404271,4.60554886695181
Train,4.77914315195154,4.66351638824062
Train,4.85896285064671,4.72980516228258
Train,4.93652286807139,4.80728787620934
Train,5.01215791623429,4.85642743879478
Train,2.12802222313387,2.7780898914782
Train,2.36490506830686,3.03282683726917
Train,2.58741701361465,3.14503760943375
Train,2.79682731094542,3.46079511154247
Train,2.99426001799898,3.56947080482633
Train,3.18050290524228,3.61612136336242
Train,3.35688074995192,3.62406780103876
Train,3.5239672003733,3.70149721397258
Train,3.68247760551795,3.90695762541564
Train,3.83305571837262,4.07833599443906
Train,3.97628243440013,4.25894987391157
Train,4.11268328066721,4.35917199355149
Train,4.2427348591471,4.50017602996435
Train,4.36687041070761,4.64084970563336
Train,4.48548463667067,4.62451990073094
Train,4.59880853452407,4.77448026586721
Train,4.70743593043426,4.79979588231129
Train,4.81153385241181,4.85906544429308
Train,4.91137981519434,4.93292596508862
Train,5.00722911664882,4.96465375623826
Train,1.81038368656383,2.00697297197127
Train,2.02548317459678,2.21376054514085
Train,2.22448315080535,2.34921096147616
Train,2.40912590843956,2.32942845175073
Train,2.58091109202867,2.67900843395036
Train,2.74113651813628,2.58067824410506
Train,2.89093102363444,2.75764571013931
Train,3.03128110080254,2.70493619654669
Train,3.16305264842496,2.95492131035108
Train,3.28700885272938,2.98032119917917
Train,3.4036290244048,3.3443273547292
Train,3.51391553922327,3.36206874922157
Train,3.61819508414626,3.33495665055257
Train,3.71694542006264,3.53739103667149
Train,3.81059495178111,3.74079193018249
Train,3.8995289411069,3.54684284727681
Train,3.98409480442473,3.79195828345579
Train,4.06460664839623,3.93400039141527
Train,4.14134916861401,4.11040345706473
Train,4.21458101321029,4.36354518835118
Train,3.63871956291818,3.77035025784758
Train,3.68443844465506,3.81182252803602
Train,3.72943380900986,3.81440968921721
Train,3.77372269602578,3.87043374655621
Train,3.81732161481877,3.89898661530724
Train,3.86024656409576,3.94231298216194
Train,3.90251305172862,3.98231008458969
Train,3.94413611343421,4.00290817504671
Train,3.98513033060777,4.01869017957618
Train,4.02550984735411,4.07560074828786
Train,4.06512318277353,4.08125969708343
Train,4.10431649407969,4.21583765070722
Train,4.14293501937491,4.18974981024791
Train,4.18099131082732,4.21055809603945
Train,4.21849755776087,4.32171059581955
Train,4.25546559967218,4.3023835121612
Train,4.29190693869096,4.30276059862138
Train,4.3278327515116,4.36211310941153
Train,4.36325390082198,4.39014506071349
Train,4.39818094625394,4.49710204780676
Train,2.12394485879005,2.06765317897537
Train,2.36253145342356,2.2491763400096
Train,2.58639664325875,2.45981305738911
Train,2.79686217341245,2.57491048311788
Train,2.99509615828359,2.70938249931666
Train,3.18213477249621,2.88248929296364
Train,3.35890036774416,3.08037327072288
Train,3.52621668424383,3.2720056241117
Train,3.68482168623649,3.45889150045084
Train,3.83537844351841,3.6287333600453
Train,3.97865648210298,3.76275332130663
Train,4.11484315904178,3.82402344876634
Train,4.24460817712452,3.9728192683621
Train,4.36839527853357,4.14217431364991
Train,4.4866082419962,4.30297601141061
Train,4.59961528261212,4.40689855602599
Train,4.70775288291926,4.53401476647194
Train,4.81132913916585,4.62924109628193
Train,4.9106266928821,4.71041597938464
Train,5.00590530649725,4.81857448526475
Train,2.12454614480475,2.38417401744628
Train,2.36124242760022,2.56677786672181
Train,2.583596571022,2.55121692725936
Train,2.79287379339299,2.79453200254569
Train,2.99019474602229,2.89017919520267
Train,3.17634440962545,3.23119498509913
Train,3.35264488666534,3.47043689778557
Train,3.51966784244275,3.51763921104674
Train,3.67812682368655,3.57386834686489
Train,3.82866403305453,3.77909502990145
Train,3.97185902836873,3.87024287903535
Train,4.10823617927866,3.96930147394464
Train,4.23827108360367,4.08718986941613
Train,4.36239610883781,4.15254241089303
Train,4.4810051948849,4.29873181430896
Train,4.5943286719227,4.49430969523373
Train,4.70295978316444,4.51179459336852
Train,4.80706504866697,4.69068424241347
Train,4.90692153400672,4.79804855721679
Train,5.00278414163215,4.88160703825105
Train,3.61781769545303,3.51630595297716
Train,3.71311090183243,3.65285981814344
Train,3.8052118033507,3.72107582045754
Train,3.89461685899784,3.85532957573728
Train,3.98127783886077,3.90397276143166
Train,4.06515968127861,4.01176623010165
Train,4.14670308777205,4.10706093225715
Train,4.22570352652498,4.13298215600361
Train,4.30256964684118,4.27393813164282
Train,4.37724455012331,4.34429390911795
Train,4.44968274008806,4.43634996179851
Train,4.52025102506863,4.49917945962568
Train,4.58889006716147,4.54366494689114
Train,4.65555096029226,4.62695419106182
Train,4.72056486130055,4.6194455396495
Train,4.78375096267509,4.7226667281524
Train,4.84541951261419,4.78027090766999
Train,4.90550990522963,4.83671746215059
Train,4.96397052250287,4.84591631793366
Train,5.02108382208846,4.85750328776901
Train,3.80529054130264,3.67391668330324
Train,3.88679681874998,3.81904345853029
Train,3.96582059737692,3.8742875180885
Train,4.04247359291613,3.93946126021868
Train,4.11702058066718,3.99481072662343
Train,4.18923660522049,4.08657121055325
Train,4.2593794489494,4.25151766794174
Train,4.32753712397606,4.28877070025508
Train,4.39379273013306,4.2953747280171
Train,4.45822479296398,4.37736223257926
Train,4.52104228020264,4.38748851857667
Train,4.58204247929134,4.54103133164761
Train,4.64143038938043,4.55797116664992
Train,4.69926909806741,4.61235329618723
Train,4.75561844390338,4.66715744290735
Train,4.81053522289395,4.74808953089721
Train,4.86418855309537,4.81598547645232
Train,4.91639651904905,4.83068610462897
Train,4.96732599419534,4.87831424399083
Train,5.01702337281038,4.86976622443775
Train,3.80736096473406,3.88730050388562
Train,3.88858403413005,4.00306755078552
Train,3.96735867808067,4.06697240357247
Train,4.04379396240969,4.12317053590237
Train,4.11799256989397,4.22804815383424
Train,4.18989753363257,4.24169660812677
Train,4.25991190495825,4.27944652560976
Train,4.32796357812471,4.4313095022895
Train,4.39413394220815,4.44697421069977
Train,4.45849994758805,4.49161106799069
Train,4.5211344044673,4.56973312090446
Train,4.58210625762007,4.63323281703115
Train,4.64148083954705,4.64799883804485
Train,4.69932010399234,4.77508681612882
Train,4.75568284157655,4.79875185975912
Train,4.81050745255944,4.81942906551186
Train,4.86408474244579,4.87653533842267
Train,4.91634471224362,4.91133844423655
Train,4.96733535591866,4.90869885440637
Train,5.01710236398957,4.92846508633863
Train,2.61222951173734,2.65624337374703
Train,2.80811446214001,2.80891697959397
Train,2.99245153987645,2.80644212060244
Train,3.16576291100847,2.8301908203779
Train,3.3294516305902,2.95098963210136
Train,3.48387819132424,3.11404185942548
Train,3.63020333715609,3.3044453439713
Train,3.76867178625001,3.45091904528197
Train,3.90025659835759,3.5860290389812
Train,4.02511866849551,3.67370911780366
Train,4.14408337770664,3.74645239777801
Train,4.25725040133072,3.76406974022711
Train,4.36532726481494,3.82446253067803
Train,4.46836864157228,3.9828057291967
Train,4.56698679313312,4.06146622878534
Train,4.66120317185336,4.11666200998547
Train,4.75155213950906,4.28744245434072
Train,4.83803057829081,4.47541711484694
Train,4.92110847417142,4.56935526166038
Train,5.0007645517408,4.65669399843869
Train,2.41282712050804,2.55327141247975
Train,2.63109429546865,2.70239649311473
Train,2.83499448716023,2.78908410145579
Train,3.02637901735132,2.90513588604905
Train,3.20614058019622,3.06787930340339
Train,3.37530678295193,3.31476165328817
Train,3.53458766572841,3.46128219235619
Train,3.68520263962307,3.54015467923153
Train,3.82766101707114,3.66902429708605
Train,3.96260791403029,3.78594161545909
Train,4.09046122106435,3.92525620381352
Train,4.21207163177726,4.03861895335856
Train,4.32773961627218,4.1442940130683
Train,4.43789034675677,4.22339057379339
Train,4.54277702375156,4.36904459421403
Train,4.64302076594095,4.48968995701229
Train,4.73880211646381,4.60075319479149
Train,4.83041255545816,4.73521264841818
Train,4.91800795756756,4.79944945234041
Train,5.00205880059445,4.79678435889264
Train,3.80573082075371,3.44226764408968
Train,3.88773727770744,3.60323142325386
Train,3.96701709542473,3.73856914628614
Train,4.04402828289242,3.81241593988551
Train,4.11855134446702,3.93817923138304
Train,4.19101016451579,4.00129351480499
Train,4.26119208402135,4.08079639161318
Train,4.32949058491133,4.20882092460965
Train,4.39569993085284,4.2293306437629
Train,4.46018640179187,4.37345100293608
Train,4.52275117028072,4.44722845832326
Train,4.58373608070372,4.50922923574616
Train,4.64294912850176,4.56658056102331
Train,4.70071012561216,4.63424915064835
Train,4.75683375293796,4.68259564305784
Train,4.81161988722901,4.76652890366141
Train,4.86488972160738,4.82629783029331
Train,4.91692503600415,4.89259638189481
Train,4.96755333844134,4.95223209145602
Train,5.01703993013606,4.99048818854578
Train,3.80679963017006,3.99253166473246
Train,3.88853619945631,3.99111812965177
Train,3.96790495497618,4.02931892444006
Train,4.0446788190934,4.19558443435591
Train,4.11914158398224,4.13261808225033
Train,4.1913960576722,4.16210623361859
Train,4.26168896550085,4.17989169501783
Train,4.32980739164389,4.4309403977232
Train,4.39599177344604,4.47169023968957
Train,4.46032332614735,4.4434800584017
Train,4.52301259847589,4.50714340589941
Train,4.58386088680499,4.62704066383639
Train,4.64307442647552,4.62132263663501
Train,4.70071822294743,4.61664348179852
Train,4.75697405317594,4.63693940114851
Train,4.81165690988026,4.70208149685877
Train,4.86494560966168,4.74284428880087
Train,4.91689279812694,4.79127858583756
Train,4.96765701656937,4.85141289560251
Train,5.01706616086291,4.89146990284757
Train,2.1264630479748,1.76362692056313
Train,2.37653488173815,2.07418143440639
Train,2.60914260244254,2.24370919727191
Train,2.8260539302984,2.49122333118247
Train,3.0288058003377,2.75425065716962
Train,3.21851318760073,3.0778477993683
Train,3.39682319959956,3.37978803125697
Train,3.56453123581615,3.56204286667833
Train,3.72255555733417,3.75394961550929
Train,3.87171135732841,3.89336044297584
Train,4.01272482711095,3.89993737558825
Train,4.1462449798098,4.09899085560513
Train,4.27285363793612,4.07127848961031
Train,4.39307390910113,4.38989089579319
Train,4.50737741030857,4.44265381109574
Train,4.61605901206237,4.52790305867352
Train,4.7197740013585,4.62667305908958
Train,4.81873533550023,4.7916141860133
Train,4.91326250996789,4.8535088654308
Train,5.00364701636392,4.92536509362571
Train,2.12529399055227,2.41396673282858
Train,2.3610535701869,2.45149725284512
Train,2.58268886024907,2.59179120489196
Train,2.79143221890031,2.81639383114206
Train,2.98837669011927,3.02952972187932
Train,3.17428418293765,3.36519437158726
Train,3.35045654353513,3.44655503915726
Train,3.51744905314268,3.44011639014855
Train,3.6759609975407,3.47181981137263
Train,3.82662239611984,3.59716763618429
Train,3.97000237094471,3.81294171158925
Train,4.10661633102428,4.02896062809647
Train,4.23693216296233,4.11753549204594
Train,4.36137558470172,4.29928450477754
Train,4.48033479145105,4.33205937863741
Train,4.5940346890195,4.4881561217704
Train,4.70306509449464,4.53435707839161
Train,4.80758836390749,4.63509826778445
Train,4.90787831398354,4.8092322351016
Train,5.00418702186823,4.87915261971894
Train,2.89537513363056,2.77018292603739
Train,3.0536379441106,2.98239544357686
Train,3.20420484140988,3.05520367900894
Train,3.34802429362926,3.24953565892187
Train,3.48515656987851,3.26645439801025
Train,3.61642334737393,3.59671061663857
Train,3.74184210854682,3.64517253180719
Train,3.86213073069763,3.75417295581354
Train,3.97727516498583,3.86046615498336
Train,4.08790741579409,4.08292488361939
Train,4.19399024030099,4.02446645438583
Train,4.2960839175057,4.27588830005775
Train,4.39413423522894,4.29720134991608
Train,4.48864103584654,4.41046735089326
Train,4.57953781612972,4.41734584864063
Train,4.66727308145552,4.51270033849597
Train,4.75177157289784,4.66992828863216
Train,4.83343786296961,4.71953790361256
Train,4.91219062008994,4.79950317594542
Train,4.98839656101453,4.85661033141566
Train,2.12906418543011,2.45490041995789
Train,2.35308141300262,2.522509315886
Train,2.56542882672524,2.73796339847054
Train,2.76699515810088,2.95070503397789
Train,2.95858112928632,3.13430866834257
Train,3.14110098486479,3.34788196334297
Train,3.31481911535804,3.5139986553537
Train,3.48053063417806,3.68336939567363
Train,3.63877660574406,3.8549889420911
Train,3.79005041695326,3.93367248064171
Train,3.93480291554596,4.02846862826106
Train,4.07344689795771,4.14484256767282
Train,4.20636104075348,4.19402332042137
Train,4.33389335449844,4.4093103902253
Train,4.456364226402,4.44073544026277
Train,4.57419294059069,4.54982008432313
Train,4.68740004454056,4.73720468525206
Train,4.79636676456226,4.70645474996571
Train,4.90132696795993,4.85799314641648
Train,5.00249763470914,4.89856412730831
Train,2.11327924112793,2.44211824996207
Train,2.35658173031271,2.66473544288095
Train,2.58402546934839,2.86513054272115
Train,2.79756895725251,3.0421807456929
Train,2.99823329121516,3.20599386717535
Train,3.18714950788917,3.41812713863545
Train,3.36512869458639,3.54606124217365
Train,3.53345533466973,3.69808422813401
Train,3.6927224139305,3.82300629200245
Train,3.84364216199312,4.02439249621449
Train,3.98669984920483,4.1372358152572
Train,4.12278726264177,4.29918511596498
Train,4.25226189343012,4.37386303212107
Train,4.37559430295279,4.52243041517874
Train,4.49308448494283,4.61668051272958
Train,4.60538031108931,4.73354223996906
Train,4.71270265088896,4.8114301014832
Train,4.81537475333231,4.89721826928861
Train,4.91358611179845,4.95652337890731
Train,5.00782502962246,5.0311519952934
Train,2.11931570564177,2.44725795666752
Train,2.3406265962765,2.44022918336596
Train,2.55116795758867,2.57948226132815
Train,2.75129450116235,2.8748628589939
Train,2.94195662315319,2.89692926097698
Train,3.12399779507719,3.24561830575934
Train,3.29763110619184,3.26752844393325
Train,3.46376840277535,3.54955427907273
Train,3.62255649902256,3.64719625442237
Train,3.77462943147285,3.86287617792716
Train,3.92055509928084,3.90253416012588
Train,4.0604092681375,4.09267530059836
Train,4.19470191116971,4.22997994792402
Train,4.32389192490515,4.36020055421998
Train,4.44800740475618,4.44979403331798
Train,4.56758893748675,4.59687356821329
Train,4.68264181646858,4.70264861290034
Train,4.79353331726023,4.78052445530254
Train,4.90059612973595,4.89428105845135
Train,5.00381083553416,4.9823390566952
Train,2.12839386717379,2.42505699090919
Train,2.365771339067,2.68556021811438
Train,2.58861642001629,2.85442549752596
Train,2.79822399569451,3.01488202883323
Train,2.99595677854541,3.20921255878031
Train,3.18238533043354,3.38322154528753
Train,3.35864594203122,3.60171658461718
Train,3.52554838030815,3.59290656436767
Train,3.68381865018817,3.77153174599292
Train,3.83410955193628,3.83522238994819
Train,3.97716753219631,3.92188391396783
Train,4.11320149800927,4.06409567420337
Train,4.24285952041615,4.12085651515768
Train,4.36657959778536,4.27469027910329
Train,4.48476050856266,4.34565052408323
Train,4.59776610501519,4.55469068601805
Train,4.70604892226684,4.64239074726176
Train,4.80966900378909,4.80916470282781
Train,4.90903120470013,4.84914976398354
Train,5.00439268407793,4.93114499475231
Train,3.72531940591216,3.80590459219359
Train,3.81355006248276,3.90736618050591
Train,3.89910370578193,4.04259843555354
Train,3.98176646028418,4.05158521960293
Train,4.06200497426463,4.14434242202024
Train,4.1396107291213,4.23853476941091
Train,4.21501447792363,4.24681363554896
Train,4.28801348777979,4.35506230399824
Train,4.35900664635875,4.36982084122631
Train,4.42779725741733,4.43987342488124
Train,4.49475579342107,4.60984573072759
Train,4.55969171397872,4.59283296433444
Train,4.62295004665311,4.68085323546912
Train,4.68434642897675,4.69743171958263
Train,4.74420301403268,4.83035773118427
Train,4.80234156827577,4.82998239220591
Train,4.85906360552771,4.92834566534206
Train,4.91419692076629,4.90598622524388
Train,4.96802434118798,4.92675703102732
Train,5.0203795533777,5.03201379912131
Train,2.12342114714285,2.27487221685814
Train,2.34787688663283,2.44850952037571
Train,2.56067714470089,2.60938772583606
Train,2.76270681057394,2.83870793226347
Train,2.95454483116554,2.99526084675523
Train,3.13735944970684,3.20297924075464
Train,3.31157383725271,3.37243329973312
Train,3.47778092391275,3.53141382762944
Train,3.63652035933355,3.65755463925837
Train,3.78828436590831,3.86086100377976
Train,3.93335700316597,3.98187455872482
Train,4.07248886439546,4.11257062506307
Train,4.20588483348326,4.25198174962428
Train,4.33389245095729,4.38662028423397
Train,4.4568317363142,4.52217036243805
Train,4.5749978593045,4.64582272062155
Train,4.68853339679662,4.7368921355575
Train,4.7979556877325,4.80558794777581
Train,4.90336333270543,4.9078898217848
Train,5.00497329444606,4.9939630921916
Train,2.1208704296624,2.18188270992892
Train,2.34465519429434,2.25489723072353
Train,2.55717767725885,2.47026050683299
Train,2.75878680337357,2.71499370408872
Train,2.95075851920009,2.98130632103254
Train,3.13333216068679,3.2214418719355
Train,3.30759612221184,3.28953530561908
Train,3.47370835082017,3.51829847414679
Train,3.63260634091391,3.72288000730725
Train,3.78438719218116,3.87574227521989
Train,3.92986554903779,4.05623600904523
Train,4.06909280128947,4.23081826349614
Train,4.20278250003747,4.35688256964344
Train,4.3309515951509,4.50966756323377
Train,4.45422962792305,4.64603393539674
Train,4.57260757488032,4.73778641132221
Train,4.68664453331732,4.73261753471411
Train,4.79631191747419,4.86404345226941
Train,4.90210926517572,4.85566332283953
Train,5.00399331640657,5.00306036237693
Train,2.12924931223767,2.26082196203404
Train,2.35912135883691,2.45686209812371
Train,2.57606560891658,2.80426847203501
Train,2.78134971765133,2.92382726606885
Train,2.97549677801343,3.09629041387722
Train,3.15957488024274,3.28231264580624
Train,3.33434752821244,3.4463121679759
Train,3.5005029360257,3.56475608624193
Train,3.65882320039333,3.79168559019939
Train,3.80954418524963,3.96393707527858
Train,3.95334573313776,4.0765653818216
Train,4.09069364756216,4.20021711885328
Train,4.22214607077486,4.40311371913074
Train,4.34781929167818,4.46984907829786
Train,4.46820830188515,4.60033917467004
Train,4.58363951855301,4.70034487826317
Train,4.69441301658393,4.83259284860342
Train,4.80091331381728,4.93065156500818
Train,4.9031747958769,4.99621176963674
Train,5.0015455379266,5.05550906700054
Train,2.12268676356649,2.42427983661222
Train,2.35437024298205,2.52371446480332
Train,2.57261457400547,2.77345653540885
Train,2.77900928900267,2.97293877979432
Train,2.97427889183946,3.10159726202184
Train,3.15929927688799,3.19972052046662
Train,3.33466344003837,3.43605474027296
Train,3.50147538002271,3.67995458338391
Train,3.66017057548459,3.78839792823408
Train,3.81132737330689,3.93200362593477
Train,3.95531135041539,4.0963651664117
Train,4.09292492768439,4.1909391396162
Train,4.22443618249143,4.32153983965537
Train,4.35024221157688,4.48267449871746
Train,4.47057315835938,4.56662350330188
Train,4.58603412447468,4.76635806748102
Train,4.69679208283185,4.7654315708371
Train,4.80312864558078,4.71684051907305
Train,4.90519018636411,4.826555170803
Train,5.00344703892792,4.88134184046036
Train,2.12265009782257,2.22378575537468
Train,2.35572979025563,2.28665107039445
Train,2.5750598392882,2.40159705182902
Train,2.78228252437193,2.64835133867486
Train,2.97815509591462,2.82738996588038
Train,3.16337869508461,3.01545223443607
Train,3.33919032227398,3.23381006102844
Train,3.50610313654632,3.47364535108973
Train,3.66459901773056,3.64746002301595
Train,3.81563599656026,3.74672530007519
Train,3.95956741881483,3.85035682461879
Train,4.09688318371382,4.06230230454991
Train,4.22788248146663,4.16445016775332
Train,4.3532717463446,4.28210040724224
Train,4.4732692247139,4.39578154436729
Train,4.5880866177951,4.57408223329237
Train,4.69829906504583,4.67338936146048
Train,4.80405938971801,4.76399513185825
Train,4.90551810405756,4.89683154578535
Train,5.0031513190045,4.97442423941969
Train,2.12003463554383,2.30526220137395
Train,2.35714783650814,2.53840145687596
Train,2.57988878253158,2.70630447145315
Train,2.78952576432176,2.95622235693185
Train,2.98718210835904,3.1589031760308
Train,3.17385631307468,3.26613137957035
Train,3.35043891934648,3.33190825731537
Train,3.51772671694906,3.82714665984219
Train,3.67643476517014,3.93645362051198
Train,3.82720661015239,3.96028026988129
Train,3.97076419218273,4.12423865080632
Train,4.10734393666354,4.33219405058491
Train,4.23757068763201,4.34792826339118
Train,4.36187763354051,4.40120645500696
Train,4.48065945461069,4.55350112412327
Train,4.59427650878617,4.66863357501021
Train,4.70305848327393,4.76863002482766
Train,4.80730758961421,4.83980357660687
Train,4.9073013674932,4.95901800281337
Train,5.00329515207782,5.03088499376151
Train,3.80508631483291,3.76346437764961
Train,3.88654810933985,3.90229090111624
Train,3.96554137244398,3.83099497693475
Train,4.04217663505703,3.94071072323152
Train,4.11655792629238,4.12129676647143
Train,4.18878324460844,4.07117569276684
Train,4.25894498856847,4.14242605441181
Train,4.32713035119821,4.27974101473682
Train,4.39342168148047,4.28236597048982
Train,4.45789681613797,4.44259937585052
Train,4.52062938451491,4.51527367898143
Train,4.58168908906809,4.51968037312754
Train,4.64114196371404,4.63199662734075
Train,4.69905061204529,4.61387138249666
Train,4.75547442722233,4.70605855726637
Train,4.81046979516499,4.75159020889321
Train,4.86409028250449,4.82322236653178
Train,4.91638681061312,4.87677841342683
Train,4.96740781690015,4.92696979476066
Train,5.01719940444774,4.9006664520674
Train,3.18919590616482,3.17364421886838
Train,3.35110363820856,3.27849787487471
Train,3.50017321443827,3.41486518329708
Train,3.63809633302091,3.46141808384024
Train,3.76566391271009,3.69866442273377
Train,3.88419202512317,3.51224564503059
Train,3.99460860156457,3.88841374950897
Train,4.09771876847839,3.88856694085866
Train,4.19438176813094,4.07260870998966
Train,4.28488832998997,4.04649608250179
Train,4.36994699884477,4.20642827452092
Train,4.4500352933538,4.11048285600224
Train,4.52570006680876,4.31068010222561
Train,4.59706403329089,4.38101874880791
Train,4.66459410755469,4.45152177134967
Train,4.72859116050274,4.55485136438657
Train,4.78932538379668,4.64180694909501
Train,4.84713484658777,4.71593336311556
Train,4.90204523927743,4.60632412373531
Train,4.95435506960501,4.78907250367135
Train,2.12396630538222,2.23480653302035
Train,2.35179801990334,2.46897663200891
Train,2.56719130228627,2.68922433364065
Train,2.77113769693759,2.88471165833886
Train,2.96472585072628,3.1313601921631
Train,3.14834545487138,3.16651604864234
Train,3.3229274537559,3.46359095016393
Train,3.48912305658993,3.69993916802062
Train,3.64752237575987,3.6998550268511
Train,3.79866142779374,4.01029216392595
Train,3.94317785281554,4.09834284017031
Train,4.08121105218151,4.27520307248215
Train,4.21332460613861,4.38102131756284
Train,4.33989132251716,4.50778645441877
Train,4.46125334785472,4.59425703236777
Train,4.57772525603336,4.6883503260849
Train,4.68971305924139,4.7752143666867
Train,4.79724700049699,4.86202094727374
Train,4.90069504887542,4.91455253725852
Train,5.00028573597156,5.02203803556065
Train,2.12959268598176,2.2434791698261
Train,2.34922797403016,2.44459918480209
Train,2.55808462116416,2.62104450023019
Train,2.75693707001518,2.87398902048039
Train,2.94648730718673,2.9627367385211
Train,3.12737314322413,3.17998121805852
Train,3.300175382515,3.41303663752558
Train,3.46542405295298,3.54832968469089
Train,3.62360383613738,3.74408527230031
Train,3.77515881529847,3.86602651392953
Train,3.92049663890815,4.0084725117026
Train,4.05999218218508,4.17854308228188
Train,4.19399077574487,4.32881889778561
Train,4.32281105994149,4.44238254815664
Train,4.44674751456767,4.55966852704715
Train,4.56607270619007,4.68322682407749
Train,4.68103928921828,4.80049828766994
Train,4.79188179162676,4.89163214049289
Train,4.89881821189066,4.94858187482492
Train,5.00205145001714,5.01341572893544
Train,2.12566445510026,2.56416034076666
Train,2.3510771857013,2.67002484467571
Train,2.5643697422057,2.75383964877205
Train,2.76693524240595,2.88661996581031
Train,2.95935288700232,3.12872515225241
Train,3.14216688607041,3.23076841097902
Train,3.31645903249907,3.38199077558875
Train,3.48262977900552,3.68825690429198
Train,3.64106046988412,3.70692434451998
Train,3.79261081227122,3.96938662819122
Train,3.93756061359706,3.88806958053228
Train,4.07633189810952,4.28712961751985
Train,4.20916581699346,4.3085604697106
Train,4.33671472675721,4.50139426571117
Train,4.45915344895581,4.65631951862327
Train,4.57665406274027,4.68777762500272
Train,4.68975735968976,4.79071577638107
Train,4.79858602189858,4.77349294879542
Train,4.90326284345048,4.81277552963003
Train,5.00424258269513,4.87577787605143
Train,0.883406418023391,1.22045774291588
Train,1.16053240111596,1.35536837506135
Train,1.415347312742,1.70154576624797
Train,1.64968499032115,1.97263077879093
Train,1.8662672181082,2.11685605223619
Train,2.06736284559467,2.25210631623647
Train,2.25397073943433,2.30026469842687
Train,2.42788327684906,2.38928398734196
Train,2.59061699747766,2.53327645312003
Train,2.74272144222805,2.65688656418574
Train,2.88543657785304,2.81239646981683
Train,3.01960576818161,2.93714810036727
Train,3.14618016407275,3.0759286530825
Train,3.26539767298131,3.20670712959023
Train,3.37806498066384,3.31215374134255
Train,3.48488162631605,3.38975914743656
Train,3.58596105495869,3.51977112399931
Train,3.6819099195626,3.58808839777564
Train,3.77325840106972,3.68172363838119
Train,3.86004507831147,3.78246125629472
Train,2.1277819703467,2.22888489194838
Train,2.3553920426656,2.39706066353958
Train,2.57056746525497,2.57022548781659
Train,2.774510200992,2.81423283554869
Train,2.96767848696358,2.98075883200623
Train,3.15109327755476,3.18119667883406
Train,3.32547509579793,3.33270548561976
Train,3.49147520042057,3.50172167511152
Train,3.64984737003697,3.67877894762657
Train,3.80079286731003,3.82747842016882
Train,3.9449711958806,3.98349872173329
Train,4.0828274556459,4.09000398395998
Train,4.21490531602045,4.23045639694745
Train,4.34129827692849,4.35905245966059
Train,4.46249118487946,4.5027991100676
Train,4.57879848197566,4.60246550672737
Train,4.69050975921922,4.71260471225878
Train,4.79800371026766,4.83765049126417
Train,4.90129987929587,4.93560997458522
Train,5.00074266561156,5.01320107565014
Train,2.1202359420544,2.37781559999552
Train,2.35623760001112,2.54080152867398
Train,2.5780921314055,2.75962521073842
Train,2.78703459336688,2.98604994825677
Train,2.98416034608739,3.19257658087915
Train,3.17044426101161,3.35461677443692
Train,3.34675684452105,3.67564652658962
Train,3.51387783992243,3.73373305039249
Train,3.67250775616745,3.92984305592953
Train,3.82327768285522,4.06562046524361
Train,3.96675768152906,4.16733328319645
Train,4.1034639885138,4.24667880723013
Train,4.23386522114016,4.45095746130976
Train,4.35838774460766,4.6852413258878
Train,4.4774203290061,4.69441390048279
Train,4.59131820366708,4.74574275217656
Train,4.70040659791529,4.83038297066752
Train,4.80498384255612,4.89381716570186
Train,4.90532409438881,4.95229402058638
Train,5.00167973614037,5.01486833620107
Train,3.74273550016899,3.82360856025281
Train,3.82874242906088,3.88744404965208
Train,3.91204548926235,3.99892016216768
Train,3.99277021307129,4.09858825583273
Train,4.07103448043977,4.108446272666
Train,4.14694909332201,4.16534434545739
Train,4.22061829905803,4.25195790934901
Train,4.29214026799212,4.29843109572879
Train,4.3616075299277,4.41331515621234
Train,4.42910737349907,4.55876310606841
Train,4.49472221208447,4.52057417936619
Train,4.55852991948575,4.57834063912251
Train,4.62060413824944,4.62347604018739
Train,4.68101456319575,4.74651793736791
Train,4.73982720245054,4.69933881944073
Train,4.79710461803561,4.8591784205958
Train,4.85290614786091,4.9346218085268
Train,4.90728811077458,4.93664740390293
Train,4.96030399616043,4.93865892691873
Train,5.01200463942448,5.00518164238025
Train,3.79693439556105,3.84713571682369
Train,3.87713520306871,3.89844846902832
Train,3.9550573806178,4.02196136084623
Train,4.03066236005442,4.08404034977096
Train,4.10431291925466,4.13759784268349
Train,4.17595643483801,4.25926126745062
Train,4.24567384459165,4.27130466646356
Train,4.31354179207023,4.40281541843493
Train,4.37951559202317,4.41982121864802
Train,4.44390176439146,4.49819042723421
Train,4.50664522886314,4.47862435248394
Train,4.5678080600802,4.60771567434514
Train,4.62734330767854,4.65553599354014
Train,4.68552151860691,4.72389005945123
Train,4.74228743974852,4.74376483670496
Train,4.79769187990683,4.86355445003185
Train,4.85178323955669,4.9079023853543
Train,4.90451375460769,4.93374768188122
Train,4.95611737794341,4.97179808176528
Train,5.00653996048326,5.00892754253496
Train,2.1221828949409,2.08460654439025
Train,2.33175225558076,2.32061371883673
Train,2.5328438757832,2.46518752527581
Train,2.72558592830184,2.72594505772241
Train,2.91066809938173,2.90277828649193
Train,3.08853811646379,3.09249887234765
Train,3.25977644433965,3.32097282237911
Train,3.42442543521786,3.49048268716707
Train,3.58301291669796,3.54854326305767
Train,3.73586756797782,3.7958577473122
Train,3.88343881385723,3.95838893497404
Train,4.02571753041377,4.10880204960193
Train,4.1631175952725,4.13425144197736
Train,4.29588570789803,4.2428399455148
Train,4.42437781882477,4.34019393242714
Train,4.54855396622357,4.51768231370157
Train,4.66874551509666,4.66645650754894
Train,4.78514122530234,4.72696485845301
Train,4.89802858904853,4.83432893106842
Train,5.00734949443841,4.92731359834199
Train,2.127363861585,1.83973631200692
Train,2.36120034487585,2.37216440696376
Train,2.58131109369605,2.60319029675444
Train,2.78887016057013,2.78773414720334
Train,2.98473759057274,2.96021253424391
Train,3.1702220432636,3.13115825369517
Train,3.34596255326694,3.44650556539386
Train,3.51270727830512,3.50798177077781
Train,3.67112969428027,3.69626333749261
Train,3.82183768690393,3.80904243810679
Train,3.96524621173849,4.02534250633294
Train,4.10213074547067,4.14653122693283
Train,4.23280324799678,4.29475921141684
Train,4.35767720435445,4.40921184026588
Train,4.47713019960063,4.54166006371646
Train,4.59150773221558,4.5817512704278
Train,4.70102304081977,4.69532669609323
Train,4.80617825226882,4.81681751338015
Train,4.90713312034883,4.91740466979664
Train,5.00413438630347,5.01016856209222
Train,2.12697172194735,2.15066861552568
Train,2.34708100812815,2.02917088944842
Train,2.55662844887172,2.02817364913261
Train,2.75589571631045,2.24153107318954
Train,2.94584034493259,2.48075193136939
Train,3.12710161436918,2.63379085722084
Train,3.30046199925953,2.88856324655714
Train,3.46604339843245,3.09752945709003
Train,3.62454114621304,3.26455836048699
Train,3.77640028600461,3.43532325978788
Train,3.92219814783348,3.62115176500299
Train,4.06196608943863,3.81587329192476
Train,4.19622609537134,3.94199620290988
Train,4.32529745712326,4.18267732661167
Train,4.44961942211055,4.33621822922235
Train,4.56917146386033,4.45719912379952
Train,4.68435652012277,4.55888625868174
Train,4.79540957440937,4.62884305200914
Train,4.90267360385345,4.73524680613766
Train,5.00609851481497,4.76808334246405
Train,2.12679631226947,2.06024251714747
Train,2.35941052263164,2.39164085363923
Train,2.57855838927712,2.54638054416784
Train,2.7853763926517,2.77096058880443
Train,2.9807093859723,2.8253480808032
Train,3.16580492170389,2.9000326252598
Train,3.34129673264503,3.14970941625267
Train,3.50791335586963,3.30263593423603
Train,3.66631145689403,3.4539743826047
Train,3.81708447918541,3.56127730758757
Train,3.9606466690095,3.77297736438716
Train,4.0977387037355,4.0067808108024
Train,4.22867562454959,4.03179034652513
Train,4.35386285562561,4.30010234456716
Train,4.47367098020691,4.39810221807909
Train,4.58843940454499,4.45591139725162
Train,4.69838477973748,4.67664094981749
Train,4.80398676873918,4.741209490995
Train,4.90541021219951,4.8801976081939
Train,5.00289830872002,4.96493297135244
Train,2.11959601515214,2.13021394858029
Train,2.35722643235063,2.32288089295094
Train,2.58036662613676,2.56571560118176
Train,2.79030275957965,2.75640356256473
Train,2.98817315549093,2.94803795065986
Train,3.17512527668088,3.18031297685817
Train,3.35178037342223,3.28690941139579
Train,3.51908850969932,3.49283547560491
Train,3.67777239842959,3.67361695624949
Train,3.82848211710734,3.79771763393704
Train,3.97180400931826,3.94183556985195
Train,4.10826830850856,4.06035467276319
Train,4.23835569298829,4.23245769282268
Train,4.36250294297825,4.31260339989504
Train,4.48110784000778,4.4786585155376
Train,4.59461671815349,4.56187142503753
Train,4.70319147943707,4.67489120249654
Train,4.80722338508463,4.77042407774232
Train,4.90699170771931,4.92968237547021
Train,5.0027532885297,4.91904366397864
Train,2.12039105261456,2.36025751205378
Train,2.3519822061585,2.46486918897454
Train,2.57043058964956,2.60250723443154
Train,2.77682410972723,2.81859190044663
Train,2.97213382689387,2.95051997473156
Train,3.15722923256873,3.12882883001507
Train,3.3328911903418,3.31178624952296
Train,3.49982294773069,3.45003444990663
Train,3.65865954593095,3.62624979672811
Train,3.80997589302896,3.84186858829178
Train,3.95429371703377,3.96881044969817
Train,4.09208757596232,4.08945623685138
Train,4.22379007087277,4.20535725176712
Train,4.3497963825008,4.32972970551096
Train,4.47046823172203,4.43524579145511
Train,4.58613734744369,4.56275505813917
Train,4.69710851194662,4.69857462961909
Train,4.80366224254902,4.79581041913967
Train,4.90605715927261,4.89993437754839
Train,5.00453208058388,4.97202873710199
Train,3.22398001027772,3.12679121363626
Train,3.29707425894986,3.37615155875852
Train,3.36821696589716,3.32837905518007
Train,3.43748525777209,3.3555439401093
Train,3.50495224991938,3.46623504852051
Train,3.57068730381067,3.55922909817459
Train,3.63475626490474,3.51503377664614
Train,3.69722168264786,3.66787634065043
Train,3.75814301415965,3.70955571070926
Train,3.81757681299849,3.76868226843374
Train,3.87542571072129,3.91264846837374
Train,3.93204693596976,3.94491499327772
Train,3.98733443150319,4.02584166272635
Train,4.04133477336249,4.06288284502874
Train,4.0940923938599,4.10555523782299
Train,4.14564970351116,4.06829225314165
Train,4.1960472047389,4.13156252594021
Train,4.24532359798794,4.28286771576112
Train,4.29351588083683,4.2370061540081
Train,4.34065944063894,4.26745819651175
Train,2.41237842794327,2.48055051287184
Train,2.51041837603494,2.31689144398208
Train,2.60552362221936,2.70498936999551
Train,2.69824767652747,2.79210930582177
Train,2.78826511213988,2.94318018569469
Train,2.87609419753086,2.8995994298873
Train,2.96142144075541,2.84948254389276
Train,3.04473318691561,3.04235193449657
Train,3.12572747707103,3.25188662897572
Train,3.20486164527284,3.14065950396761
Train,3.28184484139847,3.32250637909759
Train,3.35710795500672,3.31991551687206
Train,3.43037080987208,3.35429187167715
Train,3.50204012163821,3.60680915152682
Train,3.57184595081877,3.57375813878637
Train,3.64017285519684,3.72477496955684
Train,3.70676069880167,3.78654868404671
Train,3.77197367779375,3.8015966535586
Train,3.83556103484577,3.88000593357871
Train,3.89786821011268,3.92867485412539
Train,2.11374944733475,2.1945475561876
Train,2.34061683915293,2.33967100248202
Train,2.5556287583463,2.49576998546209
Train,2.75929575866743,2.62300726877792
Train,2.95267995739892,2.70604271718029
Train,3.13654092174186,3.02231591912811
Train,3.31173517103357,3.18294408162276
Train,3.47853700265252,3.41113428320376
Train,3.63768985289354,3.60643453665738
Train,3.78970806428591,3.83166829474562
Train,3.93520233142538,4.02262778564181
Train,4.07431271148091,4.09407868949975
Train,4.20757997417101,4.2855926618162
Train,4.33536469354172,4.34989373749915
Train,4.4581179357134,4.51902333128783
Train,4.57590120583772,4.57704756398619
Train,4.68912065863185,4.68839199527264
Train,4.79803650811661,4.77885568093272
Train,4.90299193878839,4.87434806879825
Train,5.00400163362495,4.94598506714566
Train,3.84189218210925,3.72791966810839
Train,3.91914570888167,3.80709840167464
Train,3.99404245335493,3.96104071534921
Train,4.06697075439214,4.02006643490044
Train,4.13773209783996,4.10289032310716
Train,4.20668850268692,4.03551843358392
Train,4.2736477309011,4.28751608847366
Train,4.33894810605683,4.27101402500521
Train,4.40240362912144,4.30132832923896
Train,4.46433121481758,4.33763158934663
Train,4.52455101246306,4.44206501659456
Train,4.58336052897372,4.48520068485398
Train,4.64058593291853,4.47323631738008
Train,4.69650708194124,4.6058887094453
Train,4.75095600778627,4.71075179597789
Train,4.80419647036785,4.77373754413143
Train,4.8560661902854,4.83034418744447
Train,4.90681420376901,4.81484283479678
Train,4.95628373434393,4.83878389396044
Train,5.00471031572566,4.92561612805161
Train,3.17326917347123,3.23474551718197
Train,3.31114591244312,3.341767823305
Train,3.44256973444773,3.61328108051956
Train,3.56798329569134,3.56378621086401
Train,3.68794945837806,3.7182306569474
Train,3.80250955511672,3.95217249892387
Train,3.91216706133744,3.92290010756142
Train,4.01723009311391,4.03962097901457
Train,4.11798147716839,4.11715807082616
Train,4.21468129330634,4.22805592944002
Train,4.3076933378866,4.39939758569568
Train,4.39698546294538,4.54710459310562
Train,4.48289119812497,4.58468902937153
Train,4.56559960089773,4.62518463503306
Train,4.64528591275479,4.64127802744587
Train,4.72211279862145,4.82795986104861
Train,4.79633078743111,4.88004825879423
Train,4.86787852528508,4.93390122332409
Train,4.93699006652049,4.97452821118792
Train,5.00378775675194,4.97550871410091
Train,2.42746433646033,2.43159229125071
Train,2.48640199061086,2.53632551334922
Train,2.54435298802687,2.61733704235192
Train,2.60174376549108,2.79358712000157
Train,2.65838252697084,2.72567381917197
Train,2.71408770691495,2.70649343729671
Train,2.76926864099013,2.8331256380982
Train,2.82354918999678,2.87730092902855
Train,2.87732786557413,2.9671520283257
Train,2.9304241777447,2.96790383144425
Train,2.98266694162148,2.93016761929481
Train,3.03443921864485,3.0676570477867
Train,3.08556684506708,2.97291377967335
Train,3.1358844595936,3.06488059933601
Train,3.18576056252825,3.14366951494139
Train,3.23485397289149,3.24359307567595
Train,3.2835239492721,3.26428705291699
Train,3.3316061741713,3.37234682728689
Train,3.3789443720149,3.37460817503153
Train,3.42588457504986,3.34430092882229
Train,1.82646787689097,1.88929110008767
Train,1.90525791844439,1.98127564304599
Train,1.98270267548582,2.04727339755537
Train,2.05883631103993,2.04166993892291
Train,2.13391473999949,2.17423381997024
Train,2.20752038594211,2.20544073905999
Train,2.27991079699546,2.32936239177605
Train,2.35111582218725,2.49266997783951
Train,2.42116434093403,2.44912307028246
Train,2.49008430209492,2.57078364976395
Train,2.55810478786715,2.55154809225999
Train,2.62484475181526,2.67882472888399
Train,2.69053485946431,2.70706715096122
Train,2.75519968971901,2.79074872601504
Train,2.81886306018045,2.822882973912
Train,2.88154805639523,2.90811022475957
Train,2.94346101440315,2.97048729082643
Train,3.00425295518589,3.05031430743158
Train,3.06413172113584,3.09862514903924
Train,3.12311773449742,3.12017524898658
Train,2.12516466065827,2.18036366009067
Train,2.33716114908949,2.33244592251604
Train,2.53996805982947,2.56324680821452
Train,2.7341702387169,2.72513389923323
Train,2.92030393462083,2.97983232681412
Train,3.09886174434207,3.00466458707106
Train,3.27029696576513,3.31773015555764
Train,3.4350274402613,3.42293201851412
Train,3.59343895291489,3.61049440608829
Train,3.74588824882124,3.73226001634796
Train,3.89270571509763,3.85783817217441
Train,4.03419777104592,4.06953652193453
Train,4.17064900285793,4.12903527340621
Train,4.30232407415955,4.29465053501579
Train,4.42946943938306,4.38898414702171
Train,4.55231488330608,4.5845988577475
Train,4.67107490699119,4.62628004726009
Train,4.78594997771227,4.78982009929599
Train,4.89712765818979,4.89939122599967
Train,5.00478362851573,4.9175293229888
Train,-2.74344279740449,-2.90308597074418
Train,-2.49832366551957,-2.44212627697947
Train,-2.2603346184739,-2.39985758083292
Train,-2.03018457327557,-2.07558567605917
Train,-1.8070023949338,-1.8639560480266
Train,-1.5899992113954,-1.52866863268029
Train,-1.37984986589535,-1.47395858666695
Train,-1.1753363876652,-1.23270707298412
Train,-0.977110728950478,-0.989895612328486
Train,-0.78446379399358,-1.1135052363553
Train,-0.596750155832868,-0.602214429917691
Train,-0.414587902391232,-0.374195823339176
Train,-0.237344491965689,-0.262714482420553
Train,-0.0644425461914411,-0.174851809582329
Train,0.103532628297502,-0.0477906261350824
Train,0.267510008998287,0.243764589591502
Train,0.426925364204251,0.54508614663975
Train,0.58230854151931,0.465484055931576
Train,0.734145301036514,0.506968793343066
Train,0.881901677704193,0.701597422402078
Train,4.22114307401785,4.21444058249957
Train,4.27092915387103,4.30736773170224
Train,4.31968659154348,4.34882020895969
Train,4.36744694060283,4.35503005098057
Train,4.41405882320019,4.42657004257533
Train,4.45991823203486,4.49085247745803
Train,4.50486769302297,4.5493373002733
Train,4.54893402305271,4.56632310768329
Train,4.59214299550984,4.60535360964702
Train,4.63451939054477,4.66490719694951
Train,4.67592558152676,4.70186201636509
Train,4.71671046143182,4.74109398966844
Train,4.75673152064307,4.77555830437418
Train,4.7960100173901,4.81215764865478
Train,4.83456642829078,4.87126831978341
Train,4.87242048394644,4.91138330019744
Train,4.9094467456612,4.92060078201626
Train,4.94595503797459,4.9495750804792
Train,4.98181595037012,4.96884744031078
Train,5.01704655092553,5.00975031932138
Train,4.11470868154158,4.0234427986881
Train,4.17185788001603,4.10668389924021
Train,4.22786464747821,4.20000798457477
Train,4.28235986950848,4.26133070536818
Train,4.33559920371485,4.31095691603786
Train,4.38762557000765,4.37774070998679
Train,4.43866756461441,4.4043504183139
Train,4.48838497194864,4.46647995128466
Train,4.53700712917677,4.50495445642108
Train,4.58456983373308,4.55209117255661
Train,4.63127910889496,4.58412219930336
Train,4.67682056651814,4.62293718289539
Train,4.72140114312707,4.68281234596108
Train,4.76505093175444,4.69721854280547
Train,4.80795663467098,4.73326074145171
Train,4.84982700370102,4.77037163701472
Train,4.89084974959399,4.81711968141712
Train,4.93105035333707,4.82256175991366
Train,4.97059884652402,4.86982615504536
Train,5.00922476797889,4.72701201965423
Train,4.21992064579747,4.20088073745362
Train,4.26974022623536,4.22898044543906
Train,4.31871438741194,4.2717803622151
Train,4.36649107150088,4.33096706028662
Train,4.4132949956313,4.37193892066892
Train,4.45915556930988,4.4199892829154
Train,4.5042762066365,4.47186628241302
Train,4.54833022727626,4.52100135063688
Train,4.59152241289011,4.56113238437846
Train,4.63387780879594,4.61166355138466
Train,4.67558247784803,4.65228006217487
Train,4.71633256765756,4.69232201750596
Train,4.75631550314629,4.73741606542247
Train,4.79555274577615,4.77788411946928
Train,4.83421518048099,4.81974954409544
Train,4.87201954791835,4.86170597353846
Train,4.90913806551148,4.89868621372614
Train,4.94558922959314,4.93682026236985
Train,4.98153056800724,4.96927789989246
Train,5.01669745030281,4.99773363377663
Train,2.87111866873502,2.92514758503013
Train,3.03689672073881,3.05719705859084
Train,3.19420326832043,3.19402420998458
Train,3.34367149289273,3.33031022711784
Train,3.48587300900729,3.54946548267868
Train,3.62132516977263,3.62407685440071
Train,3.75049735616833,3.79703107295824
Train,3.87381641140306,3.89225854946123
Train,3.99167135290364,4.01277780805263
Train,4.10441747153266,4.12009690548822
Train,4.21255285242099,4.23739988319471
Train,4.31602262236003,4.35025787682802
Train,4.41528112076258,4.44330954965343
Train,4.51058032119914,4.55703120678779
Train,4.6021524884946,4.63095972786743
Train,4.69021206873172,4.71455201404822
Train,4.77495736585336,4.80539504403183
Train,4.85657203245544,4.88140449827698
Train,4.93522639835917,4.94099095313463
Train,5.01107865718984,5.00029972812961
Train,4.3100877782714,4.4232914355906
Train,4.36115770628312,4.54542609220211
Train,4.41115580696383,4.57599913525455
Train,4.460115472284,4.60641756629237
Train,4.5080687214016,4.63744679384312
Train,4.55504627049331,4.71127343645373
Train,4.60107759836611,4.6965762938312
Train,4.64619100814373,4.69598848794534
Train,4.69041368529927,4.7326273034766
Train,4.73377175228393,4.7812537513479
Train,4.77615180588331,4.8042355304808
Train,4.81785766561425,4.83408907561788
Train,4.85877132938857,4.86266851408193
Train,4.89891515630077,4.8953270627678
Train,4.93831067186441,4.92751822489624
Train,4.97697860649986,4.96388002171517
Train,5.01493893190909,5.00460573996891
Train,5.05221089547164,5.0620018860216
Train,5.08881305278621,5.07864836358039
Train,5.12476329847349,5.14361000989183
Train,2.12016464815695,2.26908474650439
Train,2.35326866958822,2.38003522922778
Train,2.57297468503133,2.51349140395971
Train,2.78040553206236,2.40415376778542
Train,2.97656199015734,2.61990578791543
Train,3.1623389273006,2.85336426542862
Train,3.33853894949054,3.03140931054771
Train,3.50588399236667,3.19385540505187
Train,3.66502520805289,3.52745581585148
Train,3.81655143272875,3.4944099741995
Train,3.96120987843632,3.77385413594246
Train,4.09904913656665,3.84728316358268
Train,4.23073462779915,4.10495371429219
Train,4.35666945194845,4.04923915058137
Train,4.47722225462845,4.27753635682028
Train,4.59273083137362,4.41501977354808
Train,4.70350528861566,4.59085395148706
Train,4.80983082380676,4.62024823814399
Train,4.91197017717116,4.74082506550654
Train,5.01016579946084,4.80489222020091
Train,2.12744169858149,2.16074723167439
Train,2.37097148215785,2.3478055822687
Train,2.59827525324982,2.59787499448984
Train,2.81148519853475,2.76564315822026
Train,3.01160754951304,3.06275569750891
Train,3.1995623451935,3.22459300617201
Train,3.37689595906516,3.36169668859403
Train,3.54403966517891,3.55122541785828
Train,3.70226675376502,3.69061813820496
Train,3.85207286361524,3.8679259927546
Train,3.99392406399412,3.94418868650743
Train,4.12879595120404,4.05470113061121
Train,4.25702028443094,4.1192549935723
Train,4.37891419273124,4.2411165315481
Train,4.49524483898669,4.31959267073514
Train,4.60608839289181,4.40637837716591
Train,4.71210664365114,4.63513298049613
Train,4.81347243784163,4.64979325362105
Train,4.91035593674023,4.82465370472607
Train,5.00329603149841,4.79844407118388
Train,2.12923639582564,2.19506620389697
Train,2.36858506485633,2.35558294041519
Train,2.59262964289315,2.59184096861511
Train,2.80336348937816,2.80581893364094
Train,3.00166886516516,2.98398134342783
Train,3.18861376921444,3.1689990255996
Train,3.36490720732054,3.35616507073622
Train,3.53188827249751,3.49502085986676
Train,3.69006001258038,3.67518734641781
Train,3.84010163414292,3.81248000726268
Train,3.98242992542413,3.95285758240225
Train,4.11799433987357,4.0476908981966
Train,4.2470892381035,4.11182358994598
Train,4.37016694240817,4.24093374081786
Train,4.48747801001475,4.30723677921863
Train,4.59972512910831,4.46152514307877
Train,4.70708208102682,4.48257624162099
Train,4.80986162114214,4.61064596681111
Train,4.90821551623668,4.72267699845951
Train,5.00268217420648,4.82502203319141
Train,3.3581303555405,3.1649450666521
Train,3.48552923692209,3.42660890029702
Train,3.60621066552336,3.37792228094461
Train,3.72112022082648,3.61297917481663
Train,3.83045774514167,3.7127721199123
Train,3.93442447594735,3.94187558198844
Train,4.03377730617876,3.71441289840491
Train,4.1284616362552,3.86558957490727
Train,4.21913759707876,4.22428700659995
Train,4.3058916975546,4.23726914033263
Train,4.38881749164177,4.35566199734788
Train,4.46846075943748,4.27876499739641
Train,4.54486908582568,4.42463933153788
Train,4.61809814921101,4.43184765179768
Train,4.68860634215515,4.66372346069539
Train,4.75628783390436,4.62372429722736
Train,4.82155383094727,4.74717754266202
Train,4.8844130678437,4.67907330937784
Train,4.94488251793182,4.82804544752272
Train,5.00331509993132,4.85484165002752
Train,2.11970819002408,2.52251963990804
Train,2.35439695283502,2.67381357235632
Train,2.57501694188082,2.83789591417983
Train,2.78331881898011,2.8488021158558
Train,2.98005861875957,3.17094925049681
Train,3.16593902633131,3.25094296545983
Train,3.34227827471404,3.40609980017886
Train,3.50958157912856,3.78180925454052
Train,3.66832588576851,3.95005414286318
Train,3.81953245900865,3.90965887008542
Train,3.96354374363294,4.25138227205033
Train,4.10086139436776,4.13387051283184
Train,4.23177597874857,4.37640562610018
Train,4.35704135783907,4.49626631111207
Train,4.47686373351261,4.63482307580922
Train,4.59144524669837,4.86283963438962
Train,4.70140033199095,4.79689871632345
Train,4.80686990281105,4.94611895675546
Train,4.90799473991276,5.05348444598553
Train,5.00528413268445,5.10929946189933
Train,3.50580575900939,3.5158586802421
Train,3.77175036935444,3.76941454596167
Train,4.01367762902903,4.00854706496888
Train,4.23427948586878,4.22387218772353
Train,4.43664259910537,4.43571950259776
Train,4.62258293097934,4.60997657606296
Train,4.79435045109314,4.79390336072658
Train,4.95320089993264,4.94137605277961
Train,5.10068010819761,5.09847682231581
Train,5.23809903316935,5.22666030544847
Train,5.366206031209,5.36528154125462
Train,5.48614763116344,5.48740064014516
Train,5.59846330519902,5.60475878463567
Train,5.70395977203252,5.70340350448569
Train,5.80333583665748,5.81090330393619
Train,5.89692769142975,5.90605949910733
Train,5.98539726985254,5.99972957143348
Train,6.06899159481619,6.07601886524663
Train,6.14825647399482,6.14790783534137
Train,6.22337371728178,6.28347821295221
Train,-0.535805342382497,-0.429246893095885
Train,-0.168468699331958,-0.168243186005784
Train,0.173127250563216,0.218306012455893
Train,0.492658789088338,0.470605625972142
Train,0.791199143134699,0.762948506366472
Train,1.07168543207368,1.06978535147318
Train,1.33482617391665,1.37442837669269
Train,1.58301046245569,1.47428041445472
Train,1.81708578223305,1.87340674521315
Train,2.03785188561479,2.0663882482428
Train,2.24711264355684,2.28363624025499
Train,2.44507903251402,2.43538505116372
Train,2.63327193619246,2.66296999771116
Train,2.81209679461256,2.82908764245755
Train,2.98195037854468,3.02924485239627
Train,3.14403533786045,3.20174064663492
Train,3.29835227457922,3.36603186947331
Train,3.44594250409114,3.54214891526178
Train,3.58676104415284,3.6917366413683
Train,3.72171743989085,3.85819877810199
Train,3.95263125566175,3.85425488987039
Train,4.02288648163984,3.93568231922418
Train,4.09099235056401,4.00438949948323
Train,4.15742951977435,4.08599565422531
Train,4.22207075531228,4.10679407963257
Train,4.28480585338668,4.15920760862259
Train,4.34607175127266,4.23940026491576
Train,4.40574598160853,4.31384155633535
Train,4.46372144599926,4.30977693496268
Train,4.52039716908693,4.4248879871533
Train,4.57565565102133,4.50841074209688
Train,4.62954939495117,4.52338682529905
Train,4.68197602719439,4.61691155171574
Train,4.73329136100342,4.65021990384239
Train,4.78338457262286,4.68968122470171
Train,4.83215704686244,4.72782763492551
Train,4.87993672087812,4.78742911888753
Train,4.92661768938206,4.8289952119366
Train,4.97210515319201,4.86243714720855
Train,5.01670238294885,4.90351466185438
Train,2.86040319676761,2.97788853069225
Train,2.95516200005257,3.05649482012685
Train,3.04712330231474,3.04437225720561
Train,3.13640918463351,3.07539947437764
Train,3.22313472655317,3.2923220895904
Train,3.30765142230709,3.36389864993344
Train,3.389569224302,3.47117912570125
Train,3.46923493619347,3.46844834494142
Train,3.5467401706057,3.61607171258772
Train,3.62217163770004,3.63892816247907
Train,3.69561146877738,3.73202454531275
Train,3.76713751458212,3.77073267479129
Train,3.83682362058526,3.9182628219854
Train,3.90473988129319,3.90992051591756
Train,3.97095287542302,3.94660734674462
Train,4.03571234856193,4.08306440589929
Train,4.09870102110598,4.08375753974266
Train,4.16016733033225,4.15248427903654
Train,4.22016580789655,4.2741794012605
Train,4.27874841172472,4.22417963742229
Train,3.94834857241857,3.92390031964823
Train,4.01740782830182,3.8872563557797
Train,4.08448366602558,4.07537461940499
Train,4.14999214614001,4.09016607411183
Train,4.21366295193003,4.14701933650798
Train,4.27588763399669,4.23158010475451
Train,4.33640625917733,4.34336582665325
Train,4.39558801139962,4.39085243077062
Train,4.45332951202728,4.38014606469092
Train,4.50953957443521,4.5161287766544
Train,4.56455731325964,4.49990705970015
Train,4.61814675620209,4.56482905341278
Train,4.6706290126182,4.64343286000674
Train,4.72190723519698,4.70037112022912
Train,4.77189501457726,4.73701268204658
Train,4.82088906483323,4.79026982040521
Train,4.86867467599852,4.84915650525897
Train,4.91553384593695,4.90546281343449
Train,4.96125967032967,4.84774505497586
Train,5.0061205195486,4.92751411745545
Train,4.00572486412074,3.90061446329613
Train,4.07069386799758,3.96088214872443
Train,4.1341514785684,4.05353787256868
Train,4.19582186023062,4.12176898894354
Train,4.25593840039826,4.16806527453002
Train,4.31455909413189,4.23114525409211
Train,4.37189090164368,4.11872627332731
Train,4.42767899470071,4.28159225214484
Train,4.4821289332508,4.3627122263135
Train,4.53528829293779,4.41813146625886
Train,4.58734033580375,4.40408795484674
Train,4.63804930355442,4.49200307198346
Train,4.68759766170562,4.54557219985934
Train,4.73602480488829,4.53157643067061
Train,4.78349420479014,4.60782600527819
Train,4.82978737850795,4.67180919675563
Train,4.87506741754815,4.75159616061925
Train,4.91936722087082,4.66857099767882
Train,4.96283356217221,4.76331375262989
Train,5.00526359910687,4.8447477251737
Train,4.30786190900008,4.36566634644136
Train,4.34911875274351,4.40847631403556
Train,4.38958931103504,4.43796818643932
Train,4.42958690573192,4.49429459773693
Train,4.4688315680982,4.51687749822037
Train,4.50762669888236,4.55717269966467
Train,4.5457003340541,4.58232708185358
Train,4.58334642240813,4.53016037942153
Train,4.62043602756402,4.63185648904885
Train,4.65684802204323,4.71665513074108
Train,4.69286298479566,4.70013046777361
Train,4.72822755697104,4.77352708917519
Train,4.76321391515958,4.78284069455257
Train,4.79770151081248,4.83059548969434
Train,4.83157681748398,4.86259499435941
Train,4.86510009875306,4.87852066996339
Train,4.89803478641953,4.89454325151485
Train,4.93063364025521,4.82478054271948
Train,4.96266634938228,4.94561975265464
Train,4.9943784928849,5.00207151504626
Train,2.11381598162526,3.354497563015
Train,2.35975152066355,3.38792246766432
Train,2.58971946633783,3.55598938470961
Train,2.80467502260375,3.7830782505608
Train,3.00629967367229,3.85537811764602
Train,3.19603934511922,3.93933339000691
Train,3.3744561700665,3.96855928870863
Train,3.54275020653373,4.12609953226155
Train,3.70196371008232,4.23158438903531
Train,3.85242458682499,4.33152400769003
Train,3.99501860905168,4.55061339863778
Train,4.13034703663764,4.60648715853352
Train,4.25911725960685,4.66844481938131
Train,4.38147857577099,4.68319887723098
Train,4.49804807547099,4.77672968676827
Train,4.60937113197392,4.78545253101796
Train,4.71551941404335,4.81316244705416
Train,4.81697652558721,4.89371088483285
Train,4.9141723493683,4.94007021900804
Train,5.00712889188085,5.01482003092656
Train,2.12824086014106,2.30751109629575
Train,2.36563577693557,2.5191965054605
Train,2.58876682572363,2.76691556659035
Train,2.79834575793185,2.99951584197678
Train,2.99607567896539,3.12154024702102
Train,3.18245605234944,3.25637620797764
Train,3.35888799165738,3.45966997893313
Train,3.5257189974797,3.62629748360017
Train,3.68411765957447,3.80205757996139
Train,3.83432136404427,3.92680056925967
Train,3.97731673355594,4.08667522943675
Train,4.11326056571537,4.24233924441351
Train,4.24299498980412,4.39194561370091
Train,4.36661735849057,4.49349606677853
Train,4.48485354581673,4.53769499356591
Train,4.59775679944579,4.75160205803601
Train,4.70595833691108,4.81013588596947
Train,4.80947855874789,4.9256568209944
Train,4.90887077214744,4.9766786720605
Train,5.00413087628045,5.07652053129178
Train,2.12437101382411,2.13367940658061
Train,2.3512290524144,2.2888960495049
Train,2.56592591238666,2.44737640194673
Train,2.76941395359665,2.64962366935855
Train,2.96254862471074,2.87318081160262
Train,3.14610048437293,3.12931935367759
Train,3.32076547631727,3.23358951781532
Train,3.48717374731251,3.44453642555022
Train,3.64589724346215,3.5359632089395
Train,3.79745627785903,3.76776186664085
Train,3.9424936801774,3.79483823298513
Train,4.08109875316139,4.08844949883986
Train,4.21384435438266,4.18312224156127
Train,4.34109435273269,4.39430056172957
Train,4.46318310010972,4.50791241365799
Train,4.58041836494487,4.63382042333524
Train,4.69308392269098,4.72353910571757
Train,4.80144184917884,4.84224823194102
Train,4.90573455585667,4.94395245923992
Train,5.00618660018172,5.00532188423023
Train,5.12825314714536,5.06560999801978
Train,5.22807324783376,5.15491427103044
Train,5.3234386606687,5.26846240434288
Train,5.41445300671969,5.38039767021998
Train,5.50149719276265,5.48110871389006
Train,5.58491156061234,5.54307434079213
Train,5.66475330276161,5.64186825332243
Train,5.74140541072409,5.70105924499154
Train,5.81490305516721,5.80478289730288
Train,5.88551001183648,5.8686605972125
Train,5.95346382818578,5.96640015598905
Train,6.01877586215715,5.98277611426676
Train,6.08166230086552,6.09749452701783
Train,6.1423186225749,6.14212910248869
Train,6.20074012447725,6.19600123777205
Train,6.25716493748282,6.27453677205706
Train,6.31158068255573,6.29961510491335
Train,6.36414726549828,6.35112580554929
Train,6.41501012561041,6.45555407103429
Train,6.46414862124372,6.51799599534058
Train,3.80787064129186,3.74341979983653
Train,3.8898763491532,3.89370672177549
Train,3.96929618216408,4.02065785601984
Train,4.04625055192399,3.73758998541311
Train,4.12085250832296,4.16497196890988
Train,4.19303900848582,4.2380494622179
Train,4.26325354655403,4.28587874160388
Train,4.33141573353746,4.37791505864017
Train,4.39761425773164,4.44615978692922
Train,4.46193277000705,4.5118304058671
Train,4.52445023645379,4.55857461675708
Train,4.58524126181113,4.64292660509927
Train,4.64437638646708,4.6774534910876
Train,4.70192235951398,4.63902002275544
Train,4.75794239008229,4.79566483317479
Train,4.81236848862255,4.84836949293451
Train,4.86551652420822,4.86714466356218
Train,4.9173091080499,4.93716677447101
Train,4.96779744005766,4.95836259272631
Train,5.01703017355194,4.97761397444353
Train,3.806617109391,3.34074350633776
Train,3.88872745957526,3.65298424250617
Train,3.96805714263483,3.60971633522745
Train,4.04511904278585,3.67450942043953
Train,4.11982671861387,3.75660083183822
Train,4.19211020094286,3.79676911418811
Train,4.26242708916631,3.93474622766041
Train,4.33068986335162,3.90539535224875
Train,4.39682588928662,3.97577312588486
Train,4.46124608316893,4.08660501870967
Train,4.52386335476693,4.19849019964373
Train,4.58475234690992,4.24162395607398
Train,4.64383937400634,4.30023417679251
Train,4.70148360033293,4.33604089027354
Train,4.75760000785312,4.40874412939942
Train,4.81211536859238,4.54700536800866
Train,4.865356297876,4.60304570888117
Train,4.91724002756876,4.67392419776954
Train,4.96769448492966,4.66426675463082
Train,5.01701804254222,4.70137820266579
Train,3.80588284254704,3.69742934834269
Train,3.88763077769702,3.78374124033269
Train,3.9668537308049,3.79548324898072
Train,4.04366690789852,3.86275155132806
Train,4.11817861140821,3.94154248909001
Train,4.19049074964758,4.05059975564648
Train,4.26069930183139,4.12845527140843
Train,4.32889474309265,4.20443744949402
Train,4.39516243345652,4.27255013266385
Train,4.45958297428733,4.30460051824873
Train,4.52208645869079,4.35222302683024
Train,4.5830410130851,4.40918313501111
Train,4.64236465318102,4.5139884601755
Train,4.70012197055097,4.53266359022704
Train,4.75637419038466,4.59448253906538
Train,4.81117938797974,4.6441878649217
Train,4.86459268873759,4.72870414543408
Train,4.91666645311231,4.79671526978513
Train,4.96745044781713,4.82488129227075
Train,5.01699200446504,4.87405267463362
Train,0.176039307231385,0.175891568467048
Train,0.491829061560372,0.468953127201838
Train,0.786189983580055,0.73552886707481
Train,1.060260249714,0.949848458803279
Train,1.3165208250122,1.20430831099763
Train,1.55707898845063,1.40195037345218
Train,1.78253343107456,1.67524619183764
Train,1.99463927302696,1.80841330032402
Train,2.19490352153171,2.05626955321261
Train,2.3836181001812,2.25251333697858
Train,2.56207124256819,2.41739819211727
Train,2.73107775108345,2.58371992952723
Train,2.89165437654659,2.75135693341567
Train,3.04387222746022,2.91522291851124
Train,3.18862533618351,3.0140617007872
Train,3.32669603920296,3.19236541814797
Train,3.458066060632,3.32665437879914
Train,3.583435393406,3.47537258034467
Train,3.70342045735597,3.56593636119327
Train,3.81794992943887,3.69592762033336
Train,2.12504486247883,2.18226484634003
Train,2.37489199552404,2.42368807172645
Train,2.60767217902113,2.68989341771039
Train,2.8244986217606,2.88705221988841
Train,3.02722669966997,3.07755489936658
Train,3.21744156556698,3.25554788354189
Train,3.39579031130041,3.43692348746192
Train,3.56357351961028,3.6543922428922
Train,3.72191458341093,3.80584768547088
Train,3.8711886297476,3.98075738057448
Train,4.0123415361702,4.11145343473735
Train,4.1460184888255,4.21715594595049
Train,4.27296821072343,4.34884238628812
Train,4.39336241952189,4.48191609218858
Train,4.50784962688509,4.58549379481522
Train,4.617000697633,4.69405880717627
Train,4.72090040077817,4.78938632253494
Train,4.82005198778212,4.89811052767577
Train,4.91490121639626,4.94699090634915
Train,5.00547786237325,5.01020810854649
Train,2.12749913734611,1.92039770910308
Train,2.37925839223504,2.20429143558676
Train,2.61285901515677,2.51877218941099
Train,2.83078537289142,2.5832434484612
Train,3.03428807162891,2.92671239513361
Train,3.22475320633669,3.12577965690984
Train,3.40315267803497,3.28271491705294
Train,3.57105287025575,3.40923592589071
Train,3.7291390736078,3.60980518824774
Train,3.87824731562602,3.77669842846049
Train,4.01892969351737,3.92995065278632
Train,4.15224331228767,4.05943144663994
Train,4.27857991926452,4.18704881132098
Train,4.39847326376307,4.35240166122641
Train,4.51224861884756,4.45282771389696
Train,4.62065821805496,4.57640202583527
Train,4.72393158977961,4.67440940437055
Train,4.82242530335493,4.77156114929113
Train,4.91633511783574,4.85447127420929
Train,5.00621937921477,4.91065465591237
Train,2.12250081614239,1.86122511112694
Train,2.37137815312197,2.15178625904558
Train,2.6035019872609,2.36376503224704
Train,2.81992548588734,2.58118560881282
Train,3.02273494307519,2.81838639273667
Train,3.21266267447096,3.02880745912909
Train,3.39137986178172,3.19989282931057
Train,3.55939585741418,3.37129035328589
Train,3.71785785359595,3.60725381596237
Train,3.86776095855601,3.75326301362121
Train,4.00939607948925,3.8869737771688
Train,4.14379257918816,4.03469267132704
Train,4.27114552784829,4.17280315498768
Train,4.39215851123576,4.27849580650396
Train,4.50744991679182,4.41141906274754
Train,4.61711762343804,4.52042247862985
Train,4.7218475913991,4.6503291662245
Train,4.82169386306172,4.72121984238287
Train,4.91724991121634,4.83808942235117
Train,5.00853741419454,4.92447394866671
Train,3.12589242671175,2.76108854087695
Train,3.18840736762524,2.85872192261099
Train,3.24961871669671,2.94854106977218
Train,3.3093403703835,3.10262620034366
Train,3.36806855125741,3.1330475763858
Train,3.4256092008536,3.14523502517407
Train,3.48199797791098,3.04018649976864
Train,3.53726912765386,3.25586840146843
Train,3.59125075452547,3.28384691106172
Train,3.64438803489498,3.41222242189233
Train,3.69650250230504,3.44617521911395
Train,3.74762340667057,3.36277171546886
Train,3.79758926075564,3.50820143010852
Train,3.8468099525491,3.59129338755305
Train,3.89511830851896,3.60292895578554
Train,3.94253946179539,3.61362807391145
Train,3.98909763074818,3.58797482242312
Train,4.03464322954132,3.66270567458783
Train,4.07954770695401,3.67286906690492
Train,4.1236566866922,3.67452140394129
Train,2.30174952238649,2.26178010169171
Train,2.42563849430021,2.38998126426845
Train,2.54472832004564,2.53399071189643
Train,2.65986408848766,2.65134375959365
Train,2.77096213948657,2.73682151095588
Train,2.8782312120723,2.77143011220458
Train,2.9816079679532,2.74463133115404
Train,3.08179842266637,2.67737703348777
Train,3.17870542979105,2.84936635275219
Train,3.27248779514222,2.81143771888049
Train,3.36306799464951,2.93197273510275
Train,3.45104497922095,2.93641158488958
Train,3.53631602303299,3.12283219648683
Train,3.61900407670275,3.09158760867781
Train,3.69902468544491,3.20506498891035
Train,3.77689263870125,3.38639326229806
Train,3.85250428662077,3.44205965060756
Train,3.92595629688816,3.5369421227826
Train,3.99716171304927,3.50608790119285
Train,4.06656796529797,3.57156223839168
Train,3.80127752748531,3.74411388960885
Train,3.88376399142518,3.68795885955826
Train,3.96354427333367,3.77308390591912
Train,4.04074939885598,3.90699167750589
Train,4.11550206946231,3.81961169058638
Train,4.18807501362775,4.16266836670351
Train,4.25825595785258,4.16499628235817
Train,4.32630903701418,4.23804078244454
Train,4.39232958027726,4.34875336916597
Train,4.45640730621492,4.27220936842397
Train,4.51862672958719,4.46140752119241
Train,4.57906753323467,4.50458103830151
Train,4.6378049085286,4.60278207563029
Train,4.69490986743565,4.58228830187092
Train,4.75044952892091,4.55704636968503
Train,4.80460531499195,4.66312356229341
Train,4.85719833594022,4.79461087275868
Train,4.90840670928397,4.79951483962313
Train,4.95828440621353,4.78792486488631
Train,5.00688262895638,4.87504369548842
Train,4.42405771003172,4.45021649920984
Train,4.4670126291091,4.52800482028453
Train,4.50905801934973,4.51218518682539
Train,4.55049287462654,4.62188106152764
Train,4.59119658831956,4.58169505699658
Train,4.63118834329603,4.64742308072596
Train,4.67035808054275,4.66749070522467
Train,4.70898303512818,4.76078603543309
Train,4.74694964498972,4.76149261694303
Train,4.78427459967259,4.76462069583672
Train,4.82085392069449,4.83242920844918
Train,4.85694540720588,4.83274662578199
Train,4.89244199366787,4.88407343351562
Train,4.92735826855581,4.90071751995001
Train,4.96159589677789,4.89326387093587
Train,4.99539524201747,4.91331179243532
Train,5.02865523458299,4.97796319811201
Train,5.06138868235503,4.99802217591697
Train,5.09350248887403,5.01064594727683
Train,5.12522131481153,5.01337993016948
Train,4.07463428571429,4.26405867663684
Train,4.1424878817734,4.30925714143497
Train,4.20763150318192,4.32439067180109
Train,4.27005571943413,4.36280258386351
Train,4.33025108942232,4.45315810694957
Train,4.38817811066825,4.43441636591986
Train,4.44396262968043,4.54033189437395
Train,4.49772135282087,4.63663205748233
Train,4.54942277315042,4.50068683849582
Train,4.59945231154328,4.66583300645096
Train,4.64775881540354,4.65566225042634
Train,4.69442979071714,4.65613074079787
Train,4.73942502629774,4.68269816940387
Train,4.7830685914796,4.79422495220354
Train,4.8253058575665,4.79158182670409
Train,4.86620371825587,4.98319552926361
Train,4.90582489087089,4.82297668716311
Train,4.94412435061645,4.88781209265559
Train,4.98136829008649,4.96057586950848
Train,5.01750156316566,4.9631780535882
Train,4.11391224174551,4.02214123023933
Train,4.17086899875919,4.12464337249585
Train,4.22654643261608,4.21091439354192
Train,4.28098716752216,4.2289310527408
Train,4.33423195495662,4.30795033177477
Train,4.386319775404,4.33384544190012
Train,4.43728793352601,4.37094223994037
Train,4.48717214726119,4.42208498581748
Train,4.53600663129973,4.50771982611041
Train,4.58382417534343,4.54920942097201
Train,4.63052638339636,4.56865937464852
Train,4.67640571428571,4.61597105998263
Train,4.72135855700427,4.66433480496434
Train,4.76541269530156,4.67035069700109
Train,4.80859481300768,4.75792352658727
Train,4.85093054793016,4.82064326796624
Train,4.89244454261248,4.78586858694067
Train,4.9331604921652,4.82155012096953
Train,4.97310118936505,4.93157645326378
Train,5.01228856720203,4.92966475350623
Train,4.31041569693412,4.04516762644462
Train,4.36150201322049,4.25560156095776
Train,4.4113712724966,4.34890675489917
Train,4.4603569816047,4.27283474746275
Train,4.50833916000455,4.36637206200295
Train,4.55534833281064,4.47321402694851
Train,4.60127684922546,4.53417476819825
Train,4.64642945323015,4.72223354489822
Train,4.69069343394197,4.65929573781958
Train,4.73409476849156,4.66575487662295
Train,4.77653184227533,4.60291094682653
Train,4.81828426118081,4.77707524525922
Train,4.85924606970945,4.82735625413596
Train,4.8994395133602,4.8459224541253
Train,4.93876865029425,4.85383510551882
Train,4.97749098250746,4.88041878247448
Train,5.01550681702997,4.97857359289606
Train,5.05283531438251,4.90525186879168
Train,5.08938584281513,4.86351356166854
Train,5.12539636033461,4.97763309000414
Train,2.13243861956292,2.28723575280519
Train,2.34128924043706,2.46823592406501
Train,2.54147236406507,2.62125002304374
Train,2.73351658577987,2.93873639674216
Train,2.91764908754638,2.98431419875955
Train,3.09484693270104,3.18516824473515
Train,3.26525431926018,3.47733785663138
Train,3.42925423805619,3.66305349034977
Train,3.58720140982669,3.82285384615148
Train,3.73942484636421,3.93238772552039
Train,3.88602325679968,4.08881436839867
Train,4.02770179249685,4.17854452556799
Train,4.1645107136517,4.3377742335959
Train,4.29669683792838,4.39933045476832
Train,4.42449058009706,4.53667426626291
Train,4.54810729238474,4.62913621794653
Train,4.66757958015531,4.75024424232042
Train,4.78343928285984,4.8051818631607
Train,4.89568893908169,4.92062468968948
Train,5.00449468742572,4.96595066871536
Train,2.12760523077417,2.52006775459198
Train,2.34637372309523,2.56584512838343
Train,2.55457813048694,2.67202271250268
Train,2.75296560508509,2.85728363021079
Train,2.94221446468269,3.04544202550814
Train,3.123221454504,3.2545529998182
Train,3.29597824642569,3.41741128173088
Train,3.46129167080254,3.62737710468689
Train,3.61963263821041,3.8004969583527
Train,3.77143315625735,3.93700637688304
Train,3.9170902656182,4.05550556921065
Train,4.05696950766991,4.17548079553968
Train,4.19140798749415,4.27359889461399
Train,4.32071708628142,4.38915029949772
Train,4.44518486907893,4.53179588069062
Train,4.56526444033518,4.60871345304038
Train,4.68082434171382,4.71126871369839
Train,4.7922878682364,4.80602241288641
Train,4.89986903945461,4.8977110460168
Train,5.00376722120807,4.97201942374437
Train,0.881313407493903,1.11554219599931
Train,1.04022533311853,1.15804092107312
Train,1.19485035881755,1.30291963365474
Train,1.34455630837884,1.37801937679323
Train,1.49035156023774,1.62304156872588
Train,1.63162894722668,1.69766047263416
Train,1.76932972330652,1.88366805208266
Train,1.90287082845417,2.18479767016528
Train,2.03278477320619,2.09486837720199
Train,2.15955630663759,2.19710998538524
Train,2.28263671028192,2.38967663130176
Train,2.40282653217886,2.42171937369705
Train,2.51959872791927,2.69003732246059
Train,2.63340110973659,2.59010186768381
Train,2.74464323365736,2.91649689607904
Train,2.85282871803426,2.97335492719294
Train,2.95864722385864,3.0465515138056
Train,3.06162162721572,3.22290333560084
Train,3.16240370553857,3.22578694520046
Train,3.26053467173671,3.16656806614339
Train,3.20745703847065,3.6630248449764
Train,3.30170650686263,3.65729245043151
Train,3.39306209800919,3.7039250635348
Train,3.481655078994,3.71615812652105
Train,3.56760889607013,3.84509790683134
Train,3.65103974856348,4.08281019397239
Train,3.73205711297071,3.98238654102999
Train,3.81076422222222,4.01249036896758
Train,3.88725850452219,4.1108042583269
Train,3.96163198568811,4.27302656098079
Train,4.03414958402946,4.21881526565588
Train,4.10453298015473,4.22931553247826
Train,4.17304297401347,4.43154642232146
Train,4.23975338006026,4.37866880046215
Train,4.30473418517441,4.48655369409223
Train,4.36805179357886,4.47952326017869
Train,4.42976925319048,4.67208136339979
Train,4.48994646502365,4.6688209181362
Train,4.54864037710914,4.69820220209684
Train,4.60590516424798,4.77228002006849
Train,3.81322948551779,3.64656128493686
Train,3.90691893116058,3.93137138608047
Train,3.99499599651112,3.96143032114541
Train,4.07829800435941,4.01914709654792
Train,4.15687309776207,4.05020180597243
Train,4.2314241501863,4.1539234111931
Train,4.30195598079178,4.25630627403791
Train,4.36906600413628,4.28253254493898
Train,4.43286309570572,4.43972135716308
Train,4.49345921462985,4.51246760286195
Train,4.55133206798867,4.53131800379333
Train,4.60642880980625,4.62322681843822
Train,4.6591659071363,4.65355097690619
Train,4.7095853832341,4.69968322466123
Train,4.75773519097383,4.76919963062341
Train,4.80395954642162,4.81341386363988
Train,4.84818469075593,4.86803310948699
Train,4.89071654213727,4.90278589870744
Train,4.9314780344064,4.9414205865223
Train,4.97074279761159,4.98716246666249
Train,2.11871101732342,2.37032168924677
Train,2.35639971209534,2.46965371942563
Train,2.57961855820311,2.70848515981251
Train,2.78989134529572,2.81055444495072
Train,2.98785655932474,3.12812768844272
Train,3.17477896625679,3.25139140780425
Train,3.35155747229536,3.29248529516571
Train,3.51899599735828,3.60164834831043
Train,3.67799902481864,3.53821197850024
Train,3.82883959521849,3.8891158024835
Train,3.97229603415125,4.00151678323815
Train,4.10889760260885,4.13157668096808
Train,4.23927485409542,4.26339163948243
Train,4.36355570378415,4.427774582547
Train,4.48229529172797,4.42737293051369
Train,4.59585613532836,4.64053470309466
Train,4.70456980496575,4.72351903518503
Train,4.80886099985393,4.73370637769698
Train,4.90876211796032,4.7655129306934
Train,5.00465578625424,4.88461801092963
Train,2.12948535332106,2.11991476366823
Train,2.36808451852299,2.44154207380745
Train,2.59186526912554,2.68181024441132
Train,2.80216649499457,2.82314030072932
Train,3.000170504711,3.04070602499624
Train,3.18692526529574,3.30257635306784
Train,3.36336295610416,3.44957637057385
Train,3.53031553040329,3.63010985834326
Train,3.68852783291814,3.57782962079493
Train,3.8386687097472,3.73500406213252
Train,3.98117658853724,3.83642187955347
Train,4.11693089856034,3.86775749124435
Train,4.24625164233841,3.99881125974342
Train,4.36958557581574,4.13193119704592
Train,4.48733902625815,4.30063225105957
Train,4.59988236426554,4.44857577574143
Train,4.7075538950272,4.57584753795149
Train,4.8106632549458,4.64861321230925
Train,4.90949438546162,4.7339552590012
Train,5.0043081442292,4.76683743131392
Train,3.80686095628512,3.73844212780624
Train,3.88825780035489,3.86352369118036
Train,3.96735305420407,3.91200204279145
Train,4.04390277421532,3.93972004094285
Train,4.11819219791182,4.1313530888339
Train,4.19048006029031,4.1241793409961
Train,4.26053463553273,4.16706350843091
Train,4.32860849110071,4.3130157697626
Train,4.39493142283059,4.34288721858449
Train,4.45928377012633,4.37648225601985
Train,4.52189070250458,4.52376312067946
Train,4.58282228061717,4.55145698306642
Train,4.64227670641411,4.61773732295609
Train,4.70004978487365,4.63805479812378
Train,4.75633656690906,4.65969390977498
Train,4.81131565928723,4.8189629691726
Train,4.86479384963001,4.90273501466854
Train,4.91694739191074,4.88648175744826
Train,4.96793808513569,4.97620427555383
Train,5.01758310678026,4.92900495928217
Train,3.80679430504339,3.99693358260438
Train,3.88778650624006,4.06728806387457
Train,3.96636833684948,4.2436097402256
Train,4.04264582006686,4.3049440069357
Train,4.11688107377723,4.33288946742106
Train,4.18883926678568,4.40943543397604
Train,4.25877631363443,4.4709479840418
Train,4.32677618926272,4.45399095554546
Train,4.39291828014959,4.5557542438956
Train,4.45727769348714,4.61448297701483
Train,4.52006290390445,4.63951799713708
Train,4.58106298535578,4.67220330028358
Train,4.64048290846607,4.74621860383775
Train,4.69838328726409,4.8233040191448
Train,4.75482167475606,4.80921319513405
Train,4.80985275374445,4.89782350608262
Train,4.86364632096847,4.96497142702332
Train,4.91601337261856,4.95040842345126
Train,4.96712174883294,5.00795207295415
Train,5.01701629032258,5.10632420041811
Train,3.80611972270364,4.0146729353088
Train,3.88731910707581,4.04031378058667
Train,3.96625146411162,4.12429197181452
Train,4.04267301536831,4.20395131063739
Train,4.11702825065274,4.23030316263481
Train,4.18908159294882,4.25552391995921
Train,4.25924659584589,4.33636263105468
Train,4.32729583140517,4.40948747659117
Train,4.39361508479803,4.51180829545335
Train,4.45798494631505,4.49149017620735
Train,4.52076618154539,4.48147471401497
Train,4.58174721307592,4.70643507021842
Train,4.64126618351841,4.56804803372178
Train,4.69911912423919,4.75329712407824
Train,4.75562365370924,4.80399544803168
Train,4.81058316405152,4.76661777472576
Train,4.86429659539017,4.76644030287123
Train,4.91657443783087,4.83635272712301
Train,4.96769858284785,5.00992807698522
Train,5.01748634825444,4.93335109547572
Train,3.80623805303049,3.81643022335047
Train,3.88753078020919,3.90994842551824
Train,3.96637498914405,4.00080291182132
Train,4.04271066599911,3.99741311768914
Train,4.11698331648424,4.13865943627854
Train,4.18911552401937,4.19267022306223
Train,4.25919850153353,4.26522844819803
Train,4.32731835193961,4.34347909498229
Train,4.39340995199618,4.41078329332759
Train,4.45784711642854,4.48701118125834
Train,4.52055203115629,4.5232497268318
Train,4.58159362124596,4.65072703486883
Train,4.64090566213999,4.73374777867782
Train,4.69881655337345,4.6219965215712
Train,4.75525002877237,4.7433394358562
Train,4.81026191371953,4.77897442043106
Train,4.86390525603733,4.86925342220352
Train,4.9161146136343,4.87556888067028
Train,4.96717254044537,4.95734377859885
Train,5.01700594790432,4.93946340178601
Train,3.80454649010638,3.82985074940661
Train,3.88620973410509,3.87436442588051
Train,3.96520051675306,3.96917499228238
Train,4.04200080796561,4.04075591511947
Train,4.11652832777307,4.10678290980869
Train,4.18871590068989,4.23129327153823
Train,4.25899516781115,4.27838038742498
Train,4.32712567822561,4.29186505232509
Train,4.39350985115307,4.43329938206167
Train,4.4580647114781,4.45228484285577
Train,4.52072010590495,4.50403601837728
Train,4.58183995535504,4.58026760669556
Train,4.64134236269766,4.65707425573198
Train,4.69915706485423,4.65652433052777
Train,4.7556148422511,4.78543995534694
Train,4.81050863151791,4.83973060534973
Train,4.86414962297946,4.87478242996464
Train,4.91645909771057,4.91138601492126
Train,4.96736826217722,4.94636452694024
Train,5.01716207657154,5.0066046646891
Train,3.80700622888093,3.7675196867293
Train,3.88877427138241,3.93994795098489
Train,3.96800600174478,3.81389982539431
Train,4.04481762614159,3.93513358071427
Train,4.1193183585778,4.06948731430728
Train,4.19176990969564,4.08069094625049
Train,4.26194646769299,4.21866608513733
Train,4.33010297897973,4.23850171116707
Train,4.39632542721955,4.31592309957185
Train,4.46069498446434,4.41514686548633
Train,4.52328834308046,4.46542794632674
Train,4.58417802057164,4.45845717367627
Train,4.64343263984584,4.55838042712288
Train,4.70111718720335,4.58694144578286
Train,4.75729325008537,4.61316272267162
Train,4.81213981254375,4.74837407139333
Train,4.86546810011917,4.79751180786134
Train,4.91745449790918,4.79836782952411
Train,4.96814902518575,4.91654114563397
Train,5.01759924575596,4.89010271894575
Train,3.80596336604268,3.86891021224203
Train,3.88769996513518,3.91832210827312
Train,3.96674161449095,3.97221575729678
Train,4.04355965949606,4.08655399860798
Train,4.11808074467046,4.12238582835329
Train,4.19040637558598,4.19717430881448
Train,4.26047628850373,4.26151396567863
Train,4.32869680202522,4.34893412431462
Train,4.39499247859256,4.39480625055333
Train,4.45944364865415,4.43133722398579
Train,4.52198698971251,4.54004336299814
Train,4.58297654566406,4.55964828858605
Train,4.6423371550814,4.64953396046844
Train,4.70013321830006,4.70241493877179
Train,4.75630064541361,4.74547115265078
Train,4.81115082293435,4.84555973182746
Train,4.86461027507873,4.84698029804093
Train,4.91673123242365,4.8972227550371
Train,4.96745026806128,4.91572288967133
Train,5.01704349793831,4.93147087654358
Train,2.12495056724821,2.25769777830455
Train,2.34945777282283,2.46088943937723
Train,2.56222321742098,2.67330260413171
Train,2.7641445707376,2.8586341781374
Train,2.95625223204811,3.04408090940547
Train,3.13882167745276,3.18826132983888
Train,3.31274714406066,3.38633655056581
Train,3.47862832524072,3.55249851991523
Train,3.63701069498069,3.70016786207478
Train,3.78839150003933,3.80357593902362
Train,3.93339306210399,3.83480925629319
Train,4.07208793953699,4.09189385493922
Train,4.20503299368069,4.12118334311947
Train,4.33257851609173,4.36028990811039
Train,4.45504691063629,4.42032954480768
Train,4.57273541460253,4.52873890567188
Train,4.68605019663049,4.65126262520446
Train,4.79497683635959,4.74299667307225
Train,4.89988733030091,4.81824633244953
Train,5.00099977196109,4.89640975579162
Train,3.12057470503998,3.28196204474126
Train,3.25056695041291,3.40061874338898
Train,3.37621872657534,3.51713602067362
Train,3.4977438575222,3.61365816109894
Train,3.61534234937141,3.74262304367119
Train,3.72937877692919,3.86538073447425
Train,3.8396686208536,3.98223279441149
Train,3.94655966910797,4.09276024618094
Train,4.05020664832263,4.18766584119143
Train,4.15075503382182,4.31546349064484
Train,4.24834173087499,4.37622314193412
Train,4.3430956966223,4.4626846819422
Train,4.43513850861546,4.53239063751935
Train,4.52458488524473,4.59852968655002
Train,4.61154316273624,4.66814452562561
Train,4.69624771173823,4.74546238726867
Train,4.77852787647681,4.82384779337034
Train,4.85861100191392,4.88485175913468
Train,4.93658392646145,4.91880035395352
Train,5.01252897163456,4.98321672990487
Train,4.42397364004492,4.61216835907801
Train,4.46683735539606,4.65302468567982
Train,4.50893936539061,4.6905053838136
Train,4.55029979492786,4.69238853567445
Train,4.59081178213107,4.76810152150976
Train,4.6307488212185,4.78128312278534
Train,4.67000050224061,4.82435715567469
Train,4.70858431721445,4.82209253174201
Train,4.74651716792629,4.88533616412634
Train,4.78381539061844,4.94169194737959
Train,4.82038074793771,4.93626749449097
Train,4.8564584459679,4.97819133903796
Train,4.89194731473712,5.00209483149112
Train,4.92686165310814,5.00789305231367
Train,4.9612153006917,5.05808454449286
Train,4.99502165613748,5.06450013946041
Train,5.02819021518429,5.06569534370695
Train,5.06094212110785,5.06038981700979
Train,5.09318441768244,5.1048605129438
Train,5.12492890713027,5.10418846285312
Train,2.12550104692162,2.39201688824257
Train,2.36249646776252,2.45147000868426
Train,2.58505640723356,2.69500973507239
Train,2.79446079096045,2.95009780398858
Train,2.99161351625738,3.01442235672223
Train,3.17799179941986,3.36282720500811
Train,3.3542501589361,3.36781541840855
Train,3.52119104304165,3.54507428015553
Train,3.67953424563131,3.8130205102794
Train,3.82992728112534,3.61601583052096
Train,3.9727875343067,3.90609859039498
Train,4.10898451819272,4.09257524899497
Train,4.23882202114306,4.05117772339081
Train,4.36273529873528,4.25426100968085
Train,4.48112077281812,4.3652199929781
Train,4.59434026797352,4.5646213706692
Train,4.70259797540691,4.6547073222194
Train,4.80645584613463,4.73813263998287
Train,4.90605999608534,4.78216659927936
Train,5.00166651130452,4.81732996833669
Train,2.12904881893534,1.86303358059455
Train,2.36467502334078,2.3659839405899
Train,2.5863717544168,2.77742293831893
Train,2.79486546174269,2.70453794853616
Train,2.99152432623126,3.43946880546935
Train,3.17753928220471,3.4381977792253
Train,3.35335162280537,3.7175780427141
Train,3.51996756608778,3.7750550062371
Train,3.67827029863456,4.05269185388564
Train,3.8285242355018,4.27425794654423
Train,3.97149069765597,4.31089582758803
Train,4.10768730780933,4.632401430379
Train,4.23773203527581,4.52255642335021
Train,4.36174904466134,4.50851066722668
Train,4.48028311048674,4.57960414548673
Train,4.59381959626278,4.74469891221084
Train,4.70241946335215,4.85522984042469
Train,4.8065167131807,4.92411209943491
Train,4.90649997779317,4.95379132374195
Train,5.00238865030275,5.01245183958059
Train,2.12501527018452,2.20562304997425
Train,2.35003051178219,2.55170702027085
Train,2.56320298552501,2.42587538945372
Train,2.76544366309285,3.0131563950727
Train,2.9577821852447,3.05360990498803
Train,3.14052880265688,3.32742811638645
Train,3.31457352501106,3.45236489975287
Train,3.48052343913084,3.66801127493157
Train,3.63893044409494,3.720863858318
Train,3.79029738299524,3.82411185269772
Train,3.935241980896,4.04085051394752
Train,4.07386039520268,4.05585664667035
Train,4.20670336561969,4.1918691862345
Train,4.3341244713593,4.30267040624186
Train,4.4564490068171,4.46405307158508
Train,4.57397675444721,4.56092742405323
Train,4.68710854989513,4.6390088898909
Train,4.79584736949743,4.73530277436725
Train,4.90055910934902,4.84720029210516
Train,5.00146341314049,4.94926429054731
Train,2.42904274077958,2.5706430793901
Train,2.54128805417005,2.67219688058482
Train,2.65056593256424,2.76891539143753
Train,2.7564785354289,2.85432281518863
Train,2.85942745828435,2.94619675241394
Train,2.95977794398226,3.03031450526504
Train,3.05715430887349,3.15103009975543
Train,3.15214540181046,3.23856899571102
Train,3.24438972506331,3.32647974542329
Train,3.33422175797062,3.40701428206597
Train,3.4219471433464,3.54634791886689
Train,3.50722467475221,3.64197371965542
Train,3.5903563487981,3.6449371736271
Train,3.67161885214673,3.77763721719286
Train,3.75069005228593,3.82345449140851
Train,3.82803125587547,3.92645695552736
Train,3.90333237359765,3.96112407956007
Train,3.9768509209034,4.07489625981008
Train,4.04882379492898,4.11262131297576
Train,4.1189579695916,4.20096614265298
Train,2.12615928244812,2.11179901385592
Train,2.35640561825386,2.20755325127536
Train,2.57396830461773,2.37012699029197
Train,2.77939454680487,2.57885551638497
Train,2.9738957158573,2.65449978471999
Train,3.15853311371012,2.95065800951224
Train,3.33363468544825,3.16309847564597
Train,3.50011217092624,3.31257080059761
Train,3.6587702019829,3.52160689795316
Train,3.80979810691597,3.72984935044355
Train,3.95389951589732,3.88203547987399
Train,4.09154024536951,4.0208720646458
Train,4.22329740527652,4.14455261207707
Train,4.34924873605194,4.26861591453516
Train,4.4699090977705,4.38422791839956
Train,4.58573896656535,4.50827634324652
Train,4.69676532558195,4.62562064753913
Train,4.80340425438494,4.70133895100377
Train,4.90602959692195,4.78314209836241
Train,5.00463488654235,4.83879888498794
Train,3.8059207838499,3.8015273639376
Train,3.88731757973585,3.92419337467672
Train,3.96608546145374,4.00848755679978
Train,4.04267446966147,3.99387354767787
Train,4.11701540571486,4.19100524628894
Train,4.18905248026734,4.17279877532684
Train,4.25918869378173,4.2590005369924
Train,4.32735299829126,4.30119681415881
Train,4.3934865456023,4.41912450774302
Train,4.45795239861141,4.3857550193797
Train,4.52067906156789,4.57300067954897
Train,4.58173597875038,4.61947575215262
Train,4.64106249388532,4.66693991958475
Train,4.69897715218169,4.71440482573574
Train,4.75540930973608,4.76901931371274
Train,4.81029811863013,4.82458253479601
Train,4.86393398522854,4.89459504936354
Train,4.91624761325902,4.98673598874675
Train,4.9671786385632,4.97738984297043
Train,5.01699296006305,4.96894740181521
Train,2.12484842216417,2.38812735742704
Train,2.36660916552662,2.5288032464553
Train,2.59290912964036,2.71449621031929
Train,2.80518545392664,2.81468039145587
Train,3.0047025139173,2.8681109955639
Train,3.19279607615065,3.22597136123354
Train,3.37000616992748,3.43578878117377
Train,3.53744596601947,3.60393530221084
Train,3.69590180059452,3.83487898348769
Train,3.84607783287803,3.95749952452199
Train,3.9886065068177,4.11969456584519
Train,4.12405745422408,4.24392965081786
Train,4.25294510370161,4.35279010145807
Train,4.37573520966739,4.49412972463643
Train,4.49285047613896,4.62107612975105
Train,4.60480662645768,4.70000389421613
Train,4.7116860565606,4.74290145874648
Train,4.81394631719168,4.82398823705222
Train,4.91188052474144,4.92436638386167
Train,5.00575750911989,4.93379371780007
Train,2.11009471883343,2.91015274394712
Train,2.37041039572539,3.01160985005457
Train,2.61099245908694,3.27772599893307
Train,2.83400286718623,3.36358368293549
Train,3.04129889443473,3.50165816388571
Train,3.23425959314538,3.68294067503765
Train,3.41474353528568,3.75823432568189
Train,3.58372500444503,3.8026904192741
Train,3.74226964422779,4.09222117397739
Train,3.89131540652892,4.12198738783327
Train,4.03169112121989,4.28533091352049
Train,4.16413191680804,4.41185913572002
Train,4.28929209795479,4.54315167932503
Train,4.40775595607406,4.57962342628761
Train,4.52004688997203,4.60282743065726
Train,4.62650967206529,4.66383173784309
Train,4.72782502723186,4.84013462226321
Train,4.82424362092163,4.89987621263714
Train,4.91611208106899,4.99531224022991
Train,5.00374507401355,5.0440242433775
Train,2.129067878023,1.93361024613614
Train,2.36787792905186,2.28159405648849
Train,2.59208132754936,2.51191326018636
Train,2.80248393375513,2.65369437235088
Train,3.00055431103668,3.03409357505676
Train,3.18756551755991,3.06259902166811
Train,3.36400289133691,3.29722653872589
Train,3.53093486493978,3.39812603463555
Train,3.68929589731702,3.58205229078167
Train,3.83937516522213,3.75200822460402
Train,3.98197381270913,3.92114045484493
Train,4.11763754094162,4.02494633236224
Train,4.24701295926842,4.04536458387187
Train,4.37023568941752,4.21330091494185
Train,4.48787338357829,4.32575224009986
Train,4.60043042438518,4.48019440110167
Train,4.70797402783647,4.5248862015032
Train,4.81095366343755,4.69165886585076
Train,4.90977083098347,4.78304706323209
Train,5.00444813374043,4.88407816293356
Train,2.36097802441054,2.75134753531873
Train,2.59467270880296,2.85516533954843
Train,2.80991602211101,3.07898606254174
Train,3.00828576076312,3.11276034379313
Train,3.19217654819851,3.44475206688737
Train,3.36266575017569,3.44693305542043
Train,3.52158740602271,3.74608602156489
Train,3.66968650890396,3.85564638327896
Train,3.80821594725934,4.02689164789529
Train,3.9382470175695,4.06330129825141
Train,4.06021325882976,4.20302457358661
Train,4.17514813515164,4.33039728794377
Train,4.28335361077381,4.40096644307164
Train,4.38554006922663,4.44975023774755
Train,4.4823253111259,4.64060959470659
Train,4.57388140873411,4.6689341829231
Train,4.66085324788706,4.76003316507884
Train,4.74335552867245,4.86923118843667
Train,4.8219342682751,4.94570124927847
Train,4.89666225509807,4.96058653797924
Train,3.13066823605367,2.89399000726677
Train,3.2653108264816,3.05072673469595
Train,3.39478865399112,3.31129552374742
Train,3.51898420713781,3.43122763757849
Train,3.63841031814301,3.52383235044563
Train,3.75352574052123,3.62149449038432
Train,3.86419478631816,3.69218890729907
Train,3.97084544861934,3.79941190402031
Train,4.07386216601098,3.88844465646021
Train,4.17309998647914,3.9815845949126
Train,4.26892070629017,4.10070184549417
Train,4.36149783208145,4.19040443375104
Train,4.45114097624998,4.20658554444964
Train,4.53770137997336,4.35390617556231
Train,4.62147332342409,4.36972681178815
Train,4.70272335190628,4.47655579725355
Train,4.7813037669359,4.61614438433993
Train,4.85746953301625,4.67295640988005
Train,4.93145231247699,4.77024074378598
Train,5.00310747339594,4.80793181959505
Train,3.74239489362839,3.78455871791435
Train,3.82910320565476,3.8426155282613
Train,3.91283018968842,3.87784094764676
Train,3.99404431282438,3.97160606442606
Train,4.07270265527586,4.06391819391593
Train,4.14877480179739,4.16047220470749
Train,4.22267517861963,4.24548922515119
Train,4.29435470068976,4.32706913550938
Train,4.36377575593117,4.38350578091418
Train,4.43130764848334,4.42170533241245
Train,4.49689755489048,4.49132118865132
Train,4.56062805510859,4.55142456403038
Train,4.62245567120425,4.61066293361397
Train,4.68270027518888,4.68573430466486
Train,4.74130662485842,4.77536549879848
Train,4.79822877862616,4.79565663357075
Train,4.85375585529207,4.82345328892256
Train,4.90783210332889,4.85370784381798
Train,4.96041026430419,4.87601866870111
Train,5.01175299734479,4.90357539648077
Train,3.8034503864279,3.78828098391514
Train,3.88519629205936,3.99080648876288
Train,3.9642758143468,3.96347812926299
Train,4.04115558955896,4.13250257529594
Train,4.11576116141328,4.14705194233853
Train,4.18819196994992,4.15795902882098
Train,4.25838661498708,4.15718412654441
Train,4.32674812805353,4.30304992787221
Train,4.39320031641299,4.42584490094193
Train,4.45782206902926,4.4860425035726
Train,4.52054925469123,4.52060500882186
Train,4.58173363623279,4.56827901126899
Train,4.64129950786784,4.70946660091506
Train,4.69931025289988,4.65901844039891
Train,4.75570117986209,4.67145326842067
Train,4.81078211704302,4.87266098612965
Train,4.86447917330845,4.8478223349747
Train,4.91684385558621,4.81203691538343
Train,4.9678122675308,4.95432987656809
Train,5.0176594929962,4.99435932356645
Train,0.121912889345683,0.2966935788563
Train,0.321212618614355,0.227525191965828
Train,0.505488365045808,0.580830181834381
Train,0.676377270332567,0.705563271996339
Train,0.835721298201025,0.812697033253264
Train,0.983839788785082,1.00591493197869
Train,1.12225631485193,1.05493368058768
Train,1.25189388522558,1.25424169937201
Train,1.37356202535614,1.51607604120848
Train,1.48797369810938,1.58208126997359
Train,1.59605576012599,1.74195048936049
Train,1.69775822869169,1.82671107092648
Train,1.7938935331152,1.96486813576988
Train,1.88490661293244,1.89311278524948
Train,1.97119622403223,2.15445954523661
Train,2.05312077928406,2.21421200669057
Train,2.13121849731664,2.30511697189127
Train,2.20534073366341,2.4004221766631
Train,2.27597809355105,2.48265211240566
Train,2.34337069592827,2.60405192085727
Train,3.00190855643143,2.73494074681907
Train,3.11154383429012,2.83671681037822
Train,3.2174104685491,2.95951507889626
Train,3.31969949299921,3.01353351354415
Train,3.41858924454627,3.26328315617215
Train,3.51442734455197,3.30527604883786
Train,3.60700208859448,3.20573342432758
Train,3.69664654773391,3.64239401671924
Train,3.78349768358196,3.68815730976313
Train,3.86768405323916,3.75262427702695
Train,3.94932644422233,3.90727653162401
Train,4.02853845268934,3.80210601770648
Train,4.10542701078235,4.16789690676161
Train,4.18009286823752,4.20941999189795
Train,4.25263103282269,4.2466865839256
Train,4.3232648426538,4.2379339310215
Train,4.39180798215632,4.33474756636919
Train,4.45847801874026,4.42442784345327
Train,4.52335069787516,4.39916540731105
Train,4.58649773530518,4.42762510744805
Train,2.1230898668007,2.33765903730251
Train,2.35310504958047,2.5038071119399
Train,2.57025444451035,2.77740893716082
Train,2.77558814575459,2.90668608441181
Train,2.97024574076675,3.10884638391785
Train,3.15465746306227,3.30493727629078
Train,3.32979227868022,3.45090540803291
Train,3.49633303012957,3.64392159236201
Train,3.65489714909719,3.73613899508379
Train,3.80604430555556,3.91156599555222
Train,3.95043246607212,4.07539613303522
Train,4.08821917312294,4.20089275404845
Train,4.21998349942063,4.33766749805009
Train,4.3461118399746,4.4780690363869
Train,4.46695822719602,4.58039204474932
Train,4.58284764957916,4.69587216319289
Train,4.6941945519255,4.76114366708082
Train,4.80103857268207,4.8490881377838
Train,4.90375409617079,4.90115216198228
Train,5.00257587715067,4.95783265553335
Train,2.12823337150201,2.12696578252482
Train,2.36411077689893,2.27372429594706
Train,2.58556084540345,2.39191885715606
Train,2.79429787321292,2.67424273745082
Train,2.99097959107034,2.93321628674215
Train,3.1770048147638,3.03716382462526
Train,3.35285279077528,3.27512867898875
Train,3.51968113936391,3.42927466829774
Train,3.67800242205579,3.60159179787016
Train,3.82829541577257,3.73541669035705
Train,3.97145202581556,4.00565645252225
Train,4.1076858400867,4.1980506695957
Train,4.23775673214238,4.24670796239747
Train,4.3619445926591,4.43783944080678
Train,4.48051650454393,4.5348774664028
Train,4.5940807056478,4.58870050600753
Train,4.70272168509138,4.77754106471348
Train,4.80696937638016,4.86793916058792
Train,4.90687679564637,4.92043144634397
Train,5.00290915065122,5.02419813087928
Train,2.12649679914649,2.2960172834431
Train,2.35759501184343,2.44210952767015
Train,2.57579871456369,2.4973906504302
Train,2.78171004898345,2.75624849610923
Train,2.97655078179956,2.88653144066667
Train,3.16119033961514,3.07749198572485
Train,3.33660020704182,3.26127802144431
Train,3.50309248504017,3.42915636947565
Train,3.66150276704624,3.62628780315171
Train,3.8124055918898,3.7867194149979
Train,3.95647937588095,3.92615564634088
Train,4.09387710541017,4.09426545860466
Train,4.22519554485524,4.20592352361203
Train,4.35082943708329,4.32453645760566
Train,4.47127164782101,4.49757841866542
Train,4.58658493578139,4.60946975306423
Train,4.69721097911515,4.71660264769917
Train,4.8034298752106,4.80848473958587
Train,4.90561165504706,4.89989871305568
Train,5.00376687657177,4.99369498728385
Train,2.12426474177798,2.25585632413637
Train,2.35063717238353,2.50262319576056
Train,2.56487196721311,2.6352491150235
Train,2.7679198323259,2.92560328362321
Train,2.96063471204643,3.04025206199048
Train,3.14378579387147,3.21300388103087
Train,3.31806776936108,3.45146648402077
Train,3.48410963961541,3.62066351990104
Train,3.64248230061874,3.76900872694918
Train,3.79370510124421,3.94577433212139
Train,3.93809071449201,4.05384699588813
Train,4.07640023404386,4.14825984010244
Train,4.20886154281866,4.3531021393805
Train,4.33583788543298,4.49015310316496
Train,4.45766303418754,4.6099694427438
Train,4.5746442187341,4.68061612473491
Train,4.68706471308976,4.8101833384672
Train,4.79518612586059,4.87753527168505
Train,4.8992504326528,4.89992634215573
Train,4.99948178390723,5.01459646872016
Train,2.12069811485206,2.32694034666075
Train,2.35218470385353,2.49003057123532
Train,2.57057755642353,2.71414113961041
Train,2.7769570622838,2.93950555015543
Train,2.97228793269146,3.10968205160108
Train,3.15723568352264,3.24765818644089
Train,3.33298376109513,3.47974831453686
Train,3.50002222658851,3.61156224091435
Train,3.65898286341219,3.74109647503457
Train,3.81043779263866,3.89071560443141
Train,3.95490635331891,4.05290990033855
Train,4.09286105212978,4.18708951519461
Train,4.22473272598362,4.3186392760421
Train,4.35091503644363,4.44699081545338
Train,4.47176839471261,4.53040917186962
Train,4.58749844172053,4.69276672983367
Train,4.69866391195884,4.79807663779479
Train,4.80541421416605,4.87955013952243
Train,4.90800726291726,4.8993426977131
Train,5.00668126816914,4.96769727244544
Train,4.51947933506468,4.59805012793448
Train,4.55595585406054,4.63850173108466
Train,4.5917319627115,4.67758462300857
Train,4.627075703772,4.71645023933727
Train,4.66187178245568,4.72569780898052
Train,4.69613283019948,4.76420981983563
Train,4.72975236329546,4.77888701114126
Train,4.76298150731276,4.80471509267843
Train,4.79571121929055,4.86043864683384
Train,4.8279526748944,4.84656639853458
Train,4.85960491137652,4.89200160024759
Train,4.89090370692284,4.90908707625912
Train,4.92174579971075,4.91692415365376
Train,4.95214111344554,4.93656191378577
Train,4.98199381297,4.97675311535215
Train,5.01152570884951,4.98187160862858
Train,5.04063889265971,5.02096310105283
Train,5.06934220665434,5.03844257774229
Train,5.09754458307822,5.05124984927121
Train,5.12545508269722,5.05509530195233
Train,2.12494654509825,2.22131970126957
Train,2.36598412000708,2.38877639832604
Train,2.59196570528841,2.57549131384383
Train,2.80379698900247,2.81442340429454
Train,3.00298370934386,3.02753018747151
Train,3.19083016455647,3.17901939786206
Train,3.36789057987543,3.30182228618706
Train,3.53525081837902,3.50112341807995
Train,3.69386021820756,3.6706499544839
Train,3.84405824457985,3.87046527717627
Train,3.98665280163087,4.01991892676377
Train,4.122207001394,4.14920543869725
Train,4.25137132222626,4.27264604134987
Train,4.37431687836064,4.40596176576362
Train,4.49161091976608,4.54250082019295
Train,4.60375754775155,4.63736833263754
Train,4.71085249935736,4.74047517455954
Train,4.81334220797438,4.82272377223243
Train,4.91162557614815,4.88194792830074
Train,5.00574879795207,4.91027172588199
Train,3.12543660352992,3.24392975798842
Train,3.25712552680222,3.38995815802459
Train,3.38384356666926,3.50767828759837
Train,3.50620900440506,3.64856833332217
Train,3.62411149096913,3.77541075944268
Train,3.73810966565051,3.8716249870947
Train,3.84808553713416,3.97424317908293
Train,3.95454624135555,4.09215122147011
Train,4.05751308548187,4.21840366765804
Train,4.15701563451543,4.33756253643319
Train,4.25349605830165,4.39296740248244
Train,4.34682758939512,4.506135940714
Train,4.43741576260776,4.56547258822259
Train,4.52525628961524,4.66505297712721
Train,4.61035273249628,4.76255129092829
Train,4.69306363582991,4.85156504313365
Train,4.77326219556547,4.88983507678592
Train,4.85128003768205,4.94703837323168
Train,4.9269917254398,5.01483371230592
Train,5.00070489880787,5.03551439676661
Train,2.12586216946758,2.31896763835921
Train,2.34810903639221,2.4209402838654
Train,2.55906981011008,2.63480514069829
Train,2.75958289477367,2.84977766662783
Train,2.95019087527279,3.02684629189685
Train,3.13201922497898,3.19166022947049
Train,3.30546511329829,3.40474270296193
Train,3.47109513912386,3.50920875222618
Train,3.62942596209123,3.64620562016243
Train,3.78092968593105,3.81681781629489
Train,3.92587471946271,3.9755252320236
Train,4.06499196065997,4.12496663229128
Train,4.19847485952058,4.2732032073363
Train,4.32665891410702,4.36355706180011
Train,4.44985350448167,4.4536210036753
Train,4.56834438574395,4.57442544087702
Train,4.68226681502816,4.70351728099374
Train,4.79212856728055,4.81402115365163
Train,4.89802281184461,4.88172322151605
Train,5.00016065846189,4.94050237434031
Train,2.1239034454604,2.00773587540266
Train,2.35911492066316,2.25819726003174
Train,2.58033210952386,2.49182090167325
Train,2.78876785111201,2.68649303305352
Train,2.98549876920964,2.80271053867788
Train,3.1714838731517,2.91396165258345
Train,3.34758019165918,3.10010072471096
Train,3.51455597750929,3.36035023491256
Train,3.6731019122736,3.59057568421011
Train,3.8238406558098,3.6012037181037
Train,3.96717569005629,3.81800160085069
Train,4.10394304643346,4.00081519445602
Train,4.23443871645856,4.14852701459034
Train,4.35908442797437,4.16724470153051
Train,4.47826492668644,4.40874790331924
Train,4.59233194299298,4.45978384994024
Train,4.70160765894359,4.57301518667791
Train,4.80638774730354,4.61868253188483
Train,4.90694404309473,4.83307055766626
Train,5.00352689844212,4.85122581263822
Train,2.12157822752679,2.20986993644195
Train,2.34997161046408,2.41091723362675
Train,2.56589949340802,2.61538239176546
Train,2.77035529952172,2.85680396045983
Train,2.96422962398634,2.99268122084247
Train,3.14851996271753,3.24475761962256
Train,3.3235451646146,3.34073460307342
Train,3.4901648213289,3.54334480718151
Train,3.64897024560068,3.74419925017686
Train,3.80049855744591,3.83283940853108
Train,3.94523875342614,3.982834939056
Train,4.08363697812071,4.11719166389371
Train,4.21610111752593,4.28484302467618
Train,4.34300481400337,4.42807615233195
Train,4.46469098601581,4.50987219896079
Train,4.58160039291125,4.61480039494339
Train,4.69376757502804,4.67747901586492
Train,4.80159108710145,4.80157542533341
Train,4.90531844922459,4.86793470445903
Train,5.00517872577434,4.93027220241961
Train,2.12157822752679,2.22165065347606
Train,2.34997161046408,2.41243829684834
Train,2.56589949340802,2.65865915990391
Train,2.77035529952172,2.82289027006982
Train,2.96422962398634,2.96112308139713
Train,3.14851996271753,3.20904261476024
Train,3.3235451646146,3.39078793456113
Train,3.4901648213289,3.60694621533078
Train,3.64897024560068,3.66081360231337
Train,3.80049855744591,3.8247084832075
Train,3.94523875342614,3.96508566749055
Train,4.08363697812071,4.18735949015284
Train,4.21610111752593,4.26344802570677
Train,4.34300481400337,4.46132083958241
Train,4.46469098601581,4.49917549260588
Train,4.58160039291125,4.60846376423158
Train,4.69376757502804,4.73486928167128
Train,4.80159108710145,4.83019548527749
Train,4.90531844922459,4.88296144889966
Train,5.00517872577434,4.94717028370527
Train,2.8296740501142,3.46004004608207
Train,3.00087003735464,3.34508143613706
Train,3.16277266275112,3.47381906762821
Train,3.31611866365468,3.61396963041636
Train,3.4615689084876,3.6597603075586
Train,3.59971791781557,3.82800016316921
Train,3.73110198672411,3.85060062107607
Train,3.85620614249155,3.94065242252975
Train,3.97547012785809,4.08287481925104
Train,4.08929356546614,4.19104677716616
Train,4.19804043129214,4.37440279156359
Train,4.30204294258438,4.4401170703525
Train,4.401604947801,4.51816515386737
Train,4.49700489141195,4.60324152187882
Train,4.58849841449439,4.63388768088227
Train,4.67632064227137,4.73149397705611
Train,4.76068820169532,4.80724645052596
Train,4.84180100552688,4.86862647754143
Train,4.91984383384104,4.93141359841374
Train,4.99498773929687,4.98656594710842
Train,2.12307251257918,2.65214447283244
Train,2.35964578934866,2.7708684997445
Train,2.58218050412771,3.02812008789904
Train,2.79142720735334,3.26775120006968
Train,2.98897791192864,3.48626957543413
Train,3.17537342606459,3.60754907823259
Train,3.35192322830612,3.85114828230016
Train,3.51901641132875,3.96799540718601
Train,3.67756862434833,4.15005309433439
Train,3.82838570779016,4.22969071437514
Train,3.97170145535005,4.33857735793893
Train,4.10836525981417,4.55223965147987
Train,4.23853985576174,4.6522715296695
Train,4.3628148187034,4.74809966739351
Train,4.48171459673084,4.8342211604473
Train,4.59532714951275,4.92290530071713
Train,4.70423982572091,4.93424923687289
Train,4.80850558860764,4.95532996026309
Train,4.90863863853738,4.94867753732976
Train,5.00466535907799,5.10736683213492
Train,2.12031013626789,2.30463936864112
Train,2.36102834848217,2.42755442070308
Train,2.58658898959166,2.6047926763037
Train,2.7983800262081,2.84502325958803
Train,2.99784901303123,3.01430530185346
Train,3.18561792614839,3.2216173375828
Train,3.36288618172805,3.45244897290665
Train,3.53051066694614,3.60246514707567
Train,3.68925750488651,3.73328243075526
Train,3.83981376202818,3.90005864376626
Train,3.9829588998068,4.05650277037316
Train,4.11891938268376,4.18297797785017
Train,4.24836903830734,4.25899620755408
Train,4.3717646127021,4.42850085164707
Train,4.48952110602165,4.55708066382685
Train,4.60201643538855,4.69002024501576
Train,4.70971741650357,4.7976745366246
Train,4.81269041611846,4.87314642567894
Train,4.91135181778044,4.87200394892886
Train,5.00596686579683,4.93051347360604
Train,2.12440624434696,2.0167362026823
Train,2.35222798355211,2.21892284327965
Train,2.56759390425402,2.33570911151826
Train,2.77149833019303,2.51293617896645
Train,2.96505326559385,2.72308220951983
Train,3.14860732130058,2.89604292106657
Train,3.32311528269837,3.10216267840148
Train,3.48922979559846,3.26262614159905
Train,3.64754219853314,3.45696670155015
Train,3.7985895563195,3.62501351015067
Train,3.94302608276754,3.77138820374853
Train,4.08095990864761,3.86809714504561
Train,4.2129716824796,4.01138569006623
Train,4.33943477525598,4.17810247115204
Train,4.46069181716834,4.29110887342446
Train,4.57705779753348,4.41221966468355
Train,4.68895122952415,4.50119936295411
Train,4.79637790324853,4.61220449554378
Train,4.8997186923022,4.77377646697144
Train,4.99920235130416,4.84356100689026
Train,2.12622589903915,2.10199627953857
Train,2.35105907196245,2.28754666136464
Train,2.56408052411292,2.29646800731304
Train,2.76596443231534,2.65874549514033
Train,2.95800431013222,2.70699320452146
Train,3.14069197335927,3.00907532494476
Train,3.31469435242682,3.18143774002097
Train,3.48061643614247,3.29143980685326
Train,3.63882531876998,3.50478724692927
Train,3.79019624579036,3.75880731187581
Train,3.93499541998522,3.7753953265343
Train,4.07364171657609,3.95310463091053
Train,4.20636535159036,4.06142334061729
Train,4.333832845834,4.11320649586318
Train,4.45620835739143,4.39300735225346
Train,4.57379102778125,4.40974506718321
Train,4.68685701678631,4.55647552578644
Train,4.79553547793856,4.73898794494608
Train,4.90031986812072,4.713634706979
Train,5.00129839913448,4.81884327640041
Train,3.15039381919847,3.17843586597865
Train,3.2382231415356,3.28678127706601
Train,3.32371965065747,3.37255467127649
Train,3.40678219060746,3.38677906631318
Train,3.48788845652993,3.47962298054832
Train,3.56692295565203,3.60470063943173
Train,3.64396406827628,3.69176818241544
Train,3.71908627017166,3.74875056105315
Train,3.79219047864077,3.79706396980048
Train,3.86368795523912,3.93721754962731
Train,3.93346868964079,4.03220497295641
Train,4.00159377995734,4.0107497273948
Train,4.06796711744242,4.05359455741718
Train,4.13295647522878,4.17356352586628
Train,4.19645682270938,4.18658153791156
Train,4.25851875370888,4.26457343729145
Train,4.31919059560865,4.32493368383705
Train,4.37838080622098,4.37768903604289
Train,4.43641200640792,4.44907291843062
Train,4.49318561840907,4.54739429225328
Train,2.1297646112952,2.24845688836878
Train,2.35976321402919,2.41915828389425
Train,2.57660054688476,2.4926454893793
Train,2.78177693703839,2.96082370811522
Train,2.97582693019832,3.17272996740959
Train,3.15999309509978,3.39982379789928
Train,3.33466796457649,3.36005482417845
Train,3.50089346110216,3.65399943262521
Train,3.65911229125799,3.80645537361512
Train,3.80974092004381,3.99360299459859
Train,3.95359590323492,4.17144048047243
Train,4.09085311686547,4.24099558205444
Train,4.2222151261859,4.50310342400739
Train,4.34792955629329,4.50080135732593
Train,4.46823410563742,4.62971772011954
Train,4.58369845487071,4.7294782555792
Train,4.69438990326048,4.79629319075146
Train,4.80080855719805,4.87069888455977
Train,4.90299475843662,4.9478677833963
Train,5.00139054318324,5.04443630216924
Train,4.42409585505031,4.31069864511623
Train,4.46699999968875,4.43958080204844
Train,4.50912999588748,4.47975564558095
Train,4.55062343413759,4.5118620396958
Train,4.59126463212535,4.56122947629797
Train,4.63119185597453,4.61525105725347
Train,4.67042375623285,4.62770568061755
Train,4.70897833946524,4.69230333988792
Train,4.74698003120916,4.70152106455024
Train,4.78422975172007,4.74805600684807
Train,4.82085262510907,4.79297724026735
Train,4.85686434244745,4.83013018930183
Train,4.89238013767545,4.88105113823676
Train,4.92721292432008,4.89929502787946
Train,4.96147863591879,4.89313219742229
Train,4.99519100856651,4.98832881027177
Train,5.02836333827751,4.99600101997208
Train,5.06110076351569,5.03768424781776
Train,5.09322977271502,5.05041430927275
Train,5.1248561911553,5.06244717901046
Train,3.12219664035665,3.10921502927714
Train,3.24953452024874,2.99304153775415
Train,3.37314604202669,3.58250746229042
Train,3.4928498320296,3.56050380270589
Train,3.60916007451301,3.74947003185679
Train,3.72189627166973,3.30694131115214
Train,3.83153353563189,3.71671135572113
Train,3.937893249733,3.95587600269096
Train,4.04141575955877,4.02910755026043
Train,4.14192507832224,4.02779595026151
Train,4.23983048635145,4.26873532788776
Train,4.33495917628389,4.29888079853914
Train,4.42769256120208,4.37078581177519
Train,4.51786140777872,4.4438712927295
Train,4.60582203826741,4.44877042757631
Train,4.69140906736962,4.63643240835002
Train,4.77495614780948,4.69318388711559
Train,4.85630192241415,4.69531881176338
Train,4.93575949499856,4.88992721077213
Train,5.01317164359974,4.88746183180224
Train,2.12980838791552,2.2657875307561
Train,2.34168333658339,2.41400278643083
Train,2.54414515157146,2.6549849953792
Train,2.73824139127693,2.81727020303218
Train,2.92427150924354,3.05177223617958
Train,3.10272808016657,3.25329725155001
Train,3.27387246115437,3.40164454136894
Train,3.43851371335323,3.55052264266988
Train,3.59683781251713,3.66023064048166
Train,3.74920149103465,3.83046163212179
Train,3.89577051701384,3.99627946357106
Train,4.03718640633585,4.13489516127553
Train,4.17356288687294,4.21702483087651
Train,4.30516461492292,4.35371792294459
Train,4.43209530256108,4.48298353096436
Train,4.55487496931329,4.60219052517801
Train,4.67357034358219,4.73608209353965
Train,4.78838188846819,4.83640012769523
Train,4.89937221252288,4.89739842697195
Train,5.00697080778179,4.97453143699234
Train,2.12537416344365,2.50636220072448
Train,2.34552927409838,2.6888984133828
Train,2.55466956421632,2.90281920815761
Train,2.75404750150743,3.00468693155238
Train,2.94390490216024,3.21602962336614
Train,3.12531404718931,3.28610787977678
Train,3.29843757033248,3.5255076314334
Train,3.4642020484339,3.69010285670115
Train,3.62288854078934,3.77073072302563
Train,3.774770174997,3.95021868084536
Train,3.92060283959894,4.07510011072775
Train,4.0604259611579,4.26536208755558
Train,4.19490563275434,4.34040061254364
Train,4.3241967607628,4.46957562167649
Train,4.44845398107351,4.59809403376044
Train,4.56823507402279,4.61498573945752
Train,4.68351752216831,4.68918520478321
Train,4.79480054880053,4.82601101863674
Train,4.90204659920499,4.89221095554535
Train,5.00570487775376,4.97910817784854
Train,2.13137907626679,2.10675873089445
Train,2.36558251256851,2.33692387414172
Train,2.58611448184891,2.4282907567721
Train,2.79367170301773,2.61423316575521
Train,2.98958625163742,2.79079444536859
Train,3.1748110244684,2.78580477679748
Train,3.35039506155556,3.04409792837512
Train,3.51669708659816,3.2086523734523
Train,3.67461182151582,3.41504576644585
Train,3.82475816738325,3.40138573732022
Train,3.96785686933162,3.67569197487572
Train,4.1040849131936,3.80979342651062
Train,4.23407210575375,4.0047644943821
Train,4.35823770054002,4.1951212131903
Train,4.47709846671157,4.35184788456906
Train,4.59072994667882,4.44217899142696
Train,4.69959280869004,4.55437118115012
Train,4.80398106079469,4.60959679388025
Train,4.90427851305546,4.64672340318309
Train,5.00050274038001,4.77773916342615
Train,1.35217257524446,1.97516340973895
Train,1.47399066892342,1.97721499872587
Train,1.59230603675122,2.08836122852108
Train,1.70788984059983,2.05484844417923
Train,1.82053051413345,2.23285646719527
Train,1.93004279454803,2.30377477484988
Train,2.03713200282241,2.43973428943988
Train,2.14159461111633,2.54847176968692
Train,2.24325094712242,2.55180043065149
Train,2.34274872420312,2.69903245912445
Train,2.43989262030807,2.81456835408474
Train,2.53476518976344,2.87320971732854
Train,2.6271948653086,2.97866932292204
Train,2.71776308529764,3.05244052394277
Train,2.80628541222797,3.13259464639702
Train,2.8925965675905,3.1820233484657
Train,2.9772348648877,3.27299952892335
Train,3.0600238295116,3.33315426685192
Train,3.14080449271254,3.3576987437855
Train,3.22007675336816,3.51179606488941
Train,2.13169975329619,2.25847552150779
Train,2.35657563234608,2.45973173917823
Train,2.5697195887708,2.5328682153795
Train,2.77161116287705,2.80365979827672
Train,2.96351242318112,2.98358383139552
Train,3.14577167191889,3.19106514747959
Train,3.3194547591735,3.37206474888005
Train,3.48481216801417,3.42340619851827
Train,3.64259090213786,3.65394160082205
Train,3.79345572001115,3.77934473511281
Train,3.93755376827673,3.90843976051309
Train,4.07561483172903,4.1134810370029
Train,4.20773741289214,4.30396643237741
Train,4.33442728443041,4.40161603707725
Train,4.45613844345657,4.52482897043485
Train,4.57291703333236,4.6423939390424
Train,4.685289008097,4.74765339901597
Train,4.79327551310105,4.87788621314726
Train,4.89734342494307,4.95025654547866
Train,4.99749465933353,4.98374391583403
Train,2.11800698707624,2.07357314721
Train,2.34965765577576,2.27014539424574
Train,2.56840930776639,2.41939209910601
Train,2.77488577997022,2.7302542922428
Train,2.9702926005582,2.92486399760568
Train,3.15568719019291,3.11136105472475
Train,3.33145779694166,3.14246365499857
Train,3.49867861621973,3.45732898369639
Train,3.65763083900424,3.62663922244431
Train,3.80906884706775,3.73684760269083
Train,3.95366217337027,3.92459332474514
Train,4.09157969995091,4.09874898193359
Train,4.22340924524784,4.19045141719157
Train,4.34967552568932,4.33639987235382
Train,4.47047351119821,4.37667461146846
Train,4.58639020485336,4.54738352561449
Train,4.69748557725583,4.61516326884664
Train,4.80416453796717,4.73024677450248
Train,4.90679145152063,4.88451631509244
Train,5.00538847860667,4.85025742946646
Train,3.84179557269776,3.80861612258732
Train,3.91920875165838,3.93674059202892
Train,3.99422371956472,3.93216726844348
Train,4.06725350138824,4.03369857380585
Train,4.1382277797835,4.20652936433501
Train,4.20723213202012,4.13217439424847
Train,4.27420779048411,4.24351214857368
Train,4.33951434295091,4.30603550068849
Train,4.40308067966405,4.34775512129493
Train,4.4649754430464,4.33320711240523
Train,4.52513816900946,4.49999021509673
Train,4.58388488439728,4.58245958692655
Train,4.6411453493064,4.64293607787427
Train,4.69697526082213,4.67093458441468
Train,4.75131410345043,4.74312500449002
Train,4.80444192109512,4.78174025251841
Train,4.85629034384653,4.84633130172978
Train,4.90690503639522,4.90404275085346
Train,4.95622646817187,4.87878897357858
Train,5.00450460980597,4.89709617381555
Train,2.12502787527181,1.89688656354742
Train,2.36135204633954,2.16886623098411
Train,2.58362284929565,2.46398041618175
Train,2.79268469363621,2.73915028147483
Train,2.9900326385081,3.00094982375746
Train,3.17629153514919,3.24519516020771
Train,3.35268522941764,3.40308681776966
Train,3.51967841931029,3.51676928711718
Train,3.67828647416271,3.68182882492402
Train,3.82885566655389,3.8855300579273
Train,3.972238578413,4.00396337094065
Train,4.10869287269671,4.12159580340316
Train,4.23894221158223,4.17870286579939
Train,4.36317727847259,4.29637773185917
Train,4.48201832437531,4.45250182404966
Train,4.59560495869248,4.59814518589427
Train,4.7044735138618,4.66363347564158
Train,4.80872436390115,4.68198247506247
Train,4.90882501568616,4.81577295493858
Train,5.00484551569014,4.88942852046441
Train,2.12630598483605,1.99046695737928
Train,2.35539875522112,2.22435415120447
Train,2.57176533308534,2.45048498832911
Train,2.7762152162635,2.60761815062749
Train,2.97012763582966,2.84882713512256
Train,3.154096397871,3.02569933574785
Train,3.32886723508733,3.19419062240774
Train,3.49511312972944,3.31425351099048
Train,3.65327046900327,3.50761164099777
Train,3.8042444465208,3.68321876205988
Train,3.94835614457831,3.82462415642822
Train,4.08606303712706,3.96898172095537
Train,4.21763900232919,4.08553186596968
Train,4.34375987462006,4.18285280826633
Train,4.46462571056548,4.34057355792914
Train,4.58055824708455,4.46691780365208
Train,4.69185348214286,4.55348091392815
Train,4.79866719334719,4.658248061587
Train,4.90148964649825,4.78013524810354
Train,5.00043192536905,4.87288387794684
Train,2.12756302321726,2.28259545412222
Train,2.34357282068457,2.58974923363377
Train,2.54984329443584,2.53328510693125
Train,2.74656419884556,3.06056298723838
Train,2.9346004194769,3.04418695322787
Train,3.11472246366613,3.33826912907182
Train,3.28702110126639,3.63629350851338
Train,3.4523767881392,3.73309974549097
Train,3.61083401632121,3.8218336638671
Train,3.7629914237032,4.04725761522487
Train,3.90938665371888,3.98085054448486
Train,4.05001495535352,4.21768371733907
Train,4.185367040438,4.46759973931789
Train,4.31588545686173,4.59487175795703
Train,4.44153302115887,4.50003457191214
Train,4.56285822366104,4.72966455421263
Train,4.67980876824761,4.73293529945277
Train,4.79274789655703,4.80665231836865
Train,4.90200518548599,4.88989116051989
Train,5.00751258189677,5.0199789272704
Train,3.80374262174995,3.94758356270045
Train,3.8813644729742,4.04379999274354
Train,3.95697922789834,4.13321881600569
Train,4.03066374022847,4.18728849310607
Train,4.10249098938142,4.30087930523136
Train,4.17241839760179,4.31013024098201
Train,4.24073848405763,4.41048420875459
Train,4.30739922438136,4.45312492556722
Train,4.37246034610359,4.55198485102238
Train,4.43597874424708,4.61529384142726
Train,4.49800864726972,4.67292158325723
Train,4.55860177147655,4.72026645291994
Train,4.61780746482474,4.68489510600301
Train,4.67567284096216,4.78784871007659
Train,4.73224290426455,4.8767598565365
Train,4.78747214480045,4.80090549861497
Train,4.84158066204671,4.8905202679131
Train,4.89451729124722,4.91621708085952
Train,4.9463196958571,4.92793962590287
Train,4.99702394247805,4.98529731560295
Train,2.13398817546624,2.2432921273742
Train,2.3603036930206,2.39922693260448
Train,2.57460521573588,2.61931867104422
Train,2.77744420913406,2.77608940605408
Train,2.97007708970211,2.99581667895091
Train,3.15291186542403,3.11153715025529
Train,3.3270039647829,3.48982076628253
Train,3.49265432852556,3.60565404220504
Train,3.6507592120268,3.67472997063639
Train,3.80153884200432,3.96926881310975
Train,3.94576178529703,4.1498592016143
Train,4.08358689922918,4.23458775221817
Train,4.21567911599837,4.372172207023
Train,4.34215029631276,4.50858652480398
Train,4.46358035984785,4.63103811796233
Train,4.58004496573176,4.67486571995132
Train,4.69205361385402,4.71966954131918
Train,4.79965394873103,4.79921093194633
Train,4.90329661362725,4.9266909884764
Train,5.00300750171342,4.97330840057519
Train,2.12692952333918,1.9844232844357
Train,2.35088489207782,2.27246335563612
Train,2.56338939913463,2.498725807054
Train,2.76487539438893,2.73042715641591
Train,2.95637934571797,2.91185570539932
Train,3.13881695982081,3.10847970671566
Train,3.31245113616632,3.28019392802286
Train,3.4782528902867,3.43562003304539
Train,3.63640671876633,3.55897105329176
Train,3.78758909481047,3.72116869337909
Train,3.93240371759829,3.89062861426851
Train,4.07095177015897,4.00836205928249
Train,4.20377149195949,4.12691470528816
Train,4.33134563589012,4.26979739762485
Train,4.45371995796277,4.39491723951355
Train,4.57145462335721,4.50912232243724
Train,4.68456901428786,4.65735297168721
Train,4.79344493329453,4.72912397197462
Train,4.89842727377511,4.86249037728736
Train,4.99950692178822,4.94008611387452
Train,2.12371882685724,2.10623063557673
Train,2.34385229132083,2.1884151584745
Train,2.5529843127808,2.23762533019088
Train,2.75238144534349,2.32015138456175
Train,2.94226652286525,2.52575712255025
Train,3.12372518645314,2.72299531135893
Train,3.29690314324393,2.91466229128079
Train,3.46273958171679,3.00889819813788
Train,3.62150678904842,3.25765296189262
Train,3.77347042690937,3.42669446943206
Train,3.91939789573612,3.5817448794014
Train,4.0593154789097,3.78366318255883
Train,4.1939000881719,3.98288536137096
Train,4.32329993503047,4.12005295769861
Train,4.44766388388869,4.24412762585551
Train,4.56755956828605,4.36937704297376
Train,4.68295388954253,4.52182107357922
Train,4.7943553340357,4.59847016579345
Train,4.90171656914261,4.65899932797515
Train,5.00549551390638,4.75145264484416
Train,0.858570132811861,1.21293861115165
Train,1.04394113124311,1.25931960653516
Train,1.21780985666362,1.40082779686878
Train,1.38046476767378,1.47778323443967
Train,1.53365978365212,1.68071055599331
Train,1.67753229485396,1.94612561229803
Train,1.81353329009593,1.90757485753033
Train,1.94169856401498,2.25863317387222
Train,2.0629656558425,2.13376101555813
Train,2.17814266650068,2.27153640913761
Train,2.28717156304968,2.38581216662456
Train,2.39101087704773,2.55935206930618
Train,2.48956493941143,2.53930019640012
Train,2.58344419356656,2.67554229600324
Train,2.67318127111649,2.717192999531
Train,2.7586469140583,2.82376744697562
Train,2.84051777871266,2.97864832126539
Train,2.91865223851417,2.93082348172
Train,2.99364766201722,3.19499889916361
Train,3.06535534516765,3.2422423840412
Train,2.11836488912733,2.74434715097391
Train,2.32413838841679,2.91931433811923
Train,2.52176604908489,2.79183006958699
Train,2.71214490016071,3.05805964142143
Train,2.89546247921265,3.11318099287188
Train,3.07190808450751,3.33972357589472
Train,3.24223961470774,3.5855377024072
Train,3.40640343133022,3.61378574633313
Train,3.56508149230297,3.74034672410351
Train,3.71837330568695,3.89073420572766
Train,3.86638353331531,4.04758644543013
Train,4.00969953745136,4.1232327693044
Train,4.14838636500646,4.31912288229541
Train,4.2825150818542,4.3458098783386
Train,4.41259655644757,4.4869184714291
Train,4.53852985181722,4.61478936810447
Train,4.66078275686764,4.70337063362698
Train,4.77938175725327,4.83064109077506
Train,4.89435981211991,4.9290000421781
Train,5.00612953667992,4.9679308298487
Train,2.80431739155581,2.7740869226335
Train,3.00972497311769,3.20068030682421
Train,3.19814047253609,3.20862069376329
Train,3.37125133976355,3.43210592202553
Train,3.53100508559131,3.70864971649398
Train,3.67903463184464,3.82854149216287
Train,3.81631626614119,4.00782241904665
Train,3.94410447092034,4.0557719833154
Train,4.0634679768502,4.21734497949168
Train,4.17499426474688,4.2182272249514
Train,4.2795332183762,4.51540687172115
Train,4.37772154690942,4.40604534333319
Train,4.47021182728672,4.53325184910925
Train,4.5573143354775,4.54852516675184
Train,4.63956750088226,4.62115263062627
Train,4.71744209228868,4.75027473507541
Train,4.79113303528688,4.77820584710213
Train,4.86103761995336,4.87621606187754
Train,4.92750601768001,4.96700878346263
Train,4.9906604504058,5.01305583690697
Train,3.92049435677243,3.74430798708619
Train,3.99145171165559,3.82839005080139
Train,4.06038019918818,4.03882824094509
Train,4.12763122014509,4.10110742886501
Train,4.19313532039386,4.14163401092294
Train,4.2569596945443,4.21313485541538
Train,4.31904504352194,4.31392960337563
Train,4.37970121019443,4.40765919626758
Train,4.43885954180265,4.28001144118869
Train,4.49657484268183,4.50732113826325
Train,4.55278775849454,4.51077714819515
Train,4.60777364208356,4.64006963732604
Train,4.66146558459228,4.60941330379253
Train,4.71390872886511,4.61407332167186
Train,4.76504463981533,4.74972589809614
Train,4.81511972504834,4.80357361237631
Train,4.86406937288452,4.88772972682385
Train,4.91193110299996,4.77179280331333
Train,4.95864800759439,4.9775329712174
Train,5.0044419594387,4.95635169246134
Train,3.84105780659028,3.95849342786261
Train,3.91832834994135,3.8368100014729
Train,3.99339132457357,4.08846069752122
Train,4.06634000132811,4.17215934009085
Train,4.13726246970036,4.22702145160151
Train,4.20624199270175,4.25582572147321
Train,4.27335733295105,4.3568267880858
Train,4.33868305268011,4.35089637171625
Train,4.40228979005651,4.46059193149338
Train,4.46424451397606,4.46437951615709
Train,4.5244936789611,4.56581147867236
Train,4.58333470882261,4.61278241205576
Train,4.64070477073592,4.66743860400407
Train,4.69665834288126,4.79043885299281
Train,4.75124724606848,4.80983694411647
Train,4.80452080381362,4.74361607791414
Train,4.85652599098172,4.89923737937326
Train,4.90730757193771,4.91155311453633
Train,4.95690822905911,4.98493315518971
Train,5.0053686823862,4.96750302865216
Train,2.42834849611159,2.4522060365688
Train,2.48746707092845,2.47535859320724
Train,2.54575788762654,2.49441439505102
Train,2.60303139094534,2.60463341209478
Train,2.65972085298525,2.50666900419456
Train,2.71563287692946,2.65780387214605
Train,2.77078334651799,2.68804157149985
Train,2.82518771572609,2.60858431905363
Train,2.87866785658468,2.66897283719525
Train,2.93162730929852,2.58837160855493
Train,2.98388453553816,2.99756987688465
Train,3.03545341028352,3.07336788327589
Train,3.0861642488899,3.05958023878518
Train,3.13639897887034,3.10941780423991
Train,3.18598480435449,3.18056593265866
Train,3.23493421794094,3.15661059193272
Train,3.28325939359915,3.37696587698052
Train,3.33080041565752,3.17578839721177
Train,3.37791456924576,3.49085772963012
Train,3.42443915374309,3.42510897538769
Train,2.22155204803839,2.19589903573077
Train,2.32922765133009,2.42329748529527
Train,2.43370119229795,2.6142143309217
Train,2.53465579142421,2.47367802015526
Train,2.63270837419855,2.62982053309537
Train,2.72755216680266,2.78958970399099
Train,2.81975806069971,2.89318369167156
Train,2.90902955187261,2.91571457168147
Train,2.9957001972413,3.02923141341256
Train,3.08007276147852,3.22764926123964
Train,3.16186609529202,3.07688635035769
Train,3.241556529746,3.28336279375114
Train,3.31887296567829,3.35828404240067
Train,3.39408991319927,3.35991350543481
Train,3.46745776338033,3.48443293344312
Train,3.53872002406571,3.65774458793352
Train,3.60828044587191,3.67948910158144
Train,3.67589190696518,3.64260481457057
Train,3.74193377307705,3.76376926951048
Train,3.80616796539295,3.86586131525997
Train,2.14209769603856,2.24533684887937
Train,2.21273339531818,2.15389706305628
Train,2.2823769413851,2.12709570819005
Train,2.350592547525,2.43678821464991
Train,2.41764641444086,2.3896233438946
Train,2.48378804666712,2.47735611095417
Train,2.54860206011197,2.54756861497299
Train,2.61255260736111,2.64456758738527
Train,2.67523715122211,2.54413178749978
Train,2.73689780398066,2.74719706152257
Train,2.79776203666832,2.62998997112693
Train,2.85744551416636,2.87432581396544
Train,2.91617745975339,2.95265645764454
Train,2.97417352739124,3.01252955156362
Train,3.03106640882577,2.97349130593536
Train,3.08726055967372,2.91546805326017
Train,3.14239942363412,3.08313647003897
Train,3.19669294873118,3.11897785377714
Train,3.25033907813989,3.19269445350165
Train,3.30299653175664,3.14987752543801
Train,1.81999616082544,1.69856641505017
Train,1.89765762313371,1.82417698557594
Train,1.97438270048283,1.89554520100774
Train,2.0497284008324,1.94942432042508
Train,2.12395656593575,2.06677110844857
Train,2.19731456079502,2.13874957261508
Train,2.26937773151438,2.16511251673036
Train,2.3403953394366,2.26143261995671
Train,2.41060313213166,2.3546028633863
Train,2.47959370430812,2.4150491232802
Train,2.54760463611279,2.47654916138934
Train,2.61465664623822,2.57560300093799
Train,2.68097125051267,2.62426370258984
Train,2.74616248280759,2.70871951276703
Train,2.81045360596929,2.74149846633452
Train,2.8740563042733,2.81822528813687
Train,2.93659962558512,2.89136731044031
Train,2.99829693749261,2.93976842383883
Train,3.05935074493537,2.97799598717551
Train,3.11940426712818,3.02024682644414
Train,2.12131051433176,2.16859443534447
Train,2.34157767709187,2.24085605443822
Train,2.55089051954992,2.655153228058
Train,2.75041997728193,2.77974399969842
Train,2.94047941174105,2.96615100583061
Train,3.12206776781015,3.11902398242098
Train,3.29541318753376,3.27493190146679
Train,3.46137588089574,3.46744478019293
Train,3.62026820396298,3.60787250254712
Train,3.77238947072282,3.81358924735389
Train,3.9184378745978,3.86016151206902
Train,4.05850605266546,4.0990448156854
Train,4.19320723877575,4.252227628243
Train,4.32272202966428,4.40766655939476
Train,4.44722696284171,4.4181806278057
Train,4.56723312140291,4.62800489595373
Train,4.68276194077873,4.65889108067326
Train,4.79426945759002,4.84622230687595
Train,4.90175901098383,4.90051555116807
Train,5.00563973868193,4.94790516238738
Train,2.11581728312473,1.95186994450335
Train,2.33047865584099,2.29907113227788
Train,2.53578948231645,2.42598930600883
Train,2.73197658332002,2.69215638419268
Train,2.91981227546609,2.66554971793296
Train,3.09981870678823,3.13253567247509
Train,3.27263879538605,3.26201897230703
Train,3.43838038489641,3.40097413049722
Train,3.59762025954928,3.53631000358198
Train,3.75073363400826,3.7942470987933
Train,3.89820705850173,3.77284322852283
Train,4.04007726729951,4.04663146515035
Train,4.17678714525193,4.1748431260481
Train,4.30861321308013,4.26772156019556
Train,4.43593332062855,4.41230197790948
Train,4.55874123514964,4.50246665544039
Train,4.67738517395463,4.65856132196784
Train,4.79207338478934,4.77795147782402
Train,4.90310587350724,4.89685725036777
Train,5.01045046455225,4.96470283733322
Train,2.12340780063026,2.19284675620211
Train,2.33555182157128,2.40401133373953
Train,2.53826171316524,2.64210615418459
Train,2.73252129019331,2.64793558762235
Train,2.91849468018317,2.86811560541446
Train,3.09703969551917,3.10084608778562
Train,3.26826695843802,3.31520604731545
Train,3.4329299474644,3.34072716556436
Train,3.591248371111,3.68572077589926
Train,3.74343716572525,3.82612186286109
Train,3.89012436427303,3.88565238635426
Train,4.03133386362594,4.08106824999382
Train,4.16762609628764,4.18622321330078
Train,4.29912814868422,4.29488256962119
Train,4.42596729516976,4.35884372237817
Train,4.54862072987129,4.52795496732213
Train,4.66706619002326,4.68686775566619
Train,4.78173499906128,4.76262386532
Train,4.89259322452992,4.87293584151999
Train,5.00003247031494,4.98296349331586
Train,-2.52020399747413,-2.30159872059027
Train,-2.29591448626899,-2.1110006173649
Train,-2.07832454396176,-1.9827766781406
Train,-1.86808267620809,-2.00916283011986
Train,-1.66391071808652,-1.64556659212686
Train,-1.46643689877274,-1.44159250778964
Train,-1.27447895842263,-1.27625336929645
Train,-1.08864441514788,-1.0820489391098
Train,-0.907836374848127,-0.751858753782139
Train,-0.73264157362904,-0.737447676354057
Train,-0.562039432900503,-0.422125698181289
Train,-0.39659609735487,-0.379302153288405
Train,-0.235359490400793,-0.287879585476412
Train,-0.0788755415109268,-0.0948305884122398
Train,0.0737461038603353,0.0490374295800735
Train,0.221979226239904,0.252372904904834
Train,0.366658369217015,0.359967597101408
Train,0.507276431250276,0.493821762906793
Train,0.644617321591916,0.672917582090981
Train,0.778192409141088,0.868591445969192
Train,3.78722333247141,3.78530153983601
Train,3.86835707725558,3.88961487658949
Train,3.94712554082616,3.95244998275077
Train,4.02363066926337,3.96641549477284
Train,4.0979686329837,4.11840613157032
Train,4.17023023004647,4.13569259178256
Train,4.24050125613106,4.17684229030624
Train,4.30886284435454,4.16723691742654
Train,4.37539177775957,4.26440306318303
Train,4.44016077700295,4.29812734307511
Train,4.50341168856786,4.36639353318807
Train,4.56485960942645,4.49008370922945
Train,4.6247441025641,4.48856526569525
Train,4.6831240862016,4.50370344187258
Train,4.74005555482039,4.59375918740144
Train,4.79559175829861,4.62777907880342
Train,4.84978336803594,4.70876840568177
Train,4.90267863115647,4.75741449873301
Train,4.95432351377617,4.80291734955135
Train,5.0047618342289,4.84425921559635
Train,4.06779321762793,4.06453246915675
Train,4.12886362446846,4.12434721410694
Train,4.18843650502565,4.18758821121851
Train,4.24656627409439,4.23888023364644
Train,4.3034897491331,4.29875314321056
Train,4.35888192481813,4.34750220827783
Train,4.41297936164961,4.40092185624522
Train,4.46582693013893,4.46389214402175
Train,4.51746745109716,4.50464993529171
Train,4.56794181135225,4.56615449262187
Train,4.61745010965688,4.61089918144549
Train,4.6657040691344,4.65203648550599
Train,4.71290408416591,4.70187442613677
Train,4.75908431150662,4.74636862984082
Train,4.80427744772708,4.79790659396489
Train,4.84851480641581,4.83332594181349
Train,4.89196783246196,4.88749002741917
Train,4.93437948805927,4.92682622741122
Train,4.97592179954134,4.97178073010198
Train,5.01662122515669,4.99001704014409
Train,4.22014920295026,4.30138055073157
Train,4.27001595389997,4.32588972462564
Train,4.31884733509992,4.35574947617095
Train,4.36649106477317,4.40104278626118
Train,4.41334987882338,4.43648199979781
Train,4.45926512455976,4.49552044206128
Train,4.50426501801582,4.52803665562757
Train,4.5483766613159,4.5665047690116
Train,4.59145944968607,4.60806113657673
Train,4.63387492262615,4.65018398886542
Train,4.67547720517421,4.69153109385238
Train,4.71628946103913,4.73524383623969
Train,4.75617962708936,4.77634173645765
Train,4.79548073861762,4.80660209025043
Train,4.83405616692232,4.85314005483687
Train,4.87192582742161,4.88708605276921
Train,4.9091089134031,4.92935040205463
Train,4.9454831181638,4.96081773180381
Train,4.98135040320262,4.99006198466016
Train,5.01658461081217,5.02019076112192
Train,0.0232534855056645,0.129007003750521
Train,0.324712944071901,0.294864833653986
Train,0.60536286614481,0.606956127768705
Train,0.867286065839493,0.923470385842428
Train,1.11229637454543,1.05041956378828
Train,1.34246542260862,1.27285568352059
Train,1.55818922335934,1.59741522245134
Train,1.76121419379661,1.93207692591578
Train,1.95262957125149,2.14359556139604
Train,2.13340348386394,2.05341904856174
Train,2.30439932758651,2.34164845120686
Train,2.46638955566902,2.57842893636769
Train,2.62006734534397,2.62358295542499
Train,2.76605651343147,2.7337985448578
Train,2.90491998000819,2.9108634894914
Train,3.03744826357064,3.04909907744268
Train,3.16352782107499,3.23270677662674
Train,3.28387356534576,3.34493463146029
Train,3.39886794131181,3.40097242743591
Train,3.50886012159005,3.61928038578156
Train,4.28859561403509,4.2680872789663
Train,4.34205553093081,4.31608782536525
Train,4.39413825412554,4.37164386488202
Train,4.44523806813899,4.43468140879119
Train,4.49521413955049,4.4754221993
Train,4.54393920473399,4.54001898728591
Train,4.5917797177037,4.59220308067715
Train,4.63844468822171,4.63384447958154
Train,4.68428365944228,4.67565066235668
Train,4.72916704473182,4.71522802302539
Train,4.77297694083089,4.75435432068118
Train,4.81603966114015,4.79009389955174
Train,4.85823186116631,4.82550312378583
Train,4.89944090909091,4.63123828625536
Train,4.93997216624685,4.92761353075413
Train,4.9795747829991,4.95974522863046
Train,5.01854127914636,5.01055860491598
Train,5.05675790632441,5.03579008577674
Train,5.09412023228766,5.08001941956916
Train,5.1309029953917,5.09142476508809
Train,2.58610026583734,2.71762864306523
Train,2.76851465918126,2.76016369482223
Train,2.94272882802608,2.97978806611162
Train,3.10901911744448,3.14100740407641
Train,3.26841993749323,3.26366820588802
Train,3.42110751508397,3.36206466533969
Train,3.56749720103519,3.42683647504015
Train,3.70797077464581,3.63268096954675
Train,3.84266509114177,3.72461343794923
Train,3.97234198581784,3.90105962322187
Train,4.09707757069643,4.05657262520579
Train,4.21714899668871,4.19320736545323
Train,4.3326287426891,4.30457661290595
Train,4.44413033620157,4.37407209651224
Train,4.55168393839327,4.52704164862319
Train,4.65549558435397,4.68487138419571
Train,4.75575721774563,4.79516807128948
Train,4.85249322518756,4.82418947764851
Train,4.9461851749025,4.84976620087087
Train,5.03682941941548,4.90305332004184
Train,2.98775249380128,2.64750640925346
Train,3.12206960094632,2.82498175698802
Train,3.25290130390781,3.0097261610659
Train,3.37993974614198,3.20115510013269
Train,3.50377640960752,3.34022323953541
Train,3.62411220201402,3.53988879267059
Train,3.74150019080705,3.68303672633817
Train,3.85565013384334,3.83339019793651
Train,3.96688702225547,3.87777771132901
Train,4.07550945630258,3.95123336517323
Train,4.18124040876721,4.14859230656776
Train,4.28455202488485,4.22741052147676
Train,4.38517594829115,4.29701952929993
Train,4.48338609932238,4.40727135689527
Train,4.57943510371219,4.56969780584118
Train,4.67306727396642,4.64273739269457
Train,4.76469060628296,4.69752816929686
Train,4.85405759289072,4.80296756025508
Train,4.94155423929131,4.86544875059806
Train,5.02694097839383,4.84845054276176
Train,4.14401671994345,4.12423860183512
Train,4.19751144380353,4.19035623695063
Train,4.24985505831044,4.24760739099994
Train,4.30108432264442,4.319767403053
Train,4.35123444732833,4.35803754198614
Train,4.40033917493346,4.35825573361041
Train,4.44843085579031,4.4672161524295
Train,4.49554051906142,4.5147743773633
Train,4.54169793950441,4.52279995693989
Train,4.58693170022691,4.59608714270697
Train,4.63126925171151,4.63081037645015
Train,4.67473696736674,4.67705281890306
Train,4.71736019584034,4.71206690388562
Train,4.75916331031284,4.75590201542882
Train,4.80016975497286,4.78555420426978
Train,4.84040208886042,4.85687705267582
Train,4.87988202725041,4.89633294965846
Train,4.91863048073583,4.91984116183271
Train,4.95666759215853,4.95463840470747
Train,4.99401277152463,4.99076217169207
Train,3.88106647881116,3.23606718743835
Train,3.95498534175077,3.51349216611216
Train,4.02671478618677,3.69077952013915
Train,4.09670141090502,3.58556726001482
Train,4.16483624467702,3.82227895820361
Train,4.23102517859931,3.83012937679584
Train,4.29567456628328,4.03427487140073
Train,4.35852034698589,3.95633601514733
Train,4.41994505606517,3.99308068493682
Train,4.47984525635399,4.1188067355948
Train,4.53813014425581,4.15282489611412
Train,4.59515032639944,4.19208437080588
Train,4.65080606957692,4.24619892851204
Train,4.70500913105349,4.30898635052615
Train,4.75808209561698,4.3940864622316
Train,4.80979863708371,4.45901558559698
Train,4.86046452629652,4.51279549384733
Train,4.90998639728125,4.57394393518539
Train,4.95828074029674,4.49583712643093
Train,5.00563050217586,4.55453917394143
Train,2.12621823990325,2.22779108176357
Train,2.35335536725129,2.32764480645449
Train,2.56848775657863,2.59955720117672
Train,2.77206855266668,2.96967203112578
Train,2.96522830288204,2.94191518146035
Train,3.14896097896573,3.05767056716799
Train,3.32353294524035,3.5711417935792
Train,3.49000016938564,3.48024732580865
Train,3.64854390333541,3.62009384082486
Train,3.79989311823147,3.72527673177952
Train,3.94469562852031,4.10471485120932
Train,4.08304353576476,4.22552104239683
Train,4.21551363640978,4.20756318251587
Train,4.34262124740616,4.25871539126794
Train,4.46440022385062,4.47293533415913
Train,4.5814523120877,4.53108233003184
Train,4.69378410219524,4.66936508999874
Train,4.80180183201991,4.76185413046268
Train,4.9058711871293,4.87203430774177
Train,5.00596980801308,4.96257642324575
Train,3.98151939479087,3.97798228559431
Train,4.08560394980828,4.12855480955398
Train,4.18538760819451,4.10905641013871
Train,4.28149214122652,4.14546300542397
Train,4.3737693593754,4.42712132749813
Train,4.46277764000615,4.42932889546113
Train,4.54836467816459,4.54478630559704
Train,4.63103463127504,4.5388593523699
Train,4.71063354983805,4.66555117583054
Train,4.78761888365643,4.81676338624433
Train,4.86183683844562,4.80177916178425
Train,4.93370436064246,4.79455235949838
Train,5.00306911414454,5.01751251920453
Train,5.07031270660277,5.03483272846606
Train,5.13528519349241,5.10837281593666
Train,5.19833717447293,5.18081819859845
Train,5.25932175401187,5.17479609159662
Train,5.31856218030005,5.2801597243337
Train,5.37591505757774,5.37078626214779
Train,5.43167938954815,5.23408860650957
Train,3.56330827873525,3.55918504732351
Train,3.61943027308644,3.61207573628463
Train,3.67467932599725,3.65990488531389
Train,3.72860979994892,3.71498388452604
Train,3.78149458101501,3.74025994625331
Train,3.83336379059865,3.82426096214371
Train,3.88446551995038,3.88483348679051
Train,3.93438531230801,3.94044085011687
Train,3.98337334956381,3.99381071940416
Train,4.03145547738693,4.05129355839843
Train,4.07885992830399,4.04606346543904
Train,4.12520035364699,4.0784054401431
Train,4.17070699209888,4.17563514534181
Train,4.21540214606916,4.21447377737426
Train,4.25949652745226,4.24966910724942
Train,4.30262920059413,4.2780019678095
Train,4.34501278816023,4.36649814950479
Train,4.38666663622413,4.3834188482485
Train,4.42778591658008,4.36795323390723
Train,4.46803273530061,4.45585037583315
Train,5.37057636424032,5.32345604806535
Train,5.43382141873497,5.43375293546755
Train,5.49501443885656,5.4666328142016
Train,5.55425370004127,5.55425955896623
Train,5.61163130089327,5.63036178462537
Train,5.66723364096217,5.6634561891235
Train,5.72114185484868,5.71190968934886
Train,5.77343220722596,5.76500903889443
Train,5.82417645282135,5.79480140076547
Train,5.87344216493173,5.87251213474891
Train,5.92120404498644,5.8722094839929
Train,5.96770266156324,5.94400173457505
Train,6.01290314905093,6.01733811509304
Train,6.05685912002681,6.05015239101756
Train,6.09962127490142,6.10117069759766
Train,6.14123759700093,6.14055976197095
Train,6.18175353217474,6.17237552065462
Train,6.22121215434194,6.21280930809968
Train,6.25965431824423,6.25959663017952
Train,6.29711880054416,6.29941855977301
Train,3.43469817214436,3.43957722563
Train,3.71526197914561,3.69105032089489
Train,3.96912085994883,3.96076568391719
Train,4.19970213449115,4.19291310316051
Train,4.41045529222628,4.39731121259214
Train,4.60365386091897,4.59758216375482
Train,4.78140345001849,4.7773019099104
Train,4.94548586823508,4.94406130142886
Train,5.09727810462039,5.09877495479843
Train,5.23837314178011,5.23049651019222
Train,5.36974091204346,5.36972971951212
Train,5.49235381109834,5.49693126504672
Train,5.60695185997092,5.59790729784785
Train,5.71449665703554,5.68133611773753
Train,5.8155254137919,5.81001124763557
Train,5.91061291862125,5.89771460240411
Train,6.00026828715781,6.01248094483625
Train,6.08486476854503,6.07847857586069
Train,6.16496886465042,6.1566019100443
Train,6.24085787471548,6.28127249540103
Train,3.35747576609748,3.19179337426166
Train,3.46979775418912,3.31424467647792
Train,3.57789529176079,3.49283248974746
Train,3.68200230337501,3.65341053623674
Train,3.78212479428875,3.69287582272485
Train,3.87889364851317,3.82474945341645
Train,3.97227749373612,3.97605256891577
Train,4.06245089010111,3.96842175579687
Train,4.14957659815377,4.08903281226741
Train,4.23380655928289,4.18552316351477
Train,4.3151111586512,4.30136096643853
Train,4.39397198583075,4.37107691835436
Train,4.47033614290024,4.38164215445631
Train,4.54432034612779,4.50437039644901
Train,4.61603414828639,4.61613283730506
Train,4.6855804799257,4.64313968781395
Train,4.75291380124137,4.74428225828939
Train,4.81841406116404,4.78100143871485
Train,4.88202044711433,4.84021780772221
Train,4.94381392771371,4.88251921957848
Train,3.95379085585895,3.91075202744359
Train,4.02387689874655,3.9977178333277
Train,4.09202787585003,4.0231719748808
Train,4.15832283624358,4.08366321896888
Train,4.22265524360137,4.14453384915602
Train,4.28546338401749,4.23100773529747
Train,4.34662808607946,4.26999898237579
Train,4.40621302012163,4.31840355490606
Train,4.46427860944328,4.39878141417714
Train,4.52088223469157,4.4607417768827
Train,4.57592311844487,4.46592851951676
Train,4.62976750947251,4.53456720054579
Train,4.6823055082136,4.5360364160257
Train,4.73358408906357,4.68801121588908
Train,4.78364800099205,4.74520693026168
Train,4.83253989778802,4.7756858878423
Train,4.88016595915179,4.81707832630856
Train,4.9268370631556,4.76959466921104
Train,4.9724526102253,4.89035645249057
Train,5.0170480101116,4.84894073047923
Train,3.80648225569434,3.87679298309582
Train,3.88819773140044,3.95608952802033
Train,3.9675845776397,4.03524354100674
Train,4.04434546678564,4.10934961198636
Train,4.1187993066945,4.187091689871
Train,4.19123440546412,4.25847690296381
Train,4.26137018770759,4.33566793670989
Train,4.32948904552383,4.39450724755502
Train,4.39584710591179,4.46869521756972
Train,4.46017989826154,4.52271055036659
Train,4.52273921278602,4.5952129510413
Train,4.58359738725435,4.65217308935539
Train,4.64297543427099,4.69995034263926
Train,4.70062906181099,4.75897980354034
Train,4.75677643828702,4.8145716678388
Train,4.81161680267712,4.86089633338674
Train,4.86491994475946,4.90064582011541
Train,4.91688305589834,4.94063798024169
Train,4.96768669976923,4.96661962870366
Train,5.01711383153096,4.99088536377723
Train,3.8066694585454,4.06438492388513
Train,3.88830813858995,4.0863550966099
Train,3.96762431052348,4.18044238188532
Train,4.04432259282697,4.26468146890137
Train,4.11891043444386,4.34451251584841
Train,4.19110358009718,4.39937221516221
Train,4.26137364197484,4.43653831984751
Train,4.32944724323035,4.54894438634266
Train,4.39576388554881,4.55758700298558
Train,4.46006075378851,4.62145959327529
Train,4.52274846433141,4.71659790855767
Train,4.58357440276936,4.75344379842909
Train,4.64292310555896,4.77146409402718
Train,4.70055177180784,4.80951533588086
Train,4.75682130961977,4.84867693781404
Train,4.81149833123813,4.88905322390513
Train,4.86492226818416,4.91813476712872
Train,4.9168687417456,4.9513960239154
Train,4.96765760327812,4.98039929326844
Train,5.01707308206896,5.01282629700896
Train,2.1236001698057,2.41957025162822
Train,2.3312267024633,2.59504763056661
Train,2.53079190975058,2.8599777176395
Train,2.72221107576009,3.10246475633478
Train,2.90649628017563,3.42687839284362
Train,3.08353435789103,3.69631432175706
Train,3.25422961376912,3.85090527506318
Train,3.41844845121932,3.87145908710541
Train,3.57700345480192,3.90715571227296
Train,3.72974665350828,4.13004325104414
Train,3.87741200225108,4.41591734521376
Train,4.01984174897882,4.44677123280066
Train,4.15770198454672,4.4778928195009
Train,4.290828668106,4.63146318676637
Train,4.41982895049952,4.75285669747621
Train,4.54453516025359,4.75568468396141
Train,4.66550296056914,4.84957914703524
Train,4.78256307189015,4.88024198271086
Train,4.89622593620364,4.97414675785234
Train,5.00632220143366,5.02882769431962
Train,2.11929806066128,2.68168882809106
Train,2.33912576422513,2.76160103662299
Train,2.54859528613601,3.2655740512448
Train,2.74780960314826,3.38480792986541
Train,2.93779495529389,3.73740388746208
Train,3.11945687375641,3.79837482892192
Train,3.29279699955795,3.92440674730517
Train,3.45862885425712,4.08171108416912
Train,3.61767431655396,4.14104978603929
Train,3.76987241815197,4.33742994544335
Train,3.91588042011057,4.30176808247699
Train,4.05606843534068,4.47811137458579
Train,4.19098530903493,4.61804334097183
Train,4.32052286055671,4.60360166076038
Train,4.44518840503133,4.64541048595049
Train,4.56543701782796,4.70514793469333
Train,4.6811416941507,4.78081583915667
Train,4.79272714137776,4.86457758003164
Train,4.90057583290482,4.93808589915202
Train,5.00455067461036,4.98552098625785
Train,2.79788184818482,3.52905154858617
Train,2.97335468643221,3.51315252206117
Train,3.13886891715424,3.69093851464677
Train,3.29576238654505,3.69037902083831
Train,3.44444714550587,3.79201649411131
Train,3.58531949114351,4.06128328169898
Train,3.71941916855353,4.0960682510003
Train,3.84701300755902,4.32144260524715
Train,3.96836344940053,4.33234872497139
Train,4.08429867299206,4.37906811165649
Train,4.19499065489583,4.48521324288356
Train,4.30078722298537,4.52959022861923
Train,4.40183938328847,4.66921442248736
Train,4.49877838020913,4.71641864602277
Train,4.5916967674814,4.74655575999045
Train,4.68069257122139,4.77558550277483
Train,4.7662911811145,4.76943497215144
Train,4.84854735918329,4.88352816019361
Train,4.92752249937938,4.93040234387236
Train,5.00366031197705,4.97841733744861
Train,1.49400356488097,1.54391369673497
Train,1.57682794872268,1.59201931045682
Train,1.6584071625663,1.68290496098586
Train,1.73815252095142,1.73130429503019
Train,1.81672692283096,1.78962889327449
Train,1.89356181483551,1.88375862282301
Train,1.96929441392374,1.96631648769655
Train,2.04337531582866,2.00636420734377
Train,2.11641754009361,2.13810898209432
Train,2.1878899089651,2.20091343527338
Train,2.25838261570457,2.24070522365958
Train,2.327381842575,2.29753882118039
Train,2.3954562249571,2.3866947083303
Train,2.46210849074814,2.43830987965995
Train,2.5278868926327,2.46315970701967
Train,2.59230993820457,2.50963736373149
Train,2.65590658789213,2.58634388728481
Train,2.71821040810501,2.62379129427871
Train,2.77973208027049,2.60327798333831
Train,2.8400195506646,2.65534730445857
Train,3.79651087817818,3.52982173876102
Train,3.87628483249643,3.56376382287902
Train,3.95402468652431,3.76600061554763
Train,4.02946536235789,3.75771092865235
Train,4.10287290473821,3.94083573128809
Train,4.1743284105928,4.10292974468001
Train,4.24406620952719,4.20769715878909
Train,4.31184013007536,4.19349036449838
Train,4.37788100216708,4.29982221295524
Train,4.44225446036291,4.44179673768166
Train,4.5051650316377,4.42866106068507
Train,4.56638419583678,4.51885478892678
Train,4.6261141293753,4.57721165525273
Train,4.68440852026206,4.65752205944804
Train,4.74144748054827,4.66893976491833
Train,4.79701879050252,4.72201303464506
Train,4.85130101388361,4.81012160375203
Train,4.90433849078683,4.80977399797983
Train,4.95629108787155,4.8439012831786
Train,5.0069615428495,4.87186502387377
Train,2.11265652053321,2.22816472007204
Train,2.3578566649345,2.35702211534375
Train,2.58709638398645,2.55008737834939
Train,2.80188488942419,2.76953524052017
Train,3.0035469266887,2.98018672636543
Train,3.19300068400244,3.13439512686207
Train,3.37179232928029,3.23937829236159
Train,3.5405745503095,3.40463076042141
Train,3.70016500671517,3.56768034330472
Train,3.85129466049826,3.72279061483961
Train,3.9946189701457,3.8089991588052
Train,4.1307273939857,4.0067245689146
Train,4.26015149340538,4.04238620875996
Train,4.38337187082695,4.21759954452556
Train,4.50082413335532,4.28976969687832
Train,4.61275563701275,4.49546678460588
Train,4.71983010816281,4.57182796764784
Train,4.82222099538286,4.69265903498599
Train,4.92022902122279,4.75804861094474
Train,5.01412970272404,4.84309312365454
Train,2.14401432385432,2.67972140715676
Train,2.38115906837723,2.9132010957193
Train,2.6037154860944,3.15784728508406
Train,2.81248742451155,3.23036983021809
Train,3.00895291571405,3.28731206670109
Train,3.19439187912844,3.29682957681181
Train,3.36928552276897,3.67119668644521
Train,3.53490699190702,3.72905471044647
Train,3.6915961922994,3.77444513575286
Train,3.8402358800163,4.01142782698499
Train,3.9816013822551,4.41935034342972
Train,4.11588896677827,4.5225045399608
Train,4.24377162448729,4.37878613475106
Train,4.36584447361433,4.38133763216522
Train,4.48221255814478,4.48123739663806
Train,4.59353582159029,4.54958418761017
Train,4.6998773243844,4.6098085808063
Train,4.80168739654563,4.68079126167544
Train,4.89936800597654,4.88539504759675
Train,4.99293804110241,4.83221611788363
Train,2.1089386522176,2.20698420456343
Train,2.37514073023038,2.38430334568449
Train,2.62060179571228,2.52169398419385
Train,2.84707197075652,2.85011003067718
Train,3.05721315704382,3.10240035557188
Train,3.25222648526667,3.07721895366518
Train,3.43415752082525,3.18214027507088
Train,3.60384084059762,3.52425552956084
Train,3.76267811596061,3.45138072290023
Train,3.91187006831308,3.09105019429219
Train,4.05190585526976,3.62083401414837
Train,4.18394524024873,4.01035744347494
Train,4.30833067579597,3.99765744538287
Train,4.42586142983442,4.25962724853225
Train,4.53723364108906,4.24535263445875
Train,4.64264426466738,4.20400582353457
Train,4.74281992770265,4.56604089656972
Train,4.83789302383836,4.37621851284488
Train,4.92847952912802,4.9718662031107
Train,5.01466450809957,4.5857049598336
Train,2.1288000425236,2.14169279651482
Train,2.34823611622065,2.5520728574799
Train,2.55721056391098,2.61509809765355
Train,2.75599004423558,2.73697491033329
Train,2.94552363337288,3.01521571902618
Train,3.12665298750669,3.17414606200018
Train,3.29952074244584,3.29905700407248
Train,3.46506570261306,3.52896861770104
Train,3.6233729771198,3.65476034571339
Train,3.77508423011347,3.83337226759995
Train,3.92077359844153,4.02279097423118
Train,4.06046525202083,4.18312655710765
Train,4.19467901969374,4.31035512816766
Train,4.3238821364358,4.37047177095364
Train,4.44805868915352,4.48419724850441
Train,4.56777660105704,4.55600136595853
Train,4.68300122001707,4.60881826289878
Train,4.79411099883308,4.67804434537709
Train,4.90144833177892,4.76201036049493
Train,5.00495885637076,4.82510609041454
Train,2.12903313037011,2.28207525278623
Train,2.37371497467302,2.37727548062798
Train,2.60247029364738,2.83346047233021
Train,2.81623456115528,2.81973972143398
Train,3.01670163660666,2.67179734624066
Train,3.20532645089991,3.22583690487249
Train,3.38265358908176,3.12413375295041
Train,3.54989189897027,2.92256447267467
Train,3.70809013959052,3.89249346592656
Train,3.8575609457185,3.7291289798323
Train,3.99919673222576,3.51004629897793
Train,4.13359781405886,4.20673733741545
Train,4.26147622394797,4.2491914000885
Train,4.38296867091488,3.90097734609213
Train,4.4986971616588,4.52475921658602
Train,4.60921087066979,3.62839342064129
Train,4.71457055299424,4.5134510569936
Train,4.81526389425394,4.73411744483286
Train,4.91172399174008,4.77783137013102
Train,5.00396334665218,4.80026347853333
Train,2.13040396222976,2.19357866244653
Train,2.37303853282408,2.32830709976007
Train,2.60015547822851,2.71697089543951
Train,2.81263070033132,2.8248432118754
Train,3.01210130581198,3.20154894767214
Train,3.19997617682496,3.21166844646392
Train,3.37676511064571,2.75639617318603
Train,3.54386697152176,3.64633772697307
Train,3.70163413213781,3.66679869678448
Train,3.85102716016077,3.71975977667432
Train,3.99288537720786,4.17362538234541
Train,4.12740371639727,4.12447096287457
Train,4.25530873339397,4.17578587797633
Train,4.37723989298125,4.42640478548387
Train,4.493294071595,4.56020448726917
Train,4.60418353903414,4.70791693424927
Train,4.70996079497985,4.65672958889533
Train,4.81110720463325,4.73867082075042
Train,4.90805066782361,4.90082023985676
Train,5.00079777774893,4.93846486791618
Train,4.03678158433773,4.04642157843657
Train,4.13566729713179,4.13412025316441
Train,4.23097241930034,4.24063291008094
Train,4.32253303108006,4.31650990383005
Train,4.41073584423757,4.41242579212933
Train,4.49592692277096,4.49749382359997
Train,4.57793968546789,4.57493518456561
Train,4.6572551368398,4.65296089309646
Train,4.73370733785268,4.73698714511695
Train,4.80759144513496,4.80712628016546
Train,4.87917329958169,4.88089729822451
Train,4.94829025844663,4.94646275574487
Train,5.01519696033909,5.00781107374017
Train,5.08012355466713,5.08183087858297
Train,5.14291246511713,5.14480439851909
Train,5.20390367316847,5.20393110111501
Train,5.26294356871021,5.25891585185481
Train,5.32023532421494,5.32228122956735
Train,5.37596355005784,5.3774434183444
Train,5.42998106724748,5.42780720191086
Train,2.76429712269479,2.64489330148719
Train,2.99662453130539,2.78025255617148
Train,3.21286783191093,2.98268538283145
Train,3.41419547717616,2.98178849894985
Train,3.60251571015027,3.24306287683592
Train,3.77865864230516,3.42726963738803
Train,3.94413510895602,3.67239299876632
Train,4.09953984965417,3.80074367851766
Train,4.2459277761753,3.98765400699479
Train,4.38421528045004,4.09090336821375
Train,4.51476550454941,4.26086745941211
Train,4.63848546459697,4.46744354769311
Train,4.75563590627726,4.56200336157198
Train,4.86685051434591,4.62251046993359
Train,4.97268738411074,4.82264845637231
Train,5.07330223853307,4.95127864739515
Train,5.16928654997398,4.95380233572411
Train,5.26074791253988,5.20003176821723
Train,5.34819410489527,5.10490634935281
Train,5.43169660327504,5.25727578022751
Train,3.80381777795189,3.82191991866594
Train,3.88514324005325,3.92568900686528
Train,3.96402527890594,3.96407088349304
Train,4.04074982268281,4.01650458093372
Train,4.11505901581572,4.11229518418592
Train,4.18723194122482,4.17600437433153
Train,4.25735941480867,4.18782940813264
Train,4.32552717676686,4.29931637810333
Train,4.39197006127829,4.3866226976406
Train,4.45645288468365,4.45648750355965
Train,4.51920628604514,4.44698967087245
Train,4.58029891907628,4.52940682692668
Train,4.63993401138155,4.58528565596139
Train,4.69789341540057,4.6552465060367
Train,4.75437753520853,4.72619977415587
Train,4.80944199021849,4.78163775780712
Train,4.86313963868017,4.85557644094604
Train,4.91564248218195,4.84663637502775
Train,4.96675195093874,4.94749912753188
Train,5.01663835745596,4.99037347013166
Train,3.80664091162018,3.60355511623992
Train,3.88860513026176,3.7850825678542
Train,3.9679995475491,3.89533857966103
Train,4.04494315355178,4.0294970973762
Train,4.11954770383565,3.64964746511025
Train,4.1919182610461,3.90681578209796
Train,4.26215368855679,4.31981841080787
Train,4.33034710106158,4.36257476983556
Train,4.39658627642818,4.38608553031376
Train,4.46095403264424,4.41873458133441
Train,4.52367796994307,4.56045673545193
Train,4.58452912445033,4.59544975262531
Train,4.64373103384914,4.62801850657039
Train,4.70134985075786,4.6600696412422
Train,4.75744823655694,4.58853785595359
Train,4.81208558870454,4.75471204871018
Train,4.86531825051979,4.80451336112478
Train,4.91719970499118,4.86529463742918
Train,4.9677807540116,4.88491777670194
Train,5.01710968430264,4.90738506513396
Train,1.61461103702992,1.62454719660157
Train,2.00542657563896,1.92960202886162
Train,2.35758061384121,2.26934199702834
Train,2.67595499157941,2.54337324187381
Train,2.96545351484543,2.80855276719466
Train,3.23007786762063,2.98156980255707
Train,3.47245396223694,3.37938390873562
Train,3.69568666082168,3.88642006914582
Train,3.90157605727133,3.99238892512529
Train,4.09224436676495,4.15399348412542
Train,4.26948383431432,4.32718407966255
Train,4.43435795345876,4.50125528241007
Train,4.58826026605805,4.61412723038847
Train,4.73238495656922,4.82798826298745
Train,4.86738295180506,4.85350129805928
Train,4.99433137694464,4.87881412534454
Train,5.11370594655759,5.01788258220263
Train,5.22627002247981,5.12141060828863
Train,5.33268984781122,5.24958316999927
Train,5.4332664421867,5.36738013926821
Train,1.18428791394519,1.42338881131225
Train,1.63622234477721,1.80899424792053
Train,2.03966537388795,2.1642307785209
Train,2.40202412271444,2.4872477123339
Train,2.72927020845774,2.7463034628077
Train,3.02627142594558,3.02994980832698
Train,3.29703552707117,3.35923901741691
Train,3.54489212669147,3.62459909845083
Train,3.77263031285526,3.84701815752757
Train,3.98260405466821,4.04796678504508
Train,4.17681386944818,4.23608860536941
Train,4.35697076170014,4.39013242194332
Train,4.52454676694965,4.54864406237022
Train,4.68081526395373,4.66551742974889
Train,4.82688339281796,4.78176018153439
Train,4.96371832551304,4.93372453520134
Train,5.09216870721911,5.0436662142662
Train,5.21298227338585,5.13962565353518
Train,5.32682041531893,5.28197872470585
Train,5.43427029363221,5.39115151337959
Train,2.11854974520265,2.17530303440903
Train,2.36965329953032,2.54830165802814
Train,2.60291369662723,2.61044114306384
Train,2.82074288747963,2.81013501912787
Train,3.02408366216741,3.16832930355652
Train,3.21483992653704,3.25054220623021
Train,3.39366947362023,3.42528016988484
Train,3.56210365267221,3.63085802143578
Train,3.72060116765344,3.72112159514562
Train,3.87041413984253,3.9695685319373
Train,4.01185999458537,3.99848187476141
Train,4.14597750162666,4.18475971641224
Train,4.27298251658091,4.30932213909477
Train,4.39374797378785,4.43896930478691
Train,4.5084159270133,4.53557265504663
Train,4.61772841628796,4.62183759179155
Train,4.72177341797621,4.74539342495597
Train,4.82118822113108,4.81083346708582
Train,4.91602092961166,4.91853385180485
Train,5.00682395082493,5.00124481147867
Train,4.12029750582454,4.16441746672501
Train,4.17735496874578,4.18830642801398
Train,4.23298871820292,4.23735119761435
Train,4.28755224265169,4.29038687477071
Train,4.34078056588744,4.34767251149638
Train,4.39301016246763,4.34082422031655
Train,4.44398575846483,4.45833599069022
Train,4.49402803643194,4.52081780618681
Train,4.54302639095992,4.50144610518063
Train,4.59088048913341,4.58692679535108
Train,4.63788935800581,4.63054656654419
Train,4.68381995465423,4.69041030903717
Train,4.72895809292725,4.7218927710878
Train,4.77320123589407,4.7348408450808
Train,4.81645576932464,4.72453097661766
Train,4.85898929060412,4.86295803712103
Train,4.90058839484491,4.84304536753562
Train,4.94150950752117,4.92973892831295
Train,4.98154643049578,4.93996803714663
Train,5.02094511455809,4.97079180781501
Train,2.13108253715747,3.12394844493997
Train,2.3634225107439,3.12612558367634
Train,2.58234426957046,3.5532882375784
Train,2.78872206994565,3.61611595732356
Train,2.98408712843775,3.58023540581566
Train,3.16906850956499,3.70173471353849
Train,3.34447262355661,3.86492329122595
Train,3.51102448520961,3.96789396759781
Train,3.66918121602325,4.21239682993205
Train,3.81993600410763,4.16221358087422
Train,3.96361774986868,4.40481472812235
Train,4.10071281829953,4.47943638522541
Train,4.23150110558036,4.43568859170687
Train,4.35671938119378,4.49450016104244
Train,4.47656656134204,4.60468080186194
Train,4.59138097054597,4.7488334923733
Train,4.70147310298635,4.80567279371549
Train,4.80699671021597,4.8670846230867
Train,4.90848328994059,4.96980310562423
Train,5.00603822010173,5.05706299024068
Train,3.04119409913443,3.1654667733473
Train,3.19008903585689,3.18609982391897
Train,3.33178815602225,3.4305411059661
Train,3.46656537724521,3.58490013699672
Train,3.59536463091558,3.64891096158387
Train,3.7183597587099,3.80541231683713
Train,3.83593444559867,3.99488155485922
Train,3.94843928740004,4.08196402704021
Train,4.05600691507524,4.13832115529928
Train,4.15931622960259,4.28727430219892
Train,4.25844130188877,4.26884140463043
Train,4.35363129196219,4.55670566745177
Train,4.44495577097793,4.55698886875796
Train,4.53295339705236,4.59409399411695
Train,4.61765389777833,4.67906247771434
Train,4.69923917216988,4.7342794622182
Train,4.77787798061389,4.76726343939805
Train,4.8535940634255,4.85468840304194
Train,4.92680396804945,4.92071899040745
Train,4.99750567947043,4.93575176758746
Train,2.12952051089091,2.30878946622523
Train,2.3669523637525,2.35691154461539
Train,2.58984900460194,2.36206869097259
Train,2.79950552654577,2.69157688885164
Train,2.99706760274245,2.88997315126346
Train,3.18355243123405,3.08165829024398
Train,3.35986625274271,3.27931688378461
Train,3.52681907826002,3.37998229592904
Train,3.68513713151105,3.56423543407528
Train,3.83547340951763,3.72957035116137
Train,3.97841668516907,3.95183461057325
Train,4.11449921352282,4.07051565413981
Train,4.24420335448835,4.20046785365457
Train,4.36796728559095,4.24416161746262
Train,4.48618994740472,4.28079743046894
Train,4.5992353392663,4.44843751218939
Train,4.7074362627208,4.5175360017592
Train,4.81109759379642,4.74806885908688
Train,4.9104991518747,4.86002077300506
Train,5.00589822200829,4.85908260131773
Train,3.86767499240352,3.84661818513956
Train,3.93988814312301,3.83940223315283
Train,4.0101984399561,3.95254642703644
Train,4.07901616013599,4.00146378815837
Train,4.14622331643736,4.12022449368505
Train,4.21171516262025,4.16323216879
Train,4.27586994226197,4.23392485472205
Train,4.33857416610701,4.26362308344778
Train,4.39972643404632,4.29479230917215
Train,4.45967663300769,4.47461509691447
Train,4.51831577123988,4.47469681053645
Train,4.57568639126128,4.57240678048144
Train,4.63169173067754,4.62595488530183
Train,4.68664865034855,4.68085695996887
Train,4.7404540428401,4.78967111408695
Train,4.79301465417683,4.82103274973968
Train,4.84462560898169,4.92935675042121
Train,4.89518807231036,4.8664510809808
Train,4.94461226602947,4.92304200522686
Train,4.99317378018728,4.93199154067262
Train,2.13029736085885,2.09858050085467
Train,2.36488484898228,2.31949499720489
Train,2.5852044874433,2.53289978260196
Train,2.79302233464975,2.650775953186
Train,2.98889740163149,2.77430566806858
Train,3.17427966419733,2.92393140135125
Train,3.34956388030625,3.16096296640171
Train,3.51595707532843,3.3400976786628
Train,3.67392665456806,3.52707424531613
Train,3.82391386438706,3.65082673141631
Train,3.96685640371195,3.90917926158747
Train,4.10290718919506,4.01821626287182
Train,4.23286926881838,4.15920019143637
Train,4.35699086341235,4.29072584259879
Train,4.47551231208091,4.41484877297852
Train,4.58908113602055,4.53679126157076
Train,4.69773558542738,4.67636140927099
Train,4.80204241739314,4.80890065195938
Train,4.90201266315861,4.85412854467179
Train,4.99814603642864,4.90856406447543
Train,2.12135140905587,2.25203797430465
Train,2.3581271563838,2.38018093758571
Train,2.58082347541767,2.65464435932696
Train,2.79014316886457,2.72807410755539
Train,2.98749947850021,2.77040928475221
Train,3.17411978402841,2.9453052493392
Train,3.35042062414992,3.13297150158443
Train,3.51764780114237,3.37668157122034
Train,3.67609155608704,3.5114661939075
Train,3.82661231789763,3.72685556872864
Train,3.96996736034316,3.85926564337473
Train,4.10631792695103,4.0279947715585
Train,4.2363261944277,4.17833856971436
Train,4.36057871671653,4.37441028473847
Train,4.47915454082872,4.45308464332675
Train,4.5927157035838,4.56986756990884
Train,4.7013034034086,4.68443188320232
Train,4.80536659178628,4.73857210998433
Train,4.90530652005249,4.84037632560057
Train,5.00112464163372,4.89164575060925
Train,2.11977512070295,2.12686034376292
Train,2.35543592062117,2.32333688622672
Train,2.57728379397804,2.48771946687505
Train,2.78597788921882,2.70450670469059
Train,2.98314523520744,2.76572335270757
Train,3.16925003574032,2.93691412224769
Train,3.34563771372171,3.13629384360402
Train,3.51263198312321,3.38331148927806
Train,3.67136005374403,3.53099782565605
Train,3.82204322514936,3.57576623596533
Train,3.9656369708923,3.84984730792259
Train,4.10228723103854,3.97446077222952
Train,4.23281242014042,4.15533319314987
Train,4.35730261727197,4.24073810610677
Train,4.47646546379672,4.37483157374373
Train,4.59034940695082,4.49354314700826
Train,4.69957152779093,4.68304276943213
Train,4.80414914034005,4.71371826008924
Train,4.90462451282397,4.81704398473567
Train,5.00099164739789,4.87499777192854
Train,2.12804897949919,2.16794093207766
Train,2.35914572896653,2.33311010190877
Train,2.57710276155572,2.37914075029979
Train,2.78300974754792,2.532226164049
Train,2.97783911053135,2.8113612388867
Train,3.16246138375598,2.92793387785981
Train,3.33765821454383,3.14817974149433
Train,3.50413342654931,2.95997065151749
Train,3.66252247004433,2.80034070056309
Train,3.81340052777421,3.31790015699518
Train,3.95728949435615,3.26926865700311
Train,4.09466400771843,3.40851820932179
Train,4.2259566794682,3.75080050151507
Train,4.35156264562758,4.154778411476
Train,4.47184353858334,4.3147960903436
Train,4.58713096434958,4.55213088596112
Train,4.697729555561,4.54781490284214
Train,4.80391965938697,4.68415113475569
Train,4.90595971030359,4.86774998021704
Train,5.00408833000427,4.90283915702544
Train,2.12104874676721,2.36921787144193
Train,2.34903509161392,2.50645589660031
Train,2.56480918105226,2.60072760374412
Train,2.76889724478091,2.80268156266404
Train,2.96242686686407,3.0753731811998
Train,3.14639019060585,3.1038246208604
Train,3.32111104645295,3.37147223716823
Train,3.48744392435907,3.55652050244437
Train,3.64614588497367,3.58594972806922
Train,3.79741081622558,3.92290252613901
Train,3.94190181739046,3.9249007542113
Train,4.08006394730618,4.06960951897214
Train,4.21244385637252,4.22590139342813
Train,4.33912900985612,4.32501016873086
Train,4.4606074234926,4.46034373267017
Train,4.57731699312864,4.57411737075115
Train,4.68929586349491,4.6925345431542
Train,4.79693976588629,4.77511146298736
Train,4.90060535136465,4.91248161481149
Train,5.00029769645624,4.99005748083818
Train,2.58725567566457,2.66887588566035
Train,2.70154279218157,2.60697177877543
Train,2.8119908417709,2.85519179948995
Train,2.91879006872852,2.9406541183481
Train,3.02187803688052,2.98535435465402
Train,3.12190950100178,3.0744076349651
Train,3.21879218484894,3.13992831685029
Train,3.31267246016338,3.25361446703548
Train,3.40368776495202,3.28763975491972
Train,3.49196727482679,3.35814355699492
Train,3.57743298806315,3.44597484156277
Train,3.66060417040359,3.32460072555437
Train,3.74138311732907,3.51557203745473
Train,3.81987157661885,3.50319276558611
Train,3.89616560659639,3.66588659682998
Train,3.97035596832019,3.7910375668247
Train,4.04236018004115,3.84976982570339
Train,4.11260055730009,3.77341597558508
Train,4.1809810485133,3.91677701970832
Train,4.24757455997282,4.00986738998068
Train,3.80664009908338,4.19023547772877
Train,3.88748447184076,4.17965553909138
Train,3.96611514799725,4.26484526743717
Train,4.0422824060348,4.42707092423979
Train,4.11626428105104,4.44263615818058
Train,4.18831347492961,4.43247698188924
Train,4.25819315247365,4.60725292999923
Train,4.32615063881179,4.52478099258215
Train,4.39241138017627,4.59348597740059
Train,4.45675108578473,4.71322441060533
Train,4.51939116947626,4.74035519239296
Train,4.5803981000977,4.78275808886754
Train,4.63996736368178,4.78164517393224
Train,4.69789058285393,4.77020425819794
Train,4.75436050542579,4.82175286143149
Train,4.80955391802398,4.84379997738576
Train,4.86327366852856,4.88480523060783
Train,4.91569450904407,4.92101233035175
Train,4.96697710872871,4.96741149788137
Train,5.01693489562961,5.01832656470189
Train,3.80622059177964,3.84516225140058
Train,3.8873288589235,3.88837480772449
Train,3.96601881127915,3.94476994454556
Train,4.04239701643749,3.8891074149473
Train,4.11640392475877,4.07729704271873
Train,4.18845862756364,4.11204984801049
Train,4.25848579499905,4.24950785771634
Train,4.32656981845119,4.35687546035097
Train,4.39279046993933,4.39673779968855
Train,4.45722321391436,4.44183353981166
Train,4.51980408338386,4.39895620913333
Train,4.58087512371354,4.54650331167403
Train,4.64036142544034,4.63052756641867
Train,4.69832388230876,4.57697665568172
Train,4.75482030771955,4.68800606879612
Train,4.80990562707344,4.69241722986315
Train,4.86351593951924,4.66028628349782
Train,4.9159359608391,4.76731847227039
Train,4.967093940438,4.87580745433351
Train,5.01703491275559,4.89686289882993
Train,3.8062145422959,3.77775538496607
Train,3.88739885079821,3.93813260302842
Train,3.9661491602232,3.96963831083009
Train,4.04257331506356,4.06573043679027
Train,4.11677288144057,4.07315588533268
Train,4.18884359743401,4.14784271793999
Train,4.25887578519916,4.14369868150911
Train,4.32695472860115,4.21257992464165
Train,4.39316101968649,4.47003417526669
Train,4.4575708769512,4.43912679061588
Train,4.52025643804822,4.50104577482277
Train,4.58128602929732,4.63989012527965
Train,4.64072441411457,4.5694124202267
Train,4.69863302226005,4.58128776244088
Train,4.75507016160996,4.77021584856327
Train,4.81009121398775,4.84433333495087
Train,4.86374881643681,4.84408892831436
Train,4.91609302918206,4.92927349026219
Train,4.96717149140691,5.0152875894483
Train,5.01702956586459,4.98357054145922
Train,1.47921976864386,1.34401925272321
Train,1.61425948358227,1.49597008707764
Train,1.74472348591131,1.66566727244722
Train,1.87084046764482,1.79922140816037
Train,1.99282413063477,1.94979062377473
Train,2.11121399002517,2.02714614913704
Train,2.22550739656884,2.2222337216464
Train,2.33623066738517,2.2558911842934
Train,2.44354850832307,2.42895839078352
Train,2.54761564721408,2.4986321565403
Train,2.64857757819521,2.59210109385335
Train,2.74657124038271,2.67305206647551
Train,2.84172563755433,2.77746598907112
Train,2.93416240473665,2.90825018199696
Train,3.02399632693052,2.96422404295825
Train,3.11158763745007,3.08991928812239
Train,3.1965283137682,3.1885248449791
Train,3.27917423913044,3.22454101418762
Train,3.35961716637309,3.31874492411881
Train,3.43794402116728,3.42936547745738
Train,3.80709435417755,3.33999228976468
Train,3.88895848836872,3.44105853381237
Train,3.9684383660783,3.6410677906327
Train,4.0452913543107,3.56667241158457
Train,4.11981218005613,3.45481236797895
Train,4.19210541355431,3.89794661285354
Train,4.26242693353728,3.97870046929017
Train,4.33054996456339,3.85013339429208
Train,4.39672409915869,4.07795287423212
Train,4.46103179034476,4.07931555921055
Train,4.52369133231124,4.29805231448462
Train,4.5844916386426,4.14561866467538
Train,4.64364672846964,4.24283154031591
Train,4.70122248809531,4.32494475267361
Train,4.75740734281136,4.49937591256473
Train,4.81200518427256,4.52592969793265
Train,4.86520153396366,4.58688535629023
Train,4.91704967116202,4.60290732486034
Train,4.96771391344005,4.64397318434169
Train,5.01701216782744,4.73835709644586
Train,2.12766243390009,2.11280064546266
Train,2.35796193148441,2.23662851031556
Train,2.57555122907879,2.33753616703732
Train,2.78097702930455,2.51781813099246
Train,2.97568291358558,2.6521730123532
Train,3.16005768113608,2.9545866831448
Train,3.33530918134515,3.14261547391762
Train,3.50171055742646,3.24587177668012
Train,3.66009982418037,3.39279894051352
Train,3.81121792669311,3.56897517655105
Train,3.95521826045487,3.6899207135415
Train,4.09291271982939,3.84629093615514
Train,4.22439945915351,3.99533856106702
Train,4.3502356980954,4.08065602342557
Train,4.47091882709077,4.24071640943178
Train,4.58648866250055,4.38480499955126
Train,4.69752254819782,4.48616926192521
Train,4.80403300530759,4.61792765700926
Train,4.90653031990999,4.71112390589595
Train,5.00500636182361,4.72574515066252
Train,3.08679121425573,3.03443107800961
Train,3.24633859421611,3.14371506852004
Train,3.39517634891969,3.28652164063816
Train,3.53434778838563,3.48465678030546
Train,3.66456023306791,3.5144505941717
Train,3.78703626284991,3.75134877464388
Train,3.90226379998657,3.76880995355932
Train,4.01086783096387,3.93607334462949
Train,4.11340349872762,4.06050077969931
Train,4.21036559396694,4.13416209353827
Train,4.30205163687515,4.19818710574045
Train,4.38915561187569,4.22118254933925
Train,4.47188161130028,4.37050282854694
Train,4.55055160906844,4.47361010606219
Train,4.62545676222388,4.52980990383651
Train,4.69686101171854,4.66176801887429
Train,4.76489626509146,4.75695806295494
Train,4.8300015519113,4.79281060497101
Train,4.89226320933295,4.84239833570706
Train,4.95186355917643,4.89850544022531
Train,2.12241780512704,2.31609369217696
Train,2.35135539584207,2.50902972967763
Train,2.56739830893723,2.71986844714375
Train,2.77206150249708,2.91917332728757
Train,2.96600456138248,3.08572729278135
Train,3.14984305289255,3.2317353674919
Train,3.32473655160042,3.37856815927966
Train,3.49113632416393,3.54204945004467
Train,3.64946938341394,3.70716917645304
Train,3.80064609238498,3.88747952059439
Train,3.94497923240077,4.09106222776693
Train,4.08292321703611,4.18800479417093
Train,4.21474537094069,4.34110937948992
Train,4.34112721413172,4.44675734937351
Train,4.46226276825089,4.57096914254634
Train,4.57834180019962,4.70008467647722
Train,4.6899244923032,4.75605515152146
Train,4.79714664378861,4.85340109400987
Train,4.90014324531993,4.93091929600459
Train,4.99938189771693,4.96229502037713
Train,4.51931776847356,4.64737950297163
Train,4.55567673384203,4.6975970147121
Train,4.59146817615258,4.71003741122488
Train,4.6267052801126,4.75087117283258
Train,4.66152647465309,4.77271517269557
Train,4.69569094135459,4.81397395314869
Train,4.7293382964878,4.82137450581053
Train,4.76248019232878,4.86032027424972
Train,4.79512793367652,4.87668709822258
Train,4.82729249070953,4.88363251919209
Train,4.85909932288176,4.92945378941813
Train,4.89032747595552,4.939715209994
Train,4.92110350386524,4.96191067533276
Train,4.95143715493046,4.98427097984499
Train,4.98133789922444,4.99236874707579
Train,5.01081493843122,5.01034626371788
Train,5.03998253307041,5.0270495974268
Train,5.06863727402527,5.0295756558318
Train,5.09689442747473,5.06324105059157
Train,5.12476221125896,5.10356682024365
Train,2.13189221657788,2.43292019768275
Train,2.36766544456705,2.52829988017133
Train,2.58921296683259,2.68177708642009
Train,2.7977845711513,2.9974606645373
Train,2.99426480936508,3.09418651457245
Train,3.18009684912226,3.43473381188313
Train,3.35592348227075,3.58230197442083
Train,3.52253157937561,3.58443935236428
Train,3.68062760799323,3.68477090853937
Train,3.83084764641597,3.89001240059068
Train,3.9736032197814,4.11098210164616
Train,4.10974713564277,4.28047536343777
Train,4.23958008064822,4.44268987887973
Train,4.36353093337985,4.55114509482992
Train,4.48199057245654,4.60320181359224
Train,4.59531599397164,4.7332476647515
Train,4.70370996237847,4.70906971031888
Train,4.8077250215466,4.84560095033484
Train,4.90750700734156,4.90078286400426
Train,5.00330917483839,4.95742513850975
Train,2.12839164602064,2.21657192761608
Train,2.36247316665261,2.32865792461376
Train,2.58301480421574,2.52474804379493
Train,2.79067067804873,2.75525816149246
Train,2.9869981285103,2.97213260461279
Train,3.17246333417267,3.16176298759899
Train,3.34835629682222,3.45066195773164
Train,3.51500690889576,3.6171218444574
Train,3.67331105438731,3.66399971613393
Train,3.8240578461484,3.74875994277616
Train,3.96743748779582,3.86426813102678
Train,4.10429937019524,4.15147933883846
Train,4.23476980815697,4.34829164245083
Train,4.35943325315064,4.35659729673199
Train,4.47880981867035,4.44748701202184
Train,4.59295876151782,4.51235199186514
Train,4.70247458147216,4.79381510849742
Train,4.80738530232696,4.89195639924243
Train,4.90821357881677,4.92246942183801
Train,5.00496385103977,5.00735081362249
Train,2.12201620608503,2.69642602569848
Train,2.36450349956983,2.82009044336553
Train,2.59116977482313,3.0837088389629
Train,2.80395560508875,3.30430269187687
Train,3.00389018829859,3.46564825879901
Train,3.1919080162322,3.64253105069181
Train,3.36941267015483,3.76117243284721
Train,3.53708711964804,3.86377094329315
Train,3.69556068002169,3.93411515880305
Train,3.84588366653932,4.08439885862953
Train,3.98852006558705,4.24622380725404
Train,4.1240447463273,4.39757038259049
Train,4.25284195876933,4.50326570246848
Train,4.37565704931787,4.51057183476664
Train,4.49277464891498,4.63756004107434
Train,4.60446523917708,4.72064086423028
Train,4.71132106651224,4.8297510393208
Train,4.81354216413267,4.87212332375108
Train,4.91132109330327,4.92760482053585
Train,5.00513782515033,5.02090721375123
Train,2.12305847928144,2.46721160901485
Train,2.35226514714969,2.51979608718121
Train,2.56881436200018,2.92808406168602
Train,2.77372642346124,3.06781432148823
Train,2.96791484066613,3.37690347172444
Train,3.15198039802484,3.40055526330098
Train,3.32711172043142,3.58418336212493
Train,3.4937447500178,3.73503421734736
Train,3.65248340688745,3.92102642788412
Train,3.80387571286322,4.05542406017565
Train,3.94842011258447,4.18690749859791
Train,4.08657095581079,4.31174634203628
Train,4.21874326797939,4.40200108960421
Train,4.34531691453664,4.53370561555361
Train,4.46664024705632,4.68440355925168
Train,4.5828939027359,4.7410438879
Train,4.694656728845,4.773609259165
Train,4.80205504924403,4.89344730543686
Train,4.90533962829596,4.91410179409048
Train,5.00474238101145,4.9435843646962
Train,2.12305305977826,2.19000112186732
Train,2.35927087394167,2.23014578275941
Train,2.58108208550189,2.43827370090757
Train,2.79022005828889,2.56936093965354
Train,2.98752570765147,2.86623788572788
Train,3.17377250611526,3.147165891343
Train,3.35024923196853,3.03295187761907
Train,3.51733983974209,3.15545304133348
Train,3.67612005116997,3.32379455936377
Train,3.82702973356129,3.58892863358644
Train,3.97048299923083,3.84761014511925
Train,4.10731814410908,3.92463417456216
Train,4.23783980035548,4.13102231335997
Train,4.36233864022949,4.33400330310169
Train,4.48148288908426,4.55272341283684
Train,4.59536069313629,4.65029733796583
Train,4.70455288144413,4.81044202059711
Train,4.80922783284459,4.76270439147647
Train,4.90954999146692,4.95974898756506
Train,5.00599688376397,4.97676399952382
Train,2.12239698054196,2.092648032488
Train,2.34457611443719,2.31246998402509
Train,2.55538573492275,2.70086777176528
Train,2.75609528560321,2.85728618545773
Train,2.94721380312319,2.87801019583908
Train,3.12941271557673,3.12402466624975
Train,3.30312046673219,3.33106574753847
Train,3.46926432297417,3.49423396692388
Train,3.62816129811696,3.63548303105657
Train,3.7802754151496,3.78429478781652
Train,3.92587927429142,3.91026435919026
Train,4.06567474782217,4.07130257721415
Train,4.19986173892056,4.1282300773097
Train,4.32877112211096,4.28139570612263
Train,4.45257824775527,4.4185309886118
Train,4.57183022717752,4.50420121781822
Train,4.68665319451203,4.66208259124784
Train,4.79728939124619,4.74974182082069
Train,4.90385166000563,4.86542401503645
Train,5.00677707587938,4.97522637187411
Train,3.42901042692851,3.59646354007406
Train,3.54044545959411,3.64139337030595
Train,3.64742769048059,3.74328598625754
Train,3.75056023575532,3.88012655654382
Train,3.84971744934167,3.95819596052698
Train,3.94544197875907,4.1891879895355
Train,4.0376023406599,4.18922957579091
Train,4.12668930102519,4.04369542022314
Train,4.21271091252278,4.26521778255853
Train,4.29568468936691,4.45046463493622
Train,4.37603641438931,4.55444664952385
Train,4.45362983495513,4.35216085036103
Train,4.52885432743004,4.61573055836583
Train,4.60169534846567,4.73604567125116
Train,4.67214706252256,4.78438205721599
Train,4.74055240657206,4.76037353869451
Train,4.80677826409416,4.90874875738932
Train,4.87114110577564,4.90956564838508
Train,4.93351023112156,4.9645473180104
Train,4.99417861336703,4.99657170379984
Train,4.08017278688525,4.05064874198576
Train,4.14017484907005,4.10087866531785
Train,4.19862253152457,4.28835215308177
Train,4.25587590740224,4.21116596392524
Train,4.31182352798814,4.31784863328943
Train,4.36636575334579,4.37137069016358
Train,4.41983558087884,4.40696389186984
Train,4.47212624629398,4.45745368646302
Train,4.52314177230391,4.49337850308125
Train,4.57319107759054,4.56375519988972
Train,4.62217196420917,4.61341894694651
Train,4.67011828266798,4.68516144521662
Train,4.7169389182248,4.66358989662032
Train,4.76291460740113,4.74343216675527
Train,4.80794900029676,4.81114667409926
Train,4.85195455279491,4.89435945862723
Train,4.8951933685157,4.86693093953638
Train,4.93757327636441,4.89969450816998
Train,4.97901020524745,4.9465849853694
Train,5.0197494529876,4.96483154083762
Train,2.15559069773346,2.58076088246858
Train,2.43250552074585,2.72219873995835
Train,2.68433813089823,2.83519948583963
Train,2.91379628361804,3.08859697117803
Train,3.12398781810597,3.36002254499523
Train,3.31724156644519,3.59331319919475
Train,3.4957411310791,3.70208583702605
Train,3.66071413121474,3.82733267730551
Train,3.81382731707758,3.9421433590936
Train,3.95631520711583,4.05563287427127
Train,4.08940832198007,4.19025418693173
Train,4.21370335097722,4.3649099785382
Train,4.33018642833708,4.41671302430643
Train,4.43957158810882,4.51271702939569
Train,4.54261404052913,4.59370695728796
Train,4.63961269455973,4.70907642535993
Train,4.73119591141636,4.78900782254933
Train,4.81780489097946,4.87679831428073
Train,4.89993462386474,4.90824472087571
Train,4.97773299206552,4.91930180913842
Train,3.80678547672767,3.58539857588335
Train,3.88830552120323,3.67539616796802
Train,3.96732731396479,3.75779053946852
Train,4.04396396346085,3.81283808018386
Train,4.1183218516675,3.81932480667496
Train,4.19065777786382,3.99669824646093
Train,4.26074831360627,4.05478735554779
Train,4.3288437833466,4.13341906388603
Train,4.39502817350667,4.24941982209146
Train,4.45938082163388,4.28040153025411
Train,4.52197673367046,4.32601640119973
Train,4.58288687558949,4.40173008719024
Train,4.64217844178192,4.46041799177433
Train,4.69991510232846,4.45633407017419
Train,4.75615723106922,4.52069847931577
Train,4.81108128602305,4.61859148660591
Train,4.86450033679016,4.69535549927647
Train,4.91658833834603,4.70268520696951
Train,4.96739442739898,4.80169974278352
Train,5.01696535149724,4.80014427638167
Train,3.80739449478882,3.84342251519768
Train,3.88848464895535,4.02004923172716
Train,3.96731062372242,3.94688585565326
Train,4.04363704974116,4.12644464204246
Train,4.11773988575936,4.06484901473925
Train,4.18971490526765,4.18501851461851
Train,4.2598029955438,4.31306257804305
Train,4.32778421916422,4.36681473580255
Train,4.39389406630724,4.45129010975134
Train,4.45820876027913,4.51167098129368
Train,4.52093526877318,4.59949515550706
Train,4.58186871909127,4.6088899707811
Train,4.64121237777854,4.78603798071245
Train,4.69902766161321,4.77173468187618
Train,4.75549432106236,4.75821453664063
Train,4.81042177795929,4.85977124933244
Train,4.86398725208032,4.88290057328591
Train,4.91624078070771,4.95127817954573
Train,4.9673399600617,4.94340500995309
Train,5.0171075550939,4.98299112133995
Train,2.12690503882029,2.10418417138212
Train,2.35784755001863,2.23456812678433
Train,2.57544108542503,2.27472082613017
Train,2.78127891202186,2.4344399764161
Train,2.97606629377245,2.57105773423038
Train,3.16045931759117,2.77472453920944
Train,3.33566791021446,3.00472396988782
Train,3.50217114428338,3.20867001280391
Train,3.66042106562472,3.35705399656456
Train,3.81136132934809,3.49760578654904
Train,3.95532199883044,3.69957269523032
Train,4.09277624686765,3.87049380685972
Train,4.22400497651647,3.98825040705107
Train,4.34970955395323,4.07450231713541
Train,4.47009338183143,4.20995585432142
Train,4.58535495467794,4.34384397808138
Train,4.69606819125944,4.44521264108334
Train,4.8023748897889,4.65550756395324
Train,4.90441570468925,4.68818683624396
Train,5.00266786477395,4.81310211286141
Train,2.12908150441046,2.18306003805314
Train,2.3557228052369,2.31452266984642
Train,2.56988514109415,2.52850715376093
Train,2.77301969809914,2.76661004669744
Train,2.96553069061696,2.94715398242609
Train,3.14863477783601,3.22270510153874
Train,3.32261934759476,3.35482611001759
Train,3.48851608253403,3.4529166706214
Train,3.64670065554545,3.63100554494718
Train,3.79753131688409,3.8275607619391
Train,3.9418289176121,3.95779783554245
Train,4.07970247293019,4.10402449681923
Train,4.21186471251341,4.23260039448741
Train,4.33852246744661,4.35202404206032
Train,4.45987767350149,4.48840567181823
Train,4.57651548003581,4.57551206917853
Train,4.68845636146453,4.72265379365918
Train,4.79621789742696,4.83711001508471
Train,4.89979895371093,4.90537768779146
Train,4.99966023770793,5.00185166998538
Train,3.79879635434255,3.70991770511549
Train,3.87892305621105,3.87679926960447
Train,3.95675120769345,3.77312509637678
Train,4.03237831608655,3.8229772052791
Train,4.10589645041598,3.64571497369962
Train,4.17724601452383,4.10078213420786
Train,4.24680644424389,4.01312063431432
Train,4.31450490970812,4.17514877813712
Train,4.38041518396485,4.16809134979528
Train,4.44460719357199,4.36177810385189
Train,4.50714726606388,4.35296563250135
Train,4.56809835855585,4.32936623584465
Train,4.6275202691425,4.42527921558533
Train,4.6854698325821,4.58414546766437
Train,4.74200110161298,4.6330264984966
Train,4.79705221183331,4.66244140725248
Train,4.85090144162714,4.67449623526847
Train,4.90347937076666,4.74748648727889
Train,4.95483049431226,4.85834769280389
Train,5.00499725485495,4.91646527447204
Train,4.68701658202835,4.63179788703653
Train,4.72093289360058,4.6713712657188
Train,4.75422002740472,4.74110936222695
Train,4.78678212727875,4.72867042819072
Train,4.81886436652009,4.85646582109659
Train,4.85036754599872,4.83008306661149
Train,4.88130720287331,4.86976938326636
Train,4.91169832337872,4.87868263427076
Train,4.94145188588581,4.89336937295441
Train,4.97079060327525,4.9322731184954
Train,4.99962262695463,4.94499092824149
Train,5.02796097081072,4.9656514232764
Train,5.05572162787799,4.98359529263635
Train,5.08311152384989,5.0095683785708
Train,5.11004416345865,5.03572887083748
Train,5.13653090231005,5.06653434617548
Train,5.16258272308677,5.09221686665687
Train,5.18812137115213,5.11308463840769
Train,5.21333631738599,5.11838908632532
Train,5.23814717001802,5.1497132830875
Train,2.12764774870194,2.29578986511243
Train,2.35445726966236,2.42077805691184
Train,2.56906504774185,2.55517387266287
Train,2.77267025255495,2.79491546751076
Train,2.9656410532022,2.88312641193563
Train,3.14900600969598,3.07173851785323
Train,3.32346495394999,3.27652964616732
Train,3.48965134817074,3.34764745445986
Train,3.64832785115024,3.72801230347386
Train,3.7996330281429,3.89787872029862
Train,3.94424017460211,3.88564511823225
Train,4.08258442531832,4.05935705029186
Train,4.21522138721336,4.18162669427859
Train,4.34219504590622,4.26653940707791
Train,4.46400509765697,4.44346334405772
Train,4.58096024619998,4.55396283905309
Train,4.69334506846879,4.70585376822621
Train,4.80155097156812,4.78777631518481
Train,4.90555887087389,4.84569143197484
Train,5.00572752505852,4.96603006582399
Train,2.12941596662493,2.28359903299199
Train,2.34949356155513,2.64420379720822
Train,2.55891641585048,2.727131275896
Train,2.75796351705586,2.88986899991585
Train,2.94761383641213,3.03812387511832
Train,3.12873402319509,3.30983591251124
Train,3.30147273061752,3.36396242695716
Train,3.46659612985834,3.55664723068299
Train,3.6247863965345,3.70207955553486
Train,3.77610783927268,3.8923793775533
Train,3.92117211554736,4.02234837620591
Train,4.06035946613775,4.10027570221014
Train,4.19418047804422,4.29416727393783
Train,4.32263065959233,4.39139114372066
Train,4.44617522540063,4.51877414311724
Train,4.56523292878498,4.60200766313615
Train,4.67976803848911,4.72226917239918
Train,4.79016605540284,4.77654205950418
Train,4.8967753291825,4.83002175462917
Train,4.99953990729427,5.00257211171568
Train,2.11978876680852,2.35950371010739
Train,2.34642393125933,2.35057365023267
Train,2.56095978271401,2.49414161240049
Train,2.76434004436675,2.79983424709806
Train,2.95741278165482,3.03837741679476
Train,3.14094222280755,3.18928093237169
Train,3.31561886885405,3.28983213934815
Train,3.48206817507465,3.50384049934525
Train,3.64085803397725,3.6927895678135
Train,3.79250524848166,3.7523680844519
Train,3.93765384651862,3.92907123515086
Train,4.07638183772122,3.99655886548413
Train,4.20926418338778,4.1048214814061
Train,4.3366627406525,4.23866384359823
Train,4.45891010421156,4.43375896855551
Train,4.57631250567816,4.52075804250458
Train,4.68915237491036,4.58896097194684
Train,4.79769060841322,4.72299053161529
Train,4.90216858316797,4.73595300861545
Train,5.0028099486075,4.87952693800057
Train,2.0913519187303,2.2344155700133
Train,2.18518955500076,2.42333254918255
Train,2.27669018024772,2.37794981176661
Train,2.36594002500987,2.4064471483707
Train,2.45302112908076,2.61553617893877
Train,2.53801159303689,2.56725182333285
Train,2.62098581186477,2.60827813218764
Train,2.70201469215569,2.75746323390665
Train,2.78116585420106,2.86174539431857
Train,2.85850382019889,3.02479674031329
Train,2.93409018967254,2.93672094042415
Train,3.00798380310384,3.08727955481585
Train,3.08024089469435,3.09250807954502
Train,3.15091523508813,3.26084099562927
Train,3.22005826481735,3.23239262739289
Train,3.28771921916669,3.40530703660934
Train,3.35394524509352,3.43083261960857
Train,3.41878151078733,3.51918317100003
Train,3.48227130840343,3.59818568409147
Train,3.54445615046195,3.65138975470081
Train,2.11667232262277,2.11285228542708
Train,2.32251209751356,2.21254969875176
Train,2.52020787161841,2.37152543165235
Train,2.71079801030086,2.54350974544657
Train,2.89411376355215,2.76032032613115
Train,3.07108825770395,2.89489150744169
Train,3.24153777822092,3.05725293116259
Train,3.40630524445251,3.29021162703498
Train,3.56543332961945,3.39959023935744
Train,3.71897830160098,3.52526095736579
Train,3.86767023431075,3.66954198352646
Train,4.01130762381448,3.82837208651638
Train,4.15055740140867,4.01651112928087
Train,4.28541662788122,4.1291236402491
Train,4.41589539942372,4.2843563272235
Train,4.54258020678892,4.40374575784968
Train,4.66526811791512,4.46128585796472
Train,4.78449983652832,4.56457319678825
Train,4.90007440926561,4.67068878183636
Train,5.01249192947453,4.7132008824437
Train,3.11073868583817,2.77601353401403
Train,3.24479919142761,3.05321075460175
Train,3.37386907178902,3.28124051508536
Train,3.4982219110929,3.40790674052371
Train,3.61811165532263,3.47639961716691
Train,3.73362444047771,3.54472058158183
Train,3.84528490360992,3.41228140187721
Train,3.95314245155855,3.46648023504227
Train,4.0573881100275,3.53028907894397
Train,4.15820032143129,3.74907839988386
Train,4.25574596422045,3.99693180115055
Train,4.35018127470054,4.09451307560451
Train,4.44165268205579,4.19111696340083
Train,4.53029756596447,4.16781931293268
Train,4.61624494505053,4.34923853091276
Train,4.69950776136667,4.44522925798717
Train,4.7804199956169,4.51445364356629
Train,4.85897747050863,4.68038404925634
Train,4.93528150625834,4.6507003610914
Train,5.00942769248706,4.69568266701746
Train,2.12404225021414,2.46041808430445
Train,2.34964960435225,2.56201682972967
Train,2.56328204585033,2.68893929812784
Train,2.76586834249329,2.71124406308055
Train,2.95824363628126,2.78132980939642
Train,3.14116095102361,2.88337799854773
Train,3.31530104336949,3.01198551028375
Train,3.48128086897002,3.26632180179457
Train,3.63966088570605,3.4401256176701
Train,3.79095137617817,3.66433209259854
Train,3.93561793974694,4.01466499404142
Train,4.07408627865554,4.14951799380022
Train,4.20674638187165,4.21528080215677
Train,4.33395619325473,4.47641306335298
Train,4.45604483670774,4.51338592692776
Train,4.57331545950356,4.61392135065894
Train,4.68604774550388,4.58990853913338
Train,4.7945001421344,4.78899441628599
Train,4.89891183844338,4.90096210933321
Train,4.99950452610901,4.96381620906192
Train,3.74189266374406,3.94614622405084
Train,3.82778636035636,4.13693984038932
Train,3.91099959666898,4.13473532072024
Train,3.99165591751737,4.30475440920717
Train,4.069871390228,4.37522863472582
Train,4.14589282419531,4.47241881493556
Train,4.21954361602458,4.4680153720616
Train,4.29106240194903,4.45943611323851
Train,4.36054043553201,4.55596840482254
Train,4.42806383584355,4.52134063368786
Train,4.49371394357418,4.5920811096652
Train,4.5575676479155,4.60001905477279
Train,4.61969768696932,4.66304668453347
Train,4.68017292415302,4.73282653571695
Train,4.73905860280948,4.71449171768159
Train,4.79652083991859,4.75135789952692
Train,4.85240715410266,4.78792822109186
Train,4.90688027866776,4.88522771037652
Train,4.95999314705382,4.866275676168
Train,5.01179608168382,4.96346651272998
Train,3.26389504820393,3.49960471638225
Train,3.38948504564324,3.61943660880901
Train,3.50992282864683,3.7445905439396
Train,3.62551907194806,3.83864100013214
Train,3.73655996449524,3.90059051200379
Train,3.84330957514337,4.04922104665506
Train,3.9460119492718,4.06439651761427
Train,4.044892971369,4.18751454413052
Train,4.14016202350526,4.23996411572092
Train,4.23201346532108,4.36203720290139
Train,4.32076813562063,4.47376823187939
Train,4.40630901368748,4.56784035369808
Train,4.4889380334595,4.62306838300253
Train,4.56880138855577,4.65242085106807
Train,4.64603564722659,4.69179404693889
Train,4.72076853169191,4.75503833008203
Train,4.79311962296542,4.80785655954078
Train,4.86320099934581,4.85761990841641
Train,4.93111781574609,4.89387277008726
Train,4.99696883015901,4.94393841522595
Train,3.80599805069466,3.71617203474747
Train,3.88733191940926,3.84557926457949
Train,3.96636870253196,3.92130921531841
Train,4.04287758668489,4.00950376439947
Train,4.11729416407471,4.08474941159546
Train,4.18939502392284,4.13415847359164
Train,4.25958499197496,4.26057769009747
Train,4.32764809200477,4.29737332792941
Train,4.39396157624627,4.30249065983139
Train,4.45831684372526,4.44300793909584
Train,4.52106633873803,4.56176178236956
Train,4.58200871084584,4.38035862021052
Train,4.64147400341201,4.55857814285206
Train,4.6992679457908,4.65514908665007
Train,4.75570028487941,4.70134722233888
Train,4.81058362762101,4.77610826533398
Train,4.86420927229291,4.78946415243299
Train,4.91639648069518,4.76475332761122
Train,4.96741973156524,4.93917414094843
Train,5.01710470649286,4.97002252275519
Train,1.02091656230163,0.995843757010823
Train,1.41009072482468,1.45706971489056
Train,1.76365378241522,1.86482810407406
Train,2.08689965460262,2.03780040947214
Train,2.38328213060095,2.42896340575186
Train,2.65575369120077,2.62146420088768
Train,2.90758115447517,2.89796861615985
Train,3.14079945882144,3.20691020545134
Train,3.35718831570746,3.28299657923697
Train,3.55889639217026,3.64158351036198
Train,3.74718584148771,3.74518050630867
Train,3.92335256958997,3.96047197068837
Train,4.08837030369103,3.98889317454386
Train,4.24356665535119,4.20065155717688
Train,4.38965066465061,4.36411558218001
Train,4.5272677594567,4.47994160573692
Train,4.65738691864815,4.69310791416131
Train,4.78048435420709,4.78800154515521
Train,4.89699960173085,4.8700214310467
Train,5.00766300985782,4.96042307375105
Train,2.12286196379505,2.23479643629397
Train,2.35404628500258,2.30288421334586
Train,2.57187871414686,2.34817518336095
Train,2.77793188808856,2.5246608867724
Train,2.97292325093331,2.73511380244204
Train,3.15751874926084,2.95330593867813
Train,3.33291068010133,3.12036825148722
Train,3.49940627882133,3.31383989852829
Train,3.65801200821964,3.44863161532463
Train,3.80911024170722,3.58249290648068
Train,3.95306404674862,3.72264817587776
Train,4.09066942363462,3.95448618748612
Train,4.22219299809946,4.09918246209259
Train,4.34789138183509,4.18689263776523
Train,4.46840717831192,4.31775413763778
Train,4.58380085794655,4.45966772092888
Train,4.69463516894196,4.54666738334637
Train,4.80105810017695,4.68697723237796
Train,4.90321559078414,4.77760843636874
Train,5.00157494290319,4.87511091224064
Train,2.12194975275501,2.4814323176634
Train,2.34457216482315,2.66671107177159
Train,2.5558260826583,2.93915805608497
Train,2.75656064483741,3.34181196139261
Train,2.94754247880768,3.30357565210651
Train,3.12925847668646,3.56921553978128
Train,3.30276173438749,3.83829270727446
Train,3.46840770170272,3.9705198759034
Train,3.62671830009497,4.15134228264683
Train,3.77817022742651,4.30937376063647
Train,3.92319975228832,4.41998689035495
Train,4.06220691107433,4.50782919277461
Train,4.19555919283872,4.49389707082189
Train,4.32359478341279,4.54929884517512
Train,4.4466254290817,4.55031228925333
Train,4.56480371678054,4.69004160899707
Train,4.67867137915612,4.79615127766649
Train,4.7883343713768,4.88538761089076
Train,4.89402136359219,4.95729614450021
Train,4.99594473962073,5.00817790863592
Train,2.11837286660064,2.17185836700178
Train,2.34737861520036,2.19961603052828
Train,2.56359489635411,2.37429745172685
Train,2.76850151013485,2.58484137943135
Train,2.96254748643875,2.87163228756489
Train,3.14696831484299,2.91164221268494
Train,3.32208714436454,3.15918421604694
Train,3.48894765233596,3.35220934941563
Train,3.64777942233377,3.50294110966704
Train,3.79947342694146,3.82524959843669
Train,3.94418908795118,3.98559102219102
Train,4.08269426751685,3.92186961549788
Train,4.21509539527555,4.08335547162673
Train,4.3420599402401,4.31368565384643
Train,4.46365408140939,4.41672218392723
Train,4.58046256134503,4.48006270339429
Train,4.69252086085267,4.59198895277644
Train,4.80034489956636,4.72637365128132
Train,4.90394668693518,4.7787144523496
Train,5.00378438193365,4.85921052805762
Train,2.12442338288073,2.04605045108069
Train,2.35579920812511,2.29851039712847
Train,2.57400061982387,2.51676840280356
Train,2.78012168606061,2.65046806467605
Train,2.97513859561976,2.79262925821563
Train,3.15992511755526,3.01269468114549
Train,3.3352656899645,3.27022767504162
Train,3.5018665515638,3.57327488202041
Train,3.66036524920537,3.77034912541984
Train,3.81133879120879,3.98357436572173
Train,3.95515066960552,4.00163208922112
Train,4.09260408140797,4.07341469776486
Train,4.22396522548211,4.04129740187879
Train,4.34963035641259,4.10002208241484
Train,4.46996209365094,4.29832007595899
Train,4.58529291615545,4.2577184194937
Train,4.69592823019507,4.3568320158932
Train,4.80214906992685,4.45633707209121
Train,4.90421448102826,4.55327094827253
Train,5.00236362994877,4.6526451954056
Train,2.13069270995709,2.30640315197424
Train,2.34358357852775,2.57292867050488
Train,2.5471615972976,2.76791167353479
Train,2.74157539729887,2.94677610517924
Train,2.92764474999873,3.04496518015103
Train,3.10610162030767,3.26290729446596
Train,3.27700822256989,3.43348148148936
Train,3.44121293343616,3.73580990228927
Train,3.59873746818549,3.78187837970481
Train,3.75015634493236,3.95993077836052
Train,3.89598649835701,4.08613800496416
Train,4.03620653888343,4.19645688733315
Train,4.17129038082635,4.32718260793333
Train,4.30166613350094,4.44331545675614
Train,4.4272840941308,4.56903669206643
Train,4.54868113466339,4.66284448869085
Train,4.66579443445186,4.77217404188073
Train,4.77897796013771,4.81628186512978
Train,4.88855332920334,4.88980789103065
Train,4.99444418315484,4.92810696798776
Train,2.12808034893737,2.19503491410716
Train,2.35112466218989,2.38540889577834
Train,2.56271668654416,2.58914667754646
Train,2.7634951875332,2.76079786225333
Train,2.95468917425529,2.91984728420239
Train,3.13676800551006,3.04404096369673
Train,3.31036835099227,3.23127296915745
Train,3.47606893652864,3.4327948290314
Train,3.63422226056738,3.73759331380033
Train,3.78566663529134,3.8535524866021
Train,3.93065965892099,3.76992093835714
Train,4.06960496419778,4.09148662918049
Train,4.20272585421643,4.24364796867957
Train,4.33066382949492,4.38873578161484
Train,4.45357956101408,4.47050053352311
Train,4.57176308066675,4.6467277893609
Train,4.68548250986946,4.66898967075872
Train,4.79486478544858,4.88938405503019
Train,4.90038706285921,4.80808456219216
Train,5.00213714460938,4.92320902416834
Train,2.11491407524425,2.52804265262351
Train,2.31671594501718,2.41336104783588
Train,2.51134675777038,2.85121437175592
Train,2.69918207738369,3.28078586995498
Train,2.88057169224501,3.46840879197203
Train,3.05561445754979,3.01073419948546
Train,3.22507705928698,3.37608220477025
Train,3.38900898775053,3.71391556726077
Train,3.54767664873223,3.46103834634222
Train,3.70132960848083,4.03227931741947
Train,3.85020190354028,3.98405129994497
Train,3.99451323020027,4.28983759883827
Train,4.13447002627336,4.17418698941362
Train,4.2702664564011,4.14091089345809
Train,4.40208531077922,4.46168405961777
Train,4.52993237727082,4.5246897847861
Train,4.6543076903439,4.58781083601357
Train,4.77519322043309,4.72742607563263
Train,4.89273381251369,4.70164044443725
Train,5.00706640514168,4.78134634170941
Train,1.52995030013884,2.03774773898563
Train,1.64415782390322,2.04360791918786
Train,1.75485116068289,2.16329686780932
Train,1.86272764456143,2.21650297254997
Train,1.96763054096679,2.30937972321109
Train,2.06968112766221,2.42653375216937
Train,2.16874611420499,2.49987440361665
Train,2.26543684175608,2.8225517338491
Train,2.35960148775745,2.7604170942305
Train,2.45133776802094,2.81927510841935
Train,2.54051496586932,2.91905305956497
Train,2.62767365441654,3.01392555727915
Train,2.71266829127092,3.14793919444524
Train,2.79557848457756,3.30461974228819
Train,2.87627764601249,3.62063604724692
Train,2.95524739250586,3.35096792592458
Train,3.03234911272936,3.4358642663341
Train,3.10764831402885,3.5466271848212
Train,3.18102339679048,3.63927518883024
Train,3.25290632628511,3.7841052374588
Train,2.12554648004325,2.56261577061812
Train,2.3577430645608,2.63195643471629
Train,2.57660865979447,2.75218834754193
Train,2.78325927760292,2.96812086268079
Train,2.97848011559794,3.14380106184163
Train,3.16359101040625,3.28817723304032
Train,3.33916858560766,3.42483386804106
Train,3.50593081060285,3.50145498314401
Train,3.6645253251217,3.6794183703638
Train,3.81553784492369,3.85142296237469
Train,3.95934436881433,3.9648571142663
Train,4.09674449501847,4.09225821885014
Train,4.22801525761179,4.2118446683022
Train,4.35355785065996,4.33703475347592
Train,4.47373920259712,4.44996137898205
Train,4.58889555799368,4.61694043880915
Train,4.69921634588595,4.73583516918975
Train,4.80522877554046,4.83228956132655
Train,4.90707013992005,4.9369771244266
Train,5.00498185595562,4.9913455083113
Train,2.12517767595753,2.67029075776407
Train,2.36120353977032,2.93908407598315
Train,2.58320927773569,3.12929285411252
Train,2.79195992332138,3.34358295185661
Train,2.98881916463409,3.54524743827134
Train,3.17477494695386,3.66194822352878
Train,3.3508978835555,3.76675903887662
Train,3.51758879965555,3.88314020171804
Train,3.67575563874661,4.06036658710613
Train,3.82603594367509,4.1722350245818
Train,3.96915935556266,4.32597158812537
Train,4.10533122499744,4.45961146297139
Train,4.23518593091057,4.6369250931455
Train,4.35915309821122,4.73737083524808
Train,4.47775225987151,4.79378605645502
Train,4.59107948651038,4.85820858831617
Train,4.69959582591217,4.88944382853038
Train,4.80360125347652,4.8980915964602
Train,4.90347930910433,4.92938173299723
Train,4.99926328363442,5.00159247506496
Train,3.80397153353049,3.8844168990909
Train,3.88549905352172,3.9306576005207
Train,3.96439451241222,3.99695980727741
Train,4.04109836128839,4.07074718388177
Train,4.11554705236603,4.17541421661125
Train,4.18783860010102,4.29026401154499
Train,4.25792089821145,4.36244306423055
Train,4.32617424255073,4.42911927118995
Train,4.39253227066793,4.47795922651899
Train,4.45707284755318,4.44644892200983
Train,4.51974029825615,4.53367664691119
Train,4.58086644253112,4.69531239167865
Train,4.6403844502267,4.74012847590967
Train,4.69835695886223,4.82511260665114
Train,4.75472697723642,4.80207100467871
Train,4.80978668613821,4.8546601228839
Train,4.86347022912095,4.91622307644998
Train,4.91582856334116,4.95809087802243
Train,4.9668048161818,4.96194198764208
Train,5.01665833605347,4.99869877699156
Train,3.11921770338445,3.10491518929176
Train,3.25694889014861,3.32278565401905
Train,3.38892613912794,3.48564699235428
Train,3.51550264249553,3.52485143419046
Train,3.63700326550487,3.70744766720768
Train,3.75372733053275,3.75506584708292
Train,3.8659510791042,3.95392148655203
Train,3.97392985453209,4.06063221172016
Train,4.07790004147265,4.07079301285146
Train,4.17808079340616,4.2307757763778
Train,4.27467557461214,4.31344254416219
Train,4.36787353947091,4.39049525066249
Train,4.45785076876746,4.51083742177148
Train,4.54477137999981,4.5597445734798
Train,4.62878852642228,4.67795321899856
Train,4.71004529761849,4.69517295184324
Train,4.78867553274412,4.80287483758929
Train,4.86480455616247,4.87198561456086
Train,4.93854984397785,4.93988314062884
Train,5.01002162892301,5.00864464563946
Train,2.12639329274567,2.43137195490344
Train,2.3490875059615,2.54960244139545
Train,2.56026436168063,2.70278768098294
Train,2.7612285875963,2.85231895060642
Train,2.95249648343076,2.97714630868317
Train,3.13455619083396,3.10441763439882
Train,3.30843299542765,3.33306114269136
Train,3.47430665113683,3.54471330998813
Train,3.63306088750707,3.70581913230604
Train,3.78497954505791,3.80028516515661
Train,3.93033705105284,3.8640911562524
Train,4.06985185861098,4.02681777319506
Train,4.20372380871544,4.22695597541309
Train,4.33214890836769,4.36655661410747
Train,4.45572111535878,4.40971151561823
Train,4.57445194751556,4.51555460617358
Train,4.68886893282057,4.68239698103533
Train,4.79908297058058,4.79899464259366
Train,4.90520593710802,4.8319377122689
Train,5.00768424404255,4.95270826455701
Train,2.12306683064063,2.31996298359033
Train,2.33869818119025,2.32863748628365
Train,2.54470257457936,2.56257900818056
Train,2.7411965484669,2.9698308890323
Train,2.9293146528236,2.9458334232953
Train,3.10911040135459,3.16036809251127
Train,3.28157451613356,3.3335171586106
Train,3.44671361556348,3.44417664384436
Train,3.60519185160221,3.55287754611017
Train,3.75760371949205,3.61757140827907
Train,3.90390703121558,3.86964919099493
Train,4.04483059373848,4.00876549273341
Train,4.18030995646588,4.14766854158361
Train,4.31082557486255,4.26379207249506
Train,4.43681051502507,4.2808745969426
Train,4.55817758578735,4.41503552135346
Train,4.67548360745169,4.51339285928945
Train,4.78863139998403,4.71791222929942
Train,4.89812539860234,4.74180805222166
Train,5.00386145733355,4.88173538634285
Train,3.37418207933184,3.75043600294352
Train,3.48771316086674,3.65674198390552
Train,3.59740949207486,3.95984199350652
Train,3.70374658654003,3.89771759759032
Train,3.80673822284573,4.06022328628223
Train,3.90653983255267,4.08762796760388
Train,4.0031677275453,4.27176944244947
Train,4.09702222950947,4.3095937065836
Train,4.18809872423923,4.31605266852916
Train,4.27651875268608,4.42016209179538
Train,4.36228170389985,4.45037682949199
Train,4.44572920586415,4.55777265925105
Train,4.52684473954759,4.59476311286451
Train,4.60572470937067,4.69904404467856
Train,4.68235729320513,4.72870801762493
Train,4.75703747718801,4.79961279664955
Train,4.82974113055596,4.84152277597677
Train,4.90054569654937,4.90807947983549
Train,4.96943198418893,4.98626306727581
Train,5.03665732809543,5.05431024710914
Train,1.47906637796318,1.63478321975023
Train,1.54847132110152,1.63911969544293
Train,1.61668827204686,1.67588501836654
Train,1.68374747394573,1.74596651132725
Train,1.74992672169434,1.78486829128476
Train,1.81475299492386,1.85104932816803
Train,1.87850641097442,1.92213579007585
Train,1.94121338450977,1.96861884814273
Train,2.00289947011669,2.01665399258806
Train,2.06358939702812,2.08159415365085
Train,2.12353234011451,2.21667273552303
Train,2.18229743436358,2.20068294048691
Train,2.24013601222948,2.25140481396761
Train,2.29706981412639,2.33448442835623
Train,2.35311990557129,2.32128702288198
Train,2.40830670317121,2.41877282303979
Train,2.46285504285922,2.48191550272587
Train,2.51637093142627,2.82128923684922
Train,2.56908119458516,2.66305021807334
Train,2.62100388819452,2.623381995634
Train,2.12316287095229,2.01715288760993
Train,2.35733488356204,2.30262538501654
Train,2.57774453589439,2.58121124805348
Train,2.78557042192426,2.60476131284638
Train,2.98166887104452,2.93571204607411
Train,3.16736750034535,3.07573294417496
Train,3.34330017341102,3.2650943011178
Train,3.51021754427218,3.39544033898212
Train,3.66879525741862,3.65849268319575
Train,3.81964308866274,3.66449152356914
Train,3.96317210430354,3.88768414446669
Train,4.10017057426975,4.0775567916116
Train,4.230945912449,4.14255221070274
Train,4.35591272906889,4.31178860567283
Train,4.4754496038413,4.41969508349514
Train,4.58990291664978,4.49460915580512
Train,4.69948247075727,4.6569586973192
Train,4.80469970018842,4.76859337928913
Train,4.90571057777323,4.86852287744878
Train,5.00276240125249,4.91986225253991
Train,3.8399474919057,3.70401858021714
Train,3.91797041366502,3.89043349496896
Train,3.99373156779974,3.89300129875282
Train,4.06732789708,4.05376385793313
Train,4.13885088216309,4.04049774487653
Train,4.20838692094431,4.13330523855576
Train,4.2760176767254,4.19752283610894
Train,4.34182039815031,4.30868748357062
Train,4.40586821354372,4.36492950968412
Train,4.46823040201005,4.36066200693452
Train,4.52897264340603,4.42874452649939
Train,4.58815724908277,4.49919094401924
Train,4.64584337510152,4.65187413321263
Train,4.70208721945693,4.6408454911118
Train,4.75694220468976,4.72208132491944
Train,4.81045914713663,4.72152574996402
Train,4.86268641394373,4.85147435901982
Train,4.91367006886434,4.90461294568408
Train,4.96345400776392,4.90435848597116
Train,5.01208008467049,4.91922775524962
Train,3.94041200594176,3.94686303632522
Train,4.01103845336588,3.95561549304202
Train,4.07976040964551,4.08378061397112
Train,4.14651807034064,4.16872889036368
Train,4.21165862267943,4.20048314553563
Train,4.27511085796261,4.2720693681498
Train,4.33693957334793,4.34615617187935
Train,4.39720629201451,4.39261273111271
Train,4.45585006067793,4.47888191851831
Train,4.51316818961715,4.52587859326585
Train,4.56909110919117,4.58205074962842
Train,4.62366914908778,4.64516798012112
Train,4.67684191507672,4.69348063575687
Train,4.72887428637699,4.71828583157299
Train,4.77969887961256,4.79636255826288
Train,4.82935726482975,4.84137403117347
Train,4.87788912600241,4.87557651010072
Train,4.92523583959125,4.91905298864996
Train,4.97162881144193,4.97573375117032
Train,5.01700394805863,4.98748373403321
Train,2.11915873517799,2.26004703478819
Train,2.35727870532536,2.32846628166341
Train,2.58087633180816,2.64170544962491
Train,2.79124082412194,2.80591971613085
Train,2.98932924530374,2.98339818772637
Train,3.17653308654593,3.19853782789522
Train,3.35356077231393,3.44345949626937
Train,3.52122009115745,3.50852756756936
Train,3.68023553866835,3.75319132184068
Train,3.83125878335402,3.85588528676275
Train,3.97474378092154,4.01431493958816
Train,4.11149599516865,4.13999258851085
Train,4.24185667813914,4.35271655500698
Train,4.36626368901568,4.43914803685811
Train,4.48511578515851,4.5736085236162
Train,4.59877689163794,4.7015763979084
Train,4.70747812334787,4.75802058282626
Train,4.81173205104633,4.90789708418924
Train,4.91171246547347,4.96612598433429
Train,5.00767685508978,5.03516304156341
Train,2.12097484995748,2.14817005795985
Train,2.3570244066971,2.41858005244442
Train,2.57917724510196,2.62726694449166
Train,2.78827183761761,2.80374194316305
Train,2.9857602457956,2.97416142077402
Train,3.17226676546705,3.31227244133382
Train,3.34898158544675,3.41620167428153
Train,3.51637211032389,3.66024521203391
Train,3.67542680844879,3.7082230391077
Train,3.8264965960216,3.90521285307835
Train,3.97041214690829,3.87165174172714
Train,4.10743686740182,4.18086883535001
Train,4.23827627485483,4.21162342569273
Train,4.36312736322162,4.44789367907286
Train,4.48259512680321,4.49110353525497
Train,4.59682571375125,4.55528082926151
Train,4.7063424534687,4.64117788033999
Train,4.81125227227238,4.75700547833601
Train,4.912011459775,4.86855632478731
Train,5.00869649437444,4.97951414198663
Train,3.74221786854835,3.86606186945848
Train,3.82759592391708,3.94231675167873
Train,3.91031966929254,4.03066755948077
Train,3.99051098941804,3.99830800482071
Train,4.06814015703655,4.24010911619403
Train,4.14360767996845,4.15788765182067
Train,4.21686628168486,4.22430208077878
Train,4.28801154544047,4.37530387890735
Train,4.35713361819891,4.45709405739501
Train,4.42431759170031,4.4213652779577
Train,4.48952252467707,4.58369338152976
Train,4.55307035924607,4.59916487024535
Train,4.61490826097532,4.63212306135002
Train,4.67510432947241,4.67221867012065
Train,4.73372309555121,4.75939367053852
Train,4.79082575198911,4.83514474581367
Train,4.84636690986774,4.93189927769626
Train,4.90061121442188,4.93204367417677
Train,4.95350491488309,4.92951099702814
Train,5.0050978331145,5.0153255894744
Train,2.12790953015028,2.04887500603549
Train,2.35906158917739,2.24146746044894
Train,2.57705395297792,2.51093609540436
Train,2.78297930772664,2.57868417198583
Train,2.97781262592478,2.95576103909504
Train,3.16242660211071,3.19269993924586
Train,3.33760472175379,3.50766790628575
Train,3.50405237617955,3.63212694588621
Train,3.66240635607351,3.77999184345417
Train,3.81324299296503,3.98586907066169
Train,3.95695494556972,4.19881792055076
Train,4.09428398088022,4.44506999316983
Train,4.22552700135128,4.62174111330518
Train,4.35107980776958,4.567735342126
Train,4.47130460822062,4.57943796064037
Train,4.58653350792196,4.52967777008885
Train,4.69707157285524,4.7564607805753
Train,4.80319952671123,4.749024163649
Train,4.90517613135008,4.92650479220014
Train,5.00324029327474,5.01630227936891
Train,2.42575801110583,2.1353729021253
Train,2.51860536917424,2.52668005934185
Train,2.60921960482224,2.55328843104578
Train,2.69810539310535,2.47763533457428
Train,2.78510255816765,2.69769141014442
Train,2.870066605187,2.66248262289362
Train,2.95346695108527,2.90282866264617
Train,3.03495417042908,3.02276291192369
Train,3.11497623469144,2.83209302333834
Train,3.1933836937102,3.16206332803669
Train,3.27004072382629,3.1247050068584
Train,3.34536582016967,3.30922105935583
Train,3.4192156942979,3.30621892587902
Train,3.49145961481836,3.5005640809798
Train,3.56248946779936,3.32251980927678
Train,3.63200077714586,3.56117961868261
Train,3.70036910666572,3.59798232066063
Train,3.76746090138273,3.73149654688603
Train,3.83315360919314,3.63806986694677
Train,3.89780018236408,3.84239519667475
Train,3.84147967601678,3.80096173001382
Train,3.91874691650185,3.86813526997564
Train,3.99379963922919,3.99997761242647
Train,4.06673170295911,4.08330145083826
Train,4.13763173627338,4.10523244868429
Train,4.20658349687749,4.19082373352459
Train,4.2736662016842,4.3116834499981
Train,4.33895483041375,4.34627910693132
Train,4.40252040515677,4.39681057493833
Train,4.46443024809127,4.46426096094676
Train,4.52474821931997,4.48345992847469
Train,4.58353493659396,4.57398096892553
Train,4.64084797851232,4.63169059777633
Train,4.69674207262926,4.68011792992972
Train,4.75126926976078,4.73172942760947
Train,4.8044791056577,4.76358080969469
Train,4.85641875110067,4.8685017485871
Train,4.90713315137299,4.91156020455507
Train,4.95666515597815,4.91547461874273
Train,5.00505563938889,4.96041135553306
Train,2.13093431136139,2.24303810760043
Train,2.36173253263277,2.39807666287967
Train,2.57960416579599,2.68753934604114
Train,2.78522381368925,2.7316153389015
Train,2.97995773098067,3.0406283541065
Train,3.16430526142737,3.2376421434525
Train,3.33940086214668,3.29174631626313
Train,3.50561446880442,3.60672262715961
Train,3.66375221540188,3.59515139932937
Train,3.81452904290541,3.81074351040058
Train,3.95817924027155,3.95690222720159
Train,4.09545203176414,4.21110618050423
Train,4.22651813315897,4.26859822787328
Train,4.3519060733678,4.45273244646606
Train,4.47208916050811,4.4907590088988
Train,4.58716968009763,4.66883660714965
Train,4.69767208671587,4.77462580387605
Train,4.80366586042009,4.79489326719929
Train,4.90561185767913,4.94134729453834
Train,5.0035541492979,5.03004978689852
Train,2.19008209802406,2.29170876671833
Train,2.28752949738916,2.38188230061367
Train,2.38249714478179,2.50314557481495
Train,2.47459700787344,2.48272606418738
Train,2.56418993112239,2.57780675033781
Train,2.65160444600734,2.63057276012912
Train,2.73647509780624,2.68581653406449
Train,2.81912628733712,2.90060221377157
Train,2.89985420627631,2.9877141619383
Train,2.9783145823319,2.94348566501237
Train,3.05480064598804,3.14860178026512
Train,3.12938599127602,3.16029492690044
Train,3.20233070358334,3.16176567599695
Train,3.27331658037968,3.3796469929743
Train,3.34260186799083,3.38580530886625
Train,3.41042378539512,3.46066754408771
Train,3.47648211846914,3.50135925807823
Train,3.5410128529697,3.43466774600221
Train,3.60423327360308,3.7462835848872
Train,3.66585988561657,3.59122997028556
Train,-3.00972532222686,-2.83082820419962
Train,-2.77027516152536,-2.73317778447294
Train,-2.53798792711913,-2.55252960609783
Train,-2.31254694717572,-2.24349992429356
Train,-2.09365394545574,-2.11004784292568
Train,-1.88102772467469,-1.91807658587821
Train,-1.67440296135268,-1.6631055033197
Train,-1.47352910129147,-1.37500653410665
Train,-1.27816934601103,-1.42390519603617
Train,-1.08809972152453,-0.997950767450449
Train,-0.902674695665418,-0.889032093020436
Train,-0.722571847995917,-0.801881455524502
Train,-0.547155482550075,-0.512977905906001
Train,-0.376245027227549,-0.350815796008167
Train,-0.209669068984317,-0.174287698399503
Train,-0.0472647803921919,-0.0206811577085529
Train,0.111122611251297,0.0770206237239013
Train,0.265640315901262,0.340161424711065
Train,0.416428437119278,0.569092790821525
Train,0.563620395776271,0.792692350403646
Train,3.17029914725127,3.175106329587
Train,3.3047494477121,3.39345492419264
Train,3.43345762907231,3.41015611616172
Train,3.55678385305505,3.62061861064753
Train,3.67505877776957,3.64356129889172
Train,3.78858651816742,3.81806546257591
Train,3.89764725704139,3.92450272253233
Train,4.0024995537644,4.1691429091088
Train,4.10338239081813,4.14671775597039
Train,4.20051699220949,4.21144122165639
Train,4.29398576367971,4.34247004393014
Train,4.38422881043541,4.38015574400275
Train,4.47129586031017,4.52368003950643
Train,4.55535167712919,4.64890819843582
Train,4.6365498216616,4.57714251549722
Train,4.71503358788966,4.75330761036438
Train,4.79093684692594,4.76292639561571
Train,4.86438480903404,4.93532855637039
Train,4.93549471287743,4.87640539311399
Train,5.0043764499773,5.00581368843676
Train,2.12071369414638,2.08249166641229
Train,2.34870241554951,2.3651487349023
Train,2.56436405004535,2.51591056982837
Train,2.76867204799779,2.74006901916083
Train,2.96232299068296,2.89740881173306
Train,3.14646582700934,2.98147975397376
Train,3.32162366240465,3.37634947259935
Train,3.48843845168318,3.53616275733752
Train,3.64749241756996,3.56849914102871
Train,3.79931484014471,3.70669171096192
Train,3.94425499664599,3.97653167347807
Train,4.08302477317747,4.03941328192322
Train,4.21588794523717,4.23920682887958
Train,4.34321376788951,4.30824985083147
Train,4.46534134554679,4.44713534755533
Train,4.58258264775804,4.62145563164244
Train,4.69512166931357,4.66626030628198
Train,4.80343473072028,4.80015925841485
Train,4.90765950913735,4.88155936336378
Train,5.00802318580937,5.00849584513647
Train,2.12719927447224,2.38157947431482
Train,2.30685326115167,2.34671166481646
Train,2.48268867789443,2.50394295878807
Train,2.65482599077466,2.74624557998461
Train,2.82338065140398,2.86714142527869
Train,2.98846335515627,2.94579736436142
Train,3.15018028359814,3.15364312140882
Train,3.30863333224064,3.27435462684187
Train,3.46392032463882,3.42992684027719
Train,3.61613521378453,3.57132981021466
Train,3.76568200473302,3.60965404389102
Train,3.9120139441336,3.83120958514425
Train,4.055534430743,4.02449785310713
Train,4.19632371762419,4.15230370568455
Train,4.33445903219222,4.183425418624
Train,4.47001471747151,4.39866379968738
Train,4.60306236551262,4.49201649481648
Train,4.7336709434715,4.63365681914647
Train,4.86190691281768,4.68319738109815
Train,4.98783434210451,4.65199242048732
Train,2.03977337980033,2.14943444359155
Train,2.11207904966116,2.1842678512014
Train,2.18344460985997,2.30358418753969
Train,2.25342893898317,2.42549909855776
Train,2.32252158183652,2.44004069400416
Train,2.39029459078425,2.49797702963586
Train,2.4572211976065,2.54067948292107
Train,2.52288606257122,2.38355105657202
Train,2.5877469169,2.57221848365417
Train,2.65140049378057,2.71709616442617
Train,2.71428978273273,2.75103095066151
Train,2.77602308378297,2.8709570734192
Train,2.8370293543787,2.97446450441344
Train,2.89692798236151,2.75638445736123
Train,2.9561345574659,2.99546036768272
Train,3.01427910166795,3.03770111104245
Train,3.07176445965856,3.17619285636312
Train,3.12823085761803,3.12348596104497
Train,3.18406897941634,3.24359283763914
Train,3.23892884777766,3.21705507934898
Train,1.82605402176371,1.97047606407653
Train,1.90392792857126,1.99168136393731
Train,1.98038557732879,1.99963947528539
Train,2.05591581690099,2.10498989221768
Train,2.13008960468624,2.147049212039
Train,2.20338040846053,2.21067275878599
Train,2.27537115960175,2.26346070854693
Train,2.34652066864817,2.40247141464025
Train,2.41663300600877,2.32312938743778
Train,2.48552406234811,2.4681706529018
Train,2.55363191166574,2.60294210118562
Train,2.62056737302902,2.59028615311579
Train,2.68675548322066,2.66544810605366
Train,2.75201263230251,2.83442390786483
Train,2.81616586172225,2.83112194931939
Train,2.87962172076681,2.86004590893346
Train,2.94201626748627,2.99864032322316
Train,3.00374440170931,2.97425244111226
Train,3.06445160527657,3.0897867075098
Train,3.12452162783985,3.13084209656477
Train,0.829690155850197,0.894330111970819
Train,0.915686692859388,1.11526439706356
Train,0.998760478063029,1.22371005135702
Train,1.07905802441517,1.03387200382735
Train,1.15671621319135,1.12291559080171
Train,1.23216855556595,1.23920720016933
Train,1.30491432142434,1.211554280842
Train,1.37538145627047,1.54934801913541
Train,1.44367537027361,1.45575271971664
Train,1.50989507059576,1.45393943154101
Train,1.5741336402972,1.60103251742023
Train,1.63647867489251,1.66681195238467
Train,1.69701268086281,1.76995576844524
Train,1.75581343993658,1.80864999190068
Train,1.8129543425212,1.87771739416159
Train,1.86873103238866,1.87360923017674
Train,1.92275015972049,1.81464334483719
Train,1.97530643525357,1.98327538649747
Train,2.0264584867622,2.13125492614535
Train,2.07626185043145,2.17947919524965
Train,2.12059914974408,2.22831275616127
Train,2.34328037761278,2.34693156710517
Train,2.5549366972347,2.63062255624135
Train,2.75599889067898,2.76802688267128
Train,2.9474179653071,2.95602993559557
Train,3.13003855830087,3.16283814339313
Train,3.30413429750203,3.33927190451604
Train,3.47044079606479,3.50055904848616
Train,3.6296152801069,3.53371444252808
Train,3.78182725424777,3.73182930161224
Train,3.92765751382965,3.76686449247446
Train,4.06749916250778,4.01988844603647
Train,4.20183703672248,4.24986278783607
Train,4.33075252997693,4.35452053462651
Train,4.45468129831863,4.52226142526119
Train,4.57401691742505,4.58108349030734
Train,4.68879861220041,4.6956616713822
Train,4.79938387393273,4.82511359717834
Train,4.9060969212841,4.96920564833205
Train,5.00894794641336,5.04156962335178
Train,2.11765116113951,2.11096070222511
Train,2.331076120331,2.33198441216699
Train,2.5350821757667,2.6089640813429
Train,2.73027938076781,2.753457605261
Train,2.91722621861503,2.90652940549468
Train,3.09643493902598,3.0959175376768
Train,3.26837624540536,3.36181637640679
Train,3.43348342318464,3.529359488721
Train,3.59215598548838,3.584810906861
Train,3.74476290070689,3.80833838411627
Train,3.89178524844331,3.94231106825897
Train,4.03325450148473,3.96596336170665
Train,4.16960912000323,4.16467576154897
Train,4.30112154837743,4.34393513319813
Train,4.42804521861775,4.49174865232958
Train,4.55061618038728,4.51938295420323
Train,4.66905456615047,4.6898812503006
Train,4.78356591058269,4.77511944256027
Train,4.89434234087785,4.85756891789393
Train,5.00156365245528,4.95665502345644
Train,4.2984075219197,4.32317047295625
Train,4.34970196264881,4.36986449353421
Train,4.39988860711867,4.41272255071098
Train,4.44900295924065,4.45770113439843
Train,4.49707902180318,4.50487151384326
Train,4.54398707631752,4.54971206527904
Train,4.59008629395852,4.59396519895276
Train,4.63524088247894,4.64028302263135
Train,4.6794795823174,4.72327749035858
Train,4.72282997971035,4.72582493357871
Train,4.76531856405638,4.77012526670397
Train,4.806970781893,4.81197850810341
Train,4.84781108771691,4.85891884915521
Train,4.88786299186117,4.89638712751513
Train,4.92714910562606,4.93649254645759
Train,4.96555815818128,4.97567319034827
Train,5.00337962345558,5.01084534517682
Train,5.04049808296363,5.04513017116727
Train,5.07693295687885,5.0766015618909
Train,5.11270295660467,5.11019336904212
Train,3.11238807213922,3.08961037122754
Train,3.16919694430401,3.16701405874286
Train,3.22492402378291,3.22504986800846
Train,3.28006627690833,3.28285825989992
Train,3.33440088330287,3.33607095129644
Train,3.38771829142044,3.38803144616953
Train,3.44049320797784,3.4315595393407
Train,3.49251174515677,3.4896598201499
Train,3.54357246262938,3.54441273080625
Train,3.59412928383372,3.59699140588909
Train,3.6439767440968,3.65968782555561
Train,3.69312966893727,3.68890770343025
Train,3.7413967519174,3.73901779280402
Train,3.78920627276411,3.78467212712752
Train,3.83636327141016,3.83145606983832
Train,3.88268356402146,3.88862504110475
Train,3.92857761543065,3.93935341715574
Train,3.97385783645987,3.96493028613802
Train,4.01834678893248,4.0062041843018
Train,4.0624382207582,4.06472292922164
Train,4.55922120239093,4.58377383360277
Train,4.72110733269788,4.7435798751317
Train,4.87180306698566,4.88156425400801
Train,5.01268853560669,5.02681700017555
Train,5.144570098747,5.14459249402272
Train,5.2681703274234,5.26890096806578
Train,5.38445959846425,5.38020840494595
Train,5.49386587381854,5.4907224614751
Train,5.59717321056753,5.5931463261204
Train,5.69478749151531,5.69265022078575
Train,5.78708131723367,5.77867749836551
Train,5.87463998688025,5.88410657700763
Train,5.95774177529795,5.94389521273817
Train,6.03664538871303,6.04059512319906
Train,6.11180031203641,6.10987071996351
Train,6.18333462263282,6.18435721307362
Train,6.25163043831265,6.25849006659727
Train,6.31684219420673,6.31374432298538
Train,6.37911629093982,6.38289946681814
Train,6.43875761669118,6.49255048984632
Train,4.04506807141098,4.09109404679448
Train,4.10858879478827,4.20438206567228
Train,4.1701996903519,4.20119251335441
Train,4.23037661612313,4.23142227188037
Train,4.28897724916576,4.31012043323948
Train,4.34606272363447,4.34736731064333
Train,4.40150979637571,4.39156901276186
Train,4.45574060858136,4.46381954094853
Train,4.50862154227834,4.53534420885963
Train,4.56020237837136,4.55336312336607
Train,4.61036639081713,4.63708011766489
Train,4.65949076115278,4.66922708239438
Train,4.70745029988105,4.70451737645771
Train,4.75428595209553,4.7759210239784
Train,4.7998875163024,4.79995901237153
Train,4.84459415011638,4.84824185961149
Train,4.88828866414124,4.88950506129108
Train,4.9310050439588,4.93905930288004
Train,4.97263943418284,4.97325982921747
Train,5.01349853460424,5.00879696849286
Train,4.72294694016069,4.62973232950687
Train,4.75454734386273,4.56764906560265
Train,4.78575104926538,4.6598938584811
Train,4.81656547975132,4.75498381907683
Train,4.84699787463386,4.76345422124558
Train,4.87705529482699,4.7359937915106
Train,4.9067446283071,4.82223631806768
Train,4.93607259537537,4.90520608992876
Train,4.96504575372901,4.89671038562183
Train,4.99367050334968,4.88494153440019
Train,5.02208632702543,4.96484347326866
Train,5.05003127323255,4.97700490900537
Train,5.07764613853987,4.95372423055698
Train,5.10493673689893,5.04086682326986
Train,5.13190874651787,5.0425718798895
Train,5.15856771380009,5.08688139167548
Train,5.18491905714653,5.00521539574702
Train,5.21096807062713,5.01617593027226
Train,5.23671992752663,4.87692393494116
Train,5.26217968376971,5.08985501856121
Train,2.12825209006589,2.02252468868311
Train,2.37288651948368,2.32705350173194
Train,2.6015996243621,2.35192366916734
Train,2.81528600769792,2.80851760558991
Train,3.01595153015302,2.65592896002226
Train,3.20421201232764,3.00822999079043
Train,3.38169017706613,3.1202830913489
Train,3.54880712329803,3.19250541799159
Train,3.70667035232721,3.38570726008883
Train,3.85624211049127,3.59251261252236
Train,3.99775202123379,3.67291059864927
Train,4.13222031585773,3.92940000835955
Train,4.25979250843669,3.90026205997552
Train,4.38116010379978,4.17745538423975
Train,4.49693146052466,4.18048292754987
Train,4.60716695077571,4.21751064687407
Train,4.71255743600543,4.34389297204851
Train,4.81312507730122,4.45586921460549
Train,4.90947085848767,4.58468827751085
Train,5.00158892011668,4.65799895949342
Train,3.33837507438564,2.92490476221327
Train,3.46058512059142,3.1402467997055
Train,3.57758834194159,3.42150563632626
Train,3.68971055696617,3.48591265754319
Train,3.7970389887063,3.60554541129564
Train,3.90028120103303,3.68277992132128
Train,3.99946994956018,3.87744494714078
Train,4.09483935702305,3.97819747458897
Train,4.18660585657113,4.04025045400973
Train,4.27496983150741,4.14263571832318
Train,4.3599488657098,4.24030377693537
Train,4.44205784887757,4.40205355959392
Train,4.52128268956086,4.43690374253152
Train,4.5977727265908,4.52954956377625
Train,4.67166716352079,4.59498555325129
Train,4.74309591410339,4.64550310375104
Train,4.81204363813467,4.70916543943089
Train,4.87890171475166,4.76615057752513
Train,4.94363516172037,4.84953053383034
Train,5.00634367040845,4.9105721639478
Train,3.87523881948464,4.13539934982219
Train,3.95404801755029,4.12514515835994
Train,4.02974677351441,4.28479946303397
Train,4.10292194731429,4.1576006888701
Train,4.17350044387368,4.26024120487972
Train,4.2416180711961,4.32504184285623
Train,4.30721815852196,4.35681347250816
Train,4.37079114225444,4.40339845958585
Train,4.43225758817814,4.49675864300914
Train,4.49172049239818,4.58004369617929
Train,4.54911580420057,4.58235603499505
Train,4.60485973229656,4.66369624452986
Train,4.65887127083764,4.67258187908166
Train,4.71122994200335,4.74991994148502
Train,4.76186878193004,4.78542035851023
Train,4.81114564194774,4.8481357584013
Train,4.85898064890606,4.87294723185912
Train,4.90543617377345,4.96362185749122
Train,4.95044499285234,4.9547648500617
Train,4.9943182385265,4.97698247979132
Train,2.12311179524227,2.05430454847212
Train,2.36751726846775,2.4078440711284
Train,2.59550603933668,2.3952304695089
Train,2.80928385868297,2.80616403809786
Train,3.00985405698779,2.98279679179967
Train,3.19813614601615,3.1728476410945
Train,3.37573022364217,3.26421658910354
Train,3.54304395578921,3.49802367877771
Train,3.70139536231884,3.70414248175947
Train,3.85127174548446,3.78687395926451
Train,3.99313316542645,4.01324903884532
Train,4.12799027670336,4.06843634799977
Train,4.2561659178122,4.29257447345117
Train,4.37797035217499,4.36391749513387
Train,4.49419907105336,4.48152779316073
Train,4.60490884462151,4.56625794600174
Train,4.7107863806475,4.73088266641152
Train,4.81199606506584,4.80011462411824
Train,4.90870119118297,4.91486423956649
Train,5.0014615561532,4.99543894732893
Train,4.21460060524327,4.46463599196079
Train,4.27184610746874,4.33385586811339
Train,4.32756432777398,4.44798436809042
Train,4.38216518189821,4.48030407942847
Train,4.43533869979944,4.51424256371402
Train,4.48747402996703,4.61658411160891
Train,4.53827327651232,4.67251038850491
Train,4.58810638819991,4.66421243831712
Train,4.63668690777751,4.75556098357506
Train,4.68436699623143,4.73788033830757
Train,4.73087103717317,4.79080372722617
Train,4.77653467911823,4.80077634273402
Train,4.82109258463286,4.81813558553161
Train,4.86486504466356,4.86852075738373
Train,4.90759647274213,4.86980166465317
Train,4.94959285071009,4.93984991813259
Train,4.99060784704465,4.95620792244359
Train,5.03093408857086,5.01800931528998
Train,5.07033403274121,5.05207560851357
Train,5.10908782153109,5.10338537370673
Train,2.12263903924964,2.35498911887604
Train,2.35807015296182,2.43255262752564
Train,2.57974484642919,2.60317224389717
Train,2.78837739364784,2.86014672047482
Train,2.98530132159036,3.00957697175243
Train,3.17167952933067,3.31095413982479
Train,3.34794984921552,3.59645365843073
Train,3.51527966341244,3.81189070787337
Train,3.67398325661824,3.91094221259243
Train,3.82487657295672,4.13421858343824
Train,3.96868036886023,4.29619477651327
Train,4.10558113118152,4.30962720868696
Train,4.23620791477005,4.35948814461238
Train,4.36111986584978,4.3951416892011
Train,4.48042067206134,4.47649101774223
Train,4.59473184480475,4.61319333815577
Train,4.70411834186003,4.7125328319693
Train,4.80900732241856,4.81426089341875
Train,4.90978177642934,4.91152054083723
Train,5.00646528238212,5.05065029102336
Train,2.12978706987508,2.19670127747618
Train,2.36882069850899,2.33715901972838
Train,2.59261215430348,2.62195406445147
Train,2.80313151282221,2.81486077679992
Train,3.00099948610341,3.00014585279862
Train,3.18781862874191,3.16297023041195
Train,3.36402009506598,3.36051503408596
Train,3.53092731925708,3.53996450825879
Train,3.68904603490195,3.70015608011888
Train,3.83885289774519,3.85981855303145
Train,3.98136579636856,3.99723653826246
Train,4.11674306531189,4.12245543602988
Train,4.24585155992919,4.24157007021614
Train,4.36895225977064,4.38222464969171
Train,4.48629809260513,4.49775596589437
Train,4.59858307454001,4.60686140933203
Train,4.70584033135645,4.73166632107271
Train,4.80867487629262,4.84000843240626
Train,4.9070908218437,4.92881460112554
Train,5.0016197234077,4.97970513441507
Train,3.01705252024819,3.00784486115946
Train,3.12032357990782,3.0985217489886
Train,3.22038247139588,3.19414535230924
Train,3.31686011162121,3.26872152280165
Train,3.41044335856909,3.34388632891438
Train,3.50077652363319,3.42247045752573
Train,3.58849302349511,3.54595971192311
Train,3.67325055883843,3.60195327234619
Train,3.75541534497091,3.70509231382571
Train,3.83531783454091,3.78174734631785
Train,3.91263541315482,3.89122443521758
Train,3.98789265358023,3.91636648444107
Train,4.06077964596225,4.01043947962298
Train,4.1315955694541,4.07555361529913
Train,4.20061187697461,4.08782129878311
Train,4.26753690378768,4.19227064084158
Train,4.33281256516588,4.38784646071767
Train,4.39615877849211,4.38542037472205
Train,4.45798986844476,4.44520052502275
Train,4.51803684629886,4.60966915901318
Train,2.12435123144132,2.05402297412621
Train,2.38506153637641,2.36143013465064
Train,2.62609199254129,2.56610200867104
Train,2.8490559046886,2.73765773019855
Train,3.05615884325127,2.96526777132
Train,3.24903512992055,3.11148999008414
Train,3.42931825626768,3.31355002061959
Train,3.59779709538334,3.54739875831734
Train,3.75578404828765,3.63817676013146
Train,3.90422958107013,3.82934645234877
Train,4.04414122005214,4.03291293436477
Train,4.17591596121601,4.26310016148435
Train,4.30039365297306,4.33814368706055
Train,4.41816407872983,4.61170766773537
Train,4.52989011171437,4.73418816398343
Train,4.63576888778802,4.84071754281009
Train,4.73636936325297,4.91883987328019
Train,4.83207664209496,4.94157730171711
Train,4.92334980841375,4.87115945142344
Train,5.01027888515012,4.8839221843216
Train,3.11173865344614,3.30207044262212
Train,3.24201294778975,3.37498465115379
Train,3.36799787365329,3.45001714328687
Train,3.48990184544406,3.5425304405098
Train,3.60774586783278,3.6942403914261
Train,3.7220664898684,3.8387378769668
Train,3.83285550280785,3.90699289433825
Train,3.94027406583884,4.01998077162696
Train,4.04447367942224,4.06909223564246
Train,4.14559689820399,4.16830285943555
Train,4.24363292184211,4.24842616840635
Train,4.33900255930691,4.39921873800716
Train,4.43167584960844,4.50915461574368
Train,4.52176554790441,4.55529166487506
Train,4.6093782088937,4.64516050598382
Train,4.69461460724415,4.74883230159465
Train,4.77744741477016,4.79891034170189
Train,4.8582156134013,4.87754942756498
Train,4.93687878459299,4.93535690734274
Train,5.01351816340897,4.99126339944221
Train,3.11038299446124,3.031062931914
Train,3.24251381050943,3.14417649751028
Train,3.37001630594949,3.27184000286673
Train,3.49312947838734,3.34068757632191
Train,3.61207614870286,3.52675086256749
Train,3.72689245643938,3.5665190407592
Train,3.8381220550937,3.71640255367557
Train,3.94576909947967,3.90473391450201
Train,4.05000393018696,3.91623761013132
Train,4.15098625732076,4.00629986234826
Train,4.24886597703618,4.15896818250851
Train,4.34378391394922,4.41310598153598
Train,4.43587249715733,4.35837495417247
Train,4.5252563766945,4.46486743391257
Train,4.61205298645539,4.51047307623951
Train,4.6962467383612,4.56925583680936
Train,4.77819830456011,4.64349045857434
Train,4.8578763944213,4.76289213857378
Train,4.93537431881503,4.90879113083642
Train,5.01078035115356,4.84564732745814
Train,2.12717572834508,2.25691832169207
Train,2.34656196174529,2.41137908201734
Train,2.55533954832282,2.51188679291647
Train,2.75425981062326,2.72865568548879
Train,2.9440047608186,2.94978392712634
Train,3.12495162852631,3.12741539659396
Train,3.29816338632991,3.29541420427567
Train,3.46390243918338,3.46836346749853
Train,3.62264215738028,3.60857833975098
Train,3.77481675614259,3.74877878484202
Train,3.92082526201542,3.91521918782536
Train,4.06103500668285,4.10080522064172
Train,4.19578471261601,4.16631130244467
Train,4.32538722512265,4.37133074296836
Train,4.45013193718625,4.46621123616005
Train,4.57012493075912,4.5746344773646
Train,4.68594476426799,4.66528772077042
Train,4.79765438822268,4.79222599537148
Train,4.90546878245043,4.88877570740412
Train,5.00958819131908,4.95572919068945
Train,3.8077383077291,3.79311661530297
Train,3.88956870088414,3.82852849098192
Train,3.96883780908673,3.95701380227268
Train,4.04586049738461,3.98516059233154
Train,4.12034912875369,3.973544323944
Train,4.19261091250044,4.18518359118867
Train,4.26274423583776,4.30385766245702
Train,4.330841774137,4.27558731481254
Train,4.39716025110821,4.25244455824865
Train,4.46143866296428,4.46697997359059
Train,4.5239291575605,4.29591909467954
Train,4.58470530859315,4.60286117034155
Train,4.64398821207787,4.6677353320699
Train,4.70153671594073,4.54977902293721
Train,4.75756890434818,4.66616782450819
Train,4.8121439269539,4.68506336792518
Train,4.86531789642492,4.58960994655376
Train,4.91727698397285,4.72948553069391
Train,4.96780267936954,4.59357504457047
Train,5.01707941296385,4.77109180707233
Train,2.12451639919632,2.01063536967866
Train,2.37095652419414,2.32257207422651
Train,2.60086088926851,2.56129604518187
Train,2.81583975804045,2.80979099632869
Train,3.01702488381918,2.94647699970433
Train,3.20622096492552,3.27273617843321
Train,3.38422383841342,3.472242667422
Train,3.55199828304379,3.69593103808899
Train,3.71040129767525,3.86980676716049
Train,3.86019674307784,4.01915383735485
Train,4.00187229445328,4.17119097240299
Train,4.13644125644717,4.31000988509247
Train,4.26424865589965,4.40954475133962
Train,4.38579161654852,4.53224982080375
Train,4.5015196951498,4.62459540024033
Train,4.61184043783561,4.74647853425651
Train,4.71697865411628,4.84916636337315
Train,4.81756907862544,4.92013135268916
Train,4.91376716590751,4.97308316485567
Train,5.00585445987398,5.01374853126083
Train,3.80662470609681,3.76491782135107
Train,3.88834139484332,3.85698816737343
Train,3.96752945990506,3.9632242843685
Train,4.04430448083083,4.03494204862269
Train,4.11877509892742,4.12639302040844
Train,4.19123039931236,4.21557244871836
Train,4.26138749685472,4.27897676365134
Train,4.32952962685583,4.34798742817056
Train,4.39574236757914,4.40428407894662
Train,4.46010651877933,4.45170344153181
Train,4.52269843063781,4.5234404559101
Train,4.58359030589586,4.58883951566946
Train,4.64285047769928,4.63994508864794
Train,4.70054366540238,4.70190423669141
Train,4.75673121034444,4.75944364614247
Train,4.81161311274734,4.81050019375672
Train,4.86495737130899,4.8627844330526
Train,4.91696197120851,4.90653550835302
Train,4.96767675181377,4.93615953731332
Train,5.01714911054099,4.97066219156622
Train,3.88622426022213,3.69563885380594
Train,3.96164668389391,3.78851974092683
Train,4.0348601358272,3.8776678629062
Train,4.10596025994981,3.95530125660115
Train,4.17503725716661,4.02538897561464
Train,4.24236220699547,4.10111769577846
Train,4.30763854938547,4.17388188550195
Train,4.37113357939236,4.24293268471081
Train,4.43291923031841,4.31377219725942
Train,4.49306361380875,4.36991821336763
Train,4.55163127031993,4.44554666857356
Train,4.60868340014465,4.49857109833506
Train,4.66427807673126,4.54616574041009
Train,4.71847044386108,4.60277723375627
Train,4.77131289809084,4.66368938327457
Train,4.8229982536463,4.71103213133968
Train,4.87328446117769,4.76716479638735
Train,4.92236321499513,4.8188029583811
Train,4.9702774885615,4.85912907248987
Train,5.01706824000553,4.90476504087484
Train,3.80644674670169,3.89542575186609
Train,3.88847600875965,3.96428702272562
Train,3.96773063373205,4.04684435252425
Train,4.04474016867335,4.1140645280801
Train,4.1194079399054,4.18774969070369
Train,4.19183916285478,4.20958138943196
Train,4.26195387879296,4.33786713835601
Train,4.33020842950115,4.39648799440024
Train,4.39650636424915,4.47804374235989
Train,4.46093062803061,4.56281373336705
Train,4.52339996024945,4.62454602089331
Train,4.58431189892117,4.68158628213028
Train,4.64357233269813,4.7440752128354
Train,4.70124752908323,4.77598450270017
Train,4.75725706973349,4.82890717352731
Train,4.81195053374266,4.8715525538678
Train,4.86523732333805,4.89967292704441
Train,4.91717101741401,4.93739733969415
Train,4.96767331329048,4.97140162900477
Train,5.01705415131406,4.98577607663267
Train,3.88561095913345,3.81653940386175
Train,3.96119177124388,3.94215235224116
Train,4.03473624895416,4.01591251302819
Train,4.10593930375339,4.06160908926222
Train,4.17509750447742,4.14840021327777
Train,4.24247968764583,4.20716669671716
Train,4.30779880974293,4.2638682103679
Train,4.37131959580068,4.35959376065718
Train,4.43328276073025,4.40382522744489
Train,4.49341826626526,4.44164965540407
Train,4.55196386760316,4.48412599339753
Train,4.60898179459056,4.52750782948987
Train,4.66468170843888,4.62087206721806
Train,4.71881455058613,4.65659956629664
Train,4.77158811550613,4.72027980535812
Train,4.82319259471207,4.74847992277447
Train,4.8733934161917,4.82953209399316
Train,4.92237948905449,4.86531801487719
Train,4.97032416257258,4.8699973970742
Train,5.0170063243159,4.93118911664912
Train,2.04995207767634,2.42297112002046
Train,2.36853908008567,2.49227190385007
Train,2.65218403000353,2.69451452155367
Train,2.90697799059126,3.05837788514718
Train,3.13681895400483,3.28501039993132
Train,3.34493759146171,3.42885451031036
Train,3.53475567764635,3.62308923153348
Train,3.70814353059593,3.86193981178877
Train,3.86755159856861,3.94109623309153
Train,4.01441735876953,4.19703929995972
Train,4.14999157374313,4.15929128247876
Train,4.27585004088018,4.28137725510057
Train,4.39285082733998,4.45155028492057
Train,4.50175732771425,4.53659450431214
Train,4.60364289826535,4.6770971574985
Train,4.69891970599052,4.79116118595064
Train,4.78844078951357,4.8546769255995
Train,4.87260377911667,4.87978598403826
Train,4.95177352323288,4.95325296956556
Train,5.02657446774441,5.09812497131933
Train,3.79776981423491,3.70016040728862
Train,3.87866391563431,3.86298497767374
Train,3.95733255148876,3.88150324810633
Train,4.03349598599817,4.00779714490744
Train,4.10745087021112,4.06477451594612
Train,4.17946630826417,4.07393811035166
Train,4.24927794713938,4.2246145290012
Train,4.31731451379763,4.22208122357978
Train,4.3833215856408,4.34900114358409
Train,4.44754411235117,4.32564516784122
Train,4.51020540375935,4.51473410051804
Train,4.57106532148577,4.53791894909922
Train,4.63034402714585,4.57433526571227
Train,4.68824278619348,4.66423743162565
Train,4.74453495022828,4.719865778437
Train,4.79955297006165,4.83016492707242
Train,4.85307873738572,4.80022730041821
Train,4.90529873932715,4.8418024117558
Train,4.95638418598853,4.89556693800625
Train,5.00612909016259,4.87487803738912
Train,4.42407979305922,4.62058694015684
Train,4.46691166169733,4.47351643107226
Train,4.50912477111424,4.52469231611988
Train,4.55044429854992,4.62167134625416
Train,4.59117995517835,4.53643692242504
Train,4.63106584876699,4.62462878901947
Train,4.67040028310135,4.82709729076982
Train,4.7089258818307,4.60614194876462
Train,4.74679841304018,4.75656275303193
Train,4.78416389339247,4.76832576223178
Train,4.82077698868006,4.83167585563888
Train,4.85691013934685,4.80009797580954
Train,4.89232559324423,4.77772601524686
Train,4.92716514174534,4.99375989933981
Train,4.9615620179239,4.97764673878876
Train,4.9952892112185,4.88746822803514
Train,5.02859656183774,5.0171781277886
Train,5.06126383485798,5.03917127929075
Train,5.09353261837211,5.07655969180884
Train,5.12518916146475,5.00356447042823
Train,3.30379708995377,3.33903983442912
Train,3.37063607511235,3.42074851788212
Train,3.43594095318669,3.48979400509939
Train,3.50021101875945,3.52107479255172
Train,3.56324967428117,3.60357298889617
Train,3.62487627902781,3.68408459674819
Train,3.68555999675628,3.67815687181346
Train,3.74511346377582,3.78993523328224
Train,3.80336403233353,3.78514839232272
Train,3.86075342218445,3.89109217938895
Train,3.91710293691303,3.92116202627003
Train,3.97244058600369,3.99856839003071
Train,4.02660369597233,4.02594405212307
Train,4.08000102968489,4.08149641122178
Train,4.13246463090554,4.11469407272967
Train,4.18383881813632,4.13485175691966
Train,4.23451003727776,4.19932137733357
Train,4.28431781539126,4.25587342109374
Train,4.33311307090034,4.31232446053406
Train,4.38126173574197,4.29616002132838
Train,2.12773036473068,2.22025734609285
Train,2.3649065243032,2.38343355794907
Train,2.58760154553829,2.60446999378445
Train,2.79710239047386,2.8448734055916
Train,2.99454790960518,3.04937030929391
Train,3.18094955298383,3.16658809378957
Train,3.35720870051651,3.29032039866015
Train,3.52413123825805,3.39354318753155
Train,3.68243987811222,3.58049215342637
Train,3.83278461826202,3.81984396081898
Train,3.97556294397721,3.9284727495427
Train,4.11169127601103,4.09627602379557
Train,4.24145180712177,4.16916253870811
Train,4.36528113452564,4.35174513906082
Train,4.48357683453216,4.38917194818738
Train,4.59670172663849,4.57079566656308
Train,4.70498759042142,4.70036687615474
Train,4.80873841543619,4.73040839342205
Train,4.90823325117055,4.83298871189196
Train,5.00372871332178,5.00405878474335
Train,2.94396057417874,3.17312299273187
Train,3.02904204492581,3.19911422538163
Train,3.11249314466046,3.26699864816403
Train,3.19385305171646,3.36131575938097
Train,3.27369338257743,3.3715922910677
Train,3.35157067143682,3.48123432849404
Train,3.42802961105894,3.30305096527221
Train,3.50264320083869,3.55880299328774
Train,3.57570375000409,3.68221371593345
Train,3.64748194003505,3.79211613619084
Train,3.71757390075242,3.7927349077257
Train,3.78646493188244,3.93540409001025
Train,3.85376562625473,3.84895146107032
Train,3.91973486482703,3.99245655848671
Train,3.98461316037663,4.07386613348143
Train,4.0480314553435,4.02732439965839
Train,4.11042501092023,4.18921249150952
Train,4.17143751496782,4.19368994841949
Train,4.23148638807138,4.2464816544218
Train,4.29022744655551,4.17695809813334
Train,2.12761174416641,2.27292076105481
Train,2.36279442088078,2.44486566137945
Train,2.58395732298534,2.64113818642949
Train,2.79231779223193,2.8449846357343
Train,2.98895619854973,3.00976003305804
Train,3.17508165318044,3.17175178136117
Train,3.35104687070944,3.33366596985647
Train,3.51788324992824,3.53463593564125
Train,3.67628321749673,3.71336599489239
Train,3.82687089911298,3.87381343470212
Train,3.970210338345,3.99287925340639
Train,4.10681255656116,4.15423136643181
Train,4.23714164022874,4.28343368672742
Train,4.36162000840189,4.37993453850496
Train,4.48063298638124,4.50996322979918
Train,4.59468504368087,4.65613056921094
Train,4.70378792393856,4.77594167456787
Train,4.80839661537336,4.83021654074836
Train,4.90878320246356,4.93941177520736
Train,5.0051982409802,4.92792221671673
Train,2.12564260553235,2.10508178450892
Train,2.3692842087651,2.19422003869735
Train,2.5970195011085,2.31281342364793
Train,2.81035692451563,2.47968273332823
Train,3.01062003217446,2.70505562265273
Train,3.19897497342765,2.96751543726578
Train,3.37645321728042,3.0988800884875
Train,3.54397044982052,3.20396411618419
Train,3.702342376625,3.26297794915586
Train,3.85229800582354,3.34261859504012
Train,3.99449086828511,3.59657257708607
Train,4.1295085392597,3.77921934686891
Train,4.25788075407853,3.7381906110032
Train,4.38008635429281,4.04319231064745
Train,4.49655925627669,4.15489147164452
Train,4.60769359911385,4.20332923688452
Train,4.71384820047982,4.38783048513837
Train,4.81535042666837,4.50997487326582
Train,4.91249956470073,4.60233241531118
Train,5.00556976968764,4.6981087514642
Train,2.12332372125674,2.24363036151519
Train,2.35597412277977,2.45281038371813
Train,2.57527205640544,2.68428030576726
Train,2.78233495980589,2.95385595221861
Train,2.97793134939884,3.18067229111382
Train,3.16341918459217,3.30411303779782
Train,3.33935720074798,3.43275311123372
Train,3.50646439603735,3.51140262003282
Train,3.66538935861286,3.64839330545313
Train,3.81671867952971,3.82239041714457
Train,3.96081584539365,3.99496302795274
Train,4.09850844309289,4.18849586630534
Train,4.23006024014663,4.25904860505096
Train,4.35587307616933,4.37010520188858
Train,4.47631447861992,4.42190090775248
Train,4.59172124855168,4.50065447581978
Train,4.70227307418351,4.63617863212704
Train,4.80851856973015,4.73889276853629
Train,4.91058478884492,4.85595189582165
Train,5.00871356929856,4.95056965570061
Train,2.13048260114339,2.19565407194713
Train,2.36141822993024,2.40307202493806
Train,2.57944345882077,2.53475699702447
Train,2.78512743558809,2.73035284165477
Train,2.97971772296535,3.00068583308085
Train,3.16430534752431,3.16260611415642
Train,3.33922968627402,3.32637736865449
Train,3.50562174580382,3.44772059654349
Train,3.66371758572177,3.6453164517089
Train,3.81430002114748,3.82868999071804
Train,3.95806182042704,3.94510391551977
Train,4.09513188791548,4.11121255713541
Train,4.22612142233379,4.2116813126027
Train,4.35157447540485,4.37011936303251
Train,4.47155056615015,4.47775046933594
Train,4.58667274847743,4.59756704668641
Train,4.69696821929686,4.69924713154963
Train,4.80285956120148,4.84242567964676
Train,4.90472601682359,4.90101362002484
Train,5.00256052426806,4.98449408148459
Train,4.29923127466113,4.47204901606736
Train,4.37593472586425,4.35700903169665
Train,4.45007638384635,4.17743986943245
Train,4.52208960493034,4.20349335280281
Train,4.59191509940888,4.66027229521286
Train,4.65950632982142,4.61228798047097
Train,4.72524942079411,4.72078663494381
Train,4.78908225473821,4.74209445685641
Train,4.85095431879322,4.80170747355494
Train,4.91121191789884,4.81001073642847
Train,4.96979172171991,4.89908173326875
Train,5.02676284216546,4.95907695786627
Train,5.08207203793809,4.97063079551175
Train,5.13602154890217,4.83177795491424
Train,5.18854810300832,5.08410063651616
Train,5.23959773178527,5.15383599739926
Train,5.28944500655008,5.19715290873437
Train,5.33802752592299,5.25696769818487
Train,5.38529136179834,5.04905448392506
Train,5.43148710977632,5.25749546770594
Train,3.80440535788305,3.87384549943456
Train,3.88609514022405,3.89624195017004
Train,3.96528315492449,4.02509290428895
Train,4.04208259449204,4.0140136741174
Train,4.11659992436134,4.19439190664484
Train,4.18893537531834,4.23436142611785
Train,4.25918339329396,4.2375564516953
Train,4.32743305077164,4.34668619535275
Train,4.39376842357708,4.42513109269045
Train,4.45826893640157,4.47059012700702
Train,4.52100968004451,4.4596099193703
Train,4.58206170303944,4.60823889363284
Train,4.64149228004463,4.70067588078318
Train,4.69936515912984,4.7313651658655
Train,4.75574078987013,4.79488395728228
Train,4.81067653396255,4.8168189302695
Train,4.86422685990817,4.91406222220483
Train,4.91644352314866,4.90740198694673
Train,4.96737573290946,4.94791719682906
Train,5.01707030688033,5.02122648295387
Train,3.80280800392127,3.48600925638448
Train,3.88500313680383,3.60824338363899
Train,3.96462254200146,3.66258261959657
Train,4.04178542414326,3.79195677684059
Train,4.11660374389121,3.87364818608266
Train,4.18918275996791,3.94068006100921
Train,4.25962152323343,4.02002570548128
Train,4.3280133276884,4.11429386848499
Train,4.39444612272151,4.18822831983621
Train,4.45900289043215,4.25889479551333
Train,4.52161773197884,4.3652723998472
Train,4.5826571574904,4.46022503523278
Train,4.64204285768417,4.48726682742851
Train,4.69984114025796,4.54975862692863
Train,4.75611481476927,4.63448093012315
Train,4.810923420318,4.66611254216584
Train,4.8643234356747,4.73353165035225
Train,4.91636847341338,4.8356308171956
Train,4.96710945945157,4.83591915568951
Train,5.01659479926165,4.91879357362595
Train,1.44204620238152,1.56810362643143
Train,1.54499419923156,1.65542928679066
Train,1.64543580189771,1.71676620448663
Train,1.74346144137553,1.80673002020855
Train,1.8395167720947,1.88878104272729
Train,1.9329564411699,1.99119015702131
Train,2.02422693088534,2.09007044408139
Train,2.1134029099952,2.16128144335056
Train,2.20055565907522,2.24508750682181
Train,2.28575326054506,2.36521606835487
Train,2.36937400784446,2.39945053119041
Train,2.45084680904313,2.50011826278623
Train,2.53055145851384,2.58131780123653
Train,2.60854489795918,2.6645855962232
Train,2.6848816500424,2.68919573796666
Train,2.75961394549668,2.83533737748224
Train,2.83306718070384,2.85924929375434
Train,2.90473303721677,2.97026493783702
Train,2.97493870467927,3.08955891312494
Train,3.04372835998313,3.09371994047771
Train,2.12339852599247,2.23865221428139
Train,2.37271606636546,2.46778771375773
Train,2.6051295613652,2.78896498756042
Train,2.82173155304113,2.86810389359095
Train,3.02434872715534,3.11698940882631
Train,3.21429311425399,3.41477026132451
Train,3.39295298198351,3.60703310125588
Train,3.56086107035745,3.64631926468207
Train,3.71916840218757,3.91619958101064
Train,3.86867552762641,3.93051524419857
Train,4.01028359872553,4.08865559530901
Train,4.14424724555703,4.20643836663944
Train,4.27133734096803,4.35799325332589
Train,4.39206966622313,4.46749989676493
Train,4.50706208430027,4.55830217565936
Train,4.61642365268879,4.63500792634806
Train,4.72069636620039,4.75226675754934
Train,4.82022734355424,4.78406704887739
Train,4.91545935003735,4.90673734272477
Train,5.0064226522255,5.0098297946639
Train,2.12910230615172,2.12910009753249
Train,2.38291006667188,2.28746354726289
Train,2.61827066256745,2.50964354986506
Train,2.83741639544739,2.76279088806634
Train,3.04142214561449,2.95583124904556
Train,3.23205864293634,3.13842901780798
Train,3.4105983963277,3.30284253617625
Train,3.57815738802642,3.47624558819277
Train,3.7359295471496,3.65375224206724
Train,3.88434948784635,3.81753991473785
Train,4.02441245639959,3.97723830241855
Train,4.15680495054935,4.11699593584786
Train,4.28230877565294,4.26576290840723
Train,4.40112793004536,4.42154597965705
Train,4.51393418368952,4.54615207735252
Train,4.62117270132084,4.62974425993973
Train,4.72324576235384,4.6858457112529
Train,4.82064899338996,4.77617488223966
Train,4.9134449975405,4.88123198084018
Train,5.00207252958786,4.97267142504023
Train,2.11638447506989,2.1407664720986
Train,2.36806330015287,2.38573287934777
Train,2.60208647853893,2.61629989388946
Train,2.82024890795233,2.85341773375825
Train,3.02411016473525,3.06015358937907
Train,3.21503184491851,3.25864886304773
Train,3.39420801361869,3.43492105991692
Train,3.56269020239473,3.59688717384814
Train,3.7214080604634,3.74650236081176
Train,3.87118651652451,3.90277503451903
Train,4.01276012021567,4.03844638927091
Train,4.14678508952929,4.18051167991691
Train,4.27384948118426,4.32458877752588
Train,4.39448181651128,4.44814512203787
Train,4.50915842973614,4.55659128362299
Train,4.61830975410945,4.64327670903391
Train,4.7223257207859,4.73653306767537
Train,4.82156041319686,4.83367042976678
Train,4.91633609400439,4.92133231543878
Train,5.00694670114171,5.0016152843489
Train,2.73194750145983,3.02211570567979
Train,2.83756888193852,3.02745268520788
Train,2.94019821728092,3.00106496091682
Train,3.03996086994695,3.10620592841302
Train,3.13697529551304,3.14782943610166
Train,3.23162571138575,3.18593575806943
Train,3.32346648187123,3.07072164021306
Train,3.41287774329284,3.26902445998071
Train,3.49995464068828,3.4471057295326
Train,3.58478741498906,3.35419292857073
Train,3.66746171496911,3.82105224873758
Train,3.74805888568102,3.42912210007987
Train,3.82665623542172,3.67258863742472
Train,3.90332728306944,3.67064551483445
Train,3.97814198745518,3.85271837902396
Train,4.05137792223462,3.86731977824876
Train,4.12267166838888,3.94795034693639
Train,4.19229981504695,3.98372979207197
Train,4.26032005709038,4.05344397186211
Train,4.32678745515108,4.09980396341261
Train,4.42433949203684,4.49286734545957
Train,4.46726370337328,4.45400094067616
Train,4.50941354452157,4.4763989309287
Train,4.55080978308231,4.521329198081
Train,4.59147245062257,4.57455370398922
Train,4.63142087499709,4.62338573941738
Train,4.67067371098119,4.6438063153512
Train,4.7092489693173,4.6829280057535
Train,4.74716404427015,4.67737576439465
Train,4.78443573977929,4.71487351049817
Train,4.82120060968204,4.77430019619606
Train,4.857231720581,4.81819193776055
Train,4.89266661349976,4.84212249381706
Train,4.92751996570969,4.89344037664241
Train,4.9618059766503,4.91080732469817
Train,4.9955383872175,4.92146705989755
Train,5.02873049812514,4.94701781078417
Train,5.06139518739115,4.97674446078464
Train,5.09354492699682,4.95513249637526
Train,5.12519179876422,4.96121560729878
Train,4.31090793132855,4.21982050063187
Train,4.36374862530706,4.26595694492804
Train,4.41544374948998,4.32101568806488
Train,4.46603015778154,4.34258695716534
Train,4.51554314003183,4.47087576423064
Train,4.56388176850847,4.41236974286299
Train,4.61135070252854,4.50357294060753
Train,4.65784340604492,4.51920176616929
Train,4.70338968779305,4.55975536980183
Train,4.74801815514197,4.64654402759377
Train,4.79175627401314,4.67471704564924
Train,4.83463042524858,4.74231504839434
Train,4.87666595767126,4.36149789843666
Train,4.91788723806207,4.77987597019218
Train,4.95831769826044,4.84697064521856
Train,4.99786952455175,4.87483999228629
Train,5.03678718722075,4.85375759955644
Train,5.07497908978046,4.77684990359659
Train,5.11246534630136,4.94188528246
Train,5.14926533438925,4.93795753905016
Train,4.308190724255,4.43747561883177
Train,4.3521783700908,4.4410106144634
Train,4.39537752787371,4.53224604516885
Train,4.4378092100058,4.51308402166201
Train,4.4794936888508,4.60108732660489
Train,4.52058585633077,4.59865622997301
Train,4.56083161368657,4.65094882715542
Train,4.60038691902989,4.67020815474287
Train,4.63926938922814,4.69566561704216
Train,4.67749604687772,4.83054237337721
Train,4.71508334515268,4.80601962076469
Train,4.7520471914169,4.80702215765162
Train,4.78840296967105,4.83984056015289
Train,4.82416556190072,4.86390418427293
Train,4.85934936838812,4.88701994396897
Train,4.89408279421208,4.90528292514267
Train,4.92814858322893,4.93426456443657
Train,4.96167612876043,4.98265715925012
Train,4.9946780872855,5.01812476249234
Train,5.02716672155627,5.04885920384311
Train,3.00160651401106,3.23787785244745
Train,3.15463679628811,3.48890846973244
Train,3.30007029819874,3.5755333521467
Train,3.43869343102216,3.61089187233872
Train,3.57052615090931,3.72723687863455
Train,3.69626818327652,4.00769215698899
Train,3.81633208380699,4.13530442807152
Train,3.93109397132671,4.1245879723579
Train,4.04108396939694,4.32616376378237
Train,4.14623581497797,4.28735847794489
Train,4.24703279551337,4.52927102425277
Train,4.34373995773457,4.5273650903481
Train,4.43675927405157,4.67877517286817
Train,4.52599357082417,4.69119571187738
Train,4.61181503568939,4.71232239288012
Train,4.69441578427859,4.76748482096592
Train,4.77397377833914,4.81685952833016
Train,4.85078481946625,4.90007177090879
Train,4.92473623450318,4.9219816504559
Train,4.99610622931943,4.9512721230179
Train,0.997575222013758,1.04385188002026
Train,1.16186758910368,1.12155515906601
Train,1.32074799826293,1.25349385392294
Train,1.47366138911936,1.55932406144368
Train,1.62172490413065,1.5460785518419
Train,1.7644018410866,1.71885760345945
Train,1.90271667770345,1.87559878863974
Train,2.03615169078058,2.10241479879011
Train,2.16530458872005,2.20422934050617
Train,2.29071273714249,2.17686529854888
Train,2.4118870891156,2.3800094337274
Train,2.52966583099353,2.54080320849137
Train,2.64357876846181,2.56499065291381
Train,2.75410785744556,2.81462536252923
Train,2.86168895070688,2.8374799482178
Train,2.96587925882376,2.99342594394224
Train,3.0673778286487,3.16468167945688
Train,3.16575941829679,3.10393720480355
Train,3.26167710851068,3.3150805385179
Train,3.35472254747568,3.39735381548637
Train,3.11903672464875,2.92296019586121
Train,3.26469583275668,3.06431329860845
Train,3.4027201251646,3.16008981036606
Train,3.53415755936693,3.21310948501811
Train,3.65924732761896,3.28865595801715
Train,3.77822795870944,3.3549935778965
Train,3.89193758405085,3.44723200531876
Train,4.00033447689783,3.64583747008384
Train,4.10414919275386,3.82548234876298
Train,4.20349002559976,4.0305559711241
Train,4.29847163878961,4.10596555770772
Train,4.38969750662139,4.05714789534748
Train,4.47723057370719,3.98705346174952
Train,4.56114162020212,3.99122633503227
Train,4.64193705712467,4.18749883917036
Train,4.71951117742665,4.24891435468475
Train,4.79431800787612,4.31494605006586
Train,4.86637477917787,4.36904985649722
Train,4.93570706635376,4.43976604028821
Train,5.00270422355668,4.40386831461185
Train,2.16876670265954,2.40716152456132
Train,2.43537916696171,2.77015719430083
Train,2.67931790010512,2.60965839824967
Train,2.90292346700431,3.0749830393275
Train,3.10903604531345,3.00748365570576
Train,3.29926082160365,3.54240237336486
Train,3.47570979101645,3.4612384891624
Train,3.63950735375726,3.69528978704583
Train,3.79226492423301,3.80054338911029
Train,3.93478337966086,3.99987039678083
Train,4.0683197627375,4.03845604563546
Train,4.19345188202423,4.18134057536087
Train,4.31117944973751,4.29574755152017
Train,4.4219232426661,4.42159733652937
Train,4.52649190421331,4.52235952233699
Train,4.62519368350649,4.63388737854454
Train,4.71869254049011,4.70718919819081
Train,4.80721484657521,4.81422547011122
Train,4.89131307272175,4.88710089473071
Train,4.97115322691084,4.98228315645291
Train,2.12940269889565,2.16562066667222
Train,2.35953685250925,2.2005945586323
Train,2.57652258375496,2.42158261508643
Train,2.78192907181291,2.72801330309989
Train,2.97643410182638,2.85050611047062
Train,3.16066994155131,3.01977763043828
Train,3.33583370480199,3.17941276925838
Train,3.50219360252866,3.32877259020594
Train,3.6607639709942,3.54256395222699
Train,3.81190399768766,3.72844396424809
Train,3.95595681914466,3.9069862721427
Train,4.09372879004296,4.07504485729758
Train,4.22546880089746,4.17106370935924
Train,4.35141812517153,4.29529574975774
Train,4.47223072861984,4.42322062415744
Train,4.58794513229911,4.49387478509577
Train,4.69913564763078,4.68692992951823
Train,4.80593807049328,4.71393875734362
Train,4.90848769987926,4.77331192400068
Train,5.00726329210842,4.88149308268143
Train,2.13549878782615,2.17532376307893
Train,2.36261445382408,2.26314346237977
Train,2.57706670235827,2.42846783187135
Train,2.78036122066628,2.61157394339309
Train,2.97289495250553,2.86006275534036
Train,3.15592876567196,3.03655188799016
Train,3.32974047258084,3.17098772697449
Train,3.49539823950988,3.27731510724082
Train,3.6532770662603,3.36161420345091
Train,3.80373540381063,3.37277346409672
Train,3.94762223590932,3.45232158399378
Train,4.08503514632217,3.68383123881932
Train,4.21671091636138,3.7694469917358
Train,4.34285280547558,3.89129471729217
Train,4.46366010513296,4.07251623741932
Train,4.57973738250479,4.30701642809248
Train,4.69109415890515,4.35023549301388
Train,4.79826506057782,4.47276891260041
Train,4.90123842129323,4.5775905336478
Train,5.00049004351434,4.64073620741101
Train,3.43233189858258,3.150485790916
Train,3.54297691166042,3.25604251366854
Train,3.6494692081052,3.33020903666377
Train,3.75222680270983,3.41172231726573
Train,3.85107875250637,3.46695768237503
Train,3.94641845689116,3.62065731670041
Train,4.03842983551685,3.73449931899151
Train,4.12728418700284,3.81231272043484
Train,4.21329931753722,3.96498887776163
Train,4.29630304238441,3.95432570187105
Train,4.37659828816552,4.04704318374814
Train,4.45431549648567,4.15006027663269
Train,4.52971557309727,4.20268700614042
Train,4.60263141578898,4.33793890732238
Train,4.67331378365666,4.30999112666472
Train,4.74186374861585,4.43161574822662
Train,4.80837637476763,4.51797594191692
Train,4.87306029240632,4.60772115849932
Train,4.93575814948735,4.65901420883435
Train,4.99667216970627,4.68426485238251
Train,3.80276334554978,3.89439887950707
Train,3.88462691319972,3.78537486599982
Train,3.96379935970237,4.04901183710123
Train,4.04075597172001,3.72412950139651
Train,4.11542037466245,4.20236756925687
Train,4.18773080868589,4.27262588937471
Train,4.25811235670846,4.28556783235839
Train,4.32648713053531,4.40174517027135
Train,4.39279050206204,4.3859041308808
Train,4.45740500969366,4.54913366118244
Train,4.52025268608374,4.53933287867342
Train,4.58140502264334,4.63698277684332
Train,4.64079591398827,4.68828629444982
Train,4.69876056352692,4.4496477641416
Train,4.75522235865604,4.81903923288202
Train,4.81011527592982,4.78364871803141
Train,4.8637446498106,4.89458453804974
Train,4.91603558359532,4.86247348976606
Train,4.96692281636916,4.96491256009557
Train,5.01668570127464,5.04824917704445
Train,3.80580373453581,3.70770966506361
Train,3.88786162856758,3.87505076633343
Train,3.96716955468882,3.93068366944662
Train,4.04421005131988,3.97631813917918
Train,4.11891007174364,4.04394497000779
Train,4.19121132764483,4.11959687188907
Train,4.26154415830862,4.17093668675322
Train,4.32983334757356,4.26798071594563
Train,4.39601706843497,4.35865802737148
Train,4.46048160205608,4.42884048084137
Train,4.52315118130179,4.48666021634907
Train,4.5840997450206,4.54772882751145
Train,4.6432633676977,4.60144458362451
Train,4.7009795145738,4.63665760136912
Train,4.75717333648196,4.69021778315533
Train,4.81178066296121,4.75420687987556
Train,4.86510827234475,4.79175088222666
Train,4.91708280168147,4.86948759838393
Train,4.96764059775644,4.87758630075929
Train,5.01706182334771,4.98327686778752
Train,-0.289166347486342,-0.138059506868565
Train,-0.038635989254015,-0.0504296941748233
Train,0.198987934421492,0.413429208577646
Train,0.423730775442445,0.381080803892785
Train,0.637059907039239,0.844564909928273
Train,0.840250342291749,0.989110897858181
Train,1.03319354113932,1.17450807219085
Train,1.21703207455347,1.23393370428542
Train,1.39276554449284,1.61679144605328
Train,1.56021030850831,1.56068479077655
Train,1.72027629928379,1.77375662746094
Train,1.87344074150816,2.03268547878921
Train,2.020450721041,2.09936333694814
Train,2.16107407838061,2.17087841605633
Train,2.29600276321256,2.30972951689932
Train,2.42585011658558,2.5573983044168
Train,2.55036964780297,2.49794723486625
Train,2.67013560427102,2.6333960526102
Train,2.78565940191339,2.84206819293042
Train,2.89669098080092,3.0458063550426
Train,1.46654665383069,1.21494628849313
Train,1.60487607548111,1.4911842930823
Train,1.73837542115043,1.60610331981254
Train,1.86729332905194,1.7243323854304
Train,1.99186165972811,1.92341208772047
Train,2.11264317866532,2.05470092331379
Train,2.22913643824374,2.12859835008906
Train,2.34188882264016,2.19619701147864
Train,2.45107767694597,2.34806070041604
Train,2.55686931068677,2.49657677189795
Train,2.65941984305435,2.6068762052113
Train,2.75887597162545,2.70911070437583
Train,2.85537567252784,2.81362057817853
Train,2.94904883908154,2.87911584435737
Train,3.04001786513155,2.97394414364651
Train,3.12865291298487,3.09674513916513
Train,3.21454636739516,3.18400524888163
Train,3.29806327362749,3.27059613899645
Train,3.37930091927607,3.36863701419884
Train,3.45835135326626,3.31349620660088
Train,1.26401216555,1.30831789457619
Train,1.40422897999426,1.49305798881549
Train,1.5397028599546,1.64027243829362
Train,1.67067045279697,1.85353087240442
Train,1.79735292016857,1.93738392009515
Train,1.92030988935585,2.07815042482111
Train,2.03901867514578,2.07858202209937
Train,2.15402530432285,2.13575312693705
Train,2.2655003058233,2.36074687113422
Train,2.37360389374036,2.41869352647763
Train,2.47848673560325,2.58335694060226
Train,2.58029065299588,2.65986359269222
Train,2.67914926136628,2.76513644064203
Train,2.77518855509646,2.76116261143541
Train,2.86852744321989,2.9730582479222
Train,2.95953990433454,2.98974369300697
Train,3.04780167532275,3.05723078549608
Train,3.13368225524882,3.17698848425439
Train,3.21727672383665,3.33850742547297
Train,3.29867516532052,3.45057038087022
Train,3.87900242188409,3.7409802511332
Train,3.93759949513966,3.82255655922603
Train,3.99495743347672,3.87337480594222
Train,4.05142191865217,3.94297841325042
Train,4.10686211753859,4.02023930978585
Train,4.16130565099826,4.09530889446732
Train,4.21463355556371,4.09601360457035
Train,4.26716528716114,4.19937066498575
Train,4.31877741502651,4.2652103987363
Train,4.3694938770694,4.27517962907965
Train,4.41920202843064,4.35436465228219
Train,4.4681980188624,4.39235858660749
Train,4.51636529558682,4.44565637834197
Train,4.56372470746795,4.48521234473383
Train,4.61016952671442,4.5501891267168
Train,4.65597509431825,4.56116637574148
Train,4.7010312444799,4.61974919057758
Train,4.74535621961414,4.68650852333124
Train,4.78884882483664,4.69703130947634
Train,4.83176574170551,4.76097235866682
Train,3.78704646554857,3.65557449818069
Train,3.86521842768102,3.98267559455383
Train,3.94153198296837,4.01736632049086
Train,4.01605262366938,4.14799712431449
Train,4.0888428004159,4.20869290946334
Train,4.15996209676235,4.22930304885082
Train,4.22946739185135,4.32994742029994
Train,4.2974130121289,4.39256746603347
Train,4.36385087295954,4.46331693192581
Train,4.42883061091743,4.4984663864572
Train,4.49226563380934,4.52235098033724
Train,4.55447239490796,4.64848950741179
Train,4.61535737682637,4.53011118601938
Train,4.67496226475994,4.70032962964424
Train,4.73332700929397,4.73846439231239
Train,4.79048991570074,4.78142128683961
Train,4.84648772777645,4.78085351468593
Train,4.90135570660357,4.86099727725068
Train,4.95512770459337,4.82522702982579
Train,5.00783623513536,4.84759106494508
Train,3.12613944878982,3.33922733194564
Train,3.26158071985582,3.38596788309462
Train,3.3917613131307,3.63896474950363
Train,3.51661005857919,3.68272482030329
Train,3.63680473185573,3.91334259253772
Train,3.7522567061369,3.98124109552834
Train,3.86357192718626,4.16269967179156
Train,3.97064944621926,4.24414126850555
Train,4.07403405143818,4.34381483054167
Train,4.17361633549054,4.48846381685411
Train,4.2698886334348,4.50698165962302
Train,4.36273599565,4.54442119241965
Train,4.45260546455716,4.71839366521598
Train,4.53937875372946,4.77850889983747
Train,4.62346355046167,4.8616794528645
Train,4.70473989989033,4.86934353565884
Train,4.78358109418154,4.92383979012472
Train,4.85986677020062,4.97725676084665
Train,4.93393999711208,5.03069635821311
Train,5.00568095185321,5.05421894575424
Train,2.87421438121072,2.95632016799511
Train,3.04263861807118,3.29753187628994
Train,3.20199389016095,3.28829158573994
Train,3.35299348434731,3.51165581247441
Train,3.49627779711737,3.44148656680497
Train,3.63263018748448,3.61832662671296
Train,3.7621477064373,3.81097105743678
Train,3.88551887791609,4.032249213505
Train,4.0031710801912,4.05780436586168
Train,4.11549296618303,4.24190044938874
Train,4.22283875250148,4.35469620481818
Train,4.32553195079798,4.39191795960178
Train,4.42386862423514,4.50726920669983
Train,4.51812023811989,4.61979530446936
Train,4.60853616250618,4.69503311203274
Train,4.69547839229914,4.73060790737294
Train,4.77888829283891,4.82122454243386
Train,4.85909910884228,4.86344692906175
Train,4.9362914227516,4.97067513950284
Train,5.01063247662664,5.01429432388876
Train,2.12884689355539,2.12597513817054
Train,2.36615130434783,2.34079902585986
Train,2.58919757435144,2.50956622115983
Train,2.79874171741578,2.6328162093984
Train,2.99643653980588,2.84684303272021
Train,3.18282153138155,3.05156796526794
Train,3.35925392062249,3.21939085707197
Train,3.52611746281569,3.41608118867065
Train,3.68435589729504,3.60447752764681
Train,3.83479802059246,3.75808004107593
Train,3.97766925495038,3.87714045426024
Train,4.11384744793386,4.03829925030427
Train,4.24348609288458,4.2195551933757
Train,4.36719093030841,4.33606716697341
Train,4.48549976718799,4.43467021003992
Train,4.59849094691884,4.56889420286948
Train,4.70677052103431,4.70780984706437
Train,4.81038194189409,4.77674286637794
Train,4.90985556970815,4.89145583462106
Train,5.00520853998989,4.92345289301042
Train,2.12168894142507,2.04355861983523
Train,2.35903646406905,2.25321241957672
Train,2.58169705379614,2.44112342352307
Train,2.79149847291344,2.51051771151868
Train,2.98928432976782,2.6841899624952
Train,3.17605810615937,2.88069040385476
Train,3.3525010564956,3.06243042330362
Train,3.51985170461805,3.23645242335483
Train,3.67860271010408,3.42570712399254
Train,3.82940033264978,3.61445027005266
Train,3.97265383774693,3.79560586284962
Train,4.10924651280638,3.91777872729867
Train,4.23947406938949,4.06584713663072
Train,4.3637712919567,4.20512054699733
Train,4.48238999665366,4.34284857773728
Train,4.59598646652545,4.50397037283303
Train,4.70474058418434,4.57263108274108
Train,4.80895551525773,4.69235597438433
Train,4.90878800418509,4.79999156185511
Train,5.00474220750618,4.90065792135102
Train,2.12326987459695,2.17946558145469
Train,2.35046379035817,2.67589597922491
Train,2.56518125285028,2.57714836250619
Train,2.76882941117277,2.79179042761238
Train,2.96204914607699,3.43250054663382
Train,3.14543771658306,3.08678674668815
Train,3.32007644790049,3.80376027885183
Train,3.48640999199256,3.42996936826565
Train,3.64485797321563,3.70201898182115
Train,3.79627180097835,3.83830012887098
Train,3.94096423757318,3.91868382997922
Train,4.07937311764745,4.11594082963826
Train,4.21176588146603,4.21519456447656
Train,4.33878163210758,4.33833901774476
Train,4.46061869799635,4.46821569321882
Train,4.57746977514261,4.58509130326313
Train,4.68986088903145,4.69902288210553
Train,4.79793360765224,4.8059855250142
Train,4.90182736363478,4.9164074051804
Train,5.00198165120171,5.01146908659858
Train,2.13145586051408,2.18027644755011
Train,2.34790586645907,2.75120129439844
Train,2.55420283454264,2.73067815128442
Train,2.75104476816105,2.74695958794821
Train,2.9388644598026,3.20420139821993
Train,3.11865577712709,3.21820807575622
Train,3.29073674887468,3.21929504807063
Train,3.45559295003958,3.57174138907873
Train,3.61367002049273,3.60551032683651
Train,3.76537768774906,3.83499700714281
Train,3.91093582569427,3.8618645402081
Train,4.05101357899951,3.89271284707977
Train,4.18576875207896,4.11335804664041
Train,4.31549905458074,4.19487299739126
Train,4.44048040000646,4.25285560462523
Train,4.56096886455336,4.55756353659877
Train,4.67707654705726,4.59220460485386
Train,4.78928103420043,4.66797660624154
Train,4.89765824893007,4.81481588914537
Train,5.00240072877263,4.77947949411167
Train,2.11609585494351,2.35360123119417
Train,2.35799736935475,2.42900166612338
Train,2.58453388305162,2.68504768824347
Train,2.79712425641571,2.89854123776495
Train,2.99701786962423,3.11283525001748
Train,3.18531919401391,3.26163837145401
Train,3.36300820905686,3.47305865705761
Train,3.53095746195695,3.60038036853572
Train,3.6899463967891,3.80831544830634
Train,3.84067344979145,3.92080050970598
Train,3.98360580835531,4.08304922282182
Train,4.11963797271371,4.18272637508516
Train,4.24911218798108,4.39410132467373
Train,4.37249151866849,4.47454910882541
Train,4.49019643512087,4.56672706622837
Train,4.60260960086398,4.67962063335987
Train,4.7100800284612,4.73880259032386
Train,4.81292669897145,4.8380477847328
Train,4.91144172407944,4.92011295643128
Train,5.00589311692319,5.01577134903376
Train,3.83902217308907,3.58211139596974
Train,3.91331960759849,3.65123144759633
Train,3.98596978649989,3.92287338592391
Train,4.05667613975288,3.82733824969572
Train,4.12585677430994,4.10436360615805
Train,4.19322625011142,4.0783310373239
Train,4.2591800775171,4.22768349409306
Train,4.32344344091015,4.22984055400076
Train,4.38639107183842,4.23338186055345
Train,4.44775828960431,4.4062902743311
Train,4.50790067311738,4.45495008124142
Train,4.56656320519221,4.56885521408779
Train,4.62408377132825,4.17708489490776
Train,4.68021656581554,4.52588326091673
Train,4.73528309397901,4.74351245930615
Train,4.78904632954425,4.67863667886311
Train,4.84181258278146,4.85371087899448
Train,4.89335319497542,4.59298165800306
Train,4.94396035365885,4.73141936532552
Train,4.99341337579618,4.75429711574316
Train,2.12932433413457,1.843232548917
Train,2.36688147086949,2.30488028469868
Train,2.58984757480893,2.49152947755556
Train,2.79952688894545,2.59421609298929
Train,2.99707271127515,2.6874624135668
Train,3.18330224037153,2.78638947472183
Train,3.35955095901933,2.92682204854771
Train,3.52641499522416,3.01768514062092
Train,3.6846244673844,2.98589856243713
Train,3.83483567173847,3.12708144204894
Train,3.97764018252018,3.44728823676685
Train,4.11357263835793,3.57445234776876
Train,4.24311743099134,3.6850581295426
Train,4.36671447269685,3.95315351928266
Train,4.48476418714616,4.08982762361388
Train,4.59750611052085,4.14466543913307
Train,4.70553093946844,4.01396536580716
Train,4.80901307310064,4.4734411934745
Train,4.90823315687631,4.56833728059462
Train,5.0034491851954,4.7034743609793
Train,2.12495028001534,2.33261184473124
Train,2.36374329707051,2.67100294247501
Train,2.58770839833069,2.77578489158736
Train,2.79818510973865,3.01089086473479
Train,2.99657923720489,3.2833492100367
Train,3.18348098598039,3.44491169680777
Train,3.36005944702231,3.33512188368145
Train,3.52714692575984,3.39893343060895
Train,3.68548859742229,3.5704206038335
Train,3.83575361782611,3.74001192734287
Train,3.97870591550919,3.81783527888645
Train,4.11455917615633,3.94022265350396
Train,4.24397555506753,4.077479992417
Train,4.36740194524148,4.16994595820363
Train,4.48524480683546,4.3974081025981
Train,4.59787463874721,4.50622778525443
Train,4.70575202577669,4.61917537856066
Train,4.80893729039859,4.68187790252713
Train,4.9078420789771,4.75219437664998
Train,5.00272733223452,4.81886523824621
Train,3.80651519897803,3.62620434334315
Train,3.88807078252951,3.77680641443305
Train,3.96713069035404,3.88051749684032
Train,4.04364321071277,3.96746761348866
Train,4.11804840206236,3.98997597305703
Train,4.19027658152484,4.11023305924898
Train,4.26042191684389,4.18327200837724
Train,4.32857322192667,4.22048269762262
Train,4.39467203400802,4.29901589554125
Train,4.45908605583843,4.37785635590352
Train,4.52174380642785,4.4444471256448
Train,4.58271614777852,4.53501832209283
Train,4.6419425810658,4.58574611044232
Train,4.69974521040031,4.6174968828071
Train,4.75605328519805,4.68533609490446
Train,4.81092403082604,4.74071440526789
Train,4.86441178798037,4.80448413287086
Train,4.91645597281461,4.85824351533701
Train,4.96733286268282,4.90405497125537
Train,5.01697410883087,4.97322921156573
Train,3.80728206211371,3.84902916285945
Train,3.88842073279314,3.81977802527079
Train,3.96712075845751,3.9720744366317
Train,4.04349045262832,4.04577660434942
Train,4.11778959936226,4.14279359922921
Train,4.18979423712496,4.17951997973606
Train,4.25975752844971,4.31932909174007
Train,4.32776506890379,4.35483444968082
Train,4.39389773454921,4.41667695581264
Train,4.45823200279573,4.53068587137307
Train,4.52097365260648,4.57216978322862
Train,4.58192090706111,4.63462847698845
Train,4.64127577629868,4.70611784487764
Train,4.69909986258143,4.74777155943348
Train,4.75545163113625,4.79069356504502
Train,4.81038660733243,4.85715739538455
Train,4.86407182365417,4.87784991046457
Train,4.91632614568077,4.92800239932967
Train,4.96731447182039,4.97701908911432
Train,5.01708225944127,4.94519586619006
Train,2.122132055305,2.68597537264842
Train,2.36916131608526,2.71285893221819
Train,2.59930353707909,2.98404716727596
Train,2.81472191749938,3.14907586421106
Train,3.01632638848282,3.33613266590265
Train,3.20583532514127,3.57467317846523
Train,3.38389914390656,3.75406979355003
Train,3.55190698314483,3.84591014065022
Train,3.71050605209104,3.937821421708
Train,3.86029396742171,4.04570410473363
Train,4.00230941877655,4.22738659880482
Train,4.13683382320392,4.39174046911256
Train,4.2647370996202,4.46645958287297
Train,4.38635685171037,4.53999236990315
Train,4.50201236869135,4.64927412902936
Train,4.61238469461506,4.73770469850104
Train,4.71758596168047,4.78939587602067
Train,4.81820196999331,4.84723533815036
Train,4.91430499582718,4.89185966497043
Train,5.00640340298282,4.93897387241235
Train,2.12283645584247,2.25019392225629
Train,2.36007090439505,2.39280064248823
Train,2.58286729539039,2.51271131734501
Train,2.79225542179532,2.55457280960328
Train,2.98988040521396,2.77594669360578
Train,3.17648371349875,2.9942082017802
Train,3.35296236216991,3.1926195850478
Train,3.52011859778538,3.37554430401511
Train,3.67848277949649,3.61521219197836
Train,3.82909036340494,3.81298568829262
Train,3.97232605035136,3.94512052440845
Train,4.10871816641636,3.99955269730822
Train,4.23859009636088,4.2169193059696
Train,4.36269545702973,4.35210692202592
Train,4.48126764986463,4.50957278740093
Train,4.59466864550904,4.5751342191036
Train,4.70322951570088,4.66975396420672
Train,4.80712884133085,4.75236325475897
Train,4.90689988168367,4.90040304636709
Train,5.00266867204802,4.96105031269305
Train,3.4258078853734,3.36260396186778
Train,3.46669307564727,3.48213794879358
Train,3.50726152086697,3.47601092537864
Train,3.54715024630265,3.50189161578556
Train,3.58655544907872,3.63622026518045
Train,3.62566418507938,3.68599557206745
Train,3.66412622032491,3.64174888571323
Train,3.70230445245403,3.7552773677663
Train,3.73985678163678,3.75472775411125
Train,3.77696732230424,3.80828392327877
Train,3.8138118482927,3.81847261820814
Train,3.85005993548612,3.85041603072088
Train,3.8858889841592,3.83786288901099
Train,3.92146848965713,3.89587268755947
Train,3.95647912068525,3.97305263087886
Train,3.99125052323192,4.01754822085087
Train,4.02547046154487,3.97921249300752
Train,4.0593059390152,4.01572803373647
Train,4.09291671518999,4.06167823052506
Train,4.12600075798107,4.08494655708901
Train,3.80635286570417,3.75615290363656
Train,3.88803823971042,3.715659426868
Train,3.96720059662091,4.00307630863395
Train,4.04411655704676,4.01154446750259
Train,4.11856652379885,4.007101449729
Train,4.19081884417673,4.1482930098103
Train,4.26096940951611,4.15929817481441
Train,4.32910861234492,4.2010475741291
Train,4.39546121217612,4.30423243320079
Train,4.45982492227979,4.39874407743498
Train,4.52241933920705,4.42058980003341
Train,4.58331642795063,4.48488626021462
Train,4.64270924600566,4.55112103321028
Train,4.70040914821605,4.6423523001734
Train,4.75660563733541,4.72628357706674
Train,4.81135671649584,4.79854376442563
Train,4.8647174429583,4.87195091314554
Train,4.91684987569653,4.91318382703549
Train,4.96758149327971,4.95063438956388
Train,5.01707213255279,4.97220878574126
Train,2.11989751072107,2.40087851502943
Train,2.35242041142136,2.49580980575521
Train,2.57161454849247,2.69264581915225
Train,2.77837437334599,2.88587048281828
Train,2.97414429498144,3.06305776073643
Train,3.15958043294359,3.24172924927356
Train,3.33547995637601,3.40859488891668
Train,3.50256009628174,3.56314967169666
Train,3.6612986784715,3.71262120992523
Train,3.81262745048163,3.87672789843264
Train,3.95689932860896,4.0495708680792
Train,4.09459669028098,4.15476707576254
Train,4.2260184974925,4.31535973593838
Train,4.3518527570029,4.45380766287575
Train,4.47231947569886,4.55620867168929
Train,4.58775491567232,4.68207266013652
Train,4.69846782566558,4.77075213246673
Train,4.80462850173758,4.85754172426046
Train,4.90673043199547,4.93626099800491
Train,5.00489673882123,4.98906807665656
Train,2.12610031651882,2.27374723419831
Train,2.35566929304389,2.49581632092602
Train,2.57269921923504,2.69153243910733
Train,2.77774545185462,2.90278018314172
Train,2.97219472666659,3.10298990602541
Train,3.1564477024956,3.29936021775374
Train,3.33166562328908,3.46919507910285
Train,3.4981351671716,3.61185087223551
Train,3.65666761488349,3.768453313643
Train,3.80798179269646,3.85157234043528
Train,3.95224548285089,4.09275321540966
Train,4.09024016583838,4.23191705197548
Train,4.22207832124006,4.35241021004184
Train,4.34830030118167,4.51365765002097
Train,4.46938937073266,4.61024819076771
Train,4.58539909567401,4.75410901934946
Train,4.69688536710317,4.78433784881535
Train,4.80387390334524,4.90424003432874
Train,4.90685601471269,4.9767756437325
Train,5.00583615499794,5.00940266091027
Train,3.12498922093813,3.33258500825546
Train,3.25775809046625,3.48212008180707
Train,3.38561382311721,3.60332438833651
Train,3.5088241819059,3.74218635585599
Train,3.62763781977791,3.92002741780653
Train,3.74213332437832,3.98064529222944
Train,3.85283645428167,4.12109843148289
Train,3.95978980346664,4.23924010140551
Train,4.06318072007727,4.37700537176741
Train,4.163184276214,4.47446188782583
Train,4.2599642572173,4.59880995729281
Train,4.35367405680106,4.61981118585518
Train,4.44445748832653,4.75767793264298
Train,4.53244952124125,4.80533158840335
Train,4.61777695061478,4.87415945065487
Train,4.70044850677974,4.90524868260103
Train,4.7808006351125,4.91936204558715
Train,4.8588251926334,4.97264954134895
Train,4.93462187004641,5.01712343606472
Train,5.00828474513783,5.07140306037261
Train,4.42390794963588,4.37121423250236
Train,4.46697631783282,4.39262546685197
Train,4.50925459024382,4.44968490704573
Train,4.55076431089625,4.52622596951386
Train,4.59152624760039,4.53802919428649
Train,4.63143643314661,4.58704956445484
Train,4.67076435640498,4.62262368957826
Train,4.70940242199662,4.68755145013627
Train,4.74736862347034,4.71990720878449
Train,4.78468033400134,4.70834705973864
Train,4.82135433289893,4.80547652398209
Train,4.85740683076662,4.81980520914708
Train,4.89285349339383,4.84975241745581
Train,4.9277094644531,4.86748647390376
Train,4.96198938707212,4.88391002900156
Train,4.99560291635719,4.94737026158662
Train,5.02877446304548,4.96684555569031
Train,5.06141104680405,5.00367170138521
Train,5.09352550526689,5.02484559639447
Train,5.12513026857055,5.01688888926858
Train,3.88016110686573,4.08846451821534
Train,3.95536563569093,4.12699098210427
Train,4.02833756226135,4.15300957955956
Train,4.09917485156568,4.23897914400536
Train,4.16781139556268,4.2644796943743
Train,4.23465558184553,4.34344155953485
Train,4.29962651764113,4.42582506889744
Train,4.36280185916166,4.4786061416242
Train,4.42425502877288,4.52926832085577
Train,4.48405549965283,4.58289378785207
Train,4.54213484531608,4.64040241333416
Train,4.59882732288789,4.69818619845273
Train,4.65405421051519,4.74744911009222
Train,4.70787161469405,4.78991658644777
Train,4.76033281414033,4.84642569843938
Train,4.81148843572382,4.9087577434903
Train,4.86127146244878,4.89874098709597
Train,4.90996078374859,4.93217543787942
Train,4.95748196854741,4.9625695351018
Train,5.00387655679908,4.97853736384185
Train,2.12769317906464,2.14350447373072
Train,2.36390161415898,2.39378658005142
Train,2.58562185762895,2.63272307395907
Train,2.79464475158075,2.80472783610846
Train,2.99179519351995,3.04591388269024
Train,3.17805677825856,3.14065083650152
Train,3.35409691643887,3.48002117339961
Train,3.52113335560815,3.49535718081184
Train,3.67964974095875,3.73124454080198
Train,3.83028173636688,3.79206864770217
Train,3.97343171348775,3.83353163038154
Train,4.10997046470525,3.97720877813405
Train,4.24018928780956,4.12154689128033
Train,4.36451705028823,4.23757477248158
Train,4.4832020946795,4.33996590563972
Train,4.59689276717836,4.49367268571062
Train,4.70576682712876,4.57755654565238
Train,4.81012401562257,4.74837317507614
Train,4.9101193604267,4.79065482339246
Train,5.0062517405904,4.88659845021938
Train,2.12650841334914,2.18984777350504
Train,2.36434938779084,2.41029369007232
Train,2.58759476286287,2.4764707048434
Train,2.79733935638551,2.78841902783964
Train,2.99516529710068,2.89115121474737
Train,3.18187422137519,3.1288525495898
Train,3.35837761522866,3.39181107833971
Train,3.52548997165255,3.43962575233046
Train,3.68378321289555,3.68607455766698
Train,3.83423782109083,3.74252737847786
Train,3.97727881422506,3.88116626436571
Train,4.11344097288535,4.06196238027443
Train,4.243079010143,4.23493442430905
Train,4.36689858265792,4.28536426498681
Train,4.48516417688475,4.45920222743057
Train,4.59824128467914,4.55441567197011
Train,4.70646401692559,4.66069736879657
Train,4.81003440688476,4.79653824229866
Train,4.90944551216138,4.88915952312154
Train,5.00484702838629,4.90795505049189
Train,2.13783291267389,2.20179462459808
Train,2.37395814931301,2.24923397856968
Train,2.5960497672077,2.21101706552435
Train,2.80488507339801,2.52884926683272
Train,3.00182261398242,2.68383899556767
Train,3.1880461009014,2.93872039510618
Train,3.36403695641809,3.17969690512131
Train,3.53096607137094,3.47814480123873
Train,3.6891828863548,3.60257418659399
Train,3.83950998918753,3.81757079453578
Train,3.9826736898442,4.02353510435046
Train,4.11888698121908,4.08071218189424
Train,4.24878067232548,4.21011949862653
Train,4.37291532114759,4.10295857648518
Train,4.49141543921868,4.57320392603554
Train,4.60489522090665,4.67935575486199
Train,4.71343769892355,4.81636192901061
Train,4.81746794767962,4.74984670381127
Train,4.91736706323598,4.82510321565058
Train,5.01317359845264,4.92398986059365
Train,2.12973519737458,3.02362763145643
Train,2.34693223809566,3.05484804426526
Train,2.5537827245844,3.19237019475189
Train,2.75100877109727,3.27316744671202
Train,2.93926682188742,3.521722225202
Train,3.11894251808914,3.50721882587361
Train,3.29101591273333,3.77273830037811
Train,3.45576441896453,3.92213344276051
Train,3.61364600247671,3.9273888955014
Train,3.76508123119673,4.05019437212778
Train,3.91045701631707,4.25123934659809
Train,4.05012991306222,4.2969128186557
Train,4.18442904047433,4.49205870903701
Train,4.31365867055238,4.60463324390484
Train,4.43810052961983,4.69756445974997
Train,4.55787365416001,4.76498472510916
Train,4.67351003348212,4.83189181398427
Train,4.78508771463573,4.8512614957264
Train,4.89281669543899,4.92746202352851
Train,4.99689273222612,5.005845761596
Train,2.12944251813937,2.31708511336896
Train,2.36258742963163,2.49850668226356
Train,2.58217601405236,2.73198777029286
Train,2.78935722718863,2.92407045013551
Train,2.98494380580783,3.11617101671823
Train,3.17028002028445,3.2854669447222
Train,3.34596214273818,3.44265817073223
Train,3.51272534272185,3.59839192598984
Train,3.67123199237962,3.7796651639196
Train,3.82208045938805,3.9060272176259
Train,3.96565791946239,4.07250276554448
Train,4.10277285462389,4.16681587266497
Train,4.23371064372566,4.31917963713344
Train,4.35887951977772,4.42634249311264
Train,4.47865251894029,4.55933106746215
Train,4.59337119372083,4.67774265704831
Train,4.70323011432451,4.76995099324118
Train,4.80875949195975,4.80426136796608
Train,4.91010062783055,4.91120386160533
Train,5.00749800435924,4.98547287887345
Train,2.13127603328011,2.04517675448241
Train,2.36007196669116,2.24367047445911
Train,2.57639609124244,2.42302097571505
Train,2.7807862072374,2.59956686339783
Train,2.97441846338933,2.8090760352486
Train,3.15812042375489,3.04297623240354
Train,3.3328313478764,3.18382828992914
Train,3.49882509191766,3.34882774987527
Train,3.65691426441176,3.54023872832865
Train,3.80765035442331,3.66770200605577
Train,3.95169541278685,3.79862884229258
Train,4.08917776891722,3.95136575830252
Train,4.22068270555645,4.09169595014742
Train,4.34659175548018,4.16521620648291
Train,4.46738968179708,4.27659261254907
Train,4.58312216995324,4.46448694591575
Train,4.69422551729655,4.55073729178733
Train,4.80097201707506,4.69588942093671
Train,4.90372806329322,4.80165268522916
Train,5.00249164357716,4.87127579503273
Train,3.74212698727728,3.79412021347224
Train,3.82795253145181,3.5798520090112
Train,3.91111746774402,4.03381808850052
Train,3.99174362677898,3.99443548764116
Train,4.06980286768288,4.09793962134107
Train,4.14569239525475,4.00265211123042
Train,4.21936661936617,4.30457262658512
Train,4.29092114552115,4.26998102468409
Train,4.36044615586632,4.39844823411418
Train,4.42802678837315,4.28663645459202
Train,4.49362346226042,4.40027210588667
Train,4.55755553008452,4.45950465813729
Train,4.61977157804481,4.57524045025648
Train,4.68033978149179,4.51035915674348
Train,4.73932475161255,4.66703618805335
Train,4.79678776534111,4.75004556030891
Train,4.85268459388378,4.77892334922718
Train,4.90727779343434,4.84506547397681
Train,4.96051481179055,4.93479516742365
Train,5.01244556349468,4.87497611766075
Train,2.06775960739239,2.57569557366402
Train,2.33537302512907,2.62421773127318
Train,2.58183561670268,2.9408220309608
Train,2.80905400802637,3.11493084462994
Train,3.01943123996932,3.35870375991171
Train,3.21477277353868,3.54818122097105
Train,3.39683788380617,3.7425621627573
Train,3.56655596424399,3.80091449169733
Train,3.72531913927744,4.01258426376896
Train,3.87415491757298,4.17430409641093
Train,4.01412292998609,4.27681275228115
Train,4.14569727085948,4.39294075898594
Train,4.26975007183713,4.51604479999406
Train,4.38690837155735,4.6247562819858
Train,4.49785604627757,4.73353379071104
Train,4.60283765460804,4.81603688995942
Train,4.7024338187161,4.87146744026768
Train,4.79704857653756,4.87712192978499
Train,4.88714803790167,4.93048514506315
Train,4.97285429252283,4.98522138130998
Train,2.82556355354427,2.96973583812926
Train,2.98792999332475,3.09425858893584
Train,3.14289600246491,3.24477011647522
Train,3.29095625920367,3.43699519931848
Train,3.43256231402501,3.62778131410223
Train,3.56812718943482,3.67152688232653
Train,3.69802940332793,3.81413742863074
Train,3.82261649849118,3.95490197551506
Train,3.94220814754943,4.06741877942237
Train,4.05709889176424,4.17843618032212
Train,4.16769251188528,4.30797658638635
Train,4.27397143696865,4.42970508758826
Train,4.37630544764867,4.4896313343057
Train,4.47491018573962,4.59125173913673
Train,4.56998585740224,4.66506641957429
Train,4.66171858996953,4.76946419442963
Train,4.75028164812387,4.84458045424194
Train,4.83583652614616,4.88846451867794
Train,4.9185339307239,4.9532948808195
Train,4.99851466690141,4.99556796990319
Train,2.12618448920161,1.66421772351963
Train,2.36018367315486,2.07513987107522
Train,2.58041070802632,2.27275587489675
Train,2.78804668782429,2.38331054386733
Train,2.98435252379794,2.49056412726591
Train,3.16983096420754,2.70631397850101
Train,3.34554291288489,2.90580501672563
Train,3.5122399734953,3.0933371175367
Train,3.67059855665392,3.2703455136703
Train,3.82122905370021,3.45112461356388
Train,3.9648387757476,3.60385010802882
Train,4.10161128164104,3.7195197676731
Train,4.23216455446367,3.88880778325286
Train,4.35691335979793,3.99639123463569
Train,4.47623638388567,4.21885063371956
Train,4.59048007318574,4.32065912980862
Train,4.70008070678024,4.40356088428441
Train,4.80508769499449,4.53680989695652
Train,4.90589312878991,4.67812172439813
Train,5.00274423197138,4.77648649419441
Train,2.01551279585143,2.10540975906638
Train,2.29286043451065,2.31655864251851
Train,2.55001516212107,2.62003190455314
Train,2.78910480283114,2.81530892800173
Train,3.01217090119193,3.07768650158771
Train,3.22039290160047,3.25742556814974
Train,3.41538216713398,3.46572267511637
Train,3.59836128159368,3.62261123719437
Train,3.77040672102396,3.83435865658354
Train,3.93247004672183,3.99654902929676
Train,4.08553531602062,4.13518435435045
Train,4.23006702167173,4.25437342537263
Train,4.36688454474247,4.37753433306919
Train,4.49658943279684,4.52847510443928
Train,4.61972227348993,4.65752165368008
Train,4.73677022574812,4.75092002194448
Train,4.84827573278228,4.84390837456891
Train,4.95442820875158,4.94788547920272
Train,5.05569703774393,5.03336581001896
Train,5.15241165704906,5.10418916242047
Train,2.32873264544486,2.85298001770174
Train,2.38449831992033,2.80458559411579
Train,2.43938170270433,2.7339189541264
Train,2.49340356810746,2.83414213724892
Train,2.54636139325193,2.82015300376616
Train,2.59872341108727,2.91933498090075
Train,2.65028237206533,2.92941458884518
Train,2.70105660987561,2.9411690764093
Train,2.75106390434794,2.97414481317419
Train,2.80032150221081,3.09030629822955
Train,2.84864290857491,3.14693892480182
Train,2.89645380998679,3.25947391808422
Train,2.94356368479989,3.16788827325446
Train,2.98998783898982,3.25998199331922
Train,3.03574113617102,3.22252044924136
Train,3.08083801346312,3.34828591153852
Train,3.12510625537951,3.38170653650327
Train,3.16893459849484,3.48803050141001
Train,3.21214736769743,3.48841783603058
Train,3.25475744125418,3.84051950901306
Train,3.56004569290789,3.68822653960984
Train,3.63981717515835,3.66616528042488
Train,3.71704564595918,3.71506637324289
Train,3.79215805722753,3.79787631934509
Train,3.86509031487225,3.88744186748248
Train,3.93579079456096,3.97411292327232
Train,4.00464221717891,4.02480313738321
Train,4.07144130508955,4.07226112060934
Train,4.13654506296769,4.17727081897255
Train,4.19988691351634,4.23416993155322
Train,4.26141096190037,4.28142534750299
Train,4.32144029626708,4.40948570786333
Train,4.3799083869084,4.50878691989756
Train,4.4367584420021,4.48845515559303
Train,4.49228431814828,4.53326313371862
Train,4.54630912005329,4.62624263192308
Train,4.59910940874723,4.63438579188283
Train,4.6506202378172,4.71704039182608
Train,4.7007850239268,4.76598593985092
Train,4.74985715319459,4.83935585788042
Train,2.2572648626249,2.44904333500826
Train,2.34607341327384,2.35672733461147
Train,2.43309478178628,2.48046710118957
Train,2.51785910581673,2.58344909840539
Train,2.60096223625691,2.56680281562824
Train,2.68195242850527,2.7095099139424
Train,2.76139612129789,2.94550343627352
Train,2.8388587499106,2.77272731957984
Train,2.91464596919438,2.91602363200207
Train,2.98904011874727,3.05865849671891
Train,3.06163075024979,3.16126173075701
Train,3.13291980817609,3.16629910026946
Train,3.20251191030356,3.16405053882869
Train,3.27067613539832,3.40594810774657
Train,3.33766190039194,3.2670564924514
Train,3.40309500042276,3.41512514059319
Train,3.46742347237164,3.45623260958281
Train,3.53028636105219,3.60596400080152
Train,3.59211258131978,3.62133785600213
Train,3.65255377507985,3.59868105552837
Train,2.12990039761091,2.19561422325369
Train,2.35479666087574,2.3730158843753
Train,2.56764181330797,2.60326016781201
Train,2.76978336194458,2.68536236327777
Train,2.96181638017785,2.96890690980081
Train,3.14429765023518,3.16609257897137
Train,3.31827101272817,3.31411618915548
Train,3.48415131556952,3.68780382087503
Train,3.6423315689734,3.71431318904903
Train,3.79363932600679,3.86069628278953
Train,3.93836736880642,3.92547701109495
Train,4.07693574886826,4.07905507330411
Train,4.20959600713684,4.23995484978164
Train,4.3369741436038,4.3823064754641
Train,4.45925625469796,4.46760462738352
Train,4.57662389961421,4.60251106724786
Train,4.68959485291794,4.69170640763139
Train,4.7983019584441,4.79915800960573
Train,4.9028766539762,4.87095694435316
Train,5.00375340276404,4.98643729203529
Train,2.12842946653502,2.15011685896654
Train,2.35910033691548,2.41410962770577
Train,2.57687133472544,2.59806067376693
Train,2.78239793936068,2.79150058639807
Train,2.97687224821104,2.97427261144442
Train,3.16134064482579,3.23370494602624
Train,3.33621728887425,3.3819703308713
Train,3.50255292155652,3.52725861995174
Train,3.66065175353165,3.73944042575319
Train,3.81125662124315,3.87381485904511
Train,3.95502734303515,4.000856676147
Train,4.09215241056984,4.14144684717399
Train,4.22320927731757,4.25906786860682
Train,4.34871384122617,4.3502657797057
Train,4.46877805243446,4.52610182186595
Train,4.58397180285985,4.6507099853118
Train,4.69437060253124,4.73721347496042
Train,4.80037074780407,4.86883340931335
Train,4.90232916285204,4.93477003170966
Train,5.00028173544128,4.95337766941691
Train,2.12784567274977,2.31643346288936
Train,2.35484616147948,2.37603469844021
Train,2.56933435091723,2.56944115605085
Train,2.7727449088423,2.7896709660373
Train,2.96571083793611,2.9049965049248
Train,3.14901646046436,3.21631776380279
Train,3.32318559480437,3.29144363638642
Train,3.48923491637245,3.49135804460908
Train,3.64755187676198,3.7235734808998
Train,3.79866429193418,3.94101223365076
Train,3.94290038097987,4.01105518402637
Train,4.08101095571973,4.18613443568944
Train,4.21323798880881,4.22333215570091
Train,4.3399495995671,4.44239428494101
Train,4.46135511794328,4.39449387369197
Train,4.57802802580031,4.71820332413956
Train,4.69012076815346,4.74036900918695
Train,4.7978978547793,4.84992253303698
Train,4.90149381316999,4.88527760285451
Train,5.00135907815631,4.95368318851093
Train,2.4198740384319,2.32033677569289
Train,2.50139218192443,2.47825888175343
Train,2.58136051570873,2.47040932108174
Train,2.65937707085773,2.34933506521093
Train,2.73572919864248,2.55609906999474
Train,2.8106827113128,2.75438841134254
Train,2.88385745996966,2.75675561028324
Train,2.95572391030835,2.98979718116033
Train,3.02591557102342,2.94366309019997
Train,3.09468565130097,3.14615886693974
Train,3.16226916336365,2.91761771309926
Train,3.22831884874349,3.04385110242208
Train,3.29307031720138,3.1995364823738
Train,3.35674265710888,3.21941337997401
Train,3.41900646226232,3.30804352123805
Train,3.48025586699971,3.47238469901154
Train,3.54017266275737,3.5071457607458
Train,3.59896700316905,3.56461452581111
Train,3.65683488080912,3.5260301738849
Train,3.7134738918094,3.53418869856283
Train,2.42854043178117,2.41638609264571
Train,2.53900746604855,2.60222765448036
Train,2.64680584840788,2.50909237570356
Train,2.75158750287432,2.90827571308377
Train,2.85369247863248,2.96531890413369
Train,2.95343247890253,2.91694156886152
Train,3.05047765717715,3.09396654771752
Train,3.14533553120596,3.20306232763898
Train,3.23768791127301,3.23321229772131
Train,3.32782285607784,3.39483981927509
Train,3.4160054702483,3.39750705247643
Train,3.50193425021025,3.52184091172368
Train,3.58587160353833,3.61923145823402
Train,3.6680595687953,3.60275871345465
Train,3.74821236356141,3.77291599310555
Train,3.82673594672038,3.79811079278998
Train,3.9033544889321,3.89032469641854
Train,3.97829469540439,3.92212413248748
Train,4.05176640483454,4.01765895288849
Train,4.12350793647515,4.00908686742759
Train,3.74139660136355,3.83795059085881
Train,3.82753447976949,3.86778830603275
Train,3.91080843698549,3.98885441436666
Train,3.99166296106769,3.97555962073656
Train,4.07005395917321,4.12177317665775
Train,4.14594912086399,4.17377740730647
Train,4.21974341463277,4.22448487559075
Train,4.29125251104537,4.38277253244884
Train,4.36084287761804,4.37403022873197
Train,4.42846289161257,4.49994175531052
Train,4.49407113470028,4.58120683585014
Train,4.55799682903202,4.54301423746849
Train,4.62018625108409,4.65359605857657
Train,4.68059501580697,4.70697132628426
Train,4.73952057163948,4.81976942399992
Train,4.79679997804304,4.83779283141797
Train,4.85271203185112,4.92684370762889
Train,4.907201961366,4.93664933486261
Train,4.96022304544931,4.94920063882217
Train,5.01202926980227,5.02568984810307
Train,2.88911557643573,2.98704684347114
Train,3.05962748130459,3.09481405684727
Train,3.22047308152307,3.17645113042471
Train,3.3720631289335,3.411335488638
Train,3.51554106395864,3.4939137498122
Train,3.65119283043496,3.75492062800681
Train,3.77997154483437,3.63880168632845
Train,3.90207275902964,3.91503822828261
Train,4.01830075138574,4.01698237352481
Train,4.12878494634839,4.16028016191487
Train,4.2342115099948,4.21131376789014
Train,4.33466110413301,4.3128292935369
Train,4.43072491929808,4.41557421601147
Train,4.52244744600113,4.51134248451796
Train,4.61034258453423,4.59026094084167
Train,4.69442789027478,4.74077161282968
Train,4.7751536771242,4.8185148183359
Train,4.85251740939255,4.80926579893672
Train,4.92691656631781,4.91192874588761
Train,4.99833363775753,5.00735995036221
Train,2.11698502778085,1.96353880073297
Train,2.34789472361745,2.29331782027497
Train,2.56563727722163,2.57708753652837
Train,2.77174753904404,2.74587750434161
Train,2.96671592425451,2.95163174227125
Train,3.15181768197495,3.11030269629192
Train,3.32740680896714,3.30457238653445
Train,3.4945559013555,3.45275797165141
Train,3.65351794601538,3.62262758642779
Train,3.80520503511604,3.78006366306335
Train,3.94979465214421,3.91949068731077
Train,4.08807009533258,4.04573511846583
Train,4.2201519681196,4.17846029907241
Train,4.3467189871561,4.27557265881356
Train,4.46784863765661,4.38379684149755
Train,4.58413379296975,4.51102015310869
Train,4.69561909861594,4.61487148539654
Train,4.80282626612044,4.73230325907429
Train,4.90577485144478,4.84941921795263
Train,5.00492703790887,4.92904074074605
Train,2.0285747208774,2.30809707290542
Train,2.34161043339605,2.50790192838739
Train,2.62161281605078,2.54933959050089
Train,2.87402753936587,2.8527033604802
Train,3.10230512409291,2.83736768412476
Train,3.3101459755133,3.24359033757309
Train,3.49981375741039,3.21675049583927
Train,3.67392536081534,3.75736442415777
Train,3.83401158731738,3.76305774315056
Train,3.98198565608937,3.70620138545796
Train,4.11890814455753,4.25194053703095
Train,4.2462177259299,4.12542213178817
Train,4.36466349270322,4.17115794347892
Train,4.47535367181874,4.16722552609555
Train,4.57882541247595,4.48000519995425
Train,4.67595040343839,4.57598449229572
Train,4.76711825971212,4.44368011670933
Train,4.85302723982855,4.71491851250469
Train,4.93396224152703,4.73446960337919
Train,5.01049165501075,4.70153090690267
Train,3.83998478964401,3.65411012595598
Train,3.91735431805658,3.87795875781247
Train,3.99249765536527,3.89943747722124
Train,4.06565404850459,4.00726807539104
Train,4.13661985190469,4.13991372442388
Train,4.20562825988225,4.18068220922474
Train,4.27275915477953,4.13165572875277
Train,4.338088130555,4.25362071859964
Train,4.40181279025241,4.35094080088591
Train,4.46374568120263,4.42921158552487
Train,4.52408056070796,4.50829621570556
Train,4.58287848958547,4.48782863869892
Train,4.64031110479769,4.687633043234
Train,4.69620341304164,4.67664761979763
Train,4.75072437417168,4.74705531292505
Train,4.80392384661809,4.76086858419093
Train,4.85584930079682,4.7696652921518
Train,4.90664655398535,4.82950312122865
Train,4.95615518841342,4.91235397586795
Train,5.00451933239256,4.96142630618831
Train,3.8413016720303,3.84606510221813
Train,3.91877116735842,3.88462888069606
Train,3.99385238120107,3.97627375300536
Train,4.06693453708367,4.09033408164163
Train,4.13795952610887,4.13832241406878
Train,4.20688026002873,4.20027894201921
Train,4.27404679753858,4.30056259775841
Train,4.33939923224341,4.35430165714938
Train,4.40288773185486,4.38188150875974
Train,4.4648288925544,4.4195238570292
Train,4.52516218105871,4.53400939446018
Train,4.58394940107347,4.5565417960214
Train,4.64113894360831,4.62407343192711
Train,4.69700986172568,4.66751399752381
Train,4.75150202410989,4.6981711249825
Train,4.80456347262778,4.80939581739015
Train,4.85644938898578,4.85592378025071
Train,4.90710056535766,4.87113375852429
Train,4.95646527679404,4.93118586566348
Train,5.004777820559,4.91725592754833
Train,2.53021971250433,2.82383518697159
Train,2.76895151406682,2.86953596333474
Train,2.98635448432316,3.0885184974159
Train,3.18553741246981,3.50446667742479
Train,3.36852679966304,3.52978998094722
Train,3.53706183927051,3.94162589177449
Train,3.69308345281889,3.86611419646306
Train,3.83766253096543,3.80916863231127
Train,3.97226711670387,4.16766722710624
Train,4.09777628737314,4.24611447139645
Train,4.21497087460185,4.31703491278409
Train,4.32485850597542,4.37008211984369
Train,4.42800401903014,4.47910254526414
Train,4.52491743115182,4.55898914632433
Train,4.61632041254969,4.6513692948411
Train,4.70250591207801,4.7839653967594
Train,4.78406325604814,4.81359766126231
Train,4.86128191328156,4.89440082968513
Train,4.93442940909931,4.93156165288401
Train,5.00395183231247,4.97752428985137
Train,2.1256789941219,2.18124343551527
Train,2.34147672774837,2.41889644054781
Train,2.54717971470107,2.63720953014646
Train,2.74388678450879,2.77471119609752
Train,2.93198044309296,2.97239208545586
Train,3.11201431559259,3.16283240497602
Train,3.28431688145789,3.32400977344505
Train,3.44971829454415,3.47240637513776
Train,3.60846017031838,3.66117749106147
Train,3.76093676996648,3.86196606607973
Train,3.90735972793643,3.97633528780339
Train,4.04837509909494,4.07423299315984
Train,4.18413580889384,4.19014729091978
Train,4.31493019219789,4.31503629225264
Train,4.44089482707496,4.42912572704141
Train,4.56254510741394,4.56999721458417
Train,4.67997665125368,4.68517345546825
Train,4.79340517192868,4.77105976105059
Train,4.90291785763055,4.91682897053281
Train,5.00893455248677,4.97955341495009
Train,2.12234235156832,2.44568609759608
Train,2.33432837449666,2.0550396090544
Train,2.53734969957332,2.69633677517464
Train,2.73155234538943,2.84398907696519
Train,2.9176952191061,3.16782082257773
Train,3.09645878478206,3.25281597046611
Train,3.26791011726104,3.23487022014938
Train,3.4326630441845,3.67351919343729
Train,3.59127041195518,3.60818184026571
Train,3.74374640473846,3.72108324347445
Train,3.89059522592537,4.06860606325089
Train,4.03212274015086,4.15526947860282
Train,4.16875781139799,4.32853577014754
Train,4.30047010063914,4.27398908096387
Train,4.42765571561123,4.54873779376371
Train,4.55067453693822,4.58522610966593
Train,4.66947550784439,4.7144565976356
Train,4.78439377206992,4.76558417405217
Train,4.89573479151293,4.8680657548067
Train,5.00343392980118,4.9894025440053
Train,2.12151842484861,2.28865340604026
Train,2.3483905995244,2.51083607137745
Train,2.56309847992403,2.73120458156835
Train,2.76659484975689,2.933522741258
Train,2.95991426868961,3.10736689349441
Train,3.14346135033684,3.26406858113958
Train,3.31812044395086,3.42621502822565
Train,3.48452186933008,3.52786840979318
Train,3.64323772118086,3.68873466312228
Train,3.79478844046019,3.86360864892399
Train,3.9397830447989,3.91469360287389
Train,4.07838022499195,4.09669006078004
Train,4.21111745932066,4.24792088342659
Train,4.33835869524785,4.44430974493078
Train,4.46043835296429,4.49741894800416
Train,4.57766426031683,4.56562389431046
Train,4.69042514292907,4.68827616363506
Train,4.79876935204435,4.80851044648404
Train,4.90304843110461,4.90515436254371
Train,5.00348695564886,5.01587664390798
Train,1.50644750280794,1.90132568665854
Train,1.62208970787843,1.62064496789867
Train,1.73435267572872,1.73049869695511
Train,1.84338239289296,1.69729487448236
Train,1.94931655625397,2.11515644328893
Train,2.05253769994081,2.15234387876058
Train,2.15265661642001,2.18671724778823
Train,2.25004917866215,2.17028892312585
Train,2.34482525345006,2.44882058523159
Train,2.43708888258762,2.46925644643466
Train,2.52693866388988,2.60028094956635
Train,2.61446810265634,2.47575556844235
Train,2.6997659362613,2.75994348316523
Train,2.78291643422989,2.68876483962213
Train,2.86399967593308,2.8394596265329
Train,2.9432861327958,2.82791933973887
Train,3.02045492155443,3.04899321866722
Train,3.09577419901031,3.0912975375073
Train,3.16930966890538,3.13331490772131
Train,3.24112395924308,3.25201139817811
Train,2.11507480032924,2.38577596939988
Train,2.28057692284563,2.41791340427843
Train,2.43949489392366,2.64594004794614
Train,2.59249640756329,2.7433794964496
Train,2.73963347605055,2.93821052956684
Train,2.8814990106399,2.96356003575013
Train,3.0181182667804,3.18476137646343
Train,3.15002081423819,3.43622759673104
Train,3.2773288183394,3.45829861999017
Train,3.40016443968929,3.55312753184047
Train,3.51897912727278,3.69019518553173
Train,3.63375421639971,3.85959319924252
Train,3.74489804107146,3.90562382728485
Train,3.85248042892122,4.09273716494502
Train,3.95657330072061,4.223845844092
Train,4.05753077339021,4.11212623175767
Train,4.15531078314181,4.3358137242001
Train,4.25023697135582,4.26070247407615
Train,4.34226146635304,4.36589012171066
Train,4.43168113773658,4.49401055495376
Train,-2.35092337062336,-2.36107517831354
Train,-2.12971461454833,-2.17339744309824
Train,-1.91459454437282,-1.87384504698365
Train,-1.70531518963749,-1.62894036847625
Train,-1.50164186480364,-1.542477351552
Train,-1.30335229134357,-1.22981343196043
Train,-1.1102357885409,-1.19472034624538
Train,-0.922092526807722,-0.949069879987579
Train,-0.738732837955355,-0.717276964428857
Train,-0.55997657741414,-0.495391240903463
Train,-0.385243607971775,-0.415176811816761
Train,-0.21519891008935,-0.261627061477916
Train,-0.0492682992833693,-0.0426262525093339
Train,0.112695745142354,0.0560846207444785
Train,0.270833774232827,0.38965229143795
Train,0.425279776180655,0.398629032277863
Train,0.576161554961111,0.587337061255236
Train,0.723601083052447,0.767221370206532
Train,0.867714830287349,0.748069911621618
Train,1.00861407069894,1.05342507180066
Train,2.82455408199376,2.55132353947393
Train,2.98964563638818,2.76899308387031
Train,3.14673665638075,2.82308110801602
Train,3.29673425362447,3.13414576224886
Train,3.43994580343475,3.25705098476408
Train,3.57666653071268,3.46497509562647
Train,3.7076246190961,3.55383832599618
Train,3.83289215517622,3.62960240621918
Train,3.95310475024759,3.93173803232654
Train,4.06843118382072,4.01692662570439
Train,4.17903766857006,4.14622124921726
Train,4.28544974735908,4.29200298404873
Train,4.38778506079614,4.40764999272824
Train,4.48616150289017,4.52117199291314
Train,4.5810200400195,4.61669011889798
Train,4.67233784312079,4.67139499995246
Train,4.76051006172916,4.73997271346497
Train,4.84559943555379,4.82363471340021
Train,4.92767129396024,4.91666021240015
Train,5.00706408970801,4.98124851554708
Train,2.12639289157931,1.95617139310488
Train,2.34908337291617,2.34975875767138
Train,2.56031288618356,2.44468143128347
Train,2.76134265872727,2.75815536334659
Train,2.9527037789803,2.8875414425248
Train,3.13489622142483,3.02524118832267
Train,3.30890919060546,3.16872440670216
Train,3.47495058616417,3.48829536147322
Train,3.63387193050624,3.66843292883065
Train,3.78596994998897,3.75129913877146
Train,3.93152973800508,3.91750226534428
Train,4.07124221730126,4.05775025457289
Train,4.20531894425078,4.10265133632467
Train,4.33396576648384,4.36777058077526
Train,4.45775278579726,4.45468617982439
Train,4.57671242593098,4.60978962755097
Train,4.69135039128198,4.53815253476564
Train,4.80178752794454,4.78733186569676
Train,4.90814422853262,4.89875746831767
Train,5.01084765387236,4.96070342817967
Train,2.12007856582921,2.32373422887709
Train,2.34243320221836,2.69768508786473
Train,2.55358639444492,2.73203423917033
Train,2.75436378016118,2.89980832997033
Train,2.94551180118739,3.05572817104369
Train,3.1278793841406,3.11612160835479
Train,3.30172851121384,3.25339221406372
Train,3.46779950793909,3.51235776062308
Train,3.62660295094828,3.56087409913252
Train,3.77860568630502,3.80135903953611
Train,3.92423541322608,3.90626755819477
Train,4.06388470309687,4.07412873735123
Train,4.19791453331384,4.17114540171799
Train,4.32665740293744,4.34978113335155
Train,4.45042008677481,4.42278534817209
Train,4.56959925868044,4.60762417874077
Train,4.68422675243362,4.68828210839176
Train,4.79466334310539,4.80926341165943
Train,4.9011347404128,4.88733678889338
Train,5.00385073183236,5.06080411385985
Train,1.82145424255091,1.8214352118084
Train,1.9003363174597,1.91040613378702
Train,1.9776991889143,1.97979940784513
Train,2.05402941585559,2.06108452809875
Train,2.12890966337589,2.11372289458871
Train,2.2028098984058,2.22449562254087
Train,2.27532513644714,2.24160687907924
Train,2.34690959879145,2.34535823344126
Train,2.41717012809494,2.3989463262411
Train,2.48654598917055,2.5201390236984
Train,2.55465535654564,2.57371601485001
Train,2.6219232752941,2.62454131679543
Train,2.68797878276292,2.64940014989605
Train,2.75323339291977,2.73794488912884
Train,2.81732656148809,2.82547879667665
Train,2.88065691574832,2.89247597244005
Train,2.94287390845139,2.92346956620602
Train,3.00436388391471,3.01071889387606
Train,3.06478589225009,3.12997204910815
Train,3.12451456102766,3.08980123945017
Train,1.81901523993668,1.85173849227328
Train,1.89812677768063,1.93228605251453
Train,1.97571171263014,2.02605912637737
Train,2.052270255216,2.09236520201208
Train,2.12737149670813,2.14503229571167
Train,2.20149866077354,2.19680168811897
Train,2.27423359221494,2.2412061412666
Train,2.346043390677,2.32246497569799
Train,2.41673337978685,2.37290786356335
Train,2.4861215404836,2.46877856756412
Train,2.55465226736227,2.53538064003028
Train,2.62193699294537,2.59617179559263
Train,2.68840590162665,2.64882735185563
Train,2.75387713510043,2.66773503543633
Train,2.81818016630319,2.78230928913212
Train,2.88172511531986,2.80078518899674
Train,2.94415004660397,2.90872976203287
Train,3.00585248984949,2.97192136931731
Train,3.06648041642699,2.98142427660559
Train,3.12641934376298,2.9616577077069
Train,-0.008591696,-0.0264461630351891
Train,-0.595243713,-0.572774722616459
Train,-1.172871245,-1.10111116599368
Train,-1.741680939,-1.70082831153206
Train,-2.301873179,-2.27093639597177
Train,-2.853642325,-2.83779936753321
Train,-3.397176934,-3.38085944359736
Train,-3.932659979,-3.9296974969365
Train,-4.460269049,-4.47055975702904
Train,-4.980176551,-4.99424687512275
Train,-5.492549894,-5.51754027433292
Train,-5.997551669,-6.01734518525379
Train,-6.495339825,-6.52990392788034
Train,-6.986067826,-7.0216428417311
Train,-7.469884819,-7.46446306922615
Train,-7.946935775,-7.9398355618735
Train,-8.417361639,-8.44431700979709
Train,-8.881299472,-8.9148266949032
Train,-9.338882575,-9.35544844673509
Train,-9.790240625,-9.55654810222645
Train,0.304775769,0.124751749130225
Train,-0.306968618,-0.249900651239465
Train,-0.895768706,-0.972966649606778
Train,-1.46289157,-1.46313651015161
Train,-2.009512672,-1.94155711385721
Train,-2.536723998,-2.6537679655728
Train,-3.045541335,-2.85966052708615
Train,-3.536910807,-3.55587048534102
Train,-4.011714742,-3.9968641732718
Train,-4.470776965,-4.24107464055099
Train,-4.914867564,-4.91343326604364
Train,-5.344707203,-5.33372226959287
Train,-5.760971024,-5.62639105156119
Train,-6.164292185,-6.11259197854909
Train,-6.555265073,-6.28177840606373
Train,-6.93444823,-7.12672826637392
Train,-7.30236701,-7.13480692584211
Train,-7.659516014,-7.67105884149562
Train,-8.0063613,-7.94129626221209
Train,-8.343342422,-8.15824897117453
