Dataset,log10(VaporPressure)[Pa],PredictedValues
Train,3.98175463770349,3.98150867115726
Train,4.04932305858101,4.04876122561724
Train,4.11477137842338,4.11459824759104
Train,4.17860035723072,4.17862479173102
Train,4.24067221089411,4.240649672784
Train,4.30086758489531,4.29984062990729
Train,4.35964114957729,4.35942952008923
Train,4.4166798729731,4.41680182554665
Train,4.4724112241305,4.47200998908369
Train,4.52670703628025,4.52661371230985
Train,4.57945461972669,4.57913533440628
Train,4.63104506247912,4.6309823844698
Train,4.68135601189175,4.68128123980127
Train,4.73027910181263,4.7301946440052
Train,4.77817357460061,4.7780422155405
Train,4.82477472651115,4.8245375896674
Train,4.87042273192382,4.87035115704006
Train,4.9150046382442,4.91490553513703
Train,4.95841937623246,4.9580495892212
Train,5.00098128055359,5.00046956682684
Train,4.30010560133218,4.29978432687064
Train,4.34427184483812,4.34445590393856
Train,4.38778768455022,4.38773292473459
Train,4.43030624680307,4.43024760762855
Train,4.47203699184417,4.47200477226944
Train,4.51317506335072,4.51307525315363
Train,4.55339132856532,4.55339486951129
Train,4.59304985209152,4.5927826474901
Train,4.63183261108566,4.63207717849745
Train,4.66992863791146,4.66967635613555
Train,4.70751454903432,4.7074832718899
Train,4.74428797613294,4.74430692827686
Train,4.78042712158626,4.78024075863728
Train,4.81609875182695,4.8160865838817
Train,4.85101505180784,4.85096345376471
Train,4.88548978014872,4.88557732430197
Train,4.9192442673934,4.91920749984131
Train,4.9524406518283,4.95219821461386
Train,4.98523105115627,4.98512556539948
Train,5.01734972614166,5.01724180537314
Train,2.40723462755712,2.40718092126886
Train,2.56513503874003,2.56464786251213
Train,2.71499584705765,2.71499116073319
Train,2.85809116491507,2.85772542513512
Train,2.99422238692747,2.99439087178506
Train,3.1245013548171,3.1245964914204
Train,3.24870689808873,3.24858206430416
Train,3.36781737092902,3.36777348196831
Train,3.48186872181456,3.48202496116287
Train,3.59091739404102,3.59089147488667
Train,3.6957820955895,3.69546969294438
Train,3.79622041181391,3.79622583063301
Train,3.89296534689602,3.89318035994272
Train,3.98599522177954,3.9861632885688
Train,4.0753073026763,4.07517027326397
Train,4.16152919933199,4.16162686345098
Train,4.24442277125436,4.24574144041671
Train,4.3245575718585,4.32458329404468
Train,4.40170049422835,4.40152232267061
Train,4.47637078102655,4.47669956598762
Train,4.10463697882894,4.10488442332472
Train,4.17074900920869,4.17048713964103
Train,4.23497660616162,4.23503069875754
Train,4.29770749095443,4.29775082385508
Train,4.35884230168902,4.35880858098783
Train,4.41844118701092,4.41875850967838
Train,4.47641816646144,4.47610802979627
Train,4.53311737727362,4.53298342170402
Train,4.58844379215196,4.5888905951867
Train,4.64244667175736,4.64222290235976
Train,4.695043011095,4.69505248287743
Train,4.74654044024681,4.74661329166324
Train,4.79684857287659,4.79692324630222
Train,4.84600813762163,4.84591071475941
Train,4.89393954830248,4.89390356382341
Train,4.94091954065217,4.94075135159478
Train,4.98686243565959,4.9871863889942
Train,5.03180219976478,5.03174675708564
Train,5.07566286465291,5.07546143842693
Train,5.1186947810147,5.1187742437348
Train,2.12634095170165,2.12819118163956
Train,2.34917905981492,2.35001961242773
Train,2.56035803075609,2.56140300167028
Train,2.76139026157764,2.76284290887849
Train,2.95239751108316,2.95348842383142
Train,3.13467488148997,3.13714660237946
Train,3.3082685004719,3.30892373168547
Train,3.47429827157139,3.47553597256701
Train,3.63275550535709,3.63492796919207
Train,3.78461713835079,3.78659376547676
Train,3.92983478763237,3.93071805218946
Train,4.06926744332494,4.0702251233092
Train,4.20283811938457,4.20334400251078
Train,4.33130752773176,4.33270225576541
Train,4.45457827495476,4.4556624982507
Train,4.57332843424736,4.57403932679745
Train,4.68744629981927,4.68841403684526
Train,4.79753987412685,4.79805235989402
Train,4.90348769403999,4.90395652630654
Train,5.00583788977193,5.00603798678497
Train,2.88046290086084,2.88209905479663
Train,3.04228836074974,3.04417084637387
Train,3.19628974068213,3.19803520436957
Train,3.34302107544689,3.34301504171318
Train,3.4832325498699,3.48423224468189
Train,3.61687622512777,3.618232528493
Train,3.74462833676121,3.74572419075044
Train,3.86687006926299,3.86733899058457
Train,3.98395041779922,3.9854817404214
Train,4.09618951576602,4.09705921085903
Train,4.20407234771843,4.20425567401145
Train,4.30748066459877,4.30802791170728
Train,4.40686293198251,4.40763649761053
Train,4.50244978259969,4.50209418456129
Train,4.59445456348642,4.59481817135682
Train,4.68307492563127,4.68318430455851
Train,4.76864591200637,4.76893413610574
Train,4.85102920804275,4.85081473488986
Train,4.93054057642846,4.93087210655646
Train,5.00732761990619,5.00726487031846
Train,4.27199914054099,4.27100433790141
Train,4.31623598492297,4.31559884056598
Train,4.35964691208702,4.36000019981455
Train,4.40207129247597,4.40220209926009
Train,4.44390164282583,4.44282594820232
Train,4.48497225214198,4.48520229294921
Train,4.52530363227296,4.5248428038384
Train,4.56491556326831,4.56378617152806
Train,4.60365943419434,4.60363909618585
Train,4.64189196601387,4.64052639010427
Train,4.67946023719595,4.6792731468502
Train,4.71638141017,4.7148279400939
Train,4.75251561722666,4.75237676690098
Train,4.78819439904288,4.78801257928069
Train,4.82327408468699,4.82337632713384
Train,4.85776963800905,4.85620832902462
Train,4.89169552863041,4.89153132341964
Train,4.9249218473152,4.92406895921863
Train,4.95775227308045,4.95749583714415
Train,4.99005362107623,4.98884870512786
Train,3.09879131504472,3.10021500276795
Train,3.20688447920261,3.20788866661756
Train,3.31154306993914,3.31219881566368
Train,3.41246156356073,3.4121598402738
Train,3.51006148459059,3.51072464993548
Train,3.60472197691417,3.60502157448844
Train,3.69615073797291,3.69603579820058
Train,3.78471441620538,3.78552914601158
Train,3.87074397403632,3.87119630106293
Train,3.95396123584687,3.95427653703595
Train,4.03468789935892,4.03486487648478
Train,4.11303412722585,4.11349125274319
Train,4.18927964615201,4.18922237985313
Train,4.26316533524953,4.26366748489614
Train,4.33496466732952,4.33493385309566
Train,4.40492634634553,4.40535786327275
Train,4.47280519298641,4.47287364089212
Train,4.5388452472855,4.53892886028321
Train,4.60326908747275,4.60396154586405
Train,4.66584492516523,4.6659432458087
Train,3.96385879113756,3.9642144048798
Train,4.03116913998356,4.03191194685269
Train,4.09679254901116,4.09722401003429
Train,4.16097275339707,4.16067883280092
Train,4.22340271714688,4.22371332480466
Train,4.28432479424751,4.28452409082906
Train,4.34379296336818,4.34440751240071
Train,4.40185865715212,4.40248357437805
Train,4.45873151067894,4.45672914426835
Train,4.51413342027608,4.51426654133146
Train,4.56827343444891,4.56777217688778
Train,4.62119418122334,4.62147917241905
Train,4.6730829929364,4.67183335303567
Train,4.72368238792407,4.72441546727318
Train,4.77317952343501,4.77169120512808
Train,4.82161002889709,4.82168292450443
Train,4.86900801452666,4.86850663779568
Train,4.91553769119185,4.91505365867125
Train,4.96096455506777,4.95710346193456
Train,5.00545297515671,5.00512610975215
Train,2.12788403567532,2.12781212558114
Train,2.36819302921465,2.36778923096448
Train,2.59329395614837,2.59272655087779
Train,2.80429609638261,2.80376104025031
Train,3.00302950148803,3.00259893614355
Train,3.19027589677673,3.18988836815286
Train,3.36700325018103,3.36679898875633
Train,3.53407374488209,3.53360194831624
Train,3.69203973961787,3.69138265245274
Train,3.8420392282288,3.84159507371511
Train,3.98446298509171,3.98392545712272
Train,4.11987079334068,4.11934444158714
Train,4.24859041874655,4.24816125774686
Train,4.37144496325803,4.37110098451136
Train,4.4886637951177,4.48846475738696
Train,4.60062601017576,4.60010308540868
Train,4.70767744922746,4.707333086347
Train,4.80999225329507,4.80977695110009
Train,4.90814993845898,4.90809998759334
Train,5.00226797724252,5.00205125811734
Train,2.45586800616354,2.45708101548797
Train,2.57251913549492,2.5728031833259
Train,2.68671202655411,2.68677232848979
Train,2.79803906105356,2.79778381462892
Train,2.90684243391766,2.90868295223898
Train,3.0132069963619,3.01323620511308
Train,3.11743988539512,3.11797775840243
Train,3.21916161152615,3.21943975211188
Train,3.31867748144247,3.31867297645321
Train,3.41605847717184,3.41689976494439
Train,3.51157982113161,3.51144282548205
Train,3.60488779021973,3.60609029868564
Train,3.69625650938333,3.69570747718153
Train,3.78574581293894,3.78604678247804
Train,3.87360380836359,3.87348941581154
Train,3.95950033618228,3.95908245437412
Train,4.04368293011242,4.04392069210022
Train,4.12620238181459,4.12610021094702
Train,4.20728356602196,4.207433258718
Train,4.28661786079396,4.28660763307268
Train,2.12510320565132,2.12557950293537
Train,2.36450590744654,2.36467291977868
Train,2.5892783729484,2.58935481590007
Train,2.80015256765738,2.80029343476806
Train,2.99891425619126,2.99911895748284
Train,3.1860716610347,3.18625776029108
Train,3.3630898001018,3.36314725854177
Train,3.53031782869707,3.53094982894453
Train,3.68897477126427,3.68948291470329
Train,3.83929528336276,3.83932533375779
Train,3.98230653579164,3.98244977553044
Train,4.11815993437227,4.11832071819992
Train,4.24773075530079,4.24759993541289
Train,4.37110940301977,4.37084599861325
Train,4.48904925728639,4.48880682911988
Train,4.60159577372393,4.60214687672136
Train,4.70940330455624,4.70854549149785
Train,4.8124840750195,4.81268508251466
Train,4.91141108866208,4.91172336701458
Train,5.00617198264477,5.00566330120123
Train,4.41854245835269,4.41803957985788
Train,4.45312992100964,4.4533408947206
Train,4.48741672547849,4.48742609581043
Train,4.52110957024481,4.5210523972258
Train,4.55436901596237,4.55437540265703
Train,4.58734772379609,4.58748928179781
Train,4.61976325975854,4.6196555383604
Train,4.65176973147504,4.65188556733061
Train,4.68351379848467,4.68335035236093
Train,4.71472330752752,4.71445257295826
Train,4.74554629886374,4.74563328731109
Train,4.77598990861288,4.77597146356636
Train,4.80619333922419,4.8063759782181
Train,4.83589729811518,4.83596412503452
Train,4.86524228622075,4.86516402316009
Train,4.89436228311218,4.89437695686694
Train,4.92300706156931,4.922798598782
Train,4.95131184176319,4.95145722116531
Train,4.97940567258973,4.97945791865589
Train,5.00704692919741,5.0065953869675
Train,2.12870689177883,2.12873029812351
Train,2.35840003678672,2.35829632904437
Train,2.57506222723586,2.57524697433578
Train,2.78026925143138,2.78015608108638
Train,2.97443371611683,2.97490644891988
Train,3.15887135126489,3.15906628603317
Train,3.33386880351584,3.33423090392394
Train,3.50053789724489,3.50061556925535
Train,3.6592657938012,3.65952604046612
Train,3.81042252309549,3.81096637515905
Train,3.95488893636085,3.95531504022511
Train,4.09276268893165,4.09331131167799
Train,4.22480683422564,4.22615696196393
Train,4.351228887892,4.35173329522234
Train,4.47223250935706,4.47331394328136
Train,4.58844237165059,4.58935929699736
Train,4.69986492072681,4.70040284730139
Train,4.80705183205883,4.80793964950233
Train,4.90998781878905,4.91048092270835
Train,5.00916328085571,5.00902429382585
Train,2.12358485252895,2.12403536334526
Train,2.35687510462215,2.35658228663034
Train,2.57630097507879,2.57623539190012
Train,2.7835463975625,2.78419101483814
Train,2.97914002944791,2.97949163991466
Train,3.16447083208418,3.16511267509302
Train,3.33991431861208,3.34055684190971
Train,3.50663138991981,3.50791501478672
Train,3.66507127915407,3.66706215905493
Train,3.81565865143579,3.81662604032456
Train,3.95930000469031,3.95981362020928
Train,4.09614307690385,4.09696424720231
Train,4.22696645354881,4.22909435870099
Train,4.35201155667451,4.3531084155834
Train,4.47151224480521,4.47308674184469
Train,4.58609866651922,4.58808108838894
Train,4.69580904864332,4.69635452986439
Train,4.80119612694177,4.80144526057169
Train,4.90227187880251,4.90240235182818
Train,4.99952458775658,4.99948361055047
Train,3.54158992248062,3.54312560113778
Train,3.64932670739794,3.64917867377628
Train,3.75211986612313,3.75162533099714
Train,3.85070847423054,3.852180729619
Train,3.94514966718438,3.94556111097758
Train,4.03551265646732,4.03643051459685
Train,4.12241475598331,4.12329792823189
Train,4.20587791784939,4.20603037626937
Train,4.28593634000573,4.28723016746752
Train,4.36311315704935,4.36397966812347
Train,4.43740690585964,4.43734771805465
Train,4.50897617693706,4.50883443171561
Train,4.57782520133718,4.57759392827002
Train,4.64438162176282,4.64462502623288
Train,4.70862447931945,4.7084817296955
Train,4.77054367453595,4.77056982780246
Train,4.83051144087317,4.83020172686468
Train,4.88849790715506,4.88828122963184
Train,4.94448323047384,4.94422562291025
Train,4.99879439946019,4.99850533071319
Train,2.96861348794602,2.96842922339944
Train,3.12006243081936,3.12015780129485
Train,3.26476624008512,3.26465607124751
Train,3.40266121368909,3.40264735573183
Train,3.53445711150059,3.53474115882731
Train,3.66054982043774,3.65982625071453
Train,3.78152260636192,3.78160580949623
Train,3.89725686105017,3.8972639023397
Train,4.00828840077774,4.00840847003082
Train,4.11489815131868,4.11482471877057
Train,4.21753284398514,4.21713363941808
Train,4.31604901785331,4.31596330060854
Train,4.41086311100029,4.41117066663545
Train,4.50217995229034,4.50206620537627
Train,4.59035105331564,4.59049252073808
Train,4.67522415541327,4.6752141925568
Train,4.75713090727361,4.75675896135325
Train,4.83622415071686,4.83612811978278
Train,4.91278683353426,4.91299775109754
Train,4.9866665259708,4.98658915802118
Train,3.73112152025016,3.73116385434554
Train,3.78505566398762,3.78503735825493
Train,3.83767877916289,3.83746658255708
Train,3.88948073095055,3.88944773535365
Train,3.94004384196557,3.93994290727412
Train,3.98983758678971,3.98994008452924
Train,4.03845933128003,4.03873362317086
Train,4.08635942430598,4.08613333051075
Train,4.13335100761955,4.13350498361429
Train,4.17926194807307,4.17917758523899
Train,4.22451603560118,4.22447240337626
Train,4.26874498367226,4.26881532166358
Train,4.31235618914258,4.31245967559898
Train,4.3551776152622,4.35524559654369
Train,4.39705010271392,4.39705082060195
Train,4.43835819269686,4.43789891135642
Train,4.47876383934296,4.47855476524922
Train,4.51863742212504,4.51870480666924
Train,4.55765197739223,4.55768034553102
Train,4.59616450056517,4.59605871111978
Train,3.37596356618039,3.37618741402899
Train,3.43385252019318,3.43376217941481
Train,3.49038089165988,3.49023754186031
Train,3.54607214981692,3.54599002802264
Train,3.60070894756255,3.60101847694469
Train,3.65409103245976,3.6540988397385
Train,3.70671106027392,3.70629659222615
Train,3.75814070601598,3.75839055476963
Train,3.80885360351466,3.80898908768773
Train,3.85864962627429,3.85878734209728
Train,3.9073436005585,3.90762140177742
Train,3.95538263564551,3.95564596527575
Train,4.0025760387495,4.00238199250778
Train,4.04874695189893,4.04891604349467
Train,4.09431815382023,4.09439615608074
Train,4.13891553375531,4.13910914720358
Train,4.18294676083556,4.18298876627466
Train,4.22623552293009,4.22607211182878
Train,4.26861771268798,4.26864159085577
Train,4.31047981209282,4.31066543755917
Train,3.80648744678725,3.80814363631623
Train,3.88817414648541,3.88952805034386
Train,3.9673419079164,3.96899186254871
Train,4.04410547507773,4.04560434624577
Train,4.11857272703358,4.11971220419724
Train,4.19084518374526,4.19178427647597
Train,4.2610184678258,4.26166520108167
Train,4.32918272663514,4.33083528793037
Train,4.39542301863376,4.39651714665432
Train,4.4598196674767,4.46056655002936
Train,4.52229338230476,4.52327894868848
Train,4.58323054925241,4.58481228148921
Train,4.64253958882269,4.64328293581444
Train,4.70028489160498,4.7013814346969
Train,4.75652749693512,4.75735516740293
Train,4.81132530811805,4.81192834552726
Train,4.86473329127436,4.86520739075623
Train,4.91680365924644,4.91717980311282
Train,4.96758604185765,4.9673897509069
Train,5.01712764369139,5.01698011213207
Train,3.95502014602191,3.95481321753891
Train,4.02500081959128,4.02451304161847
Train,4.09305442226825,4.0928188506327
Train,4.15907340829941,4.15768849890516
Train,4.2235091680474,4.22247385750994
Train,4.28624086887074,4.28604821423828
Train,4.34733522654095,4.34719491372807
Train,4.40685551903343,4.40614823975976
Train,4.46469864100186,4.4645885752616
Train,4.52125203507968,4.52142321137327
Train,4.57640252576081,4.57594197096414
Train,4.63020167561379,4.6299812558908
Train,4.68255079228133,4.68206202941536
Train,4.73379562519591,4.73299811461557
Train,4.78382929000936,4.78335883397489
Train,4.83269422403237,4.83188146674019
Train,4.88043090488689,4.87943402428127
Train,4.92694657720347,4.92622118784523
Train,4.9725438458373,4.97145342770458
Train,5.01712351890589,5.016396475884
Train,4.29841779401732,4.29815271966867
Train,4.37576636230952,4.37686704042186
Train,4.45075305317021,4.45026476830085
Train,4.5231857571375,4.52325300657655
Train,4.5933367703075,4.59298040457728
Train,4.66131223366984,4.66119217546405
Train,4.72734756112364,4.72736351452983
Train,4.79126085126198,4.79150012545742
Train,4.85328020296701,4.85313548895833
Train,4.9134885715682,4.91326459465753
Train,4.97208470727067,4.97216157742623
Train,5.02889781816455,5.02867942749592
Train,5.08412163022613,5.08417603744174
Train,5.13782191247937,5.13760166739208
Train,5.19016865083657,5.19024267152828
Train,5.24100222806338,5.24074488155843
Train,5.29048916075971,5.29052695347068
Train,5.33868226082581,5.33856672410182
Train,5.38572856464135,5.38579830734156
Train,5.43147925079419,5.43133784867617
Train,3.80634689857586,3.80663307373834
Train,3.88818389374431,3.88866702664256
Train,3.96747550726277,3.96770231042474
Train,4.04433867437772,4.04401570542559
Train,4.11888327566754,4.11919978708263
Train,4.19121266114529,4.19162920322821
Train,4.26142412832175,4.26159084309461
Train,4.32960935887922,4.32968349943355
Train,4.39585481807703,4.39615052828841
Train,4.46024212054759,4.46029429543411
Train,4.52300872452169,4.52310677716283
Train,4.58390245932309,4.5842043630636
Train,4.64315717150108,4.64367351203527
Train,4.70083815648239,4.70086432263638
Train,4.75700728682593,4.75720928843386
Train,4.81172323361019,4.81192102752325
Train,4.86504167085719,4.86509816536142
Train,4.91701546449018,4.91709289614852
Train,4.96769484717344,4.96739053093869
Train,5.01712758024944,5.01711736767876
Train,2.12720289941401,2.12727618569244
Train,2.36895047556817,2.36846116803478
Train,2.59548052387839,2.59566698823473
Train,2.80765710218812,2.80722424094187
Train,3.00729918255065,3.00728311558278
Train,3.19501675556925,3.19470519423729
Train,3.37228899382507,3.37059570829729
Train,3.53954566493507,3.53812556752234
Train,3.69780982440076,3.696885169541
Train,3.847975427811,3.84742469904781
Train,3.99029174654648,3.98963130455758
Train,4.12569721510124,4.12491499967904
Train,4.25436026838331,4.25395135545316
Train,4.37692578806624,4.37602234752653
Train,4.49396396148388,4.49333205160493
Train,4.60555980148241,4.60487579079702
Train,4.71235215167378,4.71170824258146
Train,4.81438775880535,4.81355039551375
Train,4.91222314216942,4.91174170422489
Train,5.0058764458363,5.00440055631959
Train,2.12577628543865,2.12527027949993
Train,2.35910542133341,2.35844349455679
Train,2.57855324877811,2.57892706888291
Train,2.78578953414083,2.78599307804786
Train,2.98136385622422,2.98027755006059
Train,3.16665168472096,3.16565668279573
Train,3.34204667520501,3.34238985960122
Train,3.50869701698244,3.50827133973621
Train,3.66706131847468,3.66585992079609
Train,3.81757200684407,3.81609617257725
Train,3.96112407600752,3.95873582927383
Train,4.09787862599108,4.09438338529029
Train,4.22860351212244,4.22132156459603
Train,4.35354693058741,4.34826372065963
Train,4.4729484448728,4.45986313193564
Train,4.58742855121314,4.58264252122648
Train,4.69703584038648,4.69160400327638
Train,4.80231404988286,4.79985818545659
Train,4.90328461943615,4.90162003487982
Train,5.00042743712401,4.9984485708082
Train,2.1252327531892,2.12802472068524
Train,2.35262959634089,2.35619874640831
Train,2.56774878669824,2.57303563762606
Train,2.77155853240541,2.78445773572885
Train,2.96511758587159,2.96920034573875
Train,3.14881931227696,3.15188071815808
Train,3.32356945527173,3.32504331239585
Train,3.49000675358271,3.49072380115483
Train,3.64871058829585,3.64872876255161
Train,3.8002077213954,3.8007848997885
Train,3.94512068778491,3.94450987941449
Train,4.08359654600292,4.08373718714411
Train,4.21618537723349,4.21662956700472
Train,4.34325478055089,4.34363288711482
Train,4.46514237411475,4.46481907720033
Train,4.5821587906009,4.58269205252003
Train,4.69470132429505,4.69498896097534
Train,4.80280802993744,4.80273496683979
Train,4.90683873015391,4.90683679353224
Train,5.00701967939389,5.00670438569375
Train,2.12563825515184,2.12615469766569
Train,2.35957580661594,2.35965064604791
Train,2.58003484437923,2.58024099915036
Train,2.78760067177418,2.78789912103373
Train,2.98388817134336,2.98370387648306
Train,3.16930290688473,3.16951126425586
Train,3.34518694965435,3.34549831922175
Train,3.51181632770522,3.51209094574432
Train,3.67011147006798,3.6701573036991
Train,3.82088143765786,3.8203825217538
Train,3.96427068415346,3.96425751607645
Train,4.10116975320082,4.10056448205939
Train,4.23166360433955,4.23188784872699
Train,4.35635636626489,4.35600754481752
Train,4.47578455163636,4.47562146024836
Train,4.58997152137304,4.58940656595945
Train,4.69954497021306,4.69979204782903
Train,4.80450006980822,4.80442682027702
Train,4.90539009692318,4.90505001868527
Train,5.00218930263703,5.00173056559103
Train,2.12939867670262,2.13031235964312
Train,2.34317312485391,2.34363703249978
Train,2.54732380204281,2.54823223105535
Train,2.74248627156825,2.74246829466201
Train,2.9292413378717,2.92927980382994
Train,3.10812081958014,3.10900909641775
Train,3.27961260727194,3.27998954819125
Train,3.44416510726636,3.44476291392783
Train,3.60219115666688,3.60255161682669
Train,3.75407148162967,3.75430729141996
Train,3.89996118436959,3.90030045886904
Train,4.04058605359105,4.04069427964462
Train,4.17604326244209,4.17636862159554
Train,4.30661252207658,4.30675552500573
Train,4.43255371475526,4.43276472789069
Train,4.55410862035029,4.55396831411589
Train,4.67150246554501,4.67146309063929
Train,4.78494531661465,4.78496838867605
Train,4.89463333390844,4.89459032542339
Train,5.00074990379376,5.0004438301381
Train,4.29664048019049,4.29652346359018
Train,4.37365588780181,4.37368300843183
Train,4.44823768943357,4.44828483076464
Train,4.5203392141586,4.52019559144114
Train,4.59039238254246,4.59045943099443
Train,4.65833204598888,4.65829994961975
Train,4.7242524298127,4.72428265831105
Train,4.78824224028073,4.78810223916622
Train,4.85024711697362,4.85009588871332
Train,4.91062567773854,4.91063997434248
Train,4.96931032269479,4.96935169140625
Train,5.0263713497548,5.02637485324552
Train,5.08175191326154,5.08175114612023
Train,5.13576480681074,5.13567669979679
Train,5.18834283744974,5.18829661079837
Train,5.23954243180047,5.23969931456866
Train,5.28941709609736,5.28941587674452
Train,5.33790953720273,5.33773479816476
Train,5.38528680582464,5.38520031116394
Train,5.43148383603301,5.43140174008727
Train,4.29937141013488,4.29954822042628
Train,4.37682219789931,4.37684302763905
Train,4.45173384738423,4.45174394024256
Train,4.52422920908456,4.52423698111062
Train,4.59442333415318,4.59444124830928
Train,4.66242408367159,4.66240027830226
Train,4.72833268168494,4.72835776389553
Train,4.79224421796532,4.79225312759314
Train,4.85424810575537,4.85429165547464
Train,4.91442849912591,4.91444765212677
Train,4.97286467404463,4.97286828125538
Train,5.02963137678428,5.02958079161688
Train,5.08479914289027,5.08490080451095
Train,5.13843458956968,5.13843995911593
Train,5.19060068405011,5.19061789249287
Train,5.24135699018136,5.24140877878847
Train,5.29075989531044,5.29076090668951
Train,5.33886281924671,5.33888084908983
Train,5.38571640694519,5.38574835092434
Train,5.43136870636914,5.43157145320913
Train,3.80292719277638,3.80419435374759
Train,3.88437856516371,3.88469275792523
Train,3.96337632575466,3.96383323051306
Train,4.04002969703647,4.0407095004584
Train,4.11444151356633,4.1147436495752
Train,4.18687393367971,4.18692056491689
Train,4.25708319310227,4.25722304162396
Train,4.32532567877965,4.32545217659368
Train,4.39168289208522,4.39181210887543
Train,4.45623189261983,4.45626459402568
Train,4.51904559673657,4.51907494793022
Train,4.58019305230894,4.58074792849926
Train,4.63973969191895,4.63994344255362
Train,4.69774756641705,4.69769837274125
Train,4.7542755606066,4.75436591930719
Train,4.80950583020654,4.80951681949389
Train,4.86323591520112,4.86352033244685
Train,4.91564581305726,4.9156225468473
Train,4.96678359019412,4.96687137840646
Train,5.01669500762288,5.0166951225527
Train,3.80561764372524,3.80542951247184
Train,3.88720640513784,3.88748780643654
Train,3.96647764657886,3.96659363196879
Train,4.04316928642668,4.04326245351688
Train,4.11757872739867,4.11817400044232
Train,4.18997538778694,4.18978509163868
Train,4.26011091214848,4.26033405773692
Train,4.32824858438096,4.32869478523197
Train,4.3946276582346,4.39421396157226
Train,4.45901319711333,4.45918552635576
Train,4.52163988787521,4.52204877501092
Train,4.58257883023192,4.58284430984148
Train,4.64203636402681,4.64233832218861
Train,4.69979460762681,4.69952510416904
Train,4.7560568274691,4.75593117112375
Train,4.81100895772219,4.81109180078491
Train,4.8644451496216,4.86432379875446
Train,4.91654906803902,4.91668134721723
Train,4.96748914879306,4.96765509926419
Train,5.01707087650369,5.01679165556807
Train,4.29926837072573,4.29924581091868
Train,4.3765189847937,4.37692275059952
Train,4.45140841274446,4.451857483676
Train,4.52376583722763,4.52375832598839
Train,4.59398556820681,4.59423823318433
Train,4.66190041917752,4.66218479301527
Train,4.72787398891343,4.72783944580957
Train,4.79174320336244,4.79172877366049
Train,4.85372563062882,4.85397080908936
Train,4.91401903176114,4.91403196274307
Train,4.97246704161038,4.97253073414314
Train,5.02937065399834,5.0292410484539
Train,5.08457816591872,5.08470774149317
Train,5.13826701551487,5.13813794041378
Train,5.19059925354224,5.19077683188057
Train,5.2414302435442,5.24123686762375
Train,5.29101341218977,5.29110509262824
Train,5.33920880350811,5.33933123605194
Train,5.38625396759431,5.38605567460947
Train,5.43201355690896,5.43212331915822
Train,2.12722064098751,2.128489157069
Train,2.36648512160242,2.36807772362604
Train,2.59108522115809,2.59244519577461
Train,2.80176800019963,2.80268359656525
Train,3.00031560119314,3.00171548364176
Train,3.18724847838958,3.18801924084817
Train,3.36402723453242,3.36459553644538
Train,3.53101118752063,3.5329334449876
Train,3.6894145845325,3.69005700587277
Train,3.83948070424567,3.84071736882678
Train,3.98223183490613,3.98355440921051
Train,4.11782682944623,4.1183615695208
Train,4.2471361282419,4.24777019552142
Train,4.37025666284832,4.370982074573
Train,4.48793711199598,4.48865051726044
Train,4.6002287231584,4.60074736392856
Train,4.70778133097119,4.70827135513293
Train,4.81061235358852,4.81093187411983
Train,4.90929048465327,4.90961557175291
Train,5.00380805803415,5.00414727375973
Train,1.39319080042102,1.39369190569039
Train,1.50113012877037,1.50060583063202
Train,1.6063474017394,1.60626587056975
Train,1.7089443058975,1.70968138988628
Train,1.80939333433093,1.80823574597284
Train,1.90702577795434,1.90799910728545
Train,2.00231441553937,2.00268467249316
Train,2.09534264564486,2.09542029886734
Train,2.18618995650004,2.18661443600752
Train,2.27493215252998,2.27533913315988
Train,2.36196746862453,2.36155630547744
Train,2.44670581466237,2.44677081189797
Train,2.52954664049928,2.53006202768185
Train,2.61055297632279,2.61043987253971
Train,2.68978509131488,2.69026248012108
Train,2.76730064319489,2.76754903478396
Train,2.84344013462197,2.84381465295988
Train,2.91767976021737,2.91802203974497
Train,2.99036167092162,2.99019216885393
Train,3.06153438429168,3.06213093068956
Train,1.56109793891969,1.56040126579173
Train,1.6656878982115,1.66583496722575
Train,1.7675620934572,1.76727680588722
Train,1.86682494454299,1.86656988661527
Train,1.96393878639749,1.96424948273439
Train,2.05826237692066,2.05779609518655
Train,2.15025779863353,2.15102622696054
Train,2.24001019922683,2.24008434760169
Train,2.32760062427873,2.32715783307974
Train,2.41310626134646,2.41310125605289
Train,2.49691438833093,2.49686560477053
Train,2.57846044761871,2.57889602958326
Train,2.65813257280663,2.65814579056204
Train,2.73599462483371,2.73601186260074
Train,2.81210759551406,2.81174383113109
Train,2.88652976687614,2.88640797576337
Train,2.95959056535686,2.96053768465691
Train,3.03078996389235,3.03062495279665
Train,3.10045878079482,3.10039228378698
Train,3.16864584584779,3.16897333283231
Train,0.344694174001131,0.345581666684738
Train,0.552936784146457,0.553076898464672
Train,0.752101096541526,0.75186484805685
Train,0.943651842395905,0.943726344386619
Train,1.12759071777016,1.12833157041276
Train,1.30436260562312,1.30517477683733
Train,1.47398504689747,1.47374842796401
Train,1.63763938489299,1.63841320967517
Train,1.79526894815214,1.79582739802712
Train,1.94720041775546,1.94758953749827
Train,2.0933977916145,2.09358411291207
Train,2.23483408583172,2.23467683283503
Train,2.37142042321581,2.37181632096028
Train,2.50340206172452,2.50349620020243
Train,2.63071201679654,2.63118552327492
Train,2.7541658816878,2.75377135871651
Train,2.87365796546413,2.87403868604325
Train,2.98937596382693,2.98993614455003
Train,3.10123556800639,3.1017696044656
Train,3.20993059716851,3.21031952884791
Train,2.12448753889449,2.12356597063753
Train,2.37622797953964,2.37516764390885
Train,2.61047112295244,2.60864221774732
Train,2.82839227543483,2.8282757926646
Train,3.03191388259147,3.0304468917935
Train,3.22267470115968,3.22115682853619
Train,3.40135497169036,3.40094850563469
Train,3.56952092643052,3.56852438088889
Train,3.72764548591893,3.72760335403671
Train,3.87680367195223,3.87621241685193
Train,4.01792824162725,4.01725746097828
Train,4.15128883999401,4.15069537325122
Train,4.27768033745126,4.27705232797644
Train,4.39779814126922,4.39712891786718
Train,4.51178767973404,4.51132704608161
Train,4.62040118807866,4.61990767361848
Train,4.72372854541256,4.72329951943287
Train,4.82228049245842,4.82185309036345
Train,4.91650887796888,4.91558174997946
Train,5.00644653975295,5.00570174279714
Train,2.12456826023267,2.12536506354169
Train,2.3749758235058,2.37529466186195
Train,2.60820303671835,2.60787986720257
Train,2.82539770045133,2.82541626363803
Train,3.0286826549981,3.02862937843731
Train,3.21885977897169,3.21894255881848
Train,3.39761953264523,3.39774576748484
Train,3.56552411775455,3.56486644723123
Train,3.72373817524218,3.72368389242347
Train,3.87327114474478,3.87396595408598
Train,4.01445090612998,4.01457566328354
Train,4.14830597617044,4.14852916616641
Train,4.27506151192992,4.27574613899064
Train,4.3954242957991,4.39537659906294
Train,4.51001527665339,4.51032136539162
Train,4.61895534132228,4.61906732181535
Train,4.72292328045329,4.72314015547987
Train,4.82199282961842,4.82218930895829
Train,4.91674931430864,4.91666632899
Train,5.00723153652459,5.00729617081151
Train,4.29777857691016,4.29802627417273
Train,4.3428579851726,4.34314162138481
Train,4.3871174397523,4.38688954882339
Train,4.43043972127265,4.43007021070223
Train,4.47312746448745,4.47335558178139
Train,4.51505935637664,4.51500241761949
Train,4.55625529601209,4.55683003113985
Train,4.59673449003953,4.59698451120088
Train,4.63638784818747,4.63632229345457
Train,4.67549072235413,4.67519011895259
Train,4.71393055226305,4.71452556281039
Train,4.75172406041017,4.75164150972259
Train,4.78876814134699,4.78918939648756
Train,4.82531893001252,4.82559825863497
Train,4.86127026145525,4.86127391771182
Train,4.8966367629717,4.89621967631247
Train,4.93143258980558,4.93176623552204
Train,4.96556152266146,4.96543882561706
Train,4.99925840982208,4.99914408983324
Train,5.03242439924131,5.03230078432354
Train,4.11319932305378,4.11356269487895
Train,4.17075527596145,4.1708859536141
Train,4.22703769537236,4.22720905271363
Train,4.28208838774211,4.2821757190103
Train,4.33594734948429,4.33559340789553
Train,4.3886528638804,4.38869549600944
Train,4.44024159182955,4.44045639995927
Train,4.49074865688979,4.4911938861444
Train,4.54020772502586,4.54035089592161
Train,4.58865107944364,4.58886283706148
Train,4.63623981531012,4.63611067117374
Train,4.68274080267558,4.68367454794256
Train,4.72831538864822,4.72860711546836
Train,4.77299098409923,4.77348185607784
Train,4.8167939290642,4.81675362681402
Train,4.85974954452899,4.85970835673171
Train,4.90188218123922,4.9019398429785
Train,4.94321526573096,4.94323308603226
Train,4.98377134376546,4.98375976340288
Train,5.02357212133719,5.02341089125145
Train,5.34085887621603,5.34095030750981
Train,5.36721410677892,5.36723226312994
Train,5.39309427560669,5.39280313231964
Train,5.41869783892018,5.41878466405421
Train,5.44393691019073,5.4439147927786
Train,5.46872871561533,5.4687522914805
Train,5.49326303674949,5.4932363245988
Train,5.51736737991601,5.5173122684258
Train,5.54122606221557,5.5413552728066
Train,5.56475674883235,5.56486546070496
Train,5.58788171936932,5.5876694959266
Train,5.61077752604846,5.61070842472963
Train,5.63336492605065,5.63344539104871
Train,5.65556902245966,5.65562823850299
Train,5.6775590877445,5.67754513313512
Train,5.69917984269011,5.699098605958
Train,5.7205959589905,5.72073521033281
Train,5.74173298466496,5.7414928194698
Train,5.76252041036768,5.7624876465208
Train,5.78311634976733,5.78320434797477
Train,4.29084151725906,4.29075029533337
Train,4.33470010483652,4.3345555241306
Train,4.37773721269599,4.37816452235385
Train,4.41997570640715,4.41958994682822
Train,4.46143761073512,4.46165272434975
Train,4.50214414793565,4.5019355972528
Train,4.54211577397613,4.54177950128243
Train,4.58137221281241,4.58188643151642
Train,4.61993248884198,4.61930393864735
Train,4.65781495764588,4.65775716619877
Train,4.69503733512348,4.69483082448595
Train,4.73161672511755,4.73182212761321
Train,4.76756964561985,4.76737107897016
Train,4.80291205364186,4.80278754402471
Train,4.8376593688291,4.83755963972156
Train,4.87182649589264,4.8721335367453
Train,4.90542784592618,4.90544854096555
Train,4.93847735667297,4.93812054458564
Train,4.97098851180219,4.97093865274641
Train,5.00297435925108,5.00256583664154
Train,2.12575379185299,2.12620923500156
Train,2.36184053442118,2.36148677585799
Train,2.58347892805492,2.58334270813379
Train,2.7924929982796,2.79177402859492
Train,2.9896772068128,2.98838643155962
Train,3.17600824102762,3.17280455051762
Train,3.35213082445846,3.34916755899601
Train,3.51929238149203,3.51621290701124
Train,3.6779546371834,3.67613344319597
Train,3.82874973914072,3.82525845686981
Train,3.97206318977672,3.97080002467315
Train,4.10879162028897,4.10705311735713
Train,4.23920961072463,4.2373642152682
Train,4.36374417654053,4.36181562884808
Train,4.48263045988161,4.48101694220496
Train,4.5965391637794,4.59423400300842
Train,4.70563476099865,4.70258650860432
Train,4.81021599991231,4.80894374784865
Train,4.91042719373235,4.90848233503227
Train,5.00678659759685,5.0049187052475
Train,2.12996243104071,2.13926668094135
Train,2.36380029922344,2.36675174048585
Train,2.58364577230244,2.58730883503884
Train,2.79111200653752,2.79318442100436
Train,2.98702950983806,2.99164792545256
Train,3.17216022997999,3.17401458021454
Train,3.34770506440688,3.3497341101343
Train,3.51407231242874,3.51464573990899
Train,3.67226467345,3.67294330141539
Train,3.82272654759459,3.82298584109938
Train,3.96587434985148,3.96645743609542
Train,4.10248942550304,4.10253072962799
Train,4.23288425011461,4.23313963423962
Train,4.35735511051347,4.35762876965656
Train,4.47652448724171,4.47659539549633
Train,4.59050556296247,4.59066356143768
Train,4.69983909093505,4.69982999630593
Train,4.80470308896046,4.80482072804011
Train,4.90526970660568,4.90530676926232
Train,5.0019830391867,5.00207580161785
Train,2.8140817237395,2.813876151497
Train,2.97068681228013,2.97090100392592
Train,3.1209826968802,3.12116101063229
Train,3.26579719494306,3.26580231727778
Train,3.40520539118592,3.40204947061943
Train,3.53950448495652,3.53840433883272
Train,3.66876686011091,3.66873826149649
Train,3.7936627984433,3.79371897365061
Train,3.91421987871646,3.91335762026812
Train,4.03066033720511,4.03063850753361
Train,4.1430144555583,4.14290246604971
Train,4.25183571848964,4.2519417745219
Train,4.35712206066402,4.35739143338979
Train,4.45904297040337,4.45842438910032
Train,4.55760180901993,4.55751482216763
Train,4.65326326365141,4.65287903552775
Train,4.74600677289787,4.74439998617415
Train,4.83596383955697,4.83467741786916
Train,4.92312057439473,4.92279842438909
Train,5.00787267668211,5.0069827841451
Train,2.75198417435638,2.75208039877508
Train,2.93176011806198,2.9305520332062
Train,3.10151818265004,3.10123494197348
Train,3.26186363350618,3.2609237949588
Train,3.4139548263443,3.41303916978096
Train,3.55822434517798,3.55699793289357
Train,3.69526043797068,3.69412255146617
Train,3.82559380780036,3.82454991806241
Train,3.94954207967051,3.94899870959166
Train,4.06787280033881,4.06643116024691
Train,4.18081116729331,4.17930861417864
Train,4.28871756503328,4.28818447720292
Train,4.39178563246932,4.39162706913685
Train,4.4905926500313,4.4892404683848
Train,4.58527299341893,4.58511914011856
Train,4.6760799001637,4.67589448134618
Train,4.76324630290442,4.76258727060459
Train,4.84687677479604,4.84697348002289
Train,4.92739369372744,4.92693833156347
Train,5.00486566914305,5.00419673997008
Train,3.8417176507736,3.84108457634921
Train,3.91584784032434,3.91559615502672
Train,3.98835474569483,3.98907893630403
Train,4.05893737521305,4.05931973171884
Train,4.12784305434423,4.12605949454023
Train,4.19513084467693,4.19263592131689
Train,4.2610215263498,4.26195795785201
Train,4.32523616459041,4.31880672223857
Train,4.38799439595774,4.38824757769298
Train,4.44934521247906,4.4495617901853
Train,4.50948561884176,4.50740682721394
Train,4.56815673274474,4.56795964972342
Train,4.62555494466262,4.62329708459314
Train,4.68172123451424,4.68218179636001
Train,4.73683253413611,4.73419088772872
Train,4.79064817149392,4.78916847720757
Train,4.84334483339475,4.84155299273006
Train,4.89495706061632,4.89492836564027
Train,4.94564468222251,4.94537284640407
Train,4.99518356304237,4.99150886214055
Train,3.98253890065541,3.98217304462033
Train,4.08761369672928,4.08759664869858
Train,4.18854649511616,4.18853920423926
Train,4.28521546873796,4.28476237454324
Train,4.37823206549898,4.37828067523914
Train,4.46746501188722,4.46739910429554
Train,4.55346149080236,4.55340980131707
Train,4.63608455940227,4.63590208913549
Train,4.7156775834943,4.71542614454487
Train,4.79254802685745,4.79253000041929
Train,4.866555381053,4.86577091902995
Train,4.93812420924155,4.93740229065627
Train,5.00711390613794,5.00679282375807
Train,5.07378616767312,5.07218361870305
Train,5.13837683026624,5.13704413860028
Train,5.20074737278202,5.20001220705844
Train,5.26123676121662,5.26110999999303
Train,5.31970887196367,5.3174145501247
Train,5.37647556806557,5.37584661786212
Train,5.43140365366362,5.42939569783339
Train,2.57541751153218,2.57554902960877
Train,2.66773351037141,2.66739540473439
Train,2.75724372216523,2.75752395312329
Train,2.84457538205123,2.84452400449575
Train,2.92956155818734,2.92923782271696
Train,3.0120574683691,3.01230101718207
Train,3.09263369745496,3.09261611214393
Train,3.17112960087315,3.17115712084263
Train,3.24740453320948,3.24745452222939
Train,3.32197990350572,3.32201836535766
Train,3.39470159682592,3.39485292237946
Train,3.46563787842457,3.4655805017679
Train,3.53465434688069,3.53489654244733
Train,3.60221630237717,3.60193415004306
Train,3.66817838554342,3.66801548686919
Train,3.73241114170206,3.73244329127415
Train,3.79534363890809,3.7954653389255
Train,3.85683695974665,3.85654959810769
Train,3.91676666194235,3.91696546881941
Train,3.9755297286727,3.97558397549586
Train,3.80579671084509,3.80557701046804
Train,3.88761316313648,3.8892543481588
Train,3.96672438214273,3.9670979416669
Train,4.04359978103431,4.04339328714442
Train,4.11816832579792,4.11831335298195
Train,4.19037317230911,4.1902285513138
Train,4.26063355140795,4.26174847185795
Train,4.32872618057114,4.32862060085346
Train,4.39504124743278,4.39486825774665
Train,4.45950510390379,4.46023861222558
Train,4.52205618977385,4.52189218181106
Train,4.58304654219205,4.58375337453661
Train,4.64240270334928,4.64229054408904
Train,4.70006219848319,4.70051874250701
Train,4.75634433085773,4.75645789615288
Train,4.81105583117705,4.81114628944462
Train,4.86449670167471,4.86429273437793
Train,4.9165954840518,4.91686502611756
Train,4.96729010380623,4.96722951705075
Train,5.01685478030241,5.01692612746392
Train,3.98188350097481,3.97837016239421
Train,4.08680313198991,4.0855862743004
Train,4.18743392569821,4.18623417470912
Train,4.28403358940905,4.28367575446566
Train,4.37683958905783,4.37559708481452
Train,4.46621432301762,4.46419745021602
Train,4.55206859007462,4.55086434419681
Train,4.6347388523018,4.63447098761197
Train,4.71439900882862,4.7139454596914
Train,4.79121052153352,4.79047909553858
Train,4.86532350740154,4.86563810658215
Train,4.93687771773986,4.93635068776782
Train,5.00600341769128,5.0058882969011
Train,5.07282217769136,5.07275980891987
Train,5.13744758698589,5.13736410828389
Train,5.20008659660723,5.19882686335818
Train,5.26063413302367,5.26057822471965
Train,5.31928749055971,5.31928151906781
Train,5.3761341869516,5.37562110280921
Train,5.43125643020805,5.43112206855713
Train,3.80668383142648,3.80617790125071
Train,3.88882324463649,3.88866768830074
Train,3.96818513953141,3.96767456495506
Train,4.0452662335182,4.045369726227
Train,4.11998889692586,4.11926987778965
Train,4.19229098888572,4.1917734835146
Train,4.26261526232672,4.2626043862502
Train,4.33088218963967,4.33078224178878
Train,4.39702627130198,4.39683392236836
Train,4.46144474884924,4.46107045430666
Train,4.52405781885642,4.5240990829235
Train,4.58494033062171,4.58456907119378
Train,4.64402494988882,4.64361195470553
Train,4.7016585324601,4.70128915803716
Train,4.75776254791856,4.75762402709277
Train,4.81226961763522,4.81216465751662
Train,4.86549494651916,4.86459513390666
Train,4.91736174083572,4.91732373775208
Train,4.96780333482289,4.96734495012506
Train,5.01710749632245,5.01680934268559
Train,3.8065923949056,3.8075993471165
Train,3.8886064197217,3.88819769190069
Train,3.96786976195571,3.96818553517505
Train,4.0448689179732,4.04496174554576
Train,4.11935854780802,4.11937876150027
Train,4.19178912752817,4.19174411046018
Train,4.26192366820588,4.2615898365841
Train,4.33018053607644,4.3307360768352
Train,4.39633105603756,4.39589216035485
Train,4.46076484849178,4.46075752871514
Train,4.52326142725459,4.52342419179972
Train,4.58418457612679,4.58442323488844
Train,4.64332181158807,4.64336980570112
Train,4.70101360927798,4.70112196497912
Train,4.75705526032968,4.75798441610721
Train,4.81176613996812,4.81146065491936
Train,4.86494905877313,4.86466078272249
Train,4.91690422774519,4.91678081024937
Train,4.96744170531372,4.96759040864631
Train,5.01684424331222,5.01643263870427
Train,3.80598169005923,3.8059310767819
Train,3.88779166806166,3.88780587788522
Train,3.96724349491768,3.96679257625788
Train,4.04408185478775,4.04435622288988
Train,4.11860531520063,4.11817842516368
Train,4.19091693476019,4.19063431553109
Train,4.26127611010044,4.26139399431226
Train,4.32944489962584,4.32952504425365
Train,4.3956767528864,4.39537378982333
Train,4.4600530671393,4.45941714814907
Train,4.52279565009858,4.52277902718245
Train,4.58368347116849,4.58350128921392
Train,4.64293431625981,4.6430755805468
Train,4.70061332515475,4.70035886469484
Train,4.75691234861754,4.75700910532235
Train,4.8116263403641,4.81149532742716
Train,4.86494444162969,4.86491156895297
Train,4.91691939854648,4.91701329198707
Train,4.96771882120041,4.9671665215137
Train,5.01715252220658,5.01711895649717
Train,3.80611745251136,3.80672394175724
Train,3.88797624132592,3.88812107919765
Train,3.96729311878952,3.9678975822873
Train,4.04401258563774,4.04415705099089
Train,4.11859352704821,4.11887945118745
Train,4.19096154830705,4.19126637989655
Train,4.26121370022128,4.26150716956526
Train,4.32944144029445,4.32961124776408
Train,4.39558250687602,4.39565334249484
Train,4.46001950625772,4.46039172907486
Train,4.52267654508243,4.52273022750453
Train,4.58362637107861,4.58382453210721
Train,4.64280482988252,4.64275807202124
Train,4.70054659279845,4.70109939989981
Train,4.75677680023322,4.75665350957619
Train,4.81155403926451,4.81183221937325
Train,4.86493390785072,4.86539292865877
Train,4.91685242712222,4.91662789868522
Train,4.96759620615572,4.96753644809248
Train,5.01709318144252,5.01737234668847
Train,2.13110503377716,2.13194875739691
Train,2.35756594039655,2.35706732403546
Train,2.57210037883986,2.57209636090487
Train,2.77517082443318,2.77533757923193
Train,2.96810411893084,2.96822183320959
Train,3.1512295209872,3.15079235993584
Train,3.32566733230252,3.32551869547934
Train,3.49164818564297,3.49182554021837
Train,3.65012812832061,3.64999841496575
Train,3.80126413950996,3.80107358832694
Train,3.94587996244982,3.94585494349048
Train,4.08407718700531,4.08410998328987
Train,4.21657174553676,4.21640469822523
Train,4.34342335170367,4.34316361378039
Train,4.46525915279511,4.46527220429121
Train,4.5821070869374,4.58151969974722
Train,4.69452047452633,4.69477826776686
Train,4.80250309683787,4.8023109188081
Train,4.90654633848788,4.90662957380953
Train,5.00663561660344,5.00624718654771
Train,2.12542718901151,2.12461691933711
Train,2.35680946642296,2.35650042821598
Train,2.57479096064832,2.5743321475792
Train,2.78093242996199,2.780344134984
Train,2.97596930016715,2.97578014738893
Train,3.16058243735891,3.15999622678287
Train,3.33595177927774,3.33602709427973
Train,3.50240607310473,3.50239625562218
Train,3.66093959731246,3.66087198654426
Train,3.81194632167764,3.8117553492119
Train,3.95579907932705,3.95581230714654
Train,4.09328230255759,4.09315263794422
Train,4.22467195265162,4.22455745119619
Train,4.35023256725699,4.35021629735949
Train,4.4705959788426,4.47048955330258
Train,4.58583598150907,4.58577779651361
Train,4.6965051107009,4.6964872744339
Train,4.8027582378426,4.80271554191191
Train,4.90474721886879,4.90461259117005
Train,5.00292996845484,5.0028601553023
Train,3.09471856431002,3.09546965849933
Train,3.23500323401663,3.2358307861209
Train,3.36948600584679,3.37076409816816
Train,3.49814142093172,3.49898612972072
Train,3.62152099346461,3.62218447103354
Train,3.74011669859572,3.74116956545337
Train,3.85386675800813,3.85444064949714
Train,3.96338341441379,3.96445760757898
Train,4.06858886865565,4.06945858320152
Train,4.16988148579777,4.17002196183568
Train,4.26761921468376,4.26826415865495
Train,4.36170860181815,4.36204469322032
Train,4.4524835826098,4.45254442289393
Train,4.54024536245122,4.54148641739335
Train,4.62489176091581,4.62501962446348
Train,4.70682671634155,4.70758539223293
Train,4.78594487316106,4.78626364980031
Train,4.86250170191183,4.86318050939559
Train,4.93672894857503,4.93664865122388
Train,5.00851923481957,5.00859300200721
Train,3.12102400733333,3.12051329480221
Train,3.2516600495853,3.25166348400173
Train,3.37764850734976,3.37702355550136
Train,3.49961886205335,3.49976686353488
Train,3.61738623568338,3.6162622881933
Train,3.73152542089861,3.73086087928916
Train,3.84185090945959,3.84097855676041
Train,3.948889628503,3.94885902052404
Train,4.05245698182108,4.05227390540131
Train,4.1530377787631,4.15240211954063
Train,4.25044947762383,4.24978386291014
Train,4.34513964281639,4.34344563998482
Train,4.43692862425731,4.43624514439907
Train,4.52623089738912,4.52514968051701
Train,4.61287030698899,4.61142468197485
Train,4.69723180404271,4.6964781322722
Train,4.77914315195154,4.7783878705013
Train,4.85896285064671,4.8585488716235
Train,4.93652286807139,4.93606343272979
Train,5.01215791623429,5.0115135252102
Train,2.12802222313387,2.12840365057375
Train,2.36490506830686,2.36497827467119
Train,2.58741701361465,2.58730453663676
Train,2.79682731094542,2.79705601496456
Train,2.99426001799898,2.99467559961778
Train,3.18050290524228,3.18027102843424
Train,3.35688074995192,3.35728995472773
Train,3.5239672003733,3.52424393347174
Train,3.68247760551795,3.68146000836112
Train,3.83305571837262,3.83359460138334
Train,3.97628243440013,3.9764837528653
Train,4.11268328066721,4.11256720773389
Train,4.2427348591471,4.24287981375053
Train,4.36687041070761,4.36700613623783
Train,4.48548463667067,4.4848307880911
Train,4.59880853452407,4.59888099187189
Train,4.70743593043426,4.7071861358458
Train,4.81153385241181,4.81132005033416
Train,4.91137981519434,4.91167809982284
Train,5.00722911664882,5.00669010794022
Train,1.81038368656383,1.81132329777324
Train,2.02548317459678,2.02596665071562
Train,2.22448315080535,2.22517655066242
Train,2.40912590843956,2.40934811152304
Train,2.58091109202867,2.58098496592584
Train,2.74113651813628,2.74069175618492
Train,2.89093102363444,2.89042075155379
Train,3.03128110080254,3.03001402576999
Train,3.16305264842496,3.16293650334739
Train,3.28700885272938,3.28626209712012
Train,3.4036290244048,3.40282739870528
Train,3.51391553922327,3.51380883406367
Train,3.61819508414626,3.61760548643863
Train,3.71694542006264,3.71612515193704
Train,3.81059495178111,3.81120469024128
Train,3.8995289411069,3.89324187954812
Train,3.98409480442473,3.98426388986478
Train,4.06460664839623,4.06436299546713
Train,4.14134916861401,4.14193243534491
Train,4.21458101321029,4.21567360405122
Train,3.63871956291818,3.63925178628896
Train,3.68443844465506,3.68426310608057
Train,3.72943380900986,3.72926195101348
Train,3.77372269602578,3.77389988107535
Train,3.81732161481877,3.81776833639665
Train,3.86024656409576,3.8604492607306
Train,3.90251305172862,3.90242274544716
Train,3.94413611343421,3.9441055713373
Train,3.98513033060777,3.98495160353046
Train,4.02550984735411,4.02514927845626
Train,4.06512318277353,4.06513159583484
Train,4.10431649407969,4.10474059893739
Train,4.14293501937491,4.1430811570168
Train,4.18099131082732,4.18029210533991
Train,4.21849755776087,4.21849457897192
Train,4.25546559967218,4.25592176958506
Train,4.29190693869096,4.29168734310551
Train,4.3278327515116,4.32799112941065
Train,4.36325390082198,4.36274361942858
Train,4.39818094625394,4.39814346478967
Train,2.12394485879005,2.12397989317208
Train,2.36253145342356,2.36257148178663
Train,2.58639664325875,2.58572723334875
Train,2.79686217341245,2.79687372157589
Train,2.99509615828359,2.99145489204055
Train,3.18213477249621,3.17970395987412
Train,3.35890036774416,3.35886391311987
Train,3.52621668424383,3.52331310135027
Train,3.68482168623649,3.68407938636251
Train,3.83537844351841,3.83458110382335
Train,3.97865648210298,3.97742728618746
Train,4.11484315904178,4.1097316768675
Train,4.24460817712452,4.2399366608135
Train,4.36839527853357,4.36712064975424
Train,4.4866082419962,4.48535151864461
Train,4.59961528261212,4.59857298648173
Train,4.70775288291926,4.70558383013615
Train,4.81132913916585,4.81083442846591
Train,4.9106266928821,4.90929960859481
Train,5.00590530649725,5.0042352044017
Train,2.12454614480475,2.12426035980979
Train,2.36124242760022,2.36237120479613
Train,2.583596571022,2.58231220642275
Train,2.79287379339299,2.79198660514339
Train,2.99019474602229,2.98956826198751
Train,3.17634440962545,3.17610867846515
Train,3.35264488666534,3.3522668167247
Train,3.51966784244275,3.51830292378319
Train,3.67812682368655,3.67690908351749
Train,3.82866403305453,3.8279041285712
Train,3.97185902836873,3.97050289342063
Train,4.10823617927866,4.1081808936039
Train,4.23827108360367,4.23858331747154
Train,4.36239610883781,4.36188674564457
Train,4.4810051948849,4.48057928439213
Train,4.5943286719227,4.59400097979199
Train,4.70295978316444,4.70296641648127
Train,4.80706504866697,4.80683215310683
Train,4.90692153400672,4.90609326283326
Train,5.00278414163215,5.00185936348601
Train,3.61781769545303,3.61656380460964
Train,3.71311090183243,3.71235257484732
Train,3.8052118033507,3.80246922536831
Train,3.89461685899784,3.89432903457915
Train,3.98127783886077,3.98063490416231
Train,4.06515968127861,4.06415399947026
Train,4.14670308777205,4.1467173964473
Train,4.22570352652498,4.22379749000816
Train,4.30256964684118,4.30314852316963
Train,4.37724455012331,4.37609099004364
Train,4.44968274008806,4.44897487986868
Train,4.52025102506863,4.51981519397315
Train,4.58889006716147,4.58837510783332
Train,4.65555096029226,4.65525729965837
Train,4.72056486130055,4.71880445878046
Train,4.78375096267509,4.78346703934048
Train,4.84541951261419,4.84491077860713
Train,4.90550990522963,4.90531162094654
Train,4.96397052250287,4.96272902608957
Train,5.02108382208846,5.0202790446304
Train,3.80529054130264,3.80432808407956
Train,3.88679681874998,3.88693072032595
Train,3.96582059737692,3.96556430519088
Train,4.04247359291613,4.04025658286881
Train,4.11702058066718,4.1160237422328
Train,4.18923660522049,4.188579840163
Train,4.2593794489494,4.25965052017375
Train,4.32753712397606,4.32801451127494
Train,4.39379273013306,4.39237620481129
Train,4.45822479296398,4.45762160606223
Train,4.52104228020264,4.52009851930136
Train,4.58204247929134,4.58224898586128
Train,4.64143038938043,4.64066669195696
Train,4.69926909806741,4.69895411911064
Train,4.75561844390338,4.75464552000905
Train,4.81053522289395,4.80939009576789
Train,4.86418855309537,4.86377478959011
Train,4.91639651904905,4.91597495575453
Train,4.96732599419534,4.96656542588268
Train,5.01702337281038,5.01512789193962
Train,3.80736096473406,3.80786060008492
Train,3.88858403413005,3.89012236621316
Train,3.96735867808067,3.96720169075589
Train,4.04379396240969,4.04445808094524
Train,4.11799256989397,4.11939797685771
Train,4.18989753363257,4.18926011805432
Train,4.25991190495825,4.25905017833688
Train,4.32796357812471,4.32946777461124
Train,4.39413394220815,4.39376861043654
Train,4.45849994758805,4.45860006650599
Train,4.5211344044673,4.52206182948128
Train,4.58210625762007,4.5828988785376
Train,4.64148083954705,4.64056022972798
Train,4.69932010399234,4.70003862274029
Train,4.75568284157655,4.75560720471539
Train,4.81050745255944,4.81064590945893
Train,4.86408474244579,4.86372324831534
Train,4.91634471224362,4.91647420628718
Train,4.96733535591866,4.96652698888421
Train,5.01710236398957,5.01656220741313
Train,2.61222951173734,2.61220846864828
Train,2.80811446214001,2.80763064941252
Train,2.99245153987645,2.99069324957324
Train,3.16576291100847,3.16487446776877
Train,3.3294516305902,3.3270858505729
Train,3.48387819132424,3.4803012418785
Train,3.63020333715609,3.62877827491043
Train,3.76867178625001,3.76561011636282
Train,3.90025659835759,3.89876551121712
Train,4.02511866849551,4.02330119934093
Train,4.14408337770664,4.14213681544396
Train,4.25725040133072,4.25584281412746
Train,4.36532726481494,4.36284842559208
Train,4.46836864157228,4.46597939989926
Train,4.56698679313312,4.56503776067523
Train,4.66120317185336,4.65975776973866
Train,4.75155213950906,4.74942781080944
Train,4.83803057829081,4.83730835620447
Train,4.92110847417142,4.91969786222885
Train,5.0007645517408,4.99892699132162
Train,2.41282712050804,2.41291893508722
Train,2.63109429546865,2.63047250168741
Train,2.83499448716023,2.83361102319607
Train,3.02637901735132,3.02353114759078
Train,3.20614058019622,3.20474990387762
Train,3.37530678295193,3.37471421389938
Train,3.53458766572841,3.53380122359294
Train,3.68520263962307,3.68462814968755
Train,3.82766101707114,3.82701778587309
Train,3.96260791403029,3.96210642042045
Train,4.09046122106435,4.09019432641321
Train,4.21207163177726,4.21139027899623
Train,4.32773961627218,4.32668912098505
Train,4.43789034675677,4.43748723195873
Train,4.54277702375156,4.54224713485295
Train,4.64302076594095,4.64271051717127
Train,4.73880211646381,4.73820176060993
Train,4.83041255545816,4.83049588110353
Train,4.91800795756756,4.91882033983724
Train,5.00205880059445,5.00112211496356
Train,3.80573082075371,3.80474595658381
Train,3.88773727770744,3.88788187679801
Train,3.96701709542473,3.96686317978354
Train,4.04402828289242,4.04394856789025
Train,4.11855134446702,4.11852421943216
Train,4.19101016451579,4.19094964453481
Train,4.26119208402135,4.26104209898394
Train,4.32949058491133,4.32933332306283
Train,4.39569993085284,4.3958613218045
Train,4.46018640179187,4.46005533710067
Train,4.52275117028072,4.52301779834671
Train,4.58373608070372,4.58320289930914
Train,4.64294912850176,4.64315246775915
Train,4.70071012561216,4.70051194752345
Train,4.75683375293796,4.75685871136023
Train,4.81161988722901,4.81099121153243
Train,4.86488972160738,4.86490467364833
Train,4.91692503600415,4.91681421560935
Train,4.96755333844134,4.96758199386178
Train,5.01703993013606,5.01691201946085
Train,3.80679963017006,3.80705301834152
Train,3.88853619945631,3.88796979244531
Train,3.96790495497618,3.96773271566114
Train,4.0446788190934,4.04487233668906
Train,4.11914158398224,4.11851981849124
Train,4.1913960576722,4.19136741567603
Train,4.26168896550085,4.26176105462564
Train,4.32980739164389,4.32957478191897
Train,4.39599177344604,4.39553768292413
Train,4.46032332614735,4.4601396190031
Train,4.52301259847589,4.5226924182898
Train,4.58386088680499,4.58391923501599
Train,4.64307442647552,4.64323401427619
Train,4.70071822294743,4.70058734554505
Train,4.75697405317594,4.75598637879705
Train,4.81165690988026,4.81172891145197
Train,4.86494560966168,4.8645948785415
Train,4.91689279812694,4.91658136505223
Train,4.96765701656937,4.96750558006323
Train,5.01706616086291,5.01670897535462
Train,2.1264630479748,2.12599767020534
Train,2.37653488173815,2.37672953144486
Train,2.60914260244254,2.60943220972994
Train,2.8260539302984,2.82577857253976
Train,3.0288058003377,3.02817940885963
Train,3.21851318760073,3.21847193111996
Train,3.39682319959956,3.39691522573396
Train,3.56453123581615,3.56466749654668
Train,3.72255555733417,3.72259183283969
Train,3.87171135732841,3.87167011835985
Train,4.01272482711095,4.01248776139218
Train,4.1462449798098,4.14655072979893
Train,4.27285363793612,4.27238548106124
Train,4.39307390910113,4.39353825405105
Train,4.50737741030857,4.5073913666495
Train,4.61605901206237,4.61593172352909
Train,4.7197740013585,4.71977300052522
Train,4.81873533550023,4.81894770570006
Train,4.91326250996789,4.91312551973077
Train,5.00364701636392,5.00364154947917
Train,2.12529399055227,2.12554015842778
Train,2.3610535701869,2.36121006900988
Train,2.58268886024907,2.58213022111776
Train,2.79143221890031,2.7914065506099
Train,2.98837669011927,2.9877369175843
Train,3.17428418293765,3.17417575843355
Train,3.35045654353513,3.3504701790822
Train,3.51744905314268,3.51717574838046
Train,3.6759609975407,3.675077369411
Train,3.82662239611984,3.82602020389745
Train,3.97000237094471,3.96946074415829
Train,4.10661633102428,4.10635814029173
Train,4.23693216296233,4.23639177627851
Train,4.36137558470172,4.36168739232456
Train,4.48033479145105,4.47970583397551
Train,4.5940346890195,4.59378080788071
Train,4.70306509449464,4.70252250409848
Train,4.80758836390749,4.80705394530428
Train,4.90787831398354,4.90740766397617
Train,5.00418702186823,5.00350084301144
Train,2.89537513363056,2.89513422211821
Train,3.0536379441106,3.05436058065097
Train,3.20420484140988,3.20526678979623
Train,3.34802429362926,3.34846889145321
Train,3.48515656987851,3.48518300759954
Train,3.61642334737393,3.616702231095
Train,3.74184210854682,3.74219951510171
Train,3.86213073069763,3.86253811736786
Train,3.97727516498583,3.97783199186073
Train,4.08790741579409,4.08873456019101
Train,4.19399024030099,4.1957999664968
Train,4.2960839175057,4.29684131731645
Train,4.39413423522894,4.39413545736516
Train,4.48864103584654,4.48878750079296
Train,4.57953781612972,4.57947040389665
Train,4.66727308145552,4.66754527562108
Train,4.75177157289784,4.75202624595825
Train,4.83343786296961,4.83360138508278
Train,4.91219062008994,4.91215693973023
Train,4.98839656101453,4.98822535102976
Train,2.12906418543011,2.12993954928448
Train,2.35308141300262,2.35371128275471
Train,2.56542882672524,2.56630392622253
Train,2.76699515810088,2.76811049284591
Train,2.95858112928632,2.9586701057258
Train,3.14110098486479,3.14133996207926
Train,3.31481911535804,3.31641626464581
Train,3.48053063417806,3.48086412591298
Train,3.63877660574406,3.63922272468733
Train,3.79005041695326,3.79126726855476
Train,3.93480291554596,3.93509099976154
Train,4.07344689795771,4.07411109231526
Train,4.20636104075348,4.20626521352344
Train,4.33389335449844,4.33400143243628
Train,4.456364226402,4.45647614622223
Train,4.57419294059069,4.57437688573156
Train,4.68740004454056,4.68777980539868
Train,4.79636676456226,4.79565136329513
Train,4.90132696795993,4.90140187053824
Train,5.00249763470914,5.00207284884619
Train,2.11327924112793,2.11432012905908
Train,2.35658173031271,2.35685273524375
Train,2.58402546934839,2.584729526554
Train,2.79756895725251,2.79825619546039
Train,2.99823329121516,2.99836591795918
Train,3.18714950788917,3.18763417087278
Train,3.36512869458639,3.36551116280134
Train,3.53345533466973,3.53400443710877
Train,3.6927224139305,3.69312799123832
Train,3.84364216199312,3.84421072788702
Train,3.98669984920483,3.98678817951878
Train,4.12278726264177,4.12324523648237
Train,4.25226189343012,4.25249422025419
Train,4.37559430295279,4.37618663188014
Train,4.49308448494283,4.49326036965092
Train,4.60538031108931,4.60569040619511
Train,4.71270265088896,4.71301527811087
Train,4.81537475333231,4.815708780669
Train,4.91358611179845,4.91362217743441
Train,5.00782502962246,5.00783397601932
Train,2.11931570564177,2.12167924602304
Train,2.3406265962765,2.34158484248567
Train,2.55116795758867,2.55249918175175
Train,2.75129450116235,2.75258329187936
Train,2.94195662315319,2.94250233902827
Train,3.12399779507719,3.12505710410435
Train,3.29763110619184,3.29881743379954
Train,3.46376840277535,3.4653012488882
Train,3.62255649902256,3.6230969382475
Train,3.77462943147285,3.77516281406863
Train,3.92055509928084,3.92095155682601
Train,4.0604092681375,4.06059141882425
Train,4.19470191116971,4.19488635222548
Train,4.32389192490515,4.32425184200144
Train,4.44800740475618,4.44793244150842
Train,4.56758893748675,4.56783796189821
Train,4.68264181646858,4.6826615282224
Train,4.79353331726023,4.79356990198176
Train,4.90059612973595,4.90040545017683
Train,5.00381083553416,5.00381680060011
Train,2.12839386717379,2.12923608974497
Train,2.365771339067,2.36688648008613
Train,2.58861642001629,2.58969499398013
Train,2.79822399569451,2.79896451894252
Train,2.99595677854541,2.99643791287343
Train,3.18238533043354,3.18280712998241
Train,3.35864594203122,3.36023232287572
Train,3.52554838030815,3.5263332547339
Train,3.68381865018817,3.68489997151767
Train,3.83410955193628,3.83477824278204
Train,3.97716753219631,3.97715162839996
Train,4.11320149800927,4.11357845693388
Train,4.24285952041615,4.2432079891363
Train,4.36657959778536,4.36670840773734
Train,4.48476050856266,4.48517279145699
Train,4.59776610501519,4.59789495011966
Train,4.70604892226684,4.70584314503103
Train,4.80966900378909,4.8106670977405
Train,4.90903120470013,4.90912847864151
Train,5.00439268407793,5.00434750282109
Train,3.72531940591216,3.72535956924989
Train,3.81355006248276,3.81362991318378
Train,3.89910370578193,3.89942641443674
Train,3.98176646028418,3.98239453329532
Train,4.06200497426463,4.06203474908184
Train,4.1396107291213,4.13994711646815
Train,4.21501447792363,4.21526456680078
Train,4.28801348777979,4.28800403151485
Train,4.35900664635875,4.35942410260907
Train,4.42779725741733,4.42785084240763
Train,4.49475579342107,4.49489018406519
Train,4.55969171397872,4.56002025998142
Train,4.62295004665311,4.6228245095818
Train,4.68434642897675,4.68416651821338
Train,4.74420301403268,4.74465186061949
Train,4.80234156827577,4.80222221082167
Train,4.85906360552771,4.85942575928725
Train,4.91419692076629,4.91349842240075
Train,4.96802434118798,4.96792932121277
Train,5.0203795533777,5.02055267176735
Train,2.12342114714285,2.1236100116391
Train,2.34787688663283,2.34788834118158
Train,2.56067714470089,2.55997700112822
Train,2.76270681057394,2.76316023304335
Train,2.95454483116554,2.95444362034806
Train,3.13735944970684,3.1373998434661
Train,3.31157383725271,3.31179915221011
Train,3.47778092391275,3.47867912991367
Train,3.63652035933355,3.63660114134255
Train,3.78828436590831,3.78807020399569
Train,3.93335700316597,3.93328320519342
Train,4.07248886439546,4.0726072412074
Train,4.20588483348326,4.20746881239224
Train,4.33389245095729,4.33528828970799
Train,4.4568317363142,4.45773078993627
Train,4.5749978593045,4.57595524002554
Train,4.68853339679662,4.68981279600509
Train,4.7979556877325,4.79869975996074
Train,4.90336333270543,4.90385217624682
Train,5.00497329444606,5.00516432218371
Train,2.1208704296624,2.12191037118218
Train,2.34465519429434,2.34471315617385
Train,2.55717767725885,2.55711495687718
Train,2.75878680337357,2.75911167827366
Train,2.95075851920009,2.95112537913815
Train,3.13333216068679,3.13423251095218
Train,3.30759612221184,3.30726912086046
Train,3.47370835082017,3.47407062951504
Train,3.63260634091391,3.63332549831075
Train,3.78438719218116,3.78481092606469
Train,3.92986554903779,3.93025545718699
Train,4.06909280128947,4.06956403859821
Train,4.20278250003747,4.20345535401414
Train,4.3309515951509,4.33115586038012
Train,4.45422962792305,4.45441747275405
Train,4.57260757488032,4.57297596589828
Train,4.68664453331732,4.68629771201189
Train,4.79631191747419,4.79676572866668
Train,4.90210926517572,4.90178819164208
Train,5.00399331640657,5.0040190896519
Train,2.12924931223767,2.13015646349501
Train,2.35912135883691,2.35986768546531
Train,2.57606560891658,2.57723678175404
Train,2.78134971765133,2.78175982508969
Train,2.97549677801343,2.97571838157891
Train,3.15957488024274,3.15998055447045
Train,3.33434752821244,3.33458852997815
Train,3.5005029360257,3.5004477654403
Train,3.65882320039333,3.65948209604475
Train,3.80954418524963,3.8099965067253
Train,3.95334573313776,3.95355883241525
Train,4.09069364756216,4.09124322530331
Train,4.22214607077486,4.222955484212
Train,4.34781929167818,4.34822821519525
Train,4.46820830188515,4.46873938639453
Train,4.58363951855301,4.58408909278377
Train,4.69441301658393,4.69482434229883
Train,4.80091331381728,4.80118784341013
Train,4.9031747958769,4.90347348111653
Train,5.0015455379266,5.0015982357838
Train,2.12268676356649,2.12485160105913
Train,2.35437024298205,2.35487130568915
Train,2.57261457400547,2.57233365856233
Train,2.77900928900267,2.77879983490211
Train,2.97427889183946,2.97449244971943
Train,3.15929927688799,3.1589031853989
Train,3.33466344003837,3.3347961237735
Train,3.50147538002271,3.50098870043159
Train,3.66017057548459,3.65984902604188
Train,3.81132737330689,3.81103403599174
Train,3.95531135041539,3.95449914722219
Train,4.09292492768439,4.09287476568901
Train,4.22443618249143,4.22434766103315
Train,4.35024221157688,4.35036325740274
Train,4.47057315835938,4.46987302666221
Train,4.58603412447468,4.58564727291146
Train,4.69679208283185,4.69676728655069
Train,4.80312864558078,4.80194464127342
Train,4.90519018636411,4.90494639916967
Train,5.00344703892792,5.00316838179178
Train,2.12265009782257,2.12324504095368
Train,2.35572979025563,2.35500603722142
Train,2.5750598392882,2.57376109276165
Train,2.78228252437193,2.7817535359146
Train,2.97815509591462,2.97707398322308
Train,3.16337869508461,3.16269008295329
Train,3.33919032227398,3.33745790106441
Train,3.50610313654632,3.50555640131241
Train,3.66459901773056,3.6641605988083
Train,3.81563599656026,3.81507271867908
Train,3.95956741881483,3.95832398045555
Train,4.09688318371382,4.09624017830949
Train,4.22788248146663,4.22725815950151
Train,4.3532717463446,4.35291748668461
Train,4.4732692247139,4.47273243551547
Train,4.5880866177951,4.58777954504979
Train,4.69829906504583,4.69747324007003
Train,4.80405938971801,4.80376024114824
Train,4.90551810405756,4.90509613289455
Train,5.0031513190045,5.00269526642669
Train,2.12003463554383,2.12076258305714
Train,2.35714783650814,2.35787615406766
Train,2.57988878253158,2.58029421694948
Train,2.78952576432176,2.79054131103088
Train,2.98718210835904,2.98721845142347
Train,3.17385631307468,3.17483239599697
Train,3.35043891934648,3.35033035125407
Train,3.51772671694906,3.51813719544295
Train,3.67643476517014,3.67729839034758
Train,3.82720661015239,3.82744711259844
Train,3.97076419218273,3.97143701409033
Train,4.10734393666354,4.10848045018784
Train,4.23757068763201,4.2383156641349
Train,4.36187763354051,4.362031787411
Train,4.48065945461069,4.48136087191577
Train,4.59427650878617,4.59448449327464
Train,4.70305848327393,4.7035514636063
Train,4.80730758961421,4.80755365181952
Train,4.9073013674932,4.90766839970477
Train,5.00329515207782,5.00326135330865
Train,3.80508631483291,3.8048880133311
Train,3.88654810933985,3.8870003126299
Train,3.96554137244398,3.96518620271173
Train,4.04217663505703,4.04136855266908
Train,4.11655792629238,4.11694697003419
Train,4.18878324460844,4.188751273721
Train,4.25894498856847,4.2579560902699
Train,4.32713035119821,4.32685602766058
Train,4.39342168148047,4.39237386552164
Train,4.45789681613797,4.45818829595592
Train,4.52062938451491,4.5203042318541
Train,4.58168908906809,4.58169291444238
Train,4.64114196371404,4.64104484354596
Train,4.69905061204529,4.69847151210376
Train,4.75547442722233,4.75565777419786
Train,4.81046979516499,4.81026666382064
Train,4.86409028250449,4.86424864313716
Train,4.91638681061312,4.91602360678757
Train,4.96740781690015,4.96734503102227
Train,5.01719940444774,5.01660742307661
Train,3.18919590616482,3.18915471847938
Train,3.35110363820856,3.35067192023097
Train,3.50017321443827,3.49992453345901
Train,3.63809633302091,3.63683024253763
Train,3.76566391271009,3.7655856247985
Train,3.88419202512317,3.88221796910152
Train,3.99460860156457,3.99509290681894
Train,4.09771876847839,4.09622918503541
Train,4.19438176813094,4.19461728424778
Train,4.28488832998997,4.28381328300965
Train,4.36994699884477,4.37019849241436
Train,4.4500352933538,4.44815087658352
Train,4.52570006680876,4.52583860079509
Train,4.59706403329089,4.59680768122722
Train,4.66459410755469,4.66484161963157
Train,4.72859116050274,4.72806183191613
Train,4.78932538379668,4.78962630291987
Train,4.84713484658777,4.8469593033096
Train,4.90204523927743,4.9014754218158
Train,4.95435506960501,4.95389183883499
Train,2.12396630538222,2.12463132329347
Train,2.35179801990334,2.3523895427189
Train,2.56719130228627,2.56774018739163
Train,2.77113769693759,2.7715842756898
Train,2.96472585072628,2.9657224308889
Train,3.14834545487138,3.14807763315605
Train,3.3229274537559,3.3237329345457
Train,3.48912305658993,3.4901492133746
Train,3.64752237575987,3.64731217928117
Train,3.79866142779374,3.79958730237627
Train,3.94317785281554,3.94326038589551
Train,4.08121105218151,4.08206655714257
Train,4.21332460613861,4.21373858337599
Train,4.33989132251716,4.34068583943608
Train,4.46125334785472,4.46172027986672
Train,4.57772525603336,4.57817542029823
Train,4.68971305924139,4.68972401701406
Train,4.79724700049699,4.79762825032918
Train,4.90069504887542,4.90068567208821
Train,5.00028573597156,5.00047125429821
Train,2.12959268598176,2.12961373724659
Train,2.34922797403016,2.34933903232119
Train,2.55808462116416,2.55796011555567
Train,2.75693707001518,2.75703610259169
Train,2.94648730718673,2.94632475951694
Train,3.12737314322413,3.12732803725879
Train,3.300175382515,3.30034786908324
Train,3.46542405295298,3.46562420531781
Train,3.62360383613738,3.6236490427446
Train,3.77515881529847,3.77523170555017
Train,3.92049663890815,3.92054967462865
Train,4.05999218218508,4.06067764296912
Train,4.19399077574487,4.19477926076003
Train,4.32281105994149,4.32306179312848
Train,4.44674751456767,4.44702238414729
Train,4.56607270619007,4.5660317190328
Train,4.68103928921828,4.68126871716461
Train,4.79188179162676,4.79191448748904
Train,4.89881821189066,4.89902921527292
Train,5.00205145001714,5.00200152537475
Train,2.12566445510026,2.12734164464467
Train,2.3510771857013,2.35132671973387
Train,2.5643697422057,2.56461218298099
Train,2.76693524240595,2.76644126762064
Train,2.95935288700232,2.95935406984553
Train,3.14216688607041,3.14174654912528
Train,3.31645903249907,3.31627917585136
Train,3.48262977900552,3.4835232777792
Train,3.64106046988412,3.64141851602917
Train,3.79261081227122,3.79383620704299
Train,3.93756061359706,3.93709724895465
Train,4.07633189810952,4.076522842756
Train,4.20916581699346,4.2095040202484
Train,4.33671472675721,4.33736032828146
Train,4.45915344895581,4.46005241400191
Train,4.57665406274027,4.57707135164585
Train,4.68975735968976,4.69101047593774
Train,4.79858602189858,4.79887135727751
Train,4.90326284345048,4.90317119723394
Train,5.00424258269513,5.00398581934693
Train,0.883406418023391,0.885822597147124
Train,1.16053240111596,1.1625309170353
Train,1.415347312742,1.41751393460774
Train,1.64968499032115,1.65172309390133
Train,1.8662672181082,1.86878519483854
Train,2.06736284559467,2.06970785595062
Train,2.25397073943433,2.25415641108474
Train,2.42788327684906,2.42787490410845
Train,2.59061699747766,2.59009066196689
Train,2.74272144222805,2.74200844691053
Train,2.88543657785304,2.88506672363312
Train,3.01960576818161,3.01838424088277
Train,3.14618016407275,3.14625025459215
Train,3.26539767298131,3.26582957164102
Train,3.37806498066384,3.37783181504093
Train,3.48488162631605,3.4848809452216
Train,3.58596105495869,3.58622980957878
Train,3.6819099195626,3.68149662172343
Train,3.77325840106972,3.77312955308906
Train,3.86004507831147,3.85962849025856
Train,2.1277819703467,2.12730640820241
Train,2.3553920426656,2.35515408199039
Train,2.57056746525497,2.57025378835377
Train,2.774510200992,2.77420668087856
Train,2.96767848696358,2.96744373050541
Train,3.15109327755476,3.15057418107186
Train,3.32547509579793,3.32518158986781
Train,3.49147520042057,3.490741555307
Train,3.64984737003697,3.64955932988131
Train,3.80079286731003,3.80080809394284
Train,3.9449711958806,3.94474653478254
Train,4.0828274556459,4.08240958069547
Train,4.21490531602045,4.21487851214279
Train,4.34129827692849,4.34090482610723
Train,4.46249118487946,4.46254531115078
Train,4.57879848197566,4.57854875892783
Train,4.69050975921922,4.69024067641844
Train,4.79800371026766,4.79803731535037
Train,4.90129987929587,4.90129556817252
Train,5.00074266561156,5.00068719752988
Train,2.1202359420544,2.12126064183214
Train,2.35623760001112,2.35699564358709
Train,2.5780921314055,2.57899429689614
Train,2.78703459336688,2.78826826833675
Train,2.98416034608739,2.98476487637838
Train,3.17044426101161,3.17087045456435
Train,3.34675684452105,3.34759826727907
Train,3.51387783992243,3.51462077607592
Train,3.67250775616745,3.67289530370882
Train,3.82327768285522,3.82378721695379
Train,3.96675768152906,3.96729419996681
Train,4.1034639885138,4.10443408957954
Train,4.23386522114016,4.23431854293851
Train,4.35838774460766,4.35997312347308
Train,4.4774203290061,4.4779561028639
Train,4.59131820366708,4.59177514268781
Train,4.70040659791529,4.70092596526866
Train,4.80498384255612,4.80533118399374
Train,4.90532409438881,4.90550742952259
Train,5.00167973614037,5.00174229593946
Train,3.74273550016899,3.74339064334411
Train,3.82874242906088,3.82835447982611
Train,3.91204548926235,3.91288898178184
Train,3.99277021307129,3.99320470244075
Train,4.07103448043977,4.07109443352417
Train,4.14694909332201,4.14663603825715
Train,4.22061829905803,4.22098864644121
Train,4.29214026799212,4.29201714816735
Train,4.3616075299277,4.36190712897023
Train,4.42910737349907,4.42949419075083
Train,4.49472221208447,4.49550599220576
Train,4.55852991948575,4.55865736068972
Train,4.62060413824944,4.62070728266488
Train,4.68101456319575,4.68107688925035
Train,4.73982720245054,4.73894073700573
Train,4.79710461803561,4.79750776649445
Train,4.85290614786091,4.853145204463
Train,4.90728811077458,4.90738856124689
Train,4.96030399616043,4.96023054085341
Train,5.01200463942448,5.0121318007885
Train,3.79693439556105,3.79711135457721
Train,3.87713520306871,3.87735150638367
Train,3.9550573806178,3.95503085398625
Train,4.03066236005442,4.03082453004919
Train,4.10431291925466,4.10441489438073
Train,4.17595643483801,4.17589166973818
Train,4.24567384459165,4.24558041318613
Train,4.31354179207023,4.31384760049218
Train,4.37951559202317,4.37966735578463
Train,4.44390176439146,4.44403184329884
Train,4.50664522886314,4.5063872017521
Train,4.5678080600802,4.56792225993817
Train,4.62734330767854,4.62741871763082
Train,4.68552151860691,4.68567700385152
Train,4.74228743974852,4.7420370336768
Train,4.79769187990683,4.7978956632187
Train,4.85178323955669,4.85202860176762
Train,4.90451375460769,4.90446279445869
Train,4.95611737794341,4.95601817576029
Train,5.00653996048326,5.00654828936801
Train,2.1221828949409,2.12171746556212
Train,2.33175225558076,2.33171953615772
Train,2.5328438757832,2.53231268822742
Train,2.72558592830184,2.72573169673756
Train,2.91066809938173,2.91073249134413
Train,3.08853811646379,3.08855270153943
Train,3.25977644433965,3.25986687890127
Train,3.42442543521786,3.42515676353873
Train,3.58301291669796,3.58286683475963
Train,3.73586756797782,3.73646600708439
Train,3.88343881385723,3.88356270927182
Train,4.02571753041377,4.02676292136753
Train,4.1631175952725,4.16321846004044
Train,4.29588570789803,4.29588249860457
Train,4.42437781882477,4.42420377480323
Train,4.54855396622357,4.54872172460015
Train,4.66874551509666,4.66900168543982
Train,4.78514122530234,4.7851923318878
Train,4.89802858904853,4.89798975233041
Train,5.00734949443841,5.00699241463375
Train,2.127363861585,2.12581881339793
Train,2.36120034487585,2.36121777003663
Train,2.58131109369605,2.58149332131303
Train,2.78887016057013,2.78896601769111
Train,2.98473759057274,2.98476260441966
Train,3.1702220432636,3.16984612075639
Train,3.34596255326694,3.34638078007653
Train,3.51270727830512,3.51276960819058
Train,3.67112969428027,3.67131743895889
Train,3.82183768690393,3.82124898211782
Train,3.96524621173849,3.96545564833701
Train,4.10213074547067,4.102173471708
Train,4.23280324799678,4.23293821997121
Train,4.35767720435445,4.35776517956137
Train,4.47713019960063,4.47730841987684
Train,4.59150773221558,4.59138109246997
Train,4.70102304081977,4.70127371161099
Train,4.80617825226882,4.80619679125633
Train,4.90713312034883,4.90725345595499
Train,5.00413438630347,5.00411378834814
Train,2.12697172194735,2.12803511338058
Train,2.34708100812815,2.34746912632934
Train,2.55662844887172,2.55731510936288
Train,2.75589571631045,2.75627936246724
Train,2.94584034493259,2.94555385205829
Train,3.12710161436918,3.12718254292145
Train,3.30046199925953,3.30055078962434
Train,3.46604339843245,3.46627252704007
Train,3.62454114621304,3.62491514698947
Train,3.77640028600461,3.77704144269467
Train,3.92219814783348,3.92181838453515
Train,4.06196608943863,4.06229672837608
Train,4.19622609537134,4.19590074358728
Train,4.32529745712326,4.3257763697809
Train,4.44961942211055,4.44993299901607
Train,4.56917146386033,4.56845961498515
Train,4.68435652012277,4.68480293946074
Train,4.79540957440937,4.79553896493005
Train,4.90267360385345,4.90286232410754
Train,5.00609851481497,5.00537945536067
Train,2.12679631226947,2.12626085281783
Train,2.35941052263164,2.35967277242091
Train,2.57855838927712,2.57836881970231
Train,2.7853763926517,2.78494759671599
Train,2.9807093859723,2.97987745446663
Train,3.16580492170389,3.16554549601248
Train,3.34129673264503,3.34071990190612
Train,3.50791335586963,3.5068282046868
Train,3.66631145689403,3.66606828843408
Train,3.81708447918541,3.81729543036309
Train,3.9606466690095,3.96024279773844
Train,4.0977387037355,4.09636387013356
Train,4.22867562454959,4.22839365988597
Train,4.35386285562561,4.35333967325618
Train,4.47367098020691,4.4738939984008
Train,4.58843940454499,4.58874916377552
Train,4.69838477973748,4.69804737241938
Train,4.80398676873918,4.80379093035022
Train,4.90541021219951,4.90517829711253
Train,5.00289830872002,5.00261137074446
Train,2.11959601515214,2.11969224081672
Train,2.35722643235063,2.35730169554436
Train,2.58036662613676,2.58023649462395
Train,2.79030275957965,2.79055246336609
Train,2.98817315549093,2.987896630844
Train,3.17512527668088,3.17545851750988
Train,3.35178037342223,3.35133606832669
Train,3.51908850969932,3.51935995789072
Train,3.67777239842959,3.67786256967137
Train,3.82848211710734,3.82835892383774
Train,3.97180400931826,3.97196609823184
Train,4.10826830850856,4.10775960789022
Train,4.23835569298829,4.23857516010638
Train,4.36250294297825,4.36221376483448
Train,4.48110784000778,4.48134747673401
Train,4.59461671815349,4.5944803205235
Train,4.70319147943707,4.7033379469999
Train,4.80722338508463,4.80699731058627
Train,4.90699170771931,4.90721398366213
Train,5.0027532885297,5.00222790497176
Train,2.12039105261456,2.1210528555985
Train,2.3519822061585,2.35290698202098
Train,2.57043058964956,2.57080710989116
Train,2.77682410972723,2.77724913606533
Train,2.97213382689387,2.97217778052137
Train,3.15722923256873,3.15769316035114
Train,3.3328911903418,3.33308661252372
Train,3.49982294773069,3.50013914062284
Train,3.65865954593095,3.65871763884392
Train,3.80997589302896,3.81055067328332
Train,3.95429371703377,3.95462901858135
Train,4.09208757596232,4.09209297320842
Train,4.22379007087277,4.22405823721927
Train,4.3497963825008,4.35038856421522
Train,4.47046823172203,4.4705104479014
Train,4.58613734744369,4.58628336843553
Train,4.69710851194662,4.69744108669345
Train,4.80366224254902,4.80372308524245
Train,4.90605715927261,4.90608783138564
Train,5.00453208058388,5.00437750438638
Train,3.22398001027772,3.22312799647574
Train,3.29707425894986,3.29677878324124
Train,3.36821696589716,3.36874280843853
Train,3.43748525777209,3.43688365852936
Train,3.50495224991938,3.50499166741698
Train,3.57068730381067,3.5707007168164
Train,3.63475626490474,3.63366483659646
Train,3.69722168264786,3.69740834044855
Train,3.75814301415965,3.75729170094992
Train,3.81757681299849,3.8174663067244
Train,3.87542571072129,3.87551827179359
Train,3.93204693596976,3.93214415376279
Train,3.98733443150319,3.98704289721715
Train,4.04133477336249,4.04135940638126
Train,4.0940923938599,4.09428062853991
Train,4.14564970351116,4.1454610277405
Train,4.1960472047389,4.19533655168135
Train,4.24532359798794,4.24564070988702
Train,4.29351588083683,4.29327059719177
Train,4.34065944063894,4.34059081072113
Train,2.41237842794327,2.41351940384067
Train,2.51041837603494,2.50922085367349
Train,2.60552362221936,2.60565220658029
Train,2.69824767652747,2.69861356459256
Train,2.78826511213988,2.79104204806213
Train,2.87609419753086,2.87725683682695
Train,2.96142144075541,2.96023001207758
Train,3.04473318691561,3.04543667457244
Train,3.12572747707103,3.12679621293883
Train,3.20486164527284,3.20491828261451
Train,3.28184484139847,3.28301232762012
Train,3.35710795500672,3.35703241491155
Train,3.43037080987208,3.43047925593749
Train,3.50204012163821,3.50329107874573
Train,3.57184595081877,3.57260652832911
Train,3.64017285519684,3.64253216537083
Train,3.70676069880167,3.70749332466817
Train,3.77197367779375,3.77207233690052
Train,3.83556103484577,3.83631193929459
Train,3.89786821011268,3.89785089501826
Train,2.11374944733475,2.11491250365268
Train,2.34061683915293,2.34150150201128
Train,2.5556287583463,2.55677963190155
Train,2.75929575866743,2.75989105153644
Train,2.95267995739892,2.95308672149931
Train,3.13654092174186,3.13734911921276
Train,3.31173517103357,3.31236504970421
Train,3.47853700265252,3.47923712052809
Train,3.63768985289354,3.63834260864702
Train,3.78970806428591,3.79039985426677
Train,3.93520233142538,3.93584614324962
Train,4.07431271148091,4.07473762989383
Train,4.20757997417101,4.20845877607327
Train,4.33536469354172,4.33569035456868
Train,4.4581179357134,4.45874955074142
Train,4.57590120583772,4.57621575207274
Train,4.68912065863185,4.68936248768244
Train,4.79803650811661,4.79832841871926
Train,4.90299193878839,4.90314743477602
Train,5.00400163362495,5.0039510341693
Train,3.84189218210925,3.84179108040695
Train,3.91914570888167,3.91899173727748
Train,3.99404245335493,3.99386181759193
Train,4.06697075439214,4.06754765441663
Train,4.13773209783996,4.13811852736321
Train,4.20668850268692,4.20595994564579
Train,4.2736477309011,4.27310384992444
Train,4.33894810605683,4.33830310820035
Train,4.40240362912144,4.40161056759017
Train,4.46433121481758,4.46287620435021
Train,4.52455101246306,4.52334365097685
Train,4.58336052897372,4.58218890453069
Train,4.64058593291853,4.6395688241991
Train,4.69650708194124,4.69648912859102
Train,4.75095600778627,4.75003193784133
Train,4.80419647036785,4.80405818582979
Train,4.8560661902854,4.85626640887214
Train,4.90681420376901,4.90556456397536
Train,4.95628373434393,4.95537300139346
Train,5.00471031572566,5.00446435506454
Train,3.17326917347123,3.17346043516542
Train,3.31114591244312,3.31116357778777
Train,3.44256973444773,3.4430364636882
Train,3.56798329569134,3.56706023834108
Train,3.68794945837806,3.68790586329432
Train,3.80250955511672,3.80341786551767
Train,3.91216706133744,3.91207794494728
Train,4.01723009311391,4.01740119055785
Train,4.11798147716839,4.11755065275578
Train,4.21468129330634,4.21464898962875
Train,4.3076933378866,4.30931364018463
Train,4.39698546294538,4.39902676880002
Train,4.48289119812497,4.48322377231334
Train,4.56559960089773,4.5665281003022
Train,4.64528591275479,4.64516755394935
Train,4.72211279862145,4.72322915449373
Train,4.79633078743111,4.79727045475311
Train,4.86787852528508,4.86836081781486
Train,4.93699006652049,4.937240831885
Train,5.00378775675194,5.00358527244981
Train,2.42746433646033,2.42728993405604
Train,2.48640199061086,2.48581347450476
Train,2.54435298802687,2.54559299125348
Train,2.60174376549108,2.60260770526218
Train,2.65838252697084,2.65801841113003
Train,2.71408770691495,2.71403370626325
Train,2.76926864099013,2.76978581427963
Train,2.82354918999678,2.82280791373656
Train,2.87732786557413,2.87796105731301
Train,2.9304241777447,2.9297679953974
Train,2.98266694162148,2.98200087426829
Train,3.03443921864485,3.0349481308563
Train,3.08556684506708,3.08474338081202
Train,3.1358844595936,3.13586456480739
Train,3.18576056252825,3.18514836050757
Train,3.23485397289149,3.23545110316909
Train,3.2835239492721,3.28303524591828
Train,3.3316061741713,3.33212839133433
Train,3.3789443720149,3.37879627374929
Train,3.42588457504986,3.42537024981826
Train,1.82646787689097,1.82669996206401
Train,1.90525791844439,1.90622462130448
Train,1.98270267548582,1.98332800855787
Train,2.05883631103993,2.05865466208435
Train,2.13391473999949,2.13455605682819
Train,2.20752038594211,2.2075547894512
Train,2.27991079699546,2.28023124879971
Train,2.35111582218725,2.35215176422502
Train,2.42116434093403,2.4210650524008
Train,2.49008430209492,2.49066422659536
Train,2.55810478786715,2.55799722292213
Train,2.62484475181526,2.62570363353648
Train,2.69053485946431,2.69073487466838
Train,2.75519968971901,2.7555488629401
Train,2.81886306018045,2.81917887208588
Train,2.88154805639523,2.88177563226368
Train,2.94346101440315,2.94372726836365
Train,3.00425295518589,3.0047062897667
Train,3.06413172113584,3.06477617160186
Train,3.12311773449742,3.12307125186928
Train,2.12516466065827,2.12550206334501
Train,2.33716114908949,2.33725128734688
Train,2.53996805982947,2.54022361649369
Train,2.7341702387169,2.73392672279513
Train,2.92030393462083,2.92090001924991
Train,3.09886174434207,3.09810426372285
Train,3.27029696576513,3.27051757618133
Train,3.4350274402613,3.43503874891271
Train,3.59343895291489,3.59354730652225
Train,3.74588824882124,3.74585437919603
Train,3.89270571509763,3.89251651282993
Train,4.03419777104592,4.03441038286779
Train,4.17064900285793,4.17040000740895
Train,4.30232407415955,4.30226536774419
Train,4.42946943938306,4.4291369726819
Train,4.55231488330608,4.55260698778114
Train,4.67107490699119,4.67074347684195
Train,4.78594997771227,4.78608402592949
Train,4.89712765818979,4.89705406769924
Train,5.00478362851573,5.00428012553618
Train,-2.74344279740449,-2.74415608471635
Train,-2.49832366551957,-2.49791970565346
Train,-2.2603346184739,-2.26047404561452
Train,-2.03018457327557,-2.03152667805459
Train,-1.8070023949338,-1.80766007137345
Train,-1.5899992113954,-1.58907684492815
Train,-1.37984986589535,-1.38062992741605
Train,-1.1753363876652,-1.17470098035208
Train,-0.977110728950478,-0.978381094859873
Train,-0.78446379399358,-0.785601831624908
Train,-0.596750155832868,-0.597313185472992
Train,-0.414587902391232,-0.412976515449121
Train,-0.237344491965689,-0.23809944834658
Train,-0.0644425461914411,-0.0652797934081608
Train,0.103532628297502,0.102910469367082
Train,0.267510008998287,0.267954938669911
Train,0.426925364204251,0.427081260096965
Train,0.58230854151931,0.581965329195916
Train,0.734145301036514,0.732479344891277
Train,0.881901677704193,0.881244344796903
Train,4.22114307401785,4.22142743398948
Train,4.27092915387103,4.27120153872398
Train,4.31968659154348,4.31980002012597
Train,4.36744694060283,4.3674509369159
Train,4.41405882320019,4.41408502306823
Train,4.45991823203486,4.46014371583475
Train,4.50486769302297,4.50516757747651
Train,4.54893402305271,4.54905085468075
Train,4.59214299550984,4.59221999730167
Train,4.63451939054477,4.63462801893209
Train,4.67592558152676,4.67606368990584
Train,4.71671046143182,4.71679271608895
Train,4.75673152064307,4.7568100667282
Train,4.7960100173901,4.79611202400467
Train,4.83456642829078,4.83476429201353
Train,4.87242048394644,4.87260899685022
Train,4.9094467456612,4.90947068110546
Train,4.94595503797459,4.94598357198284
Train,4.98181595037012,4.98178231039697
Train,5.01704655092553,5.01710834806203
Train,4.11470868154158,4.11436974790886
Train,4.17185788001603,4.17188849238836
Train,4.22786464747821,4.2272764326473
Train,4.28235986950848,4.28236040804358
Train,4.33559920371485,4.3355565673803
Train,4.38762557000765,4.38689077585371
Train,4.43866756461441,4.43838856958188
Train,4.48838497194864,4.48844883000866
Train,4.53700712917677,4.53675151229909
Train,4.58456983373308,4.58457067006517
Train,4.63127910889496,4.63092349672221
Train,4.67682056651814,4.67685375919912
Train,4.72140114312707,4.72136660029877
Train,4.76505093175444,4.76509690650059
Train,4.80795663467098,4.80756563606849
Train,4.84982700370102,4.84987290975531
Train,4.89084974959399,4.89089022247395
Train,4.93105035333707,4.93088391608443
Train,4.97059884652402,4.97068542138305
Train,5.00922476797889,5.00838328053224
Train,4.21992064579747,4.21982573853198
Train,4.26974022623536,4.26949084360932
Train,4.31871438741194,4.31874654219292
Train,4.36649107150088,4.36654781491064
Train,4.4132949956313,4.41325272439749
Train,4.45915556930988,4.45905411562437
Train,4.5042762066365,4.50439225922944
Train,4.54833022727626,4.54809885124291
Train,4.59152241289011,4.59152041687309
Train,4.63387780879594,4.63388816845953
Train,4.67558247784803,4.67548729505917
Train,4.71633256765756,4.71608786080457
Train,4.75631550314629,4.75641582619382
Train,4.79555274577615,4.79544480440788
Train,4.83421518048099,4.83412504750248
Train,4.87201954791835,4.87197431293874
Train,4.90913806551148,4.90904951841702
Train,4.94558922959314,4.94560957838517
Train,4.98153056800724,4.98153515291655
Train,5.01669745030281,5.01670420142747
Train,2.87111866873502,2.87100489620832
Train,3.03689672073881,3.03735174184919
Train,3.19420326832043,3.19388855339778
Train,3.34367149289273,3.34403714069409
Train,3.48587300900729,3.48539977346546
Train,3.62132516977263,3.62161495621493
Train,3.75049735616833,3.75057828513516
Train,3.87381641140306,3.87357793302044
Train,3.99167135290364,3.99173627228601
Train,4.10441747153266,4.10474283901082
Train,4.21255285242099,4.21241837749095
Train,4.31602262236003,4.31624486587408
Train,4.41528112076258,4.41508653002185
Train,4.51058032119914,4.51083183568016
Train,4.6021524884946,4.60216062627962
Train,4.69021206873172,4.69007338663075
Train,4.77495736585336,4.77500141209562
Train,4.85657203245544,4.85663562309046
Train,4.93522639835917,4.93518617984752
Train,5.01107865718984,5.01130520788304
Train,4.3100877782714,4.30981969271875
Train,4.36115770628312,4.36190272505447
Train,4.41115580696383,4.41203305664872
Train,4.460115472284,4.45982902007175
Train,4.5080687214016,4.50769490227916
Train,4.55504627049331,4.55526984734232
Train,4.60107759836611,4.60186107563085
Train,4.64619100814373,4.64633747723312
Train,4.69041368529927,4.68982897357717
Train,4.73377175228393,4.73386644781331
Train,4.77615180588331,4.77602840003193
Train,4.81785766561425,4.81815488136615
Train,4.85877132938857,4.8587049925524
Train,4.89891515630077,4.89859146049023
Train,4.93831067186441,4.93791853141569
Train,4.97697860649986,4.97690011488695
Train,5.01493893190909,5.01471281082739
Train,5.05221089547164,5.05233410756934
Train,5.08881305278621,5.08888650807896
Train,5.12476329847349,5.12489268551521
Train,2.12016464815695,2.12094351771525
Train,2.35326866958822,2.35287297002543
Train,2.57297468503133,2.57344202043533
Train,2.78040553206236,2.77918572685712
Train,2.97656199015734,2.97388538270015
Train,3.1623389273006,3.16230572798389
Train,3.33853894949054,3.33787375977108
Train,3.50588399236667,3.50696926342953
Train,3.66502520805289,3.66347364820938
Train,3.81655143272875,3.81619998350769
Train,3.96120987843632,3.96202373374182
Train,4.09904913656665,4.09778368166873
Train,4.23073462779915,4.23155939771375
Train,4.35666945194845,4.35645062833791
Train,4.47722225462845,4.47629582126933
Train,4.59273083137362,4.59144474283682
Train,4.70350528861566,4.70370287505346
Train,4.80983082380676,4.80906657553104
Train,4.91197017717116,4.91162783910949
Train,5.01016579946084,5.009604981046
Train,2.12744169858149,2.12766529600262
Train,2.37097148215785,2.37097468427025
Train,2.59827525324982,2.59782464001928
Train,2.81148519853475,2.81106041451743
Train,3.01160754951304,3.01159696673038
Train,3.1995623451935,3.19936393112989
Train,3.37689595906516,3.3765981069791
Train,3.54403966517891,3.5436151670932
Train,3.70226675376502,3.70241977691901
Train,3.85207286361524,3.85179955345842
Train,3.99392406399412,3.99345520441463
Train,4.12879595120404,4.12838932686109
Train,4.25702028443094,4.25656768731218
Train,4.37891419273124,4.37803380219855
Train,4.49524483898669,4.49264772422277
Train,4.60608839289181,4.60488573220248
Train,4.71210664365114,4.71194929126961
Train,4.81347243784163,4.81080991792366
Train,4.91035593674023,4.90906607255275
Train,5.00329603149841,5.00123629396967
Train,2.12923639582564,2.12938574545203
Train,2.36858506485633,2.36862512545841
Train,2.59262964289315,2.59259781047357
Train,2.80336348937816,2.80354420300764
Train,3.00166886516516,3.00161391633889
Train,3.18861376921444,3.18879612872798
Train,3.36490720732054,3.36509020634154
Train,3.53188827249751,3.53166203919219
Train,3.69006001258038,3.69012714159967
Train,3.84010163414292,3.83992715610585
Train,3.98242992542413,3.98259779021041
Train,4.11799433987357,4.11815717390114
Train,4.2470892381035,4.24654152922326
Train,4.37016694240817,4.36958809609777
Train,4.48747801001475,4.48621041424625
Train,4.59972512910831,4.5993065176592
Train,4.70708208102682,4.70515693111751
Train,4.80986162114214,4.80896445377843
Train,4.90821551623668,4.9079778240109
Train,5.00268217420648,5.00128948320259
Train,3.3581303555405,3.357067503124
Train,3.48552923692209,3.48522041365514
Train,3.60621066552336,3.60534407438589
Train,3.72112022082648,3.72122042788844
Train,3.83045774514167,3.83010066502634
Train,3.93442447594735,3.9340025431891
Train,4.03377730617876,4.03131345531456
Train,4.1284616362552,4.12643186974767
Train,4.21913759707876,4.21920290434732
Train,4.3058916975546,4.30542302643539
Train,4.38881749164177,4.38882164330542
Train,4.46846075943748,4.46791035979764
Train,4.54486908582568,4.54421194119336
Train,4.61809814921101,4.61668939516093
Train,4.68860634215515,4.68817644916665
Train,4.75628783390436,4.75582058266569
Train,4.82155383094727,4.82171050128402
Train,4.8844130678437,4.88184370915076
Train,4.94488251793182,4.94459254982371
Train,5.00331509993132,5.00133321837916
Train,2.11970819002408,2.11995090996968
Train,2.35439695283502,2.35493022840726
Train,2.57501694188082,2.57479003307227
Train,2.78331881898011,2.78291549242149
Train,2.98005861875957,2.98067466308958
Train,3.16593902633131,3.16573646834972
Train,3.34227827471404,3.34216918792506
Train,3.50958157912856,3.50948689287476
Train,3.66832588576851,3.66840662213076
Train,3.81953245900865,3.81991469921237
Train,3.96354374363294,3.96362960746172
Train,4.10086139436776,4.10050153966669
Train,4.23177597874857,4.23193893730983
Train,4.35704135783907,4.35699468842505
Train,4.47686373351261,4.47696782835451
Train,4.59144524669837,4.59192546291148
Train,4.70140033199095,4.70118457302994
Train,4.80686990281105,4.80676220805351
Train,4.90799473991276,4.90803181846986
Train,5.00528413268445,5.00523168330775
Train,3.50580575900939,3.50590102477024
Train,3.77175036935444,3.77169772297491
Train,4.01367762902903,4.01366150256962
Train,4.23427948586878,4.2342549071045
Train,4.43664259910537,4.43663180863841
Train,4.62258293097934,4.62252953074065
Train,4.79435045109314,4.79436602581016
Train,4.95320089993264,4.95315073351749
Train,5.10068010819761,5.10068381265094
Train,5.23809903316935,5.23807504486875
Train,5.366206031209,5.36618834641985
Train,5.48614763116344,5.48613371001088
Train,5.59846330519902,5.59846718614871
Train,5.70395977203252,5.70392171222566
Train,5.80333583665748,5.80332728263231
Train,5.89692769142975,5.89697715364906
Train,5.98539726985254,5.98543047557293
Train,6.06899159481619,6.06900088736966
Train,6.14825647399482,6.14828309547691
Train,6.22337371728178,6.22360978013526
Train,-0.535805342382497,-0.534939803247573
Train,-0.168468699331958,-0.168525254008799
Train,0.173127250563216,0.173332587217212
Train,0.492658789088338,0.492470740751764
Train,0.791199143134699,0.791127159836716
Train,1.07168543207368,1.0717762939726
Train,1.33482617391665,1.33500353035636
Train,1.58301046245569,1.58241430865553
Train,1.81708578223305,1.81738048171727
Train,2.03785188561479,2.03786171746709
Train,2.24711264355684,2.24735235559209
Train,2.44507903251402,2.4448151449712
Train,2.63327193619246,2.6334130856844
Train,2.81209679461256,2.81240107652887
Train,2.98195037854468,2.98205219659763
Train,3.14403533786045,3.14438285999362
Train,3.29835227457922,3.29923387121342
Train,3.44594250409114,3.44620258760856
Train,3.58676104415284,3.5869879310484
Train,3.72171743989085,3.7224581589456
Train,3.95263125566175,3.95282281397546
Train,4.02288648163984,4.02304020560755
Train,4.09099235056401,4.09104463188924
Train,4.15742951977435,4.15794801530363
Train,4.22207075531228,4.222151944011
Train,4.28480585338668,4.28471868041775
Train,4.34607175127266,4.34608899264629
Train,4.40574598160853,4.40607313808007
Train,4.46372144599926,4.46328968312297
Train,4.52039716908693,4.52056555458615
Train,4.57565565102133,4.57631409177726
Train,4.62954939495117,4.62964592684693
Train,4.68197602719439,4.68221699271847
Train,4.73329136100342,4.73292401532065
Train,4.78338457262286,4.78360293221722
Train,4.83215704686244,4.83205948391423
Train,4.87993672087812,4.88007248013262
Train,4.92661768938206,4.92651805408718
Train,4.97210515319201,4.9723410164098
Train,5.01670238294885,5.01657153824619
Train,2.86040319676761,2.86032489713793
Train,2.95516200005257,2.9551565971126
Train,3.04712330231474,3.04711878227235
Train,3.13640918463351,3.13620874022463
Train,3.22313472655317,3.22291949787752
Train,3.30765142230709,3.30760363846621
Train,3.389569224302,3.38938948232996
Train,3.46923493619347,3.46931553422623
Train,3.5467401706057,3.5463811418581
Train,3.62217163770004,3.62209339600071
Train,3.69561146877738,3.69559468184318
Train,3.76713751458212,3.76722441906595
Train,3.83682362058526,3.83657120694008
Train,3.90473988129319,3.90458987462237
Train,3.97095287542302,3.97091377022666
Train,4.03571234856193,4.03564872274311
Train,4.09870102110598,4.09863153969529
Train,4.16016733033225,4.15979026773459
Train,4.22016580789655,4.21977117726517
Train,4.27874841172472,4.27735845406788
Train,3.94834857241857,3.94884500260304
Train,4.01740782830182,4.0168452017744
Train,4.08448366602558,4.08472822091425
Train,4.14999214614001,4.150310283617
Train,4.21366295193003,4.21321159242758
Train,4.27588763399669,4.27589490058283
Train,4.33640625917733,4.33694240594097
Train,4.39558801139962,4.39556967653354
Train,4.45332951202728,4.45349938162061
Train,4.50953957443521,4.5096672846861
Train,4.56455731325964,4.564287180829
Train,4.61814675620209,4.61792467807158
Train,4.6706290126182,4.67113793358117
Train,4.72190723519698,4.72189971240112
Train,4.77189501457726,4.77186689953974
Train,4.82088906483323,4.8209113696429
Train,4.86867467599852,4.86883540278588
Train,4.91553384593695,4.915671353487
Train,4.96125967032967,4.96128905800414
Train,5.0061205195486,5.0061310460583
Train,4.00572486412074,4.00531849003754
Train,4.07069386799758,4.07035053982876
Train,4.1341514785684,4.1329812345148
Train,4.19582186023062,4.19572315696186
Train,4.25593840039826,4.25572963565087
Train,4.31455909413189,4.31447971322737
Train,4.37189090164368,4.37062845066218
Train,4.42767899470071,4.42671764056196
Train,4.4821289332508,4.48158853793803
Train,4.53528829293779,4.53518693891189
Train,4.58734033580375,4.58654451398076
Train,4.63804930355442,4.63809964024335
Train,4.68759766170562,4.68722394994311
Train,4.73602480488829,4.7354058230687
Train,4.78349420479014,4.78284296294657
Train,4.82978737850795,4.82929167351936
Train,4.87506741754815,4.87459375252896
Train,4.91936722087082,4.9186450314775
Train,4.96283356217221,4.9619367222582
Train,5.00526359910687,5.00437493669963
Train,4.30786190900008,4.30713303475751
Train,4.34911875274351,4.34917153658567
Train,4.38958931103504,4.38896677098939
Train,4.42958690573192,4.43010903999123
Train,4.4688315680982,4.46877545907632
Train,4.50762669888236,4.5071749775884
Train,4.5457003340541,4.54529040151597
Train,4.58334642240813,4.58190862522826
Train,4.62043602756402,4.62020529846829
Train,4.65684802204323,4.65660787706244
Train,4.69286298479566,4.69133023480897
Train,4.72822755697104,4.72857719035748
Train,4.76321391515958,4.7630838050138
Train,4.79770151081248,4.79803533523124
Train,4.83157681748398,4.83192291397396
Train,4.86510009875306,4.86410655265506
Train,4.89803478641953,4.89764779558682
Train,4.93063364025521,4.92984972912805
Train,4.96266634938228,4.96158333214375
Train,4.9943784928849,4.99413529536065
Train,2.11381598162526,2.11696731749618
Train,2.35975152066355,2.36236793439087
Train,2.58971946633783,2.59007759026072
Train,2.80467502260375,2.8045633216115
Train,3.00629967367229,3.00674355248969
Train,3.19603934511922,3.19616238654744
Train,3.3744561700665,3.3744790892207
Train,3.54275020653373,3.54294931879521
Train,3.70196371008232,3.70184921928498
Train,3.85242458682499,3.85256390028319
Train,3.99501860905168,3.99588237747278
Train,4.13034703663764,4.13055851770376
Train,4.25911725960685,4.25887005744143
Train,4.38147857577099,4.38163966335715
Train,4.49804807547099,4.49869553936777
Train,4.60937113197392,4.60904128343691
Train,4.71551941404335,4.71590926494222
Train,4.81697652558721,4.81709032622369
Train,4.9141723493683,4.91416960943824
Train,5.00712889188085,5.00697198723961
Train,2.12824086014106,2.12891560539287
Train,2.36563577693557,2.36581311841537
Train,2.58876682572363,2.58878287846095
Train,2.79834575793185,2.79853394869728
Train,2.99607567896539,2.99547904147934
Train,3.18245605234944,3.1814692093064
Train,3.35888799165738,3.35790475846403
Train,3.5257189974797,3.52551698925711
Train,3.68411765957447,3.68386029097365
Train,3.83432136404427,3.83345742866461
Train,3.97731673355594,3.97689002804156
Train,4.11326056571537,4.11327163186431
Train,4.24299498980412,4.24295790616026
Train,4.36661735849057,4.36636443616158
Train,4.48485354581673,4.4839837136594
Train,4.59775679944579,4.59795903558242
Train,4.70595833691108,4.70596686640085
Train,4.80947855874789,4.80928538330555
Train,4.90887077214744,4.90863159674962
Train,5.00413087628045,5.00317590666092
Train,2.12437101382411,2.12461208399182
Train,2.3512290524144,2.35103268254557
Train,2.56592591238666,2.56518251364813
Train,2.76941395359665,2.76945204252425
Train,2.96254862471074,2.96208357867214
Train,3.14610048437293,3.14585857814374
Train,3.32076547631727,3.32063486166603
Train,3.48717374731251,3.48639124706459
Train,3.64589724346215,3.64534724877506
Train,3.79745627785903,3.79743265740956
Train,3.9424936801774,3.94170416052063
Train,4.08109875316139,4.08102859691199
Train,4.21384435438266,4.21360750748302
Train,4.34109435273269,4.34133256947998
Train,4.46318310010972,4.46349850902586
Train,4.58041836494487,4.58066758460706
Train,4.69308392269098,4.69321607333608
Train,4.80144184917884,4.80165735445309
Train,4.90573455585667,4.90595771246666
Train,5.00618660018172,5.00600640912291
Train,5.12825314714536,5.12831700396265
Train,5.22807324783376,5.22771161775427
Train,5.3234386606687,5.32358177652235
Train,5.41445300671969,5.41426614738915
Train,5.50149719276265,5.50135850960701
Train,5.58491156061234,5.58499845260229
Train,5.66475330276161,5.66484712451021
Train,5.74140541072409,5.74121405759731
Train,5.81490305516721,5.81492732490842
Train,5.88551001183648,5.88533112767246
Train,5.95346382818578,5.95359976543392
Train,6.01877586215715,6.01856905778175
Train,6.08166230086552,6.08180102709129
Train,6.1423186225749,6.14232837532792
Train,6.20074012447725,6.20061769089736
Train,6.25716493748282,6.25728442151018
Train,6.31158068255573,6.31143868037599
Train,6.36414726549828,6.3642610512124
Train,6.41501012561041,6.41503256063611
Train,6.46414862124372,6.46437311741031
Train,3.80787064129186,3.80787867111517
Train,3.8898763491532,3.89002725315621
Train,3.96929618216408,3.96952041529632
Train,4.04625055192399,4.04670135339552
Train,4.12085250832296,4.12095866562583
Train,4.19303900848582,4.19310426376751
Train,4.26325354655403,4.26318320175832
Train,4.33141573353746,4.33135522660891
Train,4.39761425773164,4.39767505972805
Train,4.46193277000705,4.4619497724308
Train,4.52445023645379,4.52439507730943
Train,4.58524126181113,4.58518347624044
Train,4.64437638646708,4.64460136640651
Train,4.70192235951398,4.70205193168465
Train,4.75794239008229,4.75802378526667
Train,4.81236848862255,4.81248563364641
Train,4.86551652420822,4.86551201671999
Train,4.9173091080499,4.9173689695058
Train,4.96779744005766,4.96789504769088
Train,5.01703017355194,5.01704038795619
Train,3.806617109391,3.80507660076948
Train,3.88872745957526,3.88820015255059
Train,3.96805714263483,3.96806904751606
Train,4.04511904278585,4.0448346189614
Train,4.11982671861387,4.11899829394507
Train,4.19211020094286,4.19220935023272
Train,4.26242708916631,4.2623248828153
Train,4.33068986335162,4.33001207370925
Train,4.39682588928662,4.39649056361059
Train,4.46124608316893,4.46122025836924
Train,4.52386335476693,4.5230022235264
Train,4.58475234690992,4.58480996862994
Train,4.64383937400634,4.64384665099059
Train,4.70148360033293,4.69985313989769
Train,4.75760000785312,4.75756463465073
Train,4.81211536859238,4.81138810660179
Train,4.865356297876,4.8655692098894
Train,4.91724002756876,4.91702639312859
Train,4.96769448492966,4.96723845520345
Train,5.01701804254222,5.01686746436704
Train,3.80588284254704,3.80415962460946
Train,3.88763077769702,3.885363279616
Train,3.9668537308049,3.96588541716006
Train,4.04366690789852,4.04332317230202
Train,4.11817861140821,4.11696755747134
Train,4.19049074964758,4.18960616364344
Train,4.26069930183139,4.25902990530481
Train,4.32889474309265,4.32760622696196
Train,4.39516243345652,4.39489784005715
Train,4.45958297428733,4.45800465679905
Train,4.52208645869079,4.52128455081253
Train,4.5830410130851,4.58230361672113
Train,4.64236465318102,4.64160609460031
Train,4.70012197055097,4.69967430873021
Train,4.75637419038466,4.75502561178847
Train,4.81117938797974,4.81021478168884
Train,4.86459268873759,4.86387774521635
Train,4.91666645311231,4.91592413977898
Train,4.96745044781713,4.96701479237572
Train,5.01699200446504,5.01599045067923
Train,0.176039307231385,0.175905670800163
Train,0.491829061560372,0.491819641896695
Train,0.786189983580055,0.786150712411174
Train,1.060260249714,1.0596786456049
Train,1.3165208250122,1.31605128898583
Train,1.55707898845063,1.5567726909121
Train,1.78253343107456,1.7820540522401
Train,1.99463927302696,1.99422073149929
Train,2.19490352153171,2.1944048464975
Train,2.3836181001812,2.38298769442943
Train,2.56207124256819,2.56163703460742
Train,2.73107775108345,2.73009117791083
Train,2.89165437654659,2.89135778941894
Train,3.04387222746022,3.04332941513662
Train,3.18862533618351,3.18790228432606
Train,3.32669603920296,3.32625651030075
Train,3.458066060632,3.45746174594333
Train,3.583435393406,3.5829653815613
Train,3.70342045735597,3.70287495036301
Train,3.81794992943887,3.81620711645791
Train,2.12504486247883,2.12469517612448
Train,2.37489199552404,2.37485565092531
Train,2.60767217902113,2.60741123413377
Train,2.8244986217606,2.82435071566618
Train,3.02722669966997,3.02700305214099
Train,3.21744156556698,3.2168520485742
Train,3.39579031130041,3.39577009435944
Train,3.56357351961028,3.56316849629608
Train,3.72191458341093,3.72184227416034
Train,3.8711886297476,3.87102384675743
Train,4.0123415361702,4.01238971884825
Train,4.1460184888255,4.14604813290519
Train,4.27296821072343,4.27298450039437
Train,4.39336241952189,4.39316400579325
Train,4.50784962688509,4.50799578749592
Train,4.617000697633,4.61695173621123
Train,4.72090040077817,4.72094374208032
Train,4.82005198778212,4.82044959792625
Train,4.91490121639626,4.9149180509762
Train,5.00547786237325,5.00540518233819
Train,2.12749913734611,2.12677456372855
Train,2.37925839223504,2.37809997361985
Train,2.61285901515677,2.61244882432352
Train,2.83078537289142,2.83026242499997
Train,3.03428807162891,3.03332163081107
Train,3.22475320633669,3.22445370544419
Train,3.40315267803497,3.40270541045028
Train,3.57105287025575,3.57057520985959
Train,3.7291390736078,3.72907239358877
Train,3.87824731562602,3.87823349639412
Train,4.01892969351737,4.01875478582338
Train,4.15224331228767,4.15193827115961
Train,4.27857991926452,4.2779660044984
Train,4.39847326376307,4.39850739595061
Train,4.51224861884756,4.51218781910364
Train,4.62065821805496,4.62063178335724
Train,4.72393158977961,4.72370689865208
Train,4.82242530335493,4.82222954519078
Train,4.91633511783574,4.91550985445802
Train,5.00621937921477,5.00597043266312
Train,2.12250081614239,2.12268806373272
Train,2.37137815312197,2.37162894316874
Train,2.6035019872609,2.60365910020164
Train,2.81992548588734,2.81998882002619
Train,3.02273494307519,3.02304251288253
Train,3.21266267447096,3.21298013845134
Train,3.39137986178172,3.39169131909856
Train,3.55939585741418,3.55975842289691
Train,3.71785785359595,3.71797531759384
Train,3.86776095855601,3.86765757550346
Train,4.00939607948925,4.00951335576227
Train,4.14379257918816,4.14379324111205
Train,4.27114552784829,4.271160862125
Train,4.39215851123576,4.3920712854901
Train,4.50744991679182,4.50754688754168
Train,4.61711762343804,4.61721902667593
Train,4.7218475913991,4.72172108983875
Train,4.82169386306172,4.8216840554487
Train,4.91724991121634,4.91732259198503
Train,5.00853741419454,5.00860079346315
Train,3.12589242671175,3.12494518899113
Train,3.18840736762524,3.18712371275199
Train,3.24961871669671,3.24936425872546
Train,3.3093403703835,3.30891250623419
Train,3.36806855125741,3.36783527036796
Train,3.4256092008536,3.42478290726883
Train,3.48199797791098,3.47980265728589
Train,3.53726912765386,3.53368054968986
Train,3.59125075452547,3.59020704800642
Train,3.64438803489498,3.64359840438844
Train,3.69650250230504,3.69585579180846
Train,3.74762340667057,3.74500217705103
Train,3.79758926075564,3.79684929260039
Train,3.8468099525491,3.84508491638905
Train,3.89511830851896,3.89297009251942
Train,3.94253946179539,3.9409176365206
Train,3.98909763074818,3.98580121801868
Train,4.03464322954132,4.03275081905978
Train,4.07954770695401,4.07806352607852
Train,4.1236566866922,4.12026383963825
Train,2.30174952238649,2.30149156240401
Train,2.42563849430021,2.42524396995429
Train,2.54472832004564,2.54481241915359
Train,2.65986408848766,2.65989624152073
Train,2.77096213948657,2.77103364365233
Train,2.8782312120723,2.87796279572855
Train,2.9816079679532,2.97970836089863
Train,3.08179842266637,3.08181041129018
Train,3.17870542979105,3.17872691139533
Train,3.27248779514222,3.27252697068689
Train,3.36306799464951,3.36286049316109
Train,3.45104497922095,3.45115975874045
Train,3.53631602303299,3.53552061300385
Train,3.61900407670275,3.61922901729344
Train,3.69902468544491,3.69851402540364
Train,3.77689263870125,3.77665704982254
Train,3.85250428662077,3.85245738106326
Train,3.92595629688816,3.92319279159788
Train,3.99716171304927,3.99651156170507
Train,4.06656796529797,4.06650795645067
Train,3.80127752748531,3.80119935149638
Train,3.88376399142518,3.88278177400359
Train,3.96354427333367,3.96323196534731
Train,4.04074939885598,4.04052044739987
Train,4.11550206946231,4.11447782438456
Train,4.18807501362775,4.18807657565652
Train,4.25825595785258,4.25737442384632
Train,4.32630903701418,4.32627438014886
Train,4.39232958027726,4.39177763305096
Train,4.45640730621492,4.45520682393774
Train,4.51862672958719,4.51878190632786
Train,4.57906753323467,4.57872024831758
Train,4.6378049085286,4.63810665943757
Train,4.69490986743565,4.69458164571664
Train,4.75044952892091,4.74925335875219
Train,4.80460531499195,4.80415156214222
Train,4.85719833594022,4.85738151908548
Train,4.90840670928397,4.90776711873331
Train,4.95828440621353,4.95723638951062
Train,5.00688262895638,5.0057927690023
Train,4.42405771003172,4.42444318353866
Train,4.4670126291091,4.46628625964719
Train,4.50905801934973,4.50818669911763
Train,4.55049287462654,4.5503144846754
Train,4.59119658831956,4.59111318227482
Train,4.63118834329603,4.63114518266064
Train,4.67035808054275,4.66932542084798
Train,4.70898303512818,4.70905151530105
Train,4.74694964498972,4.7466684706015
Train,4.78427459967259,4.78396186861765
Train,4.82085392069449,4.82044322370353
Train,4.85694540720588,4.8570701128125
Train,4.89244199366787,4.89201400715647
Train,4.92735826855581,4.92737539166904
Train,4.96159589677789,4.961427836743
Train,4.99539524201747,4.99524220968777
Train,5.02865523458299,5.02692555472578
Train,5.06138868235503,5.06007343149867
Train,5.09350248887403,5.09187457686252
Train,5.12522131481153,5.12354550019666
Train,4.07463428571429,4.07499355073607
Train,4.1424878817734,4.1433247987648
Train,4.20763150318192,4.20784707254055
Train,4.27005571943413,4.26991922795612
Train,4.33025108942232,4.33115865456675
Train,4.38817811066825,4.38866762903256
Train,4.44396262968043,4.44490054245361
Train,4.49772135282087,4.49868542011455
Train,4.54942277315042,4.54904567100267
Train,4.59945231154328,4.59958514717339
Train,4.64775881540354,4.64811882715616
Train,4.69442979071714,4.69444955627797
Train,4.73942502629774,4.7393949374325
Train,4.7830685914796,4.78251218426834
Train,4.8253058575665,4.82547513598713
Train,4.86620371825587,4.86660494133423
Train,4.90582489087089,4.90539963380325
Train,4.94412435061645,4.94305354929187
Train,4.98136829008649,4.98139303562367
Train,5.01750156316566,5.01694906268164
Train,4.11391224174551,4.11457702046077
Train,4.17086899875919,4.1706977709797
Train,4.22654643261608,4.22579078648709
Train,4.28098716752216,4.28086691691463
Train,4.33423195495662,4.33427607214921
Train,4.386319775404,4.38668968067054
Train,4.43728793352601,4.4370363488316
Train,4.48717214726119,4.48688962534227
Train,4.53600663129973,4.53530036726133
Train,4.58382417534343,4.58348228989365
Train,4.63052638339636,4.6284061541406
Train,4.67640571428571,4.67608727901764
Train,4.72135855700427,4.71995777061166
Train,4.76541269530156,4.76306665262818
Train,4.80859481300768,4.80849088557895
Train,4.85093054793016,4.84947213755771
Train,4.89244454261248,4.89114175970039
Train,4.9331604921652,4.9305712909486
Train,4.97310118936505,4.97256888929086
Train,5.01228856720203,5.01174746974777
Train,4.31041569693412,4.30945892796875
Train,4.36150201322049,4.36149585035639
Train,4.4113712724966,4.41174182279674
Train,4.4603569816047,4.45967238280644
Train,4.50833916000455,4.50783823575636
Train,4.55534833281064,4.55406616525491
Train,4.60127684922546,4.60130058944306
Train,4.64642945323015,4.64727170183733
Train,4.69069343394197,4.69025979520586
Train,4.73409476849156,4.73383981046436
Train,4.77653184227533,4.77577479158201
Train,4.81828426118081,4.81840843110685
Train,4.85924606970945,4.85950482690624
Train,4.8994395133602,4.89896416834305
Train,4.93876865029425,4.93885606295166
Train,4.97749098250746,4.97710455317869
Train,5.01550681702997,5.0148304803412
Train,5.05283531438251,5.0527052488169
Train,5.08938584281513,5.08889755725184
Train,5.12539636033461,5.12469336452461
Train,2.13243861956292,2.13318068562321
Train,2.34128924043706,2.34235463906657
Train,2.54147236406507,2.54170675431523
Train,2.73351658577987,2.73454215907866
Train,2.91764908754638,2.91824897898568
Train,3.09484693270104,3.09568928974342
Train,3.26525431926018,3.26613972632932
Train,3.42925423805619,3.42998815681166
Train,3.58720140982669,3.58770181547862
Train,3.73942484636421,3.74006803786834
Train,3.88602325679968,3.88657879603153
Train,4.02770179249685,4.02780583135012
Train,4.1645107136517,4.1648822083375
Train,4.29669683792838,4.29679913620569
Train,4.42449058009706,4.42461886981393
Train,4.54810729238474,4.54808087311522
Train,4.66757958015531,4.66787110573097
Train,4.78343928285984,4.78308461386813
Train,4.89568893908169,4.89576941713548
Train,5.00449468742572,5.00364939832862
Train,2.12760523077417,2.12984928676031
Train,2.34637372309523,2.34677972865901
Train,2.55457813048694,2.55507898541682
Train,2.75296560508509,2.75408032222207
Train,2.94221446468269,2.94213748767437
Train,3.123221454504,3.12458518359428
Train,3.29597824642569,3.29631045275672
Train,3.46129167080254,3.46210441209674
Train,3.61963263821041,3.6207675587345
Train,3.77143315625735,3.77218985401361
Train,3.9170902656182,3.9180125729573
Train,4.05696950766991,4.05759914224051
Train,4.19140798749415,4.19190530230315
Train,4.32071708628142,4.32103466706289
Train,4.44518486907893,4.44576087690495
Train,4.56526444033518,4.56573244582013
Train,4.68082434171382,4.68102633819222
Train,4.7922878682364,4.79215209154196
Train,4.89986903945461,4.8997731644139
Train,5.00376722120807,5.0035021843758
Train,0.881313407493903,0.882924293683473
Train,1.04022533311853,1.04113716150903
Train,1.19485035881755,1.19600280984796
Train,1.34455630837884,1.34545139958204
Train,1.49035156023774,1.49192241308683
Train,1.63162894722668,1.63182337331074
Train,1.76932972330652,1.77034828880017
Train,1.90287082845417,1.90364997351712
Train,2.03278477320619,2.03341389436073
Train,2.15955630663759,2.16028399834095
Train,2.28263671028192,2.28324865946049
Train,2.40282653217886,2.40294844634108
Train,2.51959872791927,2.51974722864388
Train,2.63340110973659,2.63312340263847
Train,2.74464323365736,2.74467342901271
Train,2.85282871803426,2.85327730766448
Train,2.95864722385864,2.9586011864037
Train,3.06162162721572,3.06163360634413
Train,3.16240370553857,3.16239461313858
Train,3.26053467173671,3.26074975284981
Train,3.20745703847065,3.2081879356014
Train,3.30170650686263,3.30172709487109
Train,3.39306209800919,3.39288148361095
Train,3.481655078994,3.48234079463943
Train,3.56760889607013,3.56741833563495
Train,3.65103974856348,3.65142379645975
Train,3.73205711297071,3.73205316496172
Train,3.81076422222222,3.81055859826742
Train,3.88725850452219,3.88738168320562
Train,3.96163198568811,3.96164586722531
Train,4.03414958402946,4.0342295448585
Train,4.10453298015473,4.10472524041505
Train,4.17304297401347,4.17329763500584
Train,4.23975338006026,4.239482660971
Train,4.30473418517441,4.30460717063694
Train,4.36805179357886,4.36801021066771
Train,4.42976925319048,4.43007049903859
Train,4.48994646502365,4.48972813674531
Train,4.54864037710914,4.54876286624343
Train,4.60590516424798,4.60592571452739
Train,3.81322948551779,3.8132877050142
Train,3.90691893116058,3.90708492918681
Train,3.99499599651112,3.99506637177214
Train,4.07829800435941,4.07828708475032
Train,4.15687309776207,4.15690749380695
Train,4.2314241501863,4.23144514606751
Train,4.30195598079178,4.30196851731643
Train,4.36906600413628,4.36888427370909
Train,4.43286309570572,4.43288695411182
Train,4.49345921462985,4.49342587131713
Train,4.55133206798867,4.55141642970565
Train,4.60642880980625,4.60632553149891
Train,4.6591659071363,4.65921202697589
Train,4.7095853832341,4.70964764970747
Train,4.75773519097383,4.75759136718999
Train,4.80395954642162,4.80412451581363
Train,4.84818469075593,4.84805079513308
Train,4.89071654213727,4.89079010382437
Train,4.9314780344064,4.93157331476078
Train,4.97074279761159,4.97055812660871
Train,2.11871101732342,2.11913638968954
Train,2.35639971209534,2.35613213122725
Train,2.57961855820311,2.57946010309869
Train,2.78989134529572,2.78993899264539
Train,2.98785655932474,2.98766051545388
Train,3.17477896625679,3.17477451121088
Train,3.35155747229536,3.35169931810847
Train,3.51899599735828,3.51925902379387
Train,3.67799902481864,3.67842731315732
Train,3.82883959521849,3.82877363695905
Train,3.97229603415125,3.97289349852116
Train,4.10889760260885,4.10904311013983
Train,4.23927485409542,4.23956431803559
Train,4.36355570378415,4.36383192259307
Train,4.48229529172797,4.48200867803262
Train,4.59585613532836,4.59608932203594
Train,4.70456980496575,4.70479319610132
Train,4.80886099985393,4.80884884417846
Train,4.90876211796032,4.90874970166365
Train,5.00465578625424,5.00467110105605
Train,2.12948535332106,2.12982852610993
Train,2.36808451852299,2.36812799672242
Train,2.59186526912554,2.59210943595525
Train,2.80216649499457,2.80215382369842
Train,3.000170504711,3.00004941040957
Train,3.18692526529574,3.18672838711102
Train,3.36336295610416,3.36338581843072
Train,3.53031553040329,3.53028462240262
Train,3.68852783291814,3.68863347259912
Train,3.8386687097472,3.8387392821912
Train,3.98117658853724,3.98141343412312
Train,4.11693089856034,4.11681090730598
Train,4.24625164233841,4.24624193605163
Train,4.36958557581574,4.36960950858066
Train,4.48733902625815,4.48740725596955
Train,4.59988236426554,4.59988543591252
Train,4.7075538950272,4.70770410655483
Train,4.8106632549458,4.81064037647453
Train,4.90949438546162,4.90952383583966
Train,5.0043081442292,5.00393661719329
Train,3.80686095628512,3.80557206509508
Train,3.88825780035489,3.88764953504391
Train,3.96735305420407,3.96687826545492
Train,4.04390277421532,4.04277242597952
Train,4.11819219791182,4.11871960350454
Train,4.19048006029031,4.1890036878477
Train,4.26053463553273,4.25895646223382
Train,4.32860849110071,4.32869680145791
Train,4.39493142283059,4.39442520398282
Train,4.45928377012633,4.45858590847842
Train,4.52189070250458,4.52137906701537
Train,4.58282228061717,4.58251201301699
Train,4.64227670641411,4.64230738624795
Train,4.70004978487365,4.6997146828253
Train,4.75633656690906,4.75487154704448
Train,4.81131565928723,4.81096182676076
Train,4.86479384963001,4.86490971255991
Train,4.91694739191074,4.91675653835366
Train,4.96793808513569,4.96836633580613
Train,5.01758310678026,5.01663065582091
Train,3.80679430504339,3.80722271769202
Train,3.88778650624006,3.88797593943174
Train,3.96636833684948,3.96680275969781
Train,4.04264582006686,4.04313152200244
Train,4.11688107377723,4.1168205197019
Train,4.18883926678568,4.18937453252254
Train,4.25877631363443,4.25971320919607
Train,4.32677618926272,4.32670080707913
Train,4.39291828014959,4.39319304364729
Train,4.45727769348714,4.45758644532924
Train,4.52006290390445,4.52030732736068
Train,4.58106298535578,4.58119445558795
Train,4.64048290846607,4.64053771612216
Train,4.69838328726409,4.69933273562331
Train,4.75482167475606,4.75476129204579
Train,4.80985275374445,4.81016783736484
Train,4.86364632096847,4.86448010227075
Train,4.91601337261856,4.91607454229843
Train,4.96712174883294,4.96756155142563
Train,5.01701629032258,5.01716536198814
Train,3.80611972270364,3.80858203922424
Train,3.88731910707581,3.88766710206513
Train,3.96625146411162,3.96626601820092
Train,4.04267301536831,4.04341815116153
Train,4.11702825065274,4.11834933480689
Train,4.18908159294882,4.18891015907426
Train,4.25924659584589,4.25896796675813
Train,4.32729583140517,4.32724910080357
Train,4.39361508479803,4.39533556801818
Train,4.45798494631505,4.45797874114148
Train,4.52076618154539,4.52007099776492
Train,4.58174721307592,4.58270551252744
Train,4.64126618351841,4.6405592332211
Train,4.69911912423919,4.6993355429754
Train,4.75562365370924,4.75562625585124
Train,4.81058316405152,4.81040744064079
Train,4.86429659539017,4.86399278829686
Train,4.91657443783087,4.91625195297442
Train,4.96769858284785,4.96762859093212
Train,5.01748634825444,5.01671088800343
Train,3.80623805303049,3.80532457160157
Train,3.88753078020919,3.88763459295643
Train,3.96637498914405,3.96670232811732
Train,4.04271066599911,4.04255290242063
Train,4.11698331648424,4.1171582727179
Train,4.18911552401937,4.18880715346929
Train,4.25919850153353,4.2591770168519
Train,4.32731835193961,4.3272944775722
Train,4.39340995199618,4.39366664649736
Train,4.45784711642854,4.4577439679311
Train,4.52055203115629,4.52057007810883
Train,4.58159362124596,4.58190784015181
Train,4.64090566213999,4.64154531458338
Train,4.69881655337345,4.69850469785495
Train,4.75525002877237,4.75513137957258
Train,4.81026191371953,4.81016924876959
Train,4.86390525603733,4.86389819472456
Train,4.9161146136343,4.91615866357721
Train,4.96717254044537,4.96745582386513
Train,5.01700594790432,5.01673140805452
Train,3.80454649010638,3.80472220395493
Train,3.88620973410509,3.8858288834027
Train,3.96520051675306,3.96551603411188
Train,4.04200080796561,4.0419973613809
Train,4.11652832777307,4.11631274564287
Train,4.18871590068989,4.18894581625216
Train,4.25899516781115,4.25921171145241
Train,4.32712567822561,4.32683564142792
Train,4.39350985115307,4.39375084103901
Train,4.4580647114781,4.45795344645768
Train,4.52072010590495,4.52054966803438
Train,4.58183995535504,4.58179151062087
Train,4.64134236269766,4.64152463340612
Train,4.69915706485423,4.698686391053
Train,4.7556148422511,4.75581411823655
Train,4.81050863151791,4.81057250334352
Train,4.86414962297946,4.86399869971181
Train,4.91645909771057,4.91656431052445
Train,4.96736826217722,4.96727227232641
Train,5.01716207657154,5.01713738706531
Train,3.80700622888093,3.80668072432609
Train,3.88877427138241,3.88990790929732
Train,3.96800600174478,3.96752733916223
Train,4.04481762614159,4.04481715003129
Train,4.1193183585778,4.11897936802597
Train,4.19176990969564,4.19214029808231
Train,4.26194646769299,4.2608484852933
Train,4.33010297897973,4.33033304366576
Train,4.39632542721955,4.39588293963164
Train,4.46069498446434,4.4611856020071
Train,4.52328834308046,4.52336807093367
Train,4.58417802057164,4.58359247955152
Train,4.64343263984584,4.64370703694908
Train,4.70111718720335,4.700981492126
Train,4.75729325008537,4.75671528739149
Train,4.81213981254375,4.81251196416049
Train,4.86546810011917,4.86504961019564
Train,4.91745449790918,4.91738020174767
Train,4.96814902518575,4.96791165805718
Train,5.01759924575596,5.01742983410119
Train,3.80596336604268,3.80692073847099
Train,3.88769996513518,3.88740460068979
Train,3.96674161449095,3.96708341333049
Train,4.04355965949606,4.04346501419195
Train,4.11808074467046,4.11841251726618
Train,4.19040637558598,4.19105800274485
Train,4.26047628850373,4.26050121228941
Train,4.32869680202522,4.32878138504452
Train,4.39499247859256,4.3954938245527
Train,4.45944364865415,4.45968898672158
Train,4.52198698971251,4.52189858233638
Train,4.58297654566406,4.58309763653092
Train,4.6423371550814,4.64266939176716
Train,4.70013321830006,4.70015912163682
Train,4.75630064541361,4.7561089683405
Train,4.81115082293435,4.81167061529659
Train,4.86461027507873,4.86456157480988
Train,4.91673123242365,4.91695859399044
Train,4.96745026806128,4.9673328473475
Train,5.01704349793831,5.0171988883658
Train,2.12495056724821,2.12564813911239
Train,2.34945777282283,2.34944845800854
Train,2.56222321742098,2.56218301192782
Train,2.7641445707376,2.76490164220308
Train,2.95625223204811,2.95711454339457
Train,3.13882167745276,3.1388906686304
Train,3.31274714406066,3.31370435254968
Train,3.47862832524072,3.47803968031103
Train,3.63701069498069,3.6376464539444
Train,3.78839150003933,3.78835896709411
Train,3.93339306210399,3.93304213119338
Train,4.07208793953699,4.07275171885602
Train,4.20503299368069,4.20462745336485
Train,4.33257851609173,4.3325778507345
Train,4.45504691063629,4.45523054974513
Train,4.57273541460253,4.57210852906309
Train,4.68605019663049,4.68563127331146
Train,4.79497683635959,4.79491034265978
Train,4.89988733030091,4.89907089511635
Train,5.00099977196109,5.00055818386338
Train,3.12057470503998,3.12085474238688
Train,3.25056695041291,3.25081527256471
Train,3.37621872657534,3.3768506382027
Train,3.4977438575222,3.49778051539862
Train,3.61534234937141,3.61538760839852
Train,3.72937877692919,3.72912605506316
Train,3.8396686208536,3.83956688336739
Train,3.94655966910797,3.94700264899865
Train,4.05020664832263,4.05021439109978
Train,4.15075503382182,4.15229758862116
Train,4.24834173087499,4.24898906895273
Train,4.3430956966223,4.34378740897077
Train,4.43513850861546,4.43667057927481
Train,4.52458488524473,4.52458857609216
Train,4.61154316273624,4.61108997478965
Train,4.69624771173823,4.6958390954796
Train,4.77852787647681,4.77857168750186
Train,4.85861100191392,4.85861089680996
Train,4.93658392646145,4.9367239994193
Train,5.01252897163456,5.01300139241616
Train,4.42397364004492,4.42458143204938
Train,4.46683735539606,4.4673337623326
Train,4.50893936539061,4.50972534661995
Train,4.55029979492786,4.55231054324244
Train,4.59081178213107,4.59269016493846
Train,4.6307488212185,4.63178692332293
Train,4.67000050224061,4.6706289974273
Train,4.70858431721445,4.70954023325791
Train,4.74651716792629,4.74719532082669
Train,4.78381539061844,4.78473599560289
Train,4.82038074793771,4.82124461046776
Train,4.8564584459679,4.85833797213225
Train,4.89194731473712,4.89298864587056
Train,4.92686165310814,4.92919420437467
Train,4.9612153006917,4.96154389588951
Train,4.99502165613748,4.99529745207889
Train,5.02819021518429,5.02852290840348
Train,5.06094212110785,5.0608790858618
Train,5.09318441768244,5.09318243467571
Train,5.12492890713027,5.12462997648702
Train,2.12550104692162,2.12603480822172
Train,2.36249646776252,2.36262282787491
Train,2.58505640723356,2.58522607133539
Train,2.79446079096045,2.79496140308087
Train,2.99161351625738,2.99197269586348
Train,3.17799179941986,3.17776712609905
Train,3.3542501589361,3.35504569620069
Train,3.52119104304165,3.52013002986195
Train,3.67953424563131,3.67951539499947
Train,3.82992728112534,3.82942646617866
Train,3.9727875343067,3.97249210665533
Train,4.10898451819272,4.10837049024648
Train,4.23882202114306,4.23806838798482
Train,4.36273529873528,4.36240442293113
Train,4.48112077281812,4.48049100559677
Train,4.59434026797352,4.59391161756766
Train,4.70259797540691,4.70171861111476
Train,4.80645584613463,4.8059685573827
Train,4.90605999608534,4.90557923741675
Train,5.00166651130452,5.00090879722491
Train,2.12904881893534,2.12780292304449
Train,2.36467502334078,2.36406971855626
Train,2.5863717544168,2.58627899773189
Train,2.79486546174269,2.79436064712123
Train,2.99152432623126,2.99082033477693
Train,3.17753928220471,3.17781184159476
Train,3.35335162280537,3.35315952227159
Train,3.51996756608778,3.52044346234854
Train,3.67827029863456,3.67818140069924
Train,3.8285242355018,3.82875492129847
Train,3.97149069765597,3.97160460736057
Train,4.10768730780933,4.10816451136591
Train,4.23773203527581,4.23802941671817
Train,4.36174904466134,4.36243481247057
Train,4.48028311048674,4.48068946577925
Train,4.59381959626278,4.59445442724952
Train,4.70241946335215,4.70339352208154
Train,4.8065167131807,4.80696938890669
Train,4.90649997779317,4.90662462989393
Train,5.00238865030275,5.00249784217432
Train,2.12501527018452,2.12527043660733
Train,2.35003051178219,2.35070633369176
Train,2.56320298552501,2.56177247089157
Train,2.76544366309285,2.7656871559645
Train,2.9577821852447,2.95701306658114
Train,3.14052880265688,3.14042850928522
Train,3.31457352501106,3.31484389864676
Train,3.48052343913084,3.48002527489578
Train,3.63893044409494,3.63857178257445
Train,3.79029738299524,3.79052376652053
Train,3.935241980896,3.93521837704088
Train,4.07386039520268,4.07311072865954
Train,4.20670336561969,4.20644023609904
Train,4.3341244713593,4.33393427956924
Train,4.4564490068171,4.45647582824507
Train,4.57397675444721,4.57379920303927
Train,4.68710854989513,4.68714696068321
Train,4.79584736949743,4.79557027321924
Train,4.90055910934902,4.90028809882676
Train,5.00146341314049,5.00079265045913
Train,2.42904274077958,2.43052573383026
Train,2.54128805417005,2.5425203058288
Train,2.65056593256424,2.65166284603203
Train,2.7564785354289,2.75664458526439
Train,2.85942745828435,2.85984706161681
Train,2.95977794398226,2.95962273132104
Train,3.05715430887349,3.05815548225271
Train,3.15214540181046,3.15293783120973
Train,3.24438972506331,3.24447782636581
Train,3.33422175797062,3.33425686175932
Train,3.4219471433464,3.42177644365174
Train,3.50722467475221,3.50782173115446
Train,3.5903563487981,3.59039219932244
Train,3.67161885214673,3.67129816663793
Train,3.75069005228593,3.75099728432007
Train,3.82803125587547,3.82808447427721
Train,3.90333237359765,3.90247467322367
Train,3.9768509209034,3.97706728720952
Train,4.04882379492898,4.04919614926197
Train,4.1189579695916,4.11882104202102
Train,2.12615928244812,2.12637376620868
Train,2.35640561825386,2.35612824471612
Train,2.57396830461773,2.57308441544645
Train,2.77939454680487,2.77883420023138
Train,2.9738957158573,2.97038845722659
Train,3.15853311371012,3.1573207215927
Train,3.33363468544825,3.33212038555308
Train,3.50011217092624,3.49940066506375
Train,3.6587702019829,3.65794607896743
Train,3.80979810691597,3.81005988863703
Train,3.95389951589732,3.9534360418769
Train,4.09154024536951,4.09133252407527
Train,4.22329740527652,4.2227899638555
Train,4.34924873605194,4.34928651695529
Train,4.4699090977705,4.47009947268284
Train,4.58573896656535,4.58551758901595
Train,4.69676532558195,4.69651615284955
Train,4.80340425438494,4.80303527865746
Train,4.90602959692195,4.90542283375431
Train,5.00463488654235,5.00317109261595
Train,3.8059207838499,3.8061868795581
Train,3.88731757973585,3.88758861049147
Train,3.96608546145374,3.96608340767391
Train,4.04267446966147,4.04230752279521
Train,4.11701540571486,4.1171968538685
Train,4.18905248026734,4.18896747303117
Train,4.25918869378173,4.2591671195468
Train,4.32735299829126,4.32723562447957
Train,4.3934865456023,4.39393295107678
Train,4.45795239861141,4.45709836108025
Train,4.52067906156789,4.52061633056825
Train,4.58173597875038,4.582494564906
Train,4.64106249388532,4.64119448996645
Train,4.69897715218169,4.69880561790494
Train,4.75540930973608,4.75552143426708
Train,4.81029811863013,4.81016099571045
Train,4.86393398522854,4.86396363709509
Train,4.91624761325902,4.9166112138781
Train,4.9671786385632,4.96711249020884
Train,5.01699296006305,5.01681379021255
Train,2.12484842216417,2.12594456931264
Train,2.36660916552662,2.36629026012706
Train,2.59290912964036,2.59285795593738
Train,2.80518545392664,2.80442452306059
Train,3.0047025139173,3.00313627979631
Train,3.19279607615065,3.19329754100397
Train,3.37000616992748,3.36949253382567
Train,3.53744596601947,3.5376968848409
Train,3.69590180059452,3.69642486005143
Train,3.84607783287803,3.84638067040465
Train,3.9886065068177,3.98917678346763
Train,4.12405745422408,4.12476174854544
Train,4.25294510370161,4.25369857442565
Train,4.37573520966739,4.37784089350664
Train,4.49285047613896,4.49405542819859
Train,4.60480662645768,4.60510312144019
Train,4.7116860565606,4.71222188610841
Train,4.81394631719168,4.81382568696837
Train,4.91188052474144,4.91210133763927
Train,5.00575750911989,5.00558083146624
Train,2.11009471883343,2.11580531468685
Train,2.37041039572539,2.37453868206506
Train,2.61099245908694,2.6156401834293
Train,2.83400286718623,2.83768336118438
Train,3.04129889443473,3.044967936125
Train,3.23425959314538,3.23668883512111
Train,3.41474353528568,3.41709340679266
Train,3.58372500444503,3.58433999575274
Train,3.74226964422779,3.74499758803101
Train,3.89131540652892,3.89227426684837
Train,4.03169112121989,4.0331365812343
Train,4.16413191680804,4.16599546488032
Train,4.28929209795479,4.29071270160618
Train,4.40775595607406,4.4085631006739
Train,4.52004688997203,4.52085892072057
Train,4.62650967206529,4.62672865424503
Train,4.72782502723186,4.72807525347078
Train,4.82424362092163,4.82422012742186
Train,4.91611208106899,4.91619167744123
Train,5.00374507401355,5.00382379502461
Train,2.129067878023,2.12943122045502
Train,2.36787792905186,2.36761986395893
Train,2.59208132754936,2.59231836712432
Train,2.80248393375513,2.80229084568299
Train,3.00055431103668,3.00112359077943
Train,3.18756551755991,3.18735301703578
Train,3.36400289133691,3.36400265203742
Train,3.53093486493978,3.53116956344097
Train,3.68929589731702,3.6891194123739
Train,3.83937516522213,3.83962826614724
Train,3.98197381270913,3.98222930422058
Train,4.11763754094162,4.11759674444195
Train,4.24701295926842,4.24679189972836
Train,4.37023568941752,4.37061531728393
Train,4.48787338357829,4.48781284655797
Train,4.60043042438518,4.60060073177291
Train,4.70797402783647,4.70782302800925
Train,4.81095366343755,4.81113093491242
Train,4.90977083098347,4.90967248897618
Train,5.00444813374043,5.00439637347174
Train,2.36097802441054,2.36147298322876
Train,2.59467270880296,2.59568477372924
Train,2.80991602211101,2.81157376612228
Train,3.00828576076312,3.00888223474056
Train,3.19217654819851,3.19294474899984
Train,3.36266575017569,3.36374073319623
Train,3.52158740602271,3.52321201541691
Train,3.66968650890396,3.67095148055621
Train,3.80821594725934,3.81038189862167
Train,3.9382470175695,3.93964253747611
Train,4.06021325882976,4.06072292122783
Train,4.17514813515164,4.17634245273218
Train,4.28335361077381,4.28479715177467
Train,4.38554006922663,4.3861800291393
Train,4.4823253111259,4.48379207051392
Train,4.57388140873411,4.57425478837703
Train,4.66085324788706,4.66209534461533
Train,4.74335552867245,4.74473912221443
Train,4.8219342682751,4.82335820385989
Train,4.89666225509807,4.89829847649201
Train,3.13066823605367,3.12836164713159
Train,3.2653108264816,3.2642408499252
Train,3.39478865399112,3.39439960764301
Train,3.51898420713781,3.51923185015825
Train,3.63841031814301,3.63782006036132
Train,3.75352574052123,3.75306684456446
Train,3.86419478631816,3.86424415381613
Train,3.97084544861934,3.96913329569233
Train,4.07386216601098,4.07332486253392
Train,4.17309998647914,4.17283666305989
Train,4.26892070629017,4.26865927060643
Train,4.36149783208145,4.36138972318999
Train,4.45114097624998,4.450630979453
Train,4.53770137997336,4.53774519436894
Train,4.62147332342409,4.62098596214157
Train,4.70272335190628,4.7024330696423
Train,4.7813037669359,4.78101892921863
Train,4.85746953301625,4.85703116546674
Train,4.93145231247699,4.93052442306385
Train,5.00310747339594,5.00217097200241
Train,3.74239489362839,3.74337944360525
Train,3.82910320565476,3.82935894590507
Train,3.91283018968842,3.91225882456083
Train,3.99404431282438,3.99443630436609
Train,4.07270265527586,4.07225299555426
Train,4.14877480179739,4.1489436686952
Train,4.22267517861963,4.22275334118998
Train,4.29435470068976,4.2947104607582
Train,4.36377575593117,4.36372531374998
Train,4.43130764848334,4.43130674873148
Train,4.49689755489048,4.49668136253177
Train,4.56062805510859,4.5608377098813
Train,4.62245567120425,4.62214908139584
Train,4.68270027518888,4.68277579609127
Train,4.74130662485842,4.74203262124675
Train,4.79822877862616,4.79752999485491
Train,4.85375585529207,4.85375567030117
Train,4.90783210332889,4.90785129592982
Train,4.96041026430419,4.95992378936424
Train,5.01175299734479,5.01139133179608
Train,3.8034503864279,3.8032037349979
Train,3.88519629205936,3.88556133703946
Train,3.9642758143468,3.96384126751725
Train,4.04115558955896,4.04158862579168
Train,4.11576116141328,4.11596050968717
Train,4.18819196994992,4.18813357968909
Train,4.25838661498708,4.25798515789322
Train,4.32674812805353,4.32700262680069
Train,4.39320031641299,4.39325198778501
Train,4.45782206902926,4.45811522341355
Train,4.52054925469123,4.52036032425193
Train,4.58173363623279,4.58166184888248
Train,4.64129950786784,4.64156670364221
Train,4.69931025289988,4.69933533746635
Train,4.75570117986209,4.75541484621414
Train,4.81078211704302,4.81104155338704
Train,4.86447917330845,4.86424616580522
Train,4.91684385558621,4.91616525905682
Train,4.9678122675308,4.96790848694716
Train,5.0176594929962,5.01770682024577
Train,0.121912889345683,0.122906652730463
Train,0.321212618614355,0.32064029596871
Train,0.505488365045808,0.505467758682824
Train,0.676377270332567,0.676648809011178
Train,0.835721298201025,0.835410408946642
Train,0.983839788785082,0.984081302168853
Train,1.12225631485193,1.12166915856221
Train,1.25189388522558,1.25176420818795
Train,1.37356202535614,1.37410194064733
Train,1.48797369810938,1.48815689473318
Train,1.59605576012599,1.59592252056442
Train,1.69775822869169,1.69822639188437
Train,1.7938935331152,1.79383068263494
Train,1.88490661293244,1.88420816126246
Train,1.97119622403223,1.97129841160836
Train,2.05312077928406,2.05366011974477
Train,2.13121849731664,2.13130903683223
Train,2.20534073366341,2.20543587980886
Train,2.27597809355105,2.2763697518154
Train,2.34337069592827,2.34399149154576
Train,3.00190855643143,3.00175547413867
Train,3.11154383429012,3.11046645862853
Train,3.2174104685491,3.21752849969107
Train,3.31969949299921,3.31995014560741
Train,3.41858924454627,3.41834087631375
Train,3.51442734455197,3.51273739075301
Train,3.60700208859448,3.60632470008893
Train,3.69664654773391,3.69677750575631
Train,3.78349768358196,3.78320310238619
Train,3.86768405323916,3.8664893922338
Train,3.94932644422233,3.94954861605821
Train,4.02853845268934,4.02656410884472
Train,4.10542701078235,4.10502686134184
Train,4.18009286823752,4.18040829267823
Train,4.25263103282269,4.25262382588973
Train,4.3232648426538,4.32283619781363
Train,4.39180798215632,4.39142398567851
Train,4.45847801874026,4.45683627185004
Train,4.52335069787516,4.52213041667802
Train,4.58649773530518,4.58567845942866
Train,2.1230898668007,2.12394562471724
Train,2.35310504958047,2.35351408278511
Train,2.57025444451035,2.57054937723153
Train,2.77558814575459,2.77610890005271
Train,2.97024574076675,2.97087241332741
Train,3.15465746306227,3.15549517153598
Train,3.32979227868022,3.33007424927131
Train,3.49633303012957,3.49729424317297
Train,3.65489714909719,3.65574630536781
Train,3.80604430555556,3.80676470427454
Train,3.95043246607212,3.95140981229194
Train,4.08821917312294,4.08890491175141
Train,4.21998349942063,4.22037608480158
Train,4.3461118399746,4.34751323078543
Train,4.46695822719602,4.46823308858162
Train,4.58284764957916,4.58376349411407
Train,4.6941945519255,4.69481087457426
Train,4.80103857268207,4.80153330320762
Train,4.90375409617079,4.90384410170203
Train,5.00257587715067,5.00257413479713
Train,2.12823337150201,2.12832248169738
Train,2.36411077689893,2.36332126932179
Train,2.58556084540345,2.58500948995058
Train,2.79429787321292,2.79363098315169
Train,2.99097959107034,2.99062283646435
Train,3.1770048147638,3.17537207682918
Train,3.35285279077528,3.35331248175231
Train,3.51968113936391,3.51965426877799
Train,3.67800242205579,3.67827370873683
Train,3.82829541577257,3.82819661128037
Train,3.97145202581556,3.97182040439267
Train,4.1076858400867,4.10807560273177
Train,4.23775673214238,4.23835737979288
Train,4.3619445926591,4.36172127251696
Train,4.48051650454393,4.48144371027725
Train,4.5940807056478,4.59387701512648
Train,4.70272168509138,4.70409012492456
Train,4.80696937638016,4.80736428220002
Train,4.90687679564637,4.90695397040274
Train,5.00290915065122,5.0026471768477
Train,2.12649679914649,2.12756046662341
Train,2.35759501184343,2.35830657669809
Train,2.57579871456369,2.57598929203457
Train,2.78171004898345,2.78258484360581
Train,2.97655078179956,2.97713990938589
Train,3.16119033961514,3.16151000841822
Train,3.33660020704182,3.33725161950724
Train,3.50309248504017,3.50334568407721
Train,3.66150276704624,3.66235455719753
Train,3.8124055918898,3.81274202069148
Train,3.95647937588095,3.95690390917741
Train,4.09387710541017,4.09415224552351
Train,4.22519554485524,4.22588158106259
Train,4.35082943708329,4.35108909780155
Train,4.47127164782101,4.47167543709992
Train,4.58658493578139,4.58686459615341
Train,4.69721097911515,4.69733724515918
Train,4.8034298752106,4.80361745847506
Train,4.90561165504706,4.90568585122302
Train,5.00376687657177,5.00370435663917
Train,2.12426474177798,2.12589926969357
Train,2.35063717238353,2.35190006053191
Train,2.56487196721311,2.56594449951058
Train,2.7679198323259,2.76973297858689
Train,2.96063471204643,2.9619107577039
Train,3.14378579387147,3.14491650398818
Train,3.31806776936108,3.31950892569051
Train,3.48410963961541,3.48633883326011
Train,3.64248230061874,3.64354380597943
Train,3.79370510124421,3.79525901703267
Train,3.93809071449201,3.93883214644255
Train,4.07640023404386,4.07754988307836
Train,4.20886154281866,4.20987096767744
Train,4.33583788543298,4.33816316874139
Train,4.45766303418754,4.45928330758221
Train,4.5746442187341,4.57583082631871
Train,4.68706471308976,4.68767440943725
Train,4.79518612586059,4.79574288964206
Train,4.8992504326528,4.89931182210041
Train,4.99948178390723,4.99974295088289
Train,2.12069811485206,2.12141786240434
Train,2.35218470385353,2.35368245595808
Train,2.57057755642353,2.57207046569764
Train,2.7769570622838,2.77869399759083
Train,2.97228793269146,2.97320329061155
Train,3.15723568352264,3.15791191578176
Train,3.33298376109513,3.33345727127438
Train,3.50002222658851,3.50100682051398
Train,3.65898286341219,3.66064091351575
Train,3.81043779263866,3.81026358709499
Train,3.95490635331891,3.95539577109422
Train,4.09286105212978,4.09508984066034
Train,4.22473272598362,4.22655263661053
Train,4.35091503644363,4.35267630030077
Train,4.47176839471261,4.47192288348383
Train,4.58749844172053,4.5879227131256
Train,4.69866391195884,4.69996818512819
Train,4.80541421416605,4.80600202693551
Train,4.90800726291726,4.90808406870432
Train,5.00668126816914,5.00661413048927
Train,4.51947933506468,4.51978794778283
Train,4.55595585406054,4.5560082203201
Train,4.5917319627115,4.59202238841904
Train,4.627075703772,4.62760629566027
Train,4.66187178245568,4.66185592325828
Train,4.69613283019948,4.69794352832623
Train,4.72975236329546,4.72976273805502
Train,4.76298150731276,4.76293901190893
Train,4.79571121929055,4.79621330881247
Train,4.8279526748944,4.82786958936264
Train,4.85960491137652,4.85963136874161
Train,4.89090370692284,4.89091808097455
Train,4.92174579971075,4.92210724296957
Train,4.95214111344554,4.95181056178962
Train,4.98199381297,4.98213967634723
Train,5.01152570884951,5.01126110207225
Train,5.04063889265971,5.04048094426272
Train,5.06934220665434,5.06926320469435
Train,5.09754458307822,5.0975020988653
Train,5.12545508269722,5.12510999137266
Train,2.12494654509825,2.12551906398353
Train,2.36598412000708,2.36562875380151
Train,2.59196570528841,2.5911842879289
Train,2.80379698900247,2.80372818194096
Train,3.00298370934386,3.00296257979326
Train,3.19083016455647,3.18995071081812
Train,3.36789057987543,3.36743102368632
Train,3.53525081837902,3.53503742625488
Train,3.69386021820756,3.69323118708781
Train,3.84405824457985,3.84429257528915
Train,3.98665280163087,3.98658892126145
Train,4.122207001394,4.12202774541569
Train,4.25137132222626,4.25174235854108
Train,4.37431687836064,4.37443842828988
Train,4.49161091976608,4.49153014084309
Train,4.60375754775155,4.603138962136
Train,4.71085249935736,4.71048881930784
Train,4.81334220797438,4.81317101049082
Train,4.91162557614815,4.91086921695789
Train,5.00574879795207,5.00491107801282
Train,3.12543660352992,3.12572766731975
Train,3.25712552680222,3.2571706338497
Train,3.38384356666926,3.38380124521824
Train,3.50620900440506,3.50633622716691
Train,3.62411149096913,3.62443201999393
Train,3.73810966565051,3.73851110476656
Train,3.84808553713416,3.84784342501077
Train,3.95454624135555,3.95449401798767
Train,4.05751308548187,4.05758425318695
Train,4.15701563451543,4.15725954576898
Train,4.25349605830165,4.25345113568306
Train,4.34682758939512,4.34697231594262
Train,4.43741576260776,4.43747258502366
Train,4.52525628961524,4.5251839143746
Train,4.61035273249628,4.61071299879377
Train,4.69306363582991,4.69315120645396
Train,4.77326219556547,4.77322343347422
Train,4.85128003768205,4.85123001193159
Train,4.9269917254398,4.92705908530477
Train,5.00070489880787,5.00074624705204
Train,2.12586216946758,2.12823860525726
Train,2.34810903639221,2.34801768405359
Train,2.55906981011008,2.5603160467898
Train,2.75958289477367,2.75885907022238
Train,2.95019087527279,2.94973288616248
Train,3.13201922497898,3.13180971732583
Train,3.30546511329829,3.30587317860436
Train,3.47109513912386,3.47027942705476
Train,3.62942596209123,3.62908713967215
Train,3.78092968593105,3.78205649463809
Train,3.92587471946271,3.92506607830896
Train,4.06499196065997,4.06580488374538
Train,4.19847485952058,4.1989734101582
Train,4.32665891410702,4.32666993104915
Train,4.44985350448167,4.44974821383063
Train,4.56834438574395,4.56839032923604
Train,4.68226681502816,4.6825967285689
Train,4.79212856728055,4.79166593574494
Train,4.89802281184461,4.89785592269985
Train,5.00016065846189,4.99960898632843
Train,2.1239034454604,2.12356787224768
Train,2.35911492066316,2.35893179527163
Train,2.58033210952386,2.57995241068701
Train,2.78876785111201,2.78807147894461
Train,2.98549876920964,2.98465004913632
Train,3.1714838731517,3.17087981703522
Train,3.34758019165918,3.34691059494521
Train,3.51455597750929,3.51388192554876
Train,3.6731019122736,3.67273683737694
Train,3.8238406558098,3.8231047371238
Train,3.96717569005629,3.96654890172189
Train,4.10394304643346,4.10342555485489
Train,4.23443871645856,4.23407746350671
Train,4.35908442797437,4.35807474807071
Train,4.47826492668644,4.47806195441305
Train,4.59233194299298,4.59186090066234
Train,4.70160765894359,4.70132807913287
Train,4.80638774730354,4.80584225079173
Train,4.90694404309473,4.90687511761265
Train,5.00352689844212,5.00294752541009
Train,2.12157822752679,2.12193534197482
Train,2.34997161046408,2.35004899650188
Train,2.56589949340802,2.5664005156719
Train,2.77035529952172,2.77044172288974
Train,2.96422962398634,2.96459417143501
Train,3.14851996271753,3.14847688674536
Train,3.3235451646146,3.32407950080548
Train,3.4901648213289,3.49027748833075
Train,3.64897024560068,3.64905363695387
Train,3.80049855744591,3.80049824926061
Train,3.94523875342614,3.94542233734262
Train,4.08363697812071,4.0838074334892
Train,4.21610111752593,4.21617039595584
Train,4.34300481400337,4.34314249092977
Train,4.46469098601581,4.46471053335869
Train,4.58160039291125,4.58163867209585
Train,4.69376757502804,4.69375316961288
Train,4.80159108710145,4.80160793834848
Train,4.90531844922459,4.90540002049768
Train,5.00517872577434,5.00514535566003
Train,2.12157822752679,2.12227011636998
Train,2.34997161046408,2.35056330818678
Train,2.56589949340802,2.56620074195178
Train,2.77035529952172,2.77124628711719
Train,2.96422962398634,2.96476587806312
Train,3.14851996271753,3.1488821210523
Train,3.3235451646146,3.32382678288906
Train,3.4901648213289,3.49066529912272
Train,3.64897024560068,3.64946375082345
Train,3.80049855744591,3.80127392401406
Train,3.94523875342614,3.94565654870681
Train,4.08363697812071,4.08396183941927
Train,4.21610111752593,4.21626382328415
Train,4.34300481400337,4.34332001478758
Train,4.46469098601581,4.46502310257449
Train,4.58160039291125,4.58185018722892
Train,4.69376757502804,4.69435734677277
Train,4.80159108710145,4.80166557421203
Train,4.90531844922459,4.90533635619061
Train,5.00517872577434,5.00510283234245
Train,2.8296740501142,2.83179263435736
Train,3.00087003735464,3.00152701544856
Train,3.16277266275112,3.16323118871237
Train,3.31611866365468,3.31733797921323
Train,3.4615689084876,3.46198745525232
Train,3.59971791781557,3.59995754461732
Train,3.73110198672411,3.73181836920895
Train,3.85620614249155,3.85624990449695
Train,3.97547012785809,3.9753357355183
Train,4.08929356546614,4.09057630569168
Train,4.19804043129214,4.19858143865018
Train,4.30204294258438,4.30382699793124
Train,4.401604947801,4.40197161885505
Train,4.49700489141195,4.49782904535748
Train,4.58849841449439,4.58853939480505
Train,4.67632064227137,4.67665755567669
Train,4.76068820169532,4.76092330745866
Train,4.84180100552688,4.84191113969555
Train,4.91984383384104,4.91982986392713
Train,4.99498773929687,4.99494995700688
Train,2.12307251257918,2.12568980478153
Train,2.35964578934866,2.36152023332748
Train,2.58218050412771,2.58550572144461
Train,2.79142720735334,2.79365048336299
Train,2.98897791192864,2.98936645185564
Train,3.17537342606459,3.17703731643628
Train,3.35192322830612,3.35412207359044
Train,3.51901641132875,3.52116896527907
Train,3.67756862434833,3.6789491738305
Train,3.82838570779016,3.82844079076627
Train,3.97170145535005,3.97305351015194
Train,4.10836525981417,4.10992282262975
Train,4.23853985576174,4.23950607328687
Train,4.3628148187034,4.36460638668125
Train,4.48171459673084,4.48280250825068
Train,4.59532714951275,4.5959758458633
Train,4.70423982572091,4.70472334114968
Train,4.80850558860764,4.80862939786487
Train,4.90863863853738,4.90860933762719
Train,5.00466535907799,5.00484548029758
Train,2.12031013626789,2.12249546130651
Train,2.36102834848217,2.36130439498643
Train,2.58658898959166,2.58780036389985
Train,2.7983800262081,2.80153116140681
Train,2.99784901303123,2.99737576124354
Train,3.18561792614839,3.18671928870189
Train,3.36288618172805,3.36346305855136
Train,3.53051066694614,3.52953149842152
Train,3.68925750488651,3.68847053200339
Train,3.83981376202818,3.84156760477272
Train,3.9829588998068,3.98519190863873
Train,4.11891938268376,4.11966164028312
Train,4.24836903830734,4.24648833931642
Train,4.3717646127021,4.37105629475334
Train,4.48952110602165,4.48961303367181
Train,4.60201643538855,4.6012912694866
Train,4.70971741650357,4.7101746041553
Train,4.81269041611846,4.81274710421955
Train,4.91135181778044,4.91051451921473
Train,5.00596686579683,5.00460231896059
Train,2.12440624434696,2.12424430696325
Train,2.35222798355211,2.35187582666307
Train,2.56759390425402,2.56705336960241
Train,2.77149833019303,2.77119602892703
Train,2.96505326559385,2.96450924988004
Train,3.14860732130058,3.14815830570671
Train,3.32311528269837,3.32272042151813
Train,3.48922979559846,3.4881671684367
Train,3.64754219853314,3.64692135904188
Train,3.7985895563195,3.79828254108005
Train,3.94302608276754,3.94246817020256
Train,4.08095990864761,4.08030657966599
Train,4.2129716824796,4.21242190781765
Train,4.33943477525598,4.33886332947936
Train,4.46069181716834,4.46018037606919
Train,4.57705779753348,4.57653381075012
Train,4.68895122952415,4.6880143340383
Train,4.79637790324853,4.79563992083857
Train,4.8997186923022,4.89814136428791
Train,4.99920235130416,4.99801341312685
Train,2.12622589903915,2.12577298537205
Train,2.35105907196245,2.35102844253394
Train,2.56408052411292,2.56242344179867
Train,2.76596443231534,2.76560616530956
Train,2.95800431013222,2.95698289329835
Train,3.14069197335927,3.14035976484128
Train,3.31469435242682,3.3143432135239
Train,3.48061643614247,3.47997007049396
Train,3.63882531876998,3.63866088723964
Train,3.79019624579036,3.79022198299429
Train,3.93499541998522,3.93434514161413
Train,4.07364171657609,4.07297095792651
Train,4.20636535159036,4.2060325367221
Train,4.333832845834,4.33283539893083
Train,4.45620835739143,4.45660690702499
Train,4.57379102778125,4.57327893096896
Train,4.68685701678631,4.68666276849779
Train,4.79553547793856,4.79540294242053
Train,4.90031986812072,4.89885335825968
Train,5.00129839913448,5.00066894712673
Train,3.15039381919847,3.14993826502622
Train,3.2382231415356,3.23909606243875
Train,3.32371965065747,3.32305096889287
Train,3.40678219060746,3.40639550281395
Train,3.48788845652993,3.48813396219881
Train,3.56692295565203,3.56671040355289
Train,3.64396406827628,3.64435675194786
Train,3.71908627017166,3.71901418224107
Train,3.79219047864077,3.79177196443008
Train,3.86368795523912,3.86439268484301
Train,3.93346868964079,3.93333029662809
Train,4.00159377995734,4.00167063692913
Train,4.06796711744242,4.06767380874698
Train,4.13295647522878,4.13268587277945
Train,4.19645682270938,4.19635370717621
Train,4.25851875370888,4.25847894441731
Train,4.31919059560865,4.31927233663123
Train,4.37838080622098,4.37876160185822
Train,4.43641200640792,4.43600950101837
Train,4.49318561840907,4.4934942264496
Train,2.1297646112952,2.12933901918646
Train,2.35976321402919,2.35950515632245
Train,2.57660054688476,2.57407027025479
Train,2.78177693703839,2.78169905160763
Train,2.97582693019832,2.97544469625733
Train,3.15999309509978,3.15973668476002
Train,3.33466796457649,3.3339291463829
Train,3.50089346110216,3.50097909327343
Train,3.65911229125799,3.65874670068687
Train,3.80974092004381,3.81008290074931
Train,3.95359590323492,3.95375800730822
Train,4.09085311686547,4.09051500755608
Train,4.2222151261859,4.22268647662329
Train,4.34792955629329,4.34780949592181
Train,4.46823410563742,4.46873704152087
Train,4.58369845487071,4.58400882360545
Train,4.69438990326048,4.69464323797061
Train,4.80080855719805,4.80093967314593
Train,4.90299475843662,4.90321364037952
Train,5.00139054318324,5.00163736005801
Train,4.42409585505031,4.42345042047912
Train,4.46699999968875,4.46670624456747
Train,4.50912999588748,4.50892802735031
Train,4.55062343413759,4.55023953669737
Train,4.59126463212535,4.59118851532862
Train,4.63119185597453,4.63098586195185
Train,4.67042375623285,4.67010895146621
Train,4.70897833946524,4.708850495005
Train,4.74698003120916,4.74681593564501
Train,4.78422975172007,4.78398333838068
Train,4.82085262510907,4.82039204411195
Train,4.85686434244745,4.85662420486391
Train,4.89238013767545,4.89247768794848
Train,4.92721292432008,4.92712001555281
Train,4.96147863591879,4.9610991373
Train,4.99519100856651,4.99531578581245
Train,5.02836333827751,5.0279370473476
Train,5.06110076351569,5.06113191196406
Train,5.09322977271502,5.0928817330665
Train,5.1248561911553,5.12460489871777
Train,3.12219664035665,3.12106482928754
Train,3.24953452024874,3.24760962663279
Train,3.37314604202669,3.37448453901141
Train,3.4928498320296,3.49347812911516
Train,3.60916007451301,3.6092711549157
Train,3.72189627166973,3.72047660894526
Train,3.83153353563189,3.82972322577741
Train,3.937893249733,3.93793106302522
Train,4.04141575955877,4.04193561857243
Train,4.14192507832224,4.14089966481067
Train,4.23983048635145,4.23812147745424
Train,4.33495917628389,4.33442440088393
Train,4.42769256120208,4.42747734956344
Train,4.51786140777872,4.51702730152949
Train,4.60582203826741,4.60450882912486
Train,4.69140906736962,4.69090328583199
Train,4.77495614780948,4.77391546431485
Train,4.85630192241415,4.8552477729515
Train,4.93575949499856,4.93557348965743
Train,5.01317164359974,5.01184669398609
Train,2.12980838791552,2.1308193102302
Train,2.34168333658339,2.34147599113417
Train,2.54414515157146,2.54481897427191
Train,2.73824139127693,2.73876077686905
Train,2.92427150924354,2.92567367205126
Train,3.10272808016657,3.10394695135039
Train,3.27387246115437,3.27569792455574
Train,3.43851371335323,3.43988070652501
Train,3.59683781251713,3.59755458491342
Train,3.74920149103465,3.74981141587106
Train,3.89577051701384,3.89656132392136
Train,4.03718640633585,4.0383050983101
Train,4.17356288687294,4.17488839450423
Train,4.30516461492292,4.30643158185572
Train,4.43209530256108,4.43414252305743
Train,4.55487496931329,4.55592863285082
Train,4.67357034358219,4.67490302645998
Train,4.78838188846819,4.78934052140702
Train,4.89937221252288,4.89975957008884
Train,5.00697080778179,5.00709803610864
Train,2.12537416344365,2.13005332505309
Train,2.34552927409838,2.34930055767351
Train,2.55466956421632,2.56122361179863
Train,2.75404750150743,2.75749687729582
Train,2.94390490216024,2.94738092675816
Train,3.12531404718931,3.12727726108765
Train,3.29843757033248,3.30233885947202
Train,3.4642020484339,3.46651388998962
Train,3.62288854078934,3.62617472397033
Train,3.774770174997,3.7767449687888
Train,3.92060283959894,3.92228683519944
Train,4.0604259611579,4.06180808441302
Train,4.19490563275434,4.195509723458
Train,4.3241967607628,4.3259823887496
Train,4.44845398107351,4.45008226396952
Train,4.56823507402279,4.56904598265355
Train,4.68351752216831,4.68382114856107
Train,4.79480054880053,4.79515278633229
Train,4.90204659920499,4.90210097280755
Train,5.00570487775376,5.00577638387323
Train,2.13137907626679,2.13174959067305
Train,2.36558251256851,2.36528077250352
Train,2.58611448184891,2.58545254559887
Train,2.79367170301773,2.79372278615405
Train,2.98958625163742,2.98879615411857
Train,3.1748110244684,3.17395063006989
Train,3.35039506155556,3.34967858683563
Train,3.51669708659816,3.51642965254147
Train,3.67461182151582,3.67434336211897
Train,3.82475816738325,3.82440601944419
Train,3.96785686933162,3.96764240039674
Train,4.1040849131936,4.10396710795892
Train,4.23407210575375,4.23314854666276
Train,4.35823770054002,4.3579653029984
Train,4.47709846671157,4.47674315772973
Train,4.59072994667882,4.59042367916646
Train,4.69959280869004,4.69902985287035
Train,4.80398106079469,4.80362482405415
Train,4.90427851305546,4.90386690425312
Train,5.00050274038001,4.99952863613469
Train,1.35217257524446,1.35371991103789
Train,1.47399066892342,1.47395548667411
Train,1.59230603675122,1.59493083329787
Train,1.70788984059983,1.70691881279565
Train,1.82053051413345,1.82102591772839
Train,1.93004279454803,1.93037743235528
Train,2.03713200282241,2.03865815041204
Train,2.14159461111633,2.14254805484812
Train,2.24325094712242,2.24183797500446
Train,2.34274872420312,2.34318658690984
Train,2.43989262030807,2.44097654549751
Train,2.53476518976344,2.53474240122617
Train,2.6271948653086,2.62722367792921
Train,2.71776308529764,2.71776088810051
Train,2.80628541222797,2.80639397610229
Train,2.8925965675905,2.89322185248691
Train,2.9772348648877,2.97790212879404
Train,3.0600238295116,3.06053106635094
Train,3.14080449271254,3.13988366255954
Train,3.22007675336816,3.22048257037013
Train,2.13169975329619,2.13211397828372
Train,2.35657563234608,2.35674287351728
Train,2.5697195887708,2.56947090051076
Train,2.77161116287705,2.77192247758556
Train,2.96351242318112,2.96364081514359
Train,3.14577167191889,3.14595722318195
Train,3.3194547591735,3.31988741614589
Train,3.48481216801417,3.48474239939532
Train,3.64259090213786,3.64292193873386
Train,3.79345572001115,3.79351151264024
Train,3.93755376827673,3.93750623046507
Train,4.07561483172903,4.07569924899259
Train,4.20773741289214,4.20823913947083
Train,4.33442728443041,4.33455486519163
Train,4.45613844345657,4.45655512308648
Train,4.57291703333236,4.573277989406
Train,4.685289008097,4.68554303067961
Train,4.79327551310105,4.79376685503564
Train,4.89734342494307,4.89770270154668
Train,4.99749465933353,4.99776900143965
Train,2.11800698707624,2.11855371814413
Train,2.34965765577576,2.34917747271335
Train,2.56840930776639,2.56697865448423
Train,2.77488577997022,2.77456521505367
Train,2.9702926005582,2.96985038483551
Train,3.15568719019291,3.15540481884079
Train,3.33145779694166,3.33013472008623
Train,3.49867861621973,3.49870711234197
Train,3.65763083900424,3.65731917514733
Train,3.80906884706775,3.80828115237949
Train,3.95366217337027,3.95358024838484
Train,4.09157969995091,4.09148418944659
Train,4.22340924524784,4.22317995134182
Train,4.34967552568932,4.34942802910005
Train,4.47047351119821,4.46978996221347
Train,4.58639020485336,4.58633304993984
Train,4.69748557725583,4.69680721853177
Train,4.80416453796717,4.80372769465049
Train,4.90679145152063,4.90670279127266
Train,5.00538847860667,5.00437850562433
Train,3.84179557269776,3.84167765767377
Train,3.91920875165838,3.9191946890058
Train,3.99422371956472,3.99353336053148
Train,4.06725350138824,4.06744684550989
Train,4.1382277797835,4.13931492356863
Train,4.20723213202012,4.2067545914157
Train,4.27420779048411,4.27440698287145
Train,4.33951434295091,4.33937530104567
Train,4.40308067966405,4.40257805295038
Train,4.4649754430464,4.46385765331863
Train,4.52513816900946,4.52467211364654
Train,4.58388488439728,4.58396178382918
Train,4.6411453493064,4.64080938452022
Train,4.69697526082213,4.69690526605089
Train,4.75131410345043,4.75092023773658
Train,4.80444192109512,4.80471480305297
Train,4.85629034384653,4.85596874153033
Train,4.90690503639522,4.90717086181197
Train,4.95622646817187,4.95566978010016
Train,5.00450460980597,5.00285121758179
Train,2.12502787527181,2.12443531431515
Train,2.36135204633954,2.36053305292294
Train,2.58362284929565,2.58327200182971
Train,2.79268469363621,2.791464491984
Train,2.9900326385081,2.98896775578594
Train,3.17629153514919,3.17592267025991
Train,3.35268522941764,3.35209296580745
Train,3.51967841931029,3.51920251171885
Train,3.67828647416271,3.67746704565571
Train,3.82885566655389,3.82834250975786
Train,3.972238578413,3.97105989214264
Train,4.10869287269671,4.10724600345849
Train,4.23894221158223,4.23837568432578
Train,4.36317727847259,4.36317079864944
Train,4.48201832437531,4.48123251361343
Train,4.59560495869248,4.59512509031134
Train,4.7044735138618,4.70418962791248
Train,4.80872436390115,4.80718512981998
Train,4.90882501568616,4.90812023434227
Train,5.00484551569014,5.0041382542871
Train,2.12630598483605,2.12535819583674
Train,2.35539875522112,2.3552145893716
Train,2.57176533308534,2.57150607095827
Train,2.7762152162635,2.77567006149356
Train,2.97012763582966,2.96991739412411
Train,3.154096397871,3.15333321579182
Train,3.32886723508733,3.32852965718813
Train,3.49511312972944,3.49464042969348
Train,3.65327046900327,3.65293210976281
Train,3.8042444465208,3.80396146713829
Train,3.94835614457831,3.94797442456334
Train,4.08606303712706,4.08571945889866
Train,4.21763900232919,4.21734844133398
Train,4.34375987462006,4.34317096781847
Train,4.46462571056548,4.46415745129126
Train,4.58055824708455,4.58013410183747
Train,4.69185348214286,4.6915720540786
Train,4.79866719334719,4.79833837863342
Train,4.90148964649825,4.90108193780788
Train,5.00043192536905,4.9998965987367
Train,2.12756302321726,2.12732265673122
Train,2.34357282068457,2.34312508061742
Train,2.54984329443584,2.54753044733066
Train,2.74656419884556,2.74694611197653
Train,2.9346004194769,2.93374268205433
Train,3.11472246366613,3.11539542363265
Train,3.28702110126639,3.28681155110685
Train,3.4523767881392,3.45237878025882
Train,3.61083401632121,3.61107056677212
Train,3.7629914237032,3.7631623018422
Train,3.90938665371888,3.9090870071712
Train,4.05001495535352,4.05030931375903
Train,4.185367040438,4.18548287288653
Train,4.31588545686173,4.31603422130017
Train,4.44153302115887,4.4413842910649
Train,4.56285822366104,4.56306146882839
Train,4.67980876824761,4.67985165356131
Train,4.79274789655703,4.79223902615327
Train,4.90200518548599,4.90170348973354
Train,5.00751258189677,5.0074083157102
Train,3.80374262174995,3.80507154124831
Train,3.8813644729742,3.8824125649778
Train,3.95697922789834,3.95760622521061
Train,4.03066374022847,4.03094477052794
Train,4.10249098938142,4.10384641040893
Train,4.17241839760179,4.17387045705861
Train,4.24073848405763,4.24078677970893
Train,4.30739922438136,4.30822077391889
Train,4.37246034610359,4.37335173295625
Train,4.43597874424708,4.43719390916328
Train,4.49800864726972,4.49947104794929
Train,4.55860177147655,4.55909340224741
Train,4.61780746482474,4.6186343901661
Train,4.67567284096216,4.67652233906499
Train,4.73224290426455,4.73306219520612
Train,4.78747214480045,4.7881460313861
Train,4.84158066204671,4.84164238041507
Train,4.89451729124722,4.89465301393297
Train,4.9463196958571,4.94634519196145
Train,4.99702394247805,4.99679902807229
Train,2.13398817546624,2.13441685283095
Train,2.3603036930206,2.36063925962122
Train,2.57460521573588,2.57478265559091
Train,2.77744420913406,2.77756969381914
Train,2.97007708970211,2.97028237606895
Train,3.15291186542403,3.15291020392361
Train,3.3270039647829,3.32727667812085
Train,3.49265432852556,3.49255538504316
Train,3.6507592120268,3.65058796437145
Train,3.80153884200432,3.8015443248085
Train,3.94576178529703,3.94618669934202
Train,4.08358689922918,4.08378733253757
Train,4.21567911599837,4.21545679736941
Train,4.34215029631276,4.34218637204219
Train,4.46358035984785,4.46358324917488
Train,4.58004496573176,4.58020123567322
Train,4.69205361385402,4.6920651939797
Train,4.79965394873103,4.79956198832071
Train,4.90329661362725,4.90343656449728
Train,5.00300750171342,5.00284279732699
Train,2.12692952333918,2.12606264903847
Train,2.35088489207782,2.35039983030419
Train,2.56338939913463,2.56301387038721
Train,2.76487539438893,2.76450879072417
Train,2.95637934571797,2.955790744973
Train,3.13881695982081,3.13824739716658
Train,3.31245113616632,3.31191659678985
Train,3.4782528902867,3.47772063604367
Train,3.63640671876633,3.6359205225153
Train,3.78758909481047,3.78699833515882
Train,3.93240371759829,3.93190600511693
Train,4.07095177015897,4.07046655021866
Train,4.20377149195949,4.20305990014888
Train,4.33134563589012,4.33099245937375
Train,4.45371995796277,4.4532594716342
Train,4.57145462335721,4.57097803979712
Train,4.68456901428786,4.68426122254904
Train,4.79344493329453,4.79308240781855
Train,4.89842727377511,4.89832585126022
Train,4.99950692178822,4.99906457755999
Train,2.12371882685724,2.12350765649242
Train,2.34385229132083,2.34311049466649
Train,2.5529843127808,2.55243876687801
Train,2.75238144534349,2.75170973689055
Train,2.94226652286525,2.9416199317139
Train,3.12372518645314,3.12346114220804
Train,3.29690314324393,3.29673277950554
Train,3.46273958171679,3.46231142401034
Train,3.62150678904842,3.62106915664745
Train,3.77347042690937,3.77271000971659
Train,3.91939789573612,3.91829574060922
Train,4.0593154789097,4.05936724847835
Train,4.1939000881719,4.1935386567982
Train,4.32329993503047,4.32284484649491
Train,4.44766388388869,4.44716992212822
Train,4.56755956828605,4.56698471957508
Train,4.68295388954253,4.68268512896556
Train,4.7943553340357,4.79399752428845
Train,4.90171656914261,4.90095856045662
Train,5.00549551390638,5.00491457267782
Train,0.858570132811861,0.859673848230283
Train,1.04394113124311,1.04394637252018
Train,1.21780985666362,1.2179998647912
Train,1.38046476767378,1.38008481625651
Train,1.53365978365212,1.53355934343508
Train,1.67753229485396,1.67819378437422
Train,1.81353329009593,1.81339839456537
Train,1.94169856401498,1.94294622948535
Train,2.0629656558425,2.06266404702067
Train,2.17814266650068,2.17857309465354
Train,2.28717156304968,2.28780351842618
Train,2.39101087704773,2.39253853596647
Train,2.48956493941143,2.48925327075991
Train,2.58344419356656,2.58421648240988
Train,2.67318127111649,2.673219487684
Train,2.7586469140583,2.75859690693886
Train,2.84051777871266,2.8411723573397
Train,2.91865223851417,2.91798155129421
Train,2.99364766201722,2.99395022059166
Train,3.06535534516765,3.06588349043667
Train,2.11836488912733,2.1208032797446
Train,2.32413838841679,2.32481087075453
Train,2.52176604908489,2.52340859563085
Train,2.71214490016071,2.71320782429788
Train,2.89546247921265,2.89532824206503
Train,3.07190808450751,3.0731478614557
Train,3.24223961470774,3.24354513697465
Train,3.40640343133022,3.40701288727323
Train,3.56508149230297,3.56555160684236
Train,3.71837330568695,3.7190594209484
Train,3.86638353331531,3.86696770483046
Train,4.00969953745136,4.01007234477087
Train,4.14838636500646,4.14959647554946
Train,4.2825150818542,4.28216338473932
Train,4.41259655644757,4.41252385795971
Train,4.53852985181722,4.53863528085334
Train,4.66078275686764,4.66065902642758
Train,4.77938175725327,4.77945944522578
Train,4.89435981211991,4.89437471734466
Train,5.00612953667992,5.005781696281
Train,2.80431739155581,2.80488908012016
Train,3.00972497311769,3.01045905785205
Train,3.19814047253609,3.19863628595592
Train,3.37125133976355,3.37264281240382
Train,3.53100508559131,3.53144072384908
Train,3.67903463184464,3.67894232354362
Train,3.81631626614119,3.81660375212717
Train,3.94410447092034,3.94452156407306
Train,4.0634679768502,4.0638974002304
Train,4.17499426474688,4.17545306395677
Train,4.2795332183762,4.2800343313868
Train,4.37772154690942,4.37758833027284
Train,4.47021182728672,4.47043668668217
Train,4.5573143354775,4.55768491555167
Train,4.63956750088226,4.63960656329869
Train,4.71744209228868,4.71788193448847
Train,4.79113303528688,4.79113499980708
Train,4.86103761995336,4.86114904173271
Train,4.92750601768001,4.92777877905799
Train,4.9906604504058,4.99075484032477
Train,3.92049435677243,3.91985974632478
Train,3.99145171165559,3.99145798337273
Train,4.06038019918818,4.06031016540827
Train,4.12763122014509,4.12808723188985
Train,4.19313532039386,4.19304197417719
Train,4.2569596945443,4.25669681878204
Train,4.31904504352194,4.31914516588682
Train,4.37970121019443,4.38029641923591
Train,4.43885954180265,4.43789066037646
Train,4.49657484268183,4.49663666837094
Train,4.55278775849454,4.55305494514058
Train,4.60777364208356,4.60815092839289
Train,4.66146558459228,4.66131127339647
Train,4.71390872886511,4.71340147627372
Train,4.76504463981533,4.76524498202644
Train,4.81511972504834,4.81518768487568
Train,4.86406937288452,4.8643377352923
Train,4.91193110299996,4.91123768220668
Train,4.95864800759439,4.95889294291092
Train,5.0044419594387,5.00422698563738
Train,3.84105780659028,3.84278354299075
Train,3.91832834994135,3.91762269803239
Train,3.99339132457357,3.99311337673176
Train,4.06634000132811,4.06646097222467
Train,4.13726246970036,4.13739611325378
Train,4.20624199270175,4.20664804093369
Train,4.27335733295105,4.2738928065719
Train,4.33868305268011,4.33873219379296
Train,4.40228979005651,4.40277227239894
Train,4.46424451397606,4.46430234323501
Train,4.5244936789611,4.52429808431057
Train,4.58333470882261,4.58297814879347
Train,4.64070477073592,4.64083825853109
Train,4.69665834288126,4.69676667655041
Train,4.75124724606848,4.75153077675229
Train,4.80452080381362,4.80423594085344
Train,4.85652599098172,4.85662928884603
Train,4.90730757193771,4.90724495453183
Train,4.95690822905911,4.95736647071757
Train,5.0053686823862,5.00476143413291
Train,2.42834849611159,2.42895060428042
Train,2.48746707092845,2.48752043737465
Train,2.54575788762654,2.54518278795205
Train,2.60303139094534,2.60381398992077
Train,2.65972085298525,2.65884407767694
Train,2.71563287692946,2.71614925062981
Train,2.77078334651799,2.76937594619013
Train,2.82518771572609,2.82493605626739
Train,2.87866785658468,2.87821567393197
Train,2.93162730929852,2.930722607935
Train,2.98388453553816,2.98369925857194
Train,3.03545341028352,3.03625175947517
Train,3.0861642488899,3.08591992013558
Train,3.13639897887034,3.13623963200147
Train,3.18598480435449,3.18662473389248
Train,3.23493421794094,3.23459070241316
Train,3.28325939359915,3.28442639331953
Train,3.33080041565752,3.32987043300902
Train,3.37791456924576,3.37833370092954
Train,3.42443915374309,3.42480966442977
Train,2.22155204803839,2.22107065521449
Train,2.32922765133009,2.32954104620661
Train,2.43370119229795,2.43490431443555
Train,2.53465579142421,2.5340417019045
Train,2.63270837419855,2.63263181218257
Train,2.72755216680266,2.7276828667337
Train,2.81975806069971,2.81989579336735
Train,2.90902955187261,2.90905935840675
Train,2.9957001972413,2.99560084646532
Train,3.08007276147852,3.08154223220955
Train,3.16186609529202,3.16107185562346
Train,3.241556529746,3.2418986221383
Train,3.31887296567829,3.31948698150243
Train,3.39408991319927,3.39359651613971
Train,3.46745776338033,3.46738122492439
Train,3.53872002406571,3.5393335007986
Train,3.60828044587191,3.60848592764821
Train,3.67589190696518,3.67532429418226
Train,3.74193377307705,3.74192613046995
Train,3.80616796539295,3.80649057863897
Train,2.14209769603856,2.14204521174689
Train,2.21273339531818,2.21204736176281
Train,2.2823769413851,2.28148876431575
Train,2.350592547525,2.35048297148461
Train,2.41764641444086,2.41702917414053
Train,2.48378804666712,2.48418322272402
Train,2.54860206011197,2.54849682639752
Train,2.61255260736111,2.6126745475728
Train,2.67523715122211,2.67443290188329
Train,2.73689780398066,2.73661433595999
Train,2.79776203666832,2.79739851263088
Train,2.85744551416636,2.85726776133421
Train,2.91617745975339,2.91642965383804
Train,2.97417352739124,2.97395789005298
Train,3.03106640882577,3.03121113730498
Train,3.08726055967372,3.08643297287961
Train,3.14239942363412,3.14234379084867
Train,3.19669294873118,3.19662994436603
Train,3.25033907813989,3.2505656852364
Train,3.30299653175664,3.30212144748787
Train,1.81999616082544,1.82063720635904
Train,1.89765762313371,1.89800603064727
Train,1.97438270048283,1.97416452664585
Train,2.0497284008324,2.04996180393768
Train,2.12395656593575,2.12348922094732
Train,2.19731456079502,2.19790142827754
Train,2.26937773151438,2.2688222392828
Train,2.3403953394366,2.34081334276752
Train,2.41060313213166,2.41004788631739
Train,2.47959370430812,2.47980449291833
Train,2.54760463611279,2.547610907376
Train,2.61465664623822,2.61416335114684
Train,2.68097125051267,2.68159820250134
Train,2.74616248280759,2.74580676613246
Train,2.81045360596929,2.81105856394327
Train,2.8740563042733,2.87337732564755
Train,2.93659962558512,2.93681900322822
Train,2.99829693749261,2.99855883020336
Train,3.05935074493537,3.05954480710269
Train,3.11940426712818,3.11937232941402
Train,2.12131051433176,2.12183704775515
Train,2.34157767709187,2.34106474017371
Train,2.55089051954992,2.55162933947084
Train,2.75041997728193,2.75074766585437
Train,2.94047941174105,2.94075653322685
Train,3.12206776781015,3.12200825382714
Train,3.29541318753376,3.29532101154322
Train,3.46137588089574,3.46125170491012
Train,3.62026820396298,3.62025712691503
Train,3.77238947072282,3.77264652953724
Train,3.9184378745978,3.91803235928367
Train,4.05850605266546,4.05864977789064
Train,4.19320723877575,4.19322906647169
Train,4.32272202966428,4.32340671548634
Train,4.44722696284171,4.44707039702298
Train,4.56723312140291,4.56753055375856
Train,4.68276194077873,4.68256384325658
Train,4.79426945759002,4.79466906595923
Train,4.90175901098383,4.9018062769531
Train,5.00563973868193,5.00524195373514
Train,2.11581728312473,2.11469359569751
Train,2.33047865584099,2.32961098991743
Train,2.53578948231645,2.53471099745245
Train,2.73197658332002,2.73131012485871
Train,2.91981227546609,2.91642346636861
Train,3.09981870678823,3.09997378123145
Train,3.27263879538605,3.27239665455277
Train,3.43838038489641,3.43808774409208
Train,3.59762025954928,3.59708370666399
Train,3.75073363400826,3.75135795375136
Train,3.89820705850173,3.89699676540725
Train,4.04007726729951,4.04002589325937
Train,4.17678714525193,4.17672920401516
Train,4.30861321308013,4.30831748939364
Train,4.43593332062855,4.43601002051265
Train,4.55874123514964,4.55801441012286
Train,4.67738517395463,4.67704479788912
Train,4.79207338478934,4.7919454655588
Train,4.90310587350724,4.90312848753542
Train,5.01045046455225,5.01008004718805
Train,2.12340780063026,2.12369079444751
Train,2.33555182157128,2.3365448258004
Train,2.53826171316524,2.54030259673016
Train,2.73252129019331,2.73131177158673
Train,2.91849468018317,2.91810440259001
Train,3.09703969551917,3.09705424813417
Train,3.26826695843802,3.26863016414381
Train,3.4329299474644,3.43089097823849
Train,3.591248371111,3.59258799412539
Train,3.74343716572525,3.74367447283784
Train,3.89012436427303,3.89001980259529
Train,4.03133386362594,4.0313838780694
Train,4.16762609628764,4.16784097626888
Train,4.29912814868422,4.29904522121382
Train,4.42596729516976,4.42537209856107
Train,4.54862072987129,4.54858132336607
Train,4.66706619002326,4.66704445866937
Train,4.78173499906128,4.78147710155826
Train,4.89259322452992,4.89228941508901
Train,5.00003247031494,4.99991761096485
Train,-2.52020399747413,-2.51863450590374
Train,-2.29591448626899,-2.29547484857406
Train,-2.07832454396176,-2.07807217632825
Train,-1.86808267620809,-1.8694565940655
Train,-1.66391071808652,-1.66373666575841
Train,-1.46643689877274,-1.46524151191704
Train,-1.27447895842263,-1.2757176773791
Train,-1.08864441514788,-1.08764240005899
Train,-0.907836374848127,-0.907235727129169
Train,-0.73264157362904,-0.732856840393347
Train,-0.562039432900503,-0.561820219196505
Train,-0.39659609735487,-0.395685010269962
Train,-0.235359490400793,-0.235847452202604
Train,-0.0788755415109268,-0.0794752065629507
Train,0.0737461038603353,0.0737105562458524
Train,0.221979226239904,0.222647772194988
Train,0.366658369217015,0.366667245691965
Train,0.507276431250276,0.50691546490176
Train,0.644617321591916,0.644619915889608
Train,0.778192409141088,0.779098972352319
Train,3.78722333247141,3.78732111709124
Train,3.86835707725558,3.86842813846467
Train,3.94712554082616,3.9470731625394
Train,4.02363066926337,4.02350154817041
Train,4.0979686329837,4.09844265838586
Train,4.17023023004647,4.17015483455761
Train,4.24050125613106,4.24071507898004
Train,4.30886284435454,4.30845882577089
Train,4.37539177775957,4.37553031323121
Train,4.44016077700295,4.43994679473154
Train,4.50341168856786,4.50351388014055
Train,4.56485960942645,4.56560373987548
Train,4.6247441025641,4.62411949643113
Train,4.6831240862016,4.68304227941795
Train,4.74005555482039,4.74005407507903
Train,4.79559175829861,4.79474556936386
Train,4.84978336803594,4.84974763381914
Train,4.90267863115647,4.90284008077865
Train,4.95432351377617,4.95417951017388
Train,5.0047618342289,5.00491617769023
Train,4.06779321762793,4.06766837466935
Train,4.12886362446846,4.12881412881573
Train,4.18843650502565,4.18851334745617
Train,4.24656627409439,4.24651657701584
Train,4.3034897491331,4.30340923977502
Train,4.35888192481813,4.35886442800489
Train,4.41297936164961,4.41290975338663
Train,4.46582693013893,4.4658562644346
Train,4.51746745109716,4.51741191148089
Train,4.56794181135225,4.56792341678075
Train,4.61745010965688,4.61744506019946
Train,4.6657040691344,4.66550718755766
Train,4.71290408416591,4.71288304774756
Train,4.75908431150662,4.75904265649085
Train,4.80427744772708,4.80430560157942
Train,4.84851480641581,4.84838523822976
Train,4.89196783246196,4.89200388849486
Train,4.93437948805927,4.93421705561189
Train,4.97592179954134,4.9760135282327
Train,5.01662122515669,5.01637041879879
Train,4.22014920295026,4.22001861547294
Train,4.27001595389997,4.27014756994195
Train,4.31884733509992,4.31888433788478
Train,4.36649106477317,4.36659488976442
Train,4.41334987882338,4.41331455122652
Train,4.45926512455976,4.45927432633017
Train,4.50426501801582,4.50446108337207
Train,4.5483766613159,4.54832255119059
Train,4.59145944968607,4.59166919175324
Train,4.63387492262615,4.63387467185318
Train,4.67547720517421,4.67542756562742
Train,4.71628946103913,4.7165005526069
Train,4.75617962708936,4.75615787948469
Train,4.79548073861762,4.79544709420973
Train,4.83405616692232,4.83435243024926
Train,4.87192582742161,4.87197432133532
Train,4.9091089134031,4.90916201685464
Train,4.9454831181638,4.94537788481772
Train,4.98135040320262,4.98135300924045
Train,5.01658461081217,5.01656846733608
Train,0.0232534855056645,0.0241015304808828
Train,0.324712944071901,0.324853675219831
Train,0.60536286614481,0.605000086586468
Train,0.867286065839493,0.867431278839468
Train,1.11229637454543,1.11205368209681
Train,1.34246542260862,1.34215907057799
Train,1.55818922335934,1.55808801735105
Train,1.76121419379661,1.76176917149093
Train,1.95262957125149,1.95268138704574
Train,2.13340348386394,2.13328290887356
Train,2.30439932758651,2.30428091472208
Train,2.46638955566902,2.46649052654885
Train,2.62006734534397,2.61997410352257
Train,2.76605651343147,2.7662729482132
Train,2.90491998000819,2.90480534582128
Train,3.03744826357064,3.0372954605387
Train,3.16352782107499,3.16345388309959
Train,3.28387356534576,3.28418338967982
Train,3.39886794131181,3.39895173289391
Train,3.50886012159005,3.50939673154715
Train,4.28859561403509,4.2881481146985
Train,4.34205553093081,4.34208368849805
Train,4.39413825412554,4.39409274885994
Train,4.44523806813899,4.44520767477353
Train,4.49521413955049,4.49509080956232
Train,4.54393920473399,4.54400983269978
Train,4.5917797177037,4.59175179353229
Train,4.63844468822171,4.63845377956264
Train,4.68428365944228,4.68429801481251
Train,4.72916704473182,4.72912873018034
Train,4.77297694083089,4.77283321613578
Train,4.81603966114015,4.81610549642092
Train,4.85823186116631,4.85787234835802
Train,4.89944090909091,4.8989190295666
Train,4.93997216624685,4.94012277613569
Train,4.9795747829991,4.97934931334128
Train,5.01854127914636,5.01839759885034
Train,5.05675790632441,5.05673449649224
Train,5.09412023228766,5.09427543190318
Train,5.1309029953917,5.13063816851392
Train,2.58610026583734,2.58648660849252
Train,2.76851465918126,2.77036007704524
Train,2.94272882802608,2.94314162489981
Train,3.10901911744448,3.10915356565057
Train,3.26841993749323,3.26864805838005
Train,3.42110751508397,3.42103457059089
Train,3.56749720103519,3.56576006442402
Train,3.70797077464581,3.70909409244141
Train,3.84266509114177,3.84316281419014
Train,3.97234198581784,3.97088253899881
Train,4.09707757069643,4.09791732763547
Train,4.21714899668871,4.21657196296322
Train,4.3326287426891,4.33315460203645
Train,4.44413033620157,4.44269153044757
Train,4.55168393839327,4.55055728032267
Train,4.65549558435397,4.65610357821463
Train,4.75575721774563,4.75644052588745
Train,4.85249322518756,4.8528120095717
Train,4.9461851749025,4.94664398821314
Train,5.03682941941548,5.03644478915164
Train,2.98775249380128,2.98681975505804
Train,3.12206960094632,3.11988755493464
Train,3.25290130390781,3.25197063682931
Train,3.37993974614198,3.37897703980109
Train,3.50377640960752,3.50244844267861
Train,3.62411220201402,3.62363105142051
Train,3.74150019080705,3.74116394363272
Train,3.85565013384334,3.85364273345435
Train,3.96688702225547,3.96627974243908
Train,4.07550945630258,4.07525830612786
Train,4.18124040876721,4.18082460894332
Train,4.28455202488485,4.28267112527874
Train,4.38517594829115,4.38470369695958
Train,4.48338609932238,4.48351989861617
Train,4.57943510371219,4.57889881303123
Train,4.67306727396642,4.67274217845916
Train,4.76469060628296,4.76470564458734
Train,4.85405759289072,4.85346537127606
Train,4.94155423929131,4.9409943825999
Train,5.02694097839383,5.0259716017566
Train,4.14401671994345,4.14416679718287
Train,4.19751144380353,4.19785443068524
Train,4.24985505831044,4.24976634744078
Train,4.30108432264442,4.30119586875439
Train,4.35123444732833,4.35108684933829
Train,4.40033917493346,4.4002757383602
Train,4.44843085579031,4.44853882889804
Train,4.49554051906142,4.49541823455391
Train,4.54169793950441,4.54199083374496
Train,4.58693170022691,4.58693522953222
Train,4.63126925171151,4.6313424250801
Train,4.67473696736674,4.67473513621393
Train,4.71736019584034,4.71733074766553
Train,4.75916331031284,4.75909892211074
Train,4.80016975497286,4.8002722691516
Train,4.84040208886042,4.84049343403981
Train,4.87988202725041,4.87981848784672
Train,4.91863048073583,4.91873205818306
Train,4.95666759215853,4.95658976385083
Train,4.99401277152463,4.99404904013355
Train,3.88106647881116,3.88112007849516
Train,3.95498534175077,3.95476163102069
Train,4.02671478618677,4.02641481765706
Train,4.09670141090502,4.09680186274082
Train,4.16483624467702,4.16465111533888
Train,4.23102517859931,4.23121639875466
Train,4.29567456628328,4.29542837309434
Train,4.35852034698589,4.35863530387438
Train,4.41994505606517,4.41973159189409
Train,4.47984525635399,4.47950607819609
Train,4.53813014425581,4.53812403645817
Train,4.59515032639944,4.59516719996643
Train,4.65080606957692,4.65083065150165
Train,4.70500913105349,4.70510632346497
Train,4.75808209561698,4.75807747736267
Train,4.80979863708371,4.80976369406716
Train,4.86046452629652,4.86037371058989
Train,4.90998639728125,4.90995443643632
Train,4.95828074029674,4.9580403706861
Train,5.00563050217586,5.00564804160594
Train,2.12621823990325,2.12694099693072
Train,2.35335536725129,2.35346542477116
Train,2.56848775657863,2.56866172347245
Train,2.77206855266668,2.77272621111789
Train,2.96522830288204,2.96514402170642
Train,3.14896097896573,3.14872033170901
Train,3.32353294524035,3.32257490975865
Train,3.49000016938564,3.48994932985252
Train,3.64854390333541,3.64804771364866
Train,3.79989311823147,3.79964213550068
Train,3.94469562852031,3.94607939955634
Train,4.08304353576476,4.08230328168354
Train,4.21551363640978,4.21542507254323
Train,4.34262124740616,4.34213641375514
Train,4.46440022385062,4.46429644335622
Train,4.5814523120877,4.58109551802613
Train,4.69378410219524,4.69381304864745
Train,4.80180183201991,4.80141236080671
Train,4.9058711871293,4.90569730764234
Train,5.00596980801308,5.00562787795001
Train,3.98151939479087,3.98182373304677
Train,4.08560394980828,4.08564523160655
Train,4.18538760819451,4.18549965932076
Train,4.28149214122652,4.28118712180511
Train,4.3737693593754,4.37363685060902
Train,4.46277764000615,4.46289872231222
Train,4.54836467816459,4.54851145415951
Train,4.63103463127504,4.63085983100064
Train,4.71063354983805,4.71064109640715
Train,4.78761888365643,4.78754996879557
Train,4.86183683844562,4.86214380701907
Train,4.93370436064246,4.93328622696524
Train,5.00306911414454,5.00304542728647
Train,5.07031270660277,5.07036277158981
Train,5.13528519349241,5.13534192748935
Train,5.19833717447293,5.19852484354212
Train,5.25932175401187,5.25916426411693
Train,5.31856218030005,5.31844565071919
Train,5.37591505757774,5.37575374976509
Train,5.43167938954815,5.43165608333689
Train,3.56330827873525,3.5634157609376
Train,3.61943027308644,3.6192809621288
Train,3.67467932599725,3.67462970214311
Train,3.72860979994892,3.72864435052467
Train,3.78149458101501,3.78115689408173
Train,3.83336379059865,3.83325169630942
Train,3.88446551995038,3.88440961136239
Train,3.93438531230801,3.93431066441828
Train,3.98337334956381,3.98326861535397
Train,4.03145547738693,4.0316910042421
Train,4.07885992830399,4.07856543524975
Train,4.12520035364699,4.12492843074382
Train,4.17070699209888,4.17070949781778
Train,4.21540214606916,4.21550779217574
Train,4.25949652745226,4.25948288311607
Train,4.30262920059413,4.30256563770056
Train,4.34501278816023,4.3451907883712
Train,4.38666663622413,4.38686047419158
Train,4.42778591658008,4.42712386299217
Train,4.46803273530061,4.46766115704112
Train,5.37057636424032,5.37037407001327
Train,5.43382141873497,5.4338143267206
Train,5.49501443885656,5.49488406640563
Train,5.55425370004127,5.55433218609301
Train,5.61163130089327,5.61167973108683
Train,5.66723364096217,5.66725500457557
Train,5.72114185484868,5.72109213654219
Train,5.77343220722596,5.77341674571037
Train,5.82417645282135,5.82404690291403
Train,5.87344216493173,5.87346909180237
Train,5.92120404498644,5.92092992949023
Train,5.96770266156324,5.96749638001428
Train,6.01290314905093,6.01294441735276
Train,6.05685912002681,6.05684103123841
Train,6.09962127490142,6.09961062201211
Train,6.14123759700093,6.14125551066761
Train,6.18175353217474,6.18170523698123
Train,6.22121215434194,6.22116342684853
Train,6.25965431824423,6.2596659917371
Train,6.29711880054416,6.29706891696663
Train,3.43469817214436,3.43473368983486
Train,3.71526197914561,3.71518359252888
Train,3.96912085994883,3.96903884162915
Train,4.19970213449115,4.19967883034369
Train,4.41045529222628,4.41041298891901
Train,4.60365386091897,4.6036391822779
Train,4.78140345001849,4.78139265267818
Train,4.94548586823508,4.94549551875157
Train,5.09727810462039,5.09724371630769
Train,5.23837314178011,5.23841122283024
Train,5.36974091204346,5.36966976930313
Train,5.49235381109834,5.49240429455106
Train,5.60695185997092,5.60697116605919
Train,5.71449665703554,5.71439485562829
Train,5.8155254137919,5.81554663504691
Train,5.91061291862125,5.91056404995155
Train,6.00026828715781,6.00030704141718
Train,6.08486476854503,6.08492780279565
Train,6.16496886465042,6.16492623424232
Train,6.24085787471548,6.24110684667005
Train,3.35747576609748,3.35643071895044
Train,3.46979775418912,3.4692672681371
Train,3.57789529176079,3.57786746836257
Train,3.68200230337501,3.68215309119989
Train,3.78212479428875,3.78180159001557
Train,3.87889364851317,3.87882624964397
Train,3.97227749373612,3.97227028296806
Train,4.06245089010111,4.06155760976744
Train,4.14957659815377,4.14955889605329
Train,4.23380655928289,4.23366579247471
Train,4.3151111586512,4.31520824722084
Train,4.39397198583075,4.39399135420648
Train,4.47033614290024,4.46986140052704
Train,4.54432034612779,4.5440082410274
Train,4.61603414828639,4.6163960241645
Train,4.6855804799257,4.68529169049013
Train,4.75291380124137,4.75278123029153
Train,4.81841406116404,4.81841513778963
Train,4.88202044711433,4.88173825553515
Train,4.94381392771371,4.94370526627616
Train,3.95379085585895,3.95436916021792
Train,4.02387689874655,4.02387902768977
Train,4.09202787585003,4.09109170011313
Train,4.15832283624358,4.1585340657118
Train,4.22265524360137,4.22213328389662
Train,4.28546338401749,4.28594202552602
Train,4.34662808607946,4.3457464183035
Train,4.40621302012163,4.40615340015321
Train,4.46427860944328,4.46364754122742
Train,4.52088223469157,4.5200646372116
Train,4.57592311844487,4.57567221786146
Train,4.62976750947251,4.6292042914024
Train,4.6823055082136,4.68087804986604
Train,4.73358408906357,4.73392632988214
Train,4.78364800099205,4.78331024792937
Train,4.83253989778802,4.83193131457587
Train,4.88016595915179,4.88022105435978
Train,4.9268370631556,4.92624255891613
Train,4.9724526102253,4.97279717743781
Train,5.0170480101116,5.01589483405706
Train,3.80648225569434,3.80668699989112
Train,3.88819773140044,3.88769594206453
Train,3.9675845776397,3.96789670442051
Train,4.04434546678564,4.04387120079037
Train,4.1187993066945,4.11881643620283
Train,4.19123440546412,4.19155758337966
Train,4.26137018770759,4.26167911800244
Train,4.32948904552383,4.32974884816293
Train,4.39584710591179,4.39742037510641
Train,4.46017989826154,4.45987394628127
Train,4.52273921278602,4.52355281849057
Train,4.58359738725435,4.58352883763548
Train,4.64297543427099,4.64276935981535
Train,4.70062906181099,4.70061207093026
Train,4.75677643828702,4.75708869661321
Train,4.81161680267712,4.81178453406341
Train,4.86491994475946,4.86698814812034
Train,4.91688305589834,4.91675508687433
Train,4.96768669976923,4.96757195642967
Train,5.01711383153096,5.0171377196707
Train,3.8066694585454,3.80704601153311
Train,3.88830813858995,3.88815139162136
Train,3.96762431052348,3.96765607365306
Train,4.04432259282697,4.04463060432779
Train,4.11891043444386,4.11904017968947
Train,4.19110358009718,4.1910037774744
Train,4.26137364197484,4.26142845888685
Train,4.32944724323035,4.32942801099813
Train,4.39576388554881,4.3957740931137
Train,4.46006075378851,4.45997530739315
Train,4.52274846433141,4.522973874991
Train,4.58357440276936,4.58357130730223
Train,4.64292310555896,4.64303526505507
Train,4.70055177180784,4.70042308759179
Train,4.75682130961977,4.75676455353121
Train,4.81149833123813,4.81154461274039
Train,4.86492226818416,4.86509669900662
Train,4.9168687417456,4.91674493385535
Train,4.96765760327812,4.96769754484494
Train,5.01707308206896,5.01700053337551
Train,2.1236001698057,2.12438626270794
Train,2.3312267024633,2.33215318664378
Train,2.53079190975058,2.53120974282022
Train,2.72221107576009,2.72363105161965
Train,2.90649628017563,2.90818615580228
Train,3.08353435789103,3.08837589593774
Train,3.25422961376912,3.25919824783483
Train,3.41844845121932,3.42608927551991
Train,3.57700345480192,3.58197725254812
Train,3.72974665350828,3.73357092222178
Train,3.87741200225108,3.87990100496716
Train,4.01984174897882,4.02246892954859
Train,4.15770198454672,4.16055156583993
Train,4.290828668106,4.29433974560117
Train,4.41982895049952,4.42187041594583
Train,4.54453516025359,4.5460442063216
Train,4.66550296056914,4.66677264980203
Train,4.78256307189015,4.78322927904233
Train,4.89622593620364,4.89649419288354
Train,5.00632220143366,5.00623750485612
Train,2.11929806066128,2.12169335723028
Train,2.33912576422513,2.3405777280742
Train,2.54859528613601,2.54949195784954
Train,2.74780960314826,2.75015868295648
Train,2.93779495529389,2.93968671711478
Train,3.11945687375641,3.12274725945122
Train,3.29279699955795,3.29519779216838
Train,3.45862885425712,3.46001487402201
Train,3.61767431655396,3.62026734375836
Train,3.76987241815197,3.77092078280235
Train,3.91588042011057,3.91824293373692
Train,4.05606843534068,4.05693434348191
Train,4.19098530903493,4.19169472823485
Train,4.32052286055671,4.32138186991361
Train,4.44518840503133,4.44635157078921
Train,4.56543701782796,4.56553256863607
Train,4.6811416941507,4.68170789153971
Train,4.79272714137776,4.79379696587045
Train,4.90057583290482,4.9005735842267
Train,5.00455067461036,5.00431078506272
Train,2.79788184818482,2.79843051281759
Train,2.97335468643221,2.97366606547483
Train,3.13886891715424,3.13903953480594
Train,3.29576238654505,3.29579638274226
Train,3.44444714550587,3.44472333044145
Train,3.58531949114351,3.58548079627015
Train,3.71941916855353,3.71938085288858
Train,3.84701300755902,3.84727288688863
Train,3.96836344940053,3.96844453197447
Train,4.08429867299206,4.08451549854015
Train,4.19499065489583,4.19510249670831
Train,4.30078722298537,4.30102983374586
Train,4.40183938328847,4.40200653939383
Train,4.49877838020913,4.49901500938887
Train,4.5916967674814,4.59170731818238
Train,4.68069257122139,4.68084637797876
Train,4.7662911811145,4.76630617281054
Train,4.84854735918329,4.8485854647475
Train,4.92752249937938,4.92764525632351
Train,5.00366031197705,5.00353049991001
Train,1.49400356488097,1.49472174733185
Train,1.57682794872268,1.5770513233833
Train,1.6584071625663,1.65877215238272
Train,1.73815252095142,1.73829853095823
Train,1.81672692283096,1.8164576001166
Train,1.89356181483551,1.89325314924478
Train,1.96929441392374,1.96920753799908
Train,2.04337531582866,2.04310348575989
Train,2.11641754009361,2.11656645101977
Train,2.1878899089651,2.18806016591904
Train,2.25838261570457,2.25845355938991
Train,2.327381842575,2.32699076428267
Train,2.3954562249571,2.39503782189415
Train,2.46210849074814,2.46180466846997
Train,2.5278868926327,2.52826666869987
Train,2.59230993820457,2.59222799066805
Train,2.65590658789213,2.65586827981272
Train,2.71821040810501,2.71780278067162
Train,2.77973208027049,2.77818908194946
Train,2.8400195506646,2.84010916162182
Train,3.79651087817818,3.79590675843473
Train,3.87628483249643,3.87401015782029
Train,3.95402468652431,3.95415404146745
Train,4.02946536235789,4.02770083604132
Train,4.10287290473821,4.10143446438962
Train,4.1743284105928,4.17448102090105
Train,4.24406620952719,4.24381356164715
Train,4.31184013007536,4.31181811884197
Train,4.37788100216708,4.3769340985164
Train,4.44225446036291,4.44226872187141
Train,4.5051650316377,4.50420472577623
Train,4.56638419583678,4.56624191023673
Train,4.6261141293753,4.62612219234499
Train,4.68440852026206,4.68407678636966
Train,4.74144748054827,4.7412322261316
Train,4.79701879050252,4.79652788929828
Train,4.85130101388361,4.85111916730857
Train,4.90433849078683,4.90375301288552
Train,4.95629108787155,4.95571122402424
Train,5.0069615428495,5.00664824903962
Train,2.11265652053321,2.11499322222848
Train,2.3578566649345,2.3587321921055
Train,2.58709638398645,2.5871445981376
Train,2.80188488942419,2.80286806939149
Train,3.0035469266887,3.0040669826498
Train,3.19300068400244,3.19275811089571
Train,3.37179232928029,3.37283785310052
Train,3.5405745503095,3.5400822971779
Train,3.70016500671517,3.69946934883854
Train,3.85129466049826,3.85030769029684
Train,3.9946189701457,3.99311393910503
Train,4.1307273939857,4.12910912002687
Train,4.26015149340538,4.25798437536348
Train,4.38337187082695,4.38173557337142
Train,4.50082413335532,4.50008086247532
Train,4.61275563701275,4.61217776208492
Train,4.71983010816281,4.71986996385955
Train,4.82222099538286,4.822090819667
Train,4.92022902122279,4.91941749083347
Train,5.01412970272404,5.01314606422252
Train,2.14401432385432,2.14491998933578
Train,2.38115906837723,2.38077276030541
Train,2.6037154860944,2.60376374708259
Train,2.81248742451155,2.8145908942707
Train,3.00895291571405,3.01045630192701
Train,3.19439187912844,3.19430192105464
Train,3.36928552276897,3.36944717088825
Train,3.53490699190702,3.53454771138054
Train,3.6915961922994,3.69147180774043
Train,3.8402358800163,3.84025689466651
Train,3.9816013822551,3.98251782034988
Train,4.11588896677827,4.11719071410368
Train,4.24377162448729,4.24322037644849
Train,4.36584447361433,4.36676063996858
Train,4.48221255814478,4.48203695393451
Train,4.59353582159029,4.5934747444066
Train,4.6998773243844,4.69985547318604
Train,4.80168739654563,4.80121561123439
Train,4.89936800597654,4.89927462068519
Train,4.99293804110241,4.99219854363578
Train,2.1089386522176,2.10930199514212
Train,2.37514073023038,2.37524146744127
Train,2.62060179571228,2.62034497072165
Train,2.84707197075652,2.84698154156424
Train,3.05721315704382,3.05667777484859
Train,3.25222648526667,3.25209286801611
Train,3.43415752082525,3.43412675777551
Train,3.60384084059762,3.60339544993804
Train,3.76267811596061,3.76270065185491
Train,3.91187006831308,3.91097629842491
Train,4.05190585526976,4.05195439949703
Train,4.18394524024873,4.18372196722537
Train,4.30833067579597,4.30799594104935
Train,4.42586142983442,4.425802861634
Train,4.53723364108906,4.53725124078896
Train,4.64264426466738,4.64226647959638
Train,4.74281992770265,4.74232993658511
Train,4.83789302383836,4.83767510025029
Train,4.92847952912802,4.92826275337772
Train,5.01466450809957,5.01416050191769
Train,2.1288000425236,2.12916157067795
Train,2.34823611622065,2.34874953016047
Train,2.55721056391098,2.55744605178862
Train,2.75599004423558,2.75586405268901
Train,2.94552363337288,2.94516980402457
Train,3.12665298750669,3.12659003276794
Train,3.29952074244584,3.29991027109927
Train,3.46506570261306,3.46473422405445
Train,3.6233729771198,3.62344411313953
Train,3.77508423011347,3.7748601418346
Train,3.92077359844153,3.920559937387
Train,4.06046525202083,4.06050197536565
Train,4.19467901969374,4.19447937881275
Train,4.3238821364358,4.32378264720903
Train,4.44805868915352,4.44770512678248
Train,4.56777660105704,4.56777112917721
Train,4.68300122001707,4.68285107455989
Train,4.79411099883308,4.79357118126854
Train,4.90144833177892,4.90077554223241
Train,5.00495885637076,5.00341360351941
Train,2.12903313037011,2.12889796394575
Train,2.37371497467302,2.37335451888802
Train,2.60247029364738,2.60229398869907
Train,2.81623456115528,2.81629100156248
Train,3.01670163660666,3.01633841777727
Train,3.20532645089991,3.20491383271154
Train,3.38265358908176,3.38282052315608
Train,3.54989189897027,3.54968209633917
Train,3.70809013959052,3.70792570747223
Train,3.8575609457185,3.85731639228336
Train,3.99919673222576,3.99874474650834
Train,4.13359781405886,4.13374240486032
Train,4.26147622394797,4.26107073166641
Train,4.38296867091488,4.38255363115008
Train,4.4986971616588,4.49848911735116
Train,4.60921087066979,4.60758231144923
Train,4.71457055299424,4.71433260330576
Train,4.81526389425394,4.81521092152764
Train,4.91172399174008,4.9115411032149
Train,5.00396334665218,5.0037924379397
Train,2.13040396222976,2.1308030032246
Train,2.37303853282408,2.37326048046225
Train,2.60015547822851,2.60012952718808
Train,2.81263070033132,2.81279329112198
Train,3.01210130581198,3.01241023774577
Train,3.19997617682496,3.19996191940433
Train,3.37676511064571,3.37604021770484
Train,3.54386697152176,3.54382074319384
Train,3.70163413213781,3.70193412925961
Train,3.85102716016077,3.8513080612671
Train,3.99288537720786,3.99289326710219
Train,4.12740371639727,4.12683346140073
Train,4.25530873339397,4.25566525442417
Train,4.37723989298125,4.37707820765297
Train,4.493294071595,4.49315369826623
Train,4.60418353903414,4.60410544374841
Train,4.70996079497985,4.70995138538614
Train,4.81110720463325,4.8108263518705
Train,4.90805066782361,4.90776196875669
Train,5.00079777774893,5.00080624762904
Train,4.03678158433773,4.03689959121616
Train,4.13566729713179,4.13565147723663
Train,4.23097241930034,4.23100562358685
Train,4.32253303108006,4.3225142974663
Train,4.41073584423757,4.41077613087698
Train,4.49592692277096,4.49593279856489
Train,4.57793968546789,4.57796957683604
Train,4.6572551368398,4.65722032613176
Train,4.73370733785268,4.73374223836397
Train,4.80759144513496,4.80763336552041
Train,4.87917329958169,4.87915595883902
Train,4.94829025844663,4.94829178121692
Train,5.01519696033909,5.01546278415328
Train,5.08012355466713,5.08012296679091
Train,5.14291246511713,5.14294448283493
Train,5.20390367316847,5.20389841024055
Train,5.26294356871021,5.26291590022345
Train,5.32023532421494,5.32027342720306
Train,5.37596355005784,5.37602433243351
Train,5.42998106724748,5.42997401112465
Train,2.76429712269479,2.76426773323574
Train,2.99662453130539,2.99689745999911
Train,3.21286783191093,3.21310216578929
Train,3.41419547717616,3.41372688175432
Train,3.60251571015027,3.60288407983231
Train,3.77865864230516,3.77832391606859
Train,3.94413510895602,3.94414401830258
Train,4.09953984965417,4.09952676207842
Train,4.2459277761753,4.24607482818337
Train,4.38421528045004,4.38410087642991
Train,4.51476550454941,4.51502010259352
Train,4.63848546459697,4.63825061253459
Train,4.75563590627726,4.75583863930506
Train,4.86685051434591,4.86640746726793
Train,4.97268738411074,4.97286078164046
Train,5.07330223853307,5.07339714731179
Train,5.16928654997398,5.16928903046037
Train,5.26074791253988,5.26093955496603
Train,5.34819410489527,5.3479624237208
Train,5.43169660327504,5.43182088553635
Train,3.80381777795189,3.80416968496913
Train,3.88514324005325,3.88534290150626
Train,3.96402527890594,3.96416771238642
Train,4.04074982268281,4.04054156813161
Train,4.11505901581572,4.11528742669274
Train,4.18723194122482,4.18729642885367
Train,4.25735941480867,4.25714225599172
Train,4.32552717676686,4.32522181289817
Train,4.39197006127829,4.39260920574882
Train,4.45645288468365,4.4561782609925
Train,4.51920628604514,4.51930121319695
Train,4.58029891907628,4.5801169597786
Train,4.63993401138155,4.64015760633307
Train,4.69789341540057,4.69792893834568
Train,4.75437753520853,4.75392217349728
Train,4.80944199021849,4.80944249259697
Train,4.86313963868017,4.86328586120415
Train,4.91564248218195,4.91546548119837
Train,4.96675195093874,4.96667411930501
Train,5.01663835745596,5.01617118721711
Train,3.80664091162018,3.80462112925849
Train,3.88860513026176,3.88862074009166
Train,3.9679995475491,3.96787204314765
Train,4.04494315355178,4.04462744129152
Train,4.11954770383565,4.11709789234
Train,4.1919182610461,4.19076982575959
Train,4.26215368855679,4.26234771669836
Train,4.33034710106158,4.32999239560342
Train,4.39658627642818,4.39653051021896
Train,4.46095403264424,4.46062471635874
Train,4.52367796994307,4.52354440635104
Train,4.58452912445033,4.58441304150575
Train,4.64373103384914,4.6435265027289
Train,4.70134985075786,4.70107010189787
Train,4.75744823655694,4.7565523408549
Train,4.81208558870454,4.81196232412859
Train,4.86531825051979,4.8642628729833
Train,4.91719970499118,4.91726927508489
Train,4.9677807540116,4.96753952588198
Train,5.01710968430264,5.01679868054052
Train,1.61461103702992,1.61517498517882
Train,2.00542657563896,2.00574438854101
Train,2.35758061384121,2.35755538576805
Train,2.67595499157941,2.67594744518417
Train,2.96545351484543,2.96497256572699
Train,3.23007786762063,3.23026757061699
Train,3.47245396223694,3.47326943539908
Train,3.69568666082168,3.69694762001445
Train,3.90157605727133,3.90189791357946
Train,4.09224436676495,4.09336866661691
Train,4.26948383431432,4.27005513299584
Train,4.43435795345876,4.435148959252
Train,4.58826026605805,4.58930610201732
Train,4.73238495656922,4.73248985121877
Train,4.86738295180506,4.86753933381938
Train,4.99433137694464,4.99442128516248
Train,5.11370594655759,5.11352019761139
Train,5.22627002247981,5.22541612254853
Train,5.33268984781122,5.33276780663038
Train,5.4332664421867,5.43290439405663
Train,1.18428791394519,1.18523894470779
Train,1.63622234477721,1.63681986664294
Train,2.03966537388795,2.04054907085609
Train,2.40202412271444,2.40234244443679
Train,2.72927020845774,2.7296523668016
Train,3.02627142594558,3.02669105365892
Train,3.29703552707117,3.29778486624093
Train,3.54489212669147,3.54559036474994
Train,3.77263031285526,3.77269557615303
Train,3.98260405466821,3.98307854916874
Train,4.17681386944818,4.17783257690696
Train,4.35697076170014,4.35727998441478
Train,4.52454676694965,4.52452293009376
Train,4.68081526395373,4.68103488860338
Train,4.82688339281796,4.82695493441814
Train,4.96371832551304,4.96372117927855
Train,5.09216870721911,5.09223413851635
Train,5.21298227338585,5.2127455845081
Train,5.32682041531893,5.32651469186866
Train,5.43427029363221,5.43420321478695
Train,2.11854974520265,2.11888304610355
Train,2.36965329953032,2.37077802010511
Train,2.60291369662723,2.60216227601638
Train,2.82074288747963,2.82069072607937
Train,3.02408366216741,3.02476930001602
Train,3.21483992653704,3.21461882035118
Train,3.39366947362023,3.39317034537017
Train,3.56210365267221,3.56266317036943
Train,3.72060116765344,3.7204378503036
Train,3.87041413984253,3.87076677178317
Train,4.01185999458537,4.01142414717216
Train,4.14597750162666,4.14619876656115
Train,4.27298251658091,4.27315481470959
Train,4.39374797378785,4.39399478653434
Train,4.5084159270133,4.50858121896891
Train,4.61772841628796,4.61794271769769
Train,4.72177341797621,4.72217397111208
Train,4.82118822113108,4.82135082359532
Train,4.91602092961166,4.91637484776746
Train,5.00682395082493,5.0067012411106
Train,4.12029750582454,4.11937535228718
Train,4.17735496874578,4.17663101534288
Train,4.23298871820292,4.23314590832152
Train,4.28755224265169,4.28769894106335
Train,4.34078056588744,4.33941901021425
Train,4.39301016246763,4.39356066730086
Train,4.44398575846483,4.44324305818051
Train,4.49402803643194,4.49380206905247
Train,4.54302639095992,4.54285154760544
Train,4.59088048913341,4.59044722119983
Train,4.63788935800581,4.63797677329914
Train,4.68381995465423,4.68389666511094
Train,4.72895809292725,4.72901519074839
Train,4.77320123589407,4.77246564738114
Train,4.81645576932464,4.81509748486046
Train,4.85898929060412,4.85922554370023
Train,4.90058839484491,4.89842919876041
Train,4.94150950752117,4.94139665306142
Train,4.98154643049578,4.98135555818676
Train,5.02094511455809,5.02033842370118
Train,2.13108253715747,2.13270352462948
Train,2.3634225107439,2.36416904331523
Train,2.58234426957046,2.5822676224359
Train,2.78872206994565,2.78960386203706
Train,2.98408712843775,2.98531088503783
Train,3.16906850956499,3.17040161834748
Train,3.34447262355661,3.34599951689596
Train,3.51102448520961,3.51456111114768
Train,3.66918121602325,3.67004901953577
Train,3.81993600410763,3.82176791688615
Train,3.96361774986868,3.96691154083892
Train,4.10071281829953,4.10211361704244
Train,4.23150110558036,4.23268779798757
Train,4.35671938119378,4.35780816149116
Train,4.47656656134204,4.4767574735111
Train,4.59138097054597,4.59216955273323
Train,4.70147310298635,4.70163453914732
Train,4.80699671021597,4.80738806136598
Train,4.90848328994059,4.90923743523723
Train,5.00603822010173,5.00662005825745
Train,3.04119409913443,3.0411842573264
Train,3.19008903585689,3.1897443104478
Train,3.33178815602225,3.33176440653097
Train,3.46656537724521,3.46637138745462
Train,3.59536463091558,3.59519438467511
Train,3.7183597587099,3.71833370310285
Train,3.83593444559867,3.83573340132209
Train,3.94843928740004,3.94838362407809
Train,4.05600691507524,4.0557480901541
Train,4.15931622960259,4.15895721988556
Train,4.25844130188877,4.25828320056832
Train,4.35363129196219,4.353560226635
Train,4.44495577097793,4.44489834430667
Train,4.53295339705236,4.53229400848115
Train,4.61765389777833,4.61767093110328
Train,4.69923917216988,4.69896130206288
Train,4.77787798061389,4.77774722985502
Train,4.8535940634255,4.85299624089638
Train,4.92680396804945,4.92662477916661
Train,4.99750567947043,4.99714809243059
Train,2.12952051089091,2.13020194531749
Train,2.3669523637525,2.36746535428999
Train,2.58984900460194,2.58958514836647
Train,2.79950552654577,2.7994315934054
Train,2.99706760274245,2.99734178888843
Train,3.18355243123405,3.18421583740661
Train,3.35986625274271,3.35978097214061
Train,3.52681907826002,3.52770340382557
Train,3.68513713151105,3.6850442649385
Train,3.83547340951763,3.83563241726874
Train,3.97841668516907,3.97876147973076
Train,4.11449921352282,4.11465657616251
Train,4.24420335448835,4.24420302363067
Train,4.36796728559095,4.36801428159547
Train,4.48618994740472,4.48659475636062
Train,4.5992353392663,4.59921901856748
Train,4.7074362627208,4.70757381407523
Train,4.81109759379642,4.81107636637003
Train,4.9104991518747,4.91025471702687
Train,5.00589822200829,5.00610983207935
Train,3.86767499240352,3.8675340422196
Train,3.93988814312301,3.93967303178371
Train,4.0101984399561,4.01021340517012
Train,4.07901616013599,4.07880021286699
Train,4.14622331643736,4.14610560760977
Train,4.21171516262025,4.21161716533135
Train,4.27586994226197,4.27615759552338
Train,4.33857416610701,4.3380899419444
Train,4.39972643404632,4.39937610063836
Train,4.45967663300769,4.45982262814102
Train,4.51831577123988,4.51810286251648
Train,4.57568639126128,4.57551272743599
Train,4.63169173067754,4.63166437578337
Train,4.68664865034855,4.6865441306512
Train,4.7404540428401,4.74058819145091
Train,4.79301465417683,4.79321364056478
Train,4.84462560898169,4.8447005520729
Train,4.89518807231036,4.89497918099947
Train,4.94461226602947,4.94466472879166
Train,4.99317378018728,4.992629547948
Train,2.13029736085885,2.12980231186991
Train,2.36488484898228,2.3646451947145
Train,2.5852044874433,2.58436188016656
Train,2.79302233464975,2.79213600452919
Train,2.98889740163149,2.98764057772627
Train,3.17427966419733,3.17352717792029
Train,3.34956388030625,3.34635565464073
Train,3.51595707532843,3.51458641344116
Train,3.67392665456806,3.67268466534572
Train,3.82391386438706,3.82352202367271
Train,3.96685640371195,3.96443755128346
Train,4.10290718919506,4.10237327954964
Train,4.23286926881838,4.23191303662919
Train,4.35699086341235,4.35713033809813
Train,4.47551231208091,4.47514400646753
Train,4.58908113602055,4.58856654795711
Train,4.69773558542738,4.69637881272548
Train,4.80204241739314,4.80181077673385
Train,4.90201266315861,4.90194799281417
Train,4.99814603642864,4.99758018252063
Train,2.12135140905587,2.12204708165779
Train,2.3581271563838,2.35868362780758
Train,2.58082347541767,2.58187516793806
Train,2.79014316886457,2.79051396326772
Train,2.98749947850021,2.98695161067315
Train,3.17411978402841,3.17311027353153
Train,3.35042062414992,3.35104277790369
Train,3.51764780114237,3.51820599956841
Train,3.67609155608704,3.67567863541592
Train,3.82661231789763,3.82639271093846
Train,3.96996736034316,3.96961319610461
Train,4.10631792695103,4.10532764476337
Train,4.2363261944277,4.23639953137659
Train,4.36057871671653,4.35992115975069
Train,4.47915454082872,4.4791599790858
Train,4.5927157035838,4.59282710132779
Train,4.7013034034086,4.70091822146798
Train,4.80536659178628,4.80547208387254
Train,4.90530652005249,4.90406543035096
Train,5.00112464163372,5.00032988558486
Train,2.11977512070295,2.12011787039117
Train,2.35543592062117,2.35552531842573
Train,2.57728379397804,2.57696508954162
Train,2.78597788921882,2.7856437254586
Train,2.98314523520744,2.98211152492636
Train,3.16925003574032,3.16891441751188
Train,3.34563771372171,3.34438702395762
Train,3.51263198312321,3.51184041654263
Train,3.67136005374403,3.67158097681957
Train,3.82204322514936,3.82109291710458
Train,3.9656369708923,3.964864173448
Train,4.10228723103854,4.10167310292976
Train,4.23281242014042,4.2311108767415
Train,4.35730261727197,4.3567775783129
Train,4.47646546379672,4.47646788904325
Train,4.59034940695082,4.58969327910176
Train,4.69957152779093,4.6994822669154
Train,4.80414914034005,4.80354526274069
Train,4.90462451282397,4.90420280785075
Train,5.00099164739789,5.00002878870179
Train,2.12804897949919,2.12797305835947
Train,2.35914572896653,2.35902291936277
Train,2.57710276155572,2.57675851088111
Train,2.78300974754792,2.78255648652826
Train,2.97783911053135,2.97772608591403
Train,3.16246138375598,3.16119095059306
Train,3.33765821454383,3.3376676269445
Train,3.50413342654931,3.49928283986862
Train,3.66252247004433,3.64986354800783
Train,3.81340052777421,3.81291022099085
Train,3.95728949435615,3.94937759458227
Train,4.09466400771843,4.08650101090982
Train,4.2259566794682,4.22148950587994
Train,4.35156264562758,4.34922249803793
Train,4.47184353858334,4.47116356522788
Train,4.58713096434958,4.58709579419208
Train,4.697729555561,4.69746125666804
Train,4.80391965938697,4.80368989369783
Train,4.90595971030359,4.90623713891279
Train,5.00408833000427,5.00359585536614
Train,2.12104874676721,2.12224791507136
Train,2.34903509161392,2.34984956893028
Train,2.56480918105226,2.56511367197511
Train,2.76889724478091,2.76912440715244
Train,2.96242686686407,2.96295108512015
Train,3.14639019060585,3.14648674637194
Train,3.32111104645295,3.3219474721182
Train,3.48744392435907,3.48789739114439
Train,3.64614588497367,3.64601244729332
Train,3.79741081622558,3.79822239252636
Train,3.94190181739046,3.94208875688825
Train,4.08006394730618,4.07980770886382
Train,4.21244385637252,4.21260552053719
Train,4.33912900985612,4.33904203831273
Train,4.4606074234926,4.46068026674667
Train,4.57731699312864,4.5772395976261
Train,4.68929586349491,4.68922679235649
Train,4.79693976588629,4.79692399189431
Train,4.90060535136465,4.90054435075406
Train,5.00029769645624,5.00006264900859
Train,2.58725567566457,2.58792292246827
Train,2.70154279218157,2.70082017170084
Train,2.8119908417709,2.81350711095481
Train,2.91879006872852,2.92002434570064
Train,3.02187803688052,3.02339119789238
Train,3.12190950100178,3.12212080338553
Train,3.21879218484894,3.21887116730847
Train,3.31267246016338,3.3106832658166
Train,3.40368776495202,3.40350168326063
Train,3.49196727482679,3.4923491772734
Train,3.57743298806315,3.57727335457631
Train,3.66060417040359,3.66052134597724
Train,3.74138311732907,3.74213842493804
Train,3.81987157661885,3.82020100433375
Train,3.89616560659639,3.89561018537213
Train,3.97035596832019,3.97092884914913
Train,4.04236018004115,4.04265097285128
Train,4.11260055730009,4.11209425155706
Train,4.1809810485133,4.18174089162379
Train,4.24757455997282,4.24748125940462
Train,3.80664009908338,3.80954123911736
Train,3.88748447184076,3.89109817707809
Train,3.96611514799725,3.96623943288421
Train,4.0422824060348,4.0441740701503
Train,4.11626428105104,4.11728256597083
Train,4.18831347492961,4.18938962003152
Train,4.25819315247365,4.26142816939381
Train,4.32615063881179,4.32901430804588
Train,4.39241138017627,4.39338472260025
Train,4.45675108578473,4.45906798519291
Train,4.51939116947626,4.52227736446859
Train,4.5803981000977,4.58059135867365
Train,4.63996736368178,4.64013598346685
Train,4.69789058285393,4.6982962895055
Train,4.75436050542579,4.75430171988842
Train,4.80955391802398,4.8096221250465
Train,4.86327366852856,4.86335491438274
Train,4.91569450904407,4.91579929839791
Train,4.96697710872871,4.96689813356799
Train,5.01693489562961,5.01699823608769
Train,3.80622059177964,3.80595087936716
Train,3.8873288589235,3.88733089216625
Train,3.96601881127915,3.96608647970812
Train,4.04239701643749,4.04168163245289
Train,4.11640392475877,4.11641688061037
Train,4.18845862756364,4.18827692100098
Train,4.25848579499905,4.25815037760789
Train,4.32656981845119,4.32661609576782
Train,4.39279046993933,4.39313691861377
Train,4.45722321391436,4.45693327691821
Train,4.51980408338386,4.51950120768762
Train,4.58087512371354,4.58074806634826
Train,4.64036142544034,4.64034384650727
Train,4.69832388230876,4.69803491168502
Train,4.75482030771955,4.75494187434084
Train,4.80990562707344,4.81023325092388
Train,4.86351593951924,4.86279314329993
Train,4.9159359608391,4.91580824667034
Train,4.967093940438,4.96739155176165
Train,5.01703491275559,5.01625976220417
Train,3.8062145422959,3.8057842862713
Train,3.88739885079821,3.8884723182888
Train,3.9661491602232,3.96610066346803
Train,4.04257331506356,4.04304382760973
Train,4.11677288144057,4.11688773943637
Train,4.18884359743401,4.18933629287161
Train,4.25887578519916,4.25861715496421
Train,4.32695472860115,4.32675005942452
Train,4.39316101968649,4.39409886786866
Train,4.4575708769512,4.4571990619434
Train,4.52025643804822,4.52115085369262
Train,4.58128602929732,4.58180258587086
Train,4.64072441411457,4.64043879936636
Train,4.69863302226005,4.69760906207312
Train,4.75507016160996,4.75558241441789
Train,4.81009121398775,4.81026262151255
Train,4.86374881643681,4.86374689305717
Train,4.91609302918206,4.91596509108007
Train,4.96717149140691,4.96747591560088
Train,5.01702956586459,5.01673650058262
Train,1.47921976864386,1.47866426349663
Train,1.61425948358227,1.61374925766583
Train,1.74472348591131,1.74398305165854
Train,1.87084046764482,1.87059690929278
Train,1.99282413063477,1.99202671767618
Train,2.11121399002517,2.1108981113459
Train,2.22550739656884,2.22554830379108
Train,2.33623066738517,2.33513710052602
Train,2.44354850832307,2.44343864945872
Train,2.54761564721408,2.54708722486979
Train,2.64857757819521,2.64811191418457
Train,2.74657124038271,2.74616537426238
Train,2.84172563755433,2.84125462969278
Train,2.93416240473665,2.9337383934806
Train,3.02399632693052,3.02366780633319
Train,3.11158763745007,3.11107693595439
Train,3.1965283137682,3.19667922219126
Train,3.27917423913044,3.27856868215614
Train,3.35961716637309,3.35930166726183
Train,3.43794402116728,3.43757677122095
Train,3.80709435417755,3.80730010242023
Train,3.88895848836872,3.88871595751353
Train,3.9684383660783,3.9687886591511
Train,4.0452913543107,4.04488222666819
Train,4.11981218005613,4.11976361512874
Train,4.19210541355431,4.19211235607383
Train,4.26242693353728,4.26269429497841
Train,4.33054996456339,4.33001966521388
Train,4.39672409915869,4.39679902510454
Train,4.46103179034476,4.46108632115447
Train,4.52369133231124,4.52416045758033
Train,4.5844916386426,4.5841946960104
Train,4.64364672846964,4.64355984897143
Train,4.70122248809531,4.70118657279707
Train,4.75740734281136,4.7575703153525
Train,4.81200518427256,4.81197828078478
Train,4.86520153396366,4.86535029816373
Train,4.91704967116202,4.91697649200349
Train,4.96771391344005,4.96750212977671
Train,5.01701216782744,5.01698309891782
Train,2.12766243390009,2.12763176855496
Train,2.35796193148441,2.3573152648325
Train,2.57555122907879,2.57465017985176
Train,2.78097702930455,2.7797595471827
Train,2.97568291358558,2.97345023290714
Train,3.16005768113608,3.15869259619684
Train,3.33530918134515,3.33334108223453
Train,3.50171055742646,3.49945079318758
Train,3.66009982418037,3.65968620054885
Train,3.81121792669311,3.81036252975103
Train,3.95521826045487,3.95238123599582
Train,4.09291271982939,4.09068816630188
Train,4.22439945915351,4.22276698511853
Train,4.3502356980954,4.3482772194166
Train,4.47091882709077,4.4685365223699
Train,4.58648866250055,4.58542871632405
Train,4.69752254819782,4.69505107241566
Train,4.80403300530759,4.80188748195719
Train,4.90653031990999,4.90483820287524
Train,5.00500636182361,5.00236081351686
Train,3.08679121425573,3.08664432396688
Train,3.24633859421611,3.24510708611986
Train,3.39517634891969,3.39394423741017
Train,3.53434778838563,3.533934718323
Train,3.66456023306791,3.66287487219881
Train,3.78703626284991,3.78659159362203
Train,3.90226379998657,3.90109168073351
Train,4.01086783096387,4.0106223990853
Train,4.11340349872762,4.11359147769075
Train,4.21036559396694,4.20972581740712
Train,4.30205163687515,4.30162936209189
Train,4.38915561187569,4.38770146302453
Train,4.47188161130028,4.47149038012047
Train,4.55055160906844,4.55025376742457
Train,4.62545676222388,4.62464883268104
Train,4.69686101171854,4.6964114602824
Train,4.76489626509146,4.76446373535731
Train,4.8300015519113,4.82980737530278
Train,4.89226320933295,4.89203503121678
Train,4.95186355917643,4.95147577990014
Train,2.12241780512704,2.12343864708608
Train,2.35135539584207,2.3522765400391
Train,2.56739830893723,2.56961745754729
Train,2.77206150249708,2.77264567776346
Train,2.96600456138248,2.9667219540402
Train,3.14984305289255,3.14984468721433
Train,3.32473655160042,3.3244026590733
Train,3.49113632416393,3.49058501417732
Train,3.64946938341394,3.64937880979153
Train,3.80064609238498,3.80076066401081
Train,3.94497923240077,3.94565474153991
Train,4.08292321703611,4.08333074206545
Train,4.21474537094069,4.21571033927638
Train,4.34112721413172,4.34189282989587
Train,4.46226276825089,4.46297510890821
Train,4.57834180019962,4.57979753726191
Train,4.6899244923032,4.69071627433699
Train,4.79714664378861,4.79812460466243
Train,4.90014324531993,4.90169511739816
Train,4.99938189771693,5.00032316296581
Train,4.51931776847356,4.51993618094885
Train,4.55567673384203,4.55657420214171
Train,4.59146817615258,4.59122032180811
Train,4.6267052801126,4.62753073882408
Train,4.66152647465309,4.6630020362149
Train,4.69569094135459,4.69617333534322
Train,4.7293382964878,4.73026120696442
Train,4.76248019232878,4.76293185437399
Train,4.79512793367652,4.7951381947665
Train,4.82729249070953,4.82760723904635
Train,4.85909932288176,4.85901960318866
Train,4.89032747595552,4.89019126715653
Train,4.92110350386524,4.9212587446539
Train,4.95143715493046,4.95147667512799
Train,4.98133789922444,4.98127651245595
Train,5.01081493843122,5.01089957226824
Train,5.03998253307041,5.03993487057685
Train,5.06863727402527,5.06860395886687
Train,5.09689442747473,5.09686196425248
Train,5.12476221125896,5.12461539733979
Train,2.13189221657788,2.13322306588518
Train,2.36766544456705,2.36756763227334
Train,2.58921296683259,2.58953086174298
Train,2.7977845711513,2.79766401860666
Train,2.99426480936508,2.99422097915493
Train,3.18009684912226,3.18045780996373
Train,3.35592348227075,3.35547395788689
Train,3.52253157937561,3.52219846266552
Train,3.68062760799323,3.68046934134796
Train,3.83084764641597,3.83029585111169
Train,3.9736032197814,3.97225409274488
Train,4.10974713564277,4.10985546026023
Train,4.23958008064822,4.23910703283965
Train,4.36353093337985,4.3628715320065
Train,4.48199057245654,4.48200592996481
Train,4.59531599397164,4.59452517294577
Train,4.70370996237847,4.70323224635078
Train,4.8077250215466,4.8080279639096
Train,4.90750700734156,4.90755147285976
Train,5.00330917483839,5.00320756269001
Train,2.12839164602064,2.12841072463112
Train,2.36247316665261,2.36251312958463
Train,2.58301480421574,2.58248529454749
Train,2.79067067804873,2.79075076874686
Train,2.9869981285103,2.98709834706281
Train,3.17246333417267,3.17236779708004
Train,3.34835629682222,3.34818350775459
Train,3.51500690889576,3.51511642816931
Train,3.67331105438731,3.67318507543985
Train,3.8240578461484,3.82406868154432
Train,3.96743748779582,3.96741378493388
Train,4.10429937019524,4.1045448406354
Train,4.23476980815697,4.23514905481476
Train,4.35943325315064,4.36015695471465
Train,4.47880981867035,4.47903153508954
Train,4.59295876151782,4.5925283314131
Train,4.70247458147216,4.70293048066052
Train,4.80738530232696,4.8081522918174
Train,4.90821357881677,4.90814161750259
Train,5.00496385103977,5.00467160067684
Train,2.12201620608503,2.12458534906062
Train,2.36450349956983,2.3667726923718
Train,2.59116977482313,2.5936406464783
Train,2.80395560508875,2.80657043861057
Train,3.00389018829859,3.00569701425988
Train,3.1919080162322,3.19422010886226
Train,3.36941267015483,3.37091523634589
Train,3.53708711964804,3.54045000084393
Train,3.69556068002169,3.69901960168704
Train,3.84588366653932,3.84760356023633
Train,3.98852006558705,3.99071827047394
Train,4.1240447463273,4.12582172096881
Train,4.25284195876933,4.25474237794376
Train,4.37565704931787,4.3770593026834
Train,4.49277464891498,4.49368471041858
Train,4.60446523917708,4.60493227564635
Train,4.71132106651224,4.71156865042791
Train,4.81354216413267,4.813640994619
Train,4.91132109330327,4.91141037735446
Train,5.00513782515033,5.00535227279313
Train,2.12305847928144,2.12439490510565
Train,2.35226514714969,2.35314577153673
Train,2.56881436200018,2.56955166756827
Train,2.77372642346124,2.77475106354835
Train,2.96791484066613,2.96953152592094
Train,3.15198039802484,3.15364736630213
Train,3.32711172043142,3.32901390442952
Train,3.4937447500178,3.49587291933224
Train,3.65248340688745,3.65437576801193
Train,3.80387571286322,3.80669916930968
Train,3.94842011258447,3.95077564536056
Train,4.08657095581079,4.08875182366929
Train,4.21874326797939,4.22080445526376
Train,4.34531691453664,4.34713578041673
Train,4.46664024705632,4.4684365389844
Train,4.5828939027359,4.5847244375324
Train,4.694656728845,4.69568799144285
Train,4.80205504924403,4.80283945159229
Train,4.90533962829596,4.90553691504158
Train,5.00474238101145,5.00484670374617
Train,2.12305305977826,2.12291823763006
Train,2.35927087394167,2.35895368562996
Train,2.58108208550189,2.57996994684112
Train,2.79022005828889,2.78941989770239
Train,2.98752570765147,2.98567111759166
Train,3.17377250611526,3.17309482291193
Train,3.35024923196853,3.34896425492067
Train,3.51733983974209,3.51375844039107
Train,3.67612005116997,3.67377792628625
Train,3.82702973356129,3.8258435096337
Train,3.97048299923083,3.97005030456882
Train,4.10731814410908,4.10397996615751
Train,4.23783980035548,4.23673222276417
Train,4.36233864022949,4.36203157440524
Train,4.48148288908426,4.48160560797386
Train,4.59536069313629,4.59555630178656
Train,4.70455288144413,4.70446581361729
Train,4.80922783284459,4.80864230617676
Train,4.90954999146692,4.90972393632412
Train,5.00599688376397,5.00550915453611
Train,2.12239698054196,2.12279322315649
Train,2.34457611443719,2.34484003729222
Train,2.55538573492275,2.55584946778936
Train,2.75609528560321,2.75679192042414
Train,2.94721380312319,2.94722429706633
Train,3.12941271557673,3.12955650310843
Train,3.30312046673219,3.30332040272648
Train,3.46926432297417,3.46963416293341
Train,3.62816129811696,3.62830037984031
Train,3.7802754151496,3.78070033815866
Train,3.92587927429142,3.92592391603017
Train,4.06567474782217,4.06606178520346
Train,4.19986173892056,4.19986052773006
Train,4.32877112211096,4.32862093179485
Train,4.45257824775527,4.4526144945158
Train,4.57183022717752,4.57168853333841
Train,4.68665319451203,4.6868921012467
Train,4.79728939124619,4.79712715345871
Train,4.90385166000563,4.9035863041683
Train,5.00677707587938,5.00663244067744
Train,3.42901042692851,3.43076976355258
Train,3.54044545959411,3.54131953189335
Train,3.64742769048059,3.64816739787614
Train,3.75056023575532,3.75122551499423
Train,3.84971744934167,3.8504787985501
Train,3.94544197875907,3.94665446831114
Train,4.0376023406599,4.03847508156198
Train,4.12668930102519,4.12605767154137
Train,4.21271091252278,4.21333472847409
Train,4.29568468936691,4.29648748293859
Train,4.37603641438931,4.37726980280187
Train,4.45362983495513,4.45276055007346
Train,4.52885432743004,4.52959885903619
Train,4.60169534846567,4.60225238390755
Train,4.67214706252256,4.67231711633681
Train,4.74055240657206,4.74098637422514
Train,4.80677826409416,4.80692953809732
Train,4.87114110577564,4.87126448276711
Train,4.93351023112156,4.93352861004798
Train,4.99417861336703,4.99420495134429
Train,4.08017278688525,4.07993748834085
Train,4.14017484907005,4.13954669452546
Train,4.19862253152457,4.19958624019454
Train,4.25587590740224,4.25451832146604
Train,4.31182352798814,4.31201618505335
Train,4.36636575334579,4.36535834476617
Train,4.41983558087884,4.41881468795036
Train,4.47212624629398,4.47169078125878
Train,4.52314177230391,4.52282419488851
Train,4.57319107759054,4.57339108907102
Train,4.62217196420917,4.62170426118226
Train,4.67011828266798,4.66989937498362
Train,4.7169389182248,4.71567183904639
Train,4.76291460740113,4.7626894378345
Train,4.80794900029676,4.80759103879883
Train,4.85195455279491,4.85185681369127
Train,4.8951933685157,4.89503412094139
Train,4.93757327636441,4.93708730776914
Train,4.97901020524745,4.97819087857883
Train,5.0197494529876,5.0181823393479
Train,2.15559069773346,2.1583557782646
Train,2.43250552074585,2.43437707295714
Train,2.68433813089823,2.68520480590884
Train,2.91379628361804,2.91529011801887
Train,3.12398781810597,3.12700926312765
Train,3.31724156644519,3.32019328121168
Train,3.4957411310791,3.49738019544255
Train,3.66071413121474,3.66245198970103
Train,3.81382731707758,3.81463995312443
Train,3.95631520711583,3.95845137136781
Train,4.08940832198007,4.09069071523133
Train,4.21370335097722,4.21512925763024
Train,4.33018642833708,4.33096036446931
Train,4.43957158810882,4.44032963282449
Train,4.54261404052913,4.54335796568083
Train,4.63961269455973,4.64046413931317
Train,4.73119591141636,4.73234617682728
Train,4.81780489097946,4.8186612426615
Train,4.89993462386474,4.90029855185228
Train,4.97773299206552,4.97744727075826
Train,3.80678547672767,3.80541488556165
Train,3.88830552120323,3.88721043919725
Train,3.96732731396479,3.96728438545095
Train,4.04396396346085,4.04322223736064
Train,4.1183218516675,4.11705398148858
Train,4.19065777786382,4.1896751036313
Train,4.26074831360627,4.26031443610121
Train,4.3288437833466,4.32811947270236
Train,4.39502817350667,4.39422648402178
Train,4.45938082163388,4.4592784710594
Train,4.52197673367046,4.52202326416577
Train,4.58288687558949,4.582542867369
Train,4.64217844178192,4.6416362819102
Train,4.69991510232846,4.69927148095159
Train,4.75615723106922,4.75575067356703
Train,4.81108128602305,4.81076173641573
Train,4.86450033679016,4.86428679501928
Train,4.91658833834603,4.91677019595042
Train,4.96739442739898,4.96704755894932
Train,5.01696535149724,5.0164612629467
Train,3.80739449478882,3.80766258478099
Train,3.88848464895535,3.8913531338378
Train,3.96731062372242,3.96719702429387
Train,4.04363704974116,4.04454363224497
Train,4.11773988575936,4.11756745657644
Train,4.18971490526765,4.18974899588248
Train,4.2598029955438,4.26057355351128
Train,4.32778421916422,4.32827215865992
Train,4.39389406630724,4.39399921954976
Train,4.45820876027913,4.4585177572629
Train,4.52093526877318,4.52162380145195
Train,4.58186871909127,4.58185502305003
Train,4.64121237777854,4.64285531563322
Train,4.69902766161321,4.69937844734245
Train,4.75549432106236,4.75517586178525
Train,4.81042177795929,4.81118386354609
Train,4.86398725208032,4.86408118036046
Train,4.91624078070771,4.91660460102898
Train,4.9673399600617,4.96748512985336
Train,5.0171075550939,5.01675376609286
Train,2.12690503882029,2.12708950378534
Train,2.35784755001863,2.35723370571962
Train,2.57544108542503,2.57409902594148
Train,2.78127891202186,2.78073687594094
Train,2.97606629377245,2.97414199577414
Train,3.16045931759117,3.15873853799664
Train,3.33566791021446,3.33490181275372
Train,3.50217114428338,3.49955584420991
Train,3.66042106562472,3.65881163181129
Train,3.81136132934809,3.80943429560373
Train,3.95532199883044,3.9540253148732
Train,4.09277624686765,4.09159633868251
Train,4.22400497651647,4.22286093537947
Train,4.34970955395323,4.348405355829
Train,4.47009338183143,4.4675348489968
Train,4.58535495467794,4.583804413978
Train,4.69606819125944,4.69304030599785
Train,4.8023748897889,4.8014510143297
Train,4.90441570468925,4.90287073748522
Train,5.00266786477395,5.00119846849553
Train,2.12908150441046,2.12948552766504
Train,2.3557228052369,2.3552617717662
Train,2.56988514109415,2.56953424116193
Train,2.77301969809914,2.77266679622732
Train,2.96553069061696,2.96540369835166
Train,3.14863477783601,3.14900625942738
Train,3.32261934759476,3.32260293328277
Train,3.48851608253403,3.48760652859685
Train,3.64670065554545,3.64715652178693
Train,3.79753131688409,3.79762409629467
Train,3.9418289176121,3.94253911593006
Train,4.07970247293019,4.07951185691183
Train,4.21186471251341,4.21163863695358
Train,4.33852246744661,4.33921799295737
Train,4.45987767350149,4.46039381479177
Train,4.57651548003581,4.57613477393999
Train,4.68845636146453,4.68961395686375
Train,4.79621789742696,4.79668599942747
Train,4.89979895371093,4.89978090485958
Train,4.99966023770793,4.99981092012318
Train,3.79879635434255,3.79847435182933
Train,3.87892305621105,3.879353257646
Train,3.95675120769345,3.95601301237502
Train,4.03237831608655,4.03204000397224
Train,4.10589645041598,4.10547802219387
Train,4.17724601452383,4.17769351977143
Train,4.24680644424389,4.24625174073691
Train,4.31450490970812,4.31413206986407
Train,4.38041518396485,4.38043761645
Train,4.44460719357199,4.44461120245651
Train,4.50714726606388,4.50704480148979
Train,4.56809835855585,4.56734313966838
Train,4.6275202691425,4.62709697084934
Train,4.6854698325821,4.68564758341337
Train,4.74200110161298,4.74192592527611
Train,4.79705221183331,4.79698673447298
Train,4.85090144162714,4.85094257044911
Train,4.90347937076666,4.90301738225277
Train,4.95483049431226,4.95482021033762
Train,5.00499725485495,5.00481536650456
Train,4.68701658202835,4.68739115964062
Train,4.72093289360058,4.72087563830452
Train,4.75422002740472,4.75421049661541
Train,4.78678212727875,4.78688172243449
Train,4.81886436652009,4.8188409535105
Train,4.85036754599872,4.85024983520004
Train,4.88130720287331,4.88132996490901
Train,4.91169832337872,4.91175770587276
Train,4.94145188588581,4.94145510850897
Train,4.97079060327525,4.97076478450193
Train,4.99962262695463,4.99960074813396
Train,5.02796097081072,5.02797523538238
Train,5.05572162787799,5.05572512718035
Train,5.08311152384989,5.0831187394423
Train,5.11004416345865,5.11001888415359
Train,5.13653090231005,5.13636662112138
Train,5.16258272308677,5.16259341816146
Train,5.18812137115213,5.18809717162686
Train,5.21333631738599,5.21318285888308
Train,5.23814717001802,5.23814508521841
Train,2.12764774870194,2.12923048849574
Train,2.35445726966236,2.35532129975272
Train,2.56906504774185,2.56959300932777
Train,2.77267025255495,2.77364077129455
Train,2.9656410532022,2.96587682763852
Train,3.14900600969598,3.14991136132799
Train,3.32346495394999,3.32415998926036
Train,3.48965134817074,3.48928544366867
Train,3.64832785115024,3.64955518842873
Train,3.7996330281429,3.80044952196138
Train,3.94424017460211,3.94418334322896
Train,4.08258442531832,4.08299530372245
Train,4.21522138721336,4.2160851188903
Train,4.34219504590622,4.34176517288051
Train,4.46400509765697,4.46460792096233
Train,4.58096024619998,4.5810825939904
Train,4.69334506846879,4.69394358992119
Train,4.80155097156812,4.80161471310587
Train,4.90555887087389,4.90528250018453
Train,5.00572752505852,5.00575836356046
Train,2.12941596662493,2.13014807092514
Train,2.34949356155513,2.35045172321329
Train,2.55891641585048,2.55913221917296
Train,2.75796351705586,2.75896322643677
Train,2.94761383641213,2.94781373774897
Train,3.12873402319509,3.12947064334581
Train,3.30147273061752,3.3019599644535
Train,3.46659612985834,3.46705081584604
Train,3.6247863965345,3.62532906422249
Train,3.77610783927268,3.77701621042208
Train,3.92117211554736,3.92178907470294
Train,4.06035946613775,4.06082439168791
Train,4.19418047804422,4.19458799186277
Train,4.32263065959233,4.32306810946293
Train,4.44617522540063,4.44682998416058
Train,4.56523292878498,4.56600374777327
Train,4.67976803848911,4.68024561002508
Train,4.79016605540284,4.79038673735235
Train,4.8967753291825,4.89668472397069
Train,4.99953990729427,4.99958534862391
Train,2.11978876680852,2.1227159370905
Train,2.34642393125933,2.34703312665836
Train,2.56095978271401,2.56161421766597
Train,2.76434004436675,2.76439889690918
Train,2.95741278165482,2.95791457202538
Train,3.14094222280755,3.141481365031
Train,3.31561886885405,3.31544099105544
Train,3.48206817507465,3.4821266272723
Train,3.64085803397725,3.64134960076785
Train,3.79250524848166,3.79283684928347
Train,3.93765384651862,3.93756368225928
Train,4.07638183772122,4.07689470769979
Train,4.20926418338778,4.20910176525057
Train,4.3366627406525,4.33667905920343
Train,4.45891010421156,4.45916339742843
Train,4.57631250567816,4.5763552621527
Train,4.68915237491036,4.68920556868968
Train,4.79769060841322,4.79774299851627
Train,4.90216858316797,4.90173935989893
Train,5.0028099486075,5.00272958587514
Train,2.0913519187303,2.09170460039982
Train,2.18518955500076,2.18584300785049
Train,2.27669018024772,2.27654633605664
Train,2.36594002500987,2.36635565946552
Train,2.45302112908076,2.45303538951123
Train,2.53801159303689,2.53830677174059
Train,2.62098581186477,2.620715173728
Train,2.70201469215569,2.70257296643903
Train,2.78116585420106,2.78141328024145
Train,2.85850382019889,2.85861597565855
Train,2.93409018967254,2.93393272479669
Train,3.00798380310384,3.00796389420173
Train,3.08024089469435,3.08031281567355
Train,3.15091523508813,3.15166980585313
Train,3.22005826481735,3.22002833630758
Train,3.28771921916669,3.28774275803082
Train,3.35394524509352,3.3544008685164
Train,3.41878151078733,3.41879921195016
Train,3.48227130840343,3.48220331043193
Train,3.54445615046195,3.54498337724073
Train,2.11667232262277,2.11655032082567
Train,2.32251209751356,2.32219365735312
Train,2.52020787161841,2.51951360995194
Train,2.71079801030086,2.71016532766525
Train,2.89411376355215,2.8935801481103
Train,3.07108825770395,3.07026278434892
Train,3.24153777822092,3.24076985991671
Train,3.40630524445251,3.40585131747332
Train,3.56543332961945,3.56502971733568
Train,3.71897830160098,3.71841561942235
Train,3.86767023431075,3.86690433129663
Train,4.01130762381448,4.009929052729
Train,4.15055740140867,4.15035470274289
Train,4.28541662788122,4.28475140504148
Train,4.41589539942372,4.41463743975433
Train,4.54258020678892,4.54234993902779
Train,4.66526811791512,4.66461474509251
Train,4.78449983652832,4.78325953335544
Train,4.90007440926561,4.89920087528668
Train,5.01249192947453,5.0108137178585
Train,3.11073868583817,3.10934383539329
Train,3.24479919142761,3.24476936366754
Train,3.37386907178902,3.37391355236807
Train,3.4982219110929,3.49766025360982
Train,3.61811165532263,3.61659336261313
Train,3.73362444047771,3.73383335997814
Train,3.84528490360992,3.84361181298804
Train,3.95314245155855,3.9532934318333
Train,4.0573881100275,4.05673917712847
Train,4.15820032143129,4.15601701766988
Train,4.25574596422045,4.25407717220173
Train,4.35018127470054,4.35066060507273
Train,4.44165268205579,4.43935582386657
Train,4.53029756596447,4.5299411754231
Train,4.61624494505053,4.61588621990057
Train,4.69950776136667,4.69841281747481
Train,4.7804199956169,4.7799016001646
Train,4.85897747050863,4.85895914457743
Train,4.93528150625834,4.93358975610551
Train,5.00942769248706,5.00789446905519
Train,2.12404225021414,2.12490118488123
Train,2.34964960435225,2.34969352230786
Train,2.56328204585033,2.56313099678369
Train,2.76586834249329,2.76630120922543
Train,2.95824363628126,2.95808003605224
Train,3.14116095102361,3.1416023238483
Train,3.31530104336949,3.3154293958457
Train,3.48128086897002,3.48058280718728
Train,3.63966088570605,3.63976294445735
Train,3.79095137617817,3.79064486348728
Train,3.93561793974694,3.93580979447254
Train,4.07408627865554,4.07399155794002
Train,4.20674638187165,4.20668455867643
Train,4.33395619325473,4.33443781758322
Train,4.45604483670774,4.45622285912662
Train,4.57331545950356,4.57363327479807
Train,4.68604774550388,4.68578704690625
Train,4.7945001421344,4.79472504549826
Train,4.89891183844338,4.89894408655661
Train,4.99950452610901,4.99931679969674
Train,3.74189266374406,3.7414677351431
Train,3.82778636035636,3.82769725359397
Train,3.91099959666898,3.91176967345802
Train,3.99165591751737,3.99149316758357
Train,4.069871390228,4.07075601550706
Train,4.14589282419531,4.14600378929078
Train,4.21954361602458,4.22026424988764
Train,4.29106240194903,4.29139276564719
Train,4.36054043553201,4.36084486211476
Train,4.42806383584355,4.42792994365015
Train,4.49371394357418,4.49473694877473
Train,4.5575676479155,4.55765347408226
Train,4.61969768696932,4.61979444394237
Train,4.68017292415302,4.68072126386098
Train,4.73905860280948,4.73888495818986
Train,4.79652083991859,4.79651323658102
Train,4.85240715410266,4.85245954724402
Train,4.90688027866776,4.90680175713424
Train,4.95999314705382,4.95986678693696
Train,5.01179608168382,5.01140114711641
Train,3.26389504820393,3.26396141804082
Train,3.38948504564324,3.38907477579006
Train,3.50992282864683,3.50999991776634
Train,3.62551907194806,3.62649822950476
Train,3.73655996449524,3.73615408450848
Train,3.84330957514337,3.84332760027566
Train,3.9460119492718,3.94577442124182
Train,4.044892971369,4.04473296345289
Train,4.14016202350526,4.13989060147137
Train,4.23201346532108,4.23254486655051
Train,4.32076813562063,4.32085469585152
Train,4.40630901368748,4.40684852160488
Train,4.4889380334595,4.48879344132955
Train,4.56880138855577,4.56925288441819
Train,4.64603564722659,4.64583965509882
Train,4.72076853169191,4.72094469894537
Train,4.79311962296542,4.7930471564145
Train,4.86320099934581,4.86354424978096
Train,4.93111781574609,4.93085372991172
Train,4.99696883015901,4.99662781152356
Train,3.80599805069466,3.80571466680852
Train,3.88733191940926,3.88735661484337
Train,3.96636870253196,3.96582285078929
Train,4.04287758668489,4.04290463981051
Train,4.11729416407471,4.11713439588006
Train,4.18939502392284,4.18914322580978
Train,4.25958499197496,4.25987695807414
Train,4.32764809200477,4.32794137607376
Train,4.39396157624627,4.39334828637985
Train,4.45831684372526,4.45865407251617
Train,4.52106633873803,4.52092250375616
Train,4.58200871084584,4.58162719430215
Train,4.64147400341201,4.64138116214312
Train,4.6992679457908,4.69935472495716
Train,4.75570028487941,4.75559859342929
Train,4.81058362762101,4.81016825781348
Train,4.86420927229291,4.864313328322
Train,4.91639648069518,4.91601349680116
Train,4.96741973156524,4.96764080359301
Train,5.01710470649286,5.01676430543943
Train,1.02091656230163,1.02104182090937
Train,1.41009072482468,1.4102804448064
Train,1.76365378241522,1.76412990962922
Train,2.08689965460262,2.08658937477089
Train,2.38328213060095,2.38345470461112
Train,2.65575369120077,2.65547039401097
Train,2.90758115447517,2.90742249647741
Train,3.14079945882144,3.14130780782191
Train,3.35718831570746,3.35672822286529
Train,3.55889639217026,3.55945826615304
Train,3.74718584148771,3.74723566120331
Train,3.92335256958997,3.9238997578157
Train,4.08837030369103,4.08818277751264
Train,4.24356665535119,4.24330587585333
Train,4.38965066465061,4.38933973138861
Train,4.5272677594567,4.52706538878159
Train,4.65738691864815,4.65815408575763
Train,4.78048435420709,4.78078846468074
Train,4.89699960173085,4.89696253824204
Train,5.00766300985782,5.00754635581489
Train,2.12286196379505,2.12369138170211
Train,2.35404628500258,2.35448133300302
Train,2.57187871414686,2.57159129697948
Train,2.77793188808856,2.77766866289646
Train,2.97292325093331,2.97281962764566
Train,3.15751874926084,3.15756876119112
Train,3.33291068010133,3.3325163125308
Train,3.49940627882133,3.49890300168177
Train,3.65801200821964,3.65822102027699
Train,3.80911024170722,3.80840950602386
Train,3.95306404674862,3.95324819903611
Train,4.09066942363462,4.09017463675466
Train,4.22219299809946,4.22206604075745
Train,4.34789138183509,4.34770483449372
Train,4.46840717831192,4.46822487156017
Train,4.58380085794655,4.58360672429583
Train,4.69463516894196,4.69462035637763
Train,4.80105810017695,4.80065303598335
Train,4.90321559078414,4.90296582411499
Train,5.00157494290319,5.00096560304454
Train,2.12194975275501,2.12521385272157
Train,2.34457216482315,2.34600727946547
Train,2.5558260826583,2.55729261579006
Train,2.75656064483741,2.75659078296016
Train,2.94754247880768,2.9493706206499
Train,3.12925847668646,3.13109886400073
Train,3.30276173438749,3.30428346967168
Train,3.46840770170272,3.46995157402007
Train,3.62671830009497,3.62790787022904
Train,3.77817022742651,3.78028104107708
Train,3.92319975228832,3.92461963908436
Train,4.06220691107433,4.0633082349097
Train,4.19555919283872,4.19632546519793
Train,4.32359478341279,4.32515143681638
Train,4.4466254290817,4.44693619460183
Train,4.56480371678054,4.56573976723876
Train,4.67867137915612,4.67905360493168
Train,4.7883343713768,4.78877659210997
Train,4.89402136359219,4.89402147718709
Train,4.99594473962073,4.99586382947407
Train,2.11837286660064,2.11791953033229
Train,2.34737861520036,2.34655431059701
Train,2.56359489635411,2.56271006250565
Train,2.76850151013485,2.7680217236959
Train,2.96254748643875,2.96185557017736
Train,3.14696831484299,3.14662880864839
Train,3.32208714436454,3.3216787535524
Train,3.48894765233596,3.48896804919328
Train,3.64777942233377,3.64779877658453
Train,3.79947342694146,3.79948291208698
Train,3.94418908795118,3.94363874325269
Train,4.08269426751685,4.08274368249988
Train,4.21509539527555,4.21563744290787
Train,4.3420599402401,4.34254328352657
Train,4.46365408140939,4.46319182645249
Train,4.58046256134503,4.58058260917529
Train,4.69252086085267,4.692289577507
Train,4.80034489956636,4.8004993992688
Train,4.90394668693518,4.90392122438671
Train,5.00378438193365,5.00327090356223
Train,2.12442338288073,2.12367538103464
Train,2.35579920812511,2.35528950340777
Train,2.57400061982387,2.57362693484236
Train,2.78012168606061,2.77934989835951
Train,2.97513859561976,2.97279072943264
Train,3.15992511755526,3.1591989419453
Train,3.3352656899645,3.33422699827072
Train,3.5018665515638,3.50054819433119
Train,3.66036524920537,3.65956377904794
Train,3.81133879120879,3.81002735706317
Train,3.95515066960552,3.95507391464388
Train,4.09260408140797,4.09181994059884
Train,4.22396522548211,4.22288655024136
Train,4.34963035641259,4.34608265535643
Train,4.46996209365094,4.46824908943336
Train,4.58529291615545,4.58318684839809
Train,4.69592823019507,4.69360419132513
Train,4.80214906992685,4.80119439713466
Train,4.90421448102826,4.90217069668331
Train,5.00236362994877,4.99998388813539
Train,2.13069270995709,2.12958022045824
Train,2.34358357852775,2.3447548085406
Train,2.5471615972976,2.54679113759119
Train,2.74157539729887,2.74206105680926
Train,2.92764474999873,2.92685015676338
Train,3.10610162030767,3.10676349117769
Train,3.27700822256989,3.27651436511543
Train,3.44121293343616,3.44204214068548
Train,3.59873746818549,3.59794213471268
Train,3.75015634493236,3.75027979271793
Train,3.89598649835701,3.8958726710198
Train,4.03620653888343,4.03631823998006
Train,4.17129038082635,4.17182434091233
Train,4.30166613350094,4.30141096123692
Train,4.4272840941308,4.42763715804425
Train,4.54868113466339,4.54850364770502
Train,4.66579443445186,4.66574216531986
Train,4.77897796013771,4.77893038822484
Train,4.88855332920334,4.88812771880217
Train,4.99444418315484,4.99422074688539
Train,2.12808034893737,2.12801454891763
Train,2.35112466218989,2.35108660110093
Train,2.56271668654416,2.56288401986613
Train,2.7634951875332,2.76317411348492
Train,2.95468917425529,2.95356379952303
Train,3.13676800551006,3.13613913437544
Train,3.31036835099227,3.30928832677038
Train,3.47606893652864,3.47583909902614
Train,3.63422226056738,3.63454707957568
Train,3.78566663529134,3.78588971907446
Train,3.93065965892099,3.93014124981939
Train,4.06960496419778,4.06995787182998
Train,4.20272585421643,4.20290804781106
Train,4.33066382949492,4.33126309590321
Train,4.45357956101408,4.45422680264276
Train,4.57176308066675,4.57219851293145
Train,4.68548250986946,4.68614673255639
Train,4.79486478544858,4.79582308915546
Train,4.90038706285921,4.90052924957127
Train,5.00213714460938,5.00169688644605
Train,2.11491407524425,2.115620687352
Train,2.31671594501718,2.3166365262953
Train,2.51134675777038,2.51188707326284
Train,2.69918207738369,2.69937197431746
Train,2.88057169224501,2.88075518698114
Train,3.05561445754979,3.05363484866113
Train,3.22507705928698,3.22452440536548
Train,3.38900898775053,3.3886178280098
Train,3.54767664873223,3.54765286534683
Train,3.70132960848083,3.70078640659866
Train,3.85020190354028,3.84940783073278
Train,3.99451323020027,3.99444002294111
Train,4.13447002627336,4.13365312836793
Train,4.2702664564011,4.26893085668631
Train,4.40208531077922,4.40151034374244
Train,4.52993237727082,4.52890640878527
Train,4.6543076903439,4.65379057051986
Train,4.77519322043309,4.77472974400522
Train,4.89273381251369,4.89147024601719
Train,5.00706640514168,5.00557630119178
Train,1.52995030013884,1.53182376741431
Train,1.64415782390322,1.6453175790326
Train,1.75485116068289,1.75665959417415
Train,1.86272764456143,1.86327264697064
Train,1.96763054096679,1.9685444820181
Train,2.06968112766221,2.07068899818258
Train,2.16874611420499,2.16937250171594
Train,2.26543684175608,2.26649335560624
Train,2.35960148775745,2.36148425310979
Train,2.45133776802094,2.45254801569374
Train,2.54051496586932,2.54139569084303
Train,2.62767365441654,2.62952080373902
Train,2.71266829127092,2.7136676918278
Train,2.79557848457756,2.7978322089298
Train,2.87627764601249,2.87785581655641
Train,2.95524739250586,2.95538952666783
Train,3.03234911272936,3.03576786906121
Train,3.10764831402885,3.10954734182994
Train,3.18102339679048,3.1843397626976
Train,3.25290632628511,3.25679557183614
Train,2.12554648004325,2.12885912829644
Train,2.3577430645608,2.36003874043127
Train,2.57660865979447,2.57751512073267
Train,2.78325927760292,2.78402712665952
Train,2.97848011559794,2.97895777938197
Train,3.16359101040625,3.16392355215366
Train,3.33916858560766,3.33990206566956
Train,3.50593081060285,3.50640373948877
Train,3.6645253251217,3.66500237622574
Train,3.81553784492369,3.81606091607925
Train,3.95934436881433,3.9601438892731
Train,4.09674449501847,4.09700897376684
Train,4.22801525761179,4.2284526102373
Train,4.35355785065996,4.35385577131943
Train,4.47373920259712,4.47421232034764
Train,4.58889555799368,4.58912871490372
Train,4.69921634588595,4.69952513581871
Train,4.80522877554046,4.80565152915034
Train,4.90707013992005,4.90728606351936
Train,5.00498185595562,5.00489972329101
Train,2.12517767595753,2.13026434990979
Train,2.36120353977032,2.36594969063626
Train,2.58320927773569,2.58695330820598
Train,2.79195992332138,2.7949339808566
Train,2.98881916463409,2.99042501268337
Train,3.17477494695386,3.17748563803946
Train,3.3508978835555,3.35520583541139
Train,3.51758879965555,3.52260076018434
Train,3.67575563874661,3.67826652463065
Train,3.82603594367509,3.82743745744715
Train,3.96915935556266,3.97226599985409
Train,4.10533122499744,4.10785086707642
Train,4.23518593091057,4.23739401671781
Train,4.35915309821122,4.36078530695144
Train,4.47775225987151,4.47957024310964
Train,4.59107948651038,4.59225669816742
Train,4.69959582591217,4.70089227229569
Train,4.80360125347652,4.80425574241693
Train,4.90347930910433,4.90358514063326
Train,4.99926328363442,4.99925139439705
Train,3.80397153353049,3.80393037408145
Train,3.88549905352172,3.88541888534561
Train,3.96439451241222,3.96425612243008
Train,4.04109836128839,4.04125072431174
Train,4.11554705236603,4.11544124690362
Train,4.18783860010102,4.18842343547675
Train,4.25792089821145,4.25791596033645
Train,4.32617424255073,4.32645139155583
Train,4.39253227066793,4.39245028109223
Train,4.45707284755318,4.4573474883736
Train,4.51974029825615,4.51957377386122
Train,4.58086644253112,4.58152991644446
Train,4.6403844502267,4.64041747400811
Train,4.69835695886223,4.69899739174744
Train,4.75472697723642,4.75445051073949
Train,4.80978668613821,4.81010666452213
Train,4.86347022912095,4.86350523103775
Train,4.91582856334116,4.91605244805156
Train,4.9668048161818,4.96706308744462
Train,5.01665833605347,5.01657590386668
Train,3.11921770338445,3.11878297615569
Train,3.25694889014861,3.2564945683837
Train,3.38892613912794,3.3890094015428
Train,3.51550264249553,3.51523433767315
Train,3.63700326550487,3.63699476499616
Train,3.75372733053275,3.75364899503228
Train,3.8659510791042,3.8661643924251
Train,3.97392985453209,3.97383388220248
Train,4.07790004147265,4.07814640206487
Train,4.17808079340616,4.17808781255606
Train,4.27467557461214,4.27467973797526
Train,4.36787353947091,4.36789399869387
Train,4.45785076876746,4.4578693348793
Train,4.54477137999981,4.5454025478873
Train,4.62878852642228,4.62857983112791
Train,4.71004529761849,4.71013556557733
Train,4.78867553274412,4.78834071251481
Train,4.86480455616247,4.8648514166473
Train,4.93854984397785,4.9385667057319
Train,5.01002162892301,5.01009705214221
Train,2.12639329274567,2.12878200097017
Train,2.3490875059615,2.34890625906692
Train,2.56026436168063,2.56000520586335
Train,2.7612285875963,2.76094777107082
Train,2.95249648343076,2.95222243495544
Train,3.13455619083396,3.13436980190787
Train,3.30843299542765,3.30852059407512
Train,3.47430665113683,3.47462274999304
Train,3.63306088750707,3.63293257396847
Train,3.78497954505791,3.78504927595372
Train,3.93033705105284,3.92994733994201
Train,4.06985185861098,4.06974192888769
Train,4.20372380871544,4.20434175170476
Train,4.33214890836769,4.33287532407515
Train,4.45572111535878,4.45564554191644
Train,4.57445194751556,4.57406651432959
Train,4.68886893282057,4.68911115225379
Train,4.79908297058058,4.7989358804909
Train,4.90520593710802,4.90483479827728
Train,5.00768424404255,5.0074925144544
Train,2.12306683064063,2.1231870963227
Train,2.33869818119025,2.33859377851063
Train,2.54470257457936,2.54468582432181
Train,2.7411965484669,2.74348616729234
Train,2.9293146528236,2.9297158823165
Train,3.10911040135459,3.11005709991849
Train,3.28157451613356,3.2818376365207
Train,3.44671361556348,3.4466846593486
Train,3.60519185160221,3.60538884164463
Train,3.75760371949205,3.7572419213023
Train,3.90390703121558,3.9039179985561
Train,4.04483059373848,4.04449844719304
Train,4.18030995646588,4.18001198925678
Train,4.31082557486255,4.31035154098319
Train,4.43681051502507,4.436195111891
Train,4.55817758578735,4.55743496992921
Train,4.67548360745169,4.67455251737845
Train,4.78863139998403,4.78795164167178
Train,4.89812539860234,4.89709229861779
Train,5.00386145733355,5.00259686657208
Train,3.37418207933184,3.37741215209067
Train,3.48771316086674,3.49048820006653
Train,3.59740949207486,3.60039310580441
Train,3.70374658654003,3.70509190602681
Train,3.80673822284573,3.80736553338897
Train,3.90653983255267,3.9078518963747
Train,4.0031677275453,4.00454997409778
Train,4.09702222950947,4.0988057342374
Train,4.18809872423923,4.18867254233517
Train,4.27651875268608,4.27738977389766
Train,4.36228170389985,4.36224582578018
Train,4.44572920586415,4.44611340366682
Train,4.52684473954759,4.52712002555119
Train,4.60572470937067,4.60608899460293
Train,4.68235729320513,4.68254820942525
Train,4.75703747718801,4.75735291612441
Train,4.82974113055596,4.82968020120999
Train,4.90054569654937,4.90061689398848
Train,4.96943198418893,4.96952367180549
Train,5.03665732809543,5.03669892728037
Train,1.47906637796318,1.48042378256758
Train,1.54847132110152,1.54925840782523
Train,1.61668827204686,1.61700396056561
Train,1.68374747394573,1.68327095023184
Train,1.74992672169434,1.74989355413026
Train,1.81475299492386,1.81604727619801
Train,1.87850641097442,1.8786078045285
Train,1.94121338450977,1.94120075712038
Train,2.00289947011669,2.00306477504686
Train,2.06358939702812,2.06570151420129
Train,2.12353234011451,2.12326522955654
Train,2.18229743436358,2.18230999244838
Train,2.24013601222948,2.24041784089933
Train,2.29706981412639,2.2967531258273
Train,2.35311990557129,2.35355294324618
Train,2.40830670317121,2.40834664498705
Train,2.46285504285922,2.46289448640848
Train,2.51637093142627,2.51750714746523
Train,2.56908119458516,2.56918656742915
Train,2.62100388819452,2.62188001205166
Train,2.12316287095229,2.12286172045545
Train,2.35733488356204,2.35722732400744
Train,2.57774453589439,2.57803038521432
Train,2.78557042192426,2.78525339589349
Train,2.98166887104452,2.98188604830594
Train,3.16736750034535,3.16725828963471
Train,3.34330017341102,3.34318137928719
Train,3.51021754427218,3.50992989842339
Train,3.66879525741862,3.66919984001779
Train,3.81964308866274,3.81939735392145
Train,3.96317210430354,3.96297382162884
Train,4.10017057426975,4.10047004556298
Train,4.230945912449,4.23063469126638
Train,4.35591272906889,4.3559512900026
Train,4.4754496038413,4.47549688519627
Train,4.58990291664978,4.58951618111491
Train,4.69948247075727,4.69943158719914
Train,4.80469970018842,4.80466439449878
Train,4.90571057777323,4.90563678210229
Train,5.00276240125249,5.00244177946579
Train,3.8399474919057,3.83899735740831
Train,3.91797041366502,3.91773041105302
Train,3.99373156779974,3.99355087157955
Train,4.06732789708,4.06682469932029
Train,4.13885088216309,4.13808198566434
Train,4.20838692094431,4.20852353879257
Train,4.2760176767254,4.27495529139151
Train,4.34182039815031,4.34162957706931
Train,4.40586821354372,4.40477725787578
Train,4.46823040201005,4.46821061242374
Train,4.52897264340603,4.52853497193415
Train,4.58815724908277,4.58794537422316
Train,4.64584337510152,4.64595092155994
Train,4.70208721945693,4.7011807218304
Train,4.75694220468976,4.75630684114496
Train,4.81045914713663,4.80984043989498
Train,4.86268641394373,4.86296600112494
Train,4.91367006886434,4.91374588503016
Train,4.96345400776392,4.96328035259787
Train,5.01208008467049,5.01161495219688
Train,3.94041200594176,3.94030986944046
Train,4.01103845336588,4.01080148480367
Train,4.07976040964551,4.07965557522706
Train,4.14651807034064,4.14680101219407
Train,4.21165862267943,4.2114457577334
Train,4.27511085796261,4.27499956019274
Train,4.33693957334793,4.33706008517661
Train,4.39720629201451,4.39715088771251
Train,4.45585006067793,4.4560526609828
Train,4.51316818961715,4.5131380928382
Train,4.56909110919117,4.56912106768374
Train,4.62366914908778,4.62370979077474
Train,4.67684191507672,4.67696865468036
Train,4.72887428637699,4.72886256070723
Train,4.77969887961256,4.7797992393626
Train,4.82935726482975,4.82945864651736
Train,4.87788912600241,4.87783843273383
Train,4.92523583959125,4.92513976621577
Train,4.97162881144193,4.97169344568763
Train,5.01700394805863,5.01683754634506
Train,2.11915873517799,2.12054075980327
Train,2.35727870532536,2.35694487931484
Train,2.58087633180816,2.58108067261795
Train,2.79124082412194,2.79120847380512
Train,2.98932924530374,2.98932156791295
Train,3.17653308654593,3.17658855599359
Train,3.35356077231393,3.35392772108973
Train,3.52122009115745,3.52094327829677
Train,3.68023553866835,3.68073372087227
Train,3.83125878335402,3.83163245887771
Train,3.97474378092154,3.97507703698776
Train,4.11149599516865,4.11160220977766
Train,4.24185667813914,4.24259646077562
Train,4.36626368901568,4.36659943979779
Train,4.48511578515851,4.48545979246951
Train,4.59877689163794,4.59930389692079
Train,4.70747812334787,4.70802822327868
Train,4.81173205104633,4.81225413549422
Train,4.91171246547347,4.91194935916291
Train,5.00767685508978,5.00785532965984
Train,2.12097484995748,2.12110100857608
Train,2.3570244066971,2.35721935393465
Train,2.57917724510196,2.57911376689649
Train,2.78827183761761,2.78799232300312
Train,2.9857602457956,2.98559910399341
Train,3.17226676546705,3.17222457510489
Train,3.34898158544675,3.34907421426151
Train,3.51637211032389,3.51644732092855
Train,3.67542680844879,3.67556059690956
Train,3.8264965960216,3.82675103871232
Train,3.97041214690829,3.97024319092622
Train,4.10743686740182,4.10765576444686
Train,4.23827627485483,4.23796881898785
Train,4.36312736322162,4.36353128708444
Train,4.48259512680321,4.48237175397314
Train,4.59682571375125,4.59664441129108
Train,4.7063424534687,4.70649564850043
Train,4.81125227227238,4.8112657786816
Train,4.912011459775,4.91207629741384
Train,5.00869649437444,5.00850056686251
Train,3.74221786854835,3.74326451621004
Train,3.82759592391708,3.82787373044549
Train,3.91031966929254,3.91068285474112
Train,3.99051098941804,3.99064755730474
Train,4.06814015703655,4.0693175861235
Train,4.14360767996845,4.14402715914273
Train,4.21686628168486,4.21688266631108
Train,4.28801154544047,4.28847738975523
Train,4.35713361819891,4.35719264499961
Train,4.42431759170031,4.42459961248636
Train,4.48952252467707,4.49041119708326
Train,4.55307035924607,4.55294806837894
Train,4.61490826097532,4.6146463693394
Train,4.67510432947241,4.67547206132991
Train,4.73372309555121,4.73400434422501
Train,4.79082575198911,4.79091117268223
Train,4.84636690986774,4.84695741054385
Train,4.90061121442188,4.90062596467323
Train,4.95350491488309,4.95371312789046
Train,5.0050978331145,5.00483565678631
Train,2.12790953015028,2.12826635533729
Train,2.35906158917739,2.35904494981454
Train,2.57705395297792,2.57708562716318
Train,2.78297930772664,2.78222850492792
Train,2.97781262592478,2.97806996989294
Train,3.16242660211071,3.1621973046932
Train,3.33760472175379,3.33800306316317
Train,3.50405237617955,3.50435812045023
Train,3.66240635607351,3.66240112884132
Train,3.81324299296503,3.81329219449458
Train,3.95695494556972,3.95741911487503
Train,4.09428398088022,4.0953463362638
Train,4.22552700135128,4.22603376853803
Train,4.35107980776958,4.35099325237802
Train,4.47130460822062,4.47202594348489
Train,4.58653350792196,4.58634734646144
Train,4.69707157285524,4.69745225656927
Train,4.80319952671123,4.80307988937684
Train,4.90517613135008,4.90530775853515
Train,5.00324029327474,5.00334764230341
Train,2.42575801110583,2.42507630124304
Train,2.51860536917424,2.5194479255597
Train,2.60921960482224,2.60873501479951
Train,2.69810539310535,2.69755947364624
Train,2.78510255816765,2.78545976369206
Train,2.870066605187,2.86896268943952
Train,2.95346695108527,2.95081692912741
Train,3.03495417042908,3.03490313716519
Train,3.11497623469144,3.11368777765979
Train,3.1933836937102,3.19339711323273
Train,3.27004072382629,3.26885096776165
Train,3.34536582016967,3.34539155829635
Train,3.4192156942979,3.41822530727695
Train,3.49145961481836,3.49126753004211
Train,3.56248946779936,3.56119752213099
Train,3.63200077714586,3.63060474658669
Train,3.70036910666572,3.7000701142165
Train,3.76746090138273,3.764994852953
Train,3.83315360919314,3.83178300832104
Train,3.89780018236408,3.89741404561861
Train,3.84147967601678,3.84112578339477
Train,3.91874691650185,3.91835145482626
Train,3.99379963922919,3.9939332872309
Train,4.06673170295911,4.06680362037681
Train,4.13763173627338,4.13725630825784
Train,4.20658349687749,4.20651507564595
Train,4.2736662016842,4.27391593743231
Train,4.33895483041375,4.33894039812149
Train,4.40252040515677,4.40227171856728
Train,4.46443024809127,4.46427732022411
Train,4.52474821931997,4.5242849609003
Train,4.58353493659396,4.58362403202455
Train,4.64084797851232,4.64071588425192
Train,4.69674207262926,4.69655126149587
Train,4.75126926976078,4.75108666843633
Train,4.8044791056577,4.80401761643648
Train,4.85641875110067,4.85666275496301
Train,4.90713315137299,4.90700839186077
Train,4.95666515597815,4.95615594606525
Train,5.00505563938889,5.00485812510887
Train,2.13093431136139,2.13150030634306
Train,2.36173253263277,2.36173686672293
Train,2.57960416579599,2.58039914593157
Train,2.78522381368925,2.78491367633985
Train,2.97995773098067,2.98056196568963
Train,3.16430526142737,3.16494637170966
Train,3.33940086214668,3.33942394108714
Train,3.50561446880442,3.50665266562571
Train,3.66375221540188,3.66339037742441
Train,3.81452904290541,3.81462744709916
Train,3.95817924027155,3.95826653759678
Train,4.09545203176414,4.09617388666934
Train,4.22651813315897,4.22668631981884
Train,4.3519060733678,4.35263616292171
Train,4.47208916050811,4.47214584497963
Train,4.58716968009763,4.5877074789226
Train,4.69767208671587,4.69829043505071
Train,4.80366586042009,4.80355159649551
Train,4.90561185767913,4.90588312224648
Train,5.0035541492979,5.00378866341756
Train,2.19008209802406,2.19025257741957
Train,2.28752949738916,2.287551702045
Train,2.38249714478179,2.38224542767824
Train,2.47459700787344,2.4748870956107
Train,2.56418993112239,2.56418671069455
Train,2.65160444600734,2.6507110191823
Train,2.73647509780624,2.73630856454204
Train,2.81912628733712,2.81950886298885
Train,2.89985420627631,2.90033364758676
Train,2.9783145823319,2.97767276580553
Train,3.05480064598804,3.05519060816803
Train,3.12938599127602,3.12922805913842
Train,3.20233070358334,3.20166094207811
Train,3.27331658037968,3.27399390910331
Train,3.34260186799083,3.34207285473632
Train,3.41042378539512,3.41119920692313
Train,3.47648211846914,3.47662650167791
Train,3.5410128529697,3.53958475203972
Train,3.60423327360308,3.60498899628666
Train,3.66585988561657,3.66524998987181
Train,-3.00972532222686,-3.00885926644401
Train,-2.77027516152536,-2.76959077111265
Train,-2.53798792711913,-2.53810023721208
Train,-2.31254694717572,-2.31212763785817
Train,-2.09365394545574,-2.0936749813721
Train,-1.88102772467469,-1.88129017884742
Train,-1.67440296135268,-1.67449572230442
Train,-1.47352910129147,-1.47289241768456
Train,-1.27816934601103,-1.27879603953818
Train,-1.08809972152453,-1.08747547346317
Train,-0.902674695665418,-0.903005462393267
Train,-0.722571847995917,-0.722583152016314
Train,-0.547155482550075,-0.546886774786261
Train,-0.376245027227549,-0.376497854982683
Train,-0.209669068984317,-0.209441693032983
Train,-0.0472647803921919,-0.0463990015702255
Train,0.111122611251297,0.111091777359824
Train,0.265640315901262,0.265726585263767
Train,0.416428437119278,0.41670301893646
Train,0.563620395776271,0.565506941483944
Train,3.17029914725127,3.17001483239894
Train,3.3047494477121,3.30604444316894
Train,3.43345762907231,3.43316016140944
Train,3.55678385305505,3.55697118557808
Train,3.67505877776957,3.67510365065395
Train,3.78858651816742,3.78886455319544
Train,3.89764725704139,3.89779911871952
Train,4.0024995537644,4.00429068357704
Train,4.10338239081813,4.10432858908011
Train,4.20051699220949,4.20090688115584
Train,4.29398576367971,4.29450955252512
Train,4.38422881043541,4.38435269708178
Train,4.47129586031017,4.47126138145577
Train,4.55535167712919,4.55560759579313
Train,4.6365498216616,4.63641082471876
Train,4.71503358788966,4.71572361588706
Train,4.79093684692594,4.79060450730937
Train,4.86438480903404,4.8650948350407
Train,4.93549471287743,4.93516824492849
Train,5.0043764499773,5.00441235214545
Train,2.12071369414638,2.12085988707969
Train,2.34870241554951,2.34944498439971
Train,2.56436405004535,2.56466127192595
Train,2.76867204799779,2.76937850128305
Train,2.96232299068296,2.96269154821056
Train,3.14646582700934,3.14637668312596
Train,3.32162366240465,3.32228773041045
Train,3.48843845168318,3.48890845742027
Train,3.64749241756996,3.64742866533929
Train,3.79931484014471,3.79927505507662
Train,3.94425499664599,3.94485014888925
Train,4.08302477317747,4.08292766466409
Train,4.21588794523717,4.21617153469438
Train,4.34321376788951,4.34303594397575
Train,4.46534134554679,4.46546920614204
Train,4.58258264775804,4.58306294803127
Train,4.69512166931357,4.69497323007963
Train,4.80343473072028,4.8035032961687
Train,4.90765950913735,4.90753206901672
Train,5.00802318580937,5.00807042115191
Train,2.12719927447224,2.12885812723788
Train,2.30685326115167,2.30704638704054
Train,2.48268867789443,2.48262720240192
Train,2.65482599077466,2.65504328835835
Train,2.82338065140398,2.82408381867104
Train,2.98846335515627,2.9883598821101
Train,3.15018028359814,3.15033947663913
Train,3.30863333224064,3.308676948846
Train,3.46392032463882,3.46411835894737
Train,3.61613521378453,3.61625322046566
Train,3.76568200473302,3.76505982391287
Train,3.9120139441336,3.91222298614118
Train,4.055534430743,4.05520318821232
Train,4.19632371762419,4.19641629656463
Train,4.33445903219222,4.33395523512141
Train,4.47001471747151,4.47008303094913
Train,4.60306236551262,4.60218434523832
Train,4.7336709434715,4.73361617171743
Train,4.86190691281768,4.86167245795661
Train,4.98783434210451,4.98636425094079
Train,2.03977337980033,2.0404335074296
Train,2.11207904966116,2.11215255743567
Train,2.18344460985997,2.18431951264235
Train,2.25342893898317,2.25455240178318
Train,2.32252158183652,2.322433929875
Train,2.39029459078425,2.3907245186042
Train,2.4572211976065,2.45761853264554
Train,2.52288606257122,2.52241235686735
Train,2.5877469169,2.58824862918081
Train,2.65140049378057,2.65249190771856
Train,2.71428978273273,2.71403185411672
Train,2.77602308378297,2.7763659732101
Train,2.8370293543787,2.83793694915204
Train,2.89692798236151,2.89642717396905
Train,2.9561345574659,2.95592511185645
Train,3.01427910166795,3.0145498335079
Train,3.07176445965856,3.0720160976085
Train,3.12823085761803,3.12834102891211
Train,3.18406897941634,3.18419313868398
Train,3.23892884777766,3.23920298093285
Train,1.82605402176371,1.82654606928862
Train,1.90392792857126,1.90379023659232
Train,1.98038557732879,1.97944901663131
Train,2.05591581690099,2.05603227923926
Train,2.13008960468624,2.12959513342158
Train,2.20338040846053,2.20317010926434
Train,2.27537115960175,2.27526865176343
Train,2.34652066864817,2.34635658181156
Train,2.41663300600877,2.41561697515314
Train,2.48552406234811,2.48533916880669
Train,2.55363191166574,2.55366022472962
Train,2.62056737302902,2.62010501002485
Train,2.68675548322066,2.68618505223067
Train,2.75201263230251,2.75252175661493
Train,2.81616586172225,2.81586739742756
Train,2.87962172076681,2.87884711564148
Train,2.94201626748627,2.94238579403595
Train,3.00374440170931,3.00288970183062
Train,3.06445160527657,3.06477905757885
Train,3.12452162783985,3.1241697493951
Train,0.829690155850197,0.83059629499992
Train,0.915686692859388,0.916612083200569
Train,0.998760478063029,1.00035171094157
Train,1.07905802441517,1.07801849938223
Train,1.15671621319135,1.1570087052473
Train,1.23216855556595,1.23246459910707
Train,1.30491432142434,1.30409502918847
Train,1.37538145627047,1.37627878162163
Train,1.44367537027361,1.44368412350231
Train,1.50989507059576,1.50952554565749
Train,1.5741336402972,1.57436929701317
Train,1.63647867489251,1.63652987953126
Train,1.69701268086281,1.69729247764166
Train,1.75581343993658,1.75594913929189
Train,1.8129543425212,1.81314546102928
Train,1.86873103238866,1.86868365460935
Train,1.92275015972049,1.92234013073138
Train,1.97530643525357,1.97526054046568
Train,2.0264584867622,2.02715852828983
Train,2.07626185043145,2.07691237611808
Train,2.12059914974408,2.12202329214962
Train,2.34328037761278,2.34386917963309
Train,2.5549366972347,2.55585039300334
Train,2.75599889067898,2.75610386908515
Train,2.9474179653071,2.94775672373956
Train,3.13003855830087,3.13058795877761
Train,3.30413429750203,3.30425367253498
Train,3.47044079606479,3.4706433783297
Train,3.6296152801069,3.62893457136319
Train,3.78182725424777,3.7819086453605
Train,3.92765751382965,3.92682259942286
Train,4.06749916250778,4.06744971939479
Train,4.20183703672248,4.20206477562267
Train,4.33075252997693,4.33100392319986
Train,4.45468129831863,4.45538228671874
Train,4.57401691742505,4.57432557792424
Train,4.68879861220041,4.68884503902375
Train,4.79938387393273,4.79956758433248
Train,4.9060969212841,4.90662557268453
Train,5.00894794641336,5.00916837162669
Train,2.11765116113951,2.11750473781143
Train,2.331076120331,2.33099164593834
Train,2.5350821757667,2.53613892251816
Train,2.73027938076781,2.7303739969831
Train,2.91722621861503,2.91719093151649
Train,3.09643493902598,3.09650616459757
Train,3.26837624540536,3.27014970239738
Train,3.43348342318464,3.43405586329582
Train,3.59215598548838,3.59175475293653
Train,3.74476290070689,3.74506794091749
Train,3.89178524844331,3.89237997886736
Train,4.03325450148473,4.03276922757026
Train,4.16960912000323,4.1696683732344
Train,4.30112154837743,4.30146629941366
Train,4.42804521861775,4.42830116717117
Train,4.55061618038728,4.55051400561982
Train,4.66905456615047,4.66938087757149
Train,4.78356591058269,4.7836009563549
Train,4.89434234087785,4.89414248976177
Train,5.00156365245528,5.00141350786613
Train,4.2984075219197,4.29846085035095
Train,4.34970196264881,4.34996966314902
Train,4.39988860711867,4.39984869592802
Train,4.44900295924065,4.4488663993193
Train,4.49707902180318,4.49703802960693
Train,4.54398707631752,4.54418677513294
Train,4.59008629395852,4.59006619610152
Train,4.63524088247894,4.63528035526813
Train,4.6794795823174,4.67947597157145
Train,4.72282997971035,4.72279289105412
Train,4.76531856405638,4.76544801005514
Train,4.806970781893,4.80691156124791
Train,4.84781108771691,4.8479988891038
Train,4.88786299186117,4.88777909553816
Train,4.92714910562606,4.9271144248353
Train,4.96555815818128,4.96573317514348
Train,5.00337962345558,5.00339365176888
Train,5.04049808296363,5.0405289768572
Train,5.07693295687885,5.0767794878981
Train,5.11270295660467,5.11279471702792
Train,3.11238807213922,3.11224382945678
Train,3.16919694430401,3.16931260455279
Train,3.22492402378291,3.22492308645317
Train,3.28006627690833,3.27998307307245
Train,3.33440088330287,3.33442843953936
Train,3.38771829142044,3.38762749157628
Train,3.44049320797784,3.44049310123378
Train,3.49251174515677,3.49249084499309
Train,3.54357246262938,3.5435744781862
Train,3.59412928383372,3.59424296094185
Train,3.6439767440968,3.64401877375858
Train,3.69312966893727,3.69309264616513
Train,3.7413967519174,3.74145052556606
Train,3.78920627276411,3.7891530102601
Train,3.83636327141016,3.83629784531678
Train,3.88268356402146,3.88273019149699
Train,3.92857761543065,3.92871394894871
Train,3.97385783645987,3.9737605866199
Train,4.01834678893248,4.01840256148265
Train,4.0624382207582,4.06247617735334
Train,4.55922120239093,4.55942284377325
Train,4.72110733269788,4.72122600182352
Train,4.87180306698566,4.87196392433641
Train,5.01268853560669,5.01278983619939
Train,5.144570098747,5.14453058557921
Train,5.2681703274234,5.2682251100754
Train,5.38445959846425,5.38435782343027
Train,5.49386587381854,5.49392941422109
Train,5.59717321056753,5.5971559415317
Train,5.69478749151531,5.69466758719273
Train,5.78708131723367,5.78713171563732
Train,5.87463998688025,5.87465747234211
Train,5.95774177529795,5.95764106006391
Train,6.03664538871303,6.03676184490751
Train,6.11180031203641,6.11173916582589
Train,6.18333462263282,6.18319608503811
Train,6.25163043831265,6.25183012464138
Train,6.31684219420673,6.31675184308668
Train,6.37911629093982,6.37919931869845
Train,6.43875761669118,6.43885058235978
Train,4.04506807141098,4.04516341199963
Train,4.10858879478827,4.10879270952102
Train,4.1701996903519,4.17016856056718
Train,4.23037661612313,4.23051149559783
Train,4.28897724916576,4.28902334306108
Train,4.34606272363447,4.34606748195775
Train,4.40150979637571,4.40156252019686
Train,4.45574060858136,4.45572529599983
Train,4.50862154227834,4.50877524052379
Train,4.56020237837136,4.5601704711608
Train,4.61036639081713,4.61053435182157
Train,4.65949076115278,4.65941507832825
Train,4.70745029988105,4.7076021401692
Train,4.75428595209553,4.75433454948846
Train,4.7998875163024,4.79994274582584
Train,4.84459415011638,4.84473220181459
Train,4.88828866414124,4.88826576043247
Train,4.9310050439588,4.93103101394044
Train,4.97263943418284,4.9728114741532
Train,5.01349853460424,5.01346019638881
Train,4.72294694016069,4.72293728318445
Train,4.75454734386273,4.75443537593855
Train,4.78575104926538,4.78578532613555
Train,4.81656547975132,4.81661627321079
Train,4.84699787463386,4.84694920494967
Train,4.87705529482699,4.87714919541254
Train,4.9067446283071,4.90684927219191
Train,4.93607259537537,4.93625463355071
Train,4.96504575372901,4.96490557486963
Train,4.99367050334968,4.99349261980426
Train,5.02208632702543,5.02216097997521
Train,5.05003127323255,5.05000911429696
Train,5.07764613853987,5.07745820108896
Train,5.10493673689893,5.10503175831295
Train,5.13190874651787,5.13198616846059
Train,5.15856771380009,5.15861222652207
Train,5.18491905714653,5.18496234368593
Train,5.21096807062713,5.21103459512009
Train,5.23671992752663,5.23658285629713
Train,5.26217968376971,5.26205652885444
Train,2.12825209006589,2.12704856715967
Train,2.37288651948368,2.37279971333864
Train,2.6015996243621,2.60158890705388
Train,2.81528600769792,2.81313995886424
Train,3.01595153015302,3.01602776449545
Train,3.20421201232764,3.20207195751562
Train,3.38169017706613,3.38117992969495
Train,3.54880712329803,3.54763899507651
Train,3.70667035232721,3.70663546372061
Train,3.85624211049127,3.85454731753023
Train,3.99775202123379,3.99829564278632
Train,4.13222031585773,4.13150573076574
Train,4.25979250843669,4.25857344342892
Train,4.38116010379978,4.38059643582073
Train,4.49693146052466,4.49640898850969
Train,4.60716695077571,4.60464127434368
Train,4.71255743600543,4.71141964899539
Train,4.81312507730122,4.81234057831326
Train,4.90947085848767,4.90925519009988
Train,5.00158892011668,4.99917615833789
Train,3.33837507438564,3.33616426348274
Train,3.46058512059142,3.46059485289791
Train,3.57758834194159,3.57631926773661
Train,3.68971055696617,3.69066346038698
Train,3.7970389887063,3.79481073865222
Train,3.90028120103303,3.89978828416725
Train,3.99946994956018,4.00036194698514
Train,4.09483935702305,4.09500674258353
Train,4.18660585657113,4.18389856603061
Train,4.27496983150741,4.27458102494167
Train,4.3599488657098,4.36083771836552
Train,4.44205784887757,4.4413339275839
Train,4.52128268956086,4.52193279822999
Train,4.5977727265908,4.5997424118251
Train,4.67166716352079,4.67150793405557
Train,4.74309591410339,4.74224660462254
Train,4.81204363813467,4.81105112254078
Train,4.87890171475166,4.87930063915439
Train,4.94363516172037,4.94330306568508
Train,5.00634367040845,5.0063901066452
Train,3.87523881948464,3.87586129251948
Train,3.95404801755029,3.95551210214109
Train,4.02974677351441,4.03081159422999
Train,4.10292194731429,4.10272979501156
Train,4.17350044387368,4.17450275558302
Train,4.2416180711961,4.24173526189306
Train,4.30721815852196,4.30708290762465
Train,4.37079114225444,4.37082498323771
Train,4.43225758817814,4.43260657423352
Train,4.49172049239818,4.49184512911973
Train,4.54911580420057,4.54930053291373
Train,4.60485973229656,4.60513050084879
Train,4.65887127083764,4.65912562919299
Train,4.71122994200335,4.71140939717871
Train,4.76186878193004,4.76181667929868
Train,4.81114564194774,4.8113588893116
Train,4.85898064890606,4.8590429812344
Train,4.90543617377345,4.90536778103521
Train,4.95044499285234,4.95031842162954
Train,4.9943182385265,4.99423900145158
Train,2.12311179524227,2.1223951506575
Train,2.36751726846775,2.36747588439122
Train,2.59550603933668,2.59429276968738
Train,2.80928385868297,2.80918561499545
Train,3.00985405698779,3.00969974464948
Train,3.19813614601615,3.19767727356882
Train,3.37573022364217,3.37541641372351
Train,3.54304395578921,3.54246900026278
Train,3.70139536231884,3.70137908910057
Train,3.85127174548446,3.85060367964896
Train,3.99313316542645,3.99284772639165
Train,4.12799027670336,4.1280076239362
Train,4.2561659178122,4.25538525774809
Train,4.37797035217499,4.37735697667696
Train,4.49419907105336,4.49285664148979
Train,4.60490884462151,4.60505460864115
Train,4.7107863806475,4.71033087368174
Train,4.81199606506584,4.81168516494616
Train,4.90870119118297,4.90881209753278
Train,5.0014615561532,5.00063961444073
Train,4.21460060524327,4.21598893587879
Train,4.27184610746874,4.27197153289162
Train,4.32756432777398,4.32751762839352
Train,4.38216518189821,4.38283053049202
Train,4.43533869979944,4.43537423805294
Train,4.48747402996703,4.48826020695769
Train,4.53827327651232,4.538820569246
Train,4.58810638819991,4.58782966398739
Train,4.63668690777751,4.63680353032021
Train,4.68436699623143,4.68470212667483
Train,4.73087103717317,4.73095199916933
Train,4.77653467911823,4.7765191187822
Train,4.82109258463286,4.82120736068914
Train,4.86486504466356,4.86493475372354
Train,4.90759647274213,4.90748104593222
Train,4.94959285071009,4.94971634494123
Train,4.99060784704465,4.99046256762782
Train,5.03093408857086,5.03098009711949
Train,5.07033403274121,5.07016289597973
Train,5.10908782153109,5.10903144107837
Train,2.12263903924964,2.12365039425578
Train,2.35807015296182,2.35825845023439
Train,2.57974484642919,2.57989890065765
Train,2.78837739364784,2.78855523552907
Train,2.98530132159036,2.98539144930938
Train,3.17167952933067,3.17195073770514
Train,3.34794984921552,3.34812276108941
Train,3.51527966341244,3.51545784983252
Train,3.67398325661824,3.67413797654432
Train,3.82487657295672,3.8250617831927
Train,3.96868036886023,3.96897617692178
Train,4.10558113118152,4.10563060831508
Train,4.23620791477005,4.23643018800651
Train,4.36111986584978,4.36126158862961
Train,4.48042067206134,4.48058862802069
Train,4.59473184480475,4.59482227978479
Train,4.70411834186003,4.70419071917457
Train,4.80900732241856,4.80912314768604
Train,4.90978177642934,4.90978604679867
Train,5.00646528238212,5.00660674775865
Train,2.12978706987508,2.13024804693322
Train,2.36882069850899,2.3689253843153
Train,2.59261215430348,2.59311347062826
Train,2.80313151282221,2.80358588029185
Train,3.00099948610341,3.00115853807757
Train,3.18781862874191,3.18780615039178
Train,3.36402009506598,3.36437829853413
Train,3.53092731925708,3.53094112036257
Train,3.68904603490195,3.68948504866388
Train,3.83885289774519,3.838897367279
Train,3.98136579636856,3.98177143069143
Train,4.11674306531189,4.11653340544545
Train,4.24585155992919,4.24615022585589
Train,4.36895225977064,4.36934205077587
Train,4.48629809260513,4.48566289785972
Train,4.59858307454001,4.59902057607686
Train,4.70584033135645,4.70613194204201
Train,4.80867487629262,4.80832574808955
Train,4.9070908218437,4.90667406483414
Train,5.0016197234077,5.0014371824855
Train,3.01705252024819,3.01729736667166
Train,3.12032357990782,3.12044724846284
Train,3.22038247139588,3.22070573493228
Train,3.31686011162121,3.31668442608668
Train,3.41044335856909,3.41050270930603
Train,3.50077652363319,3.50093592803472
Train,3.58849302349511,3.58819163223132
Train,3.67325055883843,3.67354002875189
Train,3.75541534497091,3.75540921802694
Train,3.83531783454091,3.83533400485211
Train,3.91263541315482,3.91259275976292
Train,3.98789265358023,3.9881224850448
Train,4.06077964596225,4.06085830929501
Train,4.1315955694541,4.13142955644657
Train,4.20061187697461,4.2007654088408
Train,4.26753690378768,4.26754692687099
Train,4.33281256516588,4.33278357732065
Train,4.39615877849211,4.39593677060974
Train,4.45798986844476,4.45799986466904
Train,4.51803684629886,4.51800489320107
Train,2.12435123144132,2.12404213644423
Train,2.38506153637641,2.3851801967272
Train,2.62609199254129,2.62605360826984
Train,2.8490559046886,2.84841728155094
Train,3.05615884325127,3.05600242683666
Train,3.24903512992055,3.24873774041746
Train,3.42931825626768,3.42903954238521
Train,3.59779709538334,3.59780140011901
Train,3.75578404828765,3.7554905141253
Train,3.90422958107013,3.90397357592464
Train,4.04414122005214,4.04405719743299
Train,4.17591596121601,4.17605835948401
Train,4.30039365297306,4.30023185468938
Train,4.41816407872983,4.41823528153497
Train,4.52989011171437,4.52989936722484
Train,4.63576888778802,4.63559640856553
Train,4.73636936325297,4.73639662884105
Train,4.83207664209496,4.83209596988698
Train,4.92334980841375,4.92326554363582
Train,5.01027888515012,5.01035178547945
Train,3.11173865344614,3.1120159786224
Train,3.24201294778975,3.24238263763449
Train,3.36799787365329,3.36812138737331
Train,3.48990184544406,3.48986008469128
Train,3.60774586783278,3.60798474762796
Train,3.7220664898684,3.72206725140966
Train,3.83285550280785,3.8333554937344
Train,3.94027406583884,3.94053798075884
Train,4.04447367942224,4.04450836059551
Train,4.14559689820399,4.14566915701899
Train,4.24363292184211,4.24360890027882
Train,4.33900255930691,4.33905335162654
Train,4.43167584960844,4.4318096193101
Train,4.52176554790441,4.52178716382794
Train,4.6093782088937,4.60973395765409
Train,4.69461460724415,4.69465251545844
Train,4.77744741477016,4.77763132651131
Train,4.8582156134013,4.85838609661135
Train,4.93687878459299,4.93718872760579
Train,5.01351816340897,5.01358582378283
Train,3.11038299446124,3.11024343705726
Train,3.24251381050943,3.24274895264976
Train,3.37001630594949,3.36995002596999
Train,3.49312947838734,3.49360920674846
Train,3.61207614870286,3.61168490668491
Train,3.72689245643938,3.7269075576339
Train,3.8381220550937,3.83795990404558
Train,3.94576909947967,3.94566157327822
Train,4.05000393018696,4.04964514157267
Train,4.15098625732076,4.15127946103885
Train,4.24886597703618,4.24901714306083
Train,4.34378391394922,4.3439530733877
Train,4.43587249715733,4.43585818045255
Train,4.5252563766945,4.52519614082369
Train,4.61205298645539,4.61237408841975
Train,4.6962467383612,4.69615694665553
Train,4.77819830456011,4.77845944538127
Train,4.8578763944213,4.85781713414803
Train,4.93537431881503,4.93520050753606
Train,5.01078035115356,5.01019012796382
Train,2.12717572834508,2.12779708038576
Train,2.34656196174529,2.34687389111149
Train,2.55533954832282,2.55560490720808
Train,2.75425981062326,2.754074028248
Train,2.9440047608186,2.94409077208855
Train,3.12495162852631,3.12497622749727
Train,3.29816338632991,3.29828837023673
Train,3.46390243918338,3.46424068969599
Train,3.62264215738028,3.62267955693372
Train,3.77481675614259,3.77476136007093
Train,3.92082526201542,3.92092191350115
Train,4.06103500668285,4.0610781703978
Train,4.19578471261601,4.19551684238118
Train,4.32538722512265,4.32535344088768
Train,4.45013193718625,4.45002709390538
Train,4.57012493075912,4.57003607415688
Train,4.68594476426799,4.68606483876549
Train,4.79765438822268,4.79755454155608
Train,4.90546878245043,4.90528791400854
Train,5.00958819131908,5.00937773775971
Train,3.8077383077291,3.80760439608795
Train,3.88956870088414,3.8896965403451
Train,3.96883780908673,3.96896851418477
Train,4.04586049738461,4.04519865629345
Train,4.12034912875369,4.12028806971401
Train,4.19261091250044,4.19220405848907
Train,4.26274423583776,4.26322630260356
Train,4.330841774137,4.3309581820891
Train,4.39716025110821,4.39639642512676
Train,4.46143866296428,4.46192444235405
Train,4.5239291575605,4.5231744251006
Train,4.58470530859315,4.58503596180076
Train,4.64398821207787,4.64431015140658
Train,4.70153671594073,4.70104591635968
Train,4.75756890434818,4.75728276953343
Train,4.8121439269539,4.81251602718356
Train,4.86531789642492,4.8651838135458
Train,4.91727698397285,4.91675723886437
Train,4.96780267936954,4.96516848919006
Train,5.01707941296385,5.01708184772177
Train,2.12451639919632,2.12373819474088
Train,2.37095652419414,2.37069588179379
Train,2.60086088926851,2.60069262774464
Train,2.81583975804045,2.81578430455718
Train,3.01702488381918,3.01623317755889
Train,3.20622096492552,3.2062728846415
Train,3.38422383841342,3.38374931463885
Train,3.55199828304379,3.55215918449866
Train,3.71040129767525,3.7102813064679
Train,3.86019674307784,3.86028243677532
Train,4.00187229445328,4.00191083866382
Train,4.13644125644717,4.13625595256116
Train,4.26424865589965,4.26446483819619
Train,4.38579161654852,4.38586932157639
Train,4.5015196951498,4.50168194742111
Train,4.61184043783561,4.61191792720784
Train,4.71697865411628,4.71706406844781
Train,4.81756907862544,4.81747588394278
Train,4.91376716590751,4.91381398319165
Train,5.00585445987398,5.00595095197001
Train,3.80662470609681,3.80724261937591
Train,3.88834139484332,3.88817620126624
Train,3.96752945990506,3.96809018488812
Train,4.04430448083083,4.04436019694305
Train,4.11877509892742,4.11906706798808
Train,4.19123039931236,4.19152502410185
Train,4.26138749685472,4.26161594472457
Train,4.32952962685583,4.33013712472465
Train,4.39574236757914,4.39606937232642
Train,4.46010651877933,4.46014464320414
Train,4.52269843063781,4.52300442415232
Train,4.58359030589586,4.58408832550545
Train,4.64285047769928,4.64286778455955
Train,4.70054366540238,4.70091082102376
Train,4.75673121034444,4.75715890999599
Train,4.81161311274734,4.81160573935708
Train,4.86495737130899,4.8651943310122
Train,4.91696197120851,4.91720480180544
Train,4.96767675181377,4.96759507463342
Train,5.01714911054099,5.01715062258108
Train,3.88622426022213,3.88475253340564
Train,3.96164668389391,3.96138004267882
Train,4.0348601358272,4.03462932916562
Train,4.10596025994981,4.10581908534207
Train,4.17503725716661,4.17454415470723
Train,4.24236220699547,4.2414820088998
Train,4.30763854938547,4.30738487805472
Train,4.37113357939236,4.37079677129534
Train,4.43291923031841,4.4324575826807
Train,4.49306361380875,4.4917214808014
Train,4.55163127031993,4.55099102294057
Train,4.60868340014465,4.60690089677249
Train,4.66427807673126,4.66383770521787
Train,4.71847044386108,4.71795400550266
Train,4.77131289809084,4.77096872614148
Train,4.8229982536463,4.82251144429275
Train,4.87328446117769,4.8729605686533
Train,4.92236321499513,4.92205663112894
Train,4.9702774885615,4.96961905106086
Train,5.01706824000553,5.01474972637207
Train,3.80644674670169,3.80680143597954
Train,3.88847600875965,3.88877793725641
Train,3.96773063373205,3.96761339474798
Train,4.04474016867335,4.04505402204724
Train,4.1194079399054,4.11941415462388
Train,4.19183916285478,4.1919893286978
Train,4.26195387879296,4.2625261386066
Train,4.33020842950115,4.33047996524531
Train,4.39650636424915,4.39620603507569
Train,4.46093062803061,4.46125888336734
Train,4.52339996024945,4.52323824084993
Train,4.58431189892117,4.58437100231627
Train,4.64357233269813,4.64399706003978
Train,4.70124752908323,4.70131688285321
Train,4.75725706973349,4.75737815475379
Train,4.81195053374266,4.81174190206839
Train,4.86523732333805,4.86546892462659
Train,4.91717101741401,4.9172577323379
Train,4.96767331329048,4.96752191757986
Train,5.01705415131406,5.0171522618668
Train,3.88561095913345,3.88526803313833
Train,3.96119177124388,3.96120102961195
Train,4.03473624895416,4.03421823801762
Train,4.10593930375339,4.10594930150207
Train,4.17509750447742,4.17498033378205
Train,4.24247968764583,4.2420643577946
Train,4.30779880974293,4.30779673265332
Train,4.37131959580068,4.37093921336485
Train,4.43328276073025,4.43313908809728
Train,4.49341826626526,4.49363813790257
Train,4.55196386760316,4.55172688907868
Train,4.60898179459056,4.60892421811779
Train,4.66468170843888,4.66463604694312
Train,4.71881455058613,4.71907821607176
Train,4.77158811550613,4.77106634976091
Train,4.82319259471207,4.82314974778417
Train,4.8733934161917,4.87339552306951
Train,4.92237948905449,4.92220324004929
Train,4.97032416257258,4.97037375181885
Train,5.0170063243159,5.01683611270966
Train,2.04995207767634,2.05221383968545
Train,2.36853908008567,2.36959018103705
Train,2.65218403000353,2.65025493102975
Train,2.90697799059126,2.90790171287006
Train,3.13681895400483,3.13631261510966
Train,3.34493759146171,3.34795941948451
Train,3.53475567764635,3.53747834644767
Train,3.70814353059593,3.70994854712461
Train,3.86755159856861,3.86815356103692
Train,4.01441735876953,4.01345563389887
Train,4.14999157374313,4.1503806938234
Train,4.27585004088018,4.27748585325073
Train,4.39285082733998,4.39294103843662
Train,4.50175732771425,4.50334682217252
Train,4.60364289826535,4.60500760893401
Train,4.69891970599052,4.69852499359675
Train,4.78844078951357,4.78804185305655
Train,4.87260377911667,4.87296624864322
Train,4.95177352323288,4.95186476089354
Train,5.02657446774441,5.02724871682333
Train,3.79776981423491,3.79722569607543
Train,3.87866391563431,3.87774861731047
Train,3.95733255148876,3.95598202217816
Train,4.03349598599817,4.0335894476204
Train,4.10745087021112,4.10603302110341
Train,4.17946630826417,4.17917725391509
Train,4.24927794713938,4.24966487964187
Train,4.31731451379763,4.31649248452065
Train,4.3833215856408,4.38363054411618
Train,4.44754411235117,4.44646292611713
Train,4.51020540375935,4.51063782003544
Train,4.57106532148577,4.57021335240283
Train,4.63034402714585,4.62794902481018
Train,4.68824278619348,4.68813418044514
Train,4.74453495022828,4.7435924496327
Train,4.79955297006165,4.79977378955681
Train,4.85307873738572,4.85157811194781
Train,4.90529873932715,4.90411948562798
Train,4.95638418598853,4.95528968378993
Train,5.00612909016259,5.00478655075201
Train,4.42407979305922,4.42370406333606
Train,4.46691166169733,4.46621894312456
Train,4.50912477111424,4.5085716083738
Train,4.55044429854992,4.55022595867951
Train,4.59117995517835,4.59048642008884
Train,4.63106584876699,4.62997644249561
Train,4.67040028310135,4.67067484677847
Train,4.7089258818307,4.70811688260705
Train,4.74679841304018,4.74659089264934
Train,4.78416389339247,4.78385993239017
Train,4.82077698868006,4.82059523057273
Train,4.85691013934685,4.85656098366609
Train,4.89232559324423,4.89118906219151
Train,4.92716514174534,4.92721516946302
Train,4.9615620179239,4.96173145000791
Train,4.9952892112185,4.9943668534436
Train,5.02859656183774,5.02841054480564
Train,5.06126383485798,5.06079745858331
Train,5.09353261837211,5.09328128097479
Train,5.12518916146475,5.12404029039522
Train,3.30379708995377,3.30327541048348
Train,3.37063607511235,3.37072631034304
Train,3.43594095318669,3.43731304400753
Train,3.50021101875945,3.49971708286022
Train,3.56324967428117,3.5645175544291
Train,3.62487627902781,3.62572139716358
Train,3.68555999675628,3.68767448000813
Train,3.74511346377582,3.74659902672372
Train,3.80336403233353,3.80364197475581
Train,3.86075342218445,3.86122615267823
Train,3.91710293691303,3.91832594877295
Train,3.97244058600369,3.97232317865974
Train,4.02660369597233,4.02771433147927
Train,4.08000102968489,4.08285923241355
Train,4.13246463090554,4.13334385785006
Train,4.18383881813632,4.18411418197432
Train,4.23451003727776,4.23395773161509
Train,4.28431781539126,4.28595434256587
Train,4.33311307090034,4.333556211101
Train,4.38126173574197,4.38132548494115
Train,2.12773036473068,2.1292849546925
Train,2.3649065243032,2.36619234643704
Train,2.58760154553829,2.58883586949806
Train,2.79710239047386,2.79838966211954
Train,2.99454790960518,2.99610024873901
Train,3.18094955298383,3.18179666473491
Train,3.35720870051651,3.35839958555682
Train,3.52413123825805,3.52594797257199
Train,3.68243987811222,3.68323147479944
Train,3.83278461826202,3.83174460217053
Train,3.97556294397721,3.97515112335383
Train,4.11169127601103,4.11107176557976
Train,4.24145180712177,4.24214648743901
Train,4.36528113452564,4.36575148203685
Train,4.48357683453216,4.48602643721943
Train,4.59670172663849,4.59817261666014
Train,4.70498759042142,4.70654653845364
Train,4.80873841543619,4.80956911571872
Train,4.90823325117055,4.90788073385154
Train,5.00372871332178,5.00347007691398
Train,2.94396057417874,2.94463287532603
Train,3.02904204492581,3.02966134557431
Train,3.11249314466046,3.11248363444827
Train,3.19385305171646,3.19438510140949
Train,3.27369338257743,3.27368101621268
Train,3.35157067143682,3.35232020748835
Train,3.42802961105894,3.42672289791242
Train,3.50264320083869,3.50275052667693
Train,3.57570375000409,3.57600300340437
Train,3.64748194003505,3.64755899108106
Train,3.71757390075242,3.71762064882721
Train,3.78646493188244,3.78733573173679
Train,3.85376562625473,3.85319673434587
Train,3.91973486482703,3.92027159125975
Train,3.98461316037663,3.98510007404145
Train,4.0480314553435,4.04673370997572
Train,4.11042501092023,4.11075214471433
Train,4.17143751496782,4.17156269023346
Train,4.23148638807138,4.23123223898784
Train,4.29022744655551,4.28986310114261
Train,2.12761174416641,2.12838798069115
Train,2.36279442088078,2.36328045475796
Train,2.58395732298534,2.58422983069013
Train,2.79231779223193,2.79268464413279
Train,2.98895619854973,2.98959890706097
Train,3.17508165318044,3.17521545513408
Train,3.35104687070944,3.35127207885843
Train,3.51788324992824,3.51835339975476
Train,3.67628321749673,3.67685246596308
Train,3.82687089911298,3.82760425539307
Train,3.970210338345,3.97088397439631
Train,4.10681255656116,4.10686548794181
Train,4.23714164022874,4.237476009986
Train,4.36162000840189,4.36234847710204
Train,4.48063298638124,4.48076704631207
Train,4.59468504368087,4.59424613924877
Train,4.70378792393856,4.7042434968082
Train,4.80839661537336,4.80871388152992
Train,4.90878320246356,4.90923806491807
Train,5.0051982409802,5.00527394126971
Train,2.12564260553235,2.12529183331115
Train,2.3692842087651,2.36700244195372
Train,2.5970195011085,2.59411812814951
Train,2.81035692451563,2.80837890303231
Train,3.01062003217446,3.00762053897327
Train,3.19897497342765,3.19650140521288
Train,3.37645321728042,3.37398940347717
Train,3.54397044982052,3.54097672001389
Train,3.702342376625,3.69805680938804
Train,3.85229800582354,3.84646896760121
Train,3.99449086828511,3.98807463955871
Train,4.1295085392597,4.12712575310607
Train,4.25788075407853,4.25240361087935
Train,4.38008635429281,4.37597451447255
Train,4.49655925627669,4.49362046296714
Train,4.60769359911385,4.60449116052468
Train,4.71384820047982,4.7102588765654
Train,4.81535042666837,4.81272326914014
Train,4.91249956470073,4.90960962827963
Train,5.00556976968764,5.00305484045392
Train,2.12332372125674,2.1238434365073
Train,2.35597412277977,2.35604334311895
Train,2.57527205640544,2.5752637508912
Train,2.78233495980589,2.78240031023607
Train,2.97793134939884,2.9782533638981
Train,3.16341918459217,3.1631087613771
Train,3.33935720074798,3.33909491545014
Train,3.50646439603735,3.50469825523192
Train,3.66538935861286,3.66510063936182
Train,3.81671867952971,3.81568837263445
Train,3.96081584539365,3.96110731839962
Train,4.09850844309289,4.09755078004311
Train,4.23006024014663,4.22958988653316
Train,4.35587307616933,4.35617560379525
Train,4.47631447861992,4.47555902280069
Train,4.59172124855168,4.59190460553878
Train,4.70227307418351,4.70122670088824
Train,4.80851856973015,4.80889885936982
Train,4.91058478884492,4.90986861041215
Train,5.00871356929856,5.00868475413604
Train,2.13048260114339,2.13074706235481
Train,2.36141822993024,2.3613337217197
Train,2.57944345882077,2.5791208222539
Train,2.78512743558809,2.78481624727011
Train,2.97971772296535,2.97956990789806
Train,3.16430534752431,3.16415200053659
Train,3.33922968627402,3.33914443342016
Train,3.50562174580382,3.50538647746097
Train,3.66371758572177,3.6635014157815
Train,3.81430002114748,3.81412682177597
Train,3.95806182042704,3.95839972690321
Train,4.09513188791548,4.09494712946186
Train,4.22612142233379,4.22620806543956
Train,4.35157447540485,4.35146370051964
Train,4.47155056615015,4.47178922954625
Train,4.58667274847743,4.58667344538278
Train,4.69696821929686,4.69694670921848
Train,4.80285956120148,4.80306608268729
Train,4.90472601682359,4.90478916423435
Train,5.00256052426806,5.00241210804349
Train,4.29923127466113,4.29941957854899
Train,4.37593472586425,4.37620253704381
Train,4.45007638384635,4.4502922986678
Train,4.52208960493034,4.52196408714579
Train,4.59191509940888,4.59199871115616
Train,4.65950632982142,4.65980467353097
Train,4.72524942079411,4.72497930788021
Train,4.78908225473821,4.78924480595715
Train,4.85095431879322,4.85121017323089
Train,4.91121191789884,4.91128800787312
Train,4.96979172171991,4.96979817259509
Train,5.02676284216546,5.02689124971488
Train,5.08207203793809,5.08201442865581
Train,5.13602154890217,5.13595728258722
Train,5.18854810300832,5.18856207120772
Train,5.23959773178527,5.23910245620491
Train,5.28944500655008,5.28947247551133
Train,5.33802752592299,5.33788353132836
Train,5.38529136179834,5.38450144896335
Train,5.43148710977632,5.43129402574138
Train,3.80440535788305,3.80460623996861
Train,3.88609514022405,3.88620222849961
Train,3.96528315492449,3.96549197987375
Train,4.04208259449204,4.04251252069271
Train,4.11659992436134,4.11715502160309
Train,4.18893537531834,4.1887977057876
Train,4.25918339329396,4.25919715202821
Train,4.32743305077164,4.32754151150384
Train,4.39376842357708,4.39357761071754
Train,4.45826893640157,4.4584025799685
Train,4.52100968004451,4.52098452128354
Train,4.58206170303944,4.58202907245878
Train,4.64149228004463,4.64219833487891
Train,4.69936515912984,4.69937251998206
Train,4.75574078987013,4.75627671872233
Train,4.81067653396255,4.81056201020749
Train,4.86422685990817,4.86459729616206
Train,4.91644352314866,4.91638956074528
Train,4.96737573290946,4.96730488200816
Train,5.01707030688033,5.01710247213061
Train,3.80280800392127,3.7994918074845
Train,3.88500313680383,3.88236959342273
Train,3.96462254200146,3.96302750033839
Train,4.04178542414326,4.03601357885511
Train,4.11660374389121,4.11198475684562
Train,4.18918275996791,4.18461253184193
Train,4.25962152323343,4.25663405820434
Train,4.3280133276884,4.32700343473966
Train,4.39444612272151,4.39361127062869
Train,4.45900289043215,4.4575324070827
Train,4.52161773197884,4.52045518855377
Train,4.5826571574904,4.58289415216183
Train,4.64204285768417,4.64171420812692
Train,4.69984114025796,4.69817640475208
Train,4.75611481476927,4.75507588935527
Train,4.810923420318,4.80966645056648
Train,4.8643234356747,4.86448553665174
Train,4.91636847341338,4.91645729373731
Train,4.96710945945157,4.96728693551041
Train,5.01659479926165,5.01639458230448
Train,1.44204620238152,1.44284626410472
Train,1.54499419923156,1.5452609183048
Train,1.64543580189771,1.64575869298799
Train,1.74346144137553,1.74321916897908
Train,1.8395167720947,1.83949385651489
Train,1.9329564411699,1.93328074836576
Train,2.02422693088534,2.02455236954682
Train,2.1134029099952,2.1137035056936
Train,2.20055565907522,2.20022769654829
Train,2.28575326054506,2.28633379146593
Train,2.36937400784446,2.36931721757423
Train,2.45084680904313,2.45082205355503
Train,2.53055145851384,2.53084271071061
Train,2.60854489795918,2.60843008074064
Train,2.6848816500424,2.68451693853313
Train,2.75961394549668,2.75994056222676
Train,2.83306718070384,2.8324598243751
Train,2.90473303721677,2.90495765454612
Train,2.97493870467927,2.97570892314146
Train,3.04372835998313,3.0427691217919
Train,2.12339852599247,2.12477330318059
Train,2.37271606636546,2.37446796437442
Train,2.6051295613652,2.60651252245559
Train,2.82173155304113,2.82207498997211
Train,3.02434872715534,3.02518171512536
Train,3.21429311425399,3.21534527328146
Train,3.39295298198351,3.3940128800128
Train,3.56086107035745,3.5625985546116
Train,3.71916840218757,3.71944379820773
Train,3.86867552762641,3.86951884270078
Train,4.01028359872553,4.01109557969676
Train,4.14424724555703,4.1445247001838
Train,4.27133734096803,4.27162521028951
Train,4.39206966622313,4.39211868577288
Train,4.50706208430027,4.50718014770602
Train,4.61642365268879,4.61672183171914
Train,4.72069636620039,4.72083038760178
Train,4.82022734355424,4.82016645120923
Train,4.91545935003735,4.91553772890346
Train,5.0064226522255,5.00650145666519
Train,2.12910230615172,2.12850956891225
Train,2.38291006667188,2.381166854393
Train,2.61827066256745,2.61680735803266
Train,2.83741639544739,2.83703936192387
Train,3.04142214561449,3.0400797322731
Train,3.23205864293634,3.23104455716972
Train,3.4105983963277,3.40967634435012
Train,3.57815738802642,3.57801781755249
Train,3.7359295471496,3.73457356304843
Train,3.88434948784635,3.88308169340339
Train,4.02441245639959,4.02363108927981
Train,4.15680495054935,4.15571821897325
Train,4.28230877565294,4.28150575063083
Train,4.40112793004536,4.40039806556682
Train,4.51393418368952,4.51360037824541
Train,4.62117270132084,4.62070076714782
Train,4.72324576235384,4.72243565575076
Train,4.82064899338996,4.82019383984158
Train,4.9134449975405,4.9133156182262
Train,5.00207252958786,5.00184934650847
Train,2.11638447506989,2.11703588245416
Train,2.36806330015287,2.36830501506227
Train,2.60208647853893,2.60219665882727
Train,2.82024890795233,2.82090119747274
Train,3.02411016473525,3.0241488533815
Train,3.21503184491851,3.21508464973613
Train,3.39420801361869,3.39414100426984
Train,3.56269020239473,3.56270310917816
Train,3.7214080604634,3.7217154993181
Train,3.87118651652451,3.87113199403278
Train,4.01276012021567,4.01290809707809
Train,4.14678508952929,4.14705319956006
Train,4.27384948118426,4.27405052153454
Train,4.39448181651128,4.3949936052882
Train,4.50915842973614,4.50980774304584
Train,4.61830975410945,4.6186135054129
Train,4.7223257207859,4.72245733965286
Train,4.82156041319686,4.82159116154775
Train,4.91633609400439,4.91638678469914
Train,5.00694670114171,5.00679307316751
Train,2.73194750145983,2.7324736158767
Train,2.83756888193852,2.83765209756116
Train,2.94019821728092,2.94008881090531
Train,3.03996086994695,3.03994544367457
Train,3.13697529551304,3.13707335685391
Train,3.23162571138575,3.2316306726116
Train,3.32346648187123,3.323107984525
Train,3.41287774329284,3.41289118042302
Train,3.49995464068828,3.50008590870738
Train,3.58478741498906,3.58473697054168
Train,3.66746171496911,3.66773519663663
Train,3.74805888568102,3.74805506603949
Train,3.82665623542172,3.82668670352777
Train,3.90332728306944,3.90321533600387
Train,3.97814198745518,3.97826119090413
Train,4.05137792223462,4.05130305077931
Train,4.12267166838888,4.12268155239171
Train,4.19229981504695,4.1923563043963
Train,4.26032005709038,4.26044719548105
Train,4.32678745515108,4.32628456666401
Train,4.42433949203684,4.42468832315523
Train,4.46726370337328,4.46799454240616
Train,4.50941354452157,4.50814752440226
Train,4.55080978308231,4.55082398971547
Train,4.59147245062257,4.59183048388027
Train,4.63142087499709,4.63206500174263
Train,4.67067371098119,4.67138915978313
Train,4.7092489693173,4.7080917858018
Train,4.74716404427015,4.74766352626438
Train,4.78443573977929,4.7848816485648
Train,4.82120060968204,4.82076172312598
Train,4.857231720581,4.85775749159667
Train,4.89266661349976,4.89211203052715
Train,4.92751996570969,4.92747900907331
Train,4.9618059766503,4.96041178730656
Train,4.9955383872175,4.99561785913959
Train,5.02873049812514,5.02889378706799
Train,5.06139518739115,5.06060711415448
Train,5.09354492699682,5.09195379009151
Train,5.12519179876422,5.12338287379061
Train,4.31090793132855,4.30908301053741
Train,4.36374862530706,4.36245471946347
Train,4.41544374948998,4.4148781451907
Train,4.46603015778154,4.4648246852544
Train,4.51554314003183,4.51484367097551
Train,4.56388176850847,4.56136184421191
Train,4.61135070252854,4.61039859737964
Train,4.65784340604492,4.6564135187675
Train,4.70338968779305,4.70121635274267
Train,4.74801815514197,4.74737011779877
Train,4.79175627401314,4.78982949381811
Train,4.83463042524858,4.83317437947331
Train,4.87666595767126,4.87328531714417
Train,4.91788723806207,4.91567461472106
Train,4.95831769826044,4.95722372491322
Train,4.99786952455175,4.99614099030373
Train,5.03678718722075,5.03528700526402
Train,5.07497908978046,5.07198733294983
Train,5.11246534630136,5.11138472431028
Train,5.14926533438925,5.14616601480929
Train,4.308190724255,4.30855255858369
Train,4.3521783700908,4.35233727441047
Train,4.39537752787371,4.39557785135806
Train,4.4378092100058,4.43790866132665
Train,4.4794936888508,4.47990937609327
Train,4.52058585633077,4.52045826754196
Train,4.56083161368657,4.56130757565402
Train,4.60038691902989,4.60055200491672
Train,4.63926938922814,4.63932001202685
Train,4.67749604687772,4.67794769151176
Train,4.71508334515268,4.71558341290416
Train,4.7520471914169,4.75225509075591
Train,4.78840296967105,4.78868725375326
Train,4.82416556190072,4.82443059081355
Train,4.85934936838812,4.86037943001206
Train,4.89408279421208,4.89407318363423
Train,4.92814858322893,4.92828800702279
Train,4.96167612876043,4.96171162666425
Train,4.9946780872855,4.99474839333431
Train,5.02716672155627,5.02706555516894
Train,3.00160651401106,3.00198510161743
Train,3.15463679628811,3.15505236494879
Train,3.30007029819874,3.30036633924551
Train,3.43869343102216,3.43849796647103
Train,3.57052615090931,3.57035203857889
Train,3.69626818327652,3.69663472219261
Train,3.81633208380699,3.81681942227353
Train,3.93109397132671,3.93104594344868
Train,4.04108396939694,4.04164328570709
Train,4.14623581497797,4.14604136294125
Train,4.24703279551337,4.24732112840567
Train,4.34373995773457,4.3440313945364
Train,4.43675927405157,4.43705843859551
Train,4.52599357082417,4.52632267360517
Train,4.61181503568939,4.61176239162593
Train,4.69441578427859,4.69478982679096
Train,4.77397377833914,4.77449886793555
Train,4.85078481946625,4.85074329772721
Train,4.92473623450318,4.92467403923792
Train,4.99610622931943,4.99619225302493
Train,0.997575222013758,0.997978791286399
Train,1.16186758910368,1.16112392390433
Train,1.32074799826293,1.31898095464549
Train,1.47366138911936,1.47390587309047
Train,1.62172490413065,1.62063746693462
Train,1.7644018410866,1.76351734101908
Train,1.90271667770345,1.90269580278927
Train,2.03615169078058,2.03610519673154
Train,2.16530458872005,2.1652832689034
Train,2.29071273714249,2.28967500104548
Train,2.4118870891156,2.41140498421397
Train,2.52966583099353,2.52972298992844
Train,2.64357876846181,2.64315665226071
Train,2.75410785744556,2.75393940698208
Train,2.86168895070688,2.86152998433811
Train,2.96587925882376,2.96587962995138
Train,3.0673778286487,3.06747990559289
Train,3.16575941829679,3.16546252631409
Train,3.26167710851068,3.26164492827803
Train,3.35472254747568,3.35409040363297
Train,3.11903672464875,3.11780145894362
Train,3.26469583275668,3.26405663011295
Train,3.4027201251646,3.40199820417075
Train,3.53415755936693,3.53301399624081
Train,3.65924732761896,3.65912103490654
Train,3.77822795870944,3.7769261710733
Train,3.89193758405085,3.89103883079418
Train,4.00033447689783,3.99972400726148
Train,4.10414919275386,4.10338816523444
Train,4.20349002559976,4.20349562565459
Train,4.29847163878961,4.29687183967258
Train,4.38969750662139,4.38873394610863
Train,4.47723057370719,4.47664402188363
Train,4.56114162020212,4.56069752743612
Train,4.64193705712467,4.64080348231674
Train,4.71951117742665,4.71878299292627
Train,4.79431800787612,4.79353746157222
Train,4.86637477917787,4.86584411934526
Train,4.93570706635376,4.93503867775006
Train,5.00270422355668,5.00143490071216
Train,2.16876670265954,2.16942165212075
Train,2.43537916696171,2.4355918895934
Train,2.67931790010512,2.67933407779451
Train,2.90292346700431,2.90281525422934
Train,3.10903604531345,3.10858045665862
Train,3.29926082160365,3.29918322279645
Train,3.47570979101645,3.47558897735834
Train,3.63950735375726,3.63940850275955
Train,3.79226492423301,3.79213475731774
Train,3.93478337966086,3.93478832174778
Train,4.0683197627375,4.06791985120663
Train,4.19345188202423,4.19344285523658
Train,4.31117944973751,4.31106826627115
Train,4.4219232426661,4.42194410629237
Train,4.52649190421331,4.52644686079117
Train,4.62519368350649,4.62527605904004
Train,4.71869254049011,4.71879926746575
Train,4.80721484657521,4.80721654597043
Train,4.89131307272175,4.89120562455988
Train,4.97115322691084,4.97130183410299
Train,2.12940269889565,2.13052218353088
Train,2.35953685250925,2.35981435880855
Train,2.57652258375496,2.57721988873496
Train,2.78192907181291,2.78177907693091
Train,2.97643410182638,2.97586065155089
Train,3.16066994155131,3.16117099778924
Train,3.33583370480199,3.3359804718599
Train,3.50219360252866,3.50228579473282
Train,3.6607639709942,3.66089561238525
Train,3.81190399768766,3.81259349727846
Train,3.95595681914466,3.95628182525869
Train,4.09372879004296,4.0941167002604
Train,4.22546880089746,4.2254012416769
Train,4.35141812517153,4.35166066082574
Train,4.47223072861984,4.4721834538666
Train,4.58794513229911,4.58799929008749
Train,4.69913564763078,4.69950539498408
Train,4.80593807049328,4.80558587680955
Train,4.90848769987926,4.90669172547642
Train,5.00726329210842,5.00649364487009
Train,2.13549878782615,2.13552320328594
Train,2.36261445382408,2.36227329244178
Train,2.57706670235827,2.57691545664275
Train,2.78036122066628,2.77997025517636
Train,2.97289495250553,2.97257743239239
Train,3.15592876567196,3.15582287762881
Train,3.32974047258084,3.32934788574818
Train,3.49539823950988,3.49471154810654
Train,3.6532770662603,3.65331142156799
Train,3.80373540381063,3.80346693257172
Train,3.94762223590932,3.94749304587867
Train,4.08503514632217,4.08509616690087
Train,4.21671091636138,4.21659477130769
Train,4.34285280547558,4.34255583058083
Train,4.46366010513296,4.46353860359731
Train,4.57973738250479,4.5799948144653
Train,4.69109415890515,4.69128152965559
Train,4.79826506057782,4.79821406065741
Train,4.90123842129323,4.90114545177792
Train,5.00049004351434,5.00005232146527
Train,3.43233189858258,3.43100171096084
Train,3.54297691166042,3.54210912879185
Train,3.6494692081052,3.64888927138806
Train,3.75222680270983,3.75179399734117
Train,3.85107875250637,3.85080051216765
Train,3.94641845689116,3.94582376892092
Train,4.03842983551685,4.03767081672064
Train,4.12728418700284,4.12654414121724
Train,4.21329931753722,4.21302479251279
Train,4.29630304238441,4.2961393537927
Train,4.37659828816552,4.37582953880796
Train,4.45431549648567,4.45326705296742
Train,4.52971557309727,4.52855278807175
Train,4.60263141578898,4.60228077173316
Train,4.67331378365666,4.67276720066473
Train,4.74186374861585,4.73973947306437
Train,4.80837637476763,4.80761529457184
Train,4.87306029240632,4.8725553107191
Train,4.93575814948735,4.93553654854788
Train,4.99667216970627,4.99538142036943
Train,3.80276334554978,3.80271390439814
Train,3.88462691319972,3.8838356673798
Train,3.96379935970237,3.96366894487289
Train,4.04075597172001,4.03916861508596
Train,4.11542037466245,4.11598464874606
Train,4.18773080868589,4.18723119155408
Train,4.25811235670846,4.25772357516076
Train,4.32648713053531,4.32636928909775
Train,4.39279050206204,4.39229832141039
Train,4.45740500969366,4.45759942718829
Train,4.52025268608374,4.51943040739669
Train,4.58140502264334,4.58133708734484
Train,4.64079591398827,4.64072274275536
Train,4.69876056352692,4.69708283221344
Train,4.75522235865604,4.75526355635085
Train,4.81011527592982,4.80953288836784
Train,4.8637446498106,4.86402127746422
Train,4.91603558359532,4.91524395768487
Train,4.96692281636916,4.96671146797367
Train,5.01668570127464,5.0161698097528
Train,3.80580373453581,3.804640856917
Train,3.88786162856758,3.88810809257567
Train,3.96716955468882,3.96703632696193
Train,4.04421005131988,4.04326663653234
Train,4.11891007174364,4.11887587007454
Train,4.19121132764483,4.19085380789847
Train,4.26154415830862,4.26136632945725
Train,4.32983334757356,4.32975920519535
Train,4.39601706843497,4.39584532100731
Train,4.46048160205608,4.46052332384969
Train,4.52315118130179,4.52331533137611
Train,4.5840997450206,4.58415695908012
Train,4.6432633676977,4.64305309374235
Train,4.7009795145738,4.70091340487695
Train,4.75717333648196,4.75732587970273
Train,4.81178066296121,4.81177975409451
Train,4.86510827234475,4.8650063961406
Train,4.91708280168147,4.91721060349069
Train,4.96764059775644,4.96718050716584
Train,5.01706182334771,5.01689349208158
Train,-0.289166347486342,-0.288418216026953
Train,-0.038635989254015,-0.0388827384912972
Train,0.198987934421492,0.199340692341717
Train,0.423730775442445,0.423643098969852
Train,0.637059907039239,0.63753647518439
Train,0.840250342291749,0.839995012878496
Train,1.03319354113932,1.03320726210133
Train,1.21703207455347,1.21722770833501
Train,1.39276554449284,1.39272766411623
Train,1.56021030850831,1.56032894885207
Train,1.72027629928379,1.72022287094531
Train,1.87344074150816,1.87378271071081
Train,2.020450721041,2.02054484920297
Train,2.16107407838061,2.16091727099773
Train,2.29600276321256,2.29552182927195
Train,2.42585011658558,2.4263620728672
Train,2.55036964780297,2.55029925365064
Train,2.67013560427102,2.66964577911726
Train,2.78565940191339,2.78570593083993
Train,2.89669098080092,2.89749437366633
Train,1.46654665383069,1.46628569094892
Train,1.60487607548111,1.60525724476322
Train,1.73837542115043,1.73843336835786
Train,1.86729332905194,1.86715210480575
Train,1.99186165972811,1.99178280512485
Train,2.11264317866532,2.11301624021063
Train,2.22913643824374,2.22913017144219
Train,2.34188882264016,2.34173138459002
Train,2.45107767694597,2.45120137656303
Train,2.55686931068677,2.55718243017698
Train,2.65941984305435,2.65937834856033
Train,2.75887597162545,2.75894814455974
Train,2.85537567252784,2.85532466055733
Train,2.94904883908154,2.94921263491123
Train,3.04001786513155,3.04008300604145
Train,3.12865291298487,3.12869527535957
Train,3.21454636739516,3.21442818099789
Train,3.29806327362749,3.29810473606889
Train,3.37930091927607,3.37943580020585
Train,3.45835135326626,3.45843101125431
Train,1.26401216555,1.26463970395994
Train,1.40422897999426,1.40457110077749
Train,1.5397028599546,1.53997375984792
Train,1.67067045279697,1.67128496796695
Train,1.79735292016857,1.79852326650761
Train,1.92030988935585,1.92095305943481
Train,2.03901867514578,2.03910530463502
Train,2.15402530432285,2.15424462563826
Train,2.2655003058233,2.26649562276552
Train,2.37360389374036,2.3738171674234
Train,2.47848673560325,2.47907821945284
Train,2.58029065299588,2.5807103831051
Train,2.67914926136628,2.68009070051353
Train,2.77518855509646,2.77514911464435
Train,2.86852744321989,2.86922258934242
Train,2.95953990433454,2.95981441549264
Train,3.04780167532275,3.04779623114526
Train,3.13368225524882,3.13395095990329
Train,3.21727672383665,3.21791843950582
Train,3.29867516532052,3.29927787974186
Train,3.87900242188409,3.87911324559033
Train,3.93759949513966,3.93741548231052
Train,3.99495743347672,3.99418037801503
Train,4.05142191865217,4.05152889724638
Train,4.10686211753859,4.10639187594468
Train,4.16130565099826,4.16027194758919
Train,4.21463355556371,4.21392331458689
Train,4.26716528716114,4.26753888955446
Train,4.31877741502651,4.31915450713507
Train,4.3694938770694,4.36859761043
Train,4.41920202843064,4.41903697234833
Train,4.4681980188624,4.46790709603237
Train,4.51636529558682,4.51622757755403
Train,4.56372470746795,4.56421341700033
Train,4.61016952671442,4.60936571355879
Train,4.65597509431825,4.65270775572168
Train,4.7010312444799,4.70095421819116
Train,4.74535621961414,4.74469518946718
Train,4.78884882483664,4.78910041682395
Train,4.83176574170551,4.83090904014491
Train,3.78704646554857,3.78594828158854
Train,3.86521842768102,3.86503713918919
Train,3.94153198296837,3.94178161958826
Train,4.01605262366938,4.01603075663347
Train,4.0888428004159,4.08926189338772
Train,4.15996209676235,4.15978450564047
Train,4.22946739185135,4.22962294811274
Train,4.2974130121289,4.29771058436879
Train,4.36385087295954,4.36385403801163
Train,4.42883061091743,4.42869564095705
Train,4.49226563380934,4.49255875332736
Train,4.55447239490796,4.55478501830433
Train,4.61535737682637,4.61501848083119
Train,4.67496226475994,4.67537142087439
Train,4.73332700929397,4.7336396992739
Train,4.79048991570074,4.79027492705418
Train,4.84648772777645,4.84651576262514
Train,4.90135570660357,4.90160317353817
Train,4.95512770459337,4.95457073421557
Train,5.00783623513536,5.00770876578274
Train,3.12613944878982,3.12659995212929
Train,3.26158071985582,3.26139305723103
Train,3.3917613131307,3.39264099174243
Train,3.51661005857919,3.51682483406255
Train,3.63680473185573,3.63776038240131
Train,3.7522567061369,3.75297765430038
Train,3.86357192718626,3.86534696222645
Train,3.97064944621926,3.97257089065013
Train,4.07403405143818,4.07534328905251
Train,4.17361633549054,4.17602582429282
Train,4.2698886334348,4.27208213251398
Train,4.36273599565,4.36576691938822
Train,4.45260546455716,4.45470280785869
Train,4.53937875372946,4.54221547145202
Train,4.62346355046167,4.62600402577633
Train,4.70473989989033,4.70631509642327
Train,4.78358109418154,4.7839164384256
Train,4.85986677020062,4.86086626195251
Train,4.93393999711208,4.93423099749889
Train,5.00568095185321,5.00556314445437
Train,2.87421438121072,2.87412557061818
Train,3.04263861807118,3.0436748478709
Train,3.20199389016095,3.20192333039884
Train,3.35299348434731,3.35318988049745
Train,3.49627779711737,3.49621377058984
Train,3.63263018748448,3.63212670229789
Train,3.7621477064373,3.76243189175077
Train,3.88551887791609,3.88571476420578
Train,4.0031710801912,4.00333214305263
Train,4.11549296618303,4.11552585487651
Train,4.22283875250148,4.22316981434025
Train,4.32553195079798,4.32555213880497
Train,4.42386862423514,4.42415410154542
Train,4.51812023811989,4.51816090373938
Train,4.60853616250618,4.60878737383643
Train,4.69547839229914,4.69647073769956
Train,4.77888829283891,4.77883636255246
Train,4.85909910884228,4.85914515170146
Train,4.9362914227516,4.93644603023535
Train,5.01063247662664,5.01053594103182
Train,2.12884689355539,2.12907194960322
Train,2.36615130434783,2.36588039559713
Train,2.58919757435144,2.58901677622187
Train,2.79874171741578,2.79664296377234
Train,2.99643653980588,2.99555066027677
Train,3.18282153138155,3.18239078232653
Train,3.35925392062249,3.35843223752878
Train,3.52611746281569,3.52562491143936
Train,3.68435589729504,3.68273960452038
Train,3.83479802059246,3.83357084845935
Train,3.97766925495038,3.97706247536
Train,4.11384744793386,4.11314349215139
Train,4.24348609288458,4.24292825804606
Train,4.36719093030841,4.36679363644594
Train,4.48549976718799,4.48497888260128
Train,4.59849094691884,4.59786336668009
Train,4.70677052103431,4.7062071690322
Train,4.81038194189409,4.80988521940433
Train,4.90985556970815,4.90969723951103
Train,5.00520853998989,5.00439849072338
Train,2.12168894142507,2.12130548073707
Train,2.35903646406905,2.35881080666126
Train,2.58169705379614,2.58078248035019
Train,2.79149847291344,2.78999964343385
Train,2.98928432976782,2.98849613800611
Train,3.17605810615937,3.17267246157933
Train,3.3525010564956,3.35152018119673
Train,3.51985170461805,3.51918387076308
Train,3.67860271010408,3.6774309564125
Train,3.82940033264978,3.82882317673526
Train,3.97265383774693,3.97182865844253
Train,4.10924651280638,4.10841505097299
Train,4.23947406938949,4.2378582057893
Train,4.3637712919567,4.3625476106454
Train,4.48238999665366,4.48200744956107
Train,4.59598646652545,4.59574392333908
Train,4.70474058418434,4.70446407044471
Train,4.80895551525773,4.80811595295786
Train,4.90878800418509,4.90870969836948
Train,5.00474220750618,5.00379142761404
Train,2.12326987459695,2.12407484824154
Train,2.35046379035817,2.35058393370432
Train,2.56518125285028,2.56610295075995
Train,2.76882941117277,2.76860692154298
Train,2.96204914607699,2.96226817674629
Train,3.14543771658306,3.14536828714178
Train,3.32007644790049,3.32065725767501
Train,3.48640999199256,3.48657986779392
Train,3.64485797321563,3.64511194701589
Train,3.79627180097835,3.79640718308957
Train,3.94096423757318,3.94102326187367
Train,4.07937311764745,4.07953012710662
Train,4.21176588146603,4.21177908483161
Train,4.33878163210758,4.33892216783089
Train,4.46061869799635,4.46063156102793
Train,4.57746977514261,4.57754960976529
Train,4.68986088903145,4.68984014592065
Train,4.79793360765224,4.79809083920433
Train,4.90182736363478,4.90193907955369
Train,5.00198165120171,5.00195757457461
Train,2.13145586051408,2.13098848804557
Train,2.34790586645907,2.35121263313594
Train,2.55420283454264,2.55463727686042
Train,2.75104476816105,2.75113638980211
Train,2.9388644598026,2.94208519063048
Train,3.11865577712709,3.12043902139516
Train,3.29073674887468,3.290311643786
Train,3.45559295003958,3.45609434865934
Train,3.61367002049273,3.61379747156973
Train,3.76537768774906,3.7661698812741
Train,3.91093582569427,3.91047455316699
Train,4.05101357899951,4.05006808983704
Train,4.18576875207896,4.18570684031936
Train,4.31549905458074,4.31522910665822
Train,4.44048040000646,4.44015786606879
Train,4.56096886455336,4.56108749579671
Train,4.67707654705726,4.67681062889425
Train,4.78928103420043,4.78869659533428
Train,4.89765824893007,4.89754813734666
Train,5.00240072877263,5.00177700539605
Train,2.11609585494351,2.11789494048057
Train,2.35799736935475,2.35818004554974
Train,2.58453388305162,2.58490426092864
Train,2.79712425641571,2.79767420254914
Train,2.99701786962423,2.99816355584705
Train,3.18531919401391,3.18469872920586
Train,3.36300820905686,3.3630570647415
Train,3.53095746195695,3.53180012547794
Train,3.6899463967891,3.69067973473353
Train,3.84067344979145,3.84046208741193
Train,3.98360580835531,3.98462139538016
Train,4.11963797271371,4.11991961728928
Train,4.24911218798108,4.24980014628838
Train,4.37249151866849,4.37309031252986
Train,4.49019643512087,4.49096388042639
Train,4.60260960086398,4.6032201050379
Train,4.7100800284612,4.71085414401997
Train,4.81292669897145,4.81345927817944
Train,4.91144172407944,4.91159779166413
Train,5.00589311692319,5.00588787080219
Train,3.83902217308907,3.83824658857899
Train,3.91331960759849,3.91327975240295
Train,3.98596978649989,3.98582060341397
Train,4.05667613975288,4.05576195038708
Train,4.12585677430994,4.12589065875941
Train,4.19322625011142,4.19301117870716
Train,4.2591800775171,4.25866779379085
Train,4.32344344091015,4.32301171102175
Train,4.38639107183842,4.38624953933355
Train,4.44775828960431,4.4471105073725
Train,4.50790067311738,4.50751029131801
Train,4.56656320519221,4.56628549995241
Train,4.62408377132825,4.62319417508193
Train,4.68021656581554,4.67988875768009
Train,4.73528309397901,4.7351388884049
Train,4.78904632954425,4.7887255754984
Train,4.84181258278146,4.84109978793776
Train,4.89335319497542,4.89239062107101
Train,4.94396035365885,4.94326092333051
Train,4.99341337579618,4.99246620397429
Train,2.12932433413457,2.1278341150461
Train,2.36688147086949,2.36636801799939
Train,2.58984757480893,2.58837250877578
Train,2.79952688894545,2.79654628743359
Train,2.99707271127515,2.99672781459751
Train,3.18330224037153,3.18273741366537
Train,3.35955095901933,3.35925824347605
Train,3.52641499522416,3.52506942471921
Train,3.6846244673844,3.68403008359349
Train,3.83483567173847,3.83449303283882
Train,3.97764018252018,3.97685139360446
Train,4.11357263835793,4.11235731148347
Train,4.24311743099134,4.24194013857072
Train,4.36671447269685,4.36541536438556
Train,4.48476418714616,4.48220691402446
Train,4.59750611052085,4.59703574352796
Train,4.70553093946844,4.70458587958522
Train,4.80901307310064,4.8086146873846
Train,4.90823315687631,4.90749238513112
Train,5.0034491851954,5.00270789700519
Train,2.12495028001534,2.12577812505909
Train,2.36374329707051,2.36369172659187
Train,2.58770839833069,2.587792482708
Train,2.79818510973865,2.79908458339688
Train,2.99657923720489,2.99626608404281
Train,3.18348098598039,3.18326100918489
Train,3.36005944702231,3.35927811855299
Train,3.52714692575984,3.52575639956201
Train,3.68548859742229,3.68571703647194
Train,3.83575361782611,3.83387655211513
Train,3.97870591550919,3.97829651312867
Train,4.11455917615633,4.11429999604165
Train,4.24397555506753,4.24355901881209
Train,4.36740194524148,4.36692984161339
Train,4.48524480683546,4.48493046824533
Train,4.59787463874721,4.59558702108345
Train,4.70575202577669,4.70468773106847
Train,4.80893729039859,4.80837315777803
Train,4.9078420789771,4.90744172057472
Train,5.00272733223452,5.00167412886928
Train,3.80651519897803,3.80530667588909
Train,3.88807078252951,3.88813956495855
Train,3.96713069035404,3.96674101037892
Train,4.04364321071277,4.04324871405081
Train,4.11804840206236,4.1174124460595
Train,4.19027658152484,4.19006301665915
Train,4.26042191684389,4.25982536804353
Train,4.32857322192667,4.32792232083164
Train,4.39467203400802,4.39375137174587
Train,4.45908605583843,4.4582841830592
Train,4.52174380642785,4.52091011431578
Train,4.58271614777852,4.58265068758461
Train,4.6419425810658,4.64147503939245
Train,4.69974521040031,4.6995527722918
Train,4.75605328519805,4.75598432417392
Train,4.81092403082604,4.81070873178084
Train,4.86441178798037,4.86385932860223
Train,4.91645597281461,4.91592367812015
Train,4.96733286268282,4.96666127752602
Train,5.01697410883087,5.01658230100754
Train,3.80728206211371,3.80801402450323
Train,3.88842073279314,3.88829631333904
Train,3.96712075845751,3.96768973257762
Train,4.04349045262832,4.04337033637841
Train,4.11778959936226,4.11854891258561
Train,4.18979423712496,4.18980253154819
Train,4.25975752844971,4.2603018214551
Train,4.32776506890379,4.32789630960475
Train,4.39389773454921,4.3939625259646
Train,4.45823200279573,4.45902737393081
Train,4.52097365260648,4.52107646337923
Train,4.58192090706111,4.58219364747344
Train,4.64127577629868,4.64154372179528
Train,4.69909986258143,4.69968428593724
Train,4.75545163113625,4.75579628419114
Train,4.81038660733243,4.81102242024437
Train,4.86407182365417,4.86419932323475
Train,4.91632614568077,4.91670440240206
Train,4.96731447182039,4.9675831574668
Train,5.01708225944127,5.01696726958524
Train,2.122132055305,2.1250196730291
Train,2.36916131608526,2.37029669142449
Train,2.59930353707909,2.60089836739322
Train,2.81472191749938,2.81654522425318
Train,3.01632638848282,3.01838836452941
Train,3.20583532514127,3.20817112854956
Train,3.38389914390656,3.3852938450379
Train,3.55190698314483,3.55314642708931
Train,3.71050605209104,3.7117605822817
Train,3.86029396742171,3.86134443573731
Train,4.00230941877655,4.00294735654595
Train,4.13683382320392,4.1379906657864
Train,4.2647370996202,4.2652327049755
Train,4.38635685171037,4.38718806946489
Train,4.50201236869135,4.50230341094395
Train,4.61238469461506,4.61266083469901
Train,4.71758596168047,4.71764834055382
Train,4.81820196999331,4.8183735311823
Train,4.91430499582718,4.91433233835985
Train,5.00640340298282,5.00622491495196
Train,2.12283645584247,2.12328126090495
Train,2.36007090439505,2.36003205330429
Train,2.58286729539039,2.58256477866203
Train,2.79225542179532,2.79159454649882
Train,2.98988040521396,2.98879039252464
Train,3.17648371349875,3.1755545734651
Train,3.35296236216991,3.35265407232693
Train,3.52011859778538,3.51929023513827
Train,3.67848277949649,3.6786863925988
Train,3.82909036340494,3.82853664556185
Train,3.97232605035136,3.97193719689823
Train,4.10871816641636,4.10828233510093
Train,4.23859009636088,4.23876583036036
Train,4.36269545702973,4.36282361685065
Train,4.48126764986463,4.48157603518925
Train,4.59466864550904,4.59476857882427
Train,4.70322951570088,4.70325782968797
Train,4.80712884133085,4.80622618703118
Train,4.90689988168367,4.90669827505292
Train,5.00266867204802,5.00225460134414
Train,3.4258078853734,3.42412796831515
Train,3.46669307564727,3.46706555753346
Train,3.50726152086697,3.50742050016951
Train,3.54715024630265,3.54529067345025
Train,3.58655544907872,3.58688033995436
Train,3.62566418507938,3.62596483372942
Train,3.66412622032491,3.66332889652647
Train,3.70230445245403,3.70323405025458
Train,3.73985678163678,3.73963145928953
Train,3.77696732230424,3.77781398000725
Train,3.8138118482927,3.81399288530852
Train,3.85005993548612,3.84873868334279
Train,3.8858889841592,3.88548056452147
Train,3.92146848965713,3.92049483304245
Train,3.95647912068525,3.95710223750322
Train,3.99125052323192,3.99186798462565
Train,4.02547046154487,4.02513344360176
Train,4.0593059390152,4.05889103637529
Train,4.09291671518999,4.09235340294821
Train,4.12600075798107,4.12521274291646
Train,3.80635286570417,3.80588931723676
Train,3.88803823971042,3.88865913238182
Train,3.96720059662091,3.96709202308322
Train,4.04411655704676,4.04443188131322
Train,4.11856652379885,4.11844878964456
Train,4.19081884417673,4.19135353212298
Train,4.26096940951611,4.26079873247276
Train,4.32910861234492,4.32914574179161
Train,4.39546121217612,4.39568131960444
Train,4.45982492227979,4.46001545909389
Train,4.52241933920705,4.52250397954012
Train,4.58331642795063,4.58313111340265
Train,4.64270924600566,4.64285410679092
Train,4.70040914821605,4.70069319507678
Train,4.75660563733541,4.75686374061163
Train,4.81135671649584,4.81182559694941
Train,4.8647174429583,4.86459154014283
Train,4.91684987569653,4.91697583535931
Train,4.96758149327971,4.96716387868141
Train,5.01707213255279,5.01729557069489
Train,2.11989751072107,2.12098228761227
Train,2.35242041142136,2.3528241832972
Train,2.57161454849247,2.57180968952388
Train,2.77837437334599,2.77891425842585
Train,2.97414429498144,2.97442729188951
Train,3.15958043294359,3.16022680342183
Train,3.33547995637601,3.33582682358879
Train,3.50256009628174,3.50294568445726
Train,3.6612986784715,3.6621761238652
Train,3.81262745048163,3.81366013051961
Train,3.95689932860896,3.958295879628
Train,4.09459669028098,4.09580134027961
Train,4.2260184974925,4.22686735648561
Train,4.3518527570029,4.35248178585863
Train,4.47231947569886,4.47647014317005
Train,4.58775491567232,4.58860314690446
Train,4.69846782566558,4.69905954764401
Train,4.80462850173758,4.80494985466114
Train,4.90673043199547,4.90678864467814
Train,5.00489673882123,5.00501916799927
Train,2.12610031651882,2.12749284902514
Train,2.35566929304389,2.35639889669339
Train,2.57269921923504,2.57265640481221
Train,2.77774545185462,2.77804082405999
Train,2.97219472666659,2.9724456719857
Train,3.1564477024956,3.15700692845622
Train,3.33166562328908,3.33218839646869
Train,3.4981351671716,3.49838033188914
Train,3.65666761488349,3.65706564794568
Train,3.80798179269646,3.80855292922897
Train,3.95224548285089,3.95355455840163
Train,4.09024016583838,4.09090441002796
Train,4.22207832124006,4.22235319088932
Train,4.34830030118167,4.34886863854414
Train,4.46938937073266,4.47004614764152
Train,4.58539909567401,4.58660689485931
Train,4.69688536710317,4.69761487507068
Train,4.80387390334524,4.80419618657564
Train,4.90685601471269,4.90685029048611
Train,5.00583615499794,5.0057167241624
Train,3.12498922093813,3.12637496822088
Train,3.25775809046625,3.2581634799137
Train,3.38561382311721,3.38753926336538
Train,3.5088241819059,3.50963334946079
Train,3.62763781977791,3.62837147909104
Train,3.74213332437832,3.74307236372206
Train,3.85283645428167,3.85525291537688
Train,3.95978980346664,3.96086438369353
Train,4.06318072007727,4.06513632819015
Train,4.163184276214,4.16610314138552
Train,4.2599642572173,4.262996424926
Train,4.35367405680106,4.35687084508928
Train,4.44445748832653,4.44734725435623
Train,4.53244952124125,4.53535842188354
Train,4.61777695061478,4.61954571561276
Train,4.70044850677974,4.70227143645607
Train,4.7808006351125,4.78184507397658
Train,4.8588251926334,4.86002856873419
Train,4.93462187004641,4.93511489622142
Train,5.00828474513783,5.0084452743463
Train,4.42390794963588,4.42311697900347
Train,4.46697631783282,4.46549282097461
Train,4.50925459024382,4.50824470157098
Train,4.55076431089625,4.55041149169145
Train,4.59152624760039,4.59153010092791
Train,4.63143643314661,4.63130875471621
Train,4.67076435640498,4.67007068289269
Train,4.70940242199662,4.70929510149952
Train,4.74736862347034,4.74615727237554
Train,4.78468033400134,4.78350000395609
Train,4.82135433289893,4.82107339420174
Train,4.85740683076662,4.85694971910931
Train,4.89285349339383,4.89242255819712
Train,4.9277094644531,4.92745971040294
Train,4.96198938707212,4.96129181043266
Train,4.99560291635719,4.99549211954452
Train,5.02877446304548,5.02846301344839
Train,5.06141104680405,5.06101087984187
Train,5.09352550526689,5.09348137486483
Train,5.12513026857055,5.12461871831142
Train,3.88016110686573,3.87935347088545
Train,3.95536563569093,3.95538365962795
Train,4.02833756226135,4.02813292489367
Train,4.09917485156568,4.09970479731537
Train,4.16781139556268,4.16729112347453
Train,4.23465558184553,4.23427976148019
Train,4.29962651764113,4.29982769356302
Train,4.36280185916166,4.36263761780604
Train,4.42425502877288,4.42448039675286
Train,4.48405549965283,4.48394066223501
Train,4.54213484531608,4.54192841031931
Train,4.59882732288789,4.59871491056832
Train,4.65405421051519,4.65426426426409
Train,4.70787161469405,4.70751644832219
Train,4.76033281414033,4.76045392473936
Train,4.81148843572382,4.81150438655465
Train,4.86127146244878,4.86104858642306
Train,4.90996078374859,4.909996594415
Train,4.95748196854741,4.95757014861139
Train,5.00387655679908,5.00363337984651
Train,2.12769317906464,2.12655860533455
Train,2.36390161415898,2.3634857419217
Train,2.58562185762895,2.58497911538822
Train,2.79464475158075,2.794043915832
Train,2.99179519351995,2.99142422938421
Train,3.17805677825856,3.17693649802504
Train,3.35409691643887,3.35410153681102
Train,3.52113335560815,3.52015881668816
Train,3.67964974095875,3.67942772874314
Train,3.83028173636688,3.82957427332122
Train,3.97343171348775,3.97292380856295
Train,4.10997046470525,4.10949862312102
Train,4.24018928780956,4.23928898049519
Train,4.36451705028823,4.36422272296337
Train,4.4832020946795,4.48268690536879
Train,4.59689276717836,4.59625918784663
Train,4.70576682712876,4.70508898165624
Train,4.81012401562257,4.81025353907194
Train,4.9101193604267,4.90936490434728
Train,5.0062517405904,5.00550579993694
Train,2.12650841334914,2.12723548206275
Train,2.36434938779084,2.36515016932881
Train,2.58759476286287,2.58713693840977
Train,2.79733935638551,2.79822298334932
Train,2.99516529710068,2.99514729504946
Train,3.18187422137519,3.18161870946682
Train,3.35837761522866,3.35887695477725
Train,3.52548997165255,3.52581223736327
Train,3.68378321289555,3.68407839589521
Train,3.83423782109083,3.83352906627665
Train,3.97727881422506,3.97632441949022
Train,4.11344097288535,4.11350366000191
Train,4.243079010143,4.24343885140058
Train,4.36689858265792,4.36596067149357
Train,4.48516417688475,4.48503500977725
Train,4.59824128467914,4.5978447184944
Train,4.70646401692559,4.70605248935606
Train,4.81003440688476,4.80988358426891
Train,4.90944551216138,4.90930290899554
Train,5.00484702838629,5.00409295280151
Train,2.13783291267389,2.13777055610154
Train,2.37395814931301,2.37349297291216
Train,2.5960497672077,2.59604648107267
Train,2.80488507339801,2.80497021441151
Train,3.00182261398242,3.00133742470255
Train,3.1880461009014,3.18720797311487
Train,3.36403695641809,3.36391367971416
Train,3.53096607137094,3.53045433397409
Train,3.6891828863548,3.68868110550423
Train,3.83950998918753,3.83957782310315
Train,3.9826736898442,3.9829146957819
Train,4.11888698121908,4.11869645862946
Train,4.24878067232548,4.24873934961422
Train,4.37291532114759,4.37138466352173
Train,4.49141543921868,4.49261234424965
Train,4.60489522090665,4.60536094095282
Train,4.71343769892355,4.7137955199681
Train,4.81746794767962,4.81798470854687
Train,4.91736706323598,4.91707680986509
Train,5.01317359845264,5.01227205925018
Train,2.12973519737458,2.13095234793562
Train,2.34693223809566,2.34830501737476
Train,2.5537827245844,2.55409228134193
Train,2.75100877109727,2.75195078773928
Train,2.93926682188742,2.93981840468217
Train,3.11894251808914,3.11914126541834
Train,3.29101591273333,3.29136736936035
Train,3.45576441896453,3.45642159765134
Train,3.61364600247671,3.6138431271392
Train,3.76508123119673,3.76504755439829
Train,3.91045701631707,3.91103122058953
Train,4.05012991306222,4.05030532070148
Train,4.18442904047433,4.1848759971349
Train,4.31365867055238,4.31415769962194
Train,4.43810052961983,4.43803815990677
Train,4.55787365416001,4.55844333870479
Train,4.67351003348212,4.67392578672478
Train,4.78508771463573,4.78518621380072
Train,4.89281669543899,4.89261520805443
Train,4.99689273222612,4.99690155658415
Train,2.12944251813937,2.13032578459191
Train,2.36258742963163,2.36302295905012
Train,2.58217601405236,2.58318120279315
Train,2.78935722718863,2.79016675167802
Train,2.98494380580783,2.9849876729621
Train,3.17028002028445,3.17144930074071
Train,3.34596214273818,3.34652658659016
Train,3.51272534272185,3.51258486171867
Train,3.67123199237962,3.67177318255422
Train,3.82208045938805,3.82179145758809
Train,3.96565791946239,3.96633325964612
Train,4.10277285462389,4.10274098028328
Train,4.23371064372566,4.23357522057015
Train,4.35887951977772,4.35882653976848
Train,4.47865251894029,4.47930154005486
Train,4.59337119372083,4.59348479139541
Train,4.70323011432451,4.70358890711705
Train,4.80875949195975,4.80908266263952
Train,4.91010062783055,4.910278340192
Train,5.00749800435924,5.00758061654364
Train,2.13127603328011,2.13104660544323
Train,2.36007196669116,2.35945142294701
Train,2.57639609124244,2.5753936595991
Train,2.7807862072374,2.78015424132502
Train,2.97441846338933,2.97365515006658
Train,3.15812042375489,3.1570355708917
Train,3.3328313478764,3.33101158415644
Train,3.49882509191766,3.49778781918403
Train,3.65691426441176,3.65577519981358
Train,3.80765035442331,3.80708453860676
Train,3.95169541278685,3.95056173283493
Train,4.08917776891722,4.08817474334827
Train,4.22068270555645,4.21980788632936
Train,4.34659175548018,4.34585702886672
Train,4.46738968179708,4.4665699634418
Train,4.58312216995324,4.58210834007745
Train,4.69422551729655,4.69334269299342
Train,4.80097201707506,4.80029890738396
Train,4.90372806329322,4.90322430858768
Train,5.00249164357716,5.00193604754322
Train,3.74212698727728,3.74149447474792
Train,3.82795253145181,3.82693278722286
Train,3.91111746774402,3.91157838900576
Train,3.99174362677898,3.99137238197031
Train,4.06980286768288,4.06957250095099
Train,4.14569239525475,4.14487383275027
Train,4.21936661936617,4.21927146985059
Train,4.29092114552115,4.29028458419827
Train,4.36044615586632,4.36058982555389
Train,4.42802678837315,4.42733624151688
Train,4.49362346226042,4.49353415895999
Train,4.55755553008452,4.55736210324691
Train,4.61977157804481,4.61987399843366
Train,4.68033978149179,4.67892876664461
Train,4.73932475161255,4.73922058525129
Train,4.79678776534111,4.79652208911017
Train,4.85268459388378,4.85254130377263
Train,4.90727779343434,4.90700143458952
Train,4.96051481179055,4.96062810787549
Train,5.01244556349468,5.01135383869724
Train,2.06775960739239,2.07232541684603
Train,2.33537302512907,2.33770538074264
Train,2.58183561670268,2.58459130206981
Train,2.80905400802637,2.81138284275814
Train,3.01943123996932,3.02187633637382
Train,3.21477277353868,3.21632026733643
Train,3.39683788380617,3.39896860574535
Train,3.56655596424399,3.56754635748866
Train,3.72531913927744,3.72616306576977
Train,3.87415491757298,3.87638586304523
Train,4.01412292998609,4.01586581683926
Train,4.14569727085948,4.14711052040513
Train,4.26975007183713,4.27120535037453
Train,4.38690837155735,4.38815560422975
Train,4.49785604627757,4.49947329767915
Train,4.60283765460804,4.6046317817287
Train,4.7024338187161,4.70409933337333
Train,4.79704857653756,4.79746048459377
Train,4.88714803790167,4.88746743507994
Train,4.97285429252283,4.97300808691469
Train,2.82556355354427,2.82644900672912
Train,2.98792999332475,2.98904587038444
Train,3.14289600246491,3.14356648175106
Train,3.29095625920367,3.29236713653592
Train,3.43256231402501,3.43336005609806
Train,3.56812718943482,3.56854595678522
Train,3.69802940332793,3.698921032695
Train,3.82261649849118,3.82367938741942
Train,3.94220814754943,3.94295839576077
Train,4.05709889176424,4.05813966666951
Train,4.16769251188528,4.16868096731145
Train,4.27397143696865,4.27554658270049
Train,4.37630544764867,4.37683824920184
Train,4.47491018573962,4.47558009312939
Train,4.56998585740224,4.57046751634721
Train,4.66171858996953,4.66219438646563
Train,4.75028164812387,4.75089590841093
Train,4.83583652614616,4.83621572933076
Train,4.9185339307239,4.91856228441422
Train,4.99851466690141,4.99865205197721
Train,2.12618448920161,2.12155839288914
Train,2.36018367315486,2.35820500959863
Train,2.58041070802632,2.57668563113472
Train,2.78804668782429,2.78306819250998
Train,2.98435252379794,2.97958394942455
Train,3.16983096420754,3.16374608552231
Train,3.34554291288489,3.33801956108178
Train,3.5122399734953,3.50744304067408
Train,3.67059855665392,3.66681411059782
Train,3.82122905370021,3.81819331991504
Train,3.9648387757476,3.96031982002787
Train,4.10161128164104,4.09713347709457
Train,4.23216455446367,4.22891299460773
Train,4.35691335979793,4.35323778482715
Train,4.47623638388567,4.47253338402302
Train,4.59048007318574,4.58726693441858
Train,4.70008070678024,4.69726270490612
Train,4.80508769499449,4.80218569807702
Train,4.90589312878991,4.90433506905509
Train,5.00274423197138,5.00040048167916
Train,2.01551279585143,2.01566389931702
Train,2.29286043451065,2.29251724641859
Train,2.55001516212107,2.55070678769737
Train,2.78910480283114,2.7891973677579
Train,3.01217090119193,3.01286963150197
Train,3.22039290160047,3.2205974623361
Train,3.41538216713398,3.41518443377155
Train,3.59836128159368,3.59875088914619
Train,3.77040672102396,3.77082514578423
Train,3.93247004672183,3.93194455791658
Train,4.08553531602062,4.08621176640266
Train,4.23006702167173,4.22990944028937
Train,4.36688454474247,4.36677937948786
Train,4.49658943279684,4.49674551037739
Train,4.61972227348993,4.6198856652014
Train,4.73677022574812,4.73723988379156
Train,4.84827573278228,4.84845377275113
Train,4.95442820875158,4.95447854569187
Train,5.05569703774393,5.05564313374746
Train,5.15241165704906,5.15207693162296
Train,2.32873264544486,2.33147725469673
Train,2.38449831992033,2.38523989952068
Train,2.43938170270433,2.44449927330378
Train,2.49340356810746,2.49505043548679
Train,2.54636139325193,2.55070301431875
Train,2.59872341108727,2.60207293540779
Train,2.65028237206533,2.65281399113459
Train,2.70105660987561,2.70285364781494
Train,2.75106390434794,2.75196572225692
Train,2.80032150221081,2.80023110419198
Train,2.84864290857491,2.84865606278828
Train,2.89645380998679,2.90011306773031
Train,2.94356368479989,2.94488776570073
Train,2.98998783898982,2.99314119983403
Train,3.03574113617102,3.03929468632195
Train,3.08083801346312,3.08034208473812
Train,3.12510625537951,3.12841308618962
Train,3.16893459849484,3.17075441698638
Train,3.21214736769743,3.21260539186263
Train,3.25475744125418,3.2610071772512
Train,3.56004569290789,3.56079373562865
Train,3.63981717515835,3.63983848082563
Train,3.71704564595918,3.71722584915587
Train,3.79215805722753,3.79224221991457
Train,3.86509031487225,3.86522951349565
Train,3.93579079456096,3.93596408036927
Train,4.00464221717891,4.00477514298625
Train,4.07144130508955,4.0716471599281
Train,4.13654506296769,4.1366851682585
Train,4.19988691351634,4.19998090285015
Train,4.26141096190037,4.2614717213694
Train,4.32144029626708,4.32158012813254
Train,4.3799083869084,4.38033890163396
Train,4.4367584420021,4.43691529580635
Train,4.49228431814828,4.49227263941187
Train,4.54630912005329,4.54672174475342
Train,4.59910940874723,4.59908982916052
Train,4.6506202378172,4.65080935168423
Train,4.7007850239268,4.70096828646907
Train,4.74985715319459,4.74998826400895
Train,2.2572648626249,2.25842682922372
Train,2.34607341327384,2.34587187207102
Train,2.43309478178628,2.43325360966408
Train,2.51785910581673,2.51790652141238
Train,2.60096223625691,2.60070239641826
Train,2.68195242850527,2.68191621740795
Train,2.76139612129789,2.76214873120564
Train,2.8388587499106,2.83835918686472
Train,2.91464596919438,2.91456762279172
Train,2.98904011874727,2.9894248049228
Train,3.06163075024979,3.06188017553386
Train,3.13291980817609,3.13293041021449
Train,3.20251191030356,3.20220928512639
Train,3.27067613539832,3.27129766840907
Train,3.33766190039194,3.33710991133957
Train,3.40309500042276,3.40320091697757
Train,3.46742347237164,3.46706572870622
Train,3.53028636105219,3.53075041746906
Train,3.59211258131978,3.59263181157529
Train,3.65255377507985,3.65218660292657
Train,2.12990039761091,2.13003177989619
Train,2.35479666087574,2.35454134594128
Train,2.56764181330797,2.56806372688498
Train,2.76978336194458,2.76946665871706
Train,2.96181638017785,2.96204759755448
Train,3.14429765023518,3.14462170472191
Train,3.31827101272817,3.31793002089019
Train,3.48415131556952,3.48442435569393
Train,3.6423315689734,3.64224245924085
Train,3.79363932600679,3.79377481339216
Train,3.93836736880642,3.93821106203306
Train,4.07693574886826,4.07704814187289
Train,4.20959600713684,4.20982788661301
Train,4.3369741436038,4.33699919594676
Train,4.45925625469796,4.4592681273276
Train,4.57662389961421,4.57669785766989
Train,4.68959485291794,4.68973449693763
Train,4.7983019584441,4.79854691519503
Train,4.9028766539762,4.90276035854431
Train,5.00375340276404,5.00375962421757
Train,2.12842946653502,2.12820155650788
Train,2.35910033691548,2.3589591879705
Train,2.57687133472544,2.57667914070839
Train,2.78239793936068,2.78233914445509
Train,2.97687224821104,2.97636384897385
Train,3.16134064482579,3.16145168005167
Train,3.33621728887425,3.33610804698009
Train,3.50255292155652,3.50220890557505
Train,3.66065175353165,3.66076764892681
Train,3.81125662124315,3.81100632628393
Train,3.95502734303515,3.95500829238972
Train,4.09215241056984,4.09241096380403
Train,4.22320927731757,4.22283895551107
Train,4.34871384122617,4.34832843959197
Train,4.46877805243446,4.46866382834852
Train,4.58397180285985,4.58405801993145
Train,4.69437060253124,4.69387554584695
Train,4.80037074780407,4.80045037475768
Train,4.90232916285204,4.90263158973004
Train,5.00028173544128,4.99992326387703
Train,2.12784567274977,2.12905336351321
Train,2.35484616147948,2.35446809790146
Train,2.56933435091723,2.56939023450288
Train,2.7727449088423,2.77301483130552
Train,2.96571083793611,2.96573426008931
Train,3.14901646046436,3.14965189430022
Train,3.32318559480437,3.32312738100447
Train,3.48923491637245,3.48919061556646
Train,3.64755187676198,3.64827840299987
Train,3.79866429193418,3.7998317713133
Train,3.94290038097987,3.94248283822592
Train,4.08101095571973,4.08184968888364
Train,4.21323798880881,4.21285558460748
Train,4.3399495995671,4.34056692922274
Train,4.46135511794328,4.46096436321528
Train,4.57802802580031,4.57911945130272
Train,4.69012076815346,4.69007641244783
Train,4.7978978547793,4.79836488257239
Train,4.90149381316999,4.90135937588509
Train,5.00135907815631,5.00103674546064
Train,2.4198740384319,2.41880141329859
Train,2.50139218192443,2.50180093516663
Train,2.58136051570873,2.58167529866897
Train,2.65937707085773,2.65913916464026
Train,2.73572919864248,2.7342314790036
Train,2.8106827113128,2.81092459574345
Train,2.88385745996966,2.88385883569197
Train,2.95572391030835,2.95610837508376
Train,3.02591557102342,3.02575595548823
Train,3.09468565130097,3.09463681046749
Train,3.16226916336365,3.1613382307848
Train,3.22831884874349,3.22753624084427
Train,3.29307031720138,3.29319091286519
Train,3.35674265710888,3.356096608144
Train,3.41900646226232,3.41900035939648
Train,3.48025586699971,3.48076106450322
Train,3.54017266275737,3.53999526030092
Train,3.59896700316905,3.59936558267897
Train,3.65683488080912,3.65682140166546
Train,3.7134738918094,3.71293566132982
Train,2.42854043178117,2.42831179123586
Train,2.53900746604855,2.53911369885145
Train,2.64680584840788,2.64637948852632
Train,2.75158750287432,2.7523019322309
Train,2.85369247863248,2.85370216488291
Train,2.95343247890253,2.9528983495318
Train,3.05047765717715,3.05026641766863
Train,3.14533553120596,3.14565951285982
Train,3.23768791127301,3.23761276714949
Train,3.32782285607784,3.3284365869009
Train,3.4160054702483,3.41560094724283
Train,3.50193425021025,3.50165843271634
Train,3.58587160353833,3.58609522147748
Train,3.6680595687953,3.66723836083295
Train,3.74821236356141,3.74857059113677
Train,3.82673594672038,3.82661848526511
Train,3.9033544889321,3.90374673626733
Train,3.97829469540439,3.97793265972845
Train,4.05176640483454,4.05196437287242
Train,4.12350793647515,4.12319161056892
Train,3.74139660136355,3.74170633827141
Train,3.82753447976949,3.82827792649236
Train,3.91080843698549,3.91068038390367
Train,3.99166296106769,3.9920759288981
Train,4.07005395917321,4.06977686957234
Train,4.14594912086399,4.14621012419408
Train,4.21974341463277,4.22077953993831
Train,4.29125251104537,4.29185452902247
Train,4.36084287761804,4.3611338087842
Train,4.42846289161257,4.42864538248918
Train,4.49407113470028,4.49492817699254
Train,4.55799682903202,4.55784638018594
Train,4.62018625108409,4.62039125303417
Train,4.68059501580697,4.68133168562839
Train,4.73952057163948,4.74062626331265
Train,4.79679997804304,4.79711403659688
Train,4.85271203185112,4.85339821993108
Train,4.907201961366,4.90717466623088
Train,4.96022304544931,4.95973349999618
Train,5.01202926980227,5.01233778057606
Train,2.88911557643573,2.88970499808228
Train,3.05962748130459,3.0598284943697
Train,3.22047308152307,3.22006764244743
Train,3.3720631289335,3.37234342867808
Train,3.51554106395864,3.51515447280765
Train,3.65119283043496,3.65177616720067
Train,3.77997154483437,3.77863939324257
Train,3.90207275902964,3.90220636433608
Train,4.01830075138574,4.0180047197154
Train,4.12878494634839,4.12901506241172
Train,4.2342115099948,4.23406061584195
Train,4.33466110413301,4.33467002462721
Train,4.43072491929808,4.43074115886828
Train,4.52244744600113,4.52231891807657
Train,4.61034258453423,4.61014364988098
Train,4.69442789027478,4.69463836219447
Train,4.7751536771242,4.77532918943354
Train,4.85251740939255,4.85207791854094
Train,4.92691656631781,4.92679572492189
Train,4.99833363775753,4.99846465246666
Train,2.11698502778085,2.11651125087767
Train,2.34789472361745,2.34752613680843
Train,2.56563727722163,2.56573469203078
Train,2.77174753904404,2.77167306675129
Train,2.96671592425451,2.96637324901454
Train,3.15181768197495,3.15168992158558
Train,3.32740680896714,3.32708917179177
Train,3.4945559013555,3.49466286242546
Train,3.65351794601538,3.65317728807139
Train,3.80520503511604,3.80481954648529
Train,3.94979465214421,3.94961030003881
Train,4.08807009533258,4.08768867168979
Train,4.2201519681196,4.22000019216235
Train,4.3467189871561,4.34652386049868
Train,4.46784863765661,4.46781675229843
Train,4.58413379296975,4.58380601737883
Train,4.69561909861594,4.6953792382507
Train,4.80282626612044,4.80248675809468
Train,4.90577485144478,4.90575843170793
Train,5.00492703790887,5.00450989110153
Train,2.0285747208774,2.0295822134129
Train,2.34161043339605,2.34234782659897
Train,2.62161281605078,2.62136114867247
Train,2.87402753936587,2.87311162919717
Train,3.10230512409291,3.0998267125958
Train,3.3101459755133,3.30920750235335
Train,3.49981375741039,3.49788339802304
Train,3.67392536081534,3.67374144530276
Train,3.83401158731738,3.83354942102432
Train,3.98198565608937,3.97955593165683
Train,4.11890814455753,4.11837254422686
Train,4.2462177259299,4.24561659473511
Train,4.36466349270322,4.36303075210369
Train,4.47535367181874,4.47406615355414
Train,4.57882541247595,4.57761780904071
Train,4.67595040343839,4.67554358869308
Train,4.76711825971212,4.76675815769178
Train,4.85302723982855,4.85165432688964
Train,4.93396224152703,4.93347655295132
Train,5.01049165501075,5.00884796650491
Train,3.83998478964401,3.83921182550072
Train,3.91735431805658,3.91762736363056
Train,3.99249765536527,3.99160652032812
Train,4.06565404850459,4.06442305036232
Train,4.13661985190469,4.13689154751975
Train,4.20562825988225,4.20536294026132
Train,4.27275915477953,4.27178411711105
Train,4.338088130555,4.33769899522691
Train,4.40181279025241,4.40200084466519
Train,4.46374568120263,4.46313831115247
Train,4.52408056070796,4.52437077946012
Train,4.58287848958547,4.5826108568926
Train,4.64031110479769,4.64082624503972
Train,4.69620341304164,4.69565399400313
Train,4.75072437417168,4.75059296426206
Train,4.80392384661809,4.80426032369576
Train,4.85584930079682,4.85562448257228
Train,4.90664655398535,4.90600916909182
Train,4.95615518841342,4.95602042136061
Train,5.00451933239256,5.00425784092807
Train,3.8413016720303,3.84166458564855
Train,3.91877116735842,3.91844482590812
Train,3.99385238120107,3.99364047981976
Train,4.06693453708367,4.06737649604268
Train,4.13795952610887,4.1378594616482
Train,4.20688026002873,4.20695376229738
Train,4.27404679753858,4.27427669565213
Train,4.33939923224341,4.33952067819338
Train,4.40288773185486,4.40278033182865
Train,4.4648288925544,4.46438409743582
Train,4.52516218105871,4.52565110748527
Train,4.58394940107347,4.58364797731015
Train,4.64113894360831,4.64112216221082
Train,4.69700986172568,4.69699865126902
Train,4.75150202410989,4.75129561486715
Train,4.80456347262778,4.80440987501171
Train,4.85644938898578,4.85669238461352
Train,4.90710056535766,4.90674927961743
Train,4.95646527679404,4.95644964621116
Train,5.004777820559,5.00430792298244
Train,2.53021971250433,2.532172882356
Train,2.76895151406682,2.76993064726981
Train,2.98635448432316,2.98708693401479
Train,3.18553741246981,3.18658173825991
Train,3.36852679966304,3.36941312783365
Train,3.53706183927051,3.53840551942842
Train,3.69308345281889,3.69385425024469
Train,3.83766253096543,3.83816439351673
Train,3.97226711670387,3.97353838803884
Train,4.09777628737314,4.09908574923414
Train,4.21497087460185,4.21556676104625
Train,4.32485850597542,4.32520716377198
Train,4.42800401903014,4.42852408669091
Train,4.52491743115182,4.52534990547817
Train,4.61632041254969,4.61697577560738
Train,4.70250591207801,4.70250887779492
Train,4.78406325604814,4.78403681884407
Train,4.86128191328156,4.86142141090245
Train,4.93442940909931,4.93412471223144
Train,5.00395183231247,5.00380116987822
Train,2.1256789941219,2.12604179466107
Train,2.34147672774837,2.3416922646728
Train,2.54717971470107,2.54746330105642
Train,2.74388678450879,2.74438738646304
Train,2.93198044309296,2.93260731865228
Train,3.11201431559259,3.11247484833341
Train,3.28431688145789,3.28474226308356
Train,3.44971829454415,3.45021203631489
Train,3.60846017031838,3.60916046743773
Train,3.76093676996648,3.76160146083982
Train,3.90735972793643,3.90787610813237
Train,4.04837509909494,4.04908018455741
Train,4.18413580889384,4.18465325942201
Train,4.31493019219789,4.31536050665347
Train,4.44089482707496,4.44126179635929
Train,4.56254510741394,4.56303585937867
Train,4.67997665125368,4.68024139922937
Train,4.79340517192868,4.79385680766545
Train,4.90291785763055,4.90327581833638
Train,5.00893455248677,5.00895310870487
Train,2.12234235156832,2.125368668565
Train,2.33432837449666,2.33295521757921
Train,2.53734969957332,2.53848536400385
Train,2.73155234538943,2.73239642529721
Train,2.9176952191061,2.91987181939159
Train,3.09645878478206,3.09733280634795
Train,3.26791011726104,3.26816889176516
Train,3.4326630441845,3.43497617131733
Train,3.59127041195518,3.59105338392292
Train,3.74374640473846,3.7435620240104
Train,3.89059522592537,3.89182905705152
Train,4.03212274015086,4.03358687687406
Train,4.16875781139799,4.17005719081688
Train,4.30047010063914,4.30030560707923
Train,4.42765571561123,4.42860637855873
Train,4.55067453693822,4.55099434579201
Train,4.66947550784439,4.66966022087122
Train,4.78439377206992,4.78424313320165
Train,4.89573479151293,4.89557331158598
Train,5.00343392980118,5.00341704243665
Train,2.12151842484861,2.1211441491628
Train,2.3483905995244,2.34850996330824
Train,2.56309847992403,2.56345969533225
Train,2.76659484975689,2.76662740386511
Train,2.95991426868961,2.95979761665176
Train,3.14346135033684,3.14375238872954
Train,3.31812044395086,3.3185056330853
Train,3.48452186933008,3.48434267837774
Train,3.64323772118086,3.64355553888675
Train,3.79478844046019,3.79490992436378
Train,3.9397830447989,3.93977836951144
Train,4.07838022499195,4.07839231315764
Train,4.21111745932066,4.21139382627641
Train,4.33835869524785,4.3388109923011
Train,4.46043835296429,4.46052553743576
Train,4.57766426031683,4.57773699999762
Train,4.69042514292907,4.69040901911334
Train,4.79876935204435,4.79883446503781
Train,4.90304843110461,4.90304187295067
Train,5.00348695564886,5.00351557354189
Train,1.50644750280794,1.50789002210784
Train,1.62208970787843,1.62209745219493
Train,1.73435267572872,1.73432629388211
Train,1.84338239289296,1.84235893481585
Train,1.94931655625397,1.9499365271324
Train,2.05253769994081,2.05273410049932
Train,2.15265661642001,2.15258652844464
Train,2.25004917866215,2.24922080866303
Train,2.34482525345006,2.34527534453489
Train,2.43708888258762,2.43692019802627
Train,2.52693866388988,2.52745959362966
Train,2.61446810265634,2.6134008930756
Train,2.6997659362613,2.70067104193386
Train,2.78291643422989,2.78225195705126
Train,2.86399967593308,2.86437228467359
Train,2.9432861327958,2.94245049214039
Train,3.02045492155443,3.02082925923649
Train,3.09577419901031,3.0955717394781
Train,3.16930966890538,3.16895196560845
Train,3.24112395924308,3.2410406195894
Train,2.11507480032924,2.11717506708116
Train,2.28057692284563,2.28135757408458
Train,2.43949489392366,2.4417077251099
Train,2.59249640756329,2.59347574139104
Train,2.73963347605055,2.74090330317918
Train,2.8814990106399,2.88283717553253
Train,3.0181182667804,3.01982785466691
Train,3.15002081423819,3.15205048832686
Train,3.2773288183394,3.27863073979994
Train,3.40016443968929,3.401070698525
Train,3.51897912727278,3.51900515487864
Train,3.63375421639971,3.63479911417079
Train,3.74489804107146,3.74533133055156
Train,3.85248042892122,3.85309906141187
Train,3.95657330072061,3.95696587442882
Train,4.05753077339021,4.05798930826604
Train,4.15531078314181,4.1570712738027
Train,4.25023697135582,4.2505721668407
Train,4.34226146635304,4.34217839227632
Train,4.43168113773658,4.43166828152009
Train,-2.35092337062336,-2.35113786054743
Train,-2.12971461454833,-2.13016124370569
Train,-1.91459454437282,-1.91422340949956
Train,-1.70531518963749,-1.70495176274708
Train,-1.50164186480364,-1.50188424951044
Train,-1.30335229134357,-1.30290523712691
Train,-1.1102357885409,-1.11108522009943
Train,-0.922092526807722,-0.922173241116794
Train,-0.738732837955355,-0.738476850976585
Train,-0.55997657741414,-0.559820083387115
Train,-0.385243607971775,-0.385187620218791
Train,-0.21519891008935,-0.215377013388262
Train,-0.0492682992833693,-0.0493510702031208
Train,0.112695745142354,0.112310473365655
Train,0.270833774232827,0.271768841586845
Train,0.425279776180655,0.42500861835772
Train,0.576161554961111,0.576258539654587
Train,0.723601083052447,0.72409205608575
Train,0.867714830287349,0.866732527203297
Train,1.00861407069894,1.00872941081834
Train,2.82455408199376,2.82450730817343
Train,2.98964563638818,2.98967073346657
Train,3.14673665638075,3.14658015647405
Train,3.29673425362447,3.29676527854346
Train,3.43994580343475,3.43981585879991
Train,3.57666653071268,3.57670182475628
Train,3.7076246190961,3.70761309950428
Train,3.83289215517622,3.83274035823565
Train,3.95310475024759,3.95325000245556
Train,4.06843118382072,4.06834425240419
Train,4.17903766857006,4.17904390463271
Train,4.28544974735908,4.28549315466664
Train,4.38778506079614,4.38781747434812
Train,4.48616150289017,4.48615258891462
Train,4.5810200400195,4.58110475266315
Train,4.67233784312079,4.67241958504937
Train,4.76051006172916,4.76047331134004
Train,4.84559943555379,4.84562006081799
Train,4.92767129396024,4.92764804666904
Train,5.00706408970801,5.00700331933731
Train,2.12639289157931,2.12560986999083
Train,2.34908337291617,2.34928952065195
Train,2.56031288618356,2.55927350731601
Train,2.76134265872727,2.7615215873254
Train,2.9527037789803,2.95243722592451
Train,3.13489622142483,3.13438793197074
Train,3.30890919060546,3.30805094459694
Train,3.47495058616417,3.47528678595259
Train,3.63387193050624,3.63391562621761
Train,3.78596994998897,3.78535473097521
Train,3.93152973800508,3.93146506340218
Train,4.07124221730126,4.07090113596367
Train,4.20531894425078,4.2041880681621
Train,4.33396576648384,4.33403056391333
Train,4.45775278579726,4.45742767472544
Train,4.57671242593098,4.57727367499334
Train,4.69135039128198,4.69048935779296
Train,4.80178752794454,4.80119605421914
Train,4.90814422853262,4.90779321892328
Train,5.01084765387236,5.01036071827337
Train,2.12007856582921,2.11963022009166
Train,2.34243320221836,2.34358607311776
Train,2.55358639444492,2.55340932681476
Train,2.75436378016118,2.75410708576619
Train,2.94551180118739,2.94561720899825
Train,3.1278793841406,3.12797572440623
Train,3.30172851121384,3.30147990050481
Train,3.46779950793909,3.46802126615774
Train,3.62660295094828,3.62621765231345
Train,3.77860568630502,3.77873408407513
Train,3.92423541322608,3.924055381889
Train,4.06388470309687,4.063961508176
Train,4.19791453331384,4.19778918644828
Train,4.32665740293744,4.32677949705054
Train,4.45042008677481,4.45020086584934
Train,4.56959925868044,4.56981416110133
Train,4.68422675243362,4.68426656384263
Train,4.79466334310539,4.79476498382551
Train,4.9011347404128,4.9010535112733
Train,5.00385073183236,5.00423624799753
Train,1.82145424255091,1.82162330088264
Train,1.9003363174597,1.90135581311956
Train,1.9776991889143,1.97763280642729
Train,2.05402941585559,2.05420044360723
Train,2.12890966337589,2.12849615002183
Train,2.2028098984058,2.20319491116995
Train,2.27532513644714,2.27495741617883
Train,2.34690959879145,2.34682262772999
Train,2.41717012809494,2.41694722079917
Train,2.48654598917055,2.48717746407764
Train,2.55465535654564,2.55464528712636
Train,2.6219232752941,2.62222313050153
Train,2.68797878276292,2.6875096992326
Train,2.75323339291977,2.75309608435928
Train,2.81732656148809,2.81750047167371
Train,2.88065691574832,2.88140634532286
Train,2.94287390845139,2.94258324281523
Train,3.00436388391471,3.00402645551508
Train,3.06478589225009,3.06567399661553
Train,3.12451456102766,3.12445780294084
Train,1.81901523993668,1.81935180236356
Train,1.89812677768063,1.89756763702375
Train,1.97571171263014,1.97651499150159
Train,2.052270255216,2.05199307909394
Train,2.12737149670813,2.1276657302727
Train,2.20149866077354,2.20119476501817
Train,2.27423359221494,2.27405833834319
Train,2.346043390677,2.34636589784007
Train,2.41673337978685,2.41682480615939
Train,2.4861215404836,2.48610613131913
Train,2.55465226736227,2.5554956017374
Train,2.62193699294537,2.62151305612845
Train,2.68840590162665,2.68850456481287
Train,2.75387713510043,2.75373451859492
Train,2.81818016630319,2.81803284976633
Train,2.88172511531986,2.88168461910876
Train,2.94415004660397,2.94378277492379
Train,3.00585248984949,3.00655756990231
Train,3.06648041642699,3.06674533789119
Train,3.12641934376298,3.12560269823176
Train,-0.008591696,-0.0084911864881041
Train,-0.595243713,-0.595013449206417
Train,-1.172871245,-1.17228535591214
Train,-1.741680939,-1.74137745742929
Train,-2.301873179,-2.30161699698766
Train,-2.853642325,-2.85346865664039
Train,-3.397176934,-3.39716492211213
Train,-3.932659979,-3.93267300201161
Train,-4.460269049,-4.46018495599402
Train,-4.980176551,-4.9802751882674
Train,-5.492549894,-5.49243810289317
Train,-5.997551669,-5.99821904310423
Train,-6.495339825,-6.49542888378831
Train,-6.986067826,-6.98619322959884
Train,-7.469884819,-7.46988970201317
Train,-7.946935775,-7.94712723072828
Train,-8.417361639,-8.41733843717911
Train,-8.881299472,-8.88166555582889
Train,-9.338882575,-9.3389570948573
Train,-9.790240625,-9.78908679309478
Train,0.304775769,0.303326750547056
Train,-0.306968618,-0.306418264272257
Train,-0.895768706,-0.896472682185249
Train,-1.46289157,-1.46276450656273
Train,-2.009512672,-2.00911859586197
Train,-2.536723998,-2.53750599183404
Train,-3.045541335,-3.04421809071514
Train,-3.536910807,-3.53726456065512
Train,-4.011714742,-4.01212261556077
Train,-4.470776965,-4.46908839295898
Train,-4.914867564,-4.91507228487641
Train,-5.344707203,-5.34434446619734
Train,-5.760971024,-5.76066005617369
Train,-6.164292185,-6.16438962835903
Train,-6.555265073,-6.55315819120362
Train,-6.93444823,-6.93548839377625
Train,-7.30236701,-7.30113554798994
Train,-7.659516014,-7.66030423448545
Train,-8.0063613,-8.00600459888127
Train,-8.343342422,-8.34208912782518
