Dataset,log10(VaporPressure)[Pa],PredictedValues
Train,3.98175463770349,3.98191520996098
Train,4.04932305858101,4.04865703611196
Train,4.11477137842338,4.11455108449283
Train,4.17860035723072,4.17907329400824
Train,4.24067221089411,4.24091887442975
Train,4.30086758489531,4.30025150846833
Train,4.35964114957729,4.35926507426685
Train,4.4166798729731,4.41719041777307
Train,4.4724112241305,4.4719163938482
Train,4.52670703628025,4.52635312871845
Train,4.57945461972669,4.57943273040493
Train,4.63104506247912,4.63075321110065
Train,4.68135601189175,4.6814913635919
Train,4.73027910181263,4.73039870951671
Train,4.77817357460061,4.7780145891613
Train,4.82477472651115,4.82436335093208
Train,4.87042273192382,4.87050389394263
Train,4.9150046382442,4.91482307620955
Train,4.95841937623246,4.95796201582035
Train,5.00098128055359,5.00074191585937
Train,4.30010560133218,4.30049611729029
Train,4.34427184483812,4.34439916327957
Train,4.38778768455022,4.38780135654653
Train,4.43030624680307,4.43037836674031
Train,4.47203699184417,4.47200550295948
Train,4.51317506335072,4.51334298281128
Train,4.55339132856532,4.55343444235242
Train,4.59304985209152,4.59317270438461
Train,4.63183261108566,4.63195806455607
Train,4.66992863791146,4.6699512552752
Train,4.70751454903432,4.70761558531214
Train,4.74428797613294,4.74426128047545
Train,4.78042712158626,4.78058291567342
Train,4.81609875182695,4.81610869986818
Train,4.85101505180784,4.85098911429142
Train,4.88548978014872,4.88552590523815
Train,4.9192442673934,4.91929940025713
Train,4.9524406518283,4.95253718530349
Train,4.98523105115627,4.98510482644834
Train,5.01734972614166,5.01726733872257
Train,2.40723462755712,2.40713767956023
Train,2.56513503874003,2.56519364920879
Train,2.71499584705765,2.71473640169116
Train,2.85809116491507,2.85810185443025
Train,2.99422238692747,2.99417512870988
Train,3.1245013548171,3.12458743847875
Train,3.24870689808873,3.2485624761268
Train,3.36781737092902,3.36780740227024
Train,3.48186872181456,3.48194271283338
Train,3.59091739404102,3.59076945905891
Train,3.6957820955895,3.69581154393946
Train,3.79622041181391,3.79621960577261
Train,3.89296534689602,3.8931160033446
Train,3.98599522177954,3.98590769773929
Train,4.0753073026763,4.07536801595617
Train,4.16152919933199,4.16143593453872
Train,4.24442277125436,4.24616640036603
Train,4.3245575718585,4.3245058942177
Train,4.40170049422835,4.40159075781977
Train,4.47637078102655,4.47631656166979
Train,4.10463697882894,4.10517004346749
Train,4.17074900920869,4.17032760306958
Train,4.23497660616162,4.23516561937705
Train,4.29770749095443,4.29765373659958
Train,4.35884230168902,4.3587952969776
Train,4.41844118701092,4.41882415454003
Train,4.47641816646144,4.47604836058073
Train,4.53311737727362,4.53292871598952
Train,4.58844379215196,4.5889498128765
Train,4.64244667175736,4.64217402851701
Train,4.695043011095,4.69507268203798
Train,4.74654044024681,4.74672450077034
Train,4.79684857287659,4.79674557606469
Train,4.84600813762163,4.84587473598568
Train,4.89393954830248,4.89400276121725
Train,4.94091954065217,4.94078690698208
Train,4.98686243565959,4.98725948675402
Train,5.03180219976478,5.03163043218066
Train,5.07566286465291,5.07560784169456
Train,5.1186947810147,5.11861875906308
Train,2.12634095170165,2.12830052704359
Train,2.34917905981492,2.34937785716303
Train,2.56035803075609,2.56134703565677
Train,2.76139026157764,2.76159462579582
Train,2.95239751108316,2.95331341791663
Train,3.13467488148997,3.13505910127625
Train,3.3082685004719,3.30867604370197
Train,3.47429827157139,3.47523381608536
Train,3.63275550535709,3.63286754188649
Train,3.78461713835079,3.78547434826597
Train,3.92983478763237,3.93000478673113
Train,4.06926744332494,4.06986116440586
Train,4.20283811938457,4.20324182755413
Train,4.33130752773176,4.33163522065862
Train,4.45457827495476,4.45507632363134
Train,4.57332843424736,4.57352306373488
Train,4.68744629981927,4.68758170026759
Train,4.79753987412685,4.79771771959187
Train,4.90348769403999,4.90366479657151
Train,5.00583788977193,5.00579903665331
Train,2.88046290086084,2.883137731422
Train,3.04228836074974,3.0426171616402
Train,3.19628974068213,3.19791183420804
Train,3.34302107544689,3.34314221612495
Train,3.4832325498699,3.48435621021255
Train,3.61687622512777,3.61803117755536
Train,3.74462833676121,3.74519069370418
Train,3.86687006926299,3.86781180905583
Train,3.98395041779922,3.98435125957823
Train,4.09618951576602,4.09685359692068
Train,4.20407234771843,4.20440287158837
Train,4.30748066459877,4.30836304943861
Train,4.40686293198251,4.4071646044633
Train,4.50244978259969,4.50311782434275
Train,4.59445456348642,4.59475951280748
Train,4.68307492563127,4.68321473878879
Train,4.76864591200637,4.76893488229526
Train,4.85102920804275,4.85112475739353
Train,4.93054057642846,4.93064962793343
Train,5.00732761990619,5.00779101417558
Train,4.27199914054099,4.27050872540186
Train,4.31623598492297,4.31555497901192
Train,4.35964691208702,4.35963208513405
Train,4.40207129247597,4.4023308515045
Train,4.44390164282583,4.44281376146156
Train,4.48497225214198,4.48518566707409
Train,4.52530363227296,4.52485792834906
Train,4.56491556326831,4.56423430107153
Train,4.60365943419434,4.60299624271848
Train,4.64189196601387,4.64209264957591
Train,4.67946023719595,4.67968022194892
Train,4.71638141017,4.71532525521089
Train,4.75251561722666,4.75265744468035
Train,4.78819439904288,4.78861363493544
Train,4.82327408468699,4.8226290738805
Train,4.85776963800905,4.85673915140634
Train,4.89169552863041,4.89160163461039
Train,4.9249218473152,4.92501716804528
Train,4.95775227308045,4.95758080803918
Train,4.99005362107623,4.98885477918722
Train,3.09879131504472,3.09955011087569
Train,3.20688447920261,3.20846644227842
Train,3.31154306993914,3.31213699172278
Train,3.41246156356073,3.41231302864818
Train,3.51006148459059,3.51040342041071
Train,3.60472197691417,3.60473951494188
Train,3.69615073797291,3.6971075800304
Train,3.78471441620538,3.78429540939961
Train,3.87074397403632,3.87135341419909
Train,3.95396123584687,3.95481740781016
Train,4.03468789935892,4.03433149113536
Train,4.11303412722585,4.11330680875673
Train,4.18927964615201,4.18959945013031
Train,4.26316533524953,4.26380920524954
Train,4.33496466732952,4.33465119023659
Train,4.40492634634553,4.4060224919178
Train,4.47280519298641,4.47293645872397
Train,4.5388452472855,4.53874556112552
Train,4.60326908747275,4.60372292918893
Train,4.66584492516523,4.66576986212223
Train,3.96385879113756,3.96410974417651
Train,4.03116913998356,4.03227197739235
Train,4.09679254901116,4.09706389350159
Train,4.16097275339707,4.16081054536172
Train,4.22340271714688,4.22347632672082
Train,4.28432479424751,4.28430763106572
Train,4.34379296336818,4.34471693546421
Train,4.40185865715212,4.40226819778965
Train,4.45873151067894,4.45832314406854
Train,4.51413342027608,4.51419266885406
Train,4.56827343444891,4.56841080482828
Train,4.62119418122334,4.62142084294302
Train,4.6730829929364,4.67268670608083
Train,4.72368238792407,4.72434382942284
Train,4.77317952343501,4.77294012960757
Train,4.82161002889709,4.82211777003814
Train,4.86900801452666,4.8692315050923
Train,4.91553769119185,4.91535243564996
Train,4.96096455506777,4.96069061968429
Train,5.00545297515671,5.00537427047512
Train,2.12788403567532,2.12822065621204
Train,2.36819302921465,2.36815851541379
Train,2.59329395614837,2.59297467208145
Train,2.80429609638261,2.80431427275672
Train,3.00302950148803,3.00290126319506
Train,3.19027589677673,3.18999542999355
Train,3.36700325018103,3.36712998772983
Train,3.53407374488209,3.53395900631787
Train,3.69203973961787,3.69176654114036
Train,3.8420392282288,3.84194773841065
Train,3.98446298509171,3.98422155435966
Train,4.11987079334068,4.11962640916883
Train,4.24859041874655,4.2481938714429
Train,4.37144496325803,4.37087763107612
Train,4.4886637951177,4.48803832894029
Train,4.60062601017576,4.60003972607066
Train,4.70767744922746,4.7072520662825
Train,4.80999225329507,4.80953872394294
Train,4.90814993845898,4.90799334040113
Train,5.00226797724252,5.00117315865847
Train,2.45586800616354,2.45683475948882
Train,2.57251913549492,2.57299636194349
Train,2.68671202655411,2.68674774985103
Train,2.79803906105356,2.7981725253505
Train,2.90684243391766,2.90739962678182
Train,3.0132069963619,3.0135748577106
Train,3.11743988539512,3.11719298762747
Train,3.21916161152615,3.21984795125737
Train,3.31867748144247,3.31869819294863
Train,3.41605847717184,3.41596213828799
Train,3.51157982113161,3.51218985336728
Train,3.60488779021973,3.60473153380573
Train,3.69625650938333,3.69608665309189
Train,3.78574581293894,3.7860801802328
Train,3.87360380836359,3.874023572813
Train,3.95950033618228,3.95955076534866
Train,4.04368293011242,4.04390665105367
Train,4.12620238181459,4.12641155040748
Train,4.20728356602196,4.20723462472798
Train,4.28661786079396,4.28703714221248
Train,2.12510320565132,2.12610274550954
Train,2.36450590744654,2.364708503954
Train,2.5892783729484,2.5897551955588
Train,2.80015256765738,2.80049705819894
Train,2.99891425619126,2.9990002839315
Train,3.1860716610347,3.18643927907598
Train,3.3630898001018,3.36334396617732
Train,3.53031782869707,3.5303920968856
Train,3.68897477126427,3.68939372785663
Train,3.83929528336276,3.83946799532188
Train,3.98230653579164,3.98241417606024
Train,4.11815993437227,4.11821992850511
Train,4.24773075530079,4.24782342575255
Train,4.37110940301977,4.37133230881428
Train,4.48904925728639,4.48904581871667
Train,4.60159577372393,4.60176072781015
Train,4.70940330455624,4.7094731475756
Train,4.8124840750195,4.81262169185194
Train,4.91141108866208,4.91142778537889
Train,5.00617198264477,5.00605740636294
Train,4.41854245835269,4.41833655912179
Train,4.45312992100964,4.45280127725547
Train,4.48741672547849,4.48744415476377
Train,4.52110957024481,4.52115662862908
Train,4.55436901596237,4.55453810280434
Train,4.58734772379609,4.58725153085671
Train,4.61976325975854,4.61957325775639
Train,4.65176973147504,4.65192608670096
Train,4.68351379848467,4.68327600071481
Train,4.71472330752752,4.71488632236488
Train,4.74554629886374,4.74544851067386
Train,4.77598990861288,4.77602983710514
Train,4.80619333922419,4.80639585462105
Train,4.83589729811518,4.83570196155252
Train,4.86524228622075,4.86509579159084
Train,4.89436228311218,4.89443152236182
Train,4.92300706156931,4.92295368958932
Train,4.95131184176319,4.95118132958143
Train,4.97940567258973,4.97951804883834
Train,5.00704692919741,5.00671688312851
Train,2.12870689177883,2.13102646548415
Train,2.35840003678672,2.35914176998832
Train,2.57506222723586,2.57526705842084
Train,2.78026925143138,2.78107253986146
Train,2.97443371611683,2.97605635163765
Train,3.15887135126489,3.15863468066001
Train,3.33386880351584,3.33491393769347
Train,3.50053789724489,3.50073586011259
Train,3.6592657938012,3.6595953788512
Train,3.81042252309549,3.81110416309658
Train,3.95488893636085,3.95499232979474
Train,4.09276268893165,4.09324899230907
Train,4.22480683422564,4.22548697475414
Train,4.351228887892,4.35140290233377
Train,4.47223250935706,4.47245610432784
Train,4.58844237165059,4.58852869051608
Train,4.69986492072681,4.70015062701915
Train,4.80705183205883,4.80718810963864
Train,4.90998781878905,4.91026671131314
Train,5.00916328085571,5.00901378163527
Train,2.12358485252895,2.12551972354978
Train,2.35687510462215,2.35673391546353
Train,2.57630097507879,2.57705813887352
Train,2.7835463975625,2.78329536238945
Train,2.97914002944791,2.97960067593359
Train,3.16447083208418,3.16467135079275
Train,3.33991431861208,3.34039270279592
Train,3.50663138991981,3.50697517617865
Train,3.66507127915407,3.66558941296008
Train,3.81565865143579,3.81568109241399
Train,3.95930000469031,3.95946523055519
Train,4.09614307690385,4.09641360696534
Train,4.22696645354881,4.22712310688277
Train,4.35201155667451,4.35205483971205
Train,4.47151224480521,4.47168626134791
Train,4.58609866651922,4.58599936357697
Train,4.69580904864332,4.69602073860934
Train,4.80119612694177,4.80112013859817
Train,4.90227187880251,4.90230287045252
Train,4.99952458775658,4.99935330976424
Train,3.54158992248062,3.54147645644317
Train,3.64932670739794,3.64888797552177
Train,3.75211986612313,3.75202529242798
Train,3.85070847423054,3.85087047767794
Train,3.94514966718438,3.94512679618693
Train,4.03551265646732,4.03532958122215
Train,4.12241475598331,4.12241245750757
Train,4.20587791784939,4.20595662744946
Train,4.28593634000573,4.28584404050545
Train,4.36311315704935,4.36301667598146
Train,4.43740690585964,4.43733582790647
Train,4.50897617693706,4.50902297364356
Train,4.57782520133718,4.57779270427474
Train,4.64438162176282,4.64432201807923
Train,4.70862447931945,4.70864024663225
Train,4.77054367453595,4.7705360627244
Train,4.83051144087317,4.83043945456139
Train,4.88849790715506,4.88846009838218
Train,4.94448323047384,4.94445029250547
Train,4.99879439946019,4.99853004131202
Train,2.96861348794602,2.96809241218417
Train,3.12006243081936,3.12000339303833
Train,3.26476624008512,3.26472186437078
Train,3.40266121368909,3.40259751344112
Train,3.53445711150059,3.53411388724472
Train,3.66054982043774,3.65988425121596
Train,3.78152260636192,3.78139630747156
Train,3.89725686105017,3.89713528624835
Train,4.00828840077774,4.00776479901671
Train,4.11489815131868,4.11478006699164
Train,4.21753284398514,4.21717785531492
Train,4.31604901785331,4.31585993425525
Train,4.41086311100029,4.41049109732759
Train,4.50217995229034,4.50169705090794
Train,4.59035105331564,4.58985630935623
Train,4.67522415541327,4.67522246025166
Train,4.75713090727361,4.75645988311427
Train,4.83622415071686,4.83632044325915
Train,4.91278683353426,4.9122961534542
Train,4.9866665259708,4.98582471324172
Train,3.73112152025016,3.73120921640494
Train,3.78505566398762,3.78488543266413
Train,3.83767877916289,3.8376950176482
Train,3.88948073095055,3.88946265975593
Train,3.94004384196557,3.9399842035693
Train,3.98983758678971,3.9898217168322
Train,4.03845933128003,4.03878221957549
Train,4.08635942430598,4.08610171292295
Train,4.13335100761955,4.13353176734219
Train,4.17926194807307,4.17910404780397
Train,4.22451603560118,4.22448063485191
Train,4.26874498367226,4.26877263152911
Train,4.31235618914258,4.31221724743065
Train,4.3551776152622,4.35531452071356
Train,4.39705010271392,4.39726585364243
Train,4.43835819269686,4.43806430444439
Train,4.47876383934296,4.47871403397786
Train,4.51863742212504,4.51885402091849
Train,4.55765197739223,4.55768326451126
Train,4.59616450056517,4.59603934573007
Train,3.37596356618039,3.37623209632712
Train,3.43385252019318,3.4338806329417
Train,3.49038089165988,3.49010644117353
Train,3.54607214981692,3.54597702773591
Train,3.60070894756255,3.60111760685887
Train,3.65409103245976,3.65418435550438
Train,3.70671106027392,3.70621881571989
Train,3.75814070601598,3.75851386978157
Train,3.80885360351466,3.8089052727939
Train,3.85864962627429,3.85854928199316
Train,3.9073436005585,3.90751074768397
Train,3.95538263564551,3.95555549110778
Train,4.0025760387495,4.00260896212259
Train,4.04874695189893,4.04891538223293
Train,4.09431815382023,4.09420967741809
Train,4.13891553375531,4.13953499524197
Train,4.18294676083556,4.18338545113712
Train,4.22623552293009,4.22584955170006
Train,4.26861771268798,4.26833240985999
Train,4.31047981209282,4.31100453352175
Train,3.80648744678725,3.80828386408958
Train,3.88817414648541,3.88875376662528
Train,3.9673419079164,3.96785274076884
Train,4.04410547507773,4.04434161302762
Train,4.11857272703358,4.11959947355191
Train,4.19084518374526,4.19061323171464
Train,4.2610184678258,4.26122690533358
Train,4.32918272663514,4.33012142432036
Train,4.39542301863376,4.39596235709743
Train,4.4598196674767,4.45992742743894
Train,4.52229338230476,4.52326038708835
Train,4.58323054925241,4.58329121870539
Train,4.64253958882269,4.64269793517288
Train,4.70028489160498,4.70052959804726
Train,4.75652749693512,4.75662041156667
Train,4.81132530811805,4.81177829113059
Train,4.86473329127436,4.86462328556282
Train,4.91680365924644,4.91688622153216
Train,4.96758604185765,4.96747186271588
Train,5.01712764369139,5.01725186073801
Train,3.95502014602191,3.95549190411313
Train,4.02500081959128,4.02506878355617
Train,4.09305442226825,4.09309244598827
Train,4.15907340829941,4.15923071942799
Train,4.2235091680474,4.22352730045005
Train,4.28624086887074,4.28632724581458
Train,4.34733522654095,4.34756519742424
Train,4.40685551903343,4.40676854078102
Train,4.46469864100186,4.46489975659844
Train,4.52125203507968,4.52142631091757
Train,4.57640252576081,4.57645594517654
Train,4.63020167561379,4.63034846284628
Train,4.68255079228133,4.68264387680594
Train,4.73379562519591,4.73389145400707
Train,4.78382929000936,4.78396005620581
Train,4.83269422403237,4.8327833115056
Train,4.88043090488689,4.88060951603821
Train,4.92694657720347,4.92698477251744
Train,4.9725438458373,4.97272520184034
Train,5.01712351890589,5.01717816186848
Train,4.29841779401732,4.29883694037763
Train,4.37576636230952,4.3767820039304
Train,4.45075305317021,4.45066175830854
Train,4.5231857571375,4.52354124342875
Train,4.5933367703075,4.5932276192818
Train,4.66131223366984,4.66159920023184
Train,4.72734756112364,4.72737025653825
Train,4.79126085126198,4.79120517501925
Train,4.85328020296701,4.8534081867094
Train,4.9134885715682,4.91345332058901
Train,4.97208470727067,4.97215284987962
Train,5.02889781816455,5.02892082644231
Train,5.08412163022613,5.0842036864071
Train,5.13782191247937,5.13765181921755
Train,5.19016865083657,5.19031429059233
Train,5.24100222806338,5.24082164726698
Train,5.29048916075971,5.29059860286199
Train,5.33868226082581,5.3385831011021
Train,5.38572856464135,5.38586008994954
Train,5.43147925079419,5.4313754689376
Train,3.80634689857586,3.80575364347734
Train,3.88818389374431,3.88784390636848
Train,3.96747550726277,3.96723194292118
Train,4.04433867437772,4.04388189970833
Train,4.11888327566754,4.11878245272802
Train,4.19121266114529,4.19086801551949
Train,4.26142412832175,4.26083214020601
Train,4.32960935887922,4.32937474413685
Train,4.39585481807703,4.39577454879164
Train,4.46024212054759,4.45985125856734
Train,4.52300872452169,4.5228622539964
Train,4.58390245932309,4.58367384557479
Train,4.64315717150108,4.64301840275058
Train,4.70083815648239,4.70072744067348
Train,4.75700728682593,4.75689506573164
Train,4.81172323361019,4.81144703334777
Train,4.86504167085719,4.86490082006477
Train,4.91701546449018,4.916921039907
Train,4.96769484717344,4.96761353398525
Train,5.01712758024944,5.01658478731607
Train,2.12720289941401,2.12794127402432
Train,2.36895047556817,2.36901032693478
Train,2.59548052387839,2.59600131185126
Train,2.80765710218812,2.80777788734323
Train,3.00729918255065,3.00721098987398
Train,3.19501675556925,3.1944849214835
Train,3.37228899382507,3.37236241497723
Train,3.53954566493507,3.5384393106926
Train,3.69780982440076,3.6975234659387
Train,3.847975427811,3.84795872566084
Train,3.99029174654648,3.98952341261812
Train,4.12569721510124,4.12500996532818
Train,4.25436026838331,4.25371771328192
Train,4.37692578806624,4.37626102812848
Train,4.49396396148388,4.49342241957694
Train,4.60555980148241,4.60457083408456
Train,4.71235215167378,4.71229446056733
Train,4.81438775880535,4.81353502160183
Train,4.91222314216942,4.91202427575828
Train,5.0058764458363,5.00447294350144
Train,2.12577628543865,2.12502649128711
Train,2.35910542133341,2.3589950038897
Train,2.57855324877811,2.57857854349114
Train,2.78578953414083,2.7856410150691
Train,2.98136385622422,2.98094270214116
Train,3.16665168472096,3.16635048529698
Train,3.34204667520501,3.34129151726867
Train,3.50869701698244,3.50765968900506
Train,3.66706131847468,3.66541144732965
Train,3.81757200684407,3.81364769978082
Train,3.96112407600752,3.95969194900882
Train,4.09787862599108,4.09676617027272
Train,4.22860351212244,4.22733592831193
Train,4.35354693058741,4.35186490553516
Train,4.4729484448728,4.47083359334848
Train,4.58742855121314,4.58578558499922
Train,4.69703584038648,4.69375363395576
Train,4.80231404988286,4.80098688333438
Train,4.90328461943615,4.90183215744966
Train,5.00042743712401,4.99770750551235
Train,2.1252327531892,2.12546575155121
Train,2.35262959634089,2.35310196001793
Train,2.56774878669824,2.56757061826848
Train,2.77155853240541,2.77151680691369
Train,2.96511758587159,2.96548726138482
Train,3.14881931227696,3.14864004346074
Train,3.32356945527173,3.32340992121882
Train,3.49000675358271,3.48997072495532
Train,3.64871058829585,3.64877720371279
Train,3.8002077213954,3.80031124728176
Train,3.94512068778491,3.94475472167161
Train,4.08359654600292,4.0837196226623
Train,4.21618537723349,4.21626812884116
Train,4.34325478055089,4.34329645861563
Train,4.46514237411475,4.46503209061322
Train,4.5821587906009,4.58215920158747
Train,4.69470132429505,4.69479720749788
Train,4.80280802993744,4.80281025366113
Train,4.90683873015391,4.90690522170027
Train,5.00701967939389,5.00678667480153
Train,2.12563825515184,2.12649726949004
Train,2.35957580661594,2.35932040848476
Train,2.58003484437923,2.57980948208407
Train,2.78760067177418,2.78769770270648
Train,2.98388817134336,2.98339177993895
Train,3.16930290688473,3.16886245062252
Train,3.34518694965435,3.34485403949494
Train,3.51181632770522,3.51204285109471
Train,3.67011147006798,3.6698292411622
Train,3.82088143765786,3.82068347359947
Train,3.96427068415346,3.96402456297275
Train,4.10116975320082,4.10104997254367
Train,4.23166360433955,4.23140012803762
Train,4.35635636626489,4.35634349800076
Train,4.47578455163636,4.47569593714635
Train,4.58997152137304,4.58968108458631
Train,4.69954497021306,4.69968133063795
Train,4.80450006980822,4.80448143200757
Train,4.90539009692318,4.9053663438992
Train,5.00218930263703,5.002033243569
Train,2.12939867670262,2.12972923035542
Train,2.34317312485391,2.34331718855011
Train,2.54732380204281,2.54763853749884
Train,2.74248627156825,2.7422961885006
Train,2.9292413378717,2.92915168253804
Train,3.10812081958014,3.10843521279659
Train,3.27961260727194,3.27952428857881
Train,3.44416510726636,3.44450941467786
Train,3.60219115666688,3.60201180373607
Train,3.75407148162967,3.75426141651971
Train,3.89996118436959,3.89996732197525
Train,4.04058605359105,4.04044468940466
Train,4.17604326244209,4.17606983846982
Train,4.30661252207658,4.30675190900203
Train,4.43255371475526,4.43252763229813
Train,4.55410862035029,4.55381416864312
Train,4.67150246554501,4.67144589626897
Train,4.78494531661465,4.78501494775829
Train,4.89463333390844,4.89454866580328
Train,5.00074990379376,5.00051042019023
Train,4.29664048019049,4.2967845416808
Train,4.37365588780181,4.37372167582199
Train,4.44823768943357,4.44833257448973
Train,4.5203392141586,4.52032197381251
Train,4.59039238254246,4.59047104204202
Train,4.65833204598888,4.65831265217113
Train,4.7242524298127,4.7242967605691
Train,4.78824224028073,4.7883052235031
Train,4.85024711697362,4.85024696372622
Train,4.91062567773854,4.91054838734473
Train,4.96931032269479,4.96939920800488
Train,5.0263713497548,5.02639215458313
Train,5.08175191326154,5.08177070498842
Train,5.13576480681074,5.13572812661206
Train,5.18834283744974,5.18845699575305
Train,5.23954243180047,5.23964804616318
Train,5.28941709609736,5.28939812219161
Train,5.33790953720273,5.33786159082066
Train,5.38528680582464,5.38539395101381
Train,5.43148383603301,5.43134735398618
Train,4.29937141013488,4.29932097346156
Train,4.37682219789931,4.37676561309692
Train,4.45173384738423,4.4517157196735
Train,4.52422920908456,4.52428321109456
Train,4.59442333415318,4.59431764608072
Train,4.66242408367159,4.6624778777934
Train,4.72833268168494,4.72830148677004
Train,4.79224421796532,4.7923110404574
Train,4.85424810575537,4.85412962344545
Train,4.91442849912591,4.91440250144498
Train,4.97286467404463,4.97289667442802
Train,5.02963137678428,5.02965289418918
Train,5.08479914289027,5.08470078468437
Train,5.13843458956968,5.13845485526527
Train,5.19060068405011,5.19062454539218
Train,5.24135699018136,5.24131471361962
Train,5.29075989531044,5.29084658636767
Train,5.33886281924671,5.33881226365539
Train,5.38571640694519,5.38568454881371
Train,5.43136870636914,5.43135191652819
Train,3.80292719277638,3.80350734637815
Train,3.88437856516371,3.88450960879546
Train,3.96337632575466,3.96350883161195
Train,4.04002969703647,4.04008012323012
Train,4.11444151356633,4.11453751338032
Train,4.18687393367971,4.18691444521957
Train,4.25708319310227,4.25712812090043
Train,4.32532567877965,4.32544083695958
Train,4.39168289208522,4.39173561831759
Train,4.45623189261983,4.45624493540728
Train,4.51904559673657,4.51907038903138
Train,4.58019305230894,4.58031987224805
Train,4.63973969191895,4.63983100190145
Train,4.69774756641705,4.69773458939945
Train,4.7542755606066,4.75437296469883
Train,4.80950583020654,4.80961159458658
Train,4.86323591520112,4.86324999442351
Train,4.91564581305726,4.91573664067092
Train,4.96678359019412,4.96683049872646
Train,5.01669500762288,5.01686279124098
Train,3.80561764372524,3.8058070513309
Train,3.88720640513784,3.88725947098848
Train,3.96647764657886,3.96675545492163
Train,4.04316928642668,4.04314651358274
Train,4.11757872739867,4.1179093612138
Train,4.18997538778694,4.18976318224869
Train,4.26011091214848,4.2602184030313
Train,4.32824858438096,4.32849670968991
Train,4.3946276582346,4.39456953053942
Train,4.45901319711333,4.45890036224793
Train,4.52163988787521,4.52186868606642
Train,4.58257883023192,4.58270537106929
Train,4.64203636402681,4.64229671516861
Train,4.69979460762681,4.69954179058024
Train,4.7560568274691,4.75620922591244
Train,4.81100895772219,4.81101319274441
Train,4.8644451496216,4.86447087389589
Train,4.91654906803902,4.91646504311049
Train,4.96748914879306,4.96770262272022
Train,5.01707087650369,5.01695369111095
Train,4.29926837072573,4.29990619563815
Train,4.3765189847937,4.3767785975053
Train,4.45140841274446,4.45144567881854
Train,4.52376583722763,4.52416855262546
Train,4.59398556820681,4.59395551463441
Train,4.66190041917752,4.66196004190916
Train,4.72787398891343,4.72811538103471
Train,4.79174320336244,4.79167415676621
Train,4.85372563062882,4.85374009529752
Train,4.91401903176114,4.91422596428512
Train,4.97246704161038,4.97242155681871
Train,5.02937065399834,5.02934380900316
Train,5.08457816591872,5.08470573506403
Train,5.13826701551487,5.13824166505784
Train,5.19059925354224,5.19066419296561
Train,5.2414302435442,5.24138846261686
Train,5.29101341218977,5.29110736388085
Train,5.33920880350811,5.33919409086794
Train,5.38625396759431,5.38618246593088
Train,5.43201355690896,5.43209378046796
Train,2.12722064098751,2.12813599244893
Train,2.36648512160242,2.3668724292531
Train,2.59108522115809,2.59170749027745
Train,2.80176800019963,2.80243703030848
Train,3.00031560119314,3.00101641154307
Train,3.18724847838958,3.18790240329164
Train,3.36402723453242,3.36511726287628
Train,3.53101118752063,3.53152742429503
Train,3.6894145845325,3.6904832349339
Train,3.83948070424567,3.83996950814454
Train,3.98223183490613,3.98295139099192
Train,4.11782682944623,4.11821348129362
Train,4.2471361282419,4.24806210344669
Train,4.37025666284832,4.37077519731084
Train,4.48793711199598,4.48837895346716
Train,4.6002287231584,4.60050575757324
Train,4.70778133097119,4.70795680517969
Train,4.81061235358852,4.81092891296631
Train,4.90929048465327,4.90915254195917
Train,5.00380805803415,5.0041024234508
Train,1.39319080042102,1.39163076338647
Train,1.50113012877037,1.50108679271053
Train,1.6063474017394,1.60573846671306
Train,1.7089443058975,1.70965779118543
Train,1.80939333433093,1.80856942992087
Train,1.90702577795434,1.90690760283379
Train,2.00231441553937,2.00203637413707
Train,2.09534264564486,2.09565628472611
Train,2.18618995650004,2.18425897509788
Train,2.27493215252998,2.27478851619727
Train,2.36196746862453,2.36257014970234
Train,2.44670581466237,2.44603999082229
Train,2.52954664049928,2.52838370316587
Train,2.61055297632279,2.6114233633036
Train,2.68978509131488,2.68896596629767
Train,2.76730064319489,2.76723293647429
Train,2.84344013462197,2.8431251326385
Train,2.91767976021737,2.91822403506941
Train,2.99036167092162,2.98973522423895
Train,3.06153438429168,3.06020431360067
Train,1.56109793891969,1.56027799245768
Train,1.6656878982115,1.66636242251317
Train,1.7675620934572,1.76727979656263
Train,1.86682494454299,1.86775785689152
Train,1.96393878639749,1.96418788031789
Train,2.05826237692066,2.05762724687721
Train,2.15025779863353,2.15152756619701
Train,2.24001019922683,2.24166866237484
Train,2.32760062427873,2.32797780755774
Train,2.41310626134646,2.41324348665349
Train,2.49691438833093,2.49758003051667
Train,2.57846044761871,2.57856173503588
Train,2.65813257280663,2.65822173389298
Train,2.73599462483371,2.73656467192833
Train,2.81210759551406,2.81290715834094
Train,2.88652976687614,2.88627507976545
Train,2.95959056535686,2.96225589224761
Train,3.03078996389235,3.0317609329779
Train,3.10045878079482,3.10078403467397
Train,3.16864584584779,3.1685474228054
Train,0.344694174001131,0.345476367880303
Train,0.552936784146457,0.553350652144411
Train,0.752101096541526,0.751605967491025
Train,0.943651842395905,0.944157326032121
Train,1.12759071777016,1.12923347658417
Train,1.30436260562312,1.30551008197127
Train,1.47398504689747,1.47337802589228
Train,1.63763938489299,1.6387114552219
Train,1.79526894815214,1.79649251245629
Train,1.94720041775546,1.94789282338226
Train,2.0933977916145,2.09411633571127
Train,2.23483408583172,2.23539238186478
Train,2.37142042321581,2.37271181368689
Train,2.50340206172452,2.50316784761727
Train,2.63071201679654,2.63183609477547
Train,2.7541658816878,2.75424657817185
Train,2.87365796546413,2.87484323288137
Train,2.98937596382693,2.99046059475423
Train,3.10123556800639,3.10126964707362
Train,3.20993059716851,3.21137854316313
Train,2.12448753889449,2.12404616242403
Train,2.37622797953964,2.37580000417639
Train,2.61047112295244,2.60993580035412
Train,2.82839227543483,2.82788574738717
Train,3.03191388259147,3.0313595469399
Train,3.22267470115968,3.2223583590987
Train,3.40135497169036,3.40064920700589
Train,3.56952092643052,3.56872694409159
Train,3.72764548591893,3.72704081682806
Train,3.87680367195223,3.87631504967632
Train,4.01792824162725,4.01739131357155
Train,4.15128883999401,4.1507308360544
Train,4.27768033745126,4.27728923617743
Train,4.39779814126922,4.39729385697702
Train,4.51178767973404,4.51142240693499
Train,4.62040118807866,4.61992865541671
Train,4.72372854541256,4.72333011049178
Train,4.82228049245842,4.82179606062911
Train,4.91650887796888,4.91613833202265
Train,5.00644653975295,5.00584039458973
Train,2.12456826023267,2.12647586510703
Train,2.3749758235058,2.37594535478839
Train,2.60820303671835,2.60885931223512
Train,2.82539770045133,2.82557615848983
Train,3.0286826549981,3.02946177605755
Train,3.21885977897169,3.22064060857357
Train,3.39761953264523,3.39949697826361
Train,3.56552411775455,3.56739442766249
Train,3.72373817524218,3.72792509436314
Train,3.87327114474478,3.87511419507265
Train,4.01445090612998,4.01714850268965
Train,4.14830597617044,4.15094597439221
Train,4.27506151192992,4.27686049803943
Train,4.3954242957991,4.396102708097
Train,4.51001527665339,4.51278820795616
Train,4.61895534132228,4.61901376971056
Train,4.72292328045329,4.72334455183064
Train,4.82199282961842,4.8217073082653
Train,4.91674931430864,4.91645307441851
Train,5.00723153652459,5.0069834871376
Train,4.29777857691016,4.29694782521093
Train,4.3428579851726,4.34268085584173
Train,4.3871174397523,4.38677381475483
Train,4.43043972127265,4.43008906709857
Train,4.47312746448745,4.4731211690798
Train,4.51505935637664,4.51456459223683
Train,4.55625529601209,4.55598249262968
Train,4.59673449003953,4.59603390869071
Train,4.63638784818747,4.63622467401566
Train,4.67549072235413,4.67524438206802
Train,4.71393055226305,4.71336189375708
Train,4.75172406041017,4.75147884524832
Train,4.78876814134699,4.7884987251875
Train,4.82531893001252,4.82487814544057
Train,4.86127026145525,4.86113516910901
Train,4.8966367629717,4.8963653798257
Train,4.93143258980558,4.93130274219785
Train,4.96556152266146,4.96551468306481
Train,4.99925840982208,4.99870896693957
Train,5.03242439924131,5.03181407610301
Train,4.11319932305378,4.11343258228063
Train,4.17075527596145,4.17072361731899
Train,4.22703769537236,4.2271421963762
Train,4.28208838774211,4.28202640427681
Train,4.33594734948429,4.33596838209106
Train,4.3886528638804,4.38883526083574
Train,4.44024159182955,4.44006395021116
Train,4.49074865688979,4.49079339146757
Train,4.54020772502586,4.54020770673579
Train,4.58865107944364,4.58865930094381
Train,4.63623981531012,4.63638050347637
Train,4.68274080267558,4.68276352530139
Train,4.72831538864822,4.72835870748005
Train,4.77299098409923,4.7729115073873
Train,4.8167939290642,4.81682002037106
Train,4.85974954452899,4.85981475729406
Train,4.90188218123922,4.90185471981951
Train,4.94321526573096,4.94330183912663
Train,4.98377134376546,4.98371586817503
Train,5.02357212133719,5.02358680767994
Train,5.34085887621603,5.34094831264357
Train,5.36721410677892,5.36728542409602
Train,5.39309427560669,5.39281380856684
Train,5.41869783892018,5.41878772232868
Train,5.44393691019073,5.44392868520864
Train,5.46872871561533,5.46882878699599
Train,5.49326303674949,5.49319452306937
Train,5.51736737991601,5.51740244966478
Train,5.54122606221557,5.541349325975
Train,5.56475674883235,5.56482971149145
Train,5.58788171936932,5.58768165137936
Train,5.61077752604846,5.61076474732746
Train,5.63336492605065,5.63343492341866
Train,5.65556902245966,5.65569153059752
Train,5.6775590877445,5.67751819605675
Train,5.69917984269011,5.69909871148249
Train,5.7205959589905,5.72075896438238
Train,5.74173298466496,5.74150911605303
Train,5.76252041036768,5.76249440741068
Train,5.78311634976733,5.78318809943286
Train,4.29084151725906,4.29122720098004
Train,4.33470010483652,4.33463735309325
Train,4.37773721269599,4.37810523528807
Train,4.41997570640715,4.4197269669805
Train,4.46143761073512,4.46170196662407
Train,4.50214414793565,4.50223185685737
Train,4.54211577397613,4.5417371924652
Train,4.58137221281241,4.58160330441953
Train,4.61993248884198,4.61951939540651
Train,4.65781495764588,4.65803197395709
Train,4.69503733512348,4.69477353686872
Train,4.73161672511755,4.73180453942242
Train,4.76756964561985,4.76735601853417
Train,4.80291205364186,4.80278865574857
Train,4.8376593688291,4.8376671726348
Train,4.87182649589264,4.87204573857363
Train,4.90542784592618,4.90553287076747
Train,4.93847735667297,4.93820299147247
Train,4.97098851180219,4.97104672983388
Train,5.00297435925108,5.00269369111467
Train,2.12575379185299,2.12568375718021
Train,2.36184053442118,2.36134428505667
Train,2.58347892805492,2.58307733137027
Train,2.7924929982796,2.79202743111292
Train,2.9896772068128,2.98931978334277
Train,3.17600824102762,3.17535053252706
Train,3.35213082445846,3.35160634306359
Train,3.51929238149203,3.51921494129257
Train,3.6779546371834,3.67747901133245
Train,3.82874973914072,3.82810229890512
Train,3.97206318977672,3.97146917878691
Train,4.10879162028897,4.10793208255037
Train,4.23920961072463,4.23832479942413
Train,4.36374417654053,4.36280953885781
Train,4.48263045988161,4.48193343110889
Train,4.5965391637794,4.59578646357314
Train,4.70563476099865,4.70452304885313
Train,4.81021599991231,4.80909261053076
Train,4.91042719373235,4.90951307332781
Train,5.00678659759685,5.0053733081315
Train,2.12996243104071,2.1313019633728
Train,2.36380029922344,2.36414610171615
Train,2.58364577230244,2.58416555356072
Train,2.79111200653752,2.79137082710641
Train,2.98702950983806,2.98707255688552
Train,3.17216022997999,3.17352530970876
Train,3.34770506440688,3.34760469307931
Train,3.51407231242874,3.51474460429946
Train,3.67226467345,3.67230819816015
Train,3.82272654759459,3.82321150452682
Train,3.96587434985148,3.96621276451898
Train,4.10248942550304,4.10245727214916
Train,4.23288425011461,4.23311287659654
Train,4.35735511051347,4.35756311441784
Train,4.47652448724171,4.47646973305947
Train,4.59050556296247,4.59062830412787
Train,4.69983909093505,4.69992341316739
Train,4.80470308896046,4.80458354993808
Train,4.90526970660568,4.90538869977737
Train,5.0019830391867,5.00201815247984
Train,2.8140817237395,2.81390620288058
Train,2.97068681228013,2.97079249233703
Train,3.1209826968802,3.12107474144269
Train,3.26579719494306,3.26529809583573
Train,3.40520539118592,3.40338538032503
Train,3.53950448495652,3.53843708971382
Train,3.66876686011091,3.66805486024006
Train,3.7936627984433,3.79284697829845
Train,3.91421987871646,3.91415797710052
Train,4.03066033720511,4.02919637718716
Train,4.1430144555583,4.14236416390687
Train,4.25183571848964,4.25254849487666
Train,4.35712206066402,4.35617501729413
Train,4.45904297040337,4.45904211384387
Train,4.55760180901993,4.55762619920116
Train,4.65326326365141,4.6508091180278
Train,4.74600677289787,4.74611763033519
Train,4.83596383955697,4.8326832804507
Train,4.92312057439473,4.92153998367413
Train,5.00787267668211,5.00725816468022
Train,2.75198417435638,2.75235898848242
Train,2.93176011806198,2.93187682976915
Train,3.10151818265004,3.10126548357422
Train,3.26186363350618,3.26149555869616
Train,3.4139548263443,3.4138934511013
Train,3.55822434517798,3.55841199218249
Train,3.69526043797068,3.69532027726947
Train,3.82559380780036,3.82572369993997
Train,3.94954207967051,3.9492313326211
Train,4.06787280033881,4.06819309303156
Train,4.18081116729331,4.18072801528089
Train,4.28871756503328,4.28892519332131
Train,4.39178563246932,4.39174800636303
Train,4.4905926500313,4.49078662611483
Train,4.58527299341893,4.58516745668586
Train,4.6760799001637,4.67616045630913
Train,4.76324630290442,4.76344767146494
Train,4.84687677479604,4.84700128864844
Train,4.92739369372744,4.92719225786115
Train,5.00486566914305,5.00459498309484
Train,3.8417176507736,3.84134605025448
Train,3.91584784032434,3.91586892074175
Train,3.98835474569483,3.98886511336078
Train,4.05893737521305,4.05917818538202
Train,4.12784305434423,4.12715215062618
Train,4.19513084467693,4.19529395710034
Train,4.2610215263498,4.26117604385419
Train,4.32523616459041,4.32546125030623
Train,4.38799439595774,4.38742541394296
Train,4.44934521247906,4.44945071930325
Train,4.50948561884176,4.50977719743806
Train,4.56815673274474,4.56816048387392
Train,4.62555494466262,4.62526755468772
Train,4.68172123451424,4.68187216676071
Train,4.73683253413611,4.73666384342706
Train,4.79064817149392,4.79072742868285
Train,4.84334483339475,4.84341930307911
Train,4.89495706061632,4.89455393281443
Train,4.94564468222251,4.94597135136993
Train,4.99518356304237,4.99476244186209
Train,3.98253890065541,3.98246553174087
Train,4.08761369672928,4.08750280654041
Train,4.18854649511616,4.18871994879938
Train,4.28521546873796,4.28489386225757
Train,4.37823206549898,4.37823239494011
Train,4.46746501188722,4.46760515603656
Train,4.55346149080236,4.55341065453669
Train,4.63608455940227,4.63595926531181
Train,4.7156775834943,4.71565829013545
Train,4.79254802685745,4.7925673697193
Train,4.866555381053,4.86649421653984
Train,4.93812420924155,4.93810042583046
Train,5.00711390613794,5.0071931632394
Train,5.07378616767312,5.07358827606932
Train,5.13837683026624,5.1384268991662
Train,5.20074737278202,5.20063829157353
Train,5.26123676121662,5.26140453650279
Train,5.31970887196367,5.31958314229834
Train,5.37647556806557,5.37647388053503
Train,5.43140365366362,5.43116866479451
Train,2.57541751153218,2.57509359890738
Train,2.66773351037141,2.66733444305847
Train,2.75724372216523,2.75718083220837
Train,2.84457538205123,2.84441174246805
Train,2.92956155818734,2.92923632172661
Train,3.0120574683691,3.01189261734745
Train,3.09263369745496,3.09257686258771
Train,3.17112960087315,3.17086745972321
Train,3.24740453320948,3.24716234507124
Train,3.32197990350572,3.32185521701305
Train,3.39470159682592,3.39406482914111
Train,3.46563787842457,3.46582224250434
Train,3.53465434688069,3.53419681687793
Train,3.60221630237717,3.60213181634227
Train,3.66817838554342,3.66710917792644
Train,3.73241114170206,3.73259877025176
Train,3.79534363890809,3.79501679592632
Train,3.85683695974665,3.85634324189433
Train,3.91676666194235,3.91662186997038
Train,3.9755297286727,3.97490251295877
Train,3.80579671084509,3.80624505187208
Train,3.88761316313648,3.88703805287352
Train,3.96672438214273,3.96751111912291
Train,4.04359978103431,4.04296407513012
Train,4.11816832579792,4.11853896796512
Train,4.19037317230911,4.19007249814077
Train,4.26063355140795,4.26116490374826
Train,4.32872618057114,4.32889734335751
Train,4.39504124743278,4.39490768230663
Train,4.45950510390379,4.45905521062942
Train,4.52205618977385,4.52133629689907
Train,4.58304654219205,4.58296319288476
Train,4.64240270334928,4.64301819528029
Train,4.70006219848319,4.69971641602225
Train,4.75634433085773,4.75665260895604
Train,4.81105583117705,4.81082965092556
Train,4.86449670167471,4.86437332243278
Train,4.9165954840518,4.9168686146788
Train,4.96729010380623,4.96701604582833
Train,5.01685478030241,5.01695300430057
Train,3.98188350097481,3.97912185172955
Train,4.08680313198991,4.08355588271135
Train,4.18743392569821,4.18535595910199
Train,4.28403358940905,4.28398657674026
Train,4.37683958905783,4.37489101828597
Train,4.46621432301762,4.46533355382618
Train,4.55206859007462,4.54961417014985
Train,4.6347388523018,4.63405270655695
Train,4.71439900882862,4.71358259146128
Train,4.79121052153352,4.79039211286564
Train,4.86532350740154,4.86538481032604
Train,4.93687771773986,4.936598941573
Train,5.00600341769128,5.00572907065199
Train,5.07282217769136,5.07267845724911
Train,5.13744758698589,5.13744265181068
Train,5.20008659660723,5.19890987136952
Train,5.26063413302367,5.26071517690272
Train,5.31928749055971,5.31927417028984
Train,5.3761341869516,5.37579004973869
Train,5.43125643020805,5.43135622944666
Train,3.80668383142648,3.80588672587893
Train,3.88882324463649,3.88807593550356
Train,3.96818513953141,3.96789986470886
Train,4.0452662335182,4.04549339665592
Train,4.11998889692586,4.11917838244536
Train,4.19229098888572,4.19185355007559
Train,4.26261526232672,4.26236732371236
Train,4.33088218963967,4.33058813307636
Train,4.39702627130198,4.39656499304166
Train,4.46144474884924,4.4610268342387
Train,4.52405781885642,4.52392117216569
Train,4.58494033062171,4.58439836677482
Train,4.64402494988882,4.64402196427019
Train,4.7016585324601,4.70077788879481
Train,4.75776254791856,4.75775181975606
Train,4.81226961763522,4.81198471211811
Train,4.86549494651916,4.86502825914996
Train,4.91736174083572,4.91734671987998
Train,4.96780333482289,4.96700256947426
Train,5.01710749632245,5.01644033616886
Train,3.8065923949056,3.8060997209379
Train,3.8886064197217,3.8874944644942
Train,3.96786976195571,3.9686646856264
Train,4.0448689179732,4.0433853490451
Train,4.11935854780802,4.11942074541204
Train,4.19178912752817,4.19211013046717
Train,4.26192366820588,4.26004694165587
Train,4.33018053607644,4.3303803578876
Train,4.39633105603756,4.39664193103655
Train,4.46076484849178,4.45954574179469
Train,4.52326142725459,4.5233713753316
Train,4.58418457612679,4.58408508641352
Train,4.64332181158807,4.64258666851875
Train,4.70101360927798,4.70043501911479
Train,4.75705526032968,4.75807866769738
Train,4.81176613996812,4.81061417871589
Train,4.86494905877313,4.86395117375488
Train,4.91690422774519,4.91669993002707
Train,4.96744170531372,4.96724177271809
Train,5.01684424331222,5.01618378416807
Train,3.80598169005923,3.80668463173262
Train,3.88779166806166,3.88801403928138
Train,3.96724349491768,3.96735354082758
Train,4.04408185478775,4.04404573285339
Train,4.11860531520063,4.11914130459101
Train,4.19091693476019,4.1909543062413
Train,4.26127611010044,4.26114903631807
Train,4.32944489962584,4.32982998047575
Train,4.3956767528864,4.39601990988214
Train,4.4600530671393,4.45997115901829
Train,4.52279565009858,4.52327963578338
Train,4.58368347116849,4.58386568914849
Train,4.64293431625981,4.64297363486022
Train,4.70061332515475,4.70064722099979
Train,4.75691234861754,4.75740125449939
Train,4.8116263403641,4.81162074061123
Train,4.86494444162969,4.86517069810926
Train,4.91691939854648,4.91708711406155
Train,4.96771882120041,4.96788549274262
Train,5.01715252220658,5.01685268703133
Train,3.80611745251136,3.80659468078576
Train,3.88797624132592,3.88742517055854
Train,3.96729311878952,3.96749714847666
Train,4.04401258563774,4.04402562482411
Train,4.11859352704821,4.11882613345571
Train,4.19096154830705,4.19054521773634
Train,4.26121370022128,4.26107249580874
Train,4.32944144029445,4.32994168495699
Train,4.39558250687602,4.39546326139154
Train,4.46001950625772,4.45989366627529
Train,4.52267654508243,4.52254347793697
Train,4.58362637107861,4.58404928279398
Train,4.64280482988252,4.64240379205713
Train,4.70054659279845,4.70072544613341
Train,4.75677680023322,4.75658882625631
Train,4.81155403926451,4.81169270441225
Train,4.86493390785072,4.86514377315526
Train,4.91685242712222,4.91674408192031
Train,4.96759620615572,4.9673114125928
Train,5.01709318144252,5.01695634325935
Train,2.13110503377716,2.13150409414649
Train,2.35756594039655,2.35728733867855
Train,2.57210037883986,2.57210844678249
Train,2.77517082443318,2.7751235725793
Train,2.96810411893084,2.96834044712724
Train,3.1512295209872,3.15111828359496
Train,3.32566733230252,3.32557189771088
Train,3.49164818564297,3.49198273880594
Train,3.65012812832061,3.65011710722157
Train,3.80126413950996,3.80115586666417
Train,3.94587996244982,3.94601111810535
Train,4.08407718700531,4.08430208196861
Train,4.21657174553676,4.21668242719735
Train,4.34342335170367,4.34322578536213
Train,4.46525915279511,4.46545432543845
Train,4.5821070869374,4.58190326822861
Train,4.69452047452633,4.69493836160674
Train,4.80250309683787,4.80236884964526
Train,4.90654633848788,4.90666211486879
Train,5.00663561660344,5.00657342961696
Train,2.12542718901151,2.12505812859509
Train,2.35680946642296,2.35662400543716
Train,2.57479096064832,2.57494161095948
Train,2.78093242996199,2.78088954684264
Train,2.97596930016715,2.97638878062409
Train,3.16058243735891,3.16014056798869
Train,3.33595177927774,3.33620028965944
Train,3.50240607310473,3.50225909846105
Train,3.66093959731246,3.66073089131734
Train,3.81194632167764,3.81157757033562
Train,3.95579907932705,3.95569716385781
Train,4.09328230255759,4.09288305148058
Train,4.22467195265162,4.22458900118201
Train,4.35023256725699,4.34995577643914
Train,4.4705959788426,4.47039619045446
Train,4.58583598150907,4.58559220837761
Train,4.6965051107009,4.69646949208819
Train,4.8027582378426,4.80240691558194
Train,4.90474721886879,4.90452115642821
Train,5.00292996845484,5.00254640389377
Train,3.09471856431002,3.09620059078062
Train,3.23500323401663,3.23543263463417
Train,3.36948600584679,3.37030714457998
Train,3.49814142093172,3.49849607830239
Train,3.62152099346461,3.62185720976614
Train,3.74011669859572,3.74129285754517
Train,3.85386675800813,3.85417329289177
Train,3.96338341441379,3.96373436947962
Train,4.06858886865565,4.06990623204021
Train,4.16988148579777,4.17026705464942
Train,4.26761921468376,4.26797255007679
Train,4.36170860181815,4.36207236583342
Train,4.4524835826098,4.45279827938995
Train,4.54024536245122,4.54051920809271
Train,4.62489176091581,4.62511385168383
Train,4.70682671634155,4.70749294735489
Train,4.78594487316106,4.78624502733711
Train,4.86250170191183,4.86277442108823
Train,4.93672894857503,4.93697304703002
Train,5.00851923481957,5.00860158402994
Train,3.12102400733333,3.12138596685892
Train,3.2516600495853,3.25126301213296
Train,3.37764850734976,3.37809559565195
Train,3.49961886205335,3.49899810413464
Train,3.61738623568338,3.61743192339255
Train,3.73152542089861,3.73110808164912
Train,3.84185090945959,3.84180501178181
Train,3.948889628503,3.94879416774548
Train,4.05245698182108,4.05224608605405
Train,4.1530377787631,4.15266325302783
Train,4.25044947762383,4.25045303764838
Train,4.34513964281639,4.34504916494026
Train,4.43692862425731,4.43683943264679
Train,4.52623089738912,4.52566996626248
Train,4.61287030698899,4.61258879946237
Train,4.69723180404271,4.69727649531907
Train,4.77914315195154,4.77842203016027
Train,4.85896285064671,4.85876929428397
Train,4.93652286807139,4.93602126889001
Train,5.01215791623429,5.01136986617186
Train,2.12802222313387,2.12863714150282
Train,2.36490506830686,2.36507857904709
Train,2.58741701361465,2.58739126126803
Train,2.79682731094542,2.79692916102632
Train,2.99426001799898,2.99412361228516
Train,3.18050290524228,3.18074058664043
Train,3.35688074995192,3.35665013186209
Train,3.5239672003733,3.52368833282
Train,3.68247760551795,3.68233961743882
Train,3.83305571837262,3.83293104034075
Train,3.97628243440013,3.97601851668352
Train,4.11268328066721,4.11232042996763
Train,4.2427348591471,4.242477625203
Train,4.36687041070761,4.36670492071627
Train,4.48548463667067,4.48473145836962
Train,4.59880853452407,4.59870395302479
Train,4.70743593043426,4.70725500181126
Train,4.81153385241181,4.81133002927
Train,4.91137981519434,4.91112373460256
Train,5.00722911664882,5.00675445484577
Train,1.81038368656383,1.81106379845206
Train,2.02548317459678,2.02602693720675
Train,2.22448315080535,2.22465997022865
Train,2.40912590843956,2.40874911086049
Train,2.58091109202867,2.5810838952004
Train,2.74113651813628,2.74097944423758
Train,2.89093102363444,2.89099356614153
Train,3.03128110080254,3.03116692777459
Train,3.16305264842496,3.16302916063634
Train,3.28700885272938,3.28667649500695
Train,3.4036290244048,3.4038820752705
Train,3.51391553922327,3.51384661772155
Train,3.61819508414626,3.61797341629627
Train,3.71694542006264,3.71681855397238
Train,3.81059495178111,3.81089961592644
Train,3.8995289411069,3.89926784223118
Train,3.98409480442473,3.98426219474842
Train,4.06460664839623,4.06459713153364
Train,4.14134916861401,4.1413328148794
Train,4.21458101321029,4.21507956975821
Train,3.63871956291818,3.63964607658837
Train,3.68443844465506,3.68499051611999
Train,3.72943380900986,3.7295362459283
Train,3.77372269602578,3.77423123009995
Train,3.81732161481877,3.81757564977144
Train,3.86024656409576,3.86059068772212
Train,3.90251305172862,3.902846301082
Train,3.94413611343421,3.94399073643418
Train,3.98513033060777,3.98531304536137
Train,4.02550984735411,4.02575155029464
Train,4.06512318277353,4.0657522885651
Train,4.10431649407969,4.10501524057892
Train,4.14293501937491,4.14293693861165
Train,4.18099131082732,4.18122134782444
Train,4.21849755776087,4.21878791955006
Train,4.25546559967218,4.25614252941724
Train,4.29190693869096,4.29155380713765
Train,4.3278327515116,4.32775405197227
Train,4.36325390082198,4.36341042453042
Train,4.39818094625394,4.39872620893058
Train,2.12394485879005,2.12399488735374
Train,2.36253145342356,2.36236837720045
Train,2.58639664325875,2.58633541746732
Train,2.79686217341245,2.79624782302036
Train,2.99509615828359,2.99480087933099
Train,3.18213477249621,3.18170129174379
Train,3.35890036774416,3.35851682752965
Train,3.52621668424383,3.52594721018451
Train,3.68482168623649,3.68451045389721
Train,3.83537844351841,3.83521294988733
Train,3.97865648210298,3.97839137260436
Train,4.11484315904178,4.11443391420308
Train,4.24460817712452,4.24422043690921
Train,4.36839527853357,4.36805212821693
Train,4.4866082419962,4.48626263275056
Train,4.59961528261212,4.59928118516674
Train,4.70775288291926,4.70747582225723
Train,4.81132913916585,4.81105315954684
Train,4.9106266928821,4.91018936650854
Train,5.00590530649725,5.00520873181287
Train,2.12454614480475,2.12465759157768
Train,2.36124242760022,2.36169645848914
Train,2.583596571022,2.58302852520338
Train,2.79287379339299,2.79338758519062
Train,2.99019474602229,2.99000144189832
Train,3.17634440962545,3.17646208123025
Train,3.35264488666534,3.35283526698387
Train,3.51966784244275,3.5195485652641
Train,3.67812682368655,3.67766798542854
Train,3.82866403305453,3.8280969760801
Train,3.97185902836873,3.97127405742705
Train,4.10823617927866,4.10728274812046
Train,4.23827108360367,4.23672091794125
Train,4.36239610883781,4.36130734151285
Train,4.4810051948849,4.48026311179111
Train,4.5943286719227,4.59349943832623
Train,4.70295978316444,4.70180779901258
Train,4.80706504866697,4.80641819200374
Train,4.90692153400672,4.90654111849127
Train,5.00278414163215,5.00194051274431
Train,3.61781769545303,3.61696737564326
Train,3.71311090183243,3.7125331476802
Train,3.8052118033507,3.80460549043183
Train,3.89461685899784,3.89485760834415
Train,3.98127783886077,3.98138788497291
Train,4.06515968127861,4.06419676780043
Train,4.14670308777205,4.14717336521263
Train,4.22570352652498,4.22475841440083
Train,4.30256964684118,4.30315168661601
Train,4.37724455012331,4.37689814694951
Train,4.44968274008806,4.44957111082314
Train,4.52025102506863,4.52039113450356
Train,4.58889006716147,4.58850679492226
Train,4.65555096029226,4.6558197551769
Train,4.72056486130055,4.71968064116137
Train,4.78375096267509,4.78402154378838
Train,4.84541951261419,4.84532247452281
Train,4.90550990522963,4.90579279611321
Train,4.96397052250287,4.96382028412537
Train,5.02108382208846,5.02023153117463
Train,3.80529054130264,3.80460352976498
Train,3.88679681874998,3.88660830211139
Train,3.96582059737692,3.96535201828575
Train,4.04247359291613,4.04223614495842
Train,4.11702058066718,4.11596679122359
Train,4.18923660522049,4.1885278537504
Train,4.2593794489494,4.25933795037255
Train,4.32753712397606,4.32728037709804
Train,4.39379273013306,4.39302452189278
Train,4.45822479296398,4.45774487581931
Train,4.52104228020264,4.52018068807794
Train,4.58204247929134,4.58188416848699
Train,4.64143038938043,4.64088738624397
Train,4.69926909806741,4.6989946847336
Train,4.75561844390338,4.7550105304783
Train,4.81053522289395,4.80992067859389
Train,4.86418855309537,4.86404648765366
Train,4.91639651904905,4.91601711815948
Train,4.96732599419534,4.96690565145237
Train,5.01702337281038,5.01616275424586
Train,3.80736096473406,3.80799031567059
Train,3.88858403413005,3.88891030666329
Train,3.96735867808067,3.96754761100439
Train,4.04379396240969,4.04460103038783
Train,4.11799256989397,4.1182002873522
Train,4.18989753363257,4.18997738832533
Train,4.25991190495825,4.26026912795188
Train,4.32796357812471,4.32874768861276
Train,4.39413394220815,4.39449208122297
Train,4.45849994758805,4.4588121371473
Train,4.5211344044673,4.52130311821585
Train,4.58210625762007,4.58245802187795
Train,4.64148083954705,4.64171761409144
Train,4.69932010399234,4.70002135742672
Train,4.75568284157655,4.7555968627914
Train,4.81050745255944,4.81092528615974
Train,4.86408474244579,4.86425591079588
Train,4.91634471224362,4.9169547744843
Train,4.96733535591866,4.9672722732923
Train,5.01710236398957,5.0170544109371
Train,2.61222951173734,2.61217162175509
Train,2.80811446214001,2.80792034391762
Train,2.99245153987645,2.99202760500176
Train,3.16576291100847,3.16547167703012
Train,3.3294516305902,3.32883995715948
Train,3.48387819132424,3.4833912021879
Train,3.63020333715609,3.62989099436364
Train,3.76867178625001,3.76818372191902
Train,3.90025659835759,3.89994920297814
Train,4.02511866849551,4.02473424431647
Train,4.14408337770664,4.14374664486078
Train,4.25725040133072,4.25693413796599
Train,4.36532726481494,4.36519550138311
Train,4.46836864157228,4.46764729340631
Train,4.56698679313312,4.56693969805402
Train,4.66120317185336,4.66086432720678
Train,4.75155213950906,4.75111683878478
Train,4.83803057829081,4.83804105818691
Train,4.92110847417142,4.92091965723213
Train,5.0007645517408,5.00013416303246
Train,2.41282712050804,2.41289304671428
Train,2.63109429546865,2.63073015181927
Train,2.83499448716023,2.83472605267726
Train,3.02637901735132,3.02579183880354
Train,3.20614058019622,3.20561019440557
Train,3.37530678295193,3.37484887755473
Train,3.53458766572841,3.53425497980262
Train,3.68520263962307,3.68454898113688
Train,3.82766101707114,3.82735259554303
Train,3.96260791403029,3.96169518185544
Train,4.09046122106435,4.08965211806409
Train,4.21207163177726,4.21132879256239
Train,4.32773961627218,4.32717621128742
Train,4.43789034675677,4.43721380478584
Train,4.54277702375156,4.54233150867932
Train,4.64302076594095,4.64245034230245
Train,4.73880211646381,4.73822186856906
Train,4.83041255545816,4.83000099451075
Train,4.91800795756756,4.91748514566481
Train,5.00205880059445,5.00089267103814
Train,3.80573082075371,3.80564972022895
Train,3.88773727770744,3.88745334059259
Train,3.96701709542473,3.96705185494849
Train,4.04402828289242,4.04364810566241
Train,4.11855134446702,4.1182762268456
Train,4.19101016451579,4.19088647955342
Train,4.26119208402135,4.26125555844393
Train,4.32949058491133,4.32913309399575
Train,4.39569993085284,4.39583899992996
Train,4.46018640179187,4.45987075790819
Train,4.52275117028072,4.52275675122129
Train,4.58373608070372,4.583340224299
Train,4.64294912850176,4.64251418386467
Train,4.70071012561216,4.70052786609286
Train,4.75683375293796,4.75706520753939
Train,4.81161988722901,4.81141361764295
Train,4.86488972160738,4.8640054614718
Train,4.91692503600415,4.91716436533008
Train,4.96755333844134,4.96747637632344
Train,5.01703993013606,5.01649353738886
Train,3.80679963017006,3.80712641172996
Train,3.88853619945631,3.88799714932449
Train,3.96790495497618,3.96787853665793
Train,4.0446788190934,4.04555347649349
Train,4.11914158398224,4.11792130622617
Train,4.1913960576722,4.19153885786201
Train,4.26168896550085,4.26122006691932
Train,4.32980739164389,4.32975301494863
Train,4.39599177344604,4.39587062025222
Train,4.46032332614735,4.45946504134391
Train,4.52301259847589,4.52280281527984
Train,4.58386088680499,4.58356412850318
Train,4.64307442647552,4.64324093606248
Train,4.70071822294743,4.69954782820261
Train,4.75697405317594,4.75659699643276
Train,4.81165690988026,4.81138519654106
Train,4.86494560966168,4.86478363565967
Train,4.91689279812694,4.91611801391829
Train,4.96765701656937,4.96635026678833
Train,5.01706616086291,5.01595194395687
Train,2.1264630479748,2.12482396146717
Train,2.37653488173815,2.37489754769396
Train,2.60914260244254,2.60859267942052
Train,2.8260539302984,2.82513185659465
Train,3.0288058003377,3.02711695363379
Train,3.21851318760073,3.21791330787365
Train,3.39682319959956,3.39698398270249
Train,3.56453123581615,3.56431844836899
Train,3.72255555733417,3.72289070304233
Train,3.87171135732841,3.87179955790835
Train,4.01272482711095,4.01215712498216
Train,4.1462449798098,4.14689477705743
Train,4.27285363793612,4.27151171167335
Train,4.39307390910113,4.39358857490353
Train,4.50737741030857,4.50710981154608
Train,4.61605901206237,4.61570171732293
Train,4.7197740013585,4.71935158626931
Train,4.81873533550023,4.81903681310924
Train,4.91326250996789,4.91292405873011
Train,5.00364701636392,5.00325779617762
Train,2.12529399055227,2.1255347234057
Train,2.3610535701869,2.3611100118853
Train,2.58268886024907,2.58243565723225
Train,2.79143221890031,2.79147150774426
Train,2.98837669011927,2.98818531407434
Train,3.17428418293765,3.17417575821147
Train,3.35045654353513,3.3504758754627
Train,3.51744905314268,3.51736573148647
Train,3.6759609975407,3.67582197547946
Train,3.82662239611984,3.82656033415898
Train,3.97000237094471,3.96998327559251
Train,4.10661633102428,4.10662674241231
Train,4.23693216296233,4.23692786693774
Train,4.36137558470172,4.36147011076738
Train,4.48033479145105,4.48038061121607
Train,4.5940346890195,4.59404151878535
Train,4.70306509449464,4.70305862663573
Train,4.80758836390749,4.80761198001184
Train,4.90787831398354,4.90804040156055
Train,5.00418702186823,5.00414769437904
Train,2.89537513363056,2.89525063778111
Train,3.0536379441106,3.05373949694168
Train,3.20420484140988,3.20396921866105
Train,3.34802429362926,3.34843836228011
Train,3.48515656987851,3.48457926923057
Train,3.61642334737393,3.61664040039451
Train,3.74184210854682,3.74171623479034
Train,3.86213073069763,3.86188025146313
Train,3.97727516498583,3.97691459668405
Train,4.08790741579409,4.08808080092623
Train,4.19399024030099,4.19347906111417
Train,4.2960839175057,4.29607791138752
Train,4.39413423522894,4.39386760823819
Train,4.48864103584654,4.48876486868377
Train,4.57953781612972,4.57907188973533
Train,4.66727308145552,4.66693192921795
Train,4.75177157289784,4.75158730847598
Train,4.83343786296961,4.8332811592829
Train,4.91219062008994,4.91187324201584
Train,4.98839656101453,4.98788640955009
Train,2.12906418543011,2.12952539286035
Train,2.35308141300262,2.35314468679845
Train,2.56542882672524,2.56524238018229
Train,2.76699515810088,2.76703566978741
Train,2.95858112928632,2.95864299229489
Train,3.14110098486479,3.14103115784948
Train,3.31481911535804,3.3151271891713
Train,3.48053063417806,3.48040421934476
Train,3.63877660574406,3.6388411065802
Train,3.79005041695326,3.79028502888669
Train,3.93480291554596,3.93484411648589
Train,4.07344689795771,4.07396164791336
Train,4.20636104075348,4.20636893701359
Train,4.33389335449844,4.33414708471011
Train,4.456364226402,4.45661745228264
Train,4.57419294059069,4.5742851784
Train,4.68740004454056,4.6876047497046
Train,4.79636676456226,4.7962378937029
Train,4.90132696795993,4.90145638833038
Train,5.00249763470914,5.00259131926779
Train,2.11327924112793,2.11481324529287
Train,2.35658173031271,2.3579372724109
Train,2.58402546934839,2.58589632686763
Train,2.79756895725251,2.79983901341094
Train,2.99823329121516,2.9999626748997
Train,3.18714950788917,3.18839918042632
Train,3.36512869458639,3.36652600622457
Train,3.53345533466973,3.5347130210923
Train,3.6927224139305,3.69344987454152
Train,3.84364216199312,3.84493633054645
Train,3.98669984920483,3.98757799530196
Train,4.12278726264177,4.12376491228334
Train,4.25226189343012,4.25316435549959
Train,4.37559430295279,4.37665046004823
Train,4.49308448494283,4.49396915524104
Train,4.60538031108931,4.60592972321884
Train,4.71270265088896,4.71341037710064
Train,4.81537475333231,4.81591404579214
Train,4.91358611179845,4.91375073409855
Train,5.00782502962246,5.00791535829395
Train,2.11931570564177,2.11957064506915
Train,2.3406265962765,2.34076207141535
Train,2.55116795758867,2.55121911728767
Train,2.75129450116235,2.75130531432861
Train,2.94195662315319,2.94193231030132
Train,3.12399779507719,3.1241524098643
Train,3.29763110619184,3.29738114031553
Train,3.46376840277535,3.46415562215608
Train,3.62255649902256,3.62239481313574
Train,3.77462943147285,3.77457251788129
Train,3.92055509928084,3.92062354553328
Train,4.0604092681375,4.06040545090783
Train,4.19470191116971,4.19446046148934
Train,4.32389192490515,4.32424249897141
Train,4.44800740475618,4.44781424953745
Train,4.56758893748675,4.56760692961162
Train,4.68264181646858,4.68292217389736
Train,4.79353331726023,4.79323135918295
Train,4.90059612973595,4.90060097780062
Train,5.00381083553416,5.00374325930007
Train,2.12839386717379,2.12890934152366
Train,2.365771339067,2.36557097256647
Train,2.58861642001629,2.5880301452764
Train,2.79822399569451,2.79748279605902
Train,2.99595677854541,2.99516806938683
Train,3.18238533043354,3.18181497938914
Train,3.35864594203122,3.35777071988397
Train,3.52554838030815,3.52539631966848
Train,3.68381865018817,3.68320411506121
Train,3.83410955193628,3.83328992545122
Train,3.97716753219631,3.97709528632751
Train,4.11320149800927,4.11276120704698
Train,4.24285952041615,4.24230886289862
Train,4.36657959778536,4.36644812568394
Train,4.48476050856266,4.48428349286606
Train,4.59776610501519,4.59747661795537
Train,4.70604892226684,4.70578846802729
Train,4.80966900378909,4.80925675244199
Train,4.90903120470013,4.90909594563547
Train,5.00439268407793,5.00388536269949
Train,3.72531940591216,3.72579893544226
Train,3.81355006248276,3.81436043627237
Train,3.89910370578193,3.89997541648173
Train,3.98176646028418,3.98200485575782
Train,4.06200497426463,4.06228507729812
Train,4.1396107291213,4.14051298967953
Train,4.21501447792363,4.21501830359395
Train,4.28801348777979,4.28923707987834
Train,4.35900664635875,4.35899160895698
Train,4.42779725741733,4.42795477750243
Train,4.49475579342107,4.49597316545097
Train,4.55969171397872,4.55976621228748
Train,4.62295004665311,4.62323778831543
Train,4.68434642897675,4.68452640053348
Train,4.74420301403268,4.74499745001068
Train,4.80234156827577,4.80281937895981
Train,4.85906360552771,4.8596445784735
Train,4.91419692076629,4.91405170727941
Train,4.96802434118798,4.96786533918404
Train,5.0203795533777,5.02047374688319
Train,2.12342114714285,2.12399812859641
Train,2.34787688663283,2.34788726469034
Train,2.56067714470089,2.56103684609681
Train,2.76270681057394,2.76285629993637
Train,2.95454483116554,2.95510308679351
Train,3.13735944970684,3.13799131936886
Train,3.31157383725271,3.31206937521548
Train,3.47778092391275,3.47782337004011
Train,3.63652035933355,3.63630994561955
Train,3.78828436590831,3.78843559664002
Train,3.93335700316597,3.93305875809002
Train,4.07248886439546,4.07243234007748
Train,4.20588483348326,4.20619091006867
Train,4.33389245095729,4.33519108708989
Train,4.4568317363142,4.45731799867482
Train,4.5749978593045,4.57624901073197
Train,4.68853339679662,4.68933341212525
Train,4.7979556877325,4.79841248430804
Train,4.90336333270543,4.90368843773305
Train,5.00497329444606,5.00544758744783
Train,2.1208704296624,2.12176145752729
Train,2.34465519429434,2.34367066893739
Train,2.55717767725885,2.55689399815147
Train,2.75878680337357,2.75850244558225
Train,2.95075851920009,2.95094274567801
Train,3.13333216068679,3.13450863400632
Train,3.30759612221184,3.3069188594911
Train,3.47370835082017,3.47368982171084
Train,3.63260634091391,3.63343469149751
Train,3.78438719218116,3.78449690679755
Train,3.92986554903779,3.93032041158787
Train,4.06909280128947,4.06998552263959
Train,4.20278250003747,4.20364851847827
Train,4.3309515951509,4.33103456711816
Train,4.45422962792305,4.45438396900701
Train,4.57260757488032,4.57285677179081
Train,4.68664453331732,4.68625532531788
Train,4.79631191747419,4.79704912362487
Train,4.90210926517572,4.90177039805186
Train,5.00399331640657,5.00396100686904
Train,2.12924931223767,2.12958193195501
Train,2.35912135883691,2.3590536400645
Train,2.57606560891658,2.5765285895379
Train,2.78134971765133,2.78129013197232
Train,2.97549677801343,2.97573303324153
Train,3.15957488024274,3.15978063598797
Train,3.33434752821244,3.33477744320973
Train,3.5005029360257,3.50056403518666
Train,3.65882320039333,3.65925711269502
Train,3.80954418524963,3.81019506030699
Train,3.95334573313776,3.95357434073431
Train,4.09069364756216,4.09073594493221
Train,4.22214607077486,4.22254760390407
Train,4.34781929167818,4.34788582681559
Train,4.46820830188515,4.46847666396772
Train,4.58363951855301,4.58372101222468
Train,4.69441301658393,4.69461982572303
Train,4.80091331381728,4.80103806459575
Train,4.9031747958769,4.90343478670385
Train,5.0015455379266,5.00148517211911
Train,2.12268676356649,2.12281111118338
Train,2.35437024298205,2.35412474936876
Train,2.57261457400547,2.57240001320152
Train,2.77900928900267,2.77870950456255
Train,2.97427889183946,2.97409891665139
Train,3.15929927688799,3.15896002321662
Train,3.33466344003837,3.33448331237943
Train,3.50147538002271,3.50135927305583
Train,3.66017057548459,3.65986070133132
Train,3.81132737330689,3.81079995358797
Train,3.95531135041539,3.95510105041668
Train,4.09292492768439,4.09266266491087
Train,4.22443618249143,4.22419048200956
Train,4.35024221157688,4.35021685674857
Train,4.47057315835938,4.4700074236118
Train,4.58603412447468,4.58607173184847
Train,4.69679208283185,4.6965217520503
Train,4.80312864558078,4.8025627253248
Train,4.90519018636411,4.90494840856101
Train,5.00344703892792,5.00300664559674
Train,2.12265009782257,2.1230382400665
Train,2.35572979025563,2.35576523641631
Train,2.5750598392882,2.57433948435774
Train,2.78228252437193,2.78182720387687
Train,2.97815509591462,2.97721502615806
Train,3.16337869508461,3.16220876464851
Train,3.33919032227398,3.33903649205805
Train,3.50610313654632,3.50611262496587
Train,3.66459901773056,3.66417591768751
Train,3.81563599656026,3.81349915463417
Train,3.95956741881483,3.95734426591499
Train,4.09688318371382,4.09630560269781
Train,4.22788248146663,4.22701321405312
Train,4.3532717463446,4.35203807530908
Train,4.4732692247139,4.47190187776706
Train,4.5880866177951,4.58748965371543
Train,4.69829906504583,4.69742719849293
Train,4.80405938971801,4.80359597355547
Train,4.90551810405756,4.90461099094156
Train,5.0031513190045,5.0023810464356
Train,2.12003463554383,2.11988056837637
Train,2.35714783650814,2.35683035369058
Train,2.57988878253158,2.57942068887334
Train,2.78952576432176,2.7889842377319
Train,2.98718210835904,2.98632893250598
Train,3.17385631307468,3.17357091208597
Train,3.35043891934648,3.35009434450532
Train,3.51772671694906,3.51722307667497
Train,3.67643476517014,3.67623153141013
Train,3.82720661015239,3.82693975895583
Train,3.97076419218273,3.97058446057255
Train,4.10734393666354,4.10722649603687
Train,4.23757068763201,4.23752849944341
Train,4.36187763354051,4.36160063106055
Train,4.48065945461069,4.48064110427205
Train,4.59427650878617,4.59435194120143
Train,4.70305848327393,4.70303428708413
Train,4.80730758961421,4.8072224154441
Train,4.9073013674932,4.90751241380914
Train,5.00329515207782,5.0035769172193
Train,3.80508631483291,3.80481158063977
Train,3.88654810933985,3.88708565300313
Train,3.96554137244398,3.96483184204609
Train,4.04217663505703,4.04209298665065
Train,4.11655792629238,4.11702047734999
Train,4.18878324460844,4.1878910696889
Train,4.25894498856847,4.25888691118799
Train,4.32713035119821,4.32741489426754
Train,4.39342168148047,4.39295281045835
Train,4.45789681613797,4.45850995056591
Train,4.52062938451491,4.52015316472008
Train,4.58168908906809,4.58153667861753
Train,4.64114196371404,4.64167891062081
Train,4.69905061204529,4.69871078100388
Train,4.75547442722233,4.75553102438263
Train,4.81046979516499,4.8103558706118
Train,4.86409028250449,4.86421124209866
Train,4.91638681061312,4.91632952142955
Train,4.96740781690015,4.96726380532911
Train,5.01719940444774,5.01691835159928
Train,3.18919590616482,3.1895306801218
Train,3.35110363820856,3.35073957158803
Train,3.50017321443827,3.50006279322607
Train,3.63809633302091,3.63726324330329
Train,3.76566391271009,3.76557469918972
Train,3.88419202512317,3.88278939236462
Train,3.99460860156457,3.9946872380444
Train,4.09771876847839,4.09714784749141
Train,4.19438176813094,4.19417761852875
Train,4.28488832998997,4.2842577861322
Train,4.36994699884477,4.36999367961308
Train,4.4500352933538,4.44901996603059
Train,4.52570006680876,4.52529682816586
Train,4.59706403329089,4.59672562027682
Train,4.66459410755469,4.66378510964042
Train,4.72859116050274,4.72830531925339
Train,4.78932538379668,4.78916373024023
Train,4.84713484658777,4.84687981739099
Train,4.90204523927743,4.90129265919151
Train,4.95435506960501,4.95393911813354
Train,2.12396630538222,2.12482820755232
Train,2.35179801990334,2.35236857434048
Train,2.56719130228627,2.56759487558357
Train,2.77113769693759,2.77135781658418
Train,2.96472585072628,2.96552466626437
Train,3.14834545487138,3.14748777125916
Train,3.3229274537559,3.32318118616805
Train,3.48912305658993,3.48952334036059
Train,3.64752237575987,3.64712399350375
Train,3.79866142779374,3.79894914503003
Train,3.94317785281554,3.94301017474046
Train,4.08121105218151,4.08175724728627
Train,4.21332460613861,4.21359993272764
Train,4.33989132251716,4.34042661512486
Train,4.46125334785472,4.461435907315
Train,4.57772525603336,4.57816187455156
Train,4.68971305924139,4.68996590837761
Train,4.79724700049699,4.79747830880862
Train,4.90069504887542,4.90106533461059
Train,5.00028573597156,5.00043493040922
Train,2.12959268598176,2.12944037713734
Train,2.34922797403016,2.34900975766342
Train,2.55808462116416,2.55788104642326
Train,2.75693707001518,2.75691727251088
Train,2.94648730718673,2.94638593372493
Train,3.12737314322413,3.12712503010536
Train,3.300175382515,3.30022324062357
Train,3.46542405295298,3.46535106690336
Train,3.62360383613738,3.62389133328744
Train,3.77515881529847,3.77517751880642
Train,3.92049663890815,3.9204017318718
Train,4.05999218218508,4.06047312705979
Train,4.19399077574487,4.19396298602279
Train,4.32281105994149,4.3227422482216
Train,4.44674751456767,4.4469773275434
Train,4.56607270619007,4.56606312178902
Train,4.68103928921828,4.68149376596031
Train,4.79188179162676,4.79184538325554
Train,4.89881821189066,4.89901498243327
Train,5.00205145001714,5.00196828024328
Train,2.12566445510026,2.12612300602105
Train,2.3510771857013,2.3511274783361
Train,2.5643697422057,2.56455258345724
Train,2.76693524240595,2.76693443415044
Train,2.95935288700232,2.95967856208355
Train,3.14216688607041,3.14234304959447
Train,3.31645903249907,3.31653245388062
Train,3.48262977900552,3.48329078124353
Train,3.64106046988412,3.64136737686769
Train,3.79261081227122,3.79350540803554
Train,3.93756061359706,3.93753568828307
Train,4.07633189810952,4.07728654142758
Train,4.20916581699346,4.20931537644193
Train,4.33671472675721,4.33740033952764
Train,4.45915344895581,4.46004390977961
Train,4.57665406274027,4.57734321331574
Train,4.68975735968976,4.69106283229322
Train,4.79858602189858,4.79903910712002
Train,4.90326284345048,4.90329879018301
Train,5.00424258269513,5.00443782821295
Train,0.883406418023391,0.88506357743446
Train,1.16053240111596,1.16021836809724
Train,1.415347312742,1.41564361617767
Train,1.64968499032115,1.64998333895911
Train,1.8662672181082,1.86605765900296
Train,2.06736284559467,2.06748293174516
Train,2.25397073943433,2.25376280548354
Train,2.42788327684906,2.42740423128836
Train,2.59061699747766,2.59033110067886
Train,2.74272144222805,2.742297901221
Train,2.88543657785304,2.88527475613793
Train,3.01960576818161,3.0191836856122
Train,3.14618016407275,3.14592876687149
Train,3.26539767298131,3.26516300833665
Train,3.37806498066384,3.37799751024996
Train,3.48488162631605,3.48442522793467
Train,3.58596105495869,3.5857577664303
Train,3.6819099195626,3.68172703743604
Train,3.77325840106972,3.77286934638161
Train,3.86004507831147,3.85984103376378
Train,2.1277819703467,2.12803267346154
Train,2.3553920426656,2.35548972974558
Train,2.57056746525497,2.56991978216157
Train,2.774510200992,2.77427955821823
Train,2.96767848696358,2.96688588142043
Train,3.15109327755476,3.15078357496369
Train,3.32547509579793,3.32485305322754
Train,3.49147520042057,3.49087657765832
Train,3.64984737003697,3.6492263456441
Train,3.80079286731003,3.80173910697541
Train,3.9449711958806,3.94454957643594
Train,4.0828274556459,4.08254870457878
Train,4.21490531602045,4.21566523305793
Train,4.34129827692849,4.34106503299173
Train,4.46249118487946,4.46285877731335
Train,4.57879848197566,4.57865452632742
Train,4.69050975921922,4.69028954234292
Train,4.79800371026766,4.7980516027803
Train,4.90129987929587,4.90129022843959
Train,5.00074266561156,5.00056558111666
Train,2.1202359420544,2.12336362434709
Train,2.35623760001112,2.35898606093016
Train,2.5780921314055,2.58016203776989
Train,2.78703459336688,2.78973792111557
Train,2.98416034608739,2.98806697649908
Train,3.17044426101161,3.17222658391821
Train,3.34675684452105,3.35526702031549
Train,3.51387783992243,3.51574941056807
Train,3.67250775616745,3.67619217524608
Train,3.82327768285522,3.82575232234213
Train,3.96675768152906,3.96847400634052
Train,4.1034639885138,4.10387453371933
Train,4.23386522114016,4.2363851771208
Train,4.35838774460766,4.36352963472947
Train,4.4774203290061,4.47963339869076
Train,4.59131820366708,4.5926015953357
Train,4.70040659791529,4.70239026381952
Train,4.80498384255612,4.80552614238897
Train,4.90532409438881,4.90546640362865
Train,5.00167973614037,5.00182364581107
Train,3.74273550016899,3.74281508485202
Train,3.82874242906088,3.82834854781159
Train,3.91204548926235,3.91241731921237
Train,3.99277021307129,3.99296016371428
Train,4.07103448043977,4.07065868014817
Train,4.14694909332201,4.14690981322402
Train,4.22061829905803,4.22059423121592
Train,4.29214026799212,4.29230706040308
Train,4.3616075299277,4.36107953839584
Train,4.42910737349907,4.42958716238555
Train,4.49472221208447,4.49455167374819
Train,4.55852991948575,4.55851446194557
Train,4.62060413824944,4.62041097478706
Train,4.68101456319575,4.6811978007847
Train,4.73982720245054,4.73932619748504
Train,4.79710461803561,4.79700152923962
Train,4.85290614786091,4.85330666923093
Train,4.90728811077458,4.90728193501692
Train,4.96030399616043,4.96002873056042
Train,5.01200463942448,5.01197632002933
Train,3.79693439556105,3.79691175445824
Train,3.87713520306871,3.87725948028875
Train,3.9550573806178,3.95481154676437
Train,4.03066236005442,4.03072323701618
Train,4.10431291925466,4.10454890246384
Train,4.17595643483801,4.17573863666095
Train,4.24567384459165,4.24572396639106
Train,4.31354179207023,4.31369451690827
Train,4.37951559202317,4.37955761921895
Train,4.44390176439146,4.44385067334425
Train,4.50664522886314,4.5066993115017
Train,4.5678080600802,4.56777580686522
Train,4.62734330767854,4.62743845284987
Train,4.68552151860691,4.68560225118036
Train,4.74228743974852,4.74228273434911
Train,4.79769187990683,4.79783430112203
Train,4.85178323955669,4.85186042908955
Train,4.90451375460769,4.90452622471477
Train,4.95611737794341,4.95616256827472
Train,5.00653996048326,5.00653256809002
Train,2.1221828949409,2.12219891493643
Train,2.33175225558076,2.33189812422116
Train,2.5328438757832,2.53260247507043
Train,2.72558592830184,2.72596230461041
Train,2.91066809938173,2.91084929803602
Train,3.08853811646379,3.08873737623636
Train,3.25977644433965,3.25982094000775
Train,3.42442543521786,3.42456423107634
Train,3.58301291669796,3.58294088288877
Train,3.73586756797782,3.73590127735789
Train,3.88343881385723,3.88369847876512
Train,4.02571753041377,4.02561480298228
Train,4.1631175952725,4.16320988238496
Train,4.29588570789803,4.29592841741234
Train,4.42437781882477,4.424515689456
Train,4.54855396622357,4.54857397598445
Train,4.66874551509666,4.66882883748459
Train,4.78514122530234,4.78513288043379
Train,4.89802858904853,4.89800227989527
Train,5.00734949443841,5.00705849038624
Train,2.127363861585,2.12719063155438
Train,2.36120034487585,2.36127629014865
Train,2.58131109369605,2.58132893770945
Train,2.78887016057013,2.78895714588199
Train,2.98473759057274,2.98454979837899
Train,3.1702220432636,3.17006027920635
Train,3.34596255326694,3.3463751841102
Train,3.51270727830512,3.51252408160709
Train,3.67112969428027,3.67123676160392
Train,3.82183768690393,3.82166792474728
Train,3.96524621173849,3.96540068450687
Train,4.10213074547067,4.10211657954116
Train,4.23280324799678,4.23289151794435
Train,4.35767720435445,4.35770077122489
Train,4.47713019960063,4.47727734125712
Train,4.59150773221558,4.59143378806604
Train,4.70102304081977,4.70103421182122
Train,4.80617825226882,4.80629482424976
Train,4.90713312034883,4.90716993647421
Train,5.00413438630347,5.00407305878454
Train,2.12697172194735,2.1275784214724
Train,2.34708100812815,2.34686986874495
Train,2.55662844887172,2.55585576670475
Train,2.75589571631045,2.75527841042841
Train,2.94584034493259,2.94515738574975
Train,3.12710161436918,3.12621759413943
Train,3.30046199925953,3.30014487244099
Train,3.46604339843245,3.46563498646193
Train,3.62454114621304,3.62435486202068
Train,3.77640028600461,3.77545661297537
Train,3.92219814783348,3.92157505678753
Train,4.06196608943863,4.06181577017397
Train,4.19622609537134,4.19536810675182
Train,4.32529745712326,4.32490757397883
Train,4.44961942211055,4.44916209381537
Train,4.56917146386033,4.56897753928407
Train,4.68435652012277,4.68384447306217
Train,4.79540957440937,4.79488873536885
Train,4.90267360385345,4.90217190593668
Train,5.00609851481497,5.0053447699158
Train,2.12679631226947,2.12665476896128
Train,2.35941052263164,2.36111010725491
Train,2.57855838927712,2.57798801664668
Train,2.7853763926517,2.78536781115891
Train,2.9807093859723,2.98116196547763
Train,3.16580492170389,3.16585247629174
Train,3.34129673264503,3.3410317584514
Train,3.50791335586963,3.50785428936998
Train,3.66631145689403,3.66663288317269
Train,3.81708447918541,3.81746367790967
Train,3.9606466690095,3.96079707247756
Train,4.0977387037355,4.09733327231353
Train,4.22867562454959,4.22924183039705
Train,4.35386285562561,4.35340465140163
Train,4.47367098020691,4.47379199341432
Train,4.58843940454499,4.58886467179237
Train,4.69838477973748,4.6980130307804
Train,4.80398676873918,4.80409257833727
Train,4.90541021219951,4.90547806495507
Train,5.00289830872002,5.00274089220894
Train,2.11959601515214,2.11983351364162
Train,2.35722643235063,2.35709933853124
Train,2.58036662613676,2.58032886818747
Train,2.79030275957965,2.79031691630936
Train,2.98817315549093,2.98805097847636
Train,3.17512527668088,3.17526118590305
Train,3.35178037342223,3.35147918471395
Train,3.51908850969932,3.51923935497163
Train,3.67777239842959,3.67786329358406
Train,3.82848211710734,3.82842761820413
Train,3.97180400931826,3.97190884700304
Train,4.10826830850856,4.10803314775532
Train,4.23835569298829,4.23853429327775
Train,4.36250294297825,4.36234630679447
Train,4.48110784000778,4.48122737376817
Train,4.59461671815349,4.59454808611391
Train,4.70319147943707,4.70335609194282
Train,4.80722338508463,4.80704241824625
Train,4.90699170771931,4.90721792424503
Train,5.0027532885297,5.00255655558632
Train,2.12039105261456,2.12006265644796
Train,2.3519822061585,2.35231340056108
Train,2.57043058964956,2.57018073987839
Train,2.77682410972723,2.77714880175173
Train,2.97213382689387,2.97219058573884
Train,3.15722923256873,3.1570782226756
Train,3.3328911903418,3.33282087215249
Train,3.49982294773069,3.49983858744073
Train,3.65865954593095,3.65863850641673
Train,3.80997589302896,3.80985432129656
Train,3.95429371703377,3.95448797670016
Train,4.09208757596232,4.09185221744539
Train,4.22379007087277,4.22381658980358
Train,4.3497963825008,4.34986370040698
Train,4.47046823172203,4.47036325794962
Train,4.58613734744369,4.58612133091284
Train,4.69710851194662,4.69714492924887
Train,4.80366224254902,4.80366348517983
Train,4.90605715927261,4.90605118962977
Train,5.00453208058388,5.00448811245061
Train,3.22398001027772,3.22289039803783
Train,3.29707425894986,3.29784344661513
Train,3.36821696589716,3.36776271282926
Train,3.43748525777209,3.43669267215065
Train,3.50495224991938,3.50481281619633
Train,3.57068730381067,3.57061160392387
Train,3.63475626490474,3.63355606910246
Train,3.69722168264786,3.69702505955703
Train,3.75814301415965,3.75820566101012
Train,3.81757681299849,3.8170926238765
Train,3.87542571072129,3.87593380893505
Train,3.93204693596976,3.93167834624384
Train,3.98733443150319,3.98774480092671
Train,4.04133477336249,4.04092056630381
Train,4.0940923938599,4.09428865515494
Train,4.14564970351116,4.14517280162019
Train,4.1960472047389,4.19557414468565
Train,4.24532359798794,4.2454328506412
Train,4.29351588083683,4.29317995458242
Train,4.34065944063894,4.34018930205476
Train,2.41237842794327,2.41416258926093
Train,2.51041837603494,2.51000262158979
Train,2.60552362221936,2.60693349265986
Train,2.69824767652747,2.69887683194084
Train,2.78826511213988,2.78929807795267
Train,2.87609419753086,2.87731547250788
Train,2.96142144075541,2.96117030153092
Train,3.04473318691561,3.04526466912849
Train,3.12572747707103,3.12740623889314
Train,3.20486164527284,3.20484237252296
Train,3.28184484139847,3.28250793754906
Train,3.35710795500672,3.35721531139844
Train,3.43037080987208,3.43222101015109
Train,3.50204012163821,3.50316267561922
Train,3.57184595081877,3.57214786421374
Train,3.64017285519684,3.64139997012008
Train,3.70676069880167,3.70796083728984
Train,3.77197367779375,3.7724380830825
Train,3.83556103484577,3.83602681792601
Train,3.89786821011268,3.89750182184272
Train,2.11374944733475,2.11399358808759
Train,2.34061683915293,2.34060475017233
Train,2.5556287583463,2.5560112945661
Train,2.75929575866743,2.75950238844435
Train,2.95267995739892,2.95264027612776
Train,3.13654092174186,3.1367171617114
Train,3.31173517103357,3.31186543802525
Train,3.47853700265252,3.47870934169097
Train,3.63768985289354,3.63784159409826
Train,3.78970806428591,3.78972968676154
Train,3.93520233142538,3.93554119546226
Train,4.07431271148091,4.07422346358563
Train,4.20757997417101,4.20782508381145
Train,4.33536469354172,4.33530790820279
Train,4.4581179357134,4.45826931242683
Train,4.57590120583772,4.5759428606527
Train,4.68912065863185,4.68914723351755
Train,4.79803650811661,4.79812439452709
Train,4.90299193878839,4.90307605098334
Train,5.00400163362495,5.00401344598341
Train,3.84189218210925,3.84139819998583
Train,3.91914570888167,3.91902022304404
Train,3.99404245335493,3.99443963792347
Train,4.06697075439214,4.06676262582388
Train,4.13773209783996,4.138415773594
Train,4.20668850268692,4.20577665788934
Train,4.2736477309011,4.27381214644466
Train,4.33894810605683,4.33920525012419
Train,4.40240362912144,4.40199243401931
Train,4.46433121481758,4.46397276779154
Train,4.52455101246306,4.52472504952513
Train,4.58336052897372,4.58358944165794
Train,4.64058593291853,4.63992255871764
Train,4.69650708194124,4.6964256375015
Train,4.75095600778627,4.75113978592909
Train,4.80419647036785,4.80413471483026
Train,4.8560661902854,4.8562329295257
Train,4.90681420376901,4.90669460635237
Train,4.95628373434393,4.95582636805758
Train,5.00471031572566,5.00462000853642
Train,3.17326917347123,3.1735037769815
Train,3.31114591244312,3.31089381417243
Train,3.44256973444773,3.44306608466851
Train,3.56798329569134,3.56740533514513
Train,3.68794945837806,3.68771203574416
Train,3.80250955511672,3.80308775414798
Train,3.91216706133744,3.91219616991131
Train,4.01723009311391,4.01720725892502
Train,4.11798147716839,4.11727724643625
Train,4.21468129330634,4.21459270917895
Train,4.3076933378866,4.30781739227151
Train,4.39698546294538,4.39748838416764
Train,4.48289119812497,4.48296852289624
Train,4.56559960089773,4.56555773433339
Train,4.64528591275479,4.64552525785094
Train,4.72211279862145,4.72238094879341
Train,4.79633078743111,4.79647059095279
Train,4.86787852528508,4.86810425246787
Train,4.93699006652049,4.93726144294325
Train,5.00378775675194,5.00363613572173
Train,2.42746433646033,2.42790119523326
Train,2.48640199061086,2.48620195556415
Train,2.54435298802687,2.54424734387995
Train,2.60174376549108,2.60304242944604
Train,2.65838252697084,2.65799577222261
Train,2.71408770691495,2.71305519380095
Train,2.76926864099013,2.76985878347679
Train,2.82354918999678,2.82327099092273
Train,2.87732786557413,2.87811022432489
Train,2.9304241777447,2.93027696158807
Train,2.98266694162148,2.98206180925464
Train,3.03443921864485,3.03543807994193
Train,3.08556684506708,3.08449398281865
Train,3.1358844595936,3.1355134280113
Train,3.18576056252825,3.18582673073089
Train,3.23485397289149,3.23522929611701
Train,3.2835239492721,3.28314680763489
Train,3.3316061741713,3.33215029569893
Train,3.3789443720149,3.37893763802114
Train,3.42588457504986,3.42487050606561
Train,1.82646787689097,1.82703260941181
Train,1.90525791844439,1.90599159507311
Train,1.98270267548582,1.98294485486459
Train,2.05883631103993,2.05858832420764
Train,2.13391473999949,2.13411380250747
Train,2.20752038594211,2.20735927379629
Train,2.27991079699546,2.27956758971978
Train,2.35111582218725,2.35237953444285
Train,2.42116434093403,2.4205550890276
Train,2.49008430209492,2.49047454917146
Train,2.55810478786715,2.55800867085255
Train,2.62484475181526,2.62518847660814
Train,2.69053485946431,2.69031815978652
Train,2.75519968971901,2.75551203802589
Train,2.81886306018045,2.81861072154262
Train,2.88154805639523,2.88193963218347
Train,2.94346101440315,2.94338557405191
Train,3.00425295518589,3.00458801906844
Train,3.06413172113584,3.06464467880343
Train,3.12311773449742,3.12323147306071
Train,2.12516466065827,2.12612622439539
Train,2.33716114908949,2.33720182823364
Train,2.53996805982947,2.54019171304227
Train,2.7341702387169,2.73407414465165
Train,2.92030393462083,2.92080151915271
Train,3.09886174434207,3.0982129822207
Train,3.27029696576513,3.2706456833641
Train,3.4350274402613,3.43519767694144
Train,3.59343895291489,3.59352539274024
Train,3.74588824882124,3.74591672289372
Train,3.89270571509763,3.89261319763883
Train,4.03419777104592,4.03454857736707
Train,4.17064900285793,4.17036450398356
Train,4.30232407415955,4.30245511176164
Train,4.42946943938306,4.42928904087077
Train,4.55231488330608,4.55258102481658
Train,4.67107490699119,4.6708823227693
Train,4.78594997771227,4.78603426403625
Train,4.89712765818979,4.89726218041889
Train,5.00478362851573,5.00441913989763
Train,-2.74344279740449,-2.74445359308246
Train,-2.49832366551957,-2.49742347797454
Train,-2.2603346184739,-2.26129709535761
Train,-2.03018457327557,-2.03015239688629
Train,-1.8070023949338,-1.80695628515404
Train,-1.5899992113954,-1.58999996166839
Train,-1.37984986589535,-1.38135118126755
Train,-1.1753363876652,-1.17530126085129
Train,-0.977110728950478,-0.976429332380383
Train,-0.78446379399358,-0.786121186816479
Train,-0.596750155832868,-0.597157685768059
Train,-0.414587902391232,-0.415867226261787
Train,-0.237344491965689,-0.237345004324914
Train,-0.0644425461914411,-0.0642981353319443
Train,0.103532628297502,0.10230399553094
Train,0.267510008998287,0.267197108913217
Train,0.426925364204251,0.427809427490695
Train,0.58230854151931,0.581697154515689
Train,0.734145301036514,0.732632039979046
Train,0.881901677704193,0.881222348800486
Train,4.22114307401785,4.2213563192183
Train,4.27092915387103,4.2707943251282
Train,4.31968659154348,4.31956868126346
Train,4.36744694060283,4.36724896255165
Train,4.41405882320019,4.41425161763092
Train,4.45991823203486,4.45976745882418
Train,4.50486769302297,4.50495931381939
Train,4.54893402305271,4.54887759031973
Train,4.59214299550984,4.59229890592015
Train,4.63451939054477,4.63438750897532
Train,4.67592558152676,4.67599177602662
Train,4.71671046143182,4.7165411562257
Train,4.75673152064307,4.75683671033604
Train,4.7960100173901,4.79617524019178
Train,4.83456642829078,4.83443790462317
Train,4.87242048394644,4.87233416114597
Train,4.9094467456612,4.90950178274417
Train,4.94595503797459,4.94601537708714
Train,4.98181595037012,4.98165341001205
Train,5.01704655092553,5.01696356405429
Train,4.11470868154158,4.1142992671541
Train,4.17185788001603,4.17187888263853
Train,4.22786464747821,4.22766889318356
Train,4.28235986950848,4.28233993268642
Train,4.33559920371485,4.33492357727865
Train,4.38762557000765,4.38704146861547
Train,4.43866756461441,4.43816903462558
Train,4.48838497194864,4.48830474125335
Train,4.53700712917677,4.5368719100754
Train,4.58456983373308,4.58447000920406
Train,4.63127910889496,4.63112541206848
Train,4.67682056651814,4.67680800314903
Train,4.72140114312707,4.72115039337424
Train,4.76505093175444,4.76504460384805
Train,4.80795663467098,4.80772418256512
Train,4.84982700370102,4.84986421526829
Train,4.89084974959399,4.89065315694662
Train,4.93105035333707,4.93098610275248
Train,4.97059884652402,4.97025418267205
Train,5.00922476797889,5.00808590321523
Train,4.21992064579747,4.21969027791257
Train,4.26974022623536,4.26967989955502
Train,4.31871438741194,4.31870034086952
Train,4.36649107150088,4.36653954372215
Train,4.4132949956313,4.41325564651762
Train,4.45915556930988,4.45920925239099
Train,4.5042762066365,4.50426230381182
Train,4.54833022727626,4.54836331320095
Train,4.59152241289011,4.59151733704695
Train,4.63387780879594,4.63392615956965
Train,4.67558247784803,4.67558300591755
Train,4.71633256765756,4.71628093341698
Train,4.75631550314629,4.75635308019101
Train,4.79555274577615,4.79556672823147
Train,4.83421518048099,4.834235163815
Train,4.87201954791835,4.8720175377841
Train,4.90913806551148,4.90917573970202
Train,4.94558922959314,4.94554914636884
Train,4.98153056800724,4.98152082333965
Train,5.01669745030281,5.01661595021707
Train,2.87111866873502,2.87146239878185
Train,3.03689672073881,3.03715979908721
Train,3.19420326832043,3.19419570813826
Train,3.34367149289273,3.34351518407331
Train,3.48587300900729,3.48643814156659
Train,3.62132516977263,3.62104968036712
Train,3.75049735616833,3.75094297993038
Train,3.87381641140306,3.87384248367217
Train,3.99167135290364,3.99200130628579
Train,4.10441747153266,4.10450572691681
Train,4.21255285242099,4.21245828908851
Train,4.31602262236003,4.31622980258381
Train,4.41528112076258,4.41527836756196
Train,4.51058032119914,4.51068435066028
Train,4.6021524884946,4.60217026063239
Train,4.69021206873172,4.69024083069072
Train,4.77495736585336,4.77506775256753
Train,4.85657203245544,4.85664946227754
Train,4.93522639835917,4.93531421720237
Train,5.01107865718984,5.01099833319878
Train,4.3100877782714,4.30966322669175
Train,4.36115770628312,4.36150825693968
Train,4.41115580696383,4.41082478554218
Train,4.460115472284,4.46010659484292
Train,4.5080687214016,4.50802668439266
Train,4.55504627049331,4.55526330248014
Train,4.60107759836611,4.60078755405467
Train,4.64619100814373,4.64603912797085
Train,4.69041368529927,4.69028794444804
Train,4.73377175228393,4.73387713102258
Train,4.77615180588331,4.7761445643575
Train,4.81785766561425,4.81790335183742
Train,4.85877132938857,4.85879835237776
Train,4.89891515630077,4.89883270027186
Train,4.93831067186441,4.93815716700393
Train,4.97697860649986,4.9770508812455
Train,5.01493893190909,5.0148790850055
Train,5.05221089547164,5.05239001022911
Train,5.08881305278621,5.08871858028052
Train,5.12476329847349,5.12490257655574
Train,2.12016464815695,2.12068945150733
Train,2.35326866958822,2.35316025096673
Train,2.57297468503133,2.57279121736266
Train,2.78040553206236,2.77974664989434
Train,2.97656199015734,2.97560572142012
Train,3.1623389273006,3.16140632263906
Train,3.33853894949054,3.33698904361719
Train,3.50588399236667,3.50415948264546
Train,3.66502520805289,3.66364993514272
Train,3.81655143272875,3.81525414104382
Train,3.96120987843632,3.9599013401623
Train,4.09904913656665,4.09775374301008
Train,4.23073462779915,4.22998260245932
Train,4.35666945194845,4.35530967125507
Train,4.47722225462845,4.47599323177766
Train,4.59273083137362,4.59185584079224
Train,4.70350528861566,4.70284077183006
Train,4.80983082380676,4.80813396381037
Train,4.91197017717116,4.91116416517453
Train,5.01016579946084,5.00891978952333
Train,2.12744169858149,2.12798731841232
Train,2.37097148215785,2.37095935286399
Train,2.59827525324982,2.59849459251765
Train,2.81148519853475,2.81119101221176
Train,3.01160754951304,3.01192894780453
Train,3.1995623451935,3.19976193313979
Train,3.37689595906516,3.3769285998189
Train,3.54403966517891,3.54424155375656
Train,3.70226675376502,3.70242528154105
Train,3.85207286361524,3.85237482331123
Train,3.99392406399412,3.99391844188195
Train,4.12879595120404,4.12907897845272
Train,4.25702028443094,4.25708228685672
Train,4.37891419273124,4.37916975425306
Train,4.49524483898669,4.49537563506802
Train,4.60608839289181,4.60614926591571
Train,4.71210664365114,4.71228272512436
Train,4.81347243784163,4.81348413537327
Train,4.91035593674023,4.91049451446653
Train,5.00329603149841,5.00318850637833
Train,2.12923639582564,2.12939823278631
Train,2.36858506485633,2.36871815339892
Train,2.59262964289315,2.59247336051905
Train,2.80336348937816,2.80343491661389
Train,3.00166886516516,3.00162515748726
Train,3.18861376921444,3.18867330949271
Train,3.36490720732054,3.36492164022112
Train,3.53188827249751,3.53183393910714
Train,3.69006001258038,3.69017998836918
Train,3.84010163414292,3.84012655671742
Train,3.98242992542413,3.98248131395504
Train,4.11799433987357,4.11787564289826
Train,4.2470892381035,4.24702070503028
Train,4.37016694240817,4.36976438622352
Train,4.48747801001475,4.48681269824939
Train,4.59972512910831,4.59946431939007
Train,4.70708208102682,4.7058440402163
Train,4.80986162114214,4.80928933003289
Train,4.90821551623668,4.90783898903302
Train,5.00268217420648,5.00140303216377
Train,3.3581303555405,3.35820951458137
Train,3.48552923692209,3.48630840558163
Train,3.60621066552336,3.60570496181227
Train,3.72112022082648,3.72128639146305
Train,3.83045774514167,3.83025789062068
Train,3.93442447594735,3.93517130302845
Train,4.03377730617876,4.0331528545341
Train,4.1284616362552,4.12815348094065
Train,4.21913759707876,4.21975886283163
Train,4.3058916975546,4.30576924789986
Train,4.38881749164177,4.38896213583049
Train,4.46846075943748,4.46796291197298
Train,4.54486908582568,4.54497181962344
Train,4.61809814921101,4.61770604344039
Train,4.68860634215515,4.68890547476459
Train,4.75628783390436,4.7561330398332
Train,4.82155383094727,4.82175790204038
Train,4.8844130678437,4.88401010121216
Train,4.94488251793182,4.94494212037008
Train,5.00331509993132,5.00306043338625
Train,2.11970819002408,2.12064202884195
Train,2.35439695283502,2.35457564983354
Train,2.57501694188082,2.57544294899909
Train,2.78331881898011,2.78374251836996
Train,2.98005861875957,2.98031274988735
Train,3.16593902633131,3.16659968637233
Train,3.34227827471404,3.34212745679016
Train,3.50958157912856,3.51056252326654
Train,3.66832588576851,3.66886067484503
Train,3.81953245900865,3.81964561922924
Train,3.96354374363294,3.96461472325446
Train,4.10086139436776,4.10063976246439
Train,4.23177597874857,4.23216801129294
Train,4.35704135783907,4.35716387993872
Train,4.47686373351261,4.47684063450125
Train,4.59144524669837,4.59164264651755
Train,4.70140033199095,4.70110568022775
Train,4.80686990281105,4.80679153998991
Train,4.90799473991276,4.90783831725477
Train,5.00528413268445,5.00505135304976
Train,3.50580575900939,3.50616093599657
Train,3.77175036935444,3.77157501888925
Train,4.01367762902903,4.01369449489922
Train,4.23427948586878,4.23434126985213
Train,4.43664259910537,4.43657421986264
Train,4.62258293097934,4.62262209431193
Train,4.79435045109314,4.7943008573404
Train,4.95320089993264,4.95319528020101
Train,5.10068010819761,5.10065017677899
Train,5.23809903316935,5.23811704440797
Train,5.366206031209,5.36615877854839
Train,5.48614763116344,5.48610743184164
Train,5.59846330519902,5.59842402908381
Train,5.70395977203252,5.70396674218338
Train,5.80333583665748,5.80319089489259
Train,5.89692769142975,5.89693407062279
Train,5.98539726985254,5.98536004857143
Train,6.06899159481619,6.06897470819077
Train,6.14825647399482,6.14827602320858
Train,6.22337371728178,6.22333184402143
Train,-0.535805342382497,-0.534889424628807
Train,-0.168468699331958,-0.168564023393435
Train,0.173127250563216,0.173454574012987
Train,0.492658789088338,0.492749506405937
Train,0.791199143134699,0.790774679188155
Train,1.07168543207368,1.07184709891427
Train,1.33482617391665,1.33524231775865
Train,1.58301046245569,1.5821837830683
Train,1.81708578223305,1.81734866915777
Train,2.03785188561479,2.03805335829221
Train,2.24711264355684,2.24724125934719
Train,2.44507903251402,2.44479232602881
Train,2.63327193619246,2.63343046854262
Train,2.81209679461256,2.81228266042509
Train,2.98195037854468,2.98213285314542
Train,3.14403533786045,3.14402619571248
Train,3.29835227457922,3.2984927867312
Train,3.44594250409114,3.44595048492394
Train,3.58676104415284,3.58693988140495
Train,3.72171743989085,3.7222602698259
Train,3.95263125566175,3.95201663431927
Train,4.02288648163984,4.02316544662082
Train,4.09099235056401,4.0908063319932
Train,4.15742951977435,4.15758213557111
Train,4.22207075531228,4.22227810633395
Train,4.28480585338668,4.28449227449729
Train,4.34607175127266,4.34619122634305
Train,4.40574598160853,4.40575913082849
Train,4.46372144599926,4.46298654836047
Train,4.52039716908693,4.52049752083459
Train,4.57565565102133,4.57567403338018
Train,4.62954939495117,4.62927731355941
Train,4.68197602719439,4.68217335944265
Train,4.73329136100342,4.7329310327461
Train,4.78338457262286,4.78356892829671
Train,4.83215704686244,4.83221018336391
Train,4.87993672087812,4.87998761408581
Train,4.92661768938206,4.9264144216597
Train,4.97210515319201,4.97241914594835
Train,5.01670238294885,5.01626711217087
Train,2.86040319676761,2.86098969080032
Train,2.95516200005257,2.95494157000413
Train,3.04712330231474,3.04689897986665
Train,3.13640918463351,3.13651641257658
Train,3.22313472655317,3.22306817383852
Train,3.30765142230709,3.30769734503539
Train,3.389569224302,3.38960202358995
Train,3.46923493619347,3.4690870748038
Train,3.5467401706057,3.54709136257062
Train,3.62217163770004,3.62195364195778
Train,3.69561146877738,3.69575013167033
Train,3.76713751458212,3.76685713537355
Train,3.83682362058526,3.83709068272057
Train,3.90473988129319,3.90453864457796
Train,3.97095287542302,3.97082890392104
Train,4.03571234856193,4.03598427107701
Train,4.09870102110598,4.09851909840492
Train,4.16016733033225,4.16000542917228
Train,4.22016580789655,4.22055861689497
Train,4.27874841172472,4.27824292659917
Train,3.94834857241857,3.94855775494781
Train,4.01740782830182,4.01715880856701
Train,4.08448366602558,4.08459784693533
Train,4.14999214614001,4.14998362997923
Train,4.21366295193003,4.21328758434739
Train,4.27588763399669,4.27610894859591
Train,4.33640625917733,4.3363267889492
Train,4.39558801139962,4.39554866960517
Train,4.45332951202728,4.45354458798303
Train,4.50953957443521,4.50949267655798
Train,4.56455731325964,4.5640965167897
Train,4.61814675620209,4.6181700733525
Train,4.6706290126182,4.67070649281433
Train,4.72190723519698,4.72183726494969
Train,4.77189501457726,4.77203538097657
Train,4.82088906483323,4.82074065167236
Train,4.86867467599852,4.86878324796109
Train,4.91553384593695,4.91550016316088
Train,4.96125967032967,4.96102365591488
Train,5.0061205195486,5.00606879743483
Train,4.00572486412074,4.00576214464874
Train,4.07069386799758,4.06999301579182
Train,4.1341514785684,4.13419441669086
Train,4.19582186023062,4.19597093443937
Train,4.25593840039826,4.25567068076836
Train,4.31455909413189,4.31457892087766
Train,4.37189090164368,4.37077778701333
Train,4.42767899470071,4.4277581294684
Train,4.4821289332508,4.48202756903467
Train,4.53528829293779,4.53503061977445
Train,4.58734033580375,4.58736379321837
Train,4.63804930355442,4.63790221217479
Train,4.68759766170562,4.68708193930271
Train,4.73602480488829,4.73606504163964
Train,4.78349420479014,4.78304260207207
Train,4.82978737850795,4.82979320829892
Train,4.87506741754815,4.87453792071957
Train,4.91936722087082,4.91915832821379
Train,4.96283356217221,4.96093844573462
Train,5.00526359910687,5.00449799549662
Train,4.30786190900008,4.30779778366033
Train,4.34911875274351,4.34896958773444
Train,4.38958931103504,4.38968078221861
Train,4.42958690573192,4.42965417414072
Train,4.4688315680982,4.46887006656308
Train,4.50762669888236,4.50778102153546
Train,4.5457003340541,4.5457016303828
Train,4.58334642240813,4.58354716091909
Train,4.62043602756402,4.62054785226266
Train,4.65684802204323,4.65693735226361
Train,4.69286298479566,4.69280822813581
Train,4.72822755697104,4.7282904330261
Train,4.76321391515958,4.76332117005424
Train,4.79770151081248,4.79777338958066
Train,4.83157681748398,4.83172923828735
Train,4.86510009875306,4.86508336267999
Train,4.89803478641953,4.89821084570777
Train,4.93063364025521,4.93020747769898
Train,4.96266634938228,4.96283285628143
Train,4.9943784928849,4.99444410646739
Train,2.11381598162526,2.11697374504566
Train,2.35975152066355,2.36072722135779
Train,2.58971946633783,2.5919166461301
Train,2.80467502260375,2.80484630218617
Train,3.00629967367229,3.00715528453858
Train,3.19603934511922,3.19711021409804
Train,3.3744561700665,3.37568559878692
Train,3.54275020653373,3.54296311457639
Train,3.70196371008232,3.70288555740464
Train,3.85242458682499,3.85249897508603
Train,3.99501860905168,3.99590619538704
Train,4.13034703663764,4.13119762527114
Train,4.25911725960685,4.25938424538455
Train,4.38147857577099,4.38166483376173
Train,4.49804807547099,4.49862505991242
Train,4.60937113197392,4.60937922214563
Train,4.71551941404335,4.71565875627331
Train,4.81697652558721,4.81685395102451
Train,4.9141723493683,4.91427002771362
Train,5.00712889188085,5.00711899515064
Train,2.12824086014106,2.12852857863819
Train,2.36563577693557,2.36564692497105
Train,2.58876682572363,2.58851194575092
Train,2.79834575793185,2.798162110432
Train,2.99607567896539,2.99609751121008
Train,3.18245605234944,3.18227371781742
Train,3.35888799165738,3.35883427215796
Train,3.5257189974797,3.52557538432139
Train,3.68411765957447,3.68417273615906
Train,3.83432136404427,3.83410599097461
Train,3.97731673355594,3.97715243536569
Train,4.11326056571537,4.11326735227541
Train,4.24299498980412,4.24301300618955
Train,4.36661735849057,4.36660974954631
Train,4.48485354581673,4.48453432510561
Train,4.59775679944579,4.59788809130461
Train,4.70595833691108,4.70576422185897
Train,4.80947855874789,4.80954187865992
Train,4.90887077214744,4.90877462097543
Train,5.00413087628045,5.00406409129774
Train,2.12437101382411,2.12468381786149
Train,2.3512290524144,2.35123810826755
Train,2.56592591238666,2.56594542691365
Train,2.76941395359665,2.76936141972893
Train,2.96254862471074,2.96257588729187
Train,3.14610048437293,3.14608105773206
Train,3.32076547631727,3.32079935920248
Train,3.48717374731251,3.48720333407456
Train,3.64589724346215,3.64593564744265
Train,3.79745627785903,3.79748601768935
Train,3.9424936801774,3.94247067076341
Train,4.08109875316139,4.08119883689707
Train,4.21384435438266,4.21372504493976
Train,4.34109435273269,4.34115798804688
Train,4.46318310010972,4.46323416762808
Train,4.58041836494487,4.58047210014976
Train,4.69308392269098,4.69308264763296
Train,4.80144184917884,4.80124366635774
Train,4.90573455585667,4.9058418536135
Train,5.00618660018172,5.00583314429078
Train,5.12825314714536,5.12821241613548
Train,5.22807324783376,5.22742154230056
Train,5.3234386606687,5.32322139122172
Train,5.41445300671969,5.41402259882508
Train,5.50149719276265,5.50129980709809
Train,5.58491156061234,5.58477382523616
Train,5.66475330276161,5.66473040562252
Train,5.74140541072409,5.74115871079104
Train,5.81490305516721,5.81485117499161
Train,5.88551001183648,5.88539307215088
Train,5.95346382818578,5.95356397948327
Train,6.01877586215715,6.01845104326113
Train,6.08166230086552,6.08177079221988
Train,6.1423186225749,6.14230144779705
Train,6.20074012447725,6.2006742698779
Train,6.25716493748282,6.25724232890772
Train,6.31158068255573,6.31143916420316
Train,6.36414726549828,6.36408693417089
Train,6.41501012561041,6.41512472322412
Train,6.46414862124372,6.46411231436852
Train,3.80787064129186,3.8080885267029
Train,3.8898763491532,3.88994156196551
Train,3.96929618216408,3.96944947798166
Train,4.04625055192399,4.04524294871427
Train,4.12085250832296,4.12109222666023
Train,4.19303900848582,4.1929940242355
Train,4.26325354655403,4.26340718869161
Train,4.33141573353746,4.33101206580815
Train,4.39761425773164,4.39799208817041
Train,4.46193277000705,4.46163204742899
Train,4.52445023645379,4.52455253339414
Train,4.58524126181113,4.58532369847145
Train,4.64437638646708,4.64416021480994
Train,4.70192235951398,4.70181808507024
Train,4.75794239008229,4.75805468037853
Train,4.81236848862255,4.81247887078845
Train,4.86551652420822,4.86517209367067
Train,4.9173091080499,4.91755210678294
Train,4.96779744005766,4.9675387107147
Train,5.01703017355194,5.01707802769143
Train,3.806617109391,3.80663348013533
Train,3.88872745957526,3.88921903888169
Train,3.96805714263483,3.96766793542903
Train,4.04511904278585,4.04505606397853
Train,4.11982671861387,4.11919296530888
Train,4.19211020094286,4.19145409518588
Train,4.26242708916631,4.2632228929053
Train,4.33068986335162,4.33000289941102
Train,4.39682588928662,4.39581940440822
Train,4.46124608316893,4.46135234195591
Train,4.52386335476693,4.52408528924772
Train,4.58475234690992,4.58421825858223
Train,4.64383937400634,4.64390807623405
Train,4.70148360033293,4.70095610495829
Train,4.75760000785312,4.75711048153445
Train,4.81211536859238,4.81250204802037
Train,4.865356297876,4.86530428377065
Train,4.91724002756876,4.91721637770226
Train,4.96769448492966,4.96749804321572
Train,5.01701804254222,5.01644143102222
Train,3.80588284254704,3.80486379233317
Train,3.88763077769702,3.88732627821647
Train,3.9668537308049,3.96591962620934
Train,4.04366690789852,4.04324106601617
Train,4.11817861140821,4.11779686420251
Train,4.19049074964758,4.19018990970491
Train,4.26069930183139,4.26014849162876
Train,4.32889474309265,4.32829904558658
Train,4.39516243345652,4.39553283571714
Train,4.45958297428733,4.4581015918213
Train,4.52208645869079,4.52173075209631
Train,4.5830410130851,4.58251716613651
Train,4.64236465318102,4.64193037392598
Train,4.70012197055097,4.70022284084026
Train,4.75637419038466,4.75531484311997
Train,4.81117938797974,4.81068600742784
Train,4.86459268873759,4.86448037296779
Train,4.91666645311231,4.91627491705932
Train,4.96745044781713,4.96738963398658
Train,5.01699200446504,5.0162428541864
Train,0.176039307231385,0.176360447580203
Train,0.491829061560372,0.49152740960036
Train,0.786189983580055,0.786064049896788
Train,1.060260249714,1.06008524845148
Train,1.3165208250122,1.3163346824933
Train,1.55707898845063,1.55711425475439
Train,1.78253343107456,1.78226957129865
Train,1.99463927302696,1.99437234230774
Train,2.19490352153171,2.19479185713336
Train,2.3836181001812,2.38363622267044
Train,2.56207124256819,2.56170897436297
Train,2.73107775108345,2.73107020470544
Train,2.89165437654659,2.89121016209011
Train,3.04387222746022,3.04338665280212
Train,3.18862533618351,3.18857889348347
Train,3.32669603920296,3.32635736285939
Train,3.458066060632,3.45766629872579
Train,3.583435393406,3.58315078686629
Train,3.70342045735597,3.70324067185921
Train,3.81794992943887,3.81752073846129
Train,2.12504486247883,2.12557910121378
Train,2.37489199552404,2.3749001830458
Train,2.60767217902113,2.60804051410943
Train,2.8244986217606,2.82464299567638
Train,3.02722669966997,3.02780167158763
Train,3.21744156556698,3.21755833928747
Train,3.39579031130041,3.39610191737867
Train,3.56357351961028,3.56358662358454
Train,3.72191458341093,3.72225504935542
Train,3.8711886297476,3.87111992228002
Train,4.0123415361702,4.01255037875873
Train,4.1460184888255,4.14610218761501
Train,4.27296821072343,4.27318304091951
Train,4.39336241952189,4.39335228411638
Train,4.50784962688509,4.50800735296999
Train,4.617000697633,4.61719506137362
Train,4.72090040077817,4.72097202654387
Train,4.82005198778212,4.82019434225205
Train,4.91490121639626,4.91501208422616
Train,5.00547786237325,5.00541148316025
Train,2.12749913734611,2.12674037347662
Train,2.37925839223504,2.37874230372673
Train,2.61285901515677,2.61216116108536
Train,2.83078537289142,2.83002479846092
Train,3.03428807162891,3.03346670486482
Train,3.22475320633669,3.22449892891583
Train,3.40315267803497,3.40261322329953
Train,3.57105287025575,3.57039652805016
Train,3.7291390736078,3.72854163644134
Train,3.87824731562602,3.87785343849301
Train,4.01892969351737,4.01852940791124
Train,4.15224331228767,4.15204873918102
Train,4.27857991926452,4.27819240964365
Train,4.39847326376307,4.39854270332418
Train,4.51224861884756,4.51204094343685
Train,4.62065821805496,4.62060454728472
Train,4.72393158977961,4.7236942571528
Train,4.82242530335493,4.8223517823628
Train,4.91633511783574,4.91604342256161
Train,5.00621937921477,5.0056998350212
Train,2.12250081614239,2.1205706378989
Train,2.37137815312197,2.37013650316131
Train,2.6035019872609,2.60105609546937
Train,2.81992548588734,2.81894044589918
Train,3.02273494307519,3.02160428729823
Train,3.21266267447096,3.20914945569731
Train,3.39137986178172,3.39008186627162
Train,3.55939585741418,3.55830260655986
Train,3.71785785359595,3.7170397829561
Train,3.86776095855601,3.8675788362436
Train,4.00939607948925,4.00921749745086
Train,4.14379257918816,4.14364933255112
Train,4.27114552784829,4.27113586180914
Train,4.39215851123576,4.39202326282813
Train,4.50744991679182,4.50730911591219
Train,4.61711762343804,4.61702250191794
Train,4.7218475913991,4.72190144696125
Train,4.82169386306172,4.82161980508519
Train,4.91724991121634,4.91727502835257
Train,5.00853741419454,5.00844055956096
Train,3.12589242671175,3.12435639500674
Train,3.18840736762524,3.18762536350024
Train,3.24961871669671,3.24912015722858
Train,3.3093403703835,3.30915336113886
Train,3.36806855125741,3.36790005981512
Train,3.4256092008536,3.42497003026275
Train,3.48199797791098,3.48071606964205
Train,3.53726912765386,3.53656602024258
Train,3.59125075452547,3.59029174161898
Train,3.64438803489498,3.64486655918719
Train,3.69650250230504,3.6956854183538
Train,3.74762340667057,3.74688916111537
Train,3.79758926075564,3.79749021286826
Train,3.8468099525491,3.84623639557159
Train,3.89511830851896,3.89494126472911
Train,3.94253946179539,3.94187049222656
Train,3.98909763074818,3.98749402378436
Train,4.03464322954132,4.03454940557477
Train,4.07954770695401,4.07867354314132
Train,4.1236566866922,4.12209331168762
Train,2.30174952238649,2.30197870298272
Train,2.42563849430021,2.42537252978783
Train,2.54472832004564,2.54488279215567
Train,2.65986408848766,2.65991574946221
Train,2.77096213948657,2.7708260169804
Train,2.8782312120723,2.87839336450835
Train,2.9816079679532,2.98107741338227
Train,3.08179842266637,3.08183597225635
Train,3.17870542979105,3.17869910869759
Train,3.27248779514222,3.27263944461284
Train,3.36306799464951,3.36274129535215
Train,3.45104497922095,3.45101698216441
Train,3.53631602303299,3.53624689603222
Train,3.61900407670275,3.6190686992688
Train,3.69902468544491,3.69851202510309
Train,3.77689263870125,3.77693590277541
Train,3.85250428662077,3.85259070517551
Train,3.92595629688816,3.92567344370237
Train,3.99716171304927,3.99681842881383
Train,4.06656796529797,4.06629373593224
Train,3.80127752748531,3.80164871466169
Train,3.88376399142518,3.88269029376007
Train,3.96354427333367,3.96283113454248
Train,4.04074939885598,4.04118315251091
Train,4.11550206946231,4.11319935708726
Train,4.18807501362775,4.18845020967839
Train,4.25825595785258,4.25792681333606
Train,4.32630903701418,4.32615643950541
Train,4.39232958027726,4.39284547437475
Train,4.45640730621492,4.4550586499956
Train,4.51862672958719,4.51891889054078
Train,4.57906753323467,4.57893054325015
Train,4.6378049085286,4.63778988797477
Train,4.69490986743565,4.69497036229424
Train,4.75044952892091,4.7493186909871
Train,4.80460531499195,4.80424985062401
Train,4.85719833594022,4.85737994588109
Train,4.90840670928397,4.90817973602153
Train,4.95828440621353,4.95711651885196
Train,5.00688262895638,5.00628069193973
Train,4.42405771003172,4.42362734391846
Train,4.4670126291091,4.46751817671812
Train,4.50905801934973,4.50879603310951
Train,4.55049287462654,4.55064071248327
Train,4.59119658831956,4.59075656489423
Train,4.63118834329603,4.63044492256287
Train,4.67035808054275,4.66970835359299
Train,4.70898303512818,4.70897027772136
Train,4.74694964498972,4.74661396396751
Train,4.78427459967259,4.78365857063747
Train,4.82085392069449,4.82090730997717
Train,4.85694540720588,4.85639047409696
Train,4.89244199366787,4.89205273526587
Train,4.92735826855581,4.92684545815629
Train,4.96159589677789,4.96131406100741
Train,4.99539524201747,4.99346422014625
Train,5.02865523458299,5.02833787117762
Train,5.06138868235503,5.06147898377295
Train,5.09350248887403,5.09265494353732
Train,5.12522131481153,5.1244959215821
Train,4.07463428571429,4.07552405297448
Train,4.1424878817734,4.1425624204696
Train,4.20763150318192,4.2080014546029
Train,4.27005571943413,4.26999246696342
Train,4.33025108942232,4.33110439047069
Train,4.38817811066825,4.38836195860696
Train,4.44396262968043,4.44400140045237
Train,4.49772135282087,4.49860838801598
Train,4.54942277315042,4.5496207141825
Train,4.59945231154328,4.59991237087362
Train,4.64775881540354,4.64782474173827
Train,4.69442979071714,4.69450766488282
Train,4.73942502629774,4.73957112996342
Train,4.7830685914796,4.78321506154517
Train,4.8253058575665,4.82550631219257
Train,4.86620371825587,4.86691256762625
Train,4.90582489087089,4.90585648407633
Train,4.94412435061645,4.94416129727525
Train,4.98136829008649,4.98140372044346
Train,5.01750156316566,5.01747522253774
Train,4.11391224174551,4.11434935632334
Train,4.17086899875919,4.17075880136528
Train,4.22654643261608,4.22669905019412
Train,4.28098716752216,4.28083703772992
Train,4.33423195495662,4.33442959353325
Train,4.386319775404,4.38642105144228
Train,4.43728793352601,4.43721087785726
Train,4.48717214726119,4.48693108124118
Train,4.53600663129973,4.53623181737768
Train,4.58382417534343,4.58387195663655
Train,4.63052638339636,4.63027108222215
Train,4.67640571428571,4.67636192016854
Train,4.72135855700427,4.72149780552192
Train,4.76541269530156,4.76516790252045
Train,4.80859481300768,4.80870383604107
Train,4.85093054793016,4.85111551055726
Train,4.89244454261248,4.8924302898724
Train,4.9331604921652,4.93286157330496
Train,4.97310118936505,4.97324037536802
Train,5.01228856720203,5.01214541723149
Train,4.31041569693412,4.30973650909274
Train,4.36150201322049,4.36129434669621
Train,4.4113712724966,4.41147965425827
Train,4.4603569816047,4.46000587927321
Train,4.50833916000455,4.50819262080241
Train,4.55534833281064,4.55530178985483
Train,4.60127684922546,4.60118951982278
Train,4.64642945323015,4.64672701255969
Train,4.69069343394197,4.69068826506392
Train,4.73409476849156,4.73392814597374
Train,4.77653184227533,4.77588498432871
Train,4.81828426118081,4.81838646154412
Train,4.85924606970945,4.85931130750233
Train,4.8994395133602,4.8992830281588
Train,4.93876865029425,4.93871636282912
Train,4.97749098250746,4.97741186262484
Train,5.01550681702997,5.01555685146578
Train,5.05283531438251,5.05292280988416
Train,5.08938584281513,5.0887896041988
Train,5.12539636033461,5.12520307200813
Train,2.13243861956292,2.13413820547995
Train,2.34128924043706,2.34168329370933
Train,2.54147236406507,2.54171408375097
Train,2.73351658577987,2.73444062177279
Train,2.91764908754638,2.91859589606812
Train,3.09484693270104,3.09492734307624
Train,3.26525431926018,3.266318828739
Train,3.42925423805619,3.42968474085702
Train,3.58720140982669,3.58768071598953
Train,3.73942484636421,3.73973417149519
Train,3.88602325679968,3.88649440403443
Train,4.02770179249685,4.02807912636691
Train,4.1645107136517,4.16515637452741
Train,4.29669683792838,4.29665913015398
Train,4.42449058009706,4.4247768667503
Train,4.54810729238474,4.54849585598478
Train,4.66757958015531,4.66818552862443
Train,4.78343928285984,4.7834033466772
Train,4.89568893908169,4.8957202568765
Train,5.00449468742572,5.00435953952384
Train,2.12760523077417,2.12832566171911
Train,2.34637372309523,2.34641099940037
Train,2.55457813048694,2.554043862636
Train,2.75296560508509,2.75254349937151
Train,2.94221446468269,2.94187056668508
Train,3.123221454504,3.12267707592238
Train,3.29597824642569,3.29603263720329
Train,3.46129167080254,3.46099922043705
Train,3.61963263821041,3.61947068908031
Train,3.77143315625735,3.77134088139265
Train,3.9170902656182,3.91706513906157
Train,4.05696950766991,4.05669488909754
Train,4.19140798749415,4.19142618829411
Train,4.32071708628142,4.32082676143383
Train,4.44518486907893,4.44441759503226
Train,4.56526444033518,4.56514204121251
Train,4.68082434171382,4.680626207117
Train,4.7922878682364,4.79212645579011
Train,4.89986903945461,4.89976476071225
Train,5.00376722120807,5.00327036448126
Train,0.881313407493903,0.882603628570189
Train,1.04022533311853,1.04133307774301
Train,1.19485035881755,1.19475678806904
Train,1.34455630837884,1.34415302789986
Train,1.49035156023774,1.49110112956461
Train,1.63162894722668,1.6314501853287
Train,1.76932972330652,1.76964623701698
Train,1.90287082845417,1.90411565565429
Train,2.03278477320619,2.03281949781577
Train,2.15955630663759,2.15924344807555
Train,2.28263671028192,2.28310328780409
Train,2.40282653217886,2.40258608951464
Train,2.51959872791927,2.52004816621976
Train,2.63340110973659,2.63318783379347
Train,2.74464323365736,2.74437249392778
Train,2.85282871803426,2.85340639108673
Train,2.95864722385864,2.95843577912293
Train,3.06162162721572,3.06127242009298
Train,3.16240370553857,3.16282573745613
Train,3.26053467173671,3.25969244873542
Train,3.20745703847065,3.20976449547944
Train,3.30170650686263,3.30218439336951
Train,3.39306209800919,3.39340681001541
Train,3.481655078994,3.48193037008442
Train,3.56760889607013,3.56834802758223
Train,3.65103974856348,3.65253121542102
Train,3.73205711297071,3.73265010253291
Train,3.81076422222222,3.81078976010959
Train,3.88725850452219,3.88795276895163
Train,3.96163198568811,3.9629577365724
Train,4.03414958402946,4.03401643388335
Train,4.10453298015473,4.10482836493085
Train,4.17304297401347,4.1739189899292
Train,4.23975338006026,4.23990133055323
Train,4.30473418517441,4.30542346225612
Train,4.36805179357886,4.368013655074
Train,4.42976925319048,4.43038748984528
Train,4.48994646502365,4.49048869288364
Train,4.54864037710914,4.54881220665103
Train,4.60590516424798,4.60629638792508
Train,3.81322948551779,3.81308508875937
Train,3.90691893116058,3.90670699402673
Train,3.99499599651112,3.99495430695807
Train,4.07829800435941,4.0783254633736
Train,4.15687309776207,4.1568171855599
Train,4.2314241501863,4.23141331922872
Train,4.30195598079178,4.30187296415007
Train,4.36906600413628,4.36892296464631
Train,4.43286309570572,4.4328961973317
Train,4.49345921462985,4.49335894462112
Train,4.55133206798867,4.55134925041986
Train,4.60642880980625,4.60627322144702
Train,4.6591659071363,4.65919371817128
Train,4.7095853832341,4.70957127522908
Train,4.75773519097383,4.75764670078407
Train,4.80395954642162,4.80399536331444
Train,4.84818469075593,4.84814146844857
Train,4.89071654213727,4.89073842498893
Train,4.9314780344064,4.93146450138939
Train,4.97074279761159,4.97061183089519
Train,2.11871101732342,2.11945212055635
Train,2.35639971209534,2.35640366162098
Train,2.57961855820311,2.57967893631777
Train,2.78989134529572,2.78995878647239
Train,2.98785655932474,2.98798093083516
Train,3.17477896625679,3.17547467276582
Train,3.35155747229536,3.35120504631615
Train,3.51899599735828,3.51884946398987
Train,3.67799902481864,3.67788402723655
Train,3.82883959521849,3.8290005142355
Train,3.97229603415125,3.97216057128227
Train,4.10889760260885,4.10921513558625
Train,4.23927485409542,4.23949343945625
Train,4.36355570378415,4.36382200160571
Train,4.48229529172797,4.4823723272768
Train,4.59585613532836,4.59605680282967
Train,4.70456980496575,4.70466373785731
Train,4.80886099985393,4.80912559930422
Train,4.90876211796032,4.90884609786937
Train,5.00465578625424,5.00455591001647
Train,2.12948535332106,2.12929334866768
Train,2.36808451852299,2.36885387325875
Train,2.59186526912554,2.59263170580945
Train,2.80216649499457,2.80314118644147
Train,3.000170504711,3.00105563902454
Train,3.18692526529574,3.18768140568337
Train,3.36336295610416,3.36426701120419
Train,3.53031553040329,3.53121357505935
Train,3.68852783291814,3.68837529520371
Train,3.8386687097472,3.83846277043468
Train,3.98117658853724,3.98094377792059
Train,4.11693089856034,4.11606528708054
Train,4.24625164233841,4.24574177395899
Train,4.36958557581574,4.36869097427754
Train,4.48733902625815,4.48744971300968
Train,4.59988236426554,4.60045671064855
Train,4.7075538950272,4.70762037908409
Train,4.8106632549458,4.80980808474689
Train,4.90949438546162,4.90925908498158
Train,5.0043081442292,5.00324940311313
Train,3.80686095628512,3.80584252198443
Train,3.88825780035489,3.88843135990302
Train,3.96735305420407,3.96728096073476
Train,4.04390277421532,4.04349436348476
Train,4.11819219791182,4.11849944997649
Train,4.19048006029031,4.19030406375006
Train,4.26053463553273,4.26026886594829
Train,4.32860849110071,4.32884143955217
Train,4.39493142283059,4.39484232534434
Train,4.45928377012633,4.45901497472934
Train,4.52189070250458,4.52196740352721
Train,4.58282228061717,4.58268553844229
Train,4.64227670641411,4.64220096079063
Train,4.70004978487365,4.69999962685162
Train,4.75633656690906,4.75591733279563
Train,4.81131565928723,4.81154343613363
Train,4.86479384963001,4.86482324289883
Train,4.91694739191074,4.91683325477626
Train,4.96793808513569,4.96811963293131
Train,5.01758310678026,5.01709940151542
Train,3.80679430504339,3.80685310852842
Train,3.88778650624006,3.88761932253893
Train,3.96636833684948,3.96687036861678
Train,4.04264582006686,4.04258715983289
Train,4.11688107377723,4.11711317180944
Train,4.18883926678568,4.18888334986533
Train,4.25877631363443,4.25878722049512
Train,4.32677618926272,4.32669694660782
Train,4.39291828014959,4.3930033902163
Train,4.45727769348714,4.45748469764859
Train,4.52006290390445,4.52018418838835
Train,4.58106298535578,4.58090718568038
Train,4.64048290846607,4.64094998774655
Train,4.69838328726409,4.69828826523573
Train,4.75482167475606,4.75466428335695
Train,4.80985275374445,4.81033589777345
Train,4.86364632096847,4.86360440003247
Train,4.91601337261856,4.91596995031997
Train,4.96712174883294,4.96708738517392
Train,5.01701629032258,5.01698058394524
Train,3.80611972270364,3.80848601629824
Train,3.88731910707581,3.88778694391859
Train,3.96625146411162,3.96733950508698
Train,4.04267301536831,4.04438711121676
Train,4.11702825065274,4.11763838057069
Train,4.18908159294882,4.18888832393915
Train,4.25924659584589,4.259382048089
Train,4.32729583140517,4.32746704295479
Train,4.39361508479803,4.39371682917246
Train,4.45798494631505,4.45800137612079
Train,4.52076618154539,4.52078191142047
Train,4.58174721307592,4.58204965814931
Train,4.64126618351841,4.64113617846143
Train,4.69911912423919,4.69925604071451
Train,4.75562365370924,4.75585062251977
Train,4.81058316405152,4.81064187299327
Train,4.86429659539017,4.86421657973389
Train,4.91657443783087,4.91653285224148
Train,4.96769858284785,4.96813338043122
Train,5.01748634825444,5.01725504192856
Train,3.80623805303049,3.80492707883442
Train,3.88753078020919,3.88761152080607
Train,3.96637498914405,3.96628688824986
Train,4.04271066599911,4.04209667246161
Train,4.11698331648424,4.11719398605256
Train,4.18911552401937,4.18849962605437
Train,4.25919850153353,4.25919938490025
Train,4.32731835193961,4.3267176123065
Train,4.39340995199618,4.39369287862265
Train,4.45784711642854,4.45747504046286
Train,4.52055203115629,4.52013562263729
Train,4.58159362124596,4.58154594505523
Train,4.64090566213999,4.64153481007289
Train,4.69881655337345,4.69780270621615
Train,4.75525002877237,4.75491620104568
Train,4.81026191371953,4.81000437195527
Train,4.86390525603733,4.86376107902671
Train,4.9161146136343,4.91582129693981
Train,4.96717254044537,4.96742877429844
Train,5.01700594790432,5.01600280339172
Train,3.80454649010638,3.80487843248394
Train,3.88620973410509,3.88568576783492
Train,3.96520051675306,3.96535422992584
Train,4.04200080796561,4.04208665213283
Train,4.11652832777307,4.11633126664148
Train,4.18871590068989,4.18904899375613
Train,4.25899516781115,4.25931519412026
Train,4.32712567822561,4.3266129802707
Train,4.39350985115307,4.39402921922211
Train,4.4580647114781,4.45786081380921
Train,4.52072010590495,4.52057757430358
Train,4.58183995535504,4.58179978651807
Train,4.64134236269766,4.64162450007844
Train,4.69915706485423,4.69851482934083
Train,4.7556148422511,4.7558296758236
Train,4.81050863151791,4.81070540707352
Train,4.86414962297946,4.86426901974684
Train,4.91645909771057,4.91641530849503
Train,4.96736826217722,4.96708524295738
Train,5.01716207657154,5.0171189850682
Train,3.80700622888093,3.80677270612269
Train,3.88877427138241,3.88921724173834
Train,3.96800600174478,3.96786677183464
Train,4.04481762614159,4.0450861241172
Train,4.1193183585778,4.11914257849841
Train,4.19176990969564,4.19135029599985
Train,4.26194646769299,4.26238902944734
Train,4.33010297897973,4.3300197390001
Train,4.39632542721955,4.39591848001711
Train,4.46069498446434,4.46090130407011
Train,4.52328834308046,4.52319715005998
Train,4.58417802057164,4.58456219993442
Train,4.64343263984584,4.64283937620186
Train,4.70111718720335,4.70117801354191
Train,4.75729325008537,4.75772229832202
Train,4.81213981254375,4.81218232791636
Train,4.86546810011917,4.86494218076606
Train,4.91745449790918,4.91764393967443
Train,4.96814902518575,4.96811236592677
Train,5.01759924575596,5.01747650134913
Train,3.80596336604268,3.80706533099711
Train,3.88769996513518,3.88848447508118
Train,3.96674161449095,3.96634315367029
Train,4.04355965949606,4.0442257010238
Train,4.11808074467046,4.11718923647114
Train,4.19040637558598,4.19087306904677
Train,4.26047628850373,4.25987172797087
Train,4.32869680202522,4.32917685319827
Train,4.39499247859256,4.39543135763798
Train,4.45944364865415,4.45850506903863
Train,4.52198698971251,4.52256443151256
Train,4.58297654566406,4.58295887179539
Train,4.6423371550814,4.64248380329647
Train,4.70013321830006,4.70015261325008
Train,4.75630064541361,4.75628597486704
Train,4.81115082293435,4.81148829344076
Train,4.86461027507873,4.86414047038689
Train,4.91673123242365,4.91709306709364
Train,4.96745026806128,4.96727975345331
Train,5.01704349793831,5.01696367399037
Train,2.12495056724821,2.12463706976106
Train,2.34945777282283,2.34908685186948
Train,2.56222321742098,2.56185656107319
Train,2.7641445707376,2.76369365938646
Train,2.95625223204811,2.95611982202373
Train,3.13882167745276,3.13808896301836
Train,3.31274714406066,3.31281998259348
Train,3.47862832524072,3.47815269857366
Train,3.63701069498069,3.63731729517732
Train,3.78839150003933,3.78894341168617
Train,3.93339306210399,3.93218016291413
Train,4.07208793953699,4.07229094145642
Train,4.20503299368069,4.20405864341066
Train,4.33257851609173,4.3327073897328
Train,4.45504691063629,4.4543442355991
Train,4.57273541460253,4.57239847704315
Train,4.68605019663049,4.68579778855038
Train,4.79497683635959,4.79449392319494
Train,4.89988733030091,4.89930436859705
Train,5.00099977196109,5.00031379651247
Train,3.12057470503998,3.12093285867942
Train,3.25056695041291,3.25088934808647
Train,3.37621872657534,3.37645698095567
Train,3.4977438575222,3.49792674414695
Train,3.61534234937141,3.61577148817943
Train,3.72937877692919,3.72971317580797
Train,3.8396686208536,3.84004379142262
Train,3.94655966910797,3.94747209275575
Train,4.05020664832263,4.05080056914286
Train,4.15075503382182,4.15097652033202
Train,4.24834173087499,4.24919042567691
Train,4.3430956966223,4.34397619746798
Train,4.43513850861546,4.43533624910034
Train,4.52458488524473,4.52510442210242
Train,4.61154316273624,4.61186495540297
Train,4.69624771173823,4.69650064161234
Train,4.77852787647681,4.77901366348143
Train,4.85861100191392,4.85889669684749
Train,4.93658392646145,4.9367199154278
Train,5.01252897163456,5.01236916716717
Train,4.42397364004492,4.42502891501337
Train,4.46683735539606,4.4672346666359
Train,4.50893936539061,4.5093437060261
Train,4.55029979492786,4.55014124399005
Train,4.59081178213107,4.5915169513739
Train,4.6307488212185,4.63095370765788
Train,4.67000050224061,4.67050915859928
Train,4.70858431721445,4.70889068216112
Train,4.74651716792629,4.74698312368693
Train,4.78381539061844,4.78431833814303
Train,4.82038074793771,4.82080035110831
Train,4.8564584459679,4.856673703018
Train,4.89194731473712,4.8923850387857
Train,4.92686165310814,4.92728278718115
Train,4.9612153006917,4.96144899564589
Train,4.99502165613748,4.99526463299318
Train,5.02819021518429,5.02825673206299
Train,5.06094212110785,5.06086762509787
Train,5.09318441768244,5.09328132544234
Train,5.12492890713027,5.12474172960557
Train,2.12550104692162,2.12604426569143
Train,2.36249646776252,2.36240235794886
Train,2.58505640723356,2.58526615720458
Train,2.79446079096045,2.79523449637983
Train,2.99161351625738,2.99127782192428
Train,3.17799179941986,3.17871414237217
Train,3.3542501589361,3.35465116712859
Train,3.52119104304165,3.52224229986515
Train,3.67953424563131,3.68050648243862
Train,3.82992728112534,3.8297241224229
Train,3.9727875343067,3.97385366534419
Train,4.10898451819272,4.10929913415222
Train,4.23882202114306,4.23865474995383
Train,4.36273529873528,4.36258354330695
Train,4.48112077281812,4.48103056244346
Train,4.59434026797352,4.59438283270921
Train,4.70259797540691,4.70236449720888
Train,4.80645584613463,4.80656537207161
Train,4.90605999608534,4.90560218474112
Train,5.00166651130452,5.00125986186523
Train,2.12904881893534,2.12780302166194
Train,2.36467502334078,2.36472779942616
Train,2.5863717544168,2.58664846729718
Train,2.79486546174269,2.79413753484024
Train,2.99152432623126,2.99231356586662
Train,3.17753928220471,3.17780386748765
Train,3.35335162280537,3.35446160134071
Train,3.51996756608778,3.52019059162031
Train,3.67827029863456,3.67900483286413
Train,3.8285242355018,3.82977075705113
Train,3.97149069765597,3.97221211801499
Train,4.10768730780933,4.10975034671193
Train,4.23773203527581,4.23872350123039
Train,4.36174904466134,4.36269471475517
Train,4.48028311048674,4.48072444130431
Train,4.59381959626278,4.59520822321994
Train,4.70241946335215,4.70395363490953
Train,4.8065167131807,4.80728420441502
Train,4.90649997779317,4.90656227934434
Train,5.00238865030275,5.002566469446
Train,2.12501527018452,2.1254888631067
Train,2.35003051178219,2.35104629308099
Train,2.56320298552501,2.56235373570436
Train,2.76544366309285,2.76655587399929
Train,2.9577821852447,2.9584080148181
Train,3.14052880265688,3.14172140900538
Train,3.31457352501106,3.31492167915186
Train,3.48052343913084,3.48160242793002
Train,3.63893044409494,3.63903248273911
Train,3.79029738299524,3.79023437686393
Train,3.935241980896,3.93643674639517
Train,4.07386039520268,4.07349710962645
Train,4.20670336561969,4.2067245315977
Train,4.3341244713593,4.33348621788374
Train,4.4564490068171,4.45643628996387
Train,4.57397675444721,4.57362060675788
Train,4.68710854989513,4.68665082337812
Train,4.79584736949743,4.79568669501369
Train,4.90055910934902,4.90015232183415
Train,5.00146341314049,5.00094783886217
Train,2.42904274077958,2.43121660969902
Train,2.54128805417005,2.54371830896545
Train,2.65056593256424,2.65239609461261
Train,2.7564785354289,2.75741919073536
Train,2.85942745828435,2.86017571476824
Train,2.95977794398226,2.95952793332091
Train,3.05715430887349,3.05861214500165
Train,3.15214540181046,3.15410696786622
Train,3.24438972506331,3.24502299789148
Train,3.33422175797062,3.33427436374606
Train,3.4219471433464,3.42293937024643
Train,3.50722467475221,3.50809993023196
Train,3.5903563487981,3.59138029291918
Train,3.67161885214673,3.6728851214668
Train,3.75069005228593,3.75089113357009
Train,3.82803125587547,3.8291208881221
Train,3.90333237359765,3.90385550137054
Train,3.9768509209034,3.97798939512196
Train,4.04882379492898,4.04897912942234
Train,4.1189579695916,4.11985407576341
Train,2.12615928244812,2.12579073552316
Train,2.35640561825386,2.35626792592503
Train,2.57396830461773,2.57345918937264
Train,2.77939454680487,2.7794126169376
Train,2.9738957158573,2.9733524161804
Train,3.15853311371012,3.15810889258702
Train,3.33363468544825,3.3332010131655
Train,3.50011217092624,3.50007066372037
Train,3.6587702019829,3.65827707130867
Train,3.80979810691597,3.80976541896072
Train,3.95389951589732,3.95360369019382
Train,4.09154024536951,4.09103094489384
Train,4.22329740527652,4.22317997824049
Train,4.34924873605194,4.34897360046872
Train,4.4699090977705,4.46974350527872
Train,4.58573896656535,4.58534957433059
Train,4.69676532558195,4.69670224609055
Train,4.80340425438494,4.80305629724008
Train,4.90602959692195,4.90558775358496
Train,5.00463488654235,5.00377596587188
Train,3.8059207838499,3.80567218215784
Train,3.88731757973585,3.88763263923303
Train,3.96608546145374,3.96649390904187
Train,4.04267446966147,4.04206714287121
Train,4.11701540571486,4.11816431253302
Train,4.18905248026734,4.18885796813466
Train,4.25918869378173,4.25940951215508
Train,4.32735299829126,4.32691544823884
Train,4.3934865456023,4.39377136116146
Train,4.45795239861141,4.45682543926724
Train,4.52067906156789,4.52104483306013
Train,4.58173597875038,4.58185784970029
Train,4.64106249388532,4.6410707706693
Train,4.69897715218169,4.69896409469785
Train,4.75540930973608,4.75537875559004
Train,4.81029811863013,4.81036794397206
Train,4.86393398522854,4.86404633069307
Train,4.91624761325902,4.91671795052954
Train,4.9671786385632,4.96717670553536
Train,5.01699296006305,5.01677667470195
Train,2.12484842216417,2.12766865251089
Train,2.36660916552662,2.36825522783166
Train,2.59290912964036,2.59565532365215
Train,2.80518545392664,2.80713662735271
Train,3.0047025139173,3.00560452952251
Train,3.19279607615065,3.19422757169579
Train,3.37000616992748,3.3717001100833
Train,3.53744596601947,3.53948696748395
Train,3.69590180059452,3.69781642834479
Train,3.84607783287803,3.8471770517992
Train,3.9886065068177,3.98968902533144
Train,4.12405745422408,4.12504251970878
Train,4.25294510370161,4.25389687446497
Train,4.37573520966739,4.37660372239972
Train,4.49285047613896,4.49370828732773
Train,4.60480662645768,4.60505119425781
Train,4.7116860565606,4.71196825670105
Train,4.81394631719168,4.81417863514636
Train,4.91188052474144,4.91225675078587
Train,5.00575750911989,5.00565116237905
Train,2.11009471883343,2.11392623716002
Train,2.37041039572539,2.37174465473273
Train,2.61099245908694,2.61360198589883
Train,2.83400286718623,2.83618393251728
Train,3.04129889443473,3.04286374140266
Train,3.23425959314538,3.23566362761832
Train,3.41474353528568,3.41608222645137
Train,3.58372500444503,3.58324474733873
Train,3.74226964422779,3.74382070884732
Train,3.89131540652892,3.89189970524804
Train,4.03169112121989,4.03257146966845
Train,4.16413191680804,4.16454624449235
Train,4.28929209795479,4.28998367970981
Train,4.40775595607406,4.40814336743116
Train,4.52004688997203,4.52047366532335
Train,4.62650967206529,4.62583162475331
Train,4.72782502723186,4.72843594190837
Train,4.82424362092163,4.82450090421318
Train,4.91611208106899,4.91652010411254
Train,5.00374507401355,5.00408976769014
Train,2.129067878023,2.12932597374148
Train,2.36787792905186,2.36766771797394
Train,2.59208132754936,2.59199696770721
Train,2.80248393375513,2.80208387369768
Train,3.00055431103668,3.00085464753121
Train,3.18756551755991,3.18723865144622
Train,3.36400289133691,3.36401993833916
Train,3.53093486493978,3.53072941346019
Train,3.68929589731702,3.68919528835451
Train,3.83937516522213,3.83922518017627
Train,3.98197381270913,3.98198590683224
Train,4.11763754094162,4.1177706958135
Train,4.24701295926842,4.24660793519635
Train,4.37023568941752,4.37037591459213
Train,4.48787338357829,4.4876586235425
Train,4.60043042438518,4.60072643827717
Train,4.70797402783647,4.70773275846133
Train,4.81095366343755,4.81108057927323
Train,4.90977083098347,4.90951867371242
Train,5.00444813374043,5.00438900794526
Train,2.36097802441054,2.36230316231578
Train,2.59467270880296,2.59495962563798
Train,2.80991602211101,2.81029638393576
Train,3.00828576076312,3.00829933979022
Train,3.19217654819851,3.19302162182631
Train,3.36266575017569,3.36275914052222
Train,3.52158740602271,3.52206714417317
Train,3.66968650890396,3.67005402558626
Train,3.80821594725934,3.80856658577087
Train,3.9382470175695,3.93872457655945
Train,4.06021325882976,4.06039435961631
Train,4.17514813515164,4.17550091151335
Train,4.28335361077381,4.28380844050317
Train,4.38554006922663,4.38572924767342
Train,4.4823253111259,4.48283224160169
Train,4.57388140873411,4.57408242963921
Train,4.66085324788706,4.66119302099306
Train,4.74335552867245,4.74366392716748
Train,4.8219342682751,4.82218200208282
Train,4.89666225509807,4.89690308082774
Train,3.13066823605367,3.13116395803282
Train,3.2653108264816,3.26536883894934
Train,3.39478865399112,3.39503608760625
Train,3.51898420713781,3.51902883128988
Train,3.63841031814301,3.63857655408557
Train,3.75352574052123,3.7535541055424
Train,3.86419478631816,3.86419346535532
Train,3.97084544861934,3.97093091987537
Train,4.07386216601098,4.07390204066743
Train,4.17309998647914,4.17304093131153
Train,4.26892070629017,4.26895846661338
Train,4.36149783208145,4.36153446146474
Train,4.45114097624998,4.45104035365713
Train,4.53770137997336,4.53778352906212
Train,4.62147332342409,4.62135451419291
Train,4.70272335190628,4.70264994244482
Train,4.7813037669359,4.78143804801422
Train,4.85746953301625,4.85722621752412
Train,4.93145231247699,4.93155692958154
Train,5.00310747339594,5.00271804109271
Train,3.74239489362839,3.74242727390284
Train,3.82910320565476,3.82910327142437
Train,3.91283018968842,3.91283663386477
Train,3.99404431282438,3.99406942966581
Train,4.07270265527586,4.07261091532038
Train,4.14877480179739,4.1487298443919
Train,4.22267517861963,4.22263830043286
Train,4.29435470068976,4.29440234385603
Train,4.36377575593117,4.36379894739567
Train,4.43130764848334,4.4311564529473
Train,4.49689755489048,4.49709019245184
Train,4.56062805510859,4.56052269739868
Train,4.62245567120425,4.62232027790216
Train,4.68270027518888,4.68261224411091
Train,4.74130662485842,4.74148244768932
Train,4.79822877862616,4.79808263424112
Train,4.85375585529207,4.85377656886905
Train,4.90783210332889,4.90779406058047
Train,4.96041026430419,4.96030469254603
Train,5.01175299734479,5.01148702413612
Train,3.8034503864279,3.80306362596658
Train,3.88519629205936,3.8856877549899
Train,3.9642758143468,3.96386121716042
Train,4.04115558955896,4.04153250780856
Train,4.11576116141328,4.1160848293932
Train,4.18819196994992,4.18812633798208
Train,4.25838661498708,4.25807065757382
Train,4.32674812805353,4.32671390313245
Train,4.39320031641299,4.39357666196721
Train,4.45782206902926,4.45803410673235
Train,4.52054925469123,4.52061541233544
Train,4.58173363623279,4.58142640335992
Train,4.64129950786784,4.64181065125578
Train,4.69931025289988,4.69922805296866
Train,4.75570117986209,4.75507945124829
Train,4.81078211704302,4.81128384622044
Train,4.86447917330845,4.86441552137532
Train,4.91684385558621,4.9164331151862
Train,4.9678122675308,4.9678345296181
Train,5.0176594929962,5.01767755371312
Train,0.121912889345683,0.12350002936929
Train,0.321212618614355,0.320597468258904
Train,0.505488365045808,0.505545051155616
Train,0.676377270332567,0.67682729985446
Train,0.835721298201025,0.835474881865787
Train,0.983839788785082,0.984338903048604
Train,1.12225631485193,1.12152130374872
Train,1.25189388522558,1.25226933028736
Train,1.37356202535614,1.37383007538502
Train,1.48797369810938,1.48810784713552
Train,1.59605576012599,1.59688154092347
Train,1.69775822869169,1.69910503994671
Train,1.7938935331152,1.79362057843738
Train,1.88490661293244,1.88481944599536
Train,1.97119622403223,1.97248761170177
Train,2.05312077928406,2.05379723353163
Train,2.13121849731664,2.13110987818637
Train,2.20534073366341,2.20614012638745
Train,2.27597809355105,2.27688085603787
Train,2.34337069592827,2.34472126910097
Train,3.00190855643143,3.0004910956288
Train,3.11154383429012,3.11188996752954
Train,3.2174104685491,3.21665616014271
Train,3.31969949299921,3.31973169435352
Train,3.41858924454627,3.4182853522054
Train,3.51442734455197,3.51364255204882
Train,3.60700208859448,3.60475693027748
Train,3.69664654773391,3.69746756499645
Train,3.78349768358196,3.78320069838647
Train,3.86768405323916,3.86716651968364
Train,3.94932644422233,3.9491357271456
Train,4.02853845268934,4.02702456639437
Train,4.10542701078235,4.10581891952662
Train,4.18009286823752,4.1810137216
Train,4.25263103282269,4.25315027407688
Train,4.3232648426538,4.32276165080313
Train,4.39180798215632,4.39179413164148
Train,4.45847801874026,4.45914866104268
Train,4.52335069787516,4.52310546146165
Train,4.58649773530518,4.58641468125117
Train,2.1230898668007,2.12446762533201
Train,2.35310504958047,2.35335344025062
Train,2.57025444451035,2.57168887484132
Train,2.77558814575459,2.77630697372862
Train,2.97024574076675,2.97148001620936
Train,3.15465746306227,3.15599644025698
Train,3.32979227868022,3.33033040521897
Train,3.49633303012957,3.49785273159997
Train,3.65489714909719,3.6559782926399
Train,3.80604430555556,3.80728003929308
Train,3.95043246607212,3.95152890039955
Train,4.08821917312294,4.0890946661004
Train,4.21998349942063,4.2207664992986
Train,4.3461118399746,4.34761653995721
Train,4.46695822719602,4.46817533540726
Train,4.58284764957916,4.58415351456844
Train,4.6941945519255,4.69489017932048
Train,4.80103857268207,4.80171389237349
Train,4.90375409617079,4.9039047375538
Train,5.00257587715067,5.00263257645039
Train,2.12823337150201,2.12829827138395
Train,2.36411077689893,2.36434817656319
Train,2.58556084540345,2.58448242146025
Train,2.79429787321292,2.79382917405948
Train,2.99097959107034,2.99110751748068
Train,3.1770048147638,3.17614068613894
Train,3.35285279077528,3.35243281104905
Train,3.51968113936391,3.5193573719209
Train,3.67800242205579,3.67777367462096
Train,3.82829541577257,3.82765449105337
Train,3.97145202581556,3.97161150684243
Train,4.1076858400867,4.10818756475256
Train,4.23775673214238,4.23711011012184
Train,4.3619445926591,4.36220493089623
Train,4.48051650454393,4.48058094368954
Train,4.5940807056478,4.59372769063904
Train,4.70272168509138,4.70283094091629
Train,4.80696937638016,4.80708730502939
Train,4.90687679564637,4.90667848745053
Train,5.00290915065122,5.00293386664108
Train,2.12649679914649,2.12744479554586
Train,2.35759501184343,2.35830666177773
Train,2.57579871456369,2.57560848718114
Train,2.78171004898345,2.78244257988464
Train,2.97655078179956,2.97685293910964
Train,3.16119033961514,3.16143244120959
Train,3.33660020704182,3.33687388505697
Train,3.50309248504017,3.50322360560514
Train,3.66150276704624,3.66181292245366
Train,3.8124055918898,3.81274144876644
Train,3.95647937588095,3.9564759289262
Train,4.09387710541017,4.09410653230426
Train,4.22519554485524,4.22538488991833
Train,4.35082943708329,4.35082767741388
Train,4.47127164782101,4.47164872560298
Train,4.58658493578139,4.58666204749735
Train,4.69721097911515,4.6973170176918
Train,4.8034298752106,4.80351681299563
Train,4.90561165504706,4.90560586699049
Train,5.00376687657177,5.00374462703459
Train,2.12426474177798,2.12513529075496
Train,2.35063717238353,2.3519502548099
Train,2.56487196721311,2.56484838110392
Train,2.7679198323259,2.76818897946051
Train,2.96063471204643,2.96155030049177
Train,3.14378579387147,3.14378633493671
Train,3.31806776936108,3.31890996342755
Train,3.48410963961541,3.48458876845162
Train,3.64248230061874,3.6432469607009
Train,3.79370510124421,3.79471883010611
Train,3.93809071449201,3.9388861940408
Train,4.07640023404386,4.07737492339785
Train,4.20886154281866,4.20972291989366
Train,4.33583788543298,4.33639471793341
Train,4.45766303418754,4.45861094048652
Train,4.5746442187341,4.57532244622618
Train,4.68706471308976,4.68783245736105
Train,4.79518612586059,4.7959007200645
Train,4.8992504326528,4.89904044736815
Train,4.99948178390723,4.99948225550016
Train,2.12069811485206,2.12168328772005
Train,2.35218470385353,2.35312248961619
Train,2.57057755642353,2.57179417706922
Train,2.7769570622838,2.77742365118885
Train,2.97228793269146,2.97297925417862
Train,3.15723568352264,3.15705424101744
Train,3.33298376109513,3.33363106332964
Train,3.50002222658851,3.50050807541103
Train,3.65898286341219,3.65890636082096
Train,3.81043779263866,3.81053291849295
Train,3.95490635331891,3.95511624623233
Train,4.09286105212978,4.0930458893583
Train,4.22473272598362,4.22509345302952
Train,4.35091503644363,4.3516124254331
Train,4.47176839471261,4.47160465337421
Train,4.58749844172053,4.58773077847419
Train,4.69866391195884,4.69882960636661
Train,4.80541421416605,4.8056573872802
Train,4.90800726291726,4.90796469637118
Train,5.00668126816914,5.00664081554188
Train,4.51947933506468,4.5192957926649
Train,4.55595585406054,4.55597635333307
Train,4.5917319627115,4.59175192533277
Train,4.627075703772,4.62704752542614
Train,4.66187178245568,4.66177953368443
Train,4.69613283019948,4.69621734120138
Train,4.72975236329546,4.72960587246254
Train,4.76298150731276,4.76289540225317
Train,4.79571121929055,4.79582947767104
Train,4.8279526748944,4.82777061033104
Train,4.85960491137652,4.85962965652853
Train,4.89090370692284,4.89097130067077
Train,4.92174579971075,4.92160817080204
Train,4.95214111344554,4.95208573891269
Train,4.98199381297,4.98201598440411
Train,5.01152570884951,5.01138389980971
Train,5.04063889265971,5.04062712961442
Train,5.06934220665434,5.06934887258668
Train,5.09754458307822,5.09747304290996
Train,5.12545508269722,5.12521026442684
Train,2.12494654509825,2.12501816625646
Train,2.36598412000708,2.36589107278106
Train,2.59196570528841,2.5919137213734
Train,2.80379698900247,2.80387429613457
Train,3.00298370934386,3.00291838243558
Train,3.19083016455647,3.19081607517566
Train,3.36789057987543,3.3676193627709
Train,3.53525081837902,3.53529966153857
Train,3.69386021820756,3.69334854644168
Train,3.84405824457985,3.84407924341414
Train,3.98665280163087,3.98646015077449
Train,4.122207001394,4.12207011961638
Train,4.25137132222626,4.25122943333028
Train,4.37431687836064,4.37409950047205
Train,4.49161091976608,4.49159860419078
Train,4.60375754775155,4.60342743308339
Train,4.71085249935736,4.71060218644399
Train,4.81334220797438,4.81308617210581
Train,4.91162557614815,4.91119462930348
Train,5.00574879795207,5.0051436390224
Train,3.12543660352992,3.12581602138945
Train,3.25712552680222,3.2572939705553
Train,3.38384356666926,3.38388904689256
Train,3.50620900440506,3.50647963387584
Train,3.62411149096913,3.6243682231163
Train,3.73810966565051,3.73822096546265
Train,3.84808553713416,3.84805896650706
Train,3.95454624135555,3.95464997321889
Train,4.05751308548187,4.05769594156865
Train,4.15701563451543,4.15736408960057
Train,4.25349605830165,4.25344915341904
Train,4.34682758939512,4.34708071093902
Train,4.43741576260776,4.43749360625426
Train,4.52525628961524,4.52534397832843
Train,4.61035273249628,4.61048006553593
Train,4.69306363582991,4.69337046112397
Train,4.77326219556547,4.7732568262638
Train,4.85128003768205,4.85132412153527
Train,4.9269917254398,4.92708991662058
Train,5.00070489880787,5.00091118438851
Train,2.12586216946758,2.12607901753128
Train,2.34810903639221,2.34771855121127
Train,2.55906981011008,2.55845626088759
Train,2.75958289477367,2.75837722779235
Train,2.95019087527279,2.94858746093288
Train,3.13201922497898,3.13022688069597
Train,3.30546511329829,3.30491394079783
Train,3.47109513912386,3.47017856455406
Train,3.62942596209123,3.62866067691558
Train,3.78092968593105,3.78035253028266
Train,3.92587471946271,3.92519686106444
Train,4.06499196065997,4.06414086736751
Train,4.19847485952058,4.19815994510483
Train,4.32665891410702,4.32605513870859
Train,4.44985350448167,4.44916850154388
Train,4.56834438574395,4.56783339004161
Train,4.68226681502816,4.68198955729732
Train,4.79212856728055,4.79188347422879
Train,4.89802281184461,4.89774128673363
Train,5.00016065846189,4.99943073044252
Train,2.1239034454604,2.12360764337265
Train,2.35911492066316,2.3589031390895
Train,2.58033210952386,2.58018030597506
Train,2.78876785111201,2.78869943510855
Train,2.98549876920964,2.98543213974173
Train,3.1714838731517,3.17161198943924
Train,3.34758019165918,3.34723360162226
Train,3.51455597750929,3.51448763556456
Train,3.6731019122736,3.67287499172218
Train,3.8238406558098,3.82354602074539
Train,3.96717569005629,3.96735453442508
Train,4.10394304643346,4.10370348814669
Train,4.23443871645856,4.23444793679865
Train,4.35908442797437,4.35904810079793
Train,4.47826492668644,4.4783978648322
Train,4.59233194299298,4.59226892767966
Train,4.70160765894359,4.70160738740943
Train,4.80638774730354,4.80639924245608
Train,4.90694404309473,4.9070718720379
Train,5.00352689844212,5.00324213272889
Train,2.12157822752679,2.12221675115344
Train,2.34997161046408,2.34998677358291
Train,2.56589949340802,2.5660797455441
Train,2.77035529952172,2.77025926054395
Train,2.96422962398634,2.96434364597573
Train,3.14851996271753,3.14873198221741
Train,3.3235451646146,3.32364381274803
Train,3.4901648213289,3.49045921237322
Train,3.64897024560068,3.64899837415779
Train,3.80049855744591,3.80051354241933
Train,3.94523875342614,3.94538506796945
Train,4.08363697812071,4.08414601233218
Train,4.21610111752593,4.21665186579613
Train,4.34300481400337,4.34483884660423
Train,4.46469098601581,4.46466778256055
Train,4.58160039291125,4.58154665027015
Train,4.69376757502804,4.69405226292857
Train,4.80159108710145,4.80154672208502
Train,4.90531844922459,4.90540626591084
Train,5.00517872577434,5.00510464074451
Train,2.12157822752679,2.12187741363069
Train,2.34997161046408,2.35000193420839
Train,2.56589949340802,2.56623986199176
Train,2.77035529952172,2.7712103605065
Train,2.96422962398634,2.96423991461253
Train,3.14851996271753,3.14859509400613
Train,3.3235451646146,3.32354388467339
Train,3.4901648213289,3.49064796987496
Train,3.64897024560068,3.64935692601485
Train,3.80049855744591,3.80088983032894
Train,3.94523875342614,3.9457887338851
Train,4.08363697812071,4.08405449993571
Train,4.21610111752593,4.21639555972998
Train,4.34300481400337,4.34335110199228
Train,4.46469098601581,4.46465856499545
Train,4.58160039291125,4.58175527475597
Train,4.69376757502804,4.69395775705035
Train,4.80159108710145,4.80169267204311
Train,4.90531844922459,4.9053342026693
Train,5.00517872577434,5.00514966347529
Train,2.8296740501142,2.82980076340592
Train,3.00087003735464,3.00080147306127
Train,3.16277266275112,3.16280753247903
Train,3.31611866365468,3.31616499109278
Train,3.4615689084876,3.4614783707677
Train,3.59971791781557,3.599824919371
Train,3.73110198672411,3.73109912080164
Train,3.85620614249155,3.8561807840326
Train,3.97547012785809,3.97549606770027
Train,4.08929356546614,4.08927152615635
Train,4.19804043129214,4.19810513124158
Train,4.30204294258438,4.30202449268674
Train,4.401604947801,4.40160922811466
Train,4.49700489141195,4.4970377180127
Train,4.58849841449439,4.58849122951707
Train,4.67632064227137,4.67634161179213
Train,4.76068820169532,4.76073470402317
Train,4.84180100552688,4.84181384062887
Train,4.91984383384104,4.91981288409644
Train,4.99498773929687,4.99500816219935
Train,2.12307251257918,2.12354170825548
Train,2.35964578934866,2.35955739438415
Train,2.58218050412771,2.58219133701842
Train,2.79142720735334,2.79126673285119
Train,2.98897791192864,2.98905865582329
Train,3.17537342606459,3.17572227504407
Train,3.35192322830612,3.35214964907774
Train,3.51901641132875,3.51937249746171
Train,3.67756862434833,3.67781007334107
Train,3.82838570779016,3.82848272196699
Train,3.97170145535005,3.97203864580134
Train,4.10836525981417,4.10850921378207
Train,4.23853985576174,4.238755288183
Train,4.3628148187034,4.36282531260277
Train,4.48171459673084,4.48183673008517
Train,4.59532714951275,4.59551508120986
Train,4.70423982572091,4.70410602172543
Train,4.80850558860764,4.80865022591953
Train,4.90863863853738,4.90861516738206
Train,5.00466535907799,5.00471938532993
Train,2.12031013626789,2.12077104499459
Train,2.36102834848217,2.36100546855433
Train,2.58658898959166,2.58620046275083
Train,2.7983800262081,2.7978255868895
Train,2.99784901303123,2.99771357502524
Train,3.18561792614839,3.18525048632201
Train,3.36288618172805,3.36219107457711
Train,3.53051066694614,3.53037562237861
Train,3.68925750488651,3.68893251540268
Train,3.83981376202818,3.83950300197667
Train,3.9829588998068,3.9823662327528
Train,4.11891938268376,4.1187805566353
Train,4.24836903830734,4.24775778851673
Train,4.3717646127021,4.37143563121045
Train,4.48952110602165,4.48894025648607
Train,4.60201643538855,4.60153467397887
Train,4.70971741650357,4.70938526590018
Train,4.81269041611846,4.81248283699298
Train,4.91135181778044,4.91010175465473
Train,5.00596686579683,5.005125775506
Train,2.12440624434696,2.1246827830748
Train,2.35222798355211,2.35208443960638
Train,2.56759390425402,2.56616611056799
Train,2.77149833019303,2.7695653072462
Train,2.96505326559385,2.96432909026245
Train,3.14860732130058,3.14621460616237
Train,3.32311528269837,3.3211605492672
Train,3.48922979559846,3.48521528702096
Train,3.64754219853314,3.64625386807367
Train,3.7985895563195,3.79235557176636
Train,3.94302608276754,3.94145719124045
Train,4.08095990864761,4.07801508916801
Train,4.2129716824796,4.21102507203815
Train,4.33943477525598,4.33864970234773
Train,4.46069181716834,4.45960711510107
Train,4.57705779753348,4.57639473377113
Train,4.68895122952415,4.68781098973906
Train,4.79637790324853,4.79381939227661
Train,4.8997186923022,4.89863076178718
Train,4.99920235130416,4.99749353646822
Train,2.12622589903915,2.12611108842449
Train,2.35105907196245,2.3505475802942
Train,2.56408052411292,2.56326438151356
Train,2.76596443231534,2.76557393509776
Train,2.95800431013222,2.95647922151894
Train,3.14069197335927,3.14027356057906
Train,3.31469435242682,3.31458513049639
Train,3.48061643614247,3.47973247156389
Train,3.63882531876998,3.63886146908973
Train,3.79019624579036,3.78983912160603
Train,3.93499541998522,3.93467290874306
Train,4.07364171657609,4.07384814497183
Train,4.20636535159036,4.20630594575979
Train,4.333832845834,4.33343206158153
Train,4.45620835739143,4.45688055358752
Train,4.57379102778125,4.57345732580344
Train,4.68685701678631,4.68707882588043
Train,4.79553547793856,4.79570391532453
Train,4.90031986812072,4.9001521139273
Train,5.00129839913448,5.00115979324092
Train,3.15039381919847,3.15023474670144
Train,3.2382231415356,3.23821732680718
Train,3.32371965065747,3.32397518031049
Train,3.40678219060746,3.40601797238761
Train,3.48788845652993,3.48773123397606
Train,3.56692295565203,3.56716307349981
Train,3.64396406827628,3.64439333314132
Train,3.71908627017166,3.71879440497852
Train,3.79219047864077,3.791833718182
Train,3.86368795523912,3.86359947779257
Train,3.93346868964079,3.93395177673866
Train,4.00159377995734,4.00128614807019
Train,4.06796711744242,4.06798461786658
Train,4.13295647522878,4.13331060891707
Train,4.19645682270938,4.1961285409836
Train,4.25851875370888,4.25806190484419
Train,4.31919059560865,4.31961747028091
Train,4.37838080622098,4.37810372105215
Train,4.43641200640792,4.43627966055484
Train,4.49318561840907,4.49360916446877
Train,2.1297646112952,2.13022507714614
Train,2.35976321402919,2.35942772852851
Train,2.57660054688476,2.57601647285466
Train,2.78177693703839,2.78129927265237
Train,2.97582693019832,2.9759633551059
Train,3.15999309509978,3.16107216631118
Train,3.33466796457649,3.33460964228854
Train,3.50089346110216,3.50141724895567
Train,3.65911229125799,3.65903100031411
Train,3.80974092004381,3.81008007177498
Train,3.95359590323492,3.95397745152715
Train,4.09085311686547,4.09117619457376
Train,4.2222151261859,4.22282482869397
Train,4.34792955629329,4.3483799114858
Train,4.46823410563742,4.46850873042987
Train,4.58369845487071,4.5840287607518
Train,4.69438990326048,4.69478996583913
Train,4.80080855719805,4.80109666319387
Train,4.90299475843662,4.90306936498947
Train,5.00139054318324,5.00160656959835
Train,4.42409585505031,4.42398428073849
Train,4.46699999968875,4.46744252408663
Train,4.50912999588748,4.5092012998086
Train,4.55062343413759,4.5505486181739
Train,4.59126463212535,4.59129648890868
Train,4.63119185597453,4.63142427763361
Train,4.67042375623285,4.67025663200749
Train,4.70897833946524,4.70917379531803
Train,4.74698003120916,4.74691751239353
Train,4.78422975172007,4.78424783282591
Train,4.82085262510907,4.82090272400293
Train,4.85686434244745,4.85687062653434
Train,4.89238013767545,4.8924481347951
Train,4.92721292432008,4.92728585652932
Train,4.96147863591879,4.96134057506989
Train,4.99519100856651,4.99532099714835
Train,5.02836333827751,5.02831452338997
Train,5.06110076351569,5.06122731202614
Train,5.09322977271502,5.09316905217767
Train,5.1248561911553,5.12482045404814
Train,3.12219664035665,3.12247074588796
Train,3.24953452024874,3.24886443012493
Train,3.37314604202669,3.37349867684153
Train,3.4928498320296,3.49370615660356
Train,3.60916007451301,3.60941113159989
Train,3.72189627166973,3.72130034455605
Train,3.83153353563189,3.83146415262873
Train,3.937893249733,3.93838700683974
Train,4.04141575955877,4.04170305446515
Train,4.14192507832224,4.1417124799029
Train,4.23983048635145,4.23992527983338
Train,4.33495917628389,4.33499622364817
Train,4.42769256120208,4.42798793233507
Train,4.51786140777872,4.51757668998308
Train,4.60582203826741,4.60561162564974
Train,4.69140906736962,4.69160340682557
Train,4.77495614780948,4.77505045158451
Train,4.85630192241415,4.85588293399834
Train,4.93575949499856,4.9359035876134
Train,5.01317164359974,5.01268583706243
Train,2.12980838791552,2.13034011442707
Train,2.34168333658339,2.34163388660655
Train,2.54414515157146,2.54475176786055
Train,2.73824139127693,2.73826279200349
Train,2.92427150924354,2.9246443504364
Train,3.10272808016657,3.10299664643591
Train,3.27387246115437,3.27390401212525
Train,3.43851371335323,3.43891974089112
Train,3.59683781251713,3.59690612258984
Train,3.74920149103465,3.74923758220594
Train,3.89577051701384,3.89591476799816
Train,4.03718640633585,4.03756905164684
Train,4.17356288687294,4.17353060735169
Train,4.30516461492292,4.30522848155507
Train,4.43209530256108,4.43233234647252
Train,4.55487496931329,4.55488977341357
Train,4.67357034358219,4.67368124642436
Train,4.78838188846819,4.78838441087847
Train,4.89937221252288,4.89934209124314
Train,5.00697080778179,5.00683077345294
Train,2.12537416344365,2.13316330054496
Train,2.34552927409838,2.349227383964
Train,2.55466956421632,2.56411800829866
Train,2.75404750150743,2.75694997046431
Train,2.94390490216024,2.95206648322547
Train,3.12531404718931,3.12666095862934
Train,3.29843757033248,3.30222221340429
Train,3.4642020484339,3.46718423922558
Train,3.62288854078934,3.62486771631503
Train,3.774770174997,3.77595597175078
Train,3.92060283959894,3.92149653497673
Train,4.0604259611579,4.06161193766658
Train,4.19490563275434,4.19561339806952
Train,4.3241967607628,4.32500639286646
Train,4.44845398107351,4.44911507363414
Train,4.56823507402279,4.56890885994491
Train,4.68351752216831,4.68344015101885
Train,4.79480054880053,4.79527531507321
Train,4.90204659920499,4.9019000806422
Train,5.00570487775376,5.00569316272796
Train,2.13137907626679,2.13048369975351
Train,2.36558251256851,2.36520400499486
Train,2.58611448184891,2.58605225301854
Train,2.79367170301773,2.7933612768522
Train,2.98958625163742,2.98980550056714
Train,3.1748110244684,3.17400423752243
Train,3.35039506155556,3.35046711966626
Train,3.51669708659816,3.51645682411091
Train,3.67461182151582,3.67458273996291
Train,3.82475816738325,3.82419423957818
Train,3.96785686933162,3.96782359961272
Train,4.1040849131936,4.10405534964431
Train,4.23407210575375,4.23398962816119
Train,4.35823770054002,4.35808115578603
Train,4.47709846671157,4.47718874473704
Train,4.59072994667882,4.59059527072369
Train,4.69959280869004,4.69945854613089
Train,4.80398106079469,4.80387830432502
Train,4.90427851305546,4.90413639327581
Train,5.00050274038001,5.00038738242275
Train,1.35217257524446,1.35413792504024
Train,1.47399066892342,1.47417393128691
Train,1.59230603675122,1.59473042311421
Train,1.70788984059983,1.70737047368876
Train,1.82053051413345,1.82008167293517
Train,1.93004279454803,1.9316214194898
Train,2.03713200282241,2.03856487024515
Train,2.14159461111633,2.14196587353055
Train,2.24325094712242,2.24210864172547
Train,2.34274872420312,2.34290507807437
Train,2.43989262030807,2.44101896584672
Train,2.53476518976344,2.53547298645773
Train,2.6271948653086,2.62688590080708
Train,2.71776308529764,2.71782990326957
Train,2.80628541222797,2.80646623956837
Train,2.8925965675905,2.89293066579031
Train,2.9772348648877,2.97779581630876
Train,3.0600238295116,3.06031961039681
Train,3.14080449271254,3.14024671250646
Train,3.22007675336816,3.22063744550379
Train,2.13169975329619,2.13185211421497
Train,2.35657563234608,2.35690544358132
Train,2.5697195887708,2.56956466793982
Train,2.77161116287705,2.77161091210129
Train,2.96351242318112,2.96358851020906
Train,3.14577167191889,3.14578880420796
Train,3.3194547591735,3.31986374374375
Train,3.48481216801417,3.48448710368594
Train,3.64259090213786,3.64294258425999
Train,3.79345572001115,3.7935201530474
Train,3.93755376827673,3.93740718511091
Train,4.07561483172903,4.07577206170955
Train,4.20773741289214,4.20781590291355
Train,4.33442728443041,4.33449634041446
Train,4.45613844345657,4.45647291776387
Train,4.57291703333236,4.57281331484247
Train,4.685289008097,4.68533896903519
Train,4.79327551310105,4.79349626691165
Train,4.89734342494307,4.89720053661423
Train,4.99749465933353,4.99769113824933
Train,2.11800698707624,2.11803240687206
Train,2.34965765577576,2.34916875104519
Train,2.56840930776639,2.56699388283433
Train,2.77488577997022,2.77455992670567
Train,2.9702926005582,2.97003209033047
Train,3.15568719019291,3.15573952347241
Train,3.33145779694166,3.33053885641694
Train,3.49867861621973,3.4986519351498
Train,3.65763083900424,3.65744642754199
Train,3.80906884706775,3.80865721279607
Train,3.95366217337027,3.95344198549921
Train,4.09157969995091,4.09158629658324
Train,4.22340924524784,4.22331432724078
Train,4.34967552568932,4.34945468225325
Train,4.47047351119821,4.47010294912089
Train,4.58639020485336,4.58634917832952
Train,4.69748557725583,4.69722045270302
Train,4.80416453796717,4.80403992173725
Train,4.90679145152063,4.90664335993844
Train,5.00538847860667,5.00490700266001
Train,3.84179557269776,3.84124722792532
Train,3.91920875165838,3.92016390443879
Train,3.99422371956472,3.99381583691703
Train,4.06725350138824,4.06711116212156
Train,4.1382277797835,4.13881276117737
Train,4.20723213202012,4.20705732502958
Train,4.27420779048411,4.27410920816166
Train,4.33951434295091,4.33963596819577
Train,4.40308067966405,4.40296419988064
Train,4.4649754430464,4.46477088675439
Train,4.52513816900946,4.52532135710336
Train,4.58388488439728,4.58388254289658
Train,4.6411453493064,4.64121253173854
Train,4.69697526082213,4.69727615486246
Train,4.75131410345043,4.7511325948819
Train,4.80444192109512,4.80449601738857
Train,4.85629034384653,4.85624722271515
Train,4.90690503639522,4.90711525903881
Train,4.95622646817187,4.95567229758873
Train,5.00450460980597,5.00448658034858
Train,2.12502787527181,2.12505728261223
Train,2.36135204633954,2.3613561771983
Train,2.58362284929565,2.58327720827421
Train,2.79268469363621,2.79276095008955
Train,2.9900326385081,2.98905137447783
Train,3.17629153514919,3.17708722800872
Train,3.35268522941764,3.35187416386744
Train,3.51967841931029,3.52042080957309
Train,3.67828647416271,3.67788722467068
Train,3.82885566655389,3.82831720701707
Train,3.972238578413,3.97296198311434
Train,4.10869287269671,4.10827528132196
Train,4.23894221158223,4.23851268871496
Train,4.36317727847259,4.36370445783742
Train,4.48201832437531,4.48199991283601
Train,4.59560495869248,4.59545956154235
Train,4.7044735138618,4.70489706596546
Train,4.80872436390115,4.80823103177155
Train,4.90882501568616,4.90898752579798
Train,5.00484551569014,5.00467864086223
Train,2.12630598483605,2.12666511321569
Train,2.35539875522112,2.35536968915968
Train,2.57176533308534,2.57178547240093
Train,2.7762152162635,2.77629650723449
Train,2.97012763582966,2.970145710997
Train,3.154096397871,3.15412355048667
Train,3.32886723508733,3.32894412235893
Train,3.49511312972944,3.49514364109037
Train,3.65327046900327,3.65336827892517
Train,3.8042444465208,3.80434004976834
Train,3.94835614457831,3.94839594615242
Train,4.08606303712706,4.08609735129559
Train,4.21763900232919,4.21770160358775
Train,4.34375987462006,4.34378342320471
Train,4.46462571056548,4.46468167257464
Train,4.58055824708455,4.58062665685267
Train,4.69185348214286,4.69191106247509
Train,4.79866719334719,4.79867414187376
Train,4.90148964649825,4.90154786368495
Train,5.00043192536905,5.00040364249272
Train,2.12756302321726,2.12720742612347
Train,2.34357282068457,2.34381394013163
Train,2.54984329443584,2.54903782144739
Train,2.74656419884556,2.74734618806743
Train,2.9346004194769,2.9337364019868
Train,3.11472246366613,3.11539427429508
Train,3.28702110126639,3.28694841457965
Train,3.4523767881392,3.45281048869421
Train,3.61083401632121,3.61100003561133
Train,3.7629914237032,3.76334210089245
Train,3.90938665371888,3.90979958734007
Train,4.05001495535352,4.05025604281965
Train,4.185367040438,4.18563361605467
Train,4.31588545686173,4.31631144852346
Train,4.44153302115887,4.44142543232575
Train,4.56285822366104,4.56309001071551
Train,4.67980876824761,4.67979542099621
Train,4.79274789655703,4.792659997149
Train,4.90200518548599,4.90187630188867
Train,5.00751258189677,5.00736831097512
Train,3.80374262174995,3.80381509600758
Train,3.8813644729742,3.88108996607317
Train,3.95697922789834,3.9570714172971
Train,4.03066374022847,4.03028091772486
Train,4.10249098938142,4.10253022065282
Train,4.17241839760179,4.17276034065272
Train,4.24073848405763,4.24040323383653
Train,4.30739922438136,4.30762697765587
Train,4.37246034610359,4.3725188091432
Train,4.43597874424708,4.43599801568981
Train,4.49800864726972,4.49786092532869
Train,4.55860177147655,4.55867967744617
Train,4.61780746482474,4.61787032561753
Train,4.67567284096216,4.67535155470088
Train,4.73224290426455,4.73229857482712
Train,4.78747214480045,4.78766108717374
Train,4.84158066204671,4.84149863482363
Train,4.89451729124722,4.89471136976337
Train,4.9463196958571,4.94621343300806
Train,4.99702394247805,4.99699909005559
Train,2.13398817546624,2.13469973408629
Train,2.3603036930206,2.36055016792144
Train,2.57460521573588,2.57488029879297
Train,2.77744420913406,2.77733704992553
Train,2.97007708970211,2.9706358899659
Train,3.15291186542403,3.15323537844071
Train,3.3270039647829,3.32806331571029
Train,3.49265432852556,3.49334634785756
Train,3.6507592120268,3.65080654980758
Train,3.80153884200432,3.80220660283359
Train,3.94576178529703,3.94633561817519
Train,4.08358689922918,4.08394198805601
Train,4.21567911599837,4.21625859195975
Train,4.34215029631276,4.34251127908848
Train,4.46358035984785,4.46400464860764
Train,4.58004496573176,4.58040287572859
Train,4.69205361385402,4.6923325833579
Train,4.79965394873103,4.79982492004839
Train,4.90329661362725,4.90355084559834
Train,5.00300750171342,5.00299860781362
Train,2.12692952333918,2.12599380724915
Train,2.35088489207782,2.35093036785676
Train,2.56338939913463,2.56309616803466
Train,2.76487539438893,2.76494111666963
Train,2.95637934571797,2.95641877192812
Train,3.13881695982081,3.13888508656438
Train,3.31245113616632,3.31216076441179
Train,3.4782528902867,3.47829887459576
Train,3.63640671876633,3.6362778183595
Train,3.78758909481047,3.7874620008026
Train,3.93240371759829,3.93246595893489
Train,4.07095177015897,4.07081584491444
Train,4.20377149195949,4.20380715819757
Train,4.33134563589012,4.33127590906062
Train,4.45371995796277,4.4536755570318
Train,4.57145462335721,4.5713143631676
Train,4.68456901428786,4.68468239342675
Train,4.79344493329453,4.79319332029464
Train,4.89842727377511,4.89855004604598
Train,4.99950692178822,4.99925530968377
Train,2.12371882685724,2.12433551079649
Train,2.34385229132083,2.34336120598365
Train,2.5529843127808,2.55302752428744
Train,2.75238144534349,2.75236193581278
Train,2.94226652286525,2.9421761849355
Train,3.12372518645314,3.12394170082754
Train,3.29690314324393,3.29692417625685
Train,3.46273958171679,3.4627563230226
Train,3.62150678904842,3.62130182245365
Train,3.77347042690937,3.77361169943671
Train,3.91939789573612,3.91857958800593
Train,4.0593154789097,4.05981524515865
Train,4.1939000881719,4.19394482455956
Train,4.32329993503047,4.32311582995882
Train,4.44766388388869,4.44762431013279
Train,4.56755956828605,4.56743738583665
Train,4.68295388954253,4.68313460245755
Train,4.7943553340357,4.79428727333126
Train,4.90171656914261,4.90164154933356
Train,5.00549551390638,5.00530646932222
Train,0.858570132811861,0.86107684400323
Train,1.04394113124311,1.04407744844704
Train,1.21780985666362,1.21875130070676
Train,1.38046476767378,1.38028449308168
Train,1.53365978365212,1.53454641936534
Train,1.67753229485396,1.67960070671162
Train,1.81353329009593,1.8133654866053
Train,1.94169856401498,1.94367854004505
Train,2.0629656558425,2.06244701865781
Train,2.17814266650068,2.17850120917338
Train,2.28717156304968,2.28788505146641
Train,2.39101087704773,2.39135578448096
Train,2.48956493941143,2.48966858042533
Train,2.58344419356656,2.58414118398488
Train,2.67318127111649,2.67310100959568
Train,2.7586469140583,2.75933464453757
Train,2.84051777871266,2.84095806116076
Train,2.91865223851417,2.91875350526444
Train,2.99364766201722,2.99514598885272
Train,3.06535534516765,3.06559380578821
Train,2.11836488912733,2.11860872399685
Train,2.32413838841679,2.32444696913282
Train,2.52176604908489,2.52161151314268
Train,2.71214490016071,2.71201875368043
Train,2.89546247921265,2.89535959685437
Train,3.07190808450751,3.07209597637321
Train,3.24223961470774,3.2422859314922
Train,3.40640343133022,3.40632711185955
Train,3.56508149230297,3.56508958509786
Train,3.71837330568695,3.71838967783534
Train,3.86638353331531,3.86653121526452
Train,4.00969953745136,4.00945437300671
Train,4.14838636500646,4.14880950046264
Train,4.2825150818542,4.28224512220387
Train,4.41259655644757,4.41253568423255
Train,4.53852985181722,4.53862631035209
Train,4.66078275686764,4.66070359236456
Train,4.77938175725327,4.77936386207349
Train,4.89435981211991,4.89471632627302
Train,5.00612953667992,5.00550751433021
Train,2.80431739155581,2.80413930701453
Train,3.00972497311769,3.01055403863048
Train,3.19814047253609,3.19786320785553
Train,3.37125133976355,3.37104932403073
Train,3.53100508559131,3.53135383356695
Train,3.67903463184464,3.67901148336588
Train,3.81631626614119,3.81656337849037
Train,3.94410447092034,3.94410313571481
Train,4.0634679768502,4.06349760010399
Train,4.17499426474688,4.17475605682758
Train,4.2795332183762,4.28005866260193
Train,4.37772154690942,4.37750613959198
Train,4.47021182728672,4.47053205494941
Train,4.5573143354775,4.55718334756076
Train,4.63956750088226,4.63947677261441
Train,4.71744209228868,4.71777701275115
Train,4.79113303528688,4.79095503900518
Train,4.86103761995336,4.86096522299905
Train,4.92750601768001,4.92782933532563
Train,4.9906604504058,4.99049893372486
Train,3.92049435677243,3.91955796618842
Train,3.99145171165559,3.99112746892043
Train,4.06038019918818,4.06033260080059
Train,4.12763122014509,4.1277213312189
Train,4.19313532039386,4.19295259034171
Train,4.2569596945443,4.25695306120743
Train,4.31904504352194,4.31919794986444
Train,4.37970121019443,4.37973168777372
Train,4.43885954180265,4.43786015462521
Train,4.49657484268183,4.49668790299094
Train,4.55278775849454,4.55285078448125
Train,4.60777364208356,4.60797282399127
Train,4.66146558459228,4.66124188723389
Train,4.71390872886511,4.71347916910437
Train,4.76504463981533,4.7651652110637
Train,4.81511972504834,4.81522732769209
Train,4.86406937288452,4.86430316445532
Train,4.91193110299996,4.91119551012727
Train,4.95864800759439,4.95880561927899
Train,5.0044419594387,5.00429133861163
Train,3.84105780659028,3.84191132299585
Train,3.91832834994135,3.9176227161972
Train,3.99339132457357,3.9934657996475
Train,4.06634000132811,4.06618844163878
Train,4.13726246970036,4.13765050691128
Train,4.20624199270175,4.20608627164457
Train,4.27335733295105,4.2738771688657
Train,4.33868305268011,4.33827375595703
Train,4.40228979005651,4.40279060519443
Train,4.46424451397606,4.4638380835224
Train,4.5244936789611,4.52492046759127
Train,4.58333470882261,4.58288085372825
Train,4.64070477073592,4.64069100021353
Train,4.69665834288126,4.69713636362413
Train,4.75124724606848,4.75122410995228
Train,4.80452080381362,4.80384577053902
Train,4.85652599098172,4.85703362872865
Train,4.90730757193771,4.9068850431997
Train,4.95690822905911,4.95710245904248
Train,5.0053686823862,5.00522631717669
Train,2.42834849611159,2.42889573478734
Train,2.48746707092845,2.48769948346873
Train,2.54575788762654,2.54521144288284
Train,2.60303139094534,2.60358865875806
Train,2.65972085298525,2.65873215808662
Train,2.71563287692946,2.71609596171239
Train,2.77078334651799,2.77112122297532
Train,2.82518771572609,2.82460048646518
Train,2.87866785658468,2.87852709646742
Train,2.93162730929852,2.92941818943856
Train,2.98388453553816,2.98418673109901
Train,3.03545341028352,3.03599484914431
Train,3.0861642488899,3.08596821355442
Train,3.13639897887034,3.13643632866862
Train,3.18598480435449,3.18655686638723
Train,3.23493421794094,3.23415545262307
Train,3.28325939359915,3.28367741914755
Train,3.33080041565752,3.3295396837768
Train,3.37791456924576,3.37882225990162
Train,3.42443915374309,3.42414061857763
Train,2.22155204803839,2.2215238221199
Train,2.32922765133009,2.3296753821107
Train,2.43370119229795,2.4352866631618
Train,2.53465579142421,2.53413161626141
Train,2.63270837419855,2.63265741874621
Train,2.72755216680266,2.72843744181065
Train,2.81975806069971,2.82055645620695
Train,2.90902955187261,2.90876373992634
Train,2.9957001972413,2.99583856333467
Train,3.08007276147852,3.08137084871688
Train,3.16186609529202,3.16134450874434
Train,3.241556529746,3.24179811455743
Train,3.31887296567829,3.31932075369897
Train,3.39408991319927,3.39357172132642
Train,3.46745776338033,3.46771650481807
Train,3.53872002406571,3.53963493462126
Train,3.60828044587191,3.60872473202309
Train,3.67589190696518,3.67540736348584
Train,3.74193377307705,3.74206706103924
Train,3.80616796539295,3.80674572578774
Train,2.14209769603856,2.14263380063695
Train,2.21273339531818,2.21273953640613
Train,2.2823769413851,2.28163029594563
Train,2.350592547525,2.35094324458097
Train,2.41764641444086,2.41784133824896
Train,2.48378804666712,2.48380659233427
Train,2.54860206011197,2.54879268910937
Train,2.61255260736111,2.61299669033016
Train,2.67523715122211,2.67474091782625
Train,2.73689780398066,2.7373138999703
Train,2.79776203666832,2.79730157531432
Train,2.85744551416636,2.85771822214357
Train,2.91617745975339,2.91676703218601
Train,2.97417352739124,2.97487030946123
Train,3.03106640882577,3.03110076701179
Train,3.08726055967372,3.08638535155316
Train,3.14239942363412,3.14262427203922
Train,3.19669294873118,3.19654089868546
Train,3.25033907813989,3.25107896756
Train,3.30299653175664,3.3025093927192
Train,1.81999616082544,1.81927468343403
Train,1.89765762313371,1.89703457873312
Train,1.97438270048283,1.97430855749391
Train,2.0497284008324,2.0491877922561
Train,2.12395656593575,2.12343855245327
Train,2.19731456079502,2.19733125988042
Train,2.26937773151438,2.2688123564969
Train,2.3403953394366,2.3404348123897
Train,2.41060313213166,2.41009117070117
Train,2.47959370430812,2.47943048169165
Train,2.54760463611279,2.54735205029484
Train,2.61465664623822,2.61426342499745
Train,2.68097125051267,2.6796887781513
Train,2.74616248280759,2.74605264323892
Train,2.81045360596929,2.81042694484696
Train,2.8740563042733,2.87372733298818
Train,2.93659962558512,2.93672635034656
Train,2.99829693749261,2.99780983583533
Train,3.05935074493537,3.05917442933988
Train,3.11940426712818,3.1190840841393
Train,2.12131051433176,2.12176166042101
Train,2.34157767709187,2.34085195892313
Train,2.55089051954992,2.55163589526111
Train,2.75041997728193,2.75039074474463
Train,2.94047941174105,2.94083821384467
Train,3.12206776781015,3.12196867878648
Train,3.29541318753376,3.29518664998451
Train,3.46137588089574,3.46151957717867
Train,3.62026820396298,3.62031994301852
Train,3.77238947072282,3.7728262649127
Train,3.9184378745978,3.91807925066515
Train,4.05850605266546,4.05869124418879
Train,4.19320723877575,4.19330631461545
Train,4.32272202966428,4.32315481767201
Train,4.44722696284171,4.44692292473538
Train,4.56723312140291,4.56750782432047
Train,4.68276194077873,4.68253239869065
Train,4.79426945759002,4.79454898421155
Train,4.90175901098383,4.90184010504
Train,5.00563973868193,5.00525948239211
Train,2.11581728312473,2.11483445600808
Train,2.33047865584099,2.32963655645127
Train,2.53578948231645,2.53474792411563
Train,2.73197658332002,2.7318821676765
Train,2.91981227546609,2.91761006016369
Train,3.09981870678823,3.10031192557127
Train,3.27263879538605,3.27232760674652
Train,3.43838038489641,3.4380250865781
Train,3.59762025954928,3.59709957961078
Train,3.75073363400826,3.75118901041261
Train,3.89820705850173,3.89750114785985
Train,4.04007726729951,4.0402650063863
Train,4.17678714525193,4.17687718645012
Train,4.30861321308013,4.30821748952641
Train,4.43593332062855,4.4358872021132
Train,4.55874123514964,4.55809367643652
Train,4.67738517395463,4.67707478097346
Train,4.79207338478934,4.7919308159164
Train,4.90310587350724,4.90312365532574
Train,5.01045046455225,5.01008749730883
Train,2.12340780063026,2.12396143459611
Train,2.33555182157128,2.33542954353671
Train,2.53826171316524,2.5388879447257
Train,2.73252129019331,2.73217843426229
Train,2.91849468018317,2.91828302648556
Train,3.09703969551917,3.0968204027433
Train,3.26826695843802,3.26895206111859
Train,3.4329299474644,3.43304617363739
Train,3.591248371111,3.5913518345462
Train,3.74343716572525,3.74403124479269
Train,3.89012436427303,3.88943685014075
Train,4.03133386362594,4.0315062020438
Train,4.16762609628764,4.1676870216381
Train,4.29912814868422,4.29900297111655
Train,4.42596729516976,4.42528002743912
Train,4.54862072987129,4.54712730947559
Train,4.66706619002326,4.66720732624
Train,4.78173499906128,4.78120999256336
Train,4.89259322452992,4.89220539401705
Train,5.00003247031494,4.99992051001592
Train,-2.52020399747413,-2.51838942087651
Train,-2.29591448626899,-2.29516792058874
Train,-2.07832454396176,-2.07647088279354
Train,-1.86808267620809,-1.86816320987217
Train,-1.66391071808652,-1.66412814490631
Train,-1.46643689877274,-1.46630082653591
Train,-1.27447895842263,-1.27477998906196
Train,-1.08864441514788,-1.08836738768313
Train,-0.907836374848127,-0.906974211020304
Train,-0.73264157362904,-0.732771538090481
Train,-0.562039432900503,-0.560744657161001
Train,-0.39659609735487,-0.396746983189394
Train,-0.235359490400793,-0.235605561379805
Train,-0.0788755415109268,-0.0788263667107345
Train,0.0737461038603353,0.073316243111742
Train,0.221979226239904,0.222659954930543
Train,0.366658369217015,0.366659348799851
Train,0.507276431250276,0.507253572346792
Train,0.644617321591916,0.644265716304483
Train,0.778192409141088,0.778807756653089
Train,3.78722333247141,3.78709119893957
Train,3.86835707725558,3.86838647285387
Train,3.94712554082616,3.94726065760752
Train,4.02363066926337,4.02324114799759
Train,4.0979686329837,4.09810094890619
Train,4.17023023004647,4.17003434054114
Train,4.24050125613106,4.24049492734613
Train,4.30886284435454,4.30875730202953
Train,4.37539177775957,4.37535158940792
Train,4.44016077700295,4.4400368097433
Train,4.50341168856786,4.50346041748545
Train,4.56485960942645,4.56477793735595
Train,4.6247441025641,4.62468283291511
Train,4.6831240862016,4.68309336590229
Train,4.74005555482039,4.74010630697577
Train,4.79559175829861,4.79536927479259
Train,4.84978336803594,4.84969877656678
Train,4.90267863115647,4.90268229831619
Train,4.95432351377617,4.95436777788401
Train,5.0047618342289,5.00452343386334
Train,4.06779321762793,4.06778337039415
Train,4.12886362446846,4.1288693986373
Train,4.18843650502565,4.18848716627164
Train,4.24656627409439,4.24645319275643
Train,4.3034897491331,4.30360570930335
Train,4.35888192481813,4.35883260051033
Train,4.41297936164961,4.4129932456037
Train,4.46582693013893,4.46583981803107
Train,4.51746745109716,4.51740498083947
Train,4.56794181135225,4.5679466200365
Train,4.61745010965688,4.61751720572848
Train,4.6657040691344,4.66565203992851
Train,4.71290408416591,4.7128753940253
Train,4.75908431150662,4.75912910220924
Train,4.80427744772708,4.80427632335178
Train,4.84851480641581,4.84845709838029
Train,4.89196783246196,4.89200717857076
Train,4.93437948805927,4.93434949937565
Train,4.97592179954134,4.97599411166285
Train,5.01662122515669,5.01650388933032
Train,4.22014920295026,4.22049149589494
Train,4.27001595389997,4.26995023394394
Train,4.31884733509992,4.31880842246593
Train,4.36649106477317,4.366506236611
Train,4.41334987882338,4.41343855652868
Train,4.45926512455976,4.45925946422923
Train,4.50426501801582,4.50454834285684
Train,4.5483766613159,4.54825164013001
Train,4.59145944968607,4.59147362199129
Train,4.63387492262615,4.63395477473224
Train,4.67547720517421,4.67537823356016
Train,4.71628946103913,4.71651760129154
Train,4.75617962708936,4.75611773885086
Train,4.79548073861762,4.79543803377802
Train,4.83405616692232,4.83417363569444
Train,4.87192582742161,4.87193620744639
Train,4.9091089134031,4.90909110057893
Train,4.9454831181638,4.94554512445958
Train,4.98135040320262,4.98133695846101
Train,5.01658461081217,5.01657591288514
Train,0.0232534855056645,0.0241764783260918
Train,0.324712944071901,0.324574379045055
Train,0.60536286614481,0.605461266232135
Train,0.867286065839493,0.867358412028091
Train,1.11229637454543,1.11194229321173
Train,1.34246542260862,1.34203941805955
Train,1.55818922335934,1.55822194696358
Train,1.76121419379661,1.76132093080579
Train,1.95262957125149,1.9527050632225
Train,2.13340348386394,2.13299008081432
Train,2.30439932758651,2.30470134935805
Train,2.46638955566902,2.46615939480236
Train,2.62006734534397,2.62020436079021
Train,2.76605651343147,2.76570603739875
Train,2.90491998000819,2.90505633883932
Train,3.03744826357064,3.03727313466353
Train,3.16352782107499,3.16373539016259
Train,3.28387356534576,3.28384625319287
Train,3.39886794131181,3.39875827784109
Train,3.50886012159005,3.50926054469002
Train,4.28859561403509,4.2883618986618
Train,4.34205553093081,4.34187536592273
Train,4.39413825412554,4.39398474864921
Train,4.44523806813899,4.44520454951108
Train,4.49521413955049,4.49506023946943
Train,4.54393920473399,4.54388135122482
Train,4.5917797177037,4.59182383923891
Train,4.63844468822171,4.63850460106752
Train,4.68428365944228,4.68428353057808
Train,4.72916704473182,4.72901973042664
Train,4.77297694083089,4.77281262225935
Train,4.81603966114015,4.81581619845221
Train,4.85823186116631,4.85829287958605
Train,4.89944090909091,4.89902310148883
Train,4.93997216624685,4.93993322534717
Train,4.9795747829991,4.97943002011581
Train,5.01854127914636,5.018540222891
Train,5.05675790632441,5.05663104420293
Train,5.09412023228766,5.09414532431239
Train,5.1309029953917,5.13060841431999
Train,2.58610026583734,2.58592907964904
Train,2.76851465918126,2.76931896973311
Train,2.94272882802608,2.94307531918658
Train,3.10901911744448,3.1092267902006
Train,3.26841993749323,3.26857762922938
Train,3.42110751508397,3.4209018627973
Train,3.56749720103519,3.5672576772724
Train,3.70797077464581,3.70877452445912
Train,3.84266509114177,3.84268358710161
Train,3.97234198581784,3.9723667960263
Train,4.09707757069643,4.09768608908254
Train,4.21714899668871,4.21758674192662
Train,4.3326287426891,4.33335580122931
Train,4.44413033620157,4.44324774500475
Train,4.55168393839327,4.55225152699333
Train,4.65549558435397,4.65593785010625
Train,4.75575721774563,4.75612707555976
Train,4.85249322518756,4.85254526260743
Train,4.9461851749025,4.94609967624475
Train,5.03682941941548,5.03653931052596
Train,2.98775249380128,2.98788794046978
Train,3.12206960094632,3.12216785535767
Train,3.25290130390781,3.25364460897455
Train,3.37993974614198,3.38104099757967
Train,3.50377640960752,3.50480134580558
Train,3.62411220201402,3.62556374152902
Train,3.74150019080705,3.74226304817258
Train,3.85565013384334,3.8568478182735
Train,3.96688702225547,3.96796417316565
Train,4.07550945630258,4.07607452810609
Train,4.18124040876721,4.18261712550722
Train,4.28455202488485,4.28511085545161
Train,4.38517594829115,4.38596448866721
Train,4.48338609932238,4.48383824429603
Train,4.57943510371219,4.58047323825141
Train,4.67306727396642,4.6743083596759
Train,4.76469060628296,4.764992478342
Train,4.85405759289072,4.85499345439731
Train,4.94155423929131,4.941650497489
Train,5.02694097839383,5.02676248728513
Train,4.14401671994345,4.14375437214241
Train,4.19751144380353,4.19759817655196
Train,4.24985505831044,4.24975887245656
Train,4.30108432264442,4.30123334097717
Train,4.35123444732833,4.35156940447106
Train,4.40033917493346,4.40003492457455
Train,4.44843085579031,4.44800037925071
Train,4.49554051906142,4.49587324926525
Train,4.54169793950441,4.54141142020145
Train,4.58693170022691,4.58707329225782
Train,4.63126925171151,4.63099940790399
Train,4.67473696736674,4.67478592861718
Train,4.71736019584034,4.71736755751609
Train,4.75916331031284,4.75915364848898
Train,4.80016975497286,4.80002958499446
Train,4.84040208886042,4.84062465795633
Train,4.87988202725041,4.87985187719661
Train,4.91863048073583,4.91869098949811
Train,4.95666759215853,4.95662989853937
Train,4.99401277152463,4.99392776445367
Train,3.88106647881116,3.88039688132468
Train,3.95498534175077,3.95381154382832
Train,4.02671478618677,4.02690521517271
Train,4.09670141090502,4.09649882501454
Train,4.16483624467702,4.16388550415851
Train,4.23102517859931,4.23122891301156
Train,4.29567456628328,4.29471416061843
Train,4.35852034698589,4.35834208782236
Train,4.41994505606517,4.41962923765296
Train,4.47984525635399,4.47936186283388
Train,4.53813014425581,4.53714647828948
Train,4.59515032639944,4.59474773700114
Train,4.65080606957692,4.65027899594699
Train,4.70500913105349,4.70463727089574
Train,4.75808209561698,4.75745787736215
Train,4.80979863708371,4.80936462346855
Train,4.86046452629652,4.86001235720888
Train,4.90998639728125,4.90991916315962
Train,4.95828074029674,4.95693799605052
Train,5.00563050217586,5.00496447591487
Train,2.12621823990325,2.12653795361094
Train,2.35335536725129,2.35330176744739
Train,2.56848775657863,2.56841993970212
Train,2.77206855266668,2.77173551745201
Train,2.96522830288204,2.96513396117208
Train,3.14896097896573,3.14902942988393
Train,3.32353294524035,3.32257811604924
Train,3.49000016938564,3.48984753816532
Train,3.64854390333541,3.64850143245186
Train,3.79989311823147,3.80003765681814
Train,3.94469562852031,3.94414278779933
Train,4.08304353576476,4.08211913478064
Train,4.21551363640978,4.2155701602771
Train,4.34262124740616,4.34253743934661
Train,4.46440022385062,4.4640538298465
Train,4.5814523120877,4.58124164621241
Train,4.69378410219524,4.69376543203745
Train,4.80180183201991,4.80133736097033
Train,4.9058711871293,4.90562353391416
Train,5.00596980801308,5.00545250326669
Train,3.98151939479087,3.98117031622515
Train,4.08560394980828,4.08613462925697
Train,4.18538760819451,4.18488450516653
Train,4.28149214122652,4.2798465541002
Train,4.3737693593754,4.3742111490994
Train,4.46277764000615,4.46252094563007
Train,4.54836467816459,4.54867349402977
Train,4.63103463127504,4.63001975179778
Train,4.71063354983805,4.71026844118225
Train,4.78761888365643,4.78799494285178
Train,4.86183683844562,4.86148942619021
Train,4.93370436064246,4.93253797422059
Train,5.00306911414454,5.00336922275002
Train,5.07031270660277,5.07031529351863
Train,5.13528519349241,5.13501802238371
Train,5.19833717447293,5.19869376382322
Train,5.25932175401187,5.25844519534641
Train,5.31856218030005,5.31862251426193
Train,5.37591505757774,5.37589652085281
Train,5.43167938954815,5.43053106438875
Train,3.56330827873525,3.56342767755106
Train,3.61943027308644,3.61944080711893
Train,3.67467932599725,3.67449710943603
Train,3.72860979994892,3.72854010449574
Train,3.78149458101501,3.78105757533032
Train,3.83336379059865,3.83328267625458
Train,3.88446551995038,3.88449873600822
Train,3.93438531230801,3.93435967552633
Train,3.98337334956381,3.98341795427242
Train,4.03145547738693,4.03175019827742
Train,4.07885992830399,4.07871335263754
Train,4.12520035364699,4.12467706801746
Train,4.17070699209888,4.17051711037694
Train,4.21540214606916,4.21549073225307
Train,4.25949652745226,4.25923801924565
Train,4.30262920059413,4.30244717026127
Train,4.34501278816023,4.34533433548332
Train,4.38666663622413,4.38677093614589
Train,4.42778591658008,4.42682122398966
Train,4.46803273530061,4.46785672572352
Train,5.37057636424032,5.37052321605207
Train,5.43382141873497,5.43379647167077
Train,5.49501443885656,5.49508543688554
Train,5.55425370004127,5.5542428024257
Train,5.61163130089327,5.61155973514379
Train,5.66723364096217,5.66723323482639
Train,5.72114185484868,5.72115008297825
Train,5.77343220722596,5.77344299222588
Train,5.82417645282135,5.82422315950518
Train,5.87344216493173,5.87342264232412
Train,5.92120404498644,5.92121171926029
Train,5.96770266156324,5.96773277200392
Train,6.01290314905093,6.01288360523378
Train,6.05685912002681,6.05686986709244
Train,6.09962127490142,6.09962324221689
Train,6.14123759700093,6.14122192814667
Train,6.18175353217474,6.18176331105698
Train,6.22121215434194,6.2212286141241
Train,6.25965431824423,6.25964347910686
Train,6.29711880054416,6.29714084183999
Train,3.43469817214436,3.43491547607319
Train,3.71526197914561,3.71534378098496
Train,3.96912085994883,3.96897231456225
Train,4.19970213449115,4.1997389796181
Train,4.41045529222628,4.41037854954103
Train,4.60365386091897,4.60366266909315
Train,4.78140345001849,4.78140950432336
Train,4.94548586823508,4.94546808235665
Train,5.09727810462039,5.09726761874318
Train,5.23837314178011,5.23841578190533
Train,5.36974091204346,5.36972550334232
Train,5.49235381109834,5.492352218391
Train,5.60695185997092,5.60699532674172
Train,5.71449665703554,5.71451633821763
Train,5.8155254137919,5.81549393644146
Train,5.91061291862125,5.91062083904236
Train,6.00026828715781,6.00028262943507
Train,6.08486476854503,6.08484843540483
Train,6.16496886465042,6.16495882945511
Train,6.24085787471548,6.24083995071325
Train,3.35747576609748,3.35659636495822
Train,3.46979775418912,3.46924570562825
Train,3.57789529176079,3.57735390532818
Train,3.68200230337501,3.68224586902417
Train,3.78212479428875,3.78129891160116
Train,3.87889364851317,3.87852155464699
Train,3.97227749373612,3.97223471047092
Train,4.06245089010111,4.06199636392759
Train,4.14957659815377,4.14919741417745
Train,4.23380655928289,4.23351746970931
Train,4.3151111586512,4.31503651957447
Train,4.39397198583075,4.39402737280235
Train,4.47033614290024,4.46978682364917
Train,4.54432034612779,4.54420635771222
Train,4.61603414828639,4.61616410285043
Train,4.6855804799257,4.685168607137
Train,4.75291380124137,4.75294972942194
Train,4.81841406116404,4.81824638903546
Train,4.88202044711433,4.88184674319401
Train,4.94381392771371,4.94346626152238
Train,3.95379085585895,3.95383277833226
Train,4.02387689874655,4.02407908388542
Train,4.09202787585003,4.09188849939366
Train,4.15832283624358,4.15835809858455
Train,4.22265524360137,4.22262372141832
Train,4.28546338401749,4.28561590091905
Train,4.34662808607946,4.34662596328618
Train,4.40621302012163,4.40614035312157
Train,4.46427860944328,4.46435451822091
Train,4.52088223469157,4.52096657122294
Train,4.57592311844487,4.57594981888743
Train,4.62976750947251,4.62974037038131
Train,4.6823055082136,4.68225745722722
Train,4.73358408906357,4.73367647142569
Train,4.78364800099205,4.78375202299341
Train,4.83253989778802,4.83256941928831
Train,4.88016595915179,4.88016231514686
Train,4.9268370631556,4.926840069804
Train,4.9724526102253,4.97254644509868
Train,5.0170480101116,5.01683116125261
Train,3.80648225569434,3.80646586201893
Train,3.88819773140044,3.88828354724884
Train,3.9675845776397,3.96758257605162
Train,4.04434546678564,4.04432738535817
Train,4.1187993066945,4.11898025922184
Train,4.19123440546412,4.19145967331334
Train,4.26137018770759,4.26119619044604
Train,4.32948904552383,4.32956506595857
Train,4.39584710591179,4.39570850127549
Train,4.46017989826154,4.46016080328828
Train,4.52273921278602,4.52293707938426
Train,4.58359738725435,4.5835147885393
Train,4.64297543427099,4.64294334072675
Train,4.70062906181099,4.70068708991877
Train,4.75677643828702,4.75667605446707
Train,4.81161680267712,4.81177077352751
Train,4.86491994475946,4.86465052591867
Train,4.91688305589834,4.91697989761652
Train,4.96768669976923,4.96757523698599
Train,5.01711383153096,5.01695104664233
Train,3.8066694585454,3.80755173796407
Train,3.88830813858995,3.88840348016148
Train,3.96762431052348,3.96769573433468
Train,4.04432259282697,4.04474351116934
Train,4.11891043444386,4.11928466898663
Train,4.19110358009718,4.19122128285945
Train,4.26137364197484,4.26159358951755
Train,4.32944724323035,4.32969793624781
Train,4.39576388554881,4.39596847859704
Train,4.46006075378851,4.46009709640404
Train,4.52274846433141,4.52331589566367
Train,4.58357440276936,4.58362240728294
Train,4.64292310555896,4.64318701688372
Train,4.70055177180784,4.70059997672271
Train,4.75682130961977,4.75705390982531
Train,4.81149833123813,4.81152654678427
Train,4.86492226818416,4.86515046617043
Train,4.9168687417456,4.91690595387464
Train,4.96765760327812,4.9676680692448
Train,5.01707308206896,5.01719864362368
Train,2.1236001698057,2.12674263168284
Train,2.3312267024633,2.33351874853744
Train,2.53079190975058,2.5328107091793
Train,2.72221107576009,2.72282595620546
Train,2.90649628017563,2.90749820168477
Train,3.08353435789103,3.08539591325299
Train,3.25422961376912,3.25556893954691
Train,3.41844845121932,3.42024488647641
Train,3.57700345480192,3.57767996588356
Train,3.72974665350828,3.73058887883072
Train,3.87741200225108,3.87932884571838
Train,4.01984174897882,4.02093266508947
Train,4.15770198454672,4.15882932934456
Train,4.290828668106,4.29129500865948
Train,4.41982895049952,4.42072904631115
Train,4.54453516025359,4.5453085852807
Train,4.66550296056914,4.66644542835112
Train,4.78256307189015,4.78295184884902
Train,4.89622593620364,4.89645376585596
Train,5.00632220143366,5.00616242626185
Train,2.11929806066128,2.12177580904082
Train,2.33912576422513,2.3399231919777
Train,2.54859528613601,2.54935300367125
Train,2.74780960314826,2.74932730210477
Train,2.93779495529389,2.93898551759613
Train,3.11945687375641,3.12051283427555
Train,3.29279699955795,3.29400642692254
Train,3.45862885425712,3.45986526432372
Train,3.61767431655396,3.61865892688203
Train,3.76987241815197,3.7706740030355
Train,3.91588042011057,3.91767296154486
Train,4.05606843534068,4.05672158733997
Train,4.19098530903493,4.19186850397656
Train,4.32052286055671,4.3216667371764
Train,4.44518840503133,4.44603951914015
Train,4.56543701782796,4.5658086470232
Train,4.6811416941507,4.68157444915252
Train,4.79272714137776,4.79327547212798
Train,4.90057583290482,4.90067542553353
Train,5.00455067461036,5.0047149260192
Train,2.79788184818482,2.8000643479265
Train,2.97335468643221,2.9732879815003
Train,3.13886891715424,3.1402376424796
Train,3.29576238654505,3.2970254419981
Train,3.44444714550587,3.44401038043926
Train,3.58531949114351,3.58730046938055
Train,3.71941916855353,3.71929150169509
Train,3.84701300755902,3.84892587136184
Train,3.96836344940053,3.96925301045322
Train,4.08429867299206,4.08462290267036
Train,4.19499065489583,4.1963817668313
Train,4.30078722298537,4.3013875134695
Train,4.40183938328847,4.40218460043089
Train,4.49877838020913,4.49875195909245
Train,4.5916967674814,4.59167535578146
Train,4.68069257122139,4.68106637150978
Train,4.7662911811145,4.76625106854245
Train,4.84854735918329,4.84894742455637
Train,4.92752249937938,4.92771853737414
Train,5.00366031197705,5.00365950594843
Train,1.49400356488097,1.49456224437946
Train,1.57682794872268,1.57679567430952
Train,1.6584071625663,1.65864453437299
Train,1.73815252095142,1.7381644231593
Train,1.81672692283096,1.8164464560925
Train,1.89356181483551,1.89358616752926
Train,1.96929441392374,1.9692948914255
Train,2.04337531582866,2.04289489115237
Train,2.11641754009361,2.11660033604695
Train,2.1878899089651,2.18794238649772
Train,2.25838261570457,2.25849193208179
Train,2.327381842575,2.32695408654237
Train,2.3954562249571,2.39540117818452
Train,2.46210849074814,2.46185419973536
Train,2.5278868926327,2.52779506570206
Train,2.59230993820457,2.5922631036212
Train,2.65590658789213,2.65595132455766
Train,2.71821040810501,2.71812945456096
Train,2.77973208027049,2.77841555475444
Train,2.8400195506646,2.83896771690908
Train,3.79651087817818,3.79648590940106
Train,3.87628483249643,3.87634467529843
Train,3.95402468652431,3.9538890429014
Train,4.02946536235789,4.02970309625217
Train,4.10287290473821,4.10282558670061
Train,4.1743284105928,4.17415430022649
Train,4.24406620952719,4.24392908925639
Train,4.31184013007536,4.31177696195865
Train,4.37788100216708,4.37783710929781
Train,4.44225446036291,4.44213313688507
Train,4.5051650316377,4.50499864392824
Train,4.56638419583678,4.56647738822195
Train,4.6261141293753,4.62598538535732
Train,4.68440852026206,4.68441060008828
Train,4.74144748054827,4.74144661259035
Train,4.79701879050252,4.79688709369131
Train,4.85130101388361,4.85125503052969
Train,4.90433849078683,4.90421093773895
Train,4.95629108787155,4.95614988442886
Train,5.0069615428495,5.00672447217058
Train,2.11265652053321,2.1133962559563
Train,2.3578566649345,2.35768035903512
Train,2.58709638398645,2.58733418779794
Train,2.80188488942419,2.80206122258661
Train,3.0035469266887,3.00338517689144
Train,3.19300068400244,3.19325489202876
Train,3.37179232928029,3.3701298246726
Train,3.5405745503095,3.54029992805791
Train,3.70016500671517,3.70029972977337
Train,3.85129466049826,3.85117661241949
Train,3.9946189701457,3.99204505393774
Train,4.1307273939857,4.13132886091099
Train,4.26015149340538,4.25870973183393
Train,4.38337187082695,4.38377816740668
Train,4.50082413335532,4.49992285650498
Train,4.61275563701275,4.61290614748779
Train,4.71983010816281,4.7190799225884
Train,4.82222099538286,4.82227063728916
Train,4.92022902122279,4.91971223640049
Train,5.01412970272404,5.01349006139409
Train,2.14401432385432,2.14757859282164
Train,2.38115906837723,2.38430342541889
Train,2.6037154860944,2.60684512089412
Train,2.81248742451155,2.81392085068566
Train,3.00895291571405,3.01038639406235
Train,3.19439187912844,3.1958914913068
Train,3.36928552276897,3.37048093382892
Train,3.53490699190702,3.53648497222658
Train,3.6915961922994,3.69293900165777
Train,3.8402358800163,3.84381741078161
Train,3.9816013822551,3.98521460242247
Train,4.11588896677827,4.1180664505284
Train,4.24377162448729,4.24605280886882
Train,4.36584447361433,4.36628354395926
Train,4.48221255814478,4.48281991156383
Train,4.59353582159029,4.5933840109885
Train,4.6998773243844,4.69972621670441
Train,4.80168739654563,4.80141756705253
Train,4.89936800597654,4.89945310111417
Train,4.99293804110241,4.99243631031842
Train,2.1089386522176,2.109839444902
Train,2.37514073023038,2.37512711947621
Train,2.62060179571228,2.62004261533931
Train,2.84707197075652,2.84693413967963
Train,3.05721315704382,3.05782126875621
Train,3.25222648526667,3.25117416099075
Train,3.43415752082525,3.43361987515729
Train,3.60384084059762,3.60366976327915
Train,3.76267811596061,3.76238969008247
Train,3.91187006831308,3.9102845506479
Train,4.05190585526976,4.05162888568722
Train,4.18394524024873,4.18409214273762
Train,4.30833067579597,4.30758595071003
Train,4.42586142983442,4.42582940571648
Train,4.53723364108906,4.53659449887183
Train,4.64264426466738,4.64209043661523
Train,4.74281992770265,4.74273618321805
Train,4.83789302383836,4.83730375628348
Train,4.92847952912802,4.92846463535008
Train,5.01466450809957,5.01357138982186
Train,2.1288000425236,2.12875989872028
Train,2.34823611622065,2.34802597615472
Train,2.55721056391098,2.55726942683597
Train,2.75599004423558,2.75568247343309
Train,2.94552363337288,2.94526462435734
Train,3.12665298750669,3.12646440549926
Train,3.29952074244584,3.29962073130283
Train,3.46506570261306,3.46484491295834
Train,3.6233729771198,3.6233967040591
Train,3.77508423011347,3.77499475882561
Train,3.92077359844153,3.92068854015653
Train,4.06046525202083,4.06043092206365
Train,4.19467901969374,4.19445102090887
Train,4.3238821364358,4.32397385847636
Train,4.44805868915352,4.44777363863451
Train,4.56777660105704,4.56782600971766
Train,4.68300122001707,4.68299825223058
Train,4.79411099883308,4.79405600598531
Train,4.90144833177892,4.90133889911359
Train,5.00495885637076,5.00460599992422
Train,2.12903313037011,2.1292848242576
Train,2.37371497467302,2.37345225076407
Train,2.60247029364738,2.60225534071125
Train,2.81623456115528,2.81632570393978
Train,3.01670163660666,3.01597678515665
Train,3.20532645089991,3.20489353962167
Train,3.38265358908176,3.38269740927918
Train,3.54989189897027,3.54812109612086
Train,3.70809013959052,3.70734184820159
Train,3.8575609457185,3.85743373308125
Train,3.99919673222576,3.99776399492313
Train,4.13359781405886,4.13345354280156
Train,4.26147622394797,4.26142449330492
Train,4.38296867091488,4.38141270092293
Train,4.4986971616588,4.49784218672922
Train,4.60921087066979,4.60449518866354
Train,4.71457055299424,4.71357228853432
Train,4.81526389425394,4.81465458821386
Train,4.91172399174008,4.91093786452822
Train,5.00396334665218,5.00271052874651
Train,2.13040396222976,2.13082907347253
Train,2.37303853282408,2.37263727738738
Train,2.60015547822851,2.60032091059676
Train,2.81263070033132,2.81251673091739
Train,3.01210130581198,3.0121760825734
Train,3.19997617682496,3.19919032069284
Train,3.37676511064571,3.37414928642303
Train,3.54386697152176,3.54351655686534
Train,3.70163413213781,3.70084168311424
Train,3.85102716016077,3.84992580453965
Train,3.99288537720786,3.99249890866323
Train,4.12740371639727,4.12757502591759
Train,4.25530873339397,4.25363846550155
Train,4.37723989298125,4.37724780762275
Train,4.493294071595,4.49268969701935
Train,4.60418353903414,4.60460600109783
Train,4.70996079497985,4.70875358128452
Train,4.81110720463325,4.81054852209692
Train,4.90805066782361,4.90798479689894
Train,5.00079777774893,4.99947973306026
Train,4.03678158433773,4.03697383794698
Train,4.13566729713179,4.13569446110906
Train,4.23097241930034,4.23079553157569
Train,4.32253303108006,4.32261609031249
Train,4.41073584423757,4.41065802112117
Train,4.49592692277096,4.49580148743754
Train,4.57793968546789,4.57802810732593
Train,4.6572551368398,4.65726187018137
Train,4.73370733785268,4.73360940443873
Train,4.80759144513496,4.8075462700601
Train,4.87917329958169,4.87923173163491
Train,4.94829025844663,4.94831098612323
Train,5.01519696033909,5.01463504891054
Train,5.08012355466713,5.08014740347263
Train,5.14291246511713,5.14287631324097
Train,5.20390367316847,5.20394530823452
Train,5.26294356871021,5.2629060410529
Train,5.32023532421494,5.32025300584629
Train,5.37596355005784,5.37586242389644
Train,5.42998106724748,5.42971453975243
Train,2.76429712269479,2.76421538272026
Train,2.99662453130539,2.99655813800401
Train,3.21286783191093,3.21278956439547
Train,3.41419547717616,3.41372480823176
Train,3.60251571015027,3.6022946918367
Train,3.77865864230516,3.77828244148096
Train,3.94413510895602,3.94406995069422
Train,4.09953984965417,4.0995596364066
Train,4.2459277761753,4.24565644268497
Train,4.38421528045004,4.38400204267801
Train,4.51476550454941,4.51453741063798
Train,4.63848546459697,4.63865135650686
Train,4.75563590627726,4.7555610056863
Train,4.86685051434591,4.86638301259355
Train,4.97268738411074,4.97270281937218
Train,5.07330223853307,5.07331493670628
Train,5.16928654997398,5.16896194318744
Train,5.26074791253988,5.26085182348671
Train,5.34819410489527,5.34788626089922
Train,5.43169660327504,5.43136471367162
Train,3.80381777795189,3.80384923337461
Train,3.88514324005325,3.88541727861067
Train,3.96402527890594,3.96381777611369
Train,4.04074982268281,4.0408171387082
Train,4.11505901581572,4.11502767861949
Train,4.18723194122482,4.18763991167926
Train,4.25735941480867,4.25733766992763
Train,4.32552717676686,4.32571745227525
Train,4.39197006127829,4.3923983964398
Train,4.45645288468365,4.45638397577769
Train,4.51920628604514,4.5195288524612
Train,4.58029891907628,4.58026937747328
Train,4.63993401138155,4.64004905321982
Train,4.69789341540057,4.6980834461776
Train,4.75437753520853,4.7543693995851
Train,4.80944199021849,4.80960580045777
Train,4.86313963868017,4.86313036109842
Train,4.91564248218195,4.91603217454596
Train,4.96675195093874,4.96662877648324
Train,5.01663835745596,5.01660653614291
Train,3.80664091162018,3.80679954918579
Train,3.88860513026176,3.88865191588976
Train,3.9679995475491,3.96777755178683
Train,4.04494315355178,4.0450716170437
Train,4.11954770383565,4.11956219794066
Train,4.1919182610461,4.19205262101078
Train,4.26215368855679,4.26201341521138
Train,4.33034710106158,4.33033204322984
Train,4.39658627642818,4.39656670520545
Train,4.46095403264424,4.46103682777376
Train,4.52367796994307,4.52362028739136
Train,4.58452912445033,4.58455590477225
Train,4.64373103384914,4.64368817103078
Train,4.70134985075786,4.70135880305517
Train,4.75744823655694,4.75681475543953
Train,4.81208558870454,4.81198438913108
Train,4.86531825051979,4.86513849415697
Train,4.91719970499118,4.91736214961039
Train,4.9677807540116,4.96757211185305
Train,5.01710968430264,5.01655329036131
Train,1.61461103702992,1.61534005733321
Train,2.00542657563896,2.00558458770885
Train,2.35758061384121,2.35789236128604
Train,2.67595499157941,2.67582607743881
Train,2.96545351484543,2.96535212956425
Train,3.23007786762063,3.22854459815991
Train,3.47245396223694,3.4711297584383
Train,3.69568666082168,3.69560967755589
Train,3.90157605727133,3.9006717822942
Train,4.09224436676495,4.0918891607782
Train,4.26948383431432,4.26882433548072
Train,4.43435795345876,4.43417698257891
Train,4.58826026605805,4.58702382821704
Train,4.73238495656922,4.73201671349872
Train,4.86738295180506,4.86705750261009
Train,4.99433137694464,4.99386754658027
Train,5.11370594655759,5.11326474669314
Train,5.22627002247981,5.22598443385342
Train,5.33268984781122,5.332444633643
Train,5.4332664421867,5.43298509987854
Train,1.18428791394519,1.18405544075559
Train,1.63622234477721,1.63591899900913
Train,2.03966537388795,2.03952067735937
Train,2.40202412271444,2.40166389041971
Train,2.72927020845774,2.72858845798529
Train,3.02627142594558,3.02575804817953
Train,3.29703552707117,3.29639253495972
Train,3.54489212669147,3.54414266738078
Train,3.77263031285526,3.77205053465715
Train,3.98260405466821,3.98220898348719
Train,4.17681386944818,4.17604781812971
Train,4.35697076170014,4.35648921805679
Train,4.52454676694965,4.52416288134392
Train,4.68081526395373,4.68032992079153
Train,4.82688339281796,4.8265142692928
Train,4.96371832551304,4.96340138777142
Train,5.09216870721911,5.09184979455878
Train,5.21298227338585,5.21268510592037
Train,5.32682041531893,5.32660289929682
Train,5.43427029363221,5.43387121657562
Train,2.11854974520265,2.11906915408164
Train,2.36965329953032,2.37015506094596
Train,2.60291369662723,2.60292927223983
Train,2.82074288747963,2.82100177630329
Train,3.02408366216741,3.02448411426141
Train,3.21483992653704,3.21502554529635
Train,3.39366947362023,3.39401716552876
Train,3.56210365267221,3.56253443418083
Train,3.72060116765344,3.72087168619893
Train,3.87041413984253,3.8707051780095
Train,4.01185999458537,4.01233788067312
Train,4.14597750162666,4.14596639651264
Train,4.27298251658091,4.27329765910891
Train,4.39374797378785,4.39387015227313
Train,4.5084159270133,4.50866575127494
Train,4.61772841628796,4.61779017926366
Train,4.72177341797621,4.72187005679572
Train,4.82118822113108,4.82136662592731
Train,4.91602092961166,4.91611613859478
Train,5.00682395082493,5.00693571437497
Train,4.12029750582454,4.12020505582969
Train,4.17735496874578,4.17783152288959
Train,4.23298871820292,4.23203269342249
Train,4.28755224265169,4.28833899000002
Train,4.34078056588744,4.33977787643945
Train,4.39301016246763,4.39334394733143
Train,4.44398575846483,4.44367843906203
Train,4.49402803643194,4.49348535475857
Train,4.54302639095992,4.54349047452907
Train,4.59088048913341,4.59004982751704
Train,4.63788935800581,4.63740904006974
Train,4.68381995465423,4.6837780348562
Train,4.72895809292725,4.72920237247146
Train,4.77320123589407,4.77295685980627
Train,4.81645576932464,4.81516613753612
Train,4.85898929060412,4.85866146375175
Train,4.90058839484491,4.90031320960972
Train,4.94150950752117,4.94161678264046
Train,4.98154643049578,4.98112833152319
Train,5.02094511455809,5.02044148458864
Train,2.13108253715747,2.132320039733
Train,2.3634225107439,2.36421035811346
Train,2.58234426957046,2.58244980584842
Train,2.78872206994565,2.78933588447964
Train,2.98408712843775,2.98491785058487
Train,3.16906850956499,3.170178080991
Train,3.34447262355661,3.34504050536472
Train,3.51102448520961,3.51497610657517
Train,3.66918121602325,3.67157987696756
Train,3.81993600410763,3.82026774690731
Train,3.96361774986868,3.96610645447637
Train,4.10071281829953,4.1029279472261
Train,4.23150110558036,4.23303696494096
Train,4.35671938119378,4.35733123250813
Train,4.47656656134204,4.47647962464381
Train,4.59138097054597,4.59202050786754
Train,4.70147310298635,4.70190416772149
Train,4.80699671021597,4.80714137665765
Train,4.90848328994059,4.90895942382323
Train,5.00603822010173,5.00622567370939
Train,3.04119409913443,3.04288892978931
Train,3.19008903585689,3.18976294825753
Train,3.33178815602225,3.33251484718331
Train,3.46656537724521,3.46709352918898
Train,3.59536463091558,3.59506730999257
Train,3.7183597587099,3.7187240286714
Train,3.83593444559867,3.83692645914035
Train,3.94843928740004,3.9488535085604
Train,4.05600691507524,4.05586701782723
Train,4.15931622960259,4.15980615520513
Train,4.25844130188877,4.25854348725098
Train,4.35363129196219,4.3546323137327
Train,4.44495577097793,4.44499602919515
Train,4.53295339705236,4.53309171169732
Train,4.61765389777833,4.61778180827806
Train,4.69923917216988,4.69941664655036
Train,4.77787798061389,4.77835351131054
Train,4.8535940634255,4.85358853255294
Train,4.92680396804945,4.92680258868696
Train,4.99750567947043,4.99763442300738
Train,2.12952051089091,2.12991994647947
Train,2.3669523637525,2.36700179783858
Train,2.58984900460194,2.58831208861576
Train,2.79950552654577,2.79942120614415
Train,2.99706760274245,2.99653316419264
Train,3.18355243123405,3.18355607445684
Train,3.35986625274271,3.35934867222951
Train,3.52681907826002,3.52557738390007
Train,3.68513713151105,3.68431779039948
Train,3.83547340951763,3.83466115343091
Train,3.97841668516907,3.9777416527124
Train,4.11449921352282,4.11366086800828
Train,4.24420335448835,4.24367037080648
Train,4.36796728559095,4.36712118239503
Train,4.48618994740472,4.48560886369725
Train,4.5992353392663,4.59877033758149
Train,4.7074362627208,4.70702753644056
Train,4.81109759379642,4.8107512152039
Train,4.9104991518747,4.91044124502715
Train,5.00589822200829,5.00499704918749
Train,3.86767499240352,3.86791320134054
Train,3.93988814312301,3.93921133996465
Train,4.0101984399561,4.01034697260749
Train,4.07901616013599,4.07839443227769
Train,4.14622331643736,4.14645747186133
Train,4.21171516262025,4.21130543311139
Train,4.27586994226197,4.27582917863239
Train,4.33857416610701,4.33822622765566
Train,4.39972643404632,4.39907377649635
Train,4.45967663300769,4.46015317212206
Train,4.51831577123988,4.51785101475817
Train,4.57568639126128,4.57553762862718
Train,4.63169173067754,4.63163109680519
Train,4.68664865034855,4.6863827626241
Train,4.7404540428401,4.74041339696324
Train,4.79301465417683,4.79283292673628
Train,4.84462560898169,4.8448866559722
Train,4.89518807231036,4.89464435270767
Train,4.94461226602947,4.94438005148751
Train,4.99317378018728,4.99258332724841
Train,2.13029736085885,2.13039045297975
Train,2.36488484898228,2.36385380204066
Train,2.5852044874433,2.58353308593197
Train,2.79302233464975,2.79078990539184
Train,2.98889740163149,2.98658236070534
Train,3.17427966419733,3.17283803352094
Train,3.34956388030625,3.34868804347044
Train,3.51595707532843,3.51469834417568
Train,3.67392665456806,3.67269128725294
Train,3.82391386438706,3.82190451652624
Train,3.96685640371195,3.96578554303616
Train,4.10290718919506,4.1017159166133
Train,4.23286926881838,4.23108510254516
Train,4.35699086341235,4.35594360914021
Train,4.47551231208091,4.47447315644805
Train,4.58908113602055,4.58843994438413
Train,4.69773558542738,4.69694080711835
Train,4.80204241739314,4.8019527967501
Train,4.90201266315861,4.90120708788364
Train,4.99814603642864,4.99730243649011
Train,2.12135140905587,2.12156481147596
Train,2.3581271563838,2.35805724628718
Train,2.58082347541767,2.58112388198625
Train,2.79014316886457,2.78986513160472
Train,2.98749947850021,2.98794544043832
Train,3.17411978402841,3.17389257096348
Train,3.35042062414992,3.35035192229972
Train,3.51764780114237,3.51781026839873
Train,3.67609155608704,3.6763155597093
Train,3.82661231789763,3.82716605576771
Train,3.96996736034316,3.97050797005996
Train,4.10631792695103,4.10718810499585
Train,4.2363261944277,4.23707556267456
Train,4.36057871671653,4.36114858990387
Train,4.47915454082872,4.4799826998371
Train,4.5927157035838,4.59352839848563
Train,4.7013034034086,4.70197610258966
Train,4.80536659178628,4.80633753110507
Train,4.90530652005249,4.90552404953834
Train,5.00112464163372,5.00084342253305
Train,2.11977512070295,2.11982573762926
Train,2.35543592062117,2.35580800974113
Train,2.57728379397804,2.57687081769674
Train,2.78597788921882,2.78580199555855
Train,2.98314523520744,2.98268163413942
Train,3.16925003574032,3.16874815092725
Train,3.34563771372171,3.34504278306323
Train,3.51263198312321,3.51225516393807
Train,3.67136005374403,3.6714367693805
Train,3.82204322514936,3.82105693360264
Train,3.9656369708923,3.96572543884232
Train,4.10228723103854,4.10207850600838
Train,4.23281242014042,4.23284223774518
Train,4.35730261727197,4.35706229401895
Train,4.47646546379672,4.47624649666815
Train,4.59034940695082,4.59024730562506
Train,4.69957152779093,4.69971244875179
Train,4.80414914034005,4.80411489602394
Train,4.90462451282397,4.90449882142112
Train,5.00099164739789,5.00085572761801
Train,2.12804897949919,2.12836246135176
Train,2.35914572896653,2.35899554711269
Train,2.57710276155572,2.57699795996651
Train,2.78300974754792,2.78278899029666
Train,2.97783911053135,2.97775688464591
Train,3.16246138375598,3.16218929451699
Train,3.33765821454383,3.33746311956403
Train,3.50413342654931,3.50397770577748
Train,3.66252247004433,3.66263761015417
Train,3.81340052777421,3.813128311913
Train,3.95728949435615,3.9571757067226
Train,4.09466400771843,4.0947360798693
Train,4.2259566794682,4.22560104577334
Train,4.35156264562758,4.35154420385353
Train,4.47184353858334,4.47172440697087
Train,4.58713096434958,4.58698482118981
Train,4.697729555561,4.69781030439682
Train,4.80391965938697,4.80397136811572
Train,4.90595971030359,4.90584211742518
Train,5.00408833000427,5.00391850233265
Train,2.12104874676721,2.12213990676374
Train,2.34903509161392,2.34871958426285
Train,2.56480918105226,2.56479049918036
Train,2.76889724478091,2.76958598755137
Train,2.96242686686407,2.96218853139563
Train,3.14639019060585,3.14659942927229
Train,3.32111104645295,3.32105053092365
Train,3.48744392435907,3.48721569163737
Train,3.64614588497367,3.64647369689029
Train,3.79741081622558,3.79717346320305
Train,3.94190181739046,3.94192539308843
Train,4.08006394730618,4.08034977909321
Train,4.21244385637252,4.21225308961422
Train,4.33912900985612,4.33944038658429
Train,4.4606074234926,4.46053505614165
Train,4.57731699312864,4.57720494086444
Train,4.68929586349491,4.68939222231912
Train,4.79693976588629,4.79679413241885
Train,4.90060535136465,4.90079841765893
Train,5.00029769645624,5.00013054600478
Train,2.58725567566457,2.58719696401951
Train,2.70154279218157,2.70056236772344
Train,2.8119908417709,2.81229991576603
Train,2.91879006872852,2.9187243145445
Train,3.02187803688052,3.02210497203688
Train,3.12190950100178,3.12169655566159
Train,3.21879218484894,3.21803615058726
Train,3.31267246016338,3.31248938245536
Train,3.40368776495202,3.40417739033202
Train,3.49196727482679,3.49167153308573
Train,3.57743298806315,3.57735515462465
Train,3.66060417040359,3.65911179431188
Train,3.74138311732907,3.74097573960372
Train,3.81987157661885,3.81930662880969
Train,3.89616560659639,3.89579753450945
Train,3.97035596832019,3.97011873309949
Train,4.04236018004115,4.04223583773475
Train,4.11260055730009,4.11156977749689
Train,4.1809810485133,4.18075712924675
Train,4.24757455997282,4.24677179148622
Train,3.80664009908338,3.80830495548636
Train,3.88748447184076,3.88783883102789
Train,3.96611514799725,3.96633144065182
Train,4.0422824060348,4.04296438888033
Train,4.11626428105104,4.1167981506098
Train,4.18831347492961,4.18856797682221
Train,4.25819315247365,4.25895349038748
Train,4.32615063881179,4.32629931532048
Train,4.39241138017627,4.39269985722623
Train,4.45675108578473,4.45695696237291
Train,4.51939116947626,4.51962753279278
Train,4.5803981000977,4.58049071872866
Train,4.63996736368178,4.64007807086656
Train,4.69789058285393,4.6980410156195
Train,4.75436050542579,4.75436901122722
Train,4.80955391802398,4.8095670447312
Train,4.86327366852856,4.86329145277542
Train,4.91569450904407,4.91576997153444
Train,4.96697710872871,4.96695007065338
Train,5.01693489562961,5.01701161529328
Train,3.80622059177964,3.80651539064476
Train,3.8873288589235,3.88743148573686
Train,3.96601881127915,3.96606305627412
Train,4.04239701643749,4.04181275364882
Train,4.11640392475877,4.11660024578506
Train,4.18845862756364,4.18822144657153
Train,4.25848579499905,4.25851961425198
Train,4.32656981845119,4.32667970364329
Train,4.39279046993933,4.39281761849835
Train,4.45722321391436,4.45732438265824
Train,4.51980408338386,4.51958570528788
Train,4.58087512371354,4.58093329889217
Train,4.64036142544034,4.64050722574231
Train,4.69832388230876,4.69815282593683
Train,4.75482030771955,4.75499731966758
Train,4.80990562707344,4.81003325147887
Train,4.86351593951924,4.86326538029444
Train,4.9159359608391,4.91590172281777
Train,4.967093940438,4.9672374899512
Train,5.01703491275559,5.01674333751563
Train,3.8062145422959,3.80637105895058
Train,3.88739885079821,3.88754278365215
Train,3.9661491602232,3.96642734952021
Train,4.04257331506356,4.04285345185982
Train,4.11677288144057,4.11683741290309
Train,4.18884359743401,4.18900455892637
Train,4.25887578519916,4.25899890266575
Train,4.32695472860115,4.32668954743186
Train,4.39316101968649,4.39357713427145
Train,4.4575708769512,4.45750971959043
Train,4.52025643804822,4.52037607573058
Train,4.58128602929732,4.58149897752284
Train,4.64072441411457,4.64125784451809
Train,4.69863302226005,4.69841236591511
Train,4.75507016160996,4.75531507539037
Train,4.81009121398775,4.81029514550957
Train,4.86374881643681,4.86384714587822
Train,4.91609302918206,4.91600791986476
Train,4.96717149140691,4.96734377112645
Train,5.01702956586459,5.01687662764945
Train,1.47921976864386,1.47904890500487
Train,1.61425948358227,1.61335917276502
Train,1.74472348591131,1.74489393969835
Train,1.87084046764482,1.87028561391909
Train,1.99282413063477,1.99298632383781
Train,2.11121399002517,2.11059227961433
Train,2.22550739656884,2.22622115232863
Train,2.33623066738517,2.33570439850356
Train,2.44354850832307,2.44344801578537
Train,2.54761564721408,2.54727439623658
Train,2.64857757819521,2.64881065056962
Train,2.74657124038271,2.74639628610586
Train,2.84172563755433,2.84122087243869
Train,2.93416240473665,2.93434354226539
Train,3.02399632693052,3.02408673604278
Train,3.11158763745007,3.11129409089173
Train,3.1965283137682,3.19684639306635
Train,3.27917423913044,3.27879458787557
Train,3.35961716637309,3.35959090067464
Train,3.43794402116728,3.43812925676522
Train,3.80709435417755,3.80578587895999
Train,3.88895848836872,3.88847107780222
Train,3.9684383660783,3.96817845431198
Train,4.0452913543107,4.04479649656261
Train,4.11981218005613,4.11919898823018
Train,4.19210541355431,4.19188552461329
Train,4.26242693353728,4.26217841264789
Train,4.33054996456339,4.33010057439079
Train,4.39672409915869,4.39663579865938
Train,4.46103179034476,4.46067640509701
Train,4.52369133231124,4.52372395359108
Train,4.5844916386426,4.58417936204406
Train,4.64364672846964,4.64341930478823
Train,4.70122248809531,4.70087585286657
Train,4.75740734281136,4.75731227094203
Train,4.81200518427256,4.81175372792333
Train,4.86520153396366,4.86508092867572
Train,4.91704967116202,4.91686261823835
Train,4.96771391344005,4.96733642445016
Train,5.01701216782744,5.01652374077295
Train,2.12766243390009,2.12791140885948
Train,2.35796193148441,2.35816042570351
Train,2.57555122907879,2.57527799345754
Train,2.78097702930455,2.78110563266292
Train,2.97568291358558,2.97398471253674
Train,3.16005768113608,3.16005081096065
Train,3.33530918134515,3.33482080791347
Train,3.50171055742646,3.50051562327118
Train,3.66009982418037,3.65972346100372
Train,3.81121792669311,3.81021688723032
Train,3.95521826045487,3.95412179803881
Train,4.09291271982939,4.09088562840972
Train,4.22439945915351,4.22369696142251
Train,4.3502356980954,4.34799690567726
Train,4.47091882709077,4.47005630169061
Train,4.58648866250055,4.58596101908389
Train,4.69752254819782,4.69660890309953
Train,4.80403300530759,4.80335184977067
Train,4.90653031990999,4.90559754042826
Train,5.00500636182361,5.00192743638601
Train,3.08679121425573,3.08646113280175
Train,3.24633859421611,3.2462897356074
Train,3.39517634891969,3.39629167227596
Train,3.53434778838563,3.53532241645572
Train,3.66456023306791,3.66465178245036
Train,3.78703626284991,3.78723222402388
Train,3.90226379998657,3.90173316222191
Train,4.01086783096387,4.01173024796136
Train,4.11340349872762,4.11409140041925
Train,4.21036559396694,4.21098099271895
Train,4.30205163687515,4.30202313496394
Train,4.38915561187569,4.3880650741614
Train,4.47188161130028,4.47257945906878
Train,4.55055160906844,4.55095080735756
Train,4.62545676222388,4.62549583175334
Train,4.69686101171854,4.69739936612879
Train,4.76489626509146,4.76546448116479
Train,4.8300015519113,4.83027001225329
Train,4.89226320933295,4.89267578700147
Train,4.95186355917643,4.95187231446672
Train,2.12241780512704,2.12291505101367
Train,2.35135539584207,2.35146787929463
Train,2.56739830893723,2.56738171247181
Train,2.77206150249708,2.77211734565773
Train,2.96600456138248,2.96565075475356
Train,3.14984305289255,3.15021527743939
Train,3.32473655160042,3.32443067400728
Train,3.49113632416393,3.4914276511574
Train,3.64946938341394,3.649504543466
Train,3.80064609238498,3.80092054012695
Train,3.94497923240077,3.94479148175216
Train,4.08292321703611,4.08335211404684
Train,4.21474537094069,4.21453341527941
Train,4.34112721413172,4.34134777834171
Train,4.46226276825089,4.46249572364305
Train,4.57834180019962,4.57843440725829
Train,4.6899244923032,4.6902600312662
Train,4.79714664378861,4.79737663403122
Train,4.90014324531993,4.90019552149735
Train,4.99938189771693,4.99932273676515
Train,4.51931776847356,4.51975247312495
Train,4.55567673384203,4.55619392415084
Train,4.59146817615258,4.59158654097902
Train,4.6267052801126,4.62711476072783
Train,4.66152647465309,4.66176734119491
Train,4.69569094135459,4.69655749132127
Train,4.7293382964878,4.72936777777633
Train,4.76248019232878,4.76296770677274
Train,4.79512793367652,4.79513188250913
Train,4.82729249070953,4.82772849434897
Train,4.85909932288176,4.85920249200191
Train,4.89032747595552,4.89031084425934
Train,4.92110350386524,4.92113143436492
Train,4.95143715493046,4.9514935154859
Train,4.98133789922444,4.98132426916183
Train,5.01081493843122,5.01089438744585
Train,5.03998253307041,5.03997664816617
Train,5.06863727402527,5.06861314101681
Train,5.09689442747473,5.09690504327792
Train,5.12476221125896,5.12468938087314
Train,2.13189221657788,2.13187675271384
Train,2.36766544456705,2.36742062851609
Train,2.58921296683259,2.58929714606912
Train,2.7977845711513,2.7972986261104
Train,2.99426480936508,2.99429970174079
Train,3.18009684912226,3.18003277179579
Train,3.35592348227075,3.35588976574783
Train,3.52253157937561,3.52247114444455
Train,3.68062760799323,3.68059504466711
Train,3.83084764641597,3.83089546976245
Train,3.9736032197814,3.973467370439
Train,4.10974713564277,4.10973251993911
Train,4.23958008064822,4.23954563951176
Train,4.36353093337985,4.36365239145581
Train,4.48199057245654,4.48179802583601
Train,4.59531599397164,4.59521932465415
Train,4.70370996237847,4.703727072296
Train,4.8077250215466,4.80768987228495
Train,4.90750700734156,4.90742492070259
Train,5.00330917483839,5.00315547881675
Train,2.12839164602064,2.12909447698822
Train,2.36247316665261,2.36260917566525
Train,2.58301480421574,2.58297839942517
Train,2.79067067804873,2.79089595504612
Train,2.9869981285103,2.98698717156932
Train,3.17246333417267,3.17250451015772
Train,3.34835629682222,3.34829963209833
Train,3.51500690889576,3.51499305183662
Train,3.67331105438731,3.6732863692616
Train,3.8240578461484,3.82430904992926
Train,3.96743748779582,3.96724360277059
Train,4.10429937019524,4.10444721242512
Train,4.23476980815697,4.23500277669356
Train,4.35943325315064,4.35941900571762
Train,4.47880981867035,4.47898756270862
Train,4.59295876151782,4.5928166075266
Train,4.70247458147216,4.70270355967861
Train,4.80738530232696,4.80760691388988
Train,4.90821357881677,4.90810811096
Train,5.00496385103977,5.00494997338157
Train,2.12201620608503,2.12243912305549
Train,2.36450349956983,2.36447392450119
Train,2.59116977482313,2.59122914735254
Train,2.80395560508875,2.80394276133867
Train,3.00389018829859,3.00385437015776
Train,3.1919080162322,3.19207469107843
Train,3.36941267015483,3.3695149528996
Train,3.53708711964804,3.53733196446248
Train,3.69556068002169,3.69581938500979
Train,3.84588366653932,3.84597962679092
Train,3.98852006558705,3.98865109147865
Train,4.1240447463273,4.12413725189819
Train,4.25284195876933,4.25296467502468
Train,4.37565704931787,4.37574336650342
Train,4.49277464891498,4.49290902478443
Train,4.60446523917708,4.60452124575951
Train,4.71132106651224,4.7113342558716
Train,4.81354216413267,4.81354412055426
Train,4.91132109330327,4.9113735045523
Train,5.00513782515033,5.00513527094719
Train,2.12305847928144,2.12501863872441
Train,2.35226514714969,2.35271853387004
Train,2.56881436200018,2.5697867955989
Train,2.77372642346124,2.77421108649124
Train,2.96791484066613,2.96960442502879
Train,3.15198039802484,3.15310884979245
Train,3.32711172043142,3.32840086866255
Train,3.4937447500178,3.49547326908415
Train,3.65248340688745,3.6538354964052
Train,3.80387571286322,3.80553132273254
Train,3.94842011258447,3.94903340412767
Train,4.08657095581079,4.08779263201924
Train,4.21874326797939,4.21937821975572
Train,4.34531691453664,4.34650830332813
Train,4.46664024705632,4.46740502562371
Train,4.5828939027359,4.58335287501742
Train,4.694656728845,4.6949201939262
Train,4.80205504924403,4.8023484892021
Train,4.90533962829596,4.90537962725122
Train,5.00474238101145,5.00462003424601
Train,2.12305305977826,2.12397944250389
Train,2.35927087394167,2.35944947375375
Train,2.58108208550189,2.58040422459654
Train,2.79022005828889,2.79031181724914
Train,2.98752570765147,2.98764568020325
Train,3.17377250611526,3.17383598338548
Train,3.35024923196853,3.35059264735738
Train,3.51733983974209,3.5174306167739
Train,3.67612005116997,3.67710371595441
Train,3.82702973356129,3.82729198170838
Train,3.97048299923083,3.97076969782776
Train,4.10731814410908,4.10785844050243
Train,4.23783980035548,4.23868553008853
Train,4.36233864022949,4.36323569910948
Train,4.48148288908426,4.48192383210536
Train,4.59536069313629,4.59608935616617
Train,4.70455288144413,4.70494735997837
Train,4.80922783284459,4.80949274910946
Train,4.90954999146692,4.90975379999346
Train,5.00599688376397,5.00597076857795
Train,2.12239698054196,2.12293467789842
Train,2.34457611443719,2.34436080255383
Train,2.55538573492275,2.5561047256908
Train,2.75609528560321,2.75644892646798
Train,2.94721380312319,2.94688733202403
Train,3.12941271557673,3.12940177768015
Train,3.30312046673219,3.30334736443384
Train,3.46926432297417,3.46961443171514
Train,3.62816129811696,3.62808503196921
Train,3.7802754151496,3.78068613528213
Train,3.92587927429142,3.92571084730135
Train,4.06567474782217,4.06608380898089
Train,4.19986173892056,4.19966724509342
Train,4.32877112211096,4.32883938502911
Train,4.45257824775527,4.45265305891936
Train,4.57183022717752,4.57167871487237
Train,4.68665319451203,4.68691235583739
Train,4.79728939124619,4.7972065589731
Train,4.90385166000563,4.90385180128052
Train,5.00677707587938,5.00663725863543
Train,3.42901042692851,3.43157846584492
Train,3.54044545959411,3.54086118274264
Train,3.64742769048059,3.64762212667321
Train,3.75056023575532,3.7507911871273
Train,3.84971744934167,3.84971259693176
Train,3.94544197875907,3.94598983598026
Train,4.0376023406599,4.03783621521708
Train,4.12668930102519,4.12671881060143
Train,4.21271091252278,4.21271266064852
Train,4.29568468936691,4.29603642631465
Train,4.37603641438931,4.37643556287204
Train,4.45362983495513,4.45346542443641
Train,4.52885432743004,4.52899999157509
Train,4.60169534846567,4.60204568066021
Train,4.67214706252256,4.67230394921918
Train,4.74055240657206,4.74045889223472
Train,4.80677826409416,4.80700375866783
Train,4.87114110577564,4.87115448338792
Train,4.93351023112156,4.93357190695516
Train,4.99417861336703,4.99429080666433
Train,4.08017278688525,4.08005153659743
Train,4.14017484907005,4.14006733906919
Train,4.19862253152457,4.19902703711178
Train,4.25587590740224,4.25551575889605
Train,4.31182352798814,4.3118555706844
Train,4.36636575334579,4.36631797513311
Train,4.41983558087884,4.41985732149825
Train,4.47212624629398,4.47212837906246
Train,4.52314177230391,4.52301124332208
Train,4.57319107759054,4.57303842709936
Train,4.62217196420917,4.6222567625102
Train,4.67011828266798,4.67034191421973
Train,4.7169389182248,4.71663552193623
Train,4.76291460740113,4.76293939783701
Train,4.80794900029676,4.80788209814474
Train,4.85195455279491,4.85223509466433
Train,4.8951933685157,4.8949630973386
Train,4.93757327636441,4.93747935267512
Train,4.97901020524745,4.97907394855994
Train,5.0197494529876,5.01958941614995
Train,2.15559069773346,2.15740527711952
Train,2.43250552074585,2.43318913854656
Train,2.68433813089823,2.68415058131196
Train,2.91379628361804,2.91440996266666
Train,3.12398781810597,3.12417776369167
Train,3.31724156644519,3.31787372796517
Train,3.4957411310791,3.496055762562
Train,3.66071413121474,3.66043832973647
Train,3.81382731707758,3.81442872477984
Train,3.95631520711583,3.95635353454255
Train,4.08940832198007,4.08949282761952
Train,4.21370335097722,4.21398238838284
Train,4.33018642833708,4.33023033838455
Train,4.43957158810882,4.43991795833264
Train,4.54261404052913,4.54270283288698
Train,4.63961269455973,4.63969367168303
Train,4.73119591141636,4.73139651022776
Train,4.81780489097946,4.81778973990932
Train,4.89993462386474,4.90030214931377
Train,4.97773299206552,4.97772667687078
Train,3.80678547672767,3.80484936417107
Train,3.88830552120323,3.8874793069792
Train,3.96732731396479,3.96714052974695
Train,4.04396396346085,4.04319477872033
Train,4.1183218516675,4.11625969522921
Train,4.19065777786382,4.18963350577379
Train,4.26074831360627,4.26023399589959
Train,4.3288437833466,4.32829921652429
Train,4.39502817350667,4.39393731820948
Train,4.45938082163388,4.45913127640071
Train,4.52197673367046,4.52177046965354
Train,4.58288687558949,4.58238885593001
Train,4.64217844178192,4.64137913757278
Train,4.69991510232846,4.69956438408755
Train,4.75615723106922,4.75600520063946
Train,4.81108128602305,4.81039389107738
Train,4.86450033679016,4.8638816999248
Train,4.91658833834603,4.91656510802769
Train,4.96739442739898,4.96702107167786
Train,5.01696535149724,5.01641284085255
Train,3.80739449478882,3.80740899098438
Train,3.88848464895535,3.89023305931388
Train,3.96731062372242,3.96714332222674
Train,4.04363704974116,4.04483591839218
Train,4.11773988575936,4.1172607159153
Train,4.18971490526765,4.18958441248307
Train,4.2598029955438,4.26060892376173
Train,4.32778421916422,4.32809460896007
Train,4.39389406630724,4.39406413261005
Train,4.45820876027913,4.45827799851596
Train,4.52093526877318,4.52147248788807
Train,4.58186871909127,4.58163817590522
Train,4.64121237777854,4.64249593210317
Train,4.69902766161321,4.69944706788939
Train,4.75549432106236,4.75552818069101
Train,4.81042177795929,4.81049080221256
Train,4.86398725208032,4.86399263049153
Train,4.91624078070771,4.91655764663138
Train,4.9673399600617,4.96739526096118
Train,5.0171075550939,5.01687366316966
Train,2.12690503882029,2.12712455579295
Train,2.35784755001863,2.35752518901628
Train,2.57544108542503,2.57435479515899
Train,2.78127891202186,2.78103949960333
Train,2.97606629377245,2.97464237574442
Train,3.16045931759117,3.15934017389574
Train,3.33566791021446,3.33562482641192
Train,3.50217114428338,3.50103360858176
Train,3.66042106562472,3.65948824100107
Train,3.81136132934809,3.81010272899786
Train,3.95532199883044,3.95398590624083
Train,4.09277624686765,4.09151703286099
Train,4.22400497651647,4.22283263702612
Train,4.34970955395323,4.34833036127221
Train,4.47009338183143,4.469010794279
Train,4.58535495467794,4.58420228021915
Train,4.69606819125944,4.69484283589392
Train,4.8023748897889,4.80110555097255
Train,4.90441570468925,4.90332241235429
Train,5.00266786477395,5.00143336598395
Train,2.12908150441046,2.12945899443567
Train,2.3557228052369,2.35567769763494
Train,2.56988514109415,2.56995292864505
Train,2.77301969809914,2.77295526320287
Train,2.96553069061696,2.96562378302243
Train,3.14863477783601,3.14850966077412
Train,3.32261934759476,3.32263592188084
Train,3.48851608253403,3.4890403174015
Train,3.64670065554545,3.6469139248895
Train,3.79753131688409,3.79754834221077
Train,3.9418289176121,3.9421301934328
Train,4.07970247293019,4.07972818071195
Train,4.21186471251341,4.21213796457797
Train,4.33852246744661,4.3383941331069
Train,4.45987767350149,4.46021995711109
Train,4.57651548003581,4.57639382257386
Train,4.68845636146453,4.68876565105367
Train,4.79621789742696,4.79644984299213
Train,4.89979895371093,4.90014152775458
Train,4.99966023770793,4.99988764674182
Train,3.79879635434255,3.79858923277626
Train,3.87892305621105,3.8790788769422
Train,3.95675120769345,3.95675350816074
Train,4.03237831608655,4.03220594798969
Train,4.10589645041598,4.10545660821864
Train,4.17724601452383,4.17738246463542
Train,4.24680644424389,4.2466835371035
Train,4.31450490970812,4.31455107552957
Train,4.38041518396485,4.38031536830951
Train,4.44460719357199,4.4447319060184
Train,4.50714726606388,4.50714923697361
Train,4.56809835855585,4.56798458585964
Train,4.6275202691425,4.62738547999671
Train,4.6854698325821,4.68555535826291
Train,4.74200110161298,4.74202334158164
Train,4.79705221183331,4.79699499011823
Train,4.85090144162714,4.85088564606687
Train,4.90347937076666,4.90330082446072
Train,4.95483049431226,4.95481788567323
Train,5.00499725485495,5.00466308822271
Train,4.68701658202835,4.68742865667283
Train,4.72093289360058,4.72097237086038
Train,4.75422002740472,4.75420438127022
Train,4.78678212727875,4.78683027678036
Train,4.81886436652009,4.81888504561194
Train,4.85036754599872,4.85032326552592
Train,4.88130720287331,4.8812749870942
Train,4.91169832337872,4.91172123425914
Train,4.94145188588581,4.94151838131276
Train,4.97079060327525,4.97073767299863
Train,4.99962262695463,4.99964003423721
Train,5.02796097081072,5.02794451862266
Train,5.05572162787799,5.05578558209
Train,5.08311152384989,5.08305205621419
Train,5.11004416345865,5.11007808619453
Train,5.13653090231005,5.1365470772491
Train,5.16258272308677,5.16256526061462
Train,5.18812137115213,5.18808418252066
Train,5.21333631738599,5.21342567901066
Train,5.23814717001802,5.23814894666631
Train,2.12764774870194,2.12834779965325
Train,2.35445726966236,2.35473675675368
Train,2.56906504774185,2.56884499523059
Train,2.77267025255495,2.77293772042887
Train,2.9656410532022,2.96448654914112
Train,3.14900600969598,3.14878301061818
Train,3.32346495394999,3.3241428095591
Train,3.48965134817074,3.4879783810413
Train,3.64832785115024,3.6489156367663
Train,3.7996330281429,3.80023429006015
Train,3.94424017460211,3.94373237832971
Train,4.08258442531832,4.08264471261483
Train,4.21522138721336,4.2153798085221
Train,4.34219504590622,4.34088981997612
Train,4.46400509765697,4.46418839221789
Train,4.58096024619998,4.58071188421874
Train,4.69334506846879,4.69372776221845
Train,4.80155097156812,4.80155784311702
Train,4.90555887087389,4.90497264421557
Train,5.00572752505852,5.00553641834468
Train,2.12941596662493,2.12965972077856
Train,2.34949356155513,2.35010925237858
Train,2.55891641585048,2.55923758053015
Train,2.75796351705586,2.75821484075842
Train,2.94761383641213,2.94770563892072
Train,3.12873402319509,3.1291733864875
Train,3.30147273061752,3.30163245995046
Train,3.46659612985834,3.46695768744595
Train,3.6247863965345,3.62507503736034
Train,3.77610783927268,3.77659675508968
Train,3.92117211554736,3.92160031937802
Train,4.06035946613775,4.06057980099487
Train,4.19418047804422,4.1946033952465
Train,4.32263065959233,4.32294361902879
Train,4.44617522540063,4.44649686459362
Train,4.56523292878498,4.56558971487376
Train,4.67976803848911,4.67999137521675
Train,4.79016605540284,4.79032669035061
Train,4.8967753291825,4.89697527790323
Train,4.99953990729427,4.99962250382506
Train,2.11978876680852,2.12088052072633
Train,2.34642393125933,2.34668632268059
Train,2.56095978271401,2.56094498073272
Train,2.76434004436675,2.7642463533177
Train,2.95741278165482,2.95762557999316
Train,3.14094222280755,3.14121111176265
Train,3.31561886885405,3.31516815538108
Train,3.48206817507465,3.48217154998766
Train,3.64085803397725,3.64104154454091
Train,3.79250524848166,3.79228826994423
Train,3.93765384651862,3.9378091016135
Train,4.07638183772122,4.07657116541506
Train,4.20926418338778,4.20888709890843
Train,4.3366627406525,4.33664217672978
Train,4.45891010421156,4.45919852326389
Train,4.57631250567816,4.57620195749242
Train,4.68915237491036,4.68911953423068
Train,4.79769060841322,4.79764161117984
Train,4.90216858316797,4.90199673250228
Train,5.0028099486075,5.00228772105239
Train,2.0913519187303,2.09228171255946
Train,2.18518955500076,2.18663954235509
Train,2.27669018024772,2.27688652682829
Train,2.36594002500987,2.36622059986458
Train,2.45302112908076,2.45380267335551
Train,2.53801159303689,2.53812111908902
Train,2.62098581186477,2.62145231156884
Train,2.70201469215569,2.70221637002234
Train,2.78116585420106,2.78108585328865
Train,2.85850382019889,2.85952703463246
Train,2.93409018967254,2.93436493730607
Train,3.00798380310384,3.00804876973617
Train,3.08024089469435,3.08050429517081
Train,3.15091523508813,3.151424072161
Train,3.22005826481735,3.22015158007545
Train,3.28771921916669,3.28815676232463
Train,3.35394524509352,3.35388534354043
Train,3.41878151078733,3.41914509443287
Train,3.48227130840343,3.48252169029203
Train,3.54445615046195,3.54483254165299
Train,2.11667232262277,2.11703083860467
Train,2.32251209751356,2.32210526401669
Train,2.52020787161841,2.51982999953744
Train,2.71079801030086,2.7104100346971
Train,2.89411376355215,2.89336800363727
Train,3.07108825770395,3.07089847500011
Train,3.24153777822092,3.24086626953996
Train,3.40630524445251,3.40630660272128
Train,3.56543332961945,3.56522713694923
Train,3.71897830160098,3.71875997846129
Train,3.86767023431075,3.86722944923368
Train,4.01130762381448,4.01107196010909
Train,4.15055740140867,4.15030186293208
Train,4.28541662788122,4.28512661197802
Train,4.41589539942372,4.41576359509255
Train,4.54258020678892,4.54227530294721
Train,4.66526811791512,4.66499878889427
Train,4.78449983652832,4.78415266238354
Train,4.90007440926561,4.89945523149637
Train,5.01249192947453,5.01133578553546
Train,3.11073868583817,3.10900696585142
Train,3.24479919142761,3.24427781552932
Train,3.37386907178902,3.37350331605395
Train,3.4982219110929,3.49751236604262
Train,3.61811165532263,3.61765283905171
Train,3.73362444047771,3.7330942200044
Train,3.84528490360992,3.84364019415644
Train,3.95314245155855,3.95285514754706
Train,4.0573881100275,4.0562027529688
Train,4.15820032143129,4.15761881466661
Train,4.25574596422045,4.25506490185054
Train,4.35018127470054,4.34986403562126
Train,4.44165268205579,4.44112033760958
Train,4.53029756596447,4.52987511686498
Train,4.61624494505053,4.61574832327298
Train,4.69950776136667,4.69933048333606
Train,4.7804199956169,4.77989223437381
Train,4.85897747050863,4.8587453069542
Train,4.93528150625834,4.93511791854163
Train,5.00942769248706,5.00885482764189
Train,2.12404225021414,2.12404677393189
Train,2.34964960435225,2.34951235315222
Train,2.56328204585033,2.56307029217916
Train,2.76586834249329,2.76550097204218
Train,2.95824363628126,2.95811767641336
Train,3.14116095102361,3.14061360287288
Train,3.31530104336949,3.31519358865827
Train,3.48128086897002,3.48088725820545
Train,3.63966088570605,3.63952457037359
Train,3.79095137617817,3.79070048014383
Train,3.93561793974694,3.93551742409746
Train,4.07408627865554,4.0740155506921
Train,4.20674638187165,4.20650581551146
Train,4.33395619325473,4.33408611687102
Train,4.45604483670774,4.45599946543572
Train,4.57331545950356,4.57334381207894
Train,4.68604774550388,4.68571832732251
Train,4.7945001421344,4.79446914759884
Train,4.89891183844338,4.89892127179902
Train,4.99950452610901,4.99934564670749
Train,3.74189266374406,3.74155906655707
Train,3.82778636035636,3.82751465488237
Train,3.91099959666898,3.91117555189904
Train,3.99165591751737,3.99126573177474
Train,4.069871390228,4.07009731095806
Train,4.14589282419531,4.1458378142108
Train,4.21954361602458,4.21933251817446
Train,4.29106240194903,4.2906647466136
Train,4.36054043553201,4.36070733555445
Train,4.42806383584355,4.42777214593135
Train,4.49371394357418,4.49402440491959
Train,4.5575676479155,4.55734280097587
Train,4.61969768696932,4.6195479920336
Train,4.68017292415302,4.6804140678125
Train,4.73905860280948,4.73870231535167
Train,4.79652083991859,4.7966130454026
Train,4.85240715410266,4.85239640595156
Train,4.90688027866776,4.90677203641664
Train,4.95999314705382,4.95998269010507
Train,5.01179608168382,5.01169278754443
Train,3.26389504820393,3.26794045610787
Train,3.38948504564324,3.39113118880251
Train,3.50992282864683,3.51148617579585
Train,3.62551907194806,3.62787678370497
Train,3.73655996449524,3.73707708891581
Train,3.84330957514337,3.84589382699615
Train,3.9460119492718,3.94689193848372
Train,4.044892971369,4.04624105442982
Train,4.14016202350526,4.14071089838964
Train,4.23201346532108,4.23320288170927
Train,4.32076813562063,4.32153345137905
Train,4.40630901368748,4.40705881110463
Train,4.4889380334595,4.48969913776656
Train,4.56880138855577,4.56948313312588
Train,4.64603564722659,4.64629559648002
Train,4.72076853169191,4.72111239871648
Train,4.79311962296542,4.79331799356279
Train,4.86320099934581,4.86325886034884
Train,4.93111781574609,4.93111589866586
Train,4.99696883015901,4.99691424741305
Train,3.80599805069466,3.8056439814338
Train,3.88733191940926,3.88716111114464
Train,3.96636870253196,3.96626960897103
Train,4.04287758668489,4.04322295133007
Train,4.11729416407471,4.11733148944605
Train,4.18939502392284,4.18930355650647
Train,4.25958499197496,4.25941977068052
Train,4.32764809200477,4.32800554011029
Train,4.39396157624627,4.39370341440937
Train,4.45831684372526,4.45843094207359
Train,4.52106633873803,4.52161886725863
Train,4.58200871084584,4.58140006759478
Train,4.64147400341201,4.64145825663055
Train,4.6992679457908,4.69959275930725
Train,4.75570028487941,4.75549041003088
Train,4.81058362762101,4.8106575929107
Train,4.86420927229291,4.86421909477778
Train,4.91639648069518,4.91601515395652
Train,4.96741973156524,4.96766063563538
Train,5.01710470649286,5.01703787710923
Train,1.02091656230163,1.02094273044551
Train,1.41009072482468,1.41073827568308
Train,1.76365378241522,1.76448131246635
Train,2.08689965460262,2.0864583898676
Train,2.38328213060095,2.38396278290949
Train,2.65575369120077,2.65545342985043
Train,2.90758115447517,2.907523262593
Train,3.14079945882144,3.14135194484899
Train,3.35718831570746,3.35645078423314
Train,3.55889639217026,3.55961147896797
Train,3.74718584148771,3.7469106884184
Train,3.92335256958997,3.92301473845347
Train,4.08837030369103,4.08717206900311
Train,4.24356665535119,4.24292331134913
Train,4.38965066465061,4.38855272664497
Train,4.5272677594567,4.52640258792072
Train,4.65738691864815,4.65698613006153
Train,4.78048435420709,4.77971797815754
Train,4.89699960173085,4.89607329818156
Train,5.00766300985782,5.00702017950081
Train,2.12286196379505,2.12363114835008
Train,2.35404628500258,2.35455035104879
Train,2.57187871414686,2.57226092955372
Train,2.77793188808856,2.77907188912487
Train,2.97292325093331,2.96942134886395
Train,3.15751874926084,3.15802650001771
Train,3.33291068010133,3.33237593375289
Train,3.49940627882133,3.49976926530345
Train,3.65801200821964,3.65784428972457
Train,3.80911024170722,3.80829168453985
Train,3.95306404674862,3.95032071527222
Train,4.09066942363462,4.09044672608635
Train,4.22219299809946,4.22207810622623
Train,4.34789138183509,4.34797280518452
Train,4.46840717831192,4.46829045403339
Train,4.58380085794655,4.58355219999631
Train,4.69463516894196,4.69443923469427
Train,4.80105810017695,4.80104543506442
Train,4.90321559078414,4.90271434411826
Train,5.00157494290319,5.00123846632615
Train,2.12194975275501,2.12294111751381
Train,2.34457216482315,2.34495789172998
Train,2.5558260826583,2.5562394775936
Train,2.75656064483741,2.75742050131722
Train,2.94754247880768,2.94801159398249
Train,3.12925847668646,3.12952373861682
Train,3.30276173438749,3.3030187515562
Train,3.46840770170272,3.46881267219779
Train,3.62671830009497,3.62695374003143
Train,3.77817022742651,3.77850498085737
Train,3.92319975228832,3.92346497931995
Train,4.06220691107433,4.06225535350515
Train,4.19555919283872,4.19578260284671
Train,4.32359478341279,4.32398338416734
Train,4.4466254290817,4.446694891458
Train,4.56480371678054,4.56499747436666
Train,4.67867137915612,4.67879515609658
Train,4.7883343713768,4.78849775189721
Train,4.89402136359219,4.89400528516691
Train,4.99594473962073,4.99574079367286
Train,2.11837286660064,2.11793595380933
Train,2.34737861520036,2.34670023574855
Train,2.56359489635411,2.56278540353579
Train,2.76850151013485,2.76757661979919
Train,2.96254748643875,2.96205890675102
Train,3.14696831484299,3.14606684403244
Train,3.32208714436454,3.3217060042136
Train,3.48894765233596,3.48840265577584
Train,3.64777942233377,3.64697999155234
Train,3.79947342694146,3.79941540735509
Train,3.94418908795118,3.94427860906054
Train,4.08269426751685,4.08202342111164
Train,4.21509539527555,4.2144354815193
Train,4.3420599402401,4.34236241827076
Train,4.46365408140939,4.46350065506177
Train,4.58046256134503,4.57945355221292
Train,4.69252086085267,4.69148009277179
Train,4.80034489956636,4.79961599737927
Train,4.90394668693518,4.90300986501662
Train,5.00378438193365,5.00158115043288
Train,2.12442338288073,2.1250580968792
Train,2.35579920812511,2.35583551962028
Train,2.57400061982387,2.57387115428556
Train,2.78012168606061,2.78004938902651
Train,2.97513859561976,2.97526969393786
Train,3.15992511755526,3.15993109810935
Train,3.3352656899645,3.33520192532361
Train,3.5018665515638,3.50191571694287
Train,3.66036524920537,3.66028481740997
Train,3.81133879120879,3.81143141404228
Train,3.95515066960552,3.95511725164962
Train,4.09260408140797,4.09252340647637
Train,4.22396522548211,4.22399742084073
Train,4.34963035641259,4.34957350227907
Train,4.46996209365094,4.46997153401591
Train,4.58529291615545,4.58526862842174
Train,4.69592823019507,4.69587866297499
Train,4.80214906992685,4.80214123799143
Train,4.90421448102826,4.90416261488118
Train,5.00236362994877,5.00223555346948
Train,2.13069270995709,2.13101134324662
Train,2.34358357852775,2.34464090800449
Train,2.5471615972976,2.54702125865352
Train,2.74157539729887,2.74291579007169
Train,2.92764474999873,2.92725360518144
Train,3.10610162030767,3.10656618000777
Train,3.27700822256989,3.27697792170712
Train,3.44121293343616,3.44187854327739
Train,3.59873746818549,3.59890311994442
Train,3.75015634493236,3.75032582835976
Train,3.89598649835701,3.89593402271768
Train,4.03620653888343,4.0365374208288
Train,4.17129038082635,4.1715003199699
Train,4.30166613350094,4.30162176058931
Train,4.4272840941308,4.42723920069894
Train,4.54868113466339,4.54903355304688
Train,4.66579443445186,4.66594432466646
Train,4.77897796013771,4.779135745832
Train,4.88855332920334,4.88846152416064
Train,4.99444418315484,4.99424844108418
Train,2.12808034893737,2.12853753056899
Train,2.35112466218989,2.35179962716412
Train,2.56271668654416,2.56376716021824
Train,2.7634951875332,2.76440119195305
Train,2.95468917425529,2.9556922767135
Train,3.13676800551006,3.13690519847861
Train,3.31036835099227,3.31062110857439
Train,3.47606893652864,3.47656051937357
Train,3.63422226056738,3.63677723007842
Train,3.78566663529134,3.78771831085961
Train,3.93065965892099,3.93045330439255
Train,4.06960496419778,4.07055841675011
Train,4.20272585421643,4.20408608050112
Train,4.33066382949492,4.33179236977431
Train,4.45357956101408,4.45379838002392
Train,4.57176308066675,4.57286032767498
Train,4.68548250986946,4.68561323429295
Train,4.79486478544858,4.79601546502655
Train,4.90038706285921,4.90038358328294
Train,5.00213714460938,5.00210920211813
Train,2.11491407524425,2.11669251696568
Train,2.31671594501718,2.31654282176734
Train,2.51134675777038,2.51158202635471
Train,2.69918207738369,2.70020748137377
Train,2.88057169224501,2.88128903872185
Train,3.05561445754979,3.05517212846299
Train,3.22507705928698,3.22550199360031
Train,3.38900898775053,3.38955298997299
Train,3.54767664873223,3.54761649256599
Train,3.70132960848083,3.70209570358403
Train,3.85020190354028,3.85011181996944
Train,3.99451323020027,3.9949288381633
Train,4.13447002627336,4.1348133281119
Train,4.2702664564011,4.27001559962647
Train,4.40208531077922,4.40219921911759
Train,4.52993237727082,4.5301088722683
Train,4.6543076903439,4.65419839203806
Train,4.77519322043309,4.77547846027138
Train,4.89273381251369,4.89251131701004
Train,5.00706640514168,5.00637332075913
Train,1.52995030013884,1.53207787842458
Train,1.64415782390322,1.64483699635658
Train,1.75485116068289,1.75546573959783
Train,1.86272764456143,1.86295418750361
Train,1.96763054096679,1.96802842252711
Train,2.06968112766221,2.07043310691571
Train,2.16874611420499,2.16887255086314
Train,2.26543684175608,2.26648025190499
Train,2.35960148775745,2.36008170851547
Train,2.45133776802094,2.45166108255054
Train,2.54051496586932,2.54072631473374
Train,2.62767365441654,2.62813397530973
Train,2.71266829127092,2.71282089999496
Train,2.79557848457756,2.79598632178223
Train,2.87627764601249,2.87701856059194
Train,2.95524739250586,2.95530879627241
Train,3.03234911272936,3.03255583707706
Train,3.10764831402885,3.10815673668022
Train,3.18102339679048,3.18111325631818
Train,3.25290632628511,3.25430065242673
Train,2.12554648004325,2.12726186027995
Train,2.3577430645608,2.35854506844609
Train,2.57660865979447,2.57737514645324
Train,2.78325927760292,2.78422614522261
Train,2.97848011559794,2.9793677917498
Train,3.16359101040625,3.1644493261285
Train,3.33916858560766,3.33985956348462
Train,3.50593081060285,3.50675656119548
Train,3.6645253251217,3.66535239554852
Train,3.81553784492369,3.81636388130775
Train,3.95934436881433,3.9600992585276
Train,4.09674449501847,4.09750230161282
Train,4.22801525761179,4.22876542116338
Train,4.35355785065996,4.35411296352887
Train,4.47373920259712,4.47456215522308
Train,4.58889555799368,4.58938561681335
Train,4.69921634588595,4.69963883641159
Train,4.80522877554046,4.80559811210898
Train,4.90707013992005,4.90719377867773
Train,5.00498185595562,5.00484688524576
Train,2.12517767595753,2.12690236801628
Train,2.36120353977032,2.3621415702166
Train,2.58320927773569,2.58440969816567
Train,2.79195992332138,2.79306698037382
Train,2.98881916463409,2.99005472754126
Train,3.17477494695386,3.17595690829531
Train,3.3508978835555,3.35209099643017
Train,3.51758879965555,3.51875092074462
Train,3.67575563874661,3.67702375567588
Train,3.82603594367509,3.82689225790292
Train,3.96915935556266,3.97045155813449
Train,4.10533122499744,4.10638022955228
Train,4.23518593091057,4.23655709484793
Train,4.35915309821122,4.360270404499
Train,4.47775225987151,4.47856720861656
Train,4.59107948651038,4.59247045764843
Train,4.69959582591217,4.70102457853701
Train,4.80360125347652,4.80416411628013
Train,4.90347930910433,4.90369838641547
Train,4.99926328363442,4.99931141395992
Train,3.80397153353049,3.80423841779904
Train,3.88549905352172,3.88513263957994
Train,3.96439451241222,3.96475092569218
Train,4.04109836128839,4.04075800046686
Train,4.11554705236603,4.11575020626534
Train,4.18783860010102,4.18804554741129
Train,4.25792089821145,4.258036450052
Train,4.32617424255073,4.32623485557834
Train,4.39253227066793,4.39258910320697
Train,4.45707284755318,4.45686114499605
Train,4.51974029825615,4.51951972940352
Train,4.58086644253112,4.58116729151717
Train,4.6403844502267,4.64021719515423
Train,4.69835695886223,4.69902695103357
Train,4.75472697723642,4.75438109280204
Train,4.80978668613821,4.80994810121248
Train,4.86347022912095,4.86341909500899
Train,4.91582856334116,4.91593050785215
Train,4.9668048161818,4.96677426682273
Train,5.01665833605347,5.01660246557568
Train,3.11921770338445,3.1190868111573
Train,3.25694889014861,3.25706386385556
Train,3.38892613912794,3.38891512237589
Train,3.51550264249553,3.51497553786813
Train,3.63700326550487,3.6370385120301
Train,3.75372733053275,3.7534728748271
Train,3.8659510791042,3.86591037541276
Train,3.97392985453209,3.97440078047495
Train,4.07790004147265,4.07743189140657
Train,4.17808079340616,4.17827407303977
Train,4.27467557461214,4.27469031662096
Train,4.36787353947091,4.36769625250437
Train,4.45785076876746,4.45821724368781
Train,4.54477137999981,4.54468127672063
Train,4.62878852642228,4.6292001818094
Train,4.71004529761849,4.70991706787955
Train,4.78867553274412,4.78893146023821
Train,4.86480455616247,4.86492133135308
Train,4.93854984397785,4.93849503867224
Train,5.01002162892301,5.010117572094
Train,2.12639329274567,2.12654325528475
Train,2.3490875059615,2.34926181921238
Train,2.56026436168063,2.56013161287975
Train,2.7612285875963,2.76128525768419
Train,2.95249648343076,2.95259425454989
Train,3.13455619083396,3.13458709516473
Train,3.30843299542765,3.30830324323889
Train,3.47430665113683,3.47442049311777
Train,3.63306088750707,3.63317223576652
Train,3.78497954505791,3.78488262848824
Train,3.93033705105284,3.93017039306707
Train,4.06985185861098,4.06975649962461
Train,4.20372380871544,4.20373824412874
Train,4.33214890836769,4.33231479299703
Train,4.45572111535878,4.45559260375941
Train,4.57445194751556,4.57428863626611
Train,4.68886893282057,4.68887304434085
Train,4.79908297058058,4.79927106044689
Train,4.90520593710802,4.90497903095294
Train,5.00768424404255,5.00766981606849
Train,2.12306683064063,2.12367015947367
Train,2.33869818119025,2.33826269864059
Train,2.54470257457936,2.54439113490135
Train,2.7411965484669,2.74174039112969
Train,2.9293146528236,2.92896047552332
Train,3.10911040135459,3.10914642811459
Train,3.28157451613356,3.28147758203905
Train,3.44671361556348,3.44645669590883
Train,3.60519185160221,3.6052050755845
Train,3.75760371949205,3.75715696476092
Train,3.90390703121558,3.90372752590539
Train,4.04483059373848,4.04436113403627
Train,4.18030995646588,4.17996693399092
Train,4.31082557486255,4.31062108802345
Train,4.43681051502507,4.43646264837863
Train,4.55817758578735,4.55770870132093
Train,4.67548360745169,4.67500355209833
Train,4.78863139998403,4.78802401505728
Train,4.89812539860234,4.89784040514334
Train,5.00386145733355,5.00255527136889
Train,3.37418207933184,3.3748743729395
Train,3.48771316086674,3.48805995270797
Train,3.59740949207486,3.59779878831088
Train,3.70374658654003,3.70385798824483
Train,3.80673822284573,3.80707543915397
Train,3.90653983255267,3.90656538869572
Train,4.0031677275453,4.00364360176374
Train,4.09702222950947,4.09719152812814
Train,4.18809872423923,4.18820622181939
Train,4.27651875268608,4.27688427308223
Train,4.36228170389985,4.36232567176395
Train,4.44572920586415,4.44591292684546
Train,4.52684473954759,4.5270095452781
Train,4.60572470937067,4.6060611191153
Train,4.68235729320513,4.68247924205408
Train,4.75703747718801,4.75733653360131
Train,4.82974113055596,4.82970434218643
Train,4.90054569654937,4.90058198869357
Train,4.96943198418893,4.96956100090594
Train,5.03665732809543,5.03668335611493
Train,1.47906637796318,1.47966956080401
Train,1.54847132110152,1.54931411765775
Train,1.61668827204686,1.616713578069
Train,1.68374747394573,1.68306674208926
Train,1.74992672169434,1.7499555073866
Train,1.81475299492386,1.81501994206175
Train,1.87850641097442,1.87911488224764
Train,1.94121338450977,1.94110212621873
Train,2.00289947011669,2.00263853794441
Train,2.06358939702812,2.06403290416548
Train,2.12353234011451,2.12314702499335
Train,2.18229743436358,2.18221416643265
Train,2.24013601222948,2.2406261844064
Train,2.29706981412639,2.29685209353757
Train,2.35311990557129,2.35338097561745
Train,2.40830670317121,2.40843160627102
Train,2.46285504285922,2.46301254464762
Train,2.51637093142627,2.51558845205928
Train,2.56908119458516,2.56900265751593
Train,2.62100388819452,2.62195410976184
Train,2.12316287095229,2.12301758585655
Train,2.35733488356204,2.35705857602644
Train,2.57774453589439,2.57787249622398
Train,2.78557042192426,2.78471770599045
Train,2.98166887104452,2.98164960919004
Train,3.16736750034535,3.16701819938154
Train,3.34330017341102,3.34310617226057
Train,3.51021754427218,3.50975693747952
Train,3.66879525741862,3.66900254245976
Train,3.81964308866274,3.81903430656367
Train,3.96317210430354,3.96302366364235
Train,4.10017057426975,4.10019112007122
Train,4.230945912449,4.23049091171398
Train,4.35591272906889,4.35574730916616
Train,4.4754496038413,4.47527406380524
Train,4.58990291664978,4.58938648362729
Train,4.69948247075727,4.69932011034526
Train,4.80469970018842,4.80449987296216
Train,4.90571057777323,4.90552882582252
Train,5.00276240125249,5.00234050335549
Train,3.8399474919057,3.83942005304399
Train,3.91797041366502,3.91803415578598
Train,3.99373156779974,3.99323249410937
Train,4.06732789708,4.06763957141649
Train,4.13885088216309,4.13851675947282
Train,4.20838692094431,4.20853619003739
Train,4.2760176767254,4.27573641034015
Train,4.34182039815031,4.34206042229399
Train,4.40586821354372,4.40590954469209
Train,4.46823040201005,4.46825482753612
Train,4.52897264340603,4.52872836456864
Train,4.58815724908277,4.58805343268451
Train,4.64584337510152,4.64613045198913
Train,4.70208721945693,4.70185433118442
Train,4.75694220468976,4.75735947304403
Train,4.81045914713663,4.81018569813588
Train,4.86268641394373,4.86282297258932
Train,4.91367006886434,4.91358257919475
Train,4.96345400776392,4.96336073060794
Train,5.01208008467049,5.01194947867608
Train,3.94041200594176,3.94009974115598
Train,4.01103845336588,4.01041857671791
Train,4.07976040964551,4.07994548709595
Train,4.14651807034064,4.14658616955259
Train,4.21165862267943,4.2114546733521
Train,4.27511085796261,4.27503482154335
Train,4.33693957334793,4.33684340981764
Train,4.39720629201451,4.39706699697691
Train,4.45585006067793,4.45593409277554
Train,4.51316818961715,4.51297621073737
Train,4.56909110919117,4.56910754036854
Train,4.62366914908778,4.62366230494646
Train,4.67684191507672,4.67693241121943
Train,4.72887428637699,4.72879451835453
Train,4.77969887961256,4.7797023866353
Train,4.82935726482975,4.82937714991041
Train,4.87788912600241,4.87791767094515
Train,4.92523583959125,4.92523000676939
Train,4.97162881144193,4.97159639985167
Train,5.01700394805863,5.01690846917173
Train,2.11915873517799,2.12049076110835
Train,2.35727870532536,2.35690868949879
Train,2.58087633180816,2.58157127179057
Train,2.79124082412194,2.79147026602569
Train,2.98932924530374,2.98943280233126
Train,3.17653308654593,3.17660519856346
Train,3.35356077231393,3.35430005449799
Train,3.52122009115745,3.52080197704182
Train,3.68023553866835,3.68062071980804
Train,3.83125878335402,3.83117700207932
Train,3.97474378092154,3.97510732920838
Train,4.11149599516865,4.11165534972153
Train,4.24185667813914,4.24246298976342
Train,4.36626368901568,4.36666859350063
Train,4.48511578515851,4.48551116465225
Train,4.59877689163794,4.59937031252977
Train,4.70747812334787,4.70775449355116
Train,4.81173205104633,4.81223147562033
Train,4.91171246547347,4.91195314762282
Train,5.00767685508978,5.00786498743602
Train,2.12097484995748,2.12081572041117
Train,2.3570244066971,2.35770097825499
Train,2.57917724510196,2.57951482827249
Train,2.78827183761761,2.7885250900201
Train,2.9857602457956,2.98565622187217
Train,3.17226676546705,3.1736866481535
Train,3.34898158544675,3.34993876278733
Train,3.51637211032389,3.51713750860855
Train,3.67542680844879,3.67613519489006
Train,3.8264965960216,3.82685611246253
Train,3.97041214690829,3.97079348823009
Train,4.10743686740182,4.10798204807926
Train,4.23827627485483,4.23825808376406
Train,4.36312736322162,4.36362388369727
Train,4.48259512680321,4.4828013315184
Train,4.59682571375125,4.59685905025091
Train,4.7063424534687,4.70673742707205
Train,4.81125227227238,4.81133035325748
Train,4.912011459775,4.91211560163557
Train,5.00869649437444,5.00862763939059
Train,3.74221786854835,3.7423084449858
Train,3.82759592391708,3.82782229397909
Train,3.91031966929254,3.91027726808371
Train,3.99051098941804,3.98987707685066
Train,4.06814015703655,4.06890595495335
Train,4.14360767996845,4.14372070957162
Train,4.21686628168486,4.21667773680948
Train,4.28801154544047,4.28788084437311
Train,4.35713361819891,4.35745499450987
Train,4.42431759170031,4.42399674357713
Train,4.48952252467707,4.48991363570732
Train,4.55307035924607,4.55298809156576
Train,4.61490826097532,4.61487038610559
Train,4.67510432947241,4.67477427719333
Train,4.73372309555121,4.73382298697308
Train,4.79082575198911,4.7907116410299
Train,4.84636690986774,4.84659649712759
Train,4.90061121442188,4.90048745120859
Train,4.95350491488309,4.95342937140432
Train,5.0050978331145,5.00503504639911
Train,2.12790953015028,2.12892329241569
Train,2.35906158917739,2.35922329037404
Train,2.57705395297792,2.57707574020443
Train,2.78297930772664,2.78188489613805
Train,2.97781262592478,2.97670254675014
Train,3.16242660211071,3.16144212040509
Train,3.33760472175379,3.33777976361145
Train,3.50405237617955,3.50389998064767
Train,3.66240635607351,3.66276864695666
Train,3.81324299296503,3.81375802347812
Train,3.95695494556972,3.95760141376214
Train,4.09428398088022,4.09489444162883
Train,4.22552700135128,4.22693227405963
Train,4.35107980776958,4.35219711064766
Train,4.47130460822062,4.47146170244943
Train,4.58653350792196,4.58634232879032
Train,4.69707157285524,4.69731125614472
Train,4.80319952671123,4.80291584542484
Train,4.90517613135008,4.90533180729309
Train,5.00324029327474,5.00326585365311
Train,2.42575801110583,2.42392504411893
Train,2.51860536917424,2.51889114333445
Train,2.60921960482224,2.60791409891882
Train,2.69810539310535,2.69611543131961
Train,2.78510255816765,2.78448445437081
Train,2.870066605187,2.86841997892244
Train,2.95346695108527,2.95221569557017
Train,3.03495417042908,3.03493029907823
Train,3.11497623469144,3.11260045729633
Train,3.1933836937102,3.19273900810932
Train,3.27004072382629,3.26901821801786
Train,3.34536582016967,3.34479141948233
Train,3.4192156942979,3.41817066247878
Train,3.49145961481836,3.49148304748288
Train,3.56248946779936,3.5589421336792
Train,3.63200077714586,3.63132334262465
Train,3.70036910666572,3.69969344158945
Train,3.76746090138273,3.76656857316831
Train,3.83315360919314,3.83126554897736
Train,3.89780018236408,3.89676976797474
Train,3.84147967601678,3.84121069689919
Train,3.91874691650185,3.91816871557804
Train,3.99379963922919,3.99397160851569
Train,4.06673170295911,4.06682126252982
Train,4.13763173627338,4.13729625330071
Train,4.20658349687749,4.20632262152705
Train,4.2736662016842,4.27388008473482
Train,4.33895483041375,4.33892839877282
Train,4.40252040515677,4.40226693776114
Train,4.46443024809127,4.46447427797303
Train,4.52474821931997,4.52421168374914
Train,4.58353493659396,4.58335925046978
Train,4.64084797851232,4.6407367338854
Train,4.69674207262926,4.69649327598219
Train,4.75126926976078,4.75115442605076
Train,4.8044791056577,4.80397076158826
Train,4.85641875110067,4.85643795540292
Train,4.90713315137299,4.90703310961382
Train,4.95666515597815,4.95627967449601
Train,5.00505563938889,5.00471560152638
Train,2.13093431136139,2.13135713455105
Train,2.36173253263277,2.36151231494861
Train,2.57960416579599,2.58041977416925
Train,2.78522381368925,2.78402077639313
Train,2.97995773098067,2.98020344094967
Train,3.16430526142737,3.16500044659389
Train,3.33940086214668,3.33890513409843
Train,3.50561446880442,3.50647287280136
Train,3.66375221540188,3.66306517251197
Train,3.81452904290541,3.81458135602062
Train,3.95817924027155,3.9579611568499
Train,4.09545203176414,4.09643326446368
Train,4.22651813315897,4.22680718251487
Train,4.3519060733678,4.35265262653976
Train,4.47208916050811,4.47226609246919
Train,4.58716968009763,4.58779846875606
Train,4.69767208671587,4.6983265516994
Train,4.80366586042009,4.80352876146045
Train,4.90561185767913,4.90593802549685
Train,5.0035541492979,5.00368117743548
Train,2.19008209802406,2.19053958927017
Train,2.28752949738916,2.28746037777656
Train,2.38249714478179,2.38340820037612
Train,2.47459700787344,2.4742766442998
Train,2.56418993112239,2.56432751785379
Train,2.65160444600734,2.65136115149127
Train,2.73647509780624,2.735964078269
Train,2.81912628733712,2.81980187736391
Train,2.89985420627631,2.90039066510345
Train,2.9783145823319,2.97763616775247
Train,3.05480064598804,3.05553895495742
Train,3.12938599127602,3.12948139568308
Train,3.20233070358334,3.20181476224226
Train,3.27331658037968,3.27443895535381
Train,3.34260186799083,3.34265904780315
Train,3.41042378539512,3.41100826570456
Train,3.47648211846914,3.47696838449903
Train,3.5410128529697,3.54040844067114
Train,3.60423327360308,3.60555729355675
Train,3.66585988561657,3.66544191761769
Train,-3.00972532222686,-3.00892995238045
Train,-2.77027516152536,-2.76951399582848
Train,-2.53798792711913,-2.53865289595141
Train,-2.31254694717572,-2.31191520174051
Train,-2.09365394545574,-2.09349946579258
Train,-1.88102772467469,-1.88167627229431
Train,-1.67440296135268,-1.67426665904876
Train,-1.47352910129147,-1.47302237065904
Train,-1.27816934601103,-1.2790038289584
Train,-1.08809972152453,-1.08721450672036
Train,-0.902674695665418,-0.903010752362923
Train,-0.722571847995917,-0.722937824027929
Train,-0.547155482550075,-0.546884606917763
Train,-0.376245027227549,-0.376152056125454
Train,-0.209669068984317,-0.209428298783485
Train,-0.0472647803921919,-0.0469331041038346
Train,0.111122611251297,0.110666663176937
Train,0.265640315901262,0.266216598609583
Train,0.416428437119278,0.416385296825149
Train,0.563620395776271,0.563970006011198
Train,3.17029914725127,3.17059672536762
Train,3.3047494477121,3.3057731570245
Train,3.43345762907231,3.43346883865362
Train,3.55678385305505,3.55750529092458
Train,3.67505877776957,3.6746377043257
Train,3.78858651816742,3.7890250250659
Train,3.89764725704139,3.89798479451402
Train,4.0024995537644,4.00375824725981
Train,4.10338239081813,4.1039420766958
Train,4.20051699220949,4.20056853001207
Train,4.29398576367971,4.29431974843302
Train,4.38422881043541,4.38405603108751
Train,4.47129586031017,4.47178876089876
Train,4.55535167712919,4.55598809736895
Train,4.6365498216616,4.63698590494661
Train,4.71503358788966,4.71551724269212
Train,4.79093684692594,4.79087795644065
Train,4.86438480903404,4.86497761153643
Train,4.93549471287743,4.93530702206973
Train,5.0043764499773,5.00441553787661
Train,2.12071369414638,2.12078964884332
Train,2.34870241554951,2.34935165292537
Train,2.56436405004535,2.56408957364894
Train,2.76867204799779,2.76877728657402
Train,2.96232299068296,2.96185313661246
Train,3.14646582700934,3.14560405509311
Train,3.32162366240465,3.32171071947797
Train,3.48843845168318,3.48869770836446
Train,3.64749241756996,3.6468125161393
Train,3.79931484014471,3.79873048790815
Train,3.94425499664599,3.94444291066449
Train,4.08302477317747,4.08263327682126
Train,4.21588794523717,4.2161097735354
Train,4.34321376788951,4.34307173710314
Train,4.46534134554679,4.46519342175653
Train,4.58258264775804,4.58291759075856
Train,4.69512166931357,4.69505046789546
Train,4.80343473072028,4.80343838541577
Train,4.90765950913735,4.90753195770068
Train,5.00802318580937,5.00800992728383
Train,2.12719927447224,2.13023792180521
Train,2.30685326115167,2.30691029425199
Train,2.48268867789443,2.48255410096154
Train,2.65482599077466,2.65546647696666
Train,2.82338065140398,2.82350520715246
Train,2.98846335515627,2.98790475149345
Train,3.15018028359814,3.15053234312492
Train,3.30863333224064,3.30828776493782
Train,3.46392032463882,3.46405970184989
Train,3.61613521378453,3.61645900783898
Train,3.76568200473302,3.76443927303463
Train,3.9120139441336,3.91154517611195
Train,4.055534430743,4.05580019172177
Train,4.19632371762419,4.19632019362163
Train,4.33445903219222,4.33341234062228
Train,4.47001471747151,4.46981615020032
Train,4.60306236551262,4.60281076221346
Train,4.7336709434715,4.73303182051878
Train,4.86190691281768,4.861930239271
Train,4.98783434210451,4.98499628561532
Train,2.03977337980033,2.04006135876463
Train,2.11207904966116,2.11300464369762
Train,2.18344460985997,2.18337876682036
Train,2.25342893898317,2.25423755906578
Train,2.32252158183652,2.32245832805185
Train,2.39029459078425,2.39067707558044
Train,2.4572211976065,2.45760241894296
Train,2.52288606257122,2.52166285143013
Train,2.5877469169,2.58813788293102
Train,2.65140049378057,2.65163543747459
Train,2.71428978273273,2.71380785927087
Train,2.77602308378297,2.77661712197206
Train,2.8370293543787,2.83776661546127
Train,2.89692798236151,2.89570458976069
Train,2.9561345574659,2.95660844032155
Train,3.01427910166795,3.01364853550532
Train,3.07176445965856,3.0727933595792
Train,3.12823085761803,3.12746366927441
Train,3.18406897941634,3.18422327114441
Train,3.23892884777766,3.23818813293675
Train,1.82605402176371,1.82645438855089
Train,1.90392792857126,1.9039865246361
Train,1.98038557732879,1.98051246037195
Train,2.05591581690099,2.05644191183293
Train,2.13008960468624,2.12995435642935
Train,2.20338040846053,2.20342223083045
Train,2.27537115960175,2.27573491496352
Train,2.34652066864817,2.34677809336264
Train,2.41663300600877,2.4162261415133
Train,2.48552406234811,2.48554534486376
Train,2.55363191166574,2.55403946698262
Train,2.62056737302902,2.62040100356372
Train,2.68675548322066,2.68675311119133
Train,2.75201263230251,2.75245624728469
Train,2.81616586172225,2.81608239719409
Train,2.87962172076681,2.87938753119143
Train,2.94201626748627,2.94239973027489
Train,3.00374440170931,3.00372742523742
Train,3.06445160527657,3.06444680708065
Train,3.12452162783985,3.12464805131295
Train,0.829690155850197,0.830288119310546
Train,0.915686692859388,0.916431085888882
Train,0.998760478063029,0.9992341236377
Train,1.07905802441517,1.07825599786357
Train,1.15671621319135,1.15729781067986
Train,1.23216855556595,1.23233382571399
Train,1.30491432142434,1.30439745647728
Train,1.37538145627047,1.37572153692073
Train,1.44367537027361,1.44359384346009
Train,1.50989507059576,1.5095286051239
Train,1.5741336402972,1.57474914142423
Train,1.63647867489251,1.63599183790049
Train,1.69701268086281,1.69753287401019
Train,1.75581343993658,1.75585078910645
Train,1.8129543425212,1.81270009388955
Train,1.86873103238866,1.86897816238544
Train,1.92275015972049,1.92242373822065
Train,1.97530643525357,1.9750843291533
Train,2.0264584867622,2.02680845588676
Train,2.07626185043145,2.0769072347268
Train,2.12059914974408,2.12229957338624
Train,2.34328037761278,2.3428798466941
Train,2.5549366972347,2.55635708053361
Train,2.75599889067898,2.75604957933884
Train,2.9474179653071,2.94760010149749
Train,3.13003855830087,3.13054033348654
Train,3.30413429750203,3.3042548494179
Train,3.47044079606479,3.47025267539194
Train,3.6296152801069,3.62917299713282
Train,3.78182725424777,3.78104409840145
Train,3.92765751382965,3.92710388470933
Train,4.06749916250778,4.06724571141077
Train,4.20183703672248,4.20253105096182
Train,4.33075252997693,4.33079848822509
Train,4.45468129831863,4.4554843928183
Train,4.57401691742505,4.57400348067878
Train,4.68879861220041,4.68901822304016
Train,4.79938387393273,4.79933872500825
Train,4.9060969212841,4.90652655367213
Train,5.00894794641336,5.00904884121538
Train,2.11765116113951,2.11801657866655
Train,2.331076120331,2.3311595261459
Train,2.5350821757667,2.53504378612544
Train,2.73027938076781,2.73042908742919
Train,2.91722621861503,2.91747954138756
Train,3.09643493902598,3.0962391459636
Train,3.26837624540536,3.26862897365046
Train,3.43348342318464,3.43447132128332
Train,3.59215598548838,3.59177063514854
Train,3.74476290070689,3.74556659956417
Train,3.89178524844331,3.89216338327807
Train,4.03325450148473,4.03283022683009
Train,4.16960912000323,4.16961285712224
Train,4.30112154837743,4.30166761717393
Train,4.42804521861775,4.42980247914439
Train,4.55061618038728,4.55050446225706
Train,4.66905456615047,4.66961602821012
Train,4.78356591058269,4.78376841180053
Train,4.89434234087785,4.89432639991193
Train,5.00156365245528,5.00145532996813
Train,4.2984075219197,4.29846177760029
Train,4.34970196264881,4.34976033564655
Train,4.39988860711867,4.39990183483152
Train,4.44900295924065,4.44904305860674
Train,4.49707902180318,4.49709615900994
Train,4.54398707631752,4.54401274747053
Train,4.59008629395852,4.59010556122504
Train,4.63524088247894,4.63525398324256
Train,4.6794795823174,4.67963552774946
Train,4.72282997971035,4.72284426686584
Train,4.76531856405638,4.76534163167363
Train,4.806970781893,4.80697918286224
Train,4.84781108771691,4.8478501029551
Train,4.88786299186117,4.88788964255783
Train,4.92714910562606,4.92716158553432
Train,4.96555815818128,4.96559039172845
Train,5.00337962345558,5.00339895756971
Train,5.04049808296363,5.04051573505259
Train,5.07693295687885,5.07690676629337
Train,5.11270295660467,5.11264159979529
Train,3.11238807213922,3.11238799710392
Train,3.16919694430401,3.16934553429948
Train,3.22492402378291,3.22486456050884
Train,3.28006627690833,3.2800027017931
Train,3.33440088330287,3.33445672911895
Train,3.38771829142044,3.3878434327
Train,3.44049320797784,3.4403800887396
Train,3.49251174515677,3.4925776545335
Train,3.54357246262938,3.54345567077527
Train,3.59412928383372,3.59421376427982
Train,3.6439767440968,3.64396631865221
Train,3.69312966893727,3.69311989127729
Train,3.7413967519174,3.74148936995172
Train,3.78920627276411,3.78911745509159
Train,3.83636327141016,3.83639352148949
Train,3.88268356402146,3.88268679868471
Train,3.92857761543065,3.92858576496493
Train,3.97385783645987,3.97385664996383
Train,4.01834678893248,4.01833226865912
Train,4.0624382207582,4.06255643263122
Train,4.55922120239093,4.55928747809068
Train,4.72110733269788,4.72117266107872
Train,4.87180306698566,4.87185386324037
Train,5.01268853560669,5.0127824387475
Train,5.144570098747,5.14460229272864
Train,5.2681703274234,5.26820273103859
Train,5.38445959846425,5.38443313533409
Train,5.49386587381854,5.49385942435239
Train,5.59717321056753,5.59713832489998
Train,5.69478749151531,5.69478330305193
Train,5.78708131723367,5.78699866857479
Train,5.87463998688025,5.87474365094223
Train,5.95774177529795,5.95759979023043
Train,6.03664538871303,6.03668774674426
Train,6.11180031203641,6.11176737014304
Train,6.18333462263282,6.18332905351618
Train,6.25163043831265,6.25167921800877
Train,6.31684219420673,6.31678082895652
Train,6.37911629093982,6.37912889256241
Train,6.43875761669118,6.43880805043428
Train,4.04506807141098,4.04527429469291
Train,4.10858879478827,4.10867768679801
Train,4.1701996903519,4.17019894087772
Train,4.23037661612313,4.23042087938139
Train,4.28897724916576,4.28891588784446
Train,4.34606272363447,4.34602337534872
Train,4.40150979637571,4.40150316442506
Train,4.45574060858136,4.45575868012221
Train,4.50862154227834,4.50862553529643
Train,4.56020237837136,4.5601703915947
Train,4.61036639081713,4.61043908038683
Train,4.65949076115278,4.65944054776102
Train,4.70745029988105,4.70740882666561
Train,4.75428595209553,4.75425584546448
Train,4.7998875163024,4.79988766052176
Train,4.84459415011638,4.8447001350598
Train,4.88828866414124,4.88815913412165
Train,4.9310050439588,4.93103789445578
Train,4.97263943418284,4.97267323425168
Train,5.01349853460424,5.01335670905447
Train,4.72294694016069,4.72238021305221
Train,4.75454734386273,4.753768620116
Train,4.78575104926538,4.78587103110314
Train,4.81656547975132,4.81695643252371
Train,4.84699787463386,4.8465971577045
Train,4.87705529482699,4.87713202384313
Train,4.9067446283071,4.90651335708591
Train,4.93607259537537,4.93639527699835
Train,4.96504575372901,4.96511497760204
Train,4.99367050334968,4.99307583254468
Train,5.02208632702543,5.02219004065247
Train,5.05003127323255,5.05026045681208
Train,5.07764613853987,5.07706487707966
Train,5.10493673689893,5.10516188542007
Train,5.13190874651787,5.13191736906284
Train,5.15856771380009,5.15900149000137
Train,5.18491905714653,5.18400537107501
Train,5.21096807062713,5.2110118520197
Train,5.23671992752663,5.23613451513867
Train,5.26217968376971,5.26190865573718
Train,2.12825209006589,2.12737678793402
Train,2.37288651948368,2.37280701387336
Train,2.6015996243621,2.60100253208494
Train,2.81528600769792,2.81471305296346
Train,3.01595153015302,3.01457113474518
Train,3.20421201232764,3.20330072342605
Train,3.38169017706613,3.38064343469724
Train,3.54880712329803,3.54742480056867
Train,3.70667035232721,3.70547197068501
Train,3.85624211049127,3.85483694868
Train,3.99775202123379,3.99410286342592
Train,4.13222031585773,4.1313374204312
Train,4.25979250843669,4.25377062428216
Train,4.38116010379978,4.38044880335493
Train,4.49693146052466,4.49381770884266
Train,4.60716695077571,4.60310052498081
Train,4.71255743600543,4.7108266258385
Train,4.81312507730122,4.81153054538864
Train,4.90947085848767,4.90675856927393
Train,5.00158892011668,5.0000406497331
Train,3.33837507438564,3.33781191318686
Train,3.46058512059142,3.46028231668807
Train,3.57758834194159,3.57786495644015
Train,3.68971055696617,3.68961220932234
Train,3.7970389887063,3.79706397847823
Train,3.90028120103303,3.90035112099414
Train,3.99946994956018,3.99906664723877
Train,4.09483935702305,4.09514025702648
Train,4.18660585657113,4.18644127768331
Train,4.27496983150741,4.27486244528537
Train,4.3599488657098,4.35994110804151
Train,4.44205784887757,4.44200462755381
Train,4.52128268956086,4.5213363252171
Train,4.5977727265908,4.59758672021254
Train,4.67166716352079,4.67168856765985
Train,4.74309591410339,4.74289742286256
Train,4.81204363813467,4.81211777942937
Train,4.87890171475166,4.87871952066618
Train,4.94363516172037,4.9435823829319
Train,5.00634367040845,5.00616381714846
Train,3.87523881948464,3.87645875636209
Train,3.95404801755029,3.95432734599145
Train,4.02974677351441,4.03071604440466
Train,4.10292194731429,4.10287512664783
Train,4.17350044387368,4.17359644489098
Train,4.2416180711961,4.24186735146051
Train,4.30721815852196,4.30716016638891
Train,4.37079114225444,4.37071172024135
Train,4.43225758817814,4.43240961992907
Train,4.49172049239818,4.49206586253987
Train,4.54911580420057,4.54886600562005
Train,4.60485973229656,4.60512451529777
Train,4.65887127083764,4.65894570787187
Train,4.71122994200335,4.71116495056978
Train,4.76186878193004,4.76186884939144
Train,4.81114564194774,4.81146479150467
Train,4.85898064890606,4.85902681936769
Train,4.90543617377345,4.9051384767101
Train,4.95044499285234,4.95038271506766
Train,4.9943182385265,4.99446154722883
Train,2.12311179524227,2.12240370188939
Train,2.36751726846775,2.36776141338688
Train,2.59550603933668,2.59390015971277
Train,2.80928385868297,2.80924000871365
Train,3.00985405698779,3.00965644735535
Train,3.19813614601615,3.19789024341136
Train,3.37573022364217,3.37512005690788
Train,3.54304395578921,3.54270992217263
Train,3.70139536231884,3.70146020368176
Train,3.85127174548446,3.85065365394822
Train,3.99313316542645,3.9930415709152
Train,4.12799027670336,4.12723819833828
Train,4.2561659178122,4.25596713735123
Train,4.37797035217499,4.3778450248121
Train,4.49419907105336,4.49381565735004
Train,4.60490884462151,4.60452216871109
Train,4.7107863806475,4.71070216822246
Train,4.81199606506584,4.81160119164107
Train,4.90870119118297,4.90844490133005
Train,5.0014615561532,5.0008758709757
Train,4.21460060524327,4.21503501585013
Train,4.27184610746874,4.27155966302436
Train,4.32756432777398,4.32739094417249
Train,4.38216518189821,4.3825065361436
Train,4.43533869979944,4.43503780252123
Train,4.48747402996703,4.48759159570019
Train,4.53827327651232,4.5384983518945
Train,4.58810638819991,4.58803586467749
Train,4.63668690777751,4.63682870497197
Train,4.68436699623143,4.6842522376157
Train,4.73087103717317,4.73115877382426
Train,4.77653467911823,4.77656100243459
Train,4.82109258463286,4.82097243098743
Train,4.86486504466356,4.86515909987267
Train,4.90759647274213,4.90714183310248
Train,4.94959285071009,4.94976651382441
Train,4.99060784704465,4.99038332090842
Train,5.03093408857086,5.0309246860763
Train,5.07033403274121,5.07027740113173
Train,5.10908782153109,5.10903562899531
Train,2.12263903924964,2.12395470970133
Train,2.35807015296182,2.3583157814921
Train,2.57974484642919,2.57995876787955
Train,2.78837739364784,2.78866439559916
Train,2.98530132159036,2.98531752266919
Train,3.17167952933067,3.17208083243733
Train,3.34794984921552,3.34815274428748
Train,3.51527966341244,3.51548070539703
Train,3.67398325661824,3.67407285429928
Train,3.82487657295672,3.82512608687304
Train,3.96868036886023,3.96884594467539
Train,4.10558113118152,4.10560990530049
Train,4.23620791477005,4.23645612945821
Train,4.36111986584978,4.36117235813273
Train,4.48042067206134,4.48042166546494
Train,4.59473184480475,4.59487820401974
Train,4.70411834186003,4.70420392326397
Train,4.80900732241856,4.80908613646008
Train,4.90978177642934,4.90971772410759
Train,5.00646528238212,5.00672903573851
Train,2.12978706987508,2.13018972438859
Train,2.36882069850899,2.36916468804176
Train,2.59261215430348,2.5924661796109
Train,2.80313151282221,2.80325017366905
Train,3.00099948610341,3.00093890623813
Train,3.18781862874191,3.18761002397351
Train,3.36402009506598,3.36418621442336
Train,3.53092731925708,3.53074503935405
Train,3.68904603490195,3.68945383214506
Train,3.83885289774519,3.83900110115266
Train,3.98136579636856,3.98123213215714
Train,4.11674306531189,4.11702613291546
Train,4.24585155992919,4.24560546016274
Train,4.36895225977064,4.36905236533331
Train,4.48629809260513,4.48635205997035
Train,4.59858307454001,4.59850228049819
Train,4.70584033135645,4.70577395894198
Train,4.80867487629262,4.80871377261266
Train,4.9070908218437,4.90698837477086
Train,5.0016197234077,5.00141214451124
Train,3.01705252024819,3.01682525545604
Train,3.12032357990782,3.12020144278196
Train,3.22038247139588,3.220433916382
Train,3.31686011162121,3.31670423821762
Train,3.41044335856909,3.41016199365023
Train,3.50077652363319,3.5003834041183
Train,3.58849302349511,3.58846104573441
Train,3.67325055883843,3.67303966366873
Train,3.75541534497091,3.75532309419415
Train,3.83531783454091,3.83482889452554
Train,3.91263541315482,3.91266744689912
Train,3.98789265358023,3.98762687533437
Train,4.06077964596225,4.0605074308207
Train,4.1315955694541,4.13151390270124
Train,4.20061187697461,4.19993855802587
Train,4.26753690378768,4.26741972927831
Train,4.33281256516588,4.33258399891403
Train,4.39615877849211,4.39604340888237
Train,4.45798986844476,4.45772728686844
Train,4.51803684629886,4.51732836906577
Train,2.12435123144132,2.12389445903156
Train,2.38506153637641,2.38468674563975
Train,2.62609199254129,2.62565302031199
Train,2.8490559046886,2.84840298734181
Train,3.05615884325127,3.05586260872061
Train,3.24903512992055,3.2486896838038
Train,3.42931825626768,3.42895914199672
Train,3.59779709538334,3.59763349312399
Train,3.75578404828765,3.75547764381027
Train,3.90422958107013,3.90387574554026
Train,4.04414122005214,4.04400034984266
Train,4.17591596121601,4.17595366163206
Train,4.30039365297306,4.30057268798392
Train,4.41816407872983,4.41811359665572
Train,4.52989011171437,4.52992730433308
Train,4.63576888778802,4.63560967654322
Train,4.73636936325297,4.7361515401337
Train,4.83207664209496,4.83199393896413
Train,4.92334980841375,4.92332768447724
Train,5.01027888515012,5.01013847186024
Train,3.11173865344614,3.11179218533854
Train,3.24201294778975,3.24219879324502
Train,3.36799787365329,3.36786885764214
Train,3.48990184544406,3.4898836386985
Train,3.60774586783278,3.60763727413561
Train,3.7220664898684,3.72223008665079
Train,3.83285550280785,3.8324097596471
Train,3.94027406583884,3.94043779015029
Train,4.04447367942224,4.04468624144485
Train,4.14559689820399,4.14544052033144
Train,4.24363292184211,4.24361523311219
Train,4.33900255930691,4.33888809811307
Train,4.43167584960844,4.43171856897808
Train,4.52176554790441,4.52171328396636
Train,4.6093782088937,4.60948448833934
Train,4.69461460724415,4.69436626162698
Train,4.77744741477016,4.77748866965904
Train,4.8582156134013,4.85824219498155
Train,4.93687878459299,4.93688950464476
Train,5.01351816340897,5.01312909264581
Train,3.11038299446124,3.11039102161359
Train,3.24251381050943,3.24265294025664
Train,3.37001630594949,3.37020673632488
Train,3.49312947838734,3.49282488566879
Train,3.61207614870286,3.6124266560275
Train,3.72689245643938,3.72666187919659
Train,3.8381220550937,3.83838771164866
Train,3.94576909947967,3.94585177994869
Train,4.05000393018696,4.05005376611936
Train,4.15098625732076,4.15095767381919
Train,4.24886597703618,4.24879354108836
Train,4.34378391394922,4.34409784757573
Train,4.43587249715733,4.43596739859478
Train,4.5252563766945,4.52531439179276
Train,4.61205298645539,4.61197978286347
Train,4.6962467383612,4.69621531522554
Train,4.77819830456011,4.77798472297783
Train,4.8578763944213,4.85796298265469
Train,4.93537431881503,4.93546224787334
Train,5.01078035115356,5.01037952287353
Train,2.12717572834508,2.12866656604657
Train,2.34656196174529,2.34732726934654
Train,2.55533954832282,2.55538921380704
Train,2.75425981062326,2.75426519895901
Train,2.9440047608186,2.94418503461039
Train,3.12495162852631,3.12527254156358
Train,3.29816338632991,3.29854887315215
Train,3.46390243918338,3.46450054393264
Train,3.62264215738028,3.62246085061471
Train,3.77481675614259,3.77482992749193
Train,3.92082526201542,3.92104499955732
Train,4.06103500668285,4.06152425096499
Train,4.19578471261601,4.19548880816566
Train,4.32538722512265,4.32587745951442
Train,4.45013193718625,4.45020623235015
Train,4.57012493075912,4.57033635237004
Train,4.68594476426799,4.6856904285216
Train,4.79765438822268,4.79788663962082
Train,4.90546878245043,4.90543559378258
Train,5.00958819131908,5.00954792297326
Train,3.8077383077291,3.8079939063011
Train,3.88956870088414,3.8893837271955
Train,3.96883780908673,3.96884811744732
Train,4.04586049738461,4.0457390535723
Train,4.12034912875369,4.12005465546664
Train,4.19261091250044,4.19254446575197
Train,4.26274423583776,4.26273467959819
Train,4.330841774137,4.33070840392812
Train,4.39716025110821,4.39694855124091
Train,4.46143866296428,4.46146157427412
Train,4.5239291575605,4.52349851231539
Train,4.58470530859315,4.58457525600371
Train,4.64398821207787,4.64390100806323
Train,4.70153671594073,4.70112419829294
Train,4.75756890434818,4.75735668807666
Train,4.8121439269539,4.8118808857782
Train,4.86531789642492,4.86505255001085
Train,4.91727698397285,4.91725940943271
Train,4.96780267936954,4.9671115734329
Train,5.01707941296385,5.0167068278117
Train,2.12451639919632,2.12404155970418
Train,2.37095652419414,2.37105683353567
Train,2.60086088926851,2.60079028973106
Train,2.81583975804045,2.81577449262678
Train,3.01702488381918,3.01656723694233
Train,3.20622096492552,3.20656013552999
Train,3.38422383841342,3.38459974188501
Train,3.55199828304379,3.55239642469879
Train,3.71040129767525,3.71087111851213
Train,3.86019674307784,3.86051937547946
Train,4.00187229445328,4.00245212696083
Train,4.13644125644717,4.13689813449147
Train,4.26424865589965,4.26451536647638
Train,4.38579161654852,4.38625624666221
Train,4.5015196951498,4.50167657954281
Train,4.61184043783561,4.6121850323345
Train,4.71697865411628,4.71723392255645
Train,4.81756907862544,4.81788239075669
Train,4.91376716590751,4.91407447469302
Train,5.00585445987398,5.00587681208182
Train,3.80662470609681,3.80638839148943
Train,3.88834139484332,3.88819955297569
Train,3.96752945990506,3.96733069569583
Train,4.04430448083083,4.0443353376124
Train,4.11877509892742,4.11870567210846
Train,4.19123039931236,4.19101102445912
Train,4.26138749685472,4.26140320651595
Train,4.32952962685583,4.32957691332759
Train,4.39574236757914,4.39586618384984
Train,4.46010651877933,4.45974621622937
Train,4.52269843063781,4.5227327018276
Train,4.58359030589586,4.58373643088108
Train,4.64285047769928,4.64267637849317
Train,4.70054366540238,4.70073964389868
Train,4.75673121034444,4.75666736735931
Train,4.81161311274734,4.81149239820135
Train,4.86495737130899,4.86513142403256
Train,4.91696197120851,4.91702096782157
Train,4.96767675181377,4.96736052959587
Train,5.01714911054099,5.0171742814293
Train,3.88622426022213,3.88504276242585
Train,3.96164668389391,3.96190803582268
Train,4.0348601358272,4.03479167020688
Train,4.10596025994981,4.10614108820138
Train,4.17503725716661,4.17486327453863
Train,4.24236220699547,4.24214764013069
Train,4.30763854938547,4.30764512585866
Train,4.37113357939236,4.37127449357851
Train,4.43291923031841,4.43313464142394
Train,4.49306361380875,4.49270337635081
Train,4.55163127031993,4.55166547870086
Train,4.60868340014465,4.60888275453382
Train,4.66427807673126,4.66437637119653
Train,4.71847044386108,4.71829036868641
Train,4.77131289809084,4.77129419796457
Train,4.8229982536463,4.82278027498816
Train,4.87328446117769,4.87319410666734
Train,4.92236321499513,4.92221815344075
Train,4.9702774885615,4.97018367411712
Train,5.01706824000553,5.01686816266575
Train,3.80644674670169,3.80687709596369
Train,3.88847600875965,3.88875593674148
Train,3.96773063373205,3.96766966402557
Train,4.04474016867335,4.04479643453507
Train,4.1194079399054,4.11982165097853
Train,4.19183916285478,4.19146047158412
Train,4.26195387879296,4.26179227700978
Train,4.33020842950115,4.33061222016314
Train,4.39650636424915,4.39701921134675
Train,4.46093062803061,4.4607572853549
Train,4.52339996024945,4.52346463340128
Train,4.58431189892117,4.58468483362068
Train,4.64357233269813,4.64354230048976
Train,4.70124752908323,4.70139446501181
Train,4.75725706973349,4.75733072537897
Train,4.81195053374266,4.81193939089118
Train,4.86523732333805,4.86542544437745
Train,4.91717101741401,4.91717433486903
Train,4.96767331329048,4.96776866203637
Train,5.01705415131406,5.017102400134
Train,3.88561095913345,3.88578071253706
Train,3.96119177124388,3.96098042429568
Train,4.03473624895416,4.03493993356661
Train,4.10593930375339,4.10579037770204
Train,4.17509750447742,4.17542350449932
Train,4.24247968764583,4.24246383291958
Train,4.30779880974293,4.30739648752771
Train,4.37131959580068,4.371378823713
Train,4.43328276073025,4.43363004107797
Train,4.49341826626526,4.49317856372928
Train,4.55196386760316,4.55220137968919
Train,4.60898179459056,4.60857450109526
Train,4.66468170843888,4.66484961595617
Train,4.71881455058613,4.71874690148817
Train,4.77158811550613,4.77183923185859
Train,4.82319259471207,4.82292152796637
Train,4.8733934161917,4.87342154679774
Train,4.92237948905449,4.922649072045
Train,4.97032416257258,4.97005575109707
Train,5.0170063243159,5.0169462037613
Train,2.04995207767634,2.05200727810571
Train,2.36853908008567,2.367102060851
Train,2.65218403000353,2.65016361659056
Train,2.90697799059126,2.90642958413283
Train,3.13681895400483,3.13622813501771
Train,3.34493759146171,3.34357199400457
Train,3.53475567764635,3.53392390408973
Train,3.70814353059593,3.70641193908724
Train,3.86755159856861,3.86695071338019
Train,4.01441735876953,4.01378886302174
Train,4.14999157374313,4.14884788226319
Train,4.27585004088018,4.27494774704084
Train,4.39285082733998,4.3916882716314
Train,4.50175732771425,4.50126576871318
Train,4.60364289826535,4.60335392470935
Train,4.69891970599052,4.6979081917145
Train,4.78844078951357,4.78793897364286
Train,4.87260377911667,4.87284420758643
Train,4.95177352323288,4.95188255317245
Train,5.02657446774441,5.02728512700761
Train,3.79776981423491,3.79633856758866
Train,3.87866391563431,3.87854483063912
Train,3.95733255148876,3.95662297977307
Train,4.03349598599817,4.03348834722984
Train,4.10745087021112,4.10690248229931
Train,4.17946630826417,4.17862962902856
Train,4.24927794713938,4.24950576534885
Train,4.31731451379763,4.31650915060365
Train,4.3833215856408,4.38307921232464
Train,4.44754411235117,4.44679639947409
Train,4.51020540375935,4.51042894179974
Train,4.57106532148577,4.57078559050771
Train,4.63034402714585,4.62962646136494
Train,4.68824278619348,4.68813117610099
Train,4.74453495022828,4.74428366348931
Train,4.79955297006165,4.79946047849645
Train,4.85307873738572,4.85287234208791
Train,4.90529873932715,4.90524893979656
Train,4.95638418598853,4.95620534774408
Train,5.00612909016259,5.00580872324482
Train,4.42407979305922,4.4248870734502
Train,4.46691166169733,4.46683126526679
Train,4.50912477111424,4.50915502029076
Train,4.55044429854992,4.55109015325271
Train,4.59117995517835,4.59089691958271
Train,4.63106584876699,4.63080939522316
Train,4.67040028310135,4.67125298084485
Train,4.7089258818307,4.70833520480138
Train,4.74679841304018,4.74693914566725
Train,4.78416389339247,4.78413694437605
Train,4.82077698868006,4.82087630995576
Train,4.85691013934685,4.85683115264529
Train,4.89232559324423,4.89190329051982
Train,4.92716514174534,4.92734820710958
Train,4.9615620179239,4.96172036063782
Train,4.9952892112185,4.99482715263931
Train,5.02859656183774,5.02857492315726
Train,5.06126383485798,5.06120781103001
Train,5.09353261837211,5.09351552836071
Train,5.12518916146475,5.12483079249633
Train,3.30379708995377,3.30351998499301
Train,3.37063607511235,3.37052178221548
Train,3.43594095318669,3.43582398901909
Train,3.50021101875945,3.50014449544161
Train,3.56324967428117,3.56312511698908
Train,3.62487627902781,3.62489387963998
Train,3.68555999675628,3.68548848761403
Train,3.74511346377582,3.74473735512057
Train,3.80336403233353,3.80301299336699
Train,3.86075342218445,3.86111679199004
Train,3.91710293691303,3.91692442392942
Train,3.97244058600369,3.9721895791101
Train,4.02660369597233,4.02608440446985
Train,4.08000102968489,4.07954817357878
Train,4.13246463090554,4.13109997611374
Train,4.18383881813632,4.18297027169157
Train,4.23451003727776,4.23387633745207
Train,4.28431781539126,4.2837210448217
Train,4.33311307090034,4.33312817459065
Train,4.38126173574197,4.37864848628871
Train,2.12773036473068,2.12778216431817
Train,2.3649065243032,2.36491796234824
Train,2.58760154553829,2.58753616914529
Train,2.79710239047386,2.7968835634185
Train,2.99454790960518,2.99457552359146
Train,3.18094955298383,3.18081200826256
Train,3.35720870051651,3.35732721656515
Train,3.52413123825805,3.52383414617926
Train,3.68243987811222,3.6823248884377
Train,3.83278461826202,3.83280278126969
Train,3.97556294397721,3.97543554383284
Train,4.11169127601103,4.11156428790692
Train,4.24145180712177,4.24117427539951
Train,4.36528113452564,4.36534427014177
Train,4.48357683453216,4.48313370592788
Train,4.59670172663849,4.59666962794491
Train,4.70498759042142,4.70477442403191
Train,4.80873841543619,4.80844527861538
Train,4.90823325117055,4.90819030901022
Train,5.00372871332178,5.00338692248462
Train,2.94396057417874,2.94519458630222
Train,3.02904204492581,3.02975770364193
Train,3.11249314466046,3.11286809547001
Train,3.19385305171646,3.19352398109387
Train,3.27369338257743,3.27434548844959
Train,3.35157067143682,3.35233345331854
Train,3.42802961105894,3.42821501433192
Train,3.50264320083869,3.50306262684736
Train,3.57570375000409,3.57604990694946
Train,3.64748194003505,3.64754240856765
Train,3.71757390075242,3.71817779365866
Train,3.78646493188244,3.7868680118174
Train,3.85376562625473,3.85392224729204
Train,3.91973486482703,3.91998136050298
Train,3.98461316037663,3.98487317001328
Train,4.0480314553435,4.04823388241331
Train,4.11042501092023,4.11094142999192
Train,4.17143751496782,4.17156245954376
Train,4.23148638807138,4.23160772439425
Train,4.29022744655551,4.29061895201286
Train,2.12761174416641,2.12803592521797
Train,2.36279442088078,2.36288644789439
Train,2.58395732298534,2.58422667372926
Train,2.79231779223193,2.79257225230887
Train,2.98895619854973,2.98887175326873
Train,3.17508165318044,3.17570226697918
Train,3.35104687070944,3.35094326878444
Train,3.51788324992824,3.51811494721388
Train,3.67628321749673,3.67558220467819
Train,3.82687089911298,3.82683777802796
Train,3.970210338345,3.97032846220301
Train,4.10681255656116,4.1071588210236
Train,4.23714164022874,4.23703870286973
Train,4.36162000840189,4.36098402623449
Train,4.48063298638124,4.48070676172775
Train,4.59468504368087,4.59505298580026
Train,4.70378792393856,4.70374635086611
Train,4.80839661537336,4.80804413059578
Train,4.90878320246356,4.90915801709544
Train,5.0051982409802,5.00446308776938
Train,2.12564260553235,2.12579869548264
Train,2.3692842087651,2.36911636536225
Train,2.5970195011085,2.59636649764271
Train,2.81035692451563,2.80983119785943
Train,3.01062003217446,3.01048590989213
Train,3.19897497342765,3.19765038502939
Train,3.37645321728042,3.37614354231683
Train,3.54397044982052,3.54297296093702
Train,3.702342376625,3.70077517486262
Train,3.85229800582354,3.85026890665378
Train,3.99449086828511,3.99318988290744
Train,4.1295085392597,4.12916476974916
Train,4.25788075407853,4.2559580636973
Train,4.38008635429281,4.37980973613431
Train,4.49655925627669,4.49609075246755
Train,4.60769359911385,4.60690785413154
Train,4.71384820047982,4.71354558917502
Train,4.81535042666837,4.81489864340093
Train,4.91249956470073,4.91228531253202
Train,5.00556976968764,5.0050756315779
Train,2.12332372125674,2.12518720160571
Train,2.35597412277977,2.35614015608209
Train,2.57527205640544,2.57566756359503
Train,2.78233495980589,2.78271072292247
Train,2.97793134939884,2.97893823421529
Train,3.16341918459217,3.16375402780087
Train,3.33935720074798,3.34046019578656
Train,3.50646439603735,3.50656085272041
Train,3.66538935861286,3.6654328829629
Train,3.81671867952971,3.81677762696401
Train,3.96081584539365,3.9609296160581
Train,4.09850844309289,4.09873052027452
Train,4.23006024014663,4.23015564858198
Train,4.35587307616933,4.35601478739246
Train,4.47631447861992,4.47641393637442
Train,4.59172124855168,4.59180150871017
Train,4.70227307418351,4.70233651232976
Train,4.80851856973015,4.80853571081226
Train,4.91058478884492,4.91056187142586
Train,5.00871356929856,5.00857941011983
Train,2.13048260114339,2.13110899979275
Train,2.36141822993024,2.36174799706188
Train,2.57944345882077,2.57909284556646
Train,2.78512743558809,2.78457842698318
Train,2.97971772296535,2.9797736344137
Train,3.16430534752431,3.16409808040245
Train,3.33922968627402,3.33936401179582
Train,3.50562174580382,3.50511779616337
Train,3.66371758572177,3.66390199289727
Train,3.81430002114748,3.81371467529081
Train,3.95806182042704,3.95797035157212
Train,4.09513188791548,4.09531644545333
Train,4.22612142233379,4.22633373088157
Train,4.35157447540485,4.35133085670369
Train,4.47155056615015,4.47169755091292
Train,4.58667274847743,4.58669586422749
Train,4.69696821929686,4.69690702034696
Train,4.80285956120148,4.80304100897248
Train,4.90472601682359,4.90462506501555
Train,5.00256052426806,5.00266178794319
Train,4.29923127466113,4.29856200623382
Train,4.37593472586425,4.3758945749598
Train,4.45007638384635,4.44967436377757
Train,4.52208960493034,4.52175036686296
Train,4.59191509940888,4.59199161749185
Train,4.65950632982142,4.65944629398492
Train,4.72524942079411,4.72521923770747
Train,4.78908225473821,4.78898242651322
Train,4.85095431879322,4.85074839945283
Train,4.91121191789884,4.91112136582361
Train,4.96979172171991,4.96976178863971
Train,5.02676284216546,5.02670924842297
Train,5.08207203793809,5.08203398670431
Train,5.13602154890217,5.13565174153174
Train,5.18854810300832,5.18846809563385
Train,5.23959773178527,5.23966020066856
Train,5.28944500655008,5.28934640992721
Train,5.33802752592299,5.3380164072607
Train,5.38529136179834,5.38428274058807
Train,5.43148710977632,5.43108974793923
Train,3.80440535788305,3.80492391985009
Train,3.88609514022405,3.88612531444434
Train,3.96528315492449,3.96541630623525
Train,4.04208259449204,4.04200021425114
Train,4.11659992436134,4.11675671052054
Train,4.18893537531834,4.18897650775235
Train,4.25918339329396,4.25912980451741
Train,4.32743305077164,4.3274018460963
Train,4.39376842357708,4.39415113386186
Train,4.45826893640157,4.45801254981981
Train,4.52100968004451,4.5207156153103
Train,4.58206170303944,4.58209023021319
Train,4.64149228004463,4.64164102344349
Train,4.69936515912984,4.69951970278472
Train,4.75574078987013,4.75586622896136
Train,4.81067653396255,4.81051636146568
Train,4.86422685990817,4.86468406885452
Train,4.91644352314866,4.91639515616972
Train,4.96737573290946,4.96730994175069
Train,5.01707030688033,5.01718374365938
Train,3.80280800392127,3.80306249848783
Train,3.88500313680383,3.88578564312248
Train,3.96462254200146,3.96445604208039
Train,4.04178542414326,4.0422888200139
Train,4.11660374389121,4.11638472266551
Train,4.18918275996791,4.18928159821936
Train,4.25962152323343,4.25989877720186
Train,4.3280133276884,4.32810085828006
Train,4.39444612272151,4.39433794548514
Train,4.45900289043215,4.45908118011558
Train,4.52161773197884,4.52182798160558
Train,4.5826571574904,4.58250030609471
Train,4.64204285768417,4.64178194017787
Train,4.69984114025796,4.7000936900242
Train,4.75611481476927,4.7563177950453
Train,4.810923420318,4.81091974982902
Train,4.8643234356747,4.86424929747792
Train,4.91636847341338,4.91632866045821
Train,4.96710945945157,4.96709432940971
Train,5.01659479926165,5.01654707351391
Train,1.44204620238152,1.4429531632106
Train,1.54499419923156,1.54546056935416
Train,1.64543580189771,1.64551790491006
Train,1.74346144137553,1.74338301714871
Train,1.8395167720947,1.83959692630216
Train,1.9329564411699,1.93319953896772
Train,2.02422693088534,2.02474092402027
Train,2.1134029099952,2.11324147215256
Train,2.20055565907522,2.20010208266668
Train,2.28575326054506,2.2866147913721
Train,2.36937400784446,2.36937991204305
Train,2.45084680904313,2.45066315016649
Train,2.53055145851384,2.5309237996864
Train,2.60854489795918,2.60873877858668
Train,2.6848816500424,2.68424767110465
Train,2.75961394549668,2.75960152218814
Train,2.83306718070384,2.83321792041371
Train,2.90473303721677,2.90472832228462
Train,2.97493870467927,2.97526683104498
Train,3.04372835998313,3.04369643410811
Train,2.12339852599247,2.12428228147675
Train,2.37271606636546,2.37299016285598
Train,2.6051295613652,2.60582192022613
Train,2.82173155304113,2.82199515285739
Train,3.02434872715534,3.02468721486204
Train,3.21429311425399,3.21470089390115
Train,3.39295298198351,3.39337180437561
Train,3.56086107035745,3.56124148984801
Train,3.71916840218757,3.71980859645392
Train,3.86867552762641,3.86907655896922
Train,4.01028359872553,4.01068876965857
Train,4.14424724555703,4.14502527765418
Train,4.27133734096803,4.27156309476978
Train,4.39206966622313,4.39258363661266
Train,4.50706208430027,4.50740432924632
Train,4.61642365268879,4.61673413851369
Train,4.72069636620039,4.7212009403249
Train,4.82022734355424,4.82056087994553
Train,4.91545935003735,4.91572596673924
Train,5.0064226522255,5.00664513511421
Train,2.12910230615172,2.1289703067907
Train,2.38291006667188,2.38213821295923
Train,2.61827066256745,2.61746180362953
Train,2.83741639544739,2.83703142071519
Train,3.04142214561449,3.04087704076502
Train,3.23205864293634,3.2314277151365
Train,3.4105983963277,3.41010406562256
Train,3.57815738802642,3.57754269245398
Train,3.7359295471496,3.73556668592411
Train,3.88434948784635,3.8840096154947
Train,4.02441245639959,4.02413607273612
Train,4.15680495054935,4.15638489461545
Train,4.28230877565294,4.28186266253962
Train,4.40112793004536,4.40081277067858
Train,4.51393418368952,4.51371174445213
Train,4.62117270132084,4.62081504283034
Train,4.72324576235384,4.72299379438319
Train,4.82064899338996,4.82033909024741
Train,4.9134449975405,4.91322190724733
Train,5.00207252958786,5.00178676425477
Train,2.11638447506989,2.11759401249057
Train,2.36806330015287,2.3692573080136
Train,2.60208647853893,2.60286358047798
Train,2.82024890795233,2.82096716523139
Train,3.02411016473525,3.02518778676514
Train,3.21503184491851,3.21629461174072
Train,3.39420801361869,3.39550828646517
Train,3.56269020239473,3.56338966875975
Train,3.7214080604634,3.72201623778366
Train,3.87118651652451,3.87175632955606
Train,4.01276012021567,4.01341329573025
Train,4.14678508952929,4.14722941302008
Train,4.27384948118426,4.27436251232049
Train,4.39448181651128,4.39483087019672
Train,4.50915842973614,4.50955518117027
Train,4.61830975410945,4.618743476871
Train,4.7223257207859,4.72257978030231
Train,4.82156041319686,4.82189417316314
Train,4.91633609400439,4.91675463994599
Train,5.00694670114171,5.00703044029634
Train,2.73194750145983,2.73248216834528
Train,2.83756888193852,2.83764455139882
Train,2.94019821728092,2.93998597726223
Train,3.03996086994695,3.03999209729064
Train,3.13697529551304,3.13702070541896
Train,3.23162571138575,3.23171073232717
Train,3.32346648187123,3.32246776525991
Train,3.41287774329284,3.41290271103409
Train,3.49995464068828,3.50007841981115
Train,3.58478741498906,3.58463519864946
Train,3.66746171496911,3.66772257385147
Train,3.74805888568102,3.74771483984133
Train,3.82665623542172,3.8267509872405
Train,3.90332728306944,3.90295486945089
Train,3.97814198745518,3.97832595100973
Train,4.05137792223462,4.05123437539279
Train,4.12267166838888,4.1225094997919
Train,4.19229981504695,4.19253343648435
Train,4.26032005709038,4.26033909040253
Train,4.32678745515108,4.32521309676869
Train,4.42433949203684,4.42538786875431
Train,4.46726370337328,4.46750664566044
Train,4.50941354452157,4.50957127681087
Train,4.55080978308231,4.55090969664726
Train,4.59147245062257,4.59166653188205
Train,4.63142087499709,4.63187125740134
Train,4.67067371098119,4.67088154186987
Train,4.7092489693173,4.70943780998842
Train,4.74716404427015,4.74718176601001
Train,4.78443573977929,4.78442995302086
Train,4.82120060968204,4.82130494286886
Train,4.857231720581,4.85731692939791
Train,4.89266661349976,4.89264355335237
Train,4.92751996570969,4.92754370174426
Train,4.9618059766503,4.96187650792327
Train,4.9955383872175,4.99549812875031
Train,5.02873049812514,5.02875872735805
Train,5.06139518739115,5.06140365679149
Train,5.09354492699682,5.09353944935193
Train,5.12519179876422,5.12487339264973
Train,4.31090793132855,4.31021915907896
Train,4.36374862530706,4.36305492200173
Train,4.41544374948998,4.41532534757627
Train,4.46603015778154,4.46554590134311
Train,4.51554314003183,4.51570783620101
Train,4.56388176850847,4.56316426444229
Train,4.61135070252854,4.61146622969155
Train,4.65784340604492,4.65685613101069
Train,4.70338968779305,4.70274549920051
Train,4.74801815514197,4.74796206813536
Train,4.79175627401314,4.79137901158375
Train,4.83463042524858,4.8342711232419
Train,4.87666595767126,4.87324503497276
Train,4.91788723806207,4.91745159743206
Train,4.95831769826044,4.95793626413271
Train,4.99786952455175,4.99784565268257
Train,5.03678718722075,5.03610206497452
Train,5.07497908978046,5.07325460892954
Train,5.11246534630136,5.11245781716772
Train,5.14926533438925,5.14838316731967
Train,4.308190724255,4.30872716862197
Train,4.3521783700908,4.3525598702092
Train,4.39537752787371,4.39536272690585
Train,4.4378092100058,4.43803510192284
Train,4.4794936888508,4.47949011158036
Train,4.52058585633077,4.52098240910183
Train,4.56083161368657,4.560637842673
Train,4.60038691902989,4.60071570758574
Train,4.63926938922814,4.63929614786158
Train,4.67749604687772,4.67795998275525
Train,4.71508334515268,4.71486926283088
Train,4.7520471914169,4.7520752865623
Train,4.78840296967105,4.78879554081342
Train,4.82416556190072,4.82399775464202
Train,4.85934936838812,4.85942829522011
Train,4.89408279421208,4.89404795497304
Train,4.92814858322893,4.9283066504706
Train,4.96167612876043,4.96153145361878
Train,4.9946780872855,4.99464829241534
Train,5.02716672155627,5.027160853215
Train,3.00160651401106,3.00210736342179
Train,3.15463679628811,3.15430004099309
Train,3.30007029819874,3.30032531187518
Train,3.43869343102216,3.43882844590026
Train,3.57052615090931,3.57042697997005
Train,3.69626818327652,3.69630327335673
Train,3.81633208380699,3.81613220096389
Train,3.93109397132671,3.93102222517902
Train,4.04108396939694,4.04102078031266
Train,4.14623581497797,4.14611445953252
Train,4.24703279551337,4.24725133130979
Train,4.34373995773457,4.34324842898624
Train,4.43675927405157,4.4369855238676
Train,4.52599357082417,4.52592030320576
Train,4.61181503568939,4.61164738475983
Train,4.69441578427859,4.69436134424378
Train,4.77397377833914,4.77399859001363
Train,4.85078481946625,4.85038198587992
Train,4.92473623450318,4.92482447262065
Train,4.99610622931943,4.99586313517121
Train,0.997575222013758,0.998206795329872
Train,1.16186758910368,1.16274886316588
Train,1.32074799826293,1.32095354311078
Train,1.47366138911936,1.47424952306957
Train,1.62172490413065,1.62187245395963
Train,1.7644018410866,1.76421321722065
Train,1.90271667770345,1.90334752388864
Train,2.03615169078058,2.03643090055831
Train,2.16530458872005,2.16673674508112
Train,2.29071273714249,2.28999678054807
Train,2.4118870891156,2.41194249701786
Train,2.52966583099353,2.5303834488279
Train,2.64357876846181,2.64288572212009
Train,2.75410785744556,2.75505276893292
Train,2.86168895070688,2.86168593788735
Train,2.96587925882376,2.96626553705775
Train,3.0673778286487,3.06838033416553
Train,3.16575941829679,3.16524309500365
Train,3.26167710851068,3.26251143044484
Train,3.35472254747568,3.3554406590758
Train,3.11903672464875,3.11902816320272
Train,3.26469583275668,3.26456324850934
Train,3.4027201251646,3.4027027739232
Train,3.53415755936693,3.53354788789348
Train,3.65924732761896,3.65919366228101
Train,3.77822795870944,3.77782060710725
Train,3.89193758405085,3.8912618020133
Train,4.00033447689783,4.00030479431572
Train,4.10414919275386,4.10339237397985
Train,4.20349002559976,4.20358817861981
Train,4.29847163878961,4.29732346128568
Train,4.38969750662139,4.38934681406155
Train,4.47723057370719,4.47663323048092
Train,4.56114162020212,4.56041997486519
Train,4.64193705712467,4.64094882394985
Train,4.71951117742665,4.71866751859326
Train,4.79431800787612,4.79354162153524
Train,4.86637477917787,4.86565376305063
Train,4.93570706635376,4.93490939021123
Train,5.00270422355668,5.00094407508205
Train,2.16876670265954,2.16901598029491
Train,2.43537916696171,2.43521671310574
Train,2.67931790010512,2.67915321095844
Train,2.90292346700431,2.90286733231752
Train,3.10903604531345,3.10873277399716
Train,3.29926082160365,3.29935598535868
Train,3.47570979101645,3.47553935774905
Train,3.63950735375726,3.63953777880507
Train,3.79226492423301,3.7921478758819
Train,3.93478337966086,3.93483938462142
Train,4.0683197627375,4.06834208565689
Train,4.19345188202423,4.19333392822792
Train,4.31117944973751,4.31111780359989
Train,4.4219232426661,4.42201418111491
Train,4.52649190421331,4.5263279290759
Train,4.62519368350649,4.62545526444793
Train,4.71869254049011,4.71864063265294
Train,4.80721484657521,4.80721089326672
Train,4.89131307272175,4.89109114342701
Train,4.97115322691084,4.97129047328982
Train,2.12940269889565,2.12970319598954
Train,2.35953685250925,2.35963684015788
Train,2.57652258375496,2.57645429621172
Train,2.78192907181291,2.78218540604049
Train,2.97643410182638,2.97640051343679
Train,3.16066994155131,3.16078899220721
Train,3.33583370480199,3.33581991231605
Train,3.50219360252866,3.50224529348835
Train,3.6607639709942,3.66080620716658
Train,3.81190399768766,3.81185969354757
Train,3.95595681914466,3.95609678840102
Train,4.09372879004296,4.09379283045765
Train,4.22546880089746,4.22552357962396
Train,4.35141812517153,4.35149122158165
Train,4.47223072861984,4.47214428214849
Train,4.58794513229911,4.5879635402218
Train,4.69913564763078,4.69907458623694
Train,4.80593807049328,4.8054697375139
Train,4.90848769987926,4.90797313484492
Train,5.00726329210842,5.00653310218896
Train,2.13549878782615,2.13538186306524
Train,2.36261445382408,2.36210792296898
Train,2.57706670235827,2.57689097623935
Train,2.78036122066628,2.77992703773835
Train,2.97289495250553,2.97278502492755
Train,3.15592876567196,3.15549835657131
Train,3.32974047258084,3.32959297709223
Train,3.49539823950988,3.49381336844291
Train,3.6532770662603,3.65283562853639
Train,3.80373540381063,3.80333753007127
Train,3.94762223590932,3.94666643544971
Train,4.08503514632217,4.08466135158434
Train,4.21671091636138,4.21531145445825
Train,4.34285280547558,4.3419034525925
Train,4.46366010513296,4.46289809629726
Train,4.57973738250479,4.57898406909063
Train,4.69109415890515,4.69021890981659
Train,4.79826506057782,4.79741937688069
Train,4.90123842129323,4.90038524502071
Train,5.00049004351434,4.99888602225675
Train,3.43233189858258,3.43212403604977
Train,3.54297691166042,3.54306707804263
Train,3.6494692081052,3.64926220290928
Train,3.75222680270983,3.75163602946687
Train,3.85107875250637,3.84857645234134
Train,3.94641845689116,3.94450567649093
Train,4.03842983551685,4.03572492533041
Train,4.12728418700284,4.12602462591732
Train,4.21329931753722,4.21299281079538
Train,4.29630304238441,4.29390693509978
Train,4.37659828816552,4.37507024587668
Train,4.45431549648567,4.45311321400205
Train,4.52971557309727,4.52921027524482
Train,4.60263141578898,4.60216852060167
Train,4.67331378365666,4.67107451294415
Train,4.74186374861585,4.74016273542494
Train,4.80837637476763,4.80730124854582
Train,4.87306029240632,4.87274903520139
Train,4.93575814948735,4.93474568266375
Train,4.99667216970627,4.99569175091002
Train,3.80276334554978,3.80299867483537
Train,3.88462691319972,3.88452990053903
Train,3.96379935970237,3.96405903352771
Train,4.04075597172001,4.03994358671317
Train,4.11542037466245,4.11559198154847
Train,4.18773080868589,4.18781861561203
Train,4.25811235670846,4.25792758203735
Train,4.32648713053531,4.32674837271244
Train,4.39279050206204,4.39255665353468
Train,4.45740500969366,4.45775350017922
Train,4.52025268608374,4.52015156667241
Train,4.58140502264334,4.58155309691775
Train,4.64079591398827,4.6409744061186
Train,4.69876056352692,4.69765021425175
Train,4.75522235865604,4.75554890701661
Train,4.81011527592982,4.81001857941211
Train,4.8637446498106,4.86392401185568
Train,4.91603558359532,4.91596649269033
Train,4.96692281636916,4.9669024972629
Train,5.01668570127464,5.01668802337937
Train,3.80580373453581,3.80560161745799
Train,3.88786162856758,3.88708149429859
Train,3.96716955468882,3.96613999370148
Train,4.04421005131988,4.04415172485298
Train,4.11891007174364,4.11846009984421
Train,4.19121132764483,4.19181047290678
Train,4.26154415830862,4.26067275849911
Train,4.32983334757356,4.32987131607498
Train,4.39601706843497,4.39663308903456
Train,4.46048160205608,4.46052159363372
Train,4.52315118130179,4.52282737043262
Train,4.5840997450206,4.58416218502517
Train,4.6432633676977,4.6432923763443
Train,4.7009795145738,4.70160768867773
Train,4.75717333648196,4.75685491435635
Train,4.81178066296121,4.81184664354279
Train,4.86510827234475,4.86436944180442
Train,4.91708280168147,4.91718182526366
Train,4.96764059775644,4.96676628845509
Train,5.01706182334771,5.01665134069318
Train,-0.289166347486342,-0.288307740823973
Train,-0.038635989254015,-0.0385800807069132
Train,0.198987934421492,0.199806779472249
Train,0.423730775442445,0.422722919664204
Train,0.637059907039239,0.637713781370814
Train,0.840250342291749,0.840243755146923
Train,1.03319354113932,1.03384152316922
Train,1.21703207455347,1.21610372078995
Train,1.39276554449284,1.39342011502796
Train,1.56021030850831,1.56013597430702
Train,1.72027629928379,1.71986910084726
Train,1.87344074150816,1.87407167505645
Train,2.020450721041,2.02060073843514
Train,2.16107407838061,2.16091275721393
Train,2.29600276321256,2.29546353190582
Train,2.42585011658558,2.42676717948981
Train,2.55036964780297,2.5498035263283
Train,2.67013560427102,2.6698329845478
Train,2.78565940191339,2.78583690591605
Train,2.89669098080092,2.89803286290245
Train,1.46654665383069,1.46654321452862
Train,1.60487607548111,1.60535695714699
Train,1.73837542115043,1.73775374282033
Train,1.86729332905194,1.86715015544379
Train,1.99186165972811,1.99208090071462
Train,2.11264317866532,2.11263144342066
Train,2.22913643824374,2.22936911016787
Train,2.34188882264016,2.34138125097726
Train,2.45107767694597,2.45063136777954
Train,2.55686931068677,2.55750225689754
Train,2.65941984305435,2.65933487128333
Train,2.75887597162545,2.75869784207154
Train,2.85537567252784,2.8551655293979
Train,2.94904883908154,2.94923215432774
Train,3.04001786513155,3.03993905939407
Train,3.12865291298487,3.12898550696101
Train,3.21454636739516,3.21441184413762
Train,3.29806327362749,3.29802233164647
Train,3.37930091927607,3.37963262321338
Train,3.45835135326626,3.45775691848231
Train,1.26401216555,1.26362391950007
Train,1.40422897999426,1.40457764829463
Train,1.5397028599546,1.53973856044305
Train,1.67067045279697,1.67055746446769
Train,1.79735292016857,1.79759673709324
Train,1.92030988935585,1.92069929373448
Train,2.03901867514578,2.03868172746498
Train,2.15402530432285,2.1532498858198
Train,2.2655003058233,2.26611021922346
Train,2.37360389374036,2.37325860238544
Train,2.47848673560325,2.47859287512457
Train,2.58029065299588,2.58050219377966
Train,2.67914926136628,2.67947176431172
Train,2.77518855509646,2.77404384533858
Train,2.86852744321989,2.86934262598353
Train,2.95953990433454,2.95929602328234
Train,3.04780167532275,3.04721849469771
Train,3.13368225524882,3.13339519269558
Train,3.21727672383665,3.21775273829754
Train,3.29867516532052,3.29818284920312
Train,3.87900242188409,3.87889280279179
Train,3.93759949513966,3.93761846253821
Train,3.99495743347672,3.99505345977215
Train,4.05142191865217,4.05149788293257
Train,4.10686211753859,4.10690547655232
Train,4.16130565099826,4.16091373022047
Train,4.21463355556371,4.2147815697883
Train,4.26716528716114,4.26727047305595
Train,4.31877741502651,4.31917822735906
Train,4.3694938770694,4.36956913089144
Train,4.41920202843064,4.4191992128419
Train,4.4681980188624,4.46836080033446
Train,4.51636529558682,4.51647311990947
Train,4.56372470746795,4.56400728300852
Train,4.61016952671442,4.61013965379808
Train,4.65597509431825,4.65608060382712
Train,4.7010312444799,4.70119830144014
Train,4.74535621961414,4.74528702724111
Train,4.78884882483664,4.78920218471668
Train,4.83176574170551,4.83181266279117
Train,3.78704646554857,3.78709236977212
Train,3.86521842768102,3.86561193550571
Train,3.94153198296837,3.94179588452808
Train,4.01605262366938,4.01613440032289
Train,4.0888428004159,4.08916448547299
Train,4.15996209676235,4.16018274557993
Train,4.22946739185135,4.22967910086501
Train,4.2974130121289,4.2977100833543
Train,4.36385087295954,4.3641930313008
Train,4.42883061091743,4.42923427910702
Train,4.49226563380934,4.4927825459292
Train,4.55447239490796,4.55452126428119
Train,4.61535737682637,4.61577167058769
Train,4.67496226475994,4.67561680095079
Train,4.73332700929397,4.73335442472873
Train,4.79048991570074,4.79068952465078
Train,4.84648772777645,4.84662049903474
Train,4.90135570660357,4.90133496709879
Train,4.95512770459337,4.95454364363305
Train,5.00783623513536,5.00787026706367
Train,3.12613944878982,3.12694786166886
Train,3.26158071985582,3.26147863456773
Train,3.3917613131307,3.39220607046283
Train,3.51661005857919,3.51707597193146
Train,3.63680473185573,3.63714495686346
Train,3.7522567061369,3.75202864540753
Train,3.86357192718626,3.86435865521181
Train,3.97064944621926,3.97092913111757
Train,4.07403405143818,4.07495495892928
Train,4.17361633549054,4.17413953228808
Train,4.2698886334348,4.27050170628919
Train,4.36273599565,4.36289111096468
Train,4.45260546455716,4.45364212529804
Train,4.53937875372946,4.53996217270307
Train,4.62346355046167,4.62381954425856
Train,4.70473989989033,4.70527556482758
Train,4.78358109418154,4.78426090020568
Train,4.85986677020062,4.85958434436744
Train,4.93393999711208,4.93426357087648
Train,5.00568095185321,5.0055031840113
Train,2.87421438121072,2.87470661048266
Train,3.04263861807118,3.04378509698855
Train,3.20199389016095,3.20178705333657
Train,3.35299348434731,3.35357675903853
Train,3.49627779711737,3.49588241509465
Train,3.63263018748448,3.63234648748604
Train,3.7621477064373,3.76232343831927
Train,3.88551887791609,3.88601201408002
Train,4.0031710801912,4.00309492853031
Train,4.11549296618303,4.11577920944384
Train,4.22283875250148,4.22317616565689
Train,4.32553195079798,4.32560831833526
Train,4.42386862423514,4.42419054666444
Train,4.51812023811989,4.51835718903222
Train,4.60853616250618,4.60874953717413
Train,4.69547839229914,4.69643001397909
Train,4.77888829283891,4.77901030163249
Train,4.85909910884228,4.85935916947548
Train,4.9362914227516,4.93648198131106
Train,5.01063247662664,5.0106391231113
Train,2.12884689355539,2.12846090283548
Train,2.36615130434783,2.36587121337853
Train,2.58919757435144,2.58878456021758
Train,2.79874171741578,2.79489213992039
Train,2.99643653980588,2.99459360047896
Train,3.18282153138155,3.18213266174117
Train,3.35925392062249,3.35669914409865
Train,3.52611746281569,3.52545303879943
Train,3.68435589729504,3.68301989392622
Train,3.83479802059246,3.83300369571426
Train,3.97766925495038,3.97636613692358
Train,4.11384744793386,4.11261828398912
Train,4.24348609288458,4.24290551842042
Train,4.36719093030841,4.36699233886085
Train,4.48549976718799,4.48530258030061
Train,4.59849094691884,4.59834762340162
Train,4.70677052103431,4.70696935862562
Train,4.81038194189409,4.81012244574432
Train,4.90985556970815,4.91014062494488
Train,5.00520853998989,5.00467639016844
Train,2.12168894142507,2.12139894064804
Train,2.35903646406905,2.3587578807039
Train,2.58169705379614,2.58110478312502
Train,2.79149847291344,2.79137596690472
Train,2.98928432976782,2.98825500730728
Train,3.17605810615937,3.17584923310843
Train,3.3525010564956,3.35221344237854
Train,3.51985170461805,3.5193075858717
Train,3.67860271010408,3.67840690202339
Train,3.82940033264978,3.82937454161421
Train,3.97265383774693,3.97219064812654
Train,4.10924651280638,4.10910724771585
Train,4.23947406938949,4.23925145350423
Train,4.3637712919567,4.36329685187794
Train,4.48238999665366,4.48201772190643
Train,4.59598646652545,4.59582987972882
Train,4.70474058418434,4.70434226443305
Train,4.80895551525773,4.80866747375532
Train,4.90878800418509,4.9085734821003
Train,5.00474220750618,5.00410971649236
Train,2.12326987459695,2.12422852566871
Train,2.35046379035817,2.35086965337742
Train,2.56518125285028,2.56557672588152
Train,2.76882941117277,2.76907506675544
Train,2.96204914607699,2.96213577042564
Train,3.14543771658306,3.1459396743505
Train,3.32007644790049,3.32012376828262
Train,3.48640999199256,3.48663330769542
Train,3.64485797321563,3.64498332349305
Train,3.79627180097835,3.79642505142166
Train,3.94096423757318,3.9413170702339
Train,4.07937311764745,4.07958026091202
Train,4.21176588146603,4.21177688481313
Train,4.33878163210758,4.33901355178951
Train,4.46061869799635,4.46055609107335
Train,4.57746977514261,4.57761212088936
Train,4.68986088903145,4.68994321498595
Train,4.79793360765224,4.79796837362138
Train,4.90182736363478,4.90194569235447
Train,5.00198165120171,5.00190533161205
Train,2.13145586051408,2.13261192694173
Train,2.34790586645907,2.3481285517939
Train,2.55420283454264,2.55479711772406
Train,2.75104476816105,2.75131034227726
Train,2.9388644598026,2.93950148552741
Train,3.11865577712709,3.11908304201116
Train,3.29073674887468,3.29100968850454
Train,3.45559295003958,3.45614432018757
Train,3.61367002049273,3.61391844194278
Train,3.76537768774906,3.76600190015798
Train,3.91093582569427,3.91094377528335
Train,4.05101357899951,4.05100675087507
Train,4.18576875207896,4.18603935142002
Train,4.31549905458074,4.31560242326142
Train,4.44048040000646,4.440504457498
Train,4.56096886455336,4.56122235389031
Train,4.67707654705726,4.67713702857346
Train,4.78928103420043,4.7893047960226
Train,4.89765824893007,4.89772245973128
Train,5.00240072877263,5.00224306522633
Train,2.11609585494351,2.11726597075741
Train,2.35799736935475,2.35795211933347
Train,2.58453388305162,2.58428355293491
Train,2.79712425641571,2.79723040726659
Train,2.99701786962423,2.99726349240356
Train,3.18531919401391,3.18510597876794
Train,3.36300820905686,3.36319955871496
Train,3.53095746195695,3.53082040467981
Train,3.6899463967891,3.68990941566718
Train,3.84067344979145,3.84075510764725
Train,3.98360580835531,3.98365917422981
Train,4.11963797271371,4.11936719119532
Train,4.24911218798108,4.24896030018336
Train,4.37249151866849,4.37216972530788
Train,4.49019643512087,4.49004968398568
Train,4.60260960086398,4.60270739073004
Train,4.7100800284612,4.71040189107063
Train,4.81292669897145,4.81312980264394
Train,4.91144172407944,4.9114528445809
Train,5.00589311692319,5.00576986827419
Train,3.83902217308907,3.83867931772166
Train,3.91331960759849,3.91328876356621
Train,3.98596978649989,3.98558065782182
Train,4.05667613975288,4.05660658341568
Train,4.12585677430994,4.12581930669168
Train,4.19322625011142,4.1932911521346
Train,4.2591800775171,4.25895525020152
Train,4.32344344091015,4.3232601940019
Train,4.38639107183842,4.38643465609695
Train,4.44775828960431,4.44758691284206
Train,4.50790067311738,4.5079828014079
Train,4.56656320519221,4.56639768890656
Train,4.62408377132825,4.62360291724891
Train,4.68021656581554,4.68030177126476
Train,4.73528309397901,4.7352882751422
Train,4.78904632954425,4.78906653905343
Train,4.84181258278146,4.84154833340491
Train,4.89335319497542,4.89326470660873
Train,4.94396035365885,4.94386342171694
Train,4.99341337579618,4.99256285769499
Train,2.12932433413457,2.1281362851316
Train,2.36688147086949,2.36693556206429
Train,2.58984757480893,2.58936527253373
Train,2.79952688894545,2.79919738923328
Train,2.99707271127515,2.99607243373813
Train,3.18330224037153,3.18276119162894
Train,3.35955095901933,3.35893669206981
Train,3.52641499522416,3.5253160425693
Train,3.6846244673844,3.68332881293665
Train,3.83483567173847,3.83366140722702
Train,3.97764018252018,3.97707895560435
Train,4.11357263835793,4.11302427451866
Train,4.24311743099134,4.24205345164429
Train,4.36671447269685,4.36641901050663
Train,4.48476418714616,4.48435450357121
Train,4.59750611052085,4.59709218866393
Train,4.70553093946844,4.70383607624373
Train,4.80901307310064,4.80886062815463
Train,4.90823315687631,4.90796939616322
Train,5.0034491851954,5.00217192262991
Train,2.12495028001534,2.12525360231504
Train,2.36374329707051,2.36367841792363
Train,2.58770839833069,2.58718614528899
Train,2.79818510973865,2.797689064688
Train,2.99657923720489,2.99608307386208
Train,3.18348098598039,3.18347136723079
Train,3.36005944702231,3.35954293542655
Train,3.52714692575984,3.52711060285056
Train,3.68548859742229,3.68529701484132
Train,3.83575361782611,3.83551754837227
Train,3.97870591550919,3.97834163134595
Train,4.11455917615633,4.11421613122203
Train,4.24397555506753,4.2436410779139
Train,4.36740194524148,4.3669153276007
Train,4.48524480683546,4.48497310793592
Train,4.59787463874721,4.59748003486512
Train,4.70575202577669,4.70551235100921
Train,4.80893729039859,4.80855435930627
Train,4.9078420789771,4.90752514069956
Train,5.00272733223452,5.00207590369083
Train,3.80651519897803,3.80601359674457
Train,3.88807078252951,3.88775928368178
Train,3.96713069035404,3.96694499291535
Train,4.04364321071277,4.04372689697467
Train,4.11804840206236,4.11726189610837
Train,4.19027658152484,4.18963840004855
Train,4.26042191684389,4.26019571973867
Train,4.32857322192667,4.32775130658976
Train,4.39467203400802,4.39469825454781
Train,4.45908605583843,4.45881117494192
Train,4.52174380642785,4.52167193181068
Train,4.58271614777852,4.58248368581754
Train,4.6419425810658,4.64188322457468
Train,4.69974521040031,4.69938192237006
Train,4.75605328519805,4.75609725516753
Train,4.81092403082604,4.81087922823482
Train,4.86441178798037,4.86449363937774
Train,4.91645597281461,4.91655773019212
Train,4.96733286268282,4.96722576041994
Train,5.01697410883087,5.01662195403534
Train,3.80728206211371,3.80697488435381
Train,3.88842073279314,3.88774844771816
Train,3.96712075845751,3.96698323117581
Train,4.04349045262832,4.0433298488335
Train,4.11778959936226,4.11772586148637
Train,4.18979423712496,4.18963022073714
Train,4.25975752844971,4.25968559141458
Train,4.32776506890379,4.32762483651296
Train,4.39389773454921,4.39374038270599
Train,4.45823200279573,4.45833708865595
Train,4.52097365260648,4.52091450885401
Train,4.58192090706111,4.58186791671525
Train,4.64127577629868,4.64142039496638
Train,4.69909986258143,4.69917299362916
Train,4.75545163113625,4.75546256251092
Train,4.81038660733243,4.81056687761358
Train,4.86407182365417,4.86411668102138
Train,4.91632614568077,4.91638041965981
Train,4.96731447182039,4.9673658518752
Train,5.01708225944127,5.01680474326914
Train,2.122132055305,2.12427941474945
Train,2.36916131608526,2.36991646004227
Train,2.59930353707909,2.59998255450611
Train,2.81472191749938,2.81544846064409
Train,3.01632638848282,3.01720750735532
Train,3.20583532514127,3.20660656937454
Train,3.38389914390656,3.3848187631722
Train,3.55190698314483,3.55278763848602
Train,3.71050605209104,3.71126367092276
Train,3.86029396742171,3.8609907034208
Train,4.00230941877655,4.00320374411077
Train,4.13683382320392,4.13754587976129
Train,4.2647370996202,4.26552236930567
Train,4.38635685171037,4.3870595553146
Train,4.50201236869135,4.50263412460319
Train,4.61238469461506,4.61282215242883
Train,4.71758596168047,4.71787853481711
Train,4.81820196999331,4.81847546138871
Train,4.91430499582718,4.91449353233676
Train,5.00640340298282,5.00642575448566
Train,2.12283645584247,2.1233255864665
Train,2.36007090439505,2.36014318277213
Train,2.58286729539039,2.58308392459932
Train,2.79225542179532,2.79173605987509
Train,2.98988040521396,2.98986791461922
Train,3.17648371349875,3.17656898743936
Train,3.35296236216991,3.35283408771485
Train,3.52011859778538,3.51972079066965
Train,3.67848277949649,3.67802654800308
Train,3.82909036340494,3.82892703667877
Train,3.97232605035136,3.97254578144767
Train,4.10871816641636,4.1080129645181
Train,4.23859009636088,4.23836609192787
Train,4.36269545702973,4.36284114613792
Train,4.48126764986463,4.48158933337819
Train,4.59466864550904,4.59458300062598
Train,4.70322951570088,4.70359302991184
Train,4.80712884133085,4.80750602173267
Train,4.90689988168367,4.9070998304289
Train,5.00266867204802,5.00257643353162
Train,3.4258078853734,3.42642952246589
Train,3.46669307564727,3.46651294808381
Train,3.50726152086697,3.50731460213339
Train,3.54715024630265,3.54731427398129
Train,3.58655544907872,3.58674798656485
Train,3.62566418507938,3.62554714537893
Train,3.66412622032491,3.664213677481
Train,3.70230445245403,3.70220392533357
Train,3.73985678163678,3.74015137853186
Train,3.77696732230424,3.77695884346596
Train,3.8138118482927,3.81378421927567
Train,3.85005993548612,3.85013990731223
Train,3.8858889841592,3.8861277597991
Train,3.92146848965713,3.92146830458861
Train,3.95647912068525,3.95651360169196
Train,3.99125052323192,3.99117801861413
Train,4.02547046154487,4.02578377587835
Train,4.0593059390152,4.05925481254072
Train,4.09291671518999,4.09288737608787
Train,4.12600075798107,4.12636140194646
Train,3.80635286570417,3.80667462040784
Train,3.88803823971042,3.88773255585894
Train,3.96720059662091,3.96788644472164
Train,4.04411655704676,4.04397051532779
Train,4.11856652379885,4.11850578708091
Train,4.19081884417673,4.19133656359392
Train,4.26096940951611,4.26069449366897
Train,4.32910861234492,4.32913443996423
Train,4.39546121217612,4.3954819957382
Train,4.45982492227979,4.46019549828835
Train,4.52241933920705,4.52216213866105
Train,4.58331642795063,4.58334804231182
Train,4.64270924600566,4.64274666582625
Train,4.70040914821605,4.70029832940255
Train,4.75660563733541,4.75677346541326
Train,4.81135671649584,4.81153726477188
Train,4.8647174429583,4.86472008942129
Train,4.91684987569653,4.91671709681961
Train,4.96758149327971,4.96770889676028
Train,5.01707213255279,5.01700580387316
Train,2.11989751072107,2.12025716998161
Train,2.35242041142136,2.3520321400376
Train,2.57161454849247,2.57126449018161
Train,2.77837437334599,2.77813430601074
Train,2.97414429498144,2.97374553525352
Train,3.15958043294359,3.15913520702653
Train,3.33547995637601,3.33495215548302
Train,3.50256009628174,3.50214522945517
Train,3.6612986784715,3.66087782881569
Train,3.81262745048163,3.8123193374142
Train,3.95689932860896,3.95628159332974
Train,4.09459669028098,4.09438355138101
Train,4.2260184974925,4.22572240611609
Train,4.3518527570029,4.35146436867418
Train,4.47231947569886,4.47218439672198
Train,4.58775491567232,4.58746268661545
Train,4.69846782566558,4.69860570015791
Train,4.80462850173758,4.80463646996778
Train,4.90673043199547,4.90686322625171
Train,5.00489673882123,5.00506071610854
Train,2.12610031651882,2.12708342035168
Train,2.35566929304389,2.3554075538361
Train,2.57269921923504,2.57358838877027
Train,2.77774545185462,2.77788293920295
Train,2.97219472666659,2.97260124865189
Train,3.1564477024956,3.15690721824122
Train,3.33166562328908,3.33201735113308
Train,3.4981351671716,3.49856843696963
Train,3.65666761488349,3.65708605413439
Train,3.80798179269646,3.80767016586307
Train,3.95224548285089,3.95286666338344
Train,4.09024016583838,4.09081379748224
Train,4.22207832124006,4.22248719911496
Train,4.34830030118167,4.34869733868092
Train,4.46938937073266,4.46963563551454
Train,4.58539909567401,4.58610986053665
Train,4.69688536710317,4.69699623788821
Train,4.80387390334524,4.80415939266296
Train,4.90685601471269,4.90697708899662
Train,5.00583615499794,5.00573375980658
Train,3.12498922093813,3.12641376060329
Train,3.25775809046625,3.25793923955481
Train,3.38561382311721,3.3864281758999
Train,3.5088241819059,3.5094150675961
Train,3.62763781977791,3.62805369292092
Train,3.74213332437832,3.74309580834434
Train,3.85283645428167,3.85327985871683
Train,3.95978980346664,3.96022293420011
Train,4.06318072007727,4.06351980287055
Train,4.163184276214,4.16400214513689
Train,4.2599642572173,4.26034628919498
Train,4.35367405680106,4.355078029361
Train,4.44445748832653,4.44472469004378
Train,4.53244952124125,4.53314258725205
Train,4.61777695061478,4.6186365663618
Train,4.70044850677974,4.70180956116584
Train,4.7808006351125,4.78097146799174
Train,4.8588251926334,4.85915564790977
Train,4.93462187004641,4.93473431945514
Train,5.00828474513783,5.00848885390425
Train,4.42390794963588,4.42337779707142
Train,4.46697631783282,4.46608028673492
Train,4.50925459024382,4.50872649565118
Train,4.55076431089625,4.55048856086634
Train,4.59152624760039,4.59123782782464
Train,4.63143643314661,4.63119524705527
Train,4.67076435640498,4.67082576549202
Train,4.70940242199662,4.70861541287214
Train,4.74736862347034,4.74658107444903
Train,4.78468033400134,4.78395762359852
Train,4.82135433289893,4.82140918245769
Train,4.85740683076662,4.85724023370332
Train,4.89285349339383,4.89272322809685
Train,4.9277094644531,4.92762769117163
Train,4.96198938707212,4.96146614736628
Train,4.99560291635719,4.99553496937934
Train,5.02877446304548,5.02847729905826
Train,5.06141104680405,5.06133192396211
Train,5.09352550526689,5.09329864195225
Train,5.12513026857055,5.1248014731411
Train,3.88016110686573,3.87973484245432
Train,3.95536563569093,3.95579444802771
Train,4.02833756226135,4.02794056971671
Train,4.09917485156568,4.09991927580469
Train,4.16781139556268,4.16708747307913
Train,4.23465558184553,4.23447339759715
Train,4.29962651764113,4.29981342660741
Train,4.36280185916166,4.36281846304902
Train,4.42425502877288,4.42434208188407
Train,4.48405549965283,4.48387020706124
Train,4.54213484531608,4.54218387248894
Train,4.59882732288789,4.59844357134554
Train,4.65405421051519,4.65448333080186
Train,4.70787161469405,4.70758133820547
Train,4.76033281414033,4.76034781529799
Train,4.81148843572382,4.81176662962226
Train,4.86127146244878,4.86082312368873
Train,4.90996078374859,4.91022637697662
Train,4.95748196854741,4.95750388028156
Train,5.00387655679908,5.00354772756529
Train,2.12769317906464,2.12589887418127
Train,2.36390161415898,2.36307749327008
Train,2.58562185762895,2.58540650519918
Train,2.79464475158075,2.79432248140639
Train,2.99179519351995,2.99124865067116
Train,3.17805677825856,3.17720158328867
Train,3.35409691643887,3.35434833588644
Train,3.52113335560815,3.51991435225701
Train,3.67964974095875,3.67991975774768
Train,3.83028173636688,3.8301064611098
Train,3.97343171348775,3.97259708979456
Train,4.10997046470525,4.10988736383862
Train,4.24018928780956,4.23983811820127
Train,4.36451705028823,4.3648317100544
Train,4.4832020946795,4.48283930103045
Train,4.59689276717836,4.59691837836928
Train,4.70576682712876,4.70488326709002
Train,4.81012401562257,4.81052425418803
Train,4.9101193604267,4.90981278506862
Train,5.0062517405904,5.00567911030722
Train,2.12650841334914,2.12656279136191
Train,2.36434938779084,2.36436727259771
Train,2.58759476286287,2.58717712671042
Train,2.79733935638551,2.79722391090964
Train,2.99516529710068,2.99472155923851
Train,3.18187422137519,3.18144654434783
Train,3.35837761522866,3.35835480081206
Train,3.52548997165255,3.52500940467345
Train,3.68378321289555,3.6836489295658
Train,3.83423782109083,3.83371795714467
Train,3.97727881422506,3.97693494071992
Train,4.11344097288535,4.11312191155431
Train,4.243079010143,4.24293630286248
Train,4.36689858265792,4.36637230239486
Train,4.48516417688475,4.48493548597454
Train,4.59824128467914,4.59799349501028
Train,4.70646401692559,4.70611883783769
Train,4.81003440688476,4.80986017059169
Train,4.90944551216138,4.90934176997527
Train,5.00484702838629,5.00410673163989
Train,2.13783291267389,2.13724669113636
Train,2.37395814931301,2.37304226870966
Train,2.5960497672077,2.59475130749544
Train,2.80488507339801,2.80397546944206
Train,3.00182261398242,3.00100511860202
Train,3.1880461009014,3.1863670501427
Train,3.36403695641809,3.36353945276843
Train,3.53096607137094,3.53024889147329
Train,3.6891828863548,3.68846101041182
Train,3.83950998918753,3.83908120461839
Train,3.9826736898442,3.98260624732412
Train,4.11888698121908,4.11849623517102
Train,4.24878067232548,4.24873964952914
Train,4.37291532114759,4.37187032531639
Train,4.49141543921868,4.49173381951024
Train,4.60489522090665,4.6052323266542
Train,4.71343769892355,4.71389119358192
Train,4.81746794767962,4.81801359117363
Train,4.91736706323598,4.91706946197356
Train,5.01317359845264,5.01313420986681
Train,2.12973519737458,2.13271580197962
Train,2.34693223809566,2.34739510109122
Train,2.5537827245844,2.55460309022802
Train,2.75100877109727,2.75127126312346
Train,2.93926682188742,2.94047855372829
Train,3.11894251808914,3.11896321632431
Train,3.29101591273333,3.29142244224769
Train,3.45576441896453,3.4566152352838
Train,3.61364600247671,3.61370609852949
Train,3.76508123119673,3.76522789543216
Train,3.91045701631707,3.91080654271556
Train,4.05012991306222,4.0504124284109
Train,4.18442904047433,4.18499700645972
Train,4.31365867055238,4.31418315934044
Train,4.43810052961983,4.43797235789881
Train,4.55787365416001,4.55790939189156
Train,4.67351003348212,4.67372805276883
Train,4.78508771463573,4.78505233105008
Train,4.89281669543899,4.89261558566633
Train,4.99689273222612,4.99664156521086
Train,2.12944251813937,2.13061716493959
Train,2.36258742963163,2.36335054017965
Train,2.58217601405236,2.58234540299073
Train,2.78935722718863,2.79035885519462
Train,2.98494380580783,2.98549320320145
Train,3.17028002028445,3.1706491463685
Train,3.34596214273818,3.34642148811164
Train,3.51272534272185,3.51316719104053
Train,3.67123199237962,3.6715053876671
Train,3.82208045938805,3.82211256650972
Train,3.96565791946239,3.9661383937184
Train,4.10277285462389,4.1029234230684
Train,4.23371064372566,4.23398696739442
Train,4.35887951977772,4.35901192080038
Train,4.47865251894029,4.47899137603073
Train,4.59337119372083,4.59346398710678
Train,4.70323011432451,4.70343723237075
Train,4.80875949195975,4.80900954645605
Train,4.91010062783055,4.91019622951918
Train,5.00749800435924,5.00742260948229
Train,2.13127603328011,2.13087928486331
Train,2.36007196669116,2.36013285292776
Train,2.57639609124244,2.57628264615615
Train,2.7807862072374,2.78066535806848
Train,2.97441846338933,2.97444289188408
Train,3.15812042375489,3.15823832212683
Train,3.3328313478764,3.33278433143479
Train,3.49882509191766,3.4987738192851
Train,3.65691426441176,3.65686730970466
Train,3.80765035442331,3.80758001326668
Train,3.95169541278685,3.95167782395057
Train,4.08917776891722,4.08925890951488
Train,4.22068270555645,4.22066866174483
Train,4.34659175548018,4.34653042786359
Train,4.46738968179708,4.46723823129124
Train,4.58312216995324,4.58320845342515
Train,4.69422551729655,4.6941204511697
Train,4.80097201707506,4.80102410621677
Train,4.90372806329322,4.90365936725558
Train,5.00249164357716,5.00244291494001
Train,3.74212698727728,3.74210072214029
Train,3.82795253145181,3.82739701400188
Train,3.91111746774402,3.91136227047374
Train,3.99174362677898,3.99171333931573
Train,4.06980286768288,4.06973793689959
Train,4.14569239525475,4.14455281118918
Train,4.21936661936617,4.21944765531426
Train,4.29092114552115,4.2907860362595
Train,4.36044615586632,4.36100913010361
Train,4.42802678837315,4.42772261128104
Train,4.49362346226042,4.49361385488211
Train,4.55755553008452,4.55755511352819
Train,4.61977157804481,4.62008459561022
Train,4.68033978149179,4.67997381044025
Train,4.73932475161255,4.73933221600802
Train,4.79678776534111,4.79688381266006
Train,4.85268459388378,4.8525735168607
Train,4.90727779343434,4.9073258769915
Train,4.96051481179055,4.96058521011056
Train,5.01244556349468,5.01208576458358
Train,2.06775960739239,2.06892808037284
Train,2.33537302512907,2.33537382981577
Train,2.58183561670268,2.58203984853955
Train,2.80905400802637,2.8091911753456
Train,3.01943123996932,3.0197123862292
Train,3.21477277353868,3.21499141354999
Train,3.39683788380617,3.39732129721434
Train,3.56655596424399,3.566672389805
Train,3.72531913927744,3.72563950521563
Train,3.87415491757298,3.8744582566853
Train,4.01412292998609,4.01439982244684
Train,4.14569727085948,4.14605053244142
Train,4.26975007183713,4.27015108354518
Train,4.38690837155735,4.38719313567545
Train,4.49785604627757,4.49827637325708
Train,4.60283765460804,4.60313302577398
Train,4.7024338187161,4.70271094601613
Train,4.79704857653756,4.79727727425617
Train,4.88714803790167,4.88722310121212
Train,4.97285429252283,4.97304012047808
Train,2.82556355354427,2.82585715818115
Train,2.98792999332475,2.98798162959994
Train,3.14289600246491,3.14296799194764
Train,3.29095625920367,3.29121314724235
Train,3.43256231402501,3.43314000276788
Train,3.56812718943482,3.56805380564239
Train,3.69802940332793,3.69848522451704
Train,3.82261649849118,3.82280331933199
Train,3.94220814754943,3.94230871421879
Train,4.05709889176424,4.05732055156678
Train,4.16769251188528,4.16777649908746
Train,4.27397143696865,4.27448276205015
Train,4.37630544764867,4.37636243119979
Train,4.47491018573962,4.47523608993125
Train,4.56998585740224,4.57012403391328
Train,4.66171858996953,4.66162380542866
Train,4.75028164812387,4.7503778995144
Train,4.83583652614616,4.83582722552293
Train,4.9185339307239,4.91858507846174
Train,4.99851466690141,4.99858626842089
Train,2.12618448920161,2.12568781209321
Train,2.36018367315486,2.35974022354477
Train,2.58041070802632,2.57952674245299
Train,2.78804668782429,2.78607906035742
Train,2.98435252379794,2.97711821251343
Train,3.16983096420754,3.16743237226384
Train,3.34554291288489,3.33613082767826
Train,3.5122399734953,3.50878173580915
Train,3.67059855665392,3.66238590932172
Train,3.82122905370021,3.81871019365846
Train,3.9648387757476,3.96180220080915
Train,4.10161128164104,4.10075203232028
Train,4.23216455446367,4.23095961770943
Train,4.35691335979793,4.35604845101826
Train,4.47623638388567,4.47446786458223
Train,4.59048007318574,4.58951277306024
Train,4.70008070678024,4.6993396769669
Train,4.80508769499449,4.80437215034746
Train,4.90589312878991,4.90514773246306
Train,5.00274423197138,5.0021136684065
Train,2.01551279585143,2.01542739290945
Train,2.29286043451065,2.29203713635635
Train,2.55001516212107,2.5498712386454
Train,2.78910480283114,2.78869130873337
Train,3.01217090119193,3.0119633977176
Train,3.22039290160047,3.22002429899131
Train,3.41538216713398,3.41523704071207
Train,3.59836128159368,3.59796972443493
Train,3.77040672102396,3.77020087822367
Train,3.93247004672183,3.93232064608511
Train,4.08553531602062,4.08504936839946
Train,4.23006702167173,4.22989950314715
Train,4.36688454474247,4.3667878374492
Train,4.49658943279684,4.49614326664433
Train,4.61972227348993,4.61966136806788
Train,4.73677022574812,4.73668307342288
Train,4.84827573278228,4.84808545475445
Train,4.95442820875158,4.95440503081246
Train,5.05569703774393,5.05549687217191
Train,5.15241165704906,5.15229031186592
Train,2.32873264544486,2.3291126441056
Train,2.38449831992033,2.38504832545933
Train,2.43938170270433,2.43933758995464
Train,2.49340356810746,2.49334786435267
Train,2.54636139325193,2.54650501291163
Train,2.59872341108727,2.59856795256402
Train,2.65028237206533,2.65043443286251
Train,2.70105660987561,2.70116299875573
Train,2.75106390434794,2.75086893841418
Train,2.80032150221081,2.80060035117114
Train,2.84864290857491,2.84873612757129
Train,2.89645380998679,2.89640930927836
Train,2.94356368479989,2.94353514862652
Train,2.98998783898982,2.9901495916367
Train,3.03574113617102,3.0356449606281
Train,3.08083801346312,3.08114332798342
Train,3.12510625537951,3.12495762769159
Train,3.16893459849484,3.16900038389778
Train,3.21214736769743,3.21214903567508
Train,3.25475744125418,3.25531977417469
Train,3.56004569290789,3.56061638633965
Train,3.63981717515835,3.63933484459832
Train,3.71704564595918,3.71746583632031
Train,3.79215805722753,3.79185210340275
Train,3.86509031487225,3.86510689339613
Train,3.93579079456096,3.93600204486776
Train,4.00464221717891,4.00452202624202
Train,4.07144130508955,4.07169761551105
Train,4.13654506296769,4.13639521378919
Train,4.19988691351634,4.20004994952452
Train,4.26141096190037,4.26099784804156
Train,4.32144029626708,4.32196288609176
Train,4.3799083869084,4.3797961978
Train,4.4367584420021,4.43692163405123
Train,4.49228431814828,4.49222711358217
Train,4.54630912005329,4.54641091958748
Train,4.59910940874723,4.59890190458665
Train,4.6506202378172,4.65074115649824
Train,4.7007850239268,4.70077137698737
Train,4.74985715319459,4.74979225520129
Train,2.2572648626249,2.25916067579075
Train,2.34607341327384,2.34627479550383
Train,2.43309478178628,2.43328664438214
Train,2.51785910581673,2.51841809279196
Train,2.60096223625691,2.60050696230447
Train,2.68195242850527,2.68232871249185
Train,2.76139612129789,2.76315782216462
Train,2.8388587499106,2.83844456284188
Train,2.91464596919438,2.91464830731112
Train,2.98904011874727,2.98952754164767
Train,3.06163075024979,3.06218496351559
Train,3.13291980817609,3.13283522697949
Train,3.20251191030356,3.20243157270144
Train,3.27067613539832,3.27171833973099
Train,3.33766190039194,3.33743728860483
Train,3.40309500042276,3.4034443267503
Train,3.46742347237164,3.46726900573977
Train,3.53028636105219,3.53070046864578
Train,3.59211258131978,3.59280004814192
Train,3.65255377507985,3.65221746869994
Train,2.12990039761091,2.12955304630506
Train,2.35479666087574,2.35479396839784
Train,2.56764181330797,2.56783445905804
Train,2.76978336194458,2.76936053047594
Train,2.96181638017785,2.96188856275895
Train,3.14429765023518,3.14437793346789
Train,3.31827101272817,3.31793106701863
Train,3.48415131556952,3.48413468489726
Train,3.6423315689734,3.64225680964065
Train,3.79363932600679,3.79357093032578
Train,3.93836736880642,3.93822236103935
Train,4.07693574886826,4.07669400104552
Train,4.20959600713684,4.20965230400017
Train,4.3369741436038,4.33684716749323
Train,4.45925625469796,4.4590707794434
Train,4.57662389961421,4.57655116050429
Train,4.68959485291794,4.68958839731769
Train,4.7983019584441,4.79844377755418
Train,4.9028766539762,4.90247112230483
Train,5.00375340276404,5.00368905307388
Train,2.12842946653502,2.12852065021272
Train,2.35910033691548,2.35899596803048
Train,2.57687133472544,2.5767811653188
Train,2.78239793936068,2.78255749785077
Train,2.97687224821104,2.9764334994272
Train,3.16134064482579,3.16136733505683
Train,3.33621728887425,3.33634556721355
Train,3.50255292155652,3.5024584394616
Train,3.66065175353165,3.66082865495101
Train,3.81125662124315,3.81138888534971
Train,3.95502734303515,3.95512753489876
Train,4.09215241056984,4.09262955531286
Train,4.22320927731757,4.22311873639975
Train,4.34871384122617,4.34909737884137
Train,4.46877805243446,4.46921019745261
Train,4.58397180285985,4.58447630996144
Train,4.69437060253124,4.69461389516638
Train,4.80037074780407,4.8007210698872
Train,4.90232916285204,4.90250485992711
Train,5.00028173544128,5.0000714164291
Train,2.12784567274977,2.12858656980662
Train,2.35484616147948,2.35427088099296
Train,2.56933435091723,2.5685942619186
Train,2.7727449088423,2.77273416260342
Train,2.96571083793611,2.96500969253085
Train,3.14901646046436,3.14923344860491
Train,3.32318559480437,3.32289839691131
Train,3.48923491637245,3.48902859709252
Train,3.64755187676198,3.64752915988557
Train,3.79866429193418,3.79905912713567
Train,3.94290038097987,3.94274794110444
Train,4.08101095571973,4.08107911789758
Train,4.21323798880881,4.21300443330457
Train,4.3399495995671,4.34008986688624
Train,4.46135511794328,4.46072996853237
Train,4.57802802580031,4.5780452781166
Train,4.69012076815346,4.6899755663455
Train,4.7978978547793,4.79774884641139
Train,4.90149381316999,4.90142590616071
Train,5.00135907815631,5.00088297282692
Train,2.4198740384319,2.41953613367715
Train,2.50139218192443,2.50134152718439
Train,2.58136051570873,2.58058625399846
Train,2.65937707085773,2.6581403334587
Train,2.73572919864248,2.73502811396448
Train,2.8106827113128,2.81098140079322
Train,2.88385745996966,2.88289868146441
Train,2.95572391030835,2.9562368663048
Train,3.02591557102342,3.02583382551003
Train,3.09468565130097,3.09496247417902
Train,3.16226916336365,3.16069192546839
Train,3.22831884874349,3.22806627869269
Train,3.29307031720138,3.29273488254895
Train,3.35674265710888,3.35627749874967
Train,3.41900646226232,3.41844188807064
Train,3.48025586699971,3.47976977455093
Train,3.54017266275737,3.54049656839035
Train,3.59896700316905,3.598944404099
Train,3.65683488080912,3.65621730754557
Train,3.7134738918094,3.71279020743369
Train,2.42854043178117,2.42771641724013
Train,2.53900746604855,2.53949732450038
Train,2.64680584840788,2.6448412786469
Train,2.75158750287432,2.75217618497683
Train,2.85369247863248,2.85393822985699
Train,2.95343247890253,2.95240881937044
Train,3.05047765717715,3.05061065663377
Train,3.14533553120596,3.14565918907302
Train,3.23768791127301,3.23714218159349
Train,3.32782285607784,3.32827168996865
Train,3.4160054702483,3.41534787872134
Train,3.50193425021025,3.50203051455375
Train,3.58587160353833,3.58616827861098
Train,3.6680595687953,3.66727499697137
Train,3.74821236356141,3.74865732515738
Train,3.82673594672038,3.82643823607779
Train,3.9033544889321,3.90356192027158
Train,3.97829469540439,3.97777717823393
Train,4.05176640483454,4.05217081871361
Train,4.12350793647515,4.12254411025989
Train,3.74139660136355,3.74197964356991
Train,3.82753447976949,3.82710082936156
Train,3.91080843698549,3.91134612522929
Train,3.99166296106769,3.99145734545729
Train,4.07005395917321,4.07023597777717
Train,4.14594912086399,4.14617708553689
Train,4.21974341463277,4.21950533864421
Train,4.29125251104537,4.29096157088335
Train,4.36084287761804,4.36079571295542
Train,4.42846289161257,4.42852297235569
Train,4.49407113470028,4.49436292708034
Train,4.55799682903202,4.55793332654704
Train,4.62018625108409,4.62003338307314
Train,4.68059501580697,4.6803938826508
Train,4.73952057163948,4.73968163719675
Train,4.79679997804304,4.79676895785652
Train,4.85271203185112,4.85305283313411
Train,4.907201961366,4.90699385514582
Train,4.96022304544931,4.96009219075332
Train,5.01202926980227,5.01211647337751
Train,2.88911557643573,2.88979130074787
Train,3.05962748130459,3.0595804784227
Train,3.22047308152307,3.22010157499809
Train,3.3720631289335,3.37259314871172
Train,3.51554106395864,3.51510101053847
Train,3.65119283043496,3.65222613537318
Train,3.77997154483437,3.77872897037579
Train,3.90207275902964,3.90237075527895
Train,4.01830075138574,4.01833789133726
Train,4.12878494634839,4.12917511438192
Train,4.2342115099948,4.23407700994923
Train,4.33466110413301,4.3348390579251
Train,4.43072491929808,4.43092487238229
Train,4.52244744600113,4.522549879681
Train,4.61034258453423,4.61043539463045
Train,4.69442789027478,4.69464709171208
Train,4.7751536771242,4.77538301324804
Train,4.85251740939255,4.8524047597659
Train,4.92691656631781,4.92690283932662
Train,4.99833363775753,4.99844952150871
Train,2.11698502778085,2.11703507728654
Train,2.34789472361745,2.34774478139863
Train,2.56563727722163,2.56550021927452
Train,2.77174753904404,2.77199039501485
Train,2.96671592425451,2.96642282201921
Train,3.15181768197495,3.1518942388013
Train,3.32740680896714,3.32728501424409
Train,3.4945559013555,3.49455264727131
Train,3.65351794601538,3.65336570449855
Train,3.80520503511604,3.80522882139322
Train,3.94979465214421,3.94966972851236
Train,4.08807009533258,4.08811770369558
Train,4.2201519681196,4.22009427425493
Train,4.3467189871561,4.34671910808012
Train,4.46784863765661,4.46783202524804
Train,4.58413379296975,4.5840595280699
Train,4.69561909861594,4.6955914556731
Train,4.80282626612044,4.80282426118557
Train,4.90577485144478,4.90572862410974
Train,5.00492703790887,5.00490126561109
Train,2.0285747208774,2.0291639238878
Train,2.34161043339605,2.34150463042007
Train,2.62161281605078,2.62181208716557
Train,2.87402753936587,2.8740136729086
Train,3.10230512409291,3.10210102665061
Train,3.3101459755133,3.31029969793436
Train,3.49981375741039,3.49968608467881
Train,3.67392536081534,3.67411950115476
Train,3.83401158731738,3.83409189346841
Train,3.98198565608937,3.98187172118761
Train,4.11890814455753,4.11933378515297
Train,4.2462177259299,4.2464195133418
Train,4.36466349270322,4.36465896466162
Train,4.47535367181874,4.4751128973132
Train,4.57882541247595,4.57902555202073
Train,4.67595040343839,4.67614913203416
Train,4.76711825971212,4.7668717718827
Train,4.85302723982855,4.853210173331
Train,4.93396224152703,4.93390097883658
Train,5.01049165501075,5.01044006334834
Train,3.83998478964401,3.83920330369275
Train,3.91735431805658,3.9178505881666
Train,3.99249765536527,3.99226563255271
Train,4.06565404850459,4.0655679383619
Train,4.13661985190469,4.13668313155923
Train,4.20562825988225,4.20605842057759
Train,4.27275915477953,4.27189366395597
Train,4.338088130555,4.33778395017563
Train,4.40181279025241,4.40198660480947
Train,4.46374568120263,4.46378369157375
Train,4.52408056070796,4.52410288164375
Train,4.58287848958547,4.58245239995287
Train,4.64031110479769,4.64087572612535
Train,4.69620341304164,4.69611893312159
Train,4.75072437417168,4.75075115828641
Train,4.80392384661809,4.80432225995738
Train,4.85584930079682,4.85548407455482
Train,4.90664655398535,4.90639680110527
Train,4.95615518841342,4.95624387574409
Train,5.00451933239256,5.004362857848
Train,3.8413016720303,3.84154933056035
Train,3.91877116735842,3.9185500159385
Train,3.99385238120107,3.99367466253735
Train,4.06693453708367,4.06719871846345
Train,4.13795952610887,4.13790421212453
Train,4.20688026002873,4.20671494746258
Train,4.27404679753858,4.27408796564324
Train,4.33939923224341,4.33940916480625
Train,4.40288773185486,4.40268588885939
Train,4.4648288925544,4.46450722533174
Train,4.52516218105871,4.52506470823774
Train,4.58394940107347,4.58370170499094
Train,4.64113894360831,4.64104267571948
Train,4.69700986172568,4.69691588510087
Train,4.75150202410989,4.75119796922282
Train,4.80456347262778,4.804617281816
Train,4.85644938898578,4.85651989529125
Train,4.90710056535766,4.90679153792572
Train,4.95646527679404,4.95658572716112
Train,5.004777820559,5.00422370755242
Train,2.53021971250433,2.53029818331762
Train,2.76895151406682,2.76902712567809
Train,2.98635448432316,2.98588244545518
Train,3.18553741246981,3.18589762546818
Train,3.36852679966304,3.36802932218617
Train,3.53706183927051,3.53725574002075
Train,3.69308345281889,3.69299429004078
Train,3.83766253096543,3.83716739323264
Train,3.97226711670387,3.97234811859581
Train,4.09777628737314,4.09778322498297
Train,4.21497087460185,4.21481421187328
Train,4.32485850597542,4.32481781352018
Train,4.42800401903014,4.42769140254151
Train,4.52491743115182,4.52523371056869
Train,4.61632041254969,4.61642020631754
Train,4.70250591207801,4.70198170654677
Train,4.78406325604814,4.78423656084689
Train,4.86128191328156,4.86121889423358
Train,4.93442940909931,4.9343260825901
Train,5.00395183231247,5.00380997069279
Train,2.1256789941219,2.12508841989821
Train,2.34147672774837,2.34140258235694
Train,2.54717971470107,2.54717393590018
Train,2.74388678450879,2.74360649231877
Train,2.93198044309296,2.93201155612606
Train,3.11201431559259,3.11212163383808
Train,3.28431688145789,3.28424106780423
Train,3.44971829454415,3.44975082265793
Train,3.60846017031838,3.60843576003227
Train,3.76093676996648,3.7609223067686
Train,3.90735972793643,3.90728888165014
Train,4.04837509909494,4.04858509186507
Train,4.18413580889384,4.18400478804889
Train,4.31493019219789,4.314976488886
Train,4.44089482707496,4.44084012073491
Train,4.56254510741394,4.56252025219711
Train,4.67997665125368,4.67995828572222
Train,4.79340517192868,4.79338661441053
Train,4.90291785763055,4.90317845289447
Train,5.00893455248677,5.00840400867147
Train,2.12234235156832,2.12340344835158
Train,2.33432837449666,2.33363538881005
Train,2.53734969957332,2.53795535526862
Train,2.73155234538943,2.73156449971995
Train,2.9176952191061,2.91803376008667
Train,3.09645878478206,3.09715331651224
Train,3.26791011726104,3.26796141022916
Train,3.4326630441845,3.43351721754353
Train,3.59127041195518,3.59150049624278
Train,3.74374640473846,3.7439132892816
Train,3.89059522592537,3.89107310171149
Train,4.03212274015086,4.03240871508953
Train,4.16875781139799,4.16909314971982
Train,4.30047010063914,4.30028105848234
Train,4.42765571561123,4.42798623879409
Train,4.55067453693822,4.55074697228903
Train,4.66947550784439,4.66961675360127
Train,4.78439377206992,4.78429013419574
Train,4.89573479151293,4.89568100505331
Train,5.00343392980118,5.00342170840141
Train,2.12151842484861,2.12213984980391
Train,2.3483905995244,2.34918218611912
Train,2.56309847992403,2.56399827720653
Train,2.76659484975689,2.76707626680055
Train,2.95991426868961,2.9607236754002
Train,3.14346135033684,3.14393077573023
Train,3.31812044395086,3.31867633218845
Train,3.48452186933008,3.48464272205657
Train,3.64323772118086,3.64344357930369
Train,3.79478844046019,3.79518506193036
Train,3.9397830447989,3.93946349453673
Train,4.07838022499195,4.07840484016398
Train,4.21111745932066,4.2112274608755
Train,4.33835869524785,4.33883282107691
Train,4.46043835296429,4.46055216474107
Train,4.57766426031683,4.57754154590858
Train,4.69042514292907,4.69042537055267
Train,4.79876935204435,4.79886236876174
Train,4.90304843110461,4.9030693560546
Train,5.00348695564886,5.00354414711748
Train,1.50644750280794,1.50750267062377
Train,1.62208970787843,1.62160675800825
Train,1.73435267572872,1.73413601845297
Train,1.84338239289296,1.84279223133691
Train,1.94931655625397,1.94970077730451
Train,2.05253769994081,2.05248952111853
Train,2.15265661642001,2.1530077960908
Train,2.25004917866215,2.24937630266705
Train,2.34482525345006,2.34532779014099
Train,2.43708888258762,2.43685687957824
Train,2.52693866388988,2.52721237137504
Train,2.61446810265634,2.61409791249954
Train,2.6997659362613,2.7002886092616
Train,2.78291643422989,2.78253248955135
Train,2.86399967593308,2.86424505620217
Train,2.9432861327958,2.94290565120374
Train,3.02045492155443,3.02063137816568
Train,3.09577419901031,3.09566318177732
Train,3.16930966890538,3.16912722226535
Train,3.24112395924308,3.24119541247838
Train,2.11507480032924,2.11564294920955
Train,2.28057692284563,2.28008708134276
Train,2.43949489392366,2.43980552467675
Train,2.59249640756329,2.59261998879284
Train,2.73963347605055,2.73980379767655
Train,2.8814990106399,2.88128161218466
Train,3.0181182667804,3.01838046219037
Train,3.15002081423819,3.15058244298253
Train,3.2773288183394,3.27725331522944
Train,3.40016443968929,3.40009683268928
Train,3.51897912727278,3.51880504839411
Train,3.63375421639971,3.63407612918874
Train,3.74489804107146,3.74494814747069
Train,3.85248042892122,3.85271138997106
Train,3.95657330072061,3.95680013529837
Train,4.05753077339021,4.05715275852182
Train,4.15531078314181,4.15585578770898
Train,4.25023697135582,4.25032037802358
Train,4.34226146635304,4.3421348945578
Train,4.43168113773658,4.4318051442917
Train,-2.35092337062336,-2.35058164886303
Train,-2.12971461454833,-2.12978074020956
Train,-1.91459454437282,-1.91371509774561
Train,-1.70531518963749,-1.70483880016926
Train,-1.50164186480364,-1.50209012151553
Train,-1.30335229134357,-1.30248560242925
Train,-1.1102357885409,-1.11109686108629
Train,-0.922092526807722,-0.922366610995403
Train,-0.738732837955355,-0.738298025012944
Train,-0.55997657741414,-0.559521488177586
Train,-0.385243607971775,-0.385241998950539
Train,-0.21519891008935,-0.215581224250661
Train,-0.0492682992833693,-0.0490661935926142
Train,0.112695745142354,0.112205050854948
Train,0.270833774232827,0.271867705300076
Train,0.425279776180655,0.425123945273492
Train,0.576161554961111,0.576033609677518
Train,0.723601083052447,0.723920362425099
Train,0.867714830287349,0.866826655563466
Train,1.00861407069894,1.00846821331853
Train,2.82455408199376,2.82350256220726
Train,2.98964563638818,2.98963803158605
Train,3.14673665638075,3.14614879698476
Train,3.29673425362447,3.2964892554539
Train,3.43994580343475,3.43969993414995
Train,3.57666653071268,3.57627001703642
Train,3.7076246190961,3.70772343404152
Train,3.83289215517622,3.83201583990941
Train,3.95310475024759,3.95321755218011
Train,4.06843118382072,4.06828489585151
Train,4.17903766857006,4.17890505231682
Train,4.28544974735908,4.28514628043032
Train,4.38778506079614,4.38776523219914
Train,4.48616150289017,4.48612048914421
Train,4.5810200400195,4.58090796898815
Train,4.67233784312079,4.67228283263304
Train,4.76051006172916,4.7605413212934
Train,4.84559943555379,4.84558211574969
Train,4.92767129396024,4.92754164456547
Train,5.00706408970801,5.00696356400132
Train,2.12639289157931,2.12564269114065
Train,2.34908337291617,2.34936190120626
Train,2.56031288618356,2.55968626004889
Train,2.76134265872727,2.76151232245521
Train,2.9527037789803,2.9524283543453
Train,3.13489622142483,3.13441733626515
Train,3.30890919060546,3.30781389695968
Train,3.47495058616417,3.47482478284129
Train,3.63387193050624,3.63351869083473
Train,3.78596994998897,3.7856375183712
Train,3.93152973800508,3.93118409370273
Train,4.07124221730126,4.07076654868271
Train,4.20531894425078,4.20424311034204
Train,4.33396576648384,4.33369637306734
Train,4.45775278579726,4.45751017328277
Train,4.57671242593098,4.57634053381318
Train,4.69135039128198,4.69004930068169
Train,4.80178752794454,4.80103121624253
Train,4.90814422853262,4.90805806675618
Train,5.01084765387236,5.01025293345648
Train,2.12007856582921,2.12058049999015
Train,2.34243320221836,2.34354742275374
Train,2.55358639444492,2.55360875155585
Train,2.75436378016118,2.75458892463049
Train,2.94551180118739,2.94619793206058
Train,3.1278793841406,3.12773089542881
Train,3.30172851121384,3.30158192023574
Train,3.46779950793909,3.46833029503451
Train,3.62660295094828,3.62608249961542
Train,3.77860568630502,3.77890236389995
Train,3.92423541322608,3.92411012435897
Train,4.06388470309687,4.06408763963392
Train,4.19791453331384,4.19767612740744
Train,4.32665740293744,4.32690707195635
Train,4.45042008677481,4.45010042066698
Train,4.56959925868044,4.56987110372776
Train,4.68422675243362,4.68417144629549
Train,4.79466334310539,4.79478584282534
Train,4.9011347404128,4.9008963358012
Train,5.00385073183236,5.00418609601021
Train,1.82145424255091,1.82176134425591
Train,1.9003363174597,1.90077572657011
Train,1.9776991889143,1.97756375910668
Train,2.05402941585559,2.05461314581245
Train,2.12890966337589,2.12856236943682
Train,2.2028098984058,2.20328504020127
Train,2.27532513644714,2.27455627997389
Train,2.34690959879145,2.34724531523008
Train,2.41717012809494,2.4166713375109
Train,2.48654598917055,2.48721284647964
Train,2.55465535654564,2.55488987667032
Train,2.6219232752941,2.62210962517039
Train,2.68797878276292,2.68731291255446
Train,2.75323339291977,2.75319898062863
Train,2.81732656148809,2.81767624289406
Train,2.88065691574832,2.88099969514789
Train,2.94287390845139,2.94258160755836
Train,3.00436388391471,3.00417342735292
Train,3.06478589225009,3.06574386605845
Train,3.12451456102766,3.12396733081388
Train,1.81901523993668,1.81891509644103
Train,1.89812677768063,1.89797802947052
Train,1.97571171263014,1.97627159258828
Train,2.052270255216,2.0524790739166
Train,2.12737149670813,2.1273057035307
Train,2.20149866077354,2.20133122785975
Train,2.27423359221494,2.2740494279844
Train,2.346043390677,2.34636385865653
Train,2.41673337978685,2.41645646946037
Train,2.4861215404836,2.48655336969224
Train,2.55465226736227,2.55506418417846
Train,2.62193699294537,2.62182804183086
Train,2.68840590162665,2.68870827956763
Train,2.75387713510043,2.75320045523605
Train,2.81818016630319,2.81817613669974
Train,2.88172511531986,2.88141751302666
Train,2.94415004660397,2.94400917462755
Train,3.00585248984949,3.00649498898766
Train,3.06648041642699,3.0657473142439
Train,3.12641934376298,3.12532875539747
Train,-0.008591696,-0.00815072179628951
Train,-0.595243713,-0.595259170784436
Train,-1.172871245,-1.17283998803194
Train,-1.741680939,-1.74123258627313
Train,-2.301873179,-2.30118318697149
Train,-2.853642325,-2.85335328095406
Train,-3.397176934,-3.39671507063921
Train,-3.932659979,-3.93268857804086
Train,-4.460269049,-4.46029179011911
Train,-4.980176551,-4.98023417455787
Train,-5.492549894,-5.4923580239354
Train,-5.997551669,-5.99727180311837
Train,-6.495339825,-6.49514326505031
Train,-6.986067826,-6.98651613612473
Train,-7.469884819,-7.46990716757299
Train,-7.946935775,-7.94695398643106
Train,-8.417361639,-8.41778854654493
Train,-8.881299472,-8.88055670664997
Train,-9.338882575,-9.33667937556837
Train,-9.790240625,-9.789287463276
Train,0.304775769,0.303629529373404
Train,-0.306968618,-0.306667361864845
Train,-0.895768706,-0.896718289526496
Train,-1.46289157,-1.46303271609739
Train,-2.009512672,-2.00920921529704
Train,-2.536723998,-2.53744466229344
Train,-3.045541335,-3.04518784287374
Train,-3.536910807,-3.53696344988001
Train,-4.011714742,-4.01188424402952
Train,-4.470776965,-4.47037856096884
Train,-4.914867564,-4.91531468014526
Train,-5.344707203,-5.34490241945767
Train,-5.760971024,-5.76101446856572
Train,-6.164292185,-6.16384007988544
Train,-6.555265073,-6.55478392980675
Train,-6.93444823,-6.93499814683472
Train,-7.30236701,-7.30186849419787
Train,-7.659516014,-7.66013737836855
Train,-8.0063613,-8.00598867029638
Train,-8.343342422,-8.34302213723803
