Dataset,log10(VaporPressure)[Pa],PredictedValues
Train,3.98175463770349,3.98145005126784
Train,4.04932305858101,4.04865410451597
Train,4.11477137842338,4.11485265856967
Train,4.17860035723072,4.17868176373517
Train,4.24067221089411,4.24105812652337
Train,4.30086758489531,4.30023658566855
Train,4.35964114957729,4.35962874009632
Train,4.4166798729731,4.41685701807941
Train,4.4724112241305,4.47196248431132
Train,4.52670703628025,4.52661892138562
Train,4.57945461972669,4.57921281452431
Train,4.63104506247912,4.63106001182163
Train,4.68135601189175,4.68141572761882
Train,4.73027910181263,4.73034860994298
Train,4.77817357460061,4.77790404312904
Train,4.82477472651115,4.82453244212442
Train,4.87042273192382,4.87055563476892
Train,4.9150046382442,4.91501158235982
Train,4.95841937623246,4.95786559820257
Train,5.00098128055359,5.00078017771224
Train,4.30010560133218,4.29992377396624
Train,4.34427184483812,4.34425631429107
Train,4.38778768455022,4.38774343124745
Train,4.43030624680307,4.43049423480837
Train,4.47203699184417,4.47194949256149
Train,4.51317506335072,4.51299313932608
Train,4.55339132856532,4.55347323251257
Train,4.59304985209152,4.59311044495402
Train,4.63183261108566,4.63164488055767
Train,4.66992863791146,4.67011370890972
Train,4.70751454903432,4.70754732526106
Train,4.74428797613294,4.74415154307857
Train,4.78042712158626,4.78045488650818
Train,4.81609875182695,4.81612309085025
Train,4.85101505180784,4.85099003536592
Train,4.88548978014872,4.88538583392286
Train,4.9192442673934,4.91920867756775
Train,4.9524406518283,4.95261409027293
Train,4.98523105115627,4.98511629596245
Train,5.01734972614166,5.01727678424717
Train,2.40723462755712,2.40764530844384
Train,2.56513503874003,2.56518271832314
Train,2.71499584705765,2.71483703914995
Train,2.85809116491507,2.85797809127174
Train,2.99422238692747,2.99427237706763
Train,3.1245013548171,3.1246814257523
Train,3.24870689808873,3.24847540092591
Train,3.36781737092902,3.3678056566699
Train,3.48186872181456,3.48198026799431
Train,3.59091739404102,3.59079792376573
Train,3.6957820955895,3.6957244332319
Train,3.79622041181391,3.79631826306135
Train,3.89296534689602,3.89313761156003
Train,3.98599522177954,3.98587825664648
Train,4.0753073026763,4.07542158329519
Train,4.16152919933199,4.16151636450226
Train,4.24442277125436,4.24493325048601
Train,4.3245575718585,4.32459795057943
Train,4.40170049422835,4.40155718193486
Train,4.47637078102655,4.47670017484992
Train,4.10463697882894,4.10499014995943
Train,4.17074900920869,4.17057585222787
Train,4.23497660616162,4.23508182229338
Train,4.29770749095443,4.29768695802553
Train,4.35884230168902,4.35876385103469
Train,4.41844118701092,4.41872636878392
Train,4.47641816646144,4.47623405272165
Train,4.53311737727362,4.53297409339788
Train,4.58844379215196,4.58879608047058
Train,4.64244667175736,4.64234773231723
Train,4.695043011095,4.69503319153077
Train,4.74654044024681,4.74669703367394
Train,4.79684857287659,4.79670637724334
Train,4.84600813762163,4.84600299419466
Train,4.89393954830248,4.89396919380155
Train,4.94091954065217,4.94080111029538
Train,4.98686243565959,4.98723869558884
Train,5.03180219976478,5.03163733902542
Train,5.07566286465291,5.07560990684064
Train,5.1186947810147,5.11863916689466
Train,2.12634095170165,2.12766786543792
Train,2.34917905981492,2.34941832370017
Train,2.56035803075609,2.56067505140012
Train,2.76139026157764,2.76155304510607
Train,2.95239751108316,2.95288764554638
Train,3.13467488148997,3.13502727841327
Train,3.3082685004719,3.30869160163123
Train,3.47429827157139,3.47489224148952
Train,3.63275550535709,3.6328957070385
Train,3.78461713835079,3.78597094019855
Train,3.92983478763237,3.93017533250017
Train,4.06926744332494,4.06966310051424
Train,4.20283811938457,4.2031330895937
Train,4.33130752773176,4.33191848940472
Train,4.45457827495476,4.4548768095286
Train,4.57332843424736,4.57339606454692
Train,4.68744629981927,4.68752849858933
Train,4.79753987412685,4.79756948652206
Train,4.90348769403999,4.90350814297411
Train,5.00583788977193,5.00566815700071
Train,2.88046290086084,2.88191916288119
Train,3.04228836074974,3.04288475803181
Train,3.19628974068213,3.19701017690235
Train,3.34302107544689,3.34323684123077
Train,3.4832325498699,3.48332217937999
Train,3.61687622512777,3.61783563918865
Train,3.74462833676121,3.74512308211919
Train,3.86687006926299,3.8673107430753
Train,3.98395041779922,3.98447289819373
Train,4.09618951576602,4.09668733150678
Train,4.20407234771843,4.20460609105643
Train,4.30748066459877,4.30811327418118
Train,4.40686293198251,4.40735990342213
Train,4.50244978259969,4.50259406876134
Train,4.59445456348642,4.59477914303929
Train,4.68307492563127,4.68338136182714
Train,4.76864591200637,4.76891289024055
Train,4.85102920804275,4.85113258759369
Train,4.93054057642846,4.93075918378448
Train,5.00732761990619,5.00759912366479
Train,4.27199914054099,4.27072577395878
Train,4.31623598492297,4.31624056832728
Train,4.35964691208702,4.35993439145235
Train,4.40207129247597,4.40224419863292
Train,4.44390164282583,4.44364019558483
Train,4.48497225214198,4.48480667388716
Train,4.52530363227296,4.52525813071255
Train,4.56491556326831,4.56476804789994
Train,4.60365943419434,4.60360056086787
Train,4.64189196601387,4.64178686238878
Train,4.67946023719595,4.67947810501786
Train,4.71638141017,4.71621831049046
Train,4.75251561722666,4.75296932916748
Train,4.78819439904288,4.78771933349921
Train,4.82327408468699,4.82327398340052
Train,4.85776963800905,4.85732232010772
Train,4.89169552863041,4.89177508941279
Train,4.9249218473152,4.92533055756425
Train,4.95775227308045,4.95754953775971
Train,4.99005362107623,4.98943853716113
Train,3.09879131504472,3.09994178614792
Train,3.20688447920261,3.20802931274587
Train,3.31154306993914,3.3125884022032
Train,3.41246156356073,3.4122370369499
Train,3.51006148459059,3.5103501746365
Train,3.60472197691417,3.60524780133195
Train,3.69615073797291,3.69656338862691
Train,3.78471441620538,3.78481540271454
Train,3.87074397403632,3.87170736627953
Train,3.95396123584687,3.95606519781208
Train,4.03468789935892,4.03427271327959
Train,4.11303412722585,4.11373141370344
Train,4.18927964615201,4.1901667254227
Train,4.26316533524953,4.26489562066339
Train,4.33496466732952,4.33483196052688
Train,4.40492634634553,4.41014775881771
Train,4.47280519298641,4.47306237956067
Train,4.5388452472855,4.53993356667919
Train,4.60326908747275,4.60458432440495
Train,4.66584492516523,4.66603148716817
Train,3.96385879113756,3.96409060877917
Train,4.03116913998356,4.03218645282899
Train,4.09679254901116,4.09706739914904
Train,4.16097275339707,4.16085725577281
Train,4.22340271714688,4.22343558218412
Train,4.28432479424751,4.28436459565122
Train,4.34379296336818,4.34449905446885
Train,4.40185865715212,4.40214076078913
Train,4.45873151067894,4.45859283689273
Train,4.51413342027608,4.51432711977608
Train,4.56827343444891,4.56843495417192
Train,4.62119418122334,4.62148887215366
Train,4.6730829929364,4.67295129021508
Train,4.72368238792407,4.7241872108228
Train,4.77317952343501,4.77328671068821
Train,4.82161002889709,4.82205814474431
Train,4.86900801452666,4.86912339836121
Train,4.91553769119185,4.91540983283116
Train,4.96096455506777,4.9609158454717
Train,5.00545297515671,5.00559203103543
Train,2.12788403567532,2.12812350637463
Train,2.36819302921465,2.36796768428607
Train,2.59329395614837,2.59339876742373
Train,2.80429609638261,2.80394947466479
Train,3.00302950148803,3.00309221776328
Train,3.19027589677673,3.19014055025977
Train,3.36700325018103,3.36670877228093
Train,3.53407374488209,3.53412856205463
Train,3.69203973961787,3.69185632331422
Train,3.8420392282288,3.84199431469673
Train,3.98446298509171,3.98457125617127
Train,4.11987079334068,4.11922778881702
Train,4.24859041874655,4.24850862439265
Train,4.37144496325803,4.3708688773207
Train,4.4886637951177,4.48826803366168
Train,4.60062601017576,4.60017322097914
Train,4.70767744922746,4.70756825034035
Train,4.80999225329507,4.80971374052237
Train,4.90814993845898,4.90812836856488
Train,5.00226797724252,5.00159634531732
Train,2.45586800616354,2.45662351502537
Train,2.57251913549492,2.57245030844782
Train,2.68671202655411,2.6868737274693
Train,2.79803906105356,2.79871867616233
Train,2.90684243391766,2.90697517582006
Train,3.0132069963619,3.01297525000913
Train,3.11743988539512,3.11797381375649
Train,3.21916161152615,3.21941342210115
Train,3.31867748144247,3.31862824135382
Train,3.41605847717184,3.41635472811535
Train,3.51157982113161,3.51154451296892
Train,3.60488779021973,3.60534977434358
Train,3.69625650938333,3.69646550050887
Train,3.78574581293894,3.78590706112513
Train,3.87360380836359,3.87377587444856
Train,3.95950033618228,3.95964884176132
Train,4.04368293011242,4.04351596587216
Train,4.12620238181459,4.12618429210701
Train,4.20728356602196,4.20747841415718
Train,4.28661786079396,4.28681210570934
Train,2.12510320565132,2.12573760490917
Train,2.36450590744654,2.36467835358993
Train,2.5892783729484,2.58931840381259
Train,2.80015256765738,2.80035127124787
Train,2.99891425619126,2.99906238926118
Train,3.1860716610347,3.18601969564619
Train,3.3630898001018,3.36335887746312
Train,3.53031782869707,3.53038131053321
Train,3.68897477126427,3.68929748876175
Train,3.83929528336276,3.83936338594352
Train,3.98230653579164,3.9824242641101
Train,4.11815993437227,4.1184206897727
Train,4.24773075530079,4.24785543732864
Train,4.37110940301977,4.3711249268475
Train,4.48904925728639,4.48928265713615
Train,4.60159577372393,4.60172523233117
Train,4.70940330455624,4.70945559904643
Train,4.8124840750195,4.81255996328249
Train,4.91141108866208,4.9115028467007
Train,5.00617198264477,5.00620374221975
Train,4.41854245835269,4.41769392837736
Train,4.45312992100964,4.4527082850312
Train,4.48741672547849,4.48750338156455
Train,4.52110957024481,4.52128230611774
Train,4.55436901596237,4.55375194529037
Train,4.58734772379609,4.58746620029919
Train,4.61976325975854,4.61981563148796
Train,4.65176973147504,4.65190924645716
Train,4.68351379848467,4.68316196877489
Train,4.71472330752752,4.7146529329278
Train,4.74554629886374,4.74555235596048
Train,4.77598990861288,4.77621612344805
Train,4.80619333922419,4.80640760341188
Train,4.83589729811518,4.83502030815938
Train,4.86524228622075,4.86515569441903
Train,4.89436228311218,4.89455942596609
Train,4.92300706156931,4.92308964242542
Train,4.95131184176319,4.95117958103432
Train,4.97940567258973,4.97961889465145
Train,5.00704692919741,5.00571201426495
Train,2.12870689177883,2.12889728911463
Train,2.35840003678672,2.35836692785082
Train,2.57506222723586,2.57489578376984
Train,2.78026925143138,2.78013415308882
Train,2.97443371611683,2.97488771645143
Train,3.15887135126489,3.15851139104992
Train,3.33386880351584,3.33417724954628
Train,3.50053789724489,3.50038631873607
Train,3.6592657938012,3.65930125391455
Train,3.81042252309549,3.81060465093682
Train,3.95488893636085,3.95520134702596
Train,4.09276268893165,4.092945908333
Train,4.22480683422564,4.22608538053677
Train,4.351228887892,4.35169861372045
Train,4.47223250935706,4.47297971796646
Train,4.58844237165059,4.5890797696687
Train,4.69986492072681,4.70056294148375
Train,4.80705183205883,4.80772956399445
Train,4.90998781878905,4.91072179984107
Train,5.00916328085571,5.0091094754301
Train,2.12358485252895,2.12517306054573
Train,2.35687510462215,2.35691505225108
Train,2.57630097507879,2.57677761761655
Train,2.7835463975625,2.78401219925066
Train,2.97914002944791,2.97928367804556
Train,3.16447083208418,3.16473549899669
Train,3.33991431861208,3.34053577248627
Train,3.50663138991981,3.5067122341737
Train,3.66507127915407,3.66586013613627
Train,3.81565865143579,3.81570967503861
Train,3.95930000469031,3.95942637742186
Train,4.09614307690385,4.09651845993571
Train,4.22696645354881,4.22716033586252
Train,4.35201155667451,4.35224652042811
Train,4.47151224480521,4.47178500950607
Train,4.58609866651922,4.58601020515411
Train,4.69580904864332,4.69611276220743
Train,4.80119612694177,4.80126215617051
Train,4.90227187880251,4.90231417646859
Train,4.99952458775658,4.99951066395655
Train,3.54158992248062,3.5417550437763
Train,3.64932670739794,3.64891133682462
Train,3.75211986612313,3.75203428796734
Train,3.85070847423054,3.85083068872185
Train,3.94514966718438,3.94524951793786
Train,4.03551265646732,4.03535663915167
Train,4.12241475598331,4.12240945721927
Train,4.20587791784939,4.20588337492367
Train,4.28593634000573,4.28584301437726
Train,4.36311315704935,4.36324300285045
Train,4.43740690585964,4.43733794054637
Train,4.50897617693706,4.50890589570403
Train,4.57782520133718,4.57784976325123
Train,4.64438162176282,4.64428462265127
Train,4.70862447931945,4.70866880129173
Train,4.77054367453595,4.77058152261665
Train,4.83051144087317,4.83046568825952
Train,4.88849790715506,4.8883393271993
Train,4.94448323047384,4.94455310387488
Train,4.99879439946019,4.99867250226665
Train,2.96861348794602,2.96686053194784
Train,3.12006243081936,3.11985611507984
Train,3.26476624008512,3.26420406505198
Train,3.40266121368909,3.40301823854164
Train,3.53445711150059,3.5341301454558
Train,3.66054982043774,3.65837189810039
Train,3.78152260636192,3.78030856131803
Train,3.89725686105017,3.89746169212807
Train,4.00828840077774,4.008600358606
Train,4.11489815131868,4.1134963268108
Train,4.21753284398514,4.21619706014675
Train,4.31604901785331,4.31538195711468
Train,4.41086311100029,4.41106595391315
Train,4.50217995229034,4.50114162942767
Train,4.59035105331564,4.59085236186942
Train,4.67522415541327,4.67458880889748
Train,4.75713090727361,4.75613987562459
Train,4.83622415071686,4.83614450989475
Train,4.91278683353426,4.91234121945885
Train,4.9866665259708,4.98589108601513
Train,3.73112152025016,3.73117850515913
Train,3.78505566398762,3.78494163368881
Train,3.83767877916289,3.83769724368025
Train,3.88948073095055,3.88943092377152
Train,3.94004384196557,3.94001292257812
Train,3.98983758678971,3.98985857656802
Train,4.03845933128003,4.03860953713442
Train,4.08635942430598,4.08612482668317
Train,4.13335100761955,4.13344618877667
Train,4.17926194807307,4.17912465740877
Train,4.22451603560118,4.22450459141541
Train,4.26874498367226,4.26871613498801
Train,4.31235618914258,4.31232425537959
Train,4.3551776152622,4.35528725063918
Train,4.39705010271392,4.39716888365578
Train,4.43835819269686,4.43828357122979
Train,4.47876383934296,4.47866209228809
Train,4.51863742212504,4.5186882252477
Train,4.55765197739223,4.55730433120183
Train,4.59616450056517,4.59592253439618
Train,3.37596356618039,3.376191496029
Train,3.43385252019318,3.43399235518731
Train,3.49038089165988,3.49026533201535
Train,3.54607214981692,3.54601714881059
Train,3.60070894756255,3.60075258000355
Train,3.65409103245976,3.65414003959298
Train,3.70671106027392,3.70640383479835
Train,3.75814070601598,3.75837458588134
Train,3.80885360351466,3.80891790084419
Train,3.85864962627429,3.85878517028535
Train,3.9073436005585,3.90756995281694
Train,3.95538263564551,3.95552146218173
Train,4.0025760387495,4.00269671638156
Train,4.04874695189893,4.04873754077047
Train,4.09431815382023,4.09424556490043
Train,4.13891553375531,4.1394834793376
Train,4.18294676083556,4.18315464359543
Train,4.22623552293009,4.22590282597806
Train,4.26861771268798,4.26842054338553
Train,4.31047981209282,4.31096354476753
Train,3.80648744678725,3.80677970575774
Train,3.88817414648541,3.88836233703327
Train,3.9673419079164,3.96723391261034
Train,4.04410547507773,4.04413829953623
Train,4.11857272703358,4.118979885838
Train,4.19084518374526,4.19049535376174
Train,4.2610184678258,4.26098079671496
Train,4.32918272663514,4.32923339171097
Train,4.39542301863376,4.39575382316829
Train,4.4598196674767,4.45959554328359
Train,4.52229338230476,4.52259933117088
Train,4.58323054925241,4.5830367516049
Train,4.64253958882269,4.64263475001493
Train,4.70028489160498,4.70034061737382
Train,4.75652749693512,4.75659709451642
Train,4.81132530811805,4.8113348167993
Train,4.86473329127436,4.86474912149273
Train,4.91680365924644,4.91681338576594
Train,4.96758604185765,4.96744249278558
Train,5.01712764369139,5.01726829570029
Train,3.95502014602191,3.95522208819815
Train,4.02500081959128,4.02498743985629
Train,4.09305442226825,4.09308052369519
Train,4.15907340829941,4.15919567482555
Train,4.2235091680474,4.22348275815815
Train,4.28624086887074,4.28628370500004
Train,4.34733522654095,4.34738370111367
Train,4.40685551903343,4.40680778473537
Train,4.46469864100186,4.46489274714471
Train,4.52125203507968,4.52122321439159
Train,4.57640252576081,4.57645872406132
Train,4.63020167561379,4.63016150078905
Train,4.68255079228133,4.68265031245241
Train,4.73379562519591,4.73373178087635
Train,4.78382929000936,4.78384149605185
Train,4.83269422403237,4.83275246931074
Train,4.88043090488689,4.88055924083013
Train,4.92694657720347,4.92681632427988
Train,4.9725438458373,4.97269348093536
Train,5.01712351890589,5.01703706084512
Train,4.29841779401732,4.29864220840167
Train,4.37576636230952,4.37651788642901
Train,4.45075305317021,4.4505056062429
Train,4.5231857571375,4.52330500220191
Train,4.5933367703075,4.59330489609632
Train,4.66131223366984,4.66132804128787
Train,4.72734756112364,4.72738919191974
Train,4.79126085126198,4.7911785566815
Train,4.85328020296701,4.85335062007502
Train,4.9134885715682,4.91347225598869
Train,4.97208470727067,4.9721753332727
Train,5.02889781816455,5.028959195812
Train,5.08412163022613,5.08418281852422
Train,5.13782191247937,5.13756218965713
Train,5.19016865083657,5.19038291667161
Train,5.24100222806338,5.24073016071119
Train,5.29048916075971,5.29063654458363
Train,5.33868226082581,5.33855274112861
Train,5.38572856464135,5.38591885288255
Train,5.43147925079419,5.43129954103855
Train,3.80634689857586,3.80636809789061
Train,3.88818389374431,3.88854319044398
Train,3.96747550726277,3.96745030304222
Train,4.04433867437772,4.0443337414093
Train,4.11888327566754,4.11880055750802
Train,4.19121266114529,4.19147185346295
Train,4.26142412832175,4.2613467926661
Train,4.32960935887922,4.32961031498629
Train,4.39585481807703,4.39604394894772
Train,4.46024212054759,4.46019034840205
Train,4.52300872452169,4.52304304974527
Train,4.58390245932309,4.58395499747561
Train,4.64315717150108,4.64350432054411
Train,4.70083815648239,4.7007556331358
Train,4.75700728682593,4.75710010584075
Train,4.81172323361019,4.81171303704317
Train,4.86504167085719,4.8653317335214
Train,4.91701546449018,4.916881592066
Train,4.96769484717344,4.96779546707543
Train,5.01712758024944,5.01695372889511
Train,2.12720289941401,2.12694861075064
Train,2.36895047556817,2.36875185874518
Train,2.59548052387839,2.5954850461479
Train,2.80765710218812,2.80741995220009
Train,3.00729918255065,3.00700211492798
Train,3.19501675556925,3.19433781427719
Train,3.37228899382507,3.37215120909817
Train,3.53954566493507,3.53828956839638
Train,3.69780982440076,3.6975517244376
Train,3.847975427811,3.84732737974476
Train,3.99029174654648,3.98996280814603
Train,4.12569721510124,4.12555214674134
Train,4.25436026838331,4.2537655297186
Train,4.37692578806624,4.37645849631948
Train,4.49396396148388,4.49357803135566
Train,4.60555980148241,4.60510088875011
Train,4.71235215167378,4.71217035266667
Train,4.81438775880535,4.81396232672918
Train,4.91222314216942,4.91206097485187
Train,5.0058764458363,5.00492965397492
Train,2.12577628543865,2.12523992775672
Train,2.35910542133341,2.35914048060871
Train,2.57855324877811,2.57870589958688
Train,2.78578953414083,2.78494314694248
Train,2.98136385622422,2.98135934239539
Train,3.16665168472096,3.16668438142946
Train,3.34204667520501,3.34210720026234
Train,3.50869701698244,3.50805765998879
Train,3.66706131847468,3.66608718949496
Train,3.81757200684407,3.8170916662369
Train,3.96112407600752,3.95920245976444
Train,4.09787862599108,4.08829355551856
Train,4.22860351212244,4.22578183063737
Train,4.35354693058741,4.34873203190577
Train,4.4729484448728,4.47049613917838
Train,4.58742855121314,4.58306746868979
Train,4.69703584038648,4.6928482366587
Train,4.80231404988286,4.79791892209536
Train,4.90328461943615,4.90105809721203
Train,5.00042743712401,4.99384153766945
Train,2.1252327531892,2.13083946282708
Train,2.35262959634089,2.3616339802414
Train,2.56774878669824,2.57151635061959
Train,2.77155853240541,2.77459046383077
Train,2.96511758587159,2.97068180685013
Train,3.14881931227696,3.15247717561064
Train,3.32356945527173,3.32682632926148
Train,3.49000675358271,3.49459413019062
Train,3.64871058829585,3.6526045593367
Train,3.8002077213954,3.80125917013205
Train,3.94512068778491,3.94575383588957
Train,4.08359654600292,4.08385202400526
Train,4.21618537723349,4.21635263524726
Train,4.34325478055089,4.34338237504047
Train,4.46514237411475,4.46548352089516
Train,4.5821587906009,4.58236486196469
Train,4.69470132429505,4.69482858562182
Train,4.80280802993744,4.80293050220129
Train,4.90683873015391,4.9068175834021
Train,5.00701967939389,5.00701528407657
Train,2.12563825515184,2.12592963738856
Train,2.35957580661594,2.35958565283212
Train,2.58003484437923,2.57983785889732
Train,2.78760067177418,2.78793441026059
Train,2.98388817134336,2.98364297747534
Train,3.16930290688473,3.16920612896351
Train,3.34518694965435,3.34500029188561
Train,3.51181632770522,3.51206639301958
Train,3.67011147006798,3.67009983237434
Train,3.82088143765786,3.82067351164218
Train,3.96427068415346,3.96416280096158
Train,4.10116975320082,4.10128357025163
Train,4.23166360433955,4.23163148523448
Train,4.35635636626489,4.35639691613536
Train,4.47578455163636,4.47576940944995
Train,4.58997152137304,4.58984030957648
Train,4.69954497021306,4.699581285697
Train,4.80450006980822,4.804556016605
Train,4.90539009692318,4.90531793450131
Train,5.00218930263703,5.00192425587951
Train,2.12939867670262,2.12986129522173
Train,2.34317312485391,2.34331479373062
Train,2.54732380204281,2.54758806939784
Train,2.74248627156825,2.74234070915039
Train,2.9292413378717,2.9289563525584
Train,3.10812081958014,3.10840848126676
Train,3.27961260727194,3.27919026542289
Train,3.44416510726636,3.4445264226691
Train,3.60219115666688,3.60173420412533
Train,3.75407148162967,3.75437922360501
Train,3.89996118436959,3.89976926591984
Train,4.04058605359105,4.04039150072853
Train,4.17604326244209,4.17588651755281
Train,4.30661252207658,4.30666003372093
Train,4.43255371475526,4.43234759719993
Train,4.55410862035029,4.55382342928564
Train,4.67150246554501,4.67133475586374
Train,4.78494531661465,4.78490002499015
Train,4.89463333390844,4.89440304341619
Train,5.00074990379376,5.00035271318333
Train,4.29664048019049,4.29691373432646
Train,4.37365588780181,4.37364315870795
Train,4.44823768943357,4.44822299540314
Train,4.5203392141586,4.52035846422799
Train,4.59039238254246,4.59038024702599
Train,4.65833204598888,4.65835996084783
Train,4.7242524298127,4.72426060182837
Train,4.78824224028073,4.78823290673094
Train,4.85024711697362,4.85041379299431
Train,4.91062567773854,4.91070820827948
Train,4.96931032269479,4.96929826103073
Train,5.0263713497548,5.02637104960953
Train,5.08175191326154,5.08175952848464
Train,5.13576480681074,5.13578271876971
Train,5.18834283744974,5.18836240330924
Train,5.23954243180047,5.23957892982648
Train,5.28941709609736,5.28941615278231
Train,5.33790953720273,5.33791213386061
Train,5.38528680582464,5.38530360045692
Train,5.43148383603301,5.43128907702552
Train,4.29937141013488,4.29935854436766
Train,4.37682219789931,4.37681166092656
Train,4.45173384738423,4.45173858104166
Train,4.52422920908456,4.52433397312629
Train,4.59442333415318,4.59431526611146
Train,4.66242408367159,4.66246365043329
Train,4.72833268168494,4.72829585754365
Train,4.79224421796532,4.79232412094128
Train,4.85424810575537,4.85411952266653
Train,4.91442849912591,4.91439773411397
Train,4.97286467404463,4.97291033349969
Train,5.02963137678428,5.02964160809128
Train,5.08479914289027,5.0847113596304
Train,5.13843458956968,5.1384530458948
Train,5.19060068405011,5.19062104664985
Train,5.24135699018136,5.24132657279037
Train,5.29075989531044,5.29083232393745
Train,5.33886281924671,5.33882024392218
Train,5.38571640694519,5.38568879998851
Train,5.43136870636914,5.43136218647336
Train,3.80292719277638,3.80353535191383
Train,3.88437856516371,3.88456082928891
Train,3.96337632575466,3.96367240789399
Train,4.04002969703647,4.04008841508979
Train,4.11444151356633,4.11452031922303
Train,4.18687393367971,4.18676923113739
Train,4.25708319310227,4.25702108693289
Train,4.32532567877965,4.32561761085739
Train,4.39168289208522,4.39163550822772
Train,4.45623189261983,4.45627180642472
Train,4.51904559673657,4.5190790721775
Train,4.58019305230894,4.58034206000442
Train,4.63973969191895,4.63985348481796
Train,4.69774756641705,4.69780380244478
Train,4.7542755606066,4.75432203553495
Train,4.80950583020654,4.80959011825538
Train,4.86323591520112,4.86334520782688
Train,4.91564581305726,4.91561462107924
Train,4.96678359019412,4.96675740102213
Train,5.01669500762288,5.01676028483265
Train,3.80561764372524,3.80566040869811
Train,3.88720640513784,3.88755296959638
Train,3.96647764657886,3.96664775887833
Train,4.04316928642668,4.04311672322214
Train,4.11757872739867,4.1178371614354
Train,4.18997538778694,4.1898706962805
Train,4.26011091214848,4.26030413008115
Train,4.32824858438096,4.32829277722189
Train,4.3946276582346,4.39468013661675
Train,4.45901319711333,4.45911726043627
Train,4.52163988787521,4.52177722817063
Train,4.58257883023192,4.58253076435207
Train,4.64203636402681,4.64226311834349
Train,4.69979460762681,4.69983399800034
Train,4.7560568274691,4.75605049090003
Train,4.81100895772219,4.81113134136316
Train,4.8644451496216,4.86439448495943
Train,4.91654906803902,4.91660956265181
Train,4.96748914879306,4.96765739375618
Train,5.01707087650369,5.01702440634685
Train,4.29926837072573,4.29956346034518
Train,4.3765189847937,4.37670848716001
Train,4.45140841274446,4.45139203670109
Train,4.52376583722763,4.52389656637237
Train,4.59398556820681,4.59408076905887
Train,4.66190041917752,4.66199481038924
Train,4.72787398891343,4.72795794830594
Train,4.79174320336244,4.79145698470378
Train,4.85372563062882,4.85401675026727
Train,4.91401903176114,4.91419939063266
Train,4.97246704161038,4.97238490079539
Train,5.02937065399834,5.02940761589192
Train,5.08457816591872,5.08472097412081
Train,5.13826701551487,5.13832118589411
Train,5.19059925354224,5.19069787900147
Train,5.2414302435442,5.24125516632042
Train,5.29101341218977,5.29127491996254
Train,5.33920880350811,5.33917124817375
Train,5.38625396759431,5.38603462244131
Train,5.43201355690896,5.43212413396972
Train,2.12722064098751,2.12854264048869
Train,2.36648512160242,2.36740002105429
Train,2.59108522115809,2.59182101749169
Train,2.80176800019963,2.80254292037565
Train,3.00031560119314,3.00091037680462
Train,3.18724847838958,3.18790770430345
Train,3.36402723453242,3.36458130966488
Train,3.53101118752063,3.53164832965043
Train,3.6894145845325,3.69004749167865
Train,3.83948070424567,3.83996011914345
Train,3.98223183490613,3.98279118376589
Train,4.11782682944623,4.118214190776
Train,4.2471361282419,4.2475274379561
Train,4.37025666284832,4.37057428296097
Train,4.48793711199598,4.48828276170601
Train,4.6002287231584,4.6005069864062
Train,4.70778133097119,4.70811544743841
Train,4.81061235358852,4.81080915086781
Train,4.90929048465327,4.90947573365915
Train,5.00380805803415,5.0039547362015
Train,1.39319080042102,1.39332982660775
Train,1.50113012877037,1.50084951638413
Train,1.6063474017394,1.60650602637756
Train,1.7089443058975,1.70889966269746
Train,1.80939333433093,1.80941853164617
Train,1.90702577795434,1.90693042256165
Train,2.00231441553937,2.00250441721286
Train,2.09534264564486,2.09520481596186
Train,2.18618995650004,2.18633062240255
Train,2.27493215252998,2.27487032061466
Train,2.36196746862453,2.36189893591139
Train,2.44670581466237,2.44672584518625
Train,2.52954664049928,2.5296427916422
Train,2.61055297632279,2.61044319307834
Train,2.68978509131488,2.68991505442531
Train,2.76730064319489,2.76731188488915
Train,2.84344013462197,2.84334712734048
Train,2.91767976021737,2.91770836997815
Train,2.99036167092162,2.99041126542792
Train,3.06153438429168,3.06172262207323
Train,1.56109793891969,1.56040174535368
Train,1.6656878982115,1.66589972673168
Train,1.7675620934572,1.76738626792789
Train,1.86682494454299,1.86718715126548
Train,1.96393878639749,1.96380342236656
Train,2.05826237692066,2.05817812733434
Train,2.15025779863353,2.15036595386331
Train,2.24001019922683,2.2402794708199
Train,2.32760062427873,2.32771489939327
Train,2.41310626134646,2.41290422271262
Train,2.49691438833093,2.4970542784998
Train,2.57846044761871,2.57825989230181
Train,2.65813257280663,2.65791332475996
Train,2.73599462483371,2.73613560788575
Train,2.81210759551406,2.81260746203619
Train,2.88652976687614,2.88631217205178
Train,2.95959056535686,2.9597635976373
Train,3.03078996389235,3.0307489149221
Train,3.10045878079482,3.1003268136686
Train,3.16864584584779,3.1690900378729
Train,0.344694174001131,0.345080428198652
Train,0.552936784146457,0.553388414848395
Train,0.752101096541526,0.751474859868121
Train,0.943651842395905,0.943534860385934
Train,1.12759071777016,1.12819140529094
Train,1.30436260562312,1.30449563882061
Train,1.47398504689747,1.47336879183998
Train,1.63763938489299,1.63815144307804
Train,1.79526894815214,1.79518113976368
Train,1.94720041775546,1.94755138256218
Train,2.0933977916145,2.09330790015005
Train,2.23483408583172,2.23492071321229
Train,2.37142042321581,2.3720882971705
Train,2.50340206172452,2.50304496918974
Train,2.63071201679654,2.63118523040097
Train,2.7541658816878,2.75358017512039
Train,2.87365796546413,2.87393198198182
Train,2.98937596382693,2.99027562326804
Train,3.10123556800639,3.10090461788999
Train,3.20993059716851,3.21069603862119
Train,2.12448753889449,2.12406854469586
Train,2.37622797953964,2.37576323680909
Train,2.61047112295244,2.61034234684334
Train,2.82839227543483,2.82791315131393
Train,3.03191388259147,3.03195726338376
Train,3.22267470115968,3.2223727614531
Train,3.40135497169036,3.40122799755622
Train,3.56952092643052,3.5693179604444
Train,3.72764548591893,3.72704862538952
Train,3.87680367195223,3.8765079312819
Train,4.01792824162725,4.01740600339175
Train,4.15128883999401,4.15118383373405
Train,4.27768033745126,4.27739209430942
Train,4.39779814126922,4.39694411363811
Train,4.51178767973404,4.51168657815864
Train,4.62040118807866,4.62024166411205
Train,4.72372854541256,4.72352362127853
Train,4.82228049245842,4.82224416459425
Train,4.91650887796888,4.91635319666815
Train,5.00644653975295,5.00636715717186
Train,2.12456826023267,2.12418694362563
Train,2.3749758235058,2.37457157421371
Train,2.60820303671835,2.60765526917234
Train,2.82539770045133,2.82505891109607
Train,3.0286826549981,3.02833221868635
Train,3.21885977897169,3.218317344474
Train,3.39761953264523,3.39715840653511
Train,3.56552411775455,3.56504600648108
Train,3.72373817524218,3.7233340628139
Train,3.87327114474478,3.87272483223054
Train,4.01445090612998,4.01390995140386
Train,4.14830597617044,4.14794161350286
Train,4.27506151192992,4.27468589750637
Train,4.3954242957991,4.3947941869504
Train,4.51001527665339,4.50971471752777
Train,4.61895534132228,4.61862051620332
Train,4.72292328045329,4.72255145411904
Train,4.82199282961842,4.82171873500769
Train,4.91674931430864,4.91635200730374
Train,5.00723153652459,5.00687115585091
Train,4.29777857691016,4.29651954701907
Train,4.3428579851726,4.34220908855272
Train,4.3871174397523,4.38606603193542
Train,4.43043972127265,4.42982408886959
Train,4.47312746448745,4.47288979232539
Train,4.51505935637664,4.51395694287052
Train,4.55625529601209,4.55639849739086
Train,4.59673449003953,4.59515007689182
Train,4.63638784818747,4.63534101639956
Train,4.67549072235413,4.67418973345624
Train,4.71393055226305,4.71017885171963
Train,4.75172406041017,4.75142194302893
Train,4.78876814134699,4.78776773770945
Train,4.82531893001252,4.82216374894264
Train,4.86127026145525,4.85929456174776
Train,4.8966367629717,4.8961163864063
Train,4.93143258980558,4.93135037908209
Train,4.96556152266146,4.96555321767877
Train,4.99925840982208,4.99797022491688
Train,5.03242439924131,5.03182493208655
Train,4.11319932305378,4.11403898915372
Train,4.17075527596145,4.1714466329598
Train,4.22703769537236,4.22917304050346
Train,4.28208838774211,4.28255840592314
Train,4.33594734948429,4.33677616468261
Train,4.3886528638804,4.3914524860323
Train,4.44024159182955,4.44315159932588
Train,4.49074865688979,4.49245017587449
Train,4.54020772502586,4.5425147371628
Train,4.58865107944364,4.59148988669252
Train,4.63623981531012,4.63794951099257
Train,4.68274080267558,4.6825664559968
Train,4.72831538864822,4.72814707460051
Train,4.77299098409923,4.77410599743083
Train,4.8167939290642,4.81706302536108
Train,4.85974954452899,4.85967193036262
Train,4.90188218123922,4.90247944231518
Train,4.94321526573096,4.94331483622076
Train,4.98377134376546,4.98368244839943
Train,5.02357212133719,5.02357038886325
Train,5.34085887621603,5.3409877521029
Train,5.36721410677892,5.36725108667664
Train,5.39309427560669,5.39283528223163
Train,5.41869783892018,5.41877002857867
Train,5.44393691019073,5.44392541636475
Train,5.46872871561533,5.46881853626686
Train,5.49326303674949,5.49322019531095
Train,5.51736737991601,5.51740403118523
Train,5.54122606221557,5.54134963750615
Train,5.56475674883235,5.56483280948518
Train,5.58788171936932,5.58768883834849
Train,5.61077752604846,5.61074867824786
Train,5.63336492605065,5.63343543526056
Train,5.65556902245966,5.65567118455359
Train,5.6775590877445,5.67752543917808
Train,5.69917984269011,5.69908827775211
Train,5.7205959589905,5.720764038297
Train,5.74173298466496,5.74154857450989
Train,5.76252041036768,5.76248062416411
Train,5.78311634976733,5.78322015924854
Train,4.29084151725906,4.29077196595093
Train,4.33470010483652,4.3345692831011
Train,4.37773721269599,4.37816370550203
Train,4.41997570640715,4.41961173707235
Train,4.46143761073512,4.46182592168983
Train,4.50214414793565,4.50221063559215
Train,4.54211577397613,4.54172795492044
Train,4.58137221281241,4.58158105413744
Train,4.61993248884198,4.61953434923484
Train,4.65781495764588,4.65816221354393
Train,4.69503733512348,4.69484226929702
Train,4.73161672511755,4.73173063469798
Train,4.76756964561985,4.76747350686341
Train,4.80291205364186,4.80288590966515
Train,4.8376593688291,4.83760443532659
Train,4.87182649589264,4.87204227477408
Train,4.90542784592618,4.90557484101222
Train,4.93847735667297,4.93825446428158
Train,4.97098851180219,4.97099421078232
Train,5.00297435925108,5.00268901520607
Train,2.12575379185299,2.12627769993045
Train,2.36184053442118,2.3617401570103
Train,2.58347892805492,2.58322968534625
Train,2.7924929982796,2.79169979491266
Train,2.9896772068128,2.98940806771347
Train,3.17600824102762,3.17521459034682
Train,3.35213082445846,3.35107925631959
Train,3.51929238149203,3.51849948213052
Train,3.6779546371834,3.6763781213834
Train,3.82874973914072,3.82813063211719
Train,3.97206318977672,3.96962265453689
Train,4.10879162028897,4.10805366460258
Train,4.23920961072463,4.23802272567476
Train,4.36374417654053,4.36284096658923
Train,4.48263045988161,4.47917432714379
Train,4.5965391637794,4.59448603926498
Train,4.70563476099865,4.70421550176101
Train,4.81021599991231,4.80817999821951
Train,4.91042719373235,4.90909639538799
Train,5.00678659759685,5.00506567677652
Train,2.12996243104071,2.13303073625351
Train,2.36380029922344,2.36421546056803
Train,2.58364577230244,2.58454015672245
Train,2.79111200653752,2.79144370871139
Train,2.98702950983806,2.98838594082039
Train,3.17216022997999,3.17236347910361
Train,3.34770506440688,3.3484499082318
Train,3.51407231242874,3.51416394351903
Train,3.67226467345,3.67285194513746
Train,3.82272654759459,3.82266189022115
Train,3.96587434985148,3.9661409424028
Train,4.10248942550304,4.10240185559664
Train,4.23288425011461,4.23297391280206
Train,4.35735511051347,4.35742073800278
Train,4.47652448724171,4.47658025282939
Train,4.59050556296247,4.59059739003927
Train,4.69983909093505,4.6998671094137
Train,4.80470308896046,4.80462299408313
Train,4.90526970660568,4.90539038928759
Train,5.0019830391867,5.00203122509842
Train,2.8140817237395,2.81351678872519
Train,2.97068681228013,2.97037927751657
Train,3.1209826968802,3.12066481081851
Train,3.26579719494306,3.26553107235517
Train,3.40520539118592,3.40475659409489
Train,3.53950448495652,3.5388877427525
Train,3.66876686011091,3.66861604244545
Train,3.7936627984433,3.79345690153636
Train,3.91421987871646,3.9139808495332
Train,4.03066033720511,4.03013754739581
Train,4.1430144555583,4.14286231224682
Train,4.25183571848964,4.2513180406116
Train,4.35712206066402,4.3570499394394
Train,4.45904297040337,4.45873501722448
Train,4.55760180901993,4.55734464744304
Train,4.65326326365141,4.65281675462606
Train,4.74600677289787,4.74559291593172
Train,4.83596383955697,4.83412366414845
Train,4.92312057439473,4.92257719666153
Train,5.00787267668211,5.00701121501183
Train,2.75198417435638,2.75166018878584
Train,2.93176011806198,2.9313909917349
Train,3.10151818265004,3.10167793180366
Train,3.26186363350618,3.26175569977417
Train,3.4139548263443,3.41410202653637
Train,3.55822434517798,3.55812704334525
Train,3.69526043797068,3.69460351762094
Train,3.82559380780036,3.82576774235562
Train,3.94954207967051,3.94985126665992
Train,4.06787280033881,4.06649874699573
Train,4.18081116729331,4.18062256228435
Train,4.28871756503328,4.28883543046171
Train,4.39178563246932,4.39186859106334
Train,4.4905926500313,4.49075919596211
Train,4.58527299341893,4.5854462640585
Train,4.6760799001637,4.67624277003992
Train,4.76324630290442,4.76339261173993
Train,4.84687677479604,4.84681368984669
Train,4.92739369372744,4.92700796316998
Train,5.00486566914305,5.0044009806173
Train,3.8417176507736,3.84083547502663
Train,3.91584784032434,3.91574432851334
Train,3.98835474569483,3.98855937614857
Train,4.05893737521305,4.05891227811511
Train,4.12784305434423,4.12707093544881
Train,4.19513084467693,4.19443397780773
Train,4.2610215263498,4.26125341434303
Train,4.32523616459041,4.32470225567371
Train,4.38799439595774,4.38772226375144
Train,4.44934521247906,4.44888125091742
Train,4.50948561884176,4.50924967211753
Train,4.56815673274474,4.56770712404099
Train,4.62555494466262,4.62484883428473
Train,4.68172123451424,4.68175157769141
Train,4.73683253413611,4.73666260544482
Train,4.79064817149392,4.79032562352435
Train,4.84334483339475,4.84310486655735
Train,4.89495706061632,4.89483072427023
Train,4.94564468222251,4.94551429871202
Train,4.99518356304237,4.99372854834868
Train,3.98253890065541,3.98270840028121
Train,4.08761369672928,4.08755639814111
Train,4.18854649511616,4.18877040852962
Train,4.28521546873796,4.28486422460477
Train,4.37823206549898,4.37831102271442
Train,4.46746501188722,4.46754343681672
Train,4.55346149080236,4.55332429329277
Train,4.63608455940227,4.63589696939229
Train,4.7156775834943,4.71570926829585
Train,4.79254802685745,4.7923273099644
Train,4.866555381053,4.86643843511623
Train,4.93812420924155,4.93812776767876
Train,5.00711390613794,5.00738125700658
Train,5.07378616767312,5.07257029418028
Train,5.13837683026624,5.13835976703043
Train,5.20074737278202,5.20080142859873
Train,5.26123676121662,5.26090317726115
Train,5.31970887196367,5.31964645202819
Train,5.37647556806557,5.37602882519999
Train,5.43140365366362,5.43081196704437
Train,2.57541751153218,2.57780948273497
Train,2.66773351037141,2.67042719548621
Train,2.75724372216523,2.75775356547305
Train,2.84457538205123,2.84856116361547
Train,2.92956155818734,2.93186692531011
Train,3.0120574683691,3.01485754455492
Train,3.09263369745496,3.09345364963005
Train,3.17112960087315,3.17372183577603
Train,3.24740453320948,3.2493024911549
Train,3.32197990350572,3.32457570543405
Train,3.39470159682592,3.395133938788
Train,3.46563787842457,3.46737229879212
Train,3.53465434688069,3.53681151300256
Train,3.60221630237717,3.60471118252675
Train,3.66817838554342,3.66793426774742
Train,3.73241114170206,3.73396151832489
Train,3.79534363890809,3.79512265670777
Train,3.85683695974665,3.85629155321143
Train,3.91676666194235,3.91646473877548
Train,3.9755297286727,3.97456427007122
Train,3.80579671084509,3.80606830067549
Train,3.88761316313648,3.88744102855557
Train,3.96672438214273,3.96706089548965
Train,4.04359978103431,4.04332096070933
Train,4.11816832579792,4.11833061347928
Train,4.19037317230911,4.1904590421494
Train,4.26063355140795,4.2608287200986
Train,4.32872618057114,4.32907950346484
Train,4.39504124743278,4.39463271889539
Train,4.45950510390379,4.45973151962093
Train,4.52205618977385,4.52182925020528
Train,4.58304654219205,4.58331153480898
Train,4.64240270334928,4.64263414665251
Train,4.70006219848319,4.69983278118374
Train,4.75634433085773,4.75648928184668
Train,4.81105583117705,4.81101052823064
Train,4.86449670167471,4.8643406941504
Train,4.9165954840518,4.91671264578175
Train,4.96729010380623,4.96723932469316
Train,5.01685478030241,5.01698311243157
Train,3.98188350097481,3.98195888394397
Train,4.08680313198991,4.08629961773326
Train,4.18743392569821,4.18747809025657
Train,4.28403358940905,4.28421713436031
Train,4.37683958905783,4.37667671542144
Train,4.46621432301762,4.46634380277677
Train,4.55206859007462,4.5517468321253
Train,4.6347388523018,4.63475985888212
Train,4.71439900882862,4.71457514655262
Train,4.79121052153352,4.79096548180527
Train,4.86532350740154,4.86543583465967
Train,4.93687771773986,4.93705768113645
Train,5.00600341769128,5.00584647231002
Train,5.07282217769136,5.07285080045616
Train,5.13744758698589,5.13745965403572
Train,5.20008659660723,5.19976966160388
Train,5.26063413302367,5.26069708003191
Train,5.31928749055971,5.31945765736085
Train,5.3761341869516,5.37585716108728
Train,5.43125643020805,5.43129760828955
Train,3.80668383142648,3.80668191794242
Train,3.88882324463649,3.88867266315205
Train,3.96818513953141,3.96809976494327
Train,4.0452662335182,4.04549728142078
Train,4.11998889692586,4.11976529581656
Train,4.19229098888572,4.19228355075969
Train,4.26261526232672,4.26266056345261
Train,4.33088218963967,4.33089575401604
Train,4.39702627130198,4.39689007702176
Train,4.46144474884924,4.46139296778196
Train,4.52405781885642,4.52422178710034
Train,4.58494033062171,4.58482993895663
Train,4.64402494988882,4.64415272896653
Train,4.7016585324601,4.70143648212465
Train,4.75776254791856,4.75779276997704
Train,4.81226961763522,4.81237056135646
Train,4.86549494651916,4.86535353929352
Train,4.91736174083572,4.91750712285861
Train,4.96780333482289,4.96759694734495
Train,5.01710749632245,5.01708333027122
Train,3.8065923949056,3.80691424112805
Train,3.8886064197217,3.88842401148062
Train,3.96786976195571,3.96797026528142
Train,4.0448689179732,4.0443967222985
Train,4.11935854780802,4.11937913124197
Train,4.19178912752817,4.19189582329485
Train,4.26192366820588,4.2616111092851
Train,4.33018053607644,4.3303865701076
Train,4.39633105603756,4.39624280422353
Train,4.46076484849178,4.46061624601711
Train,4.52326142725459,4.52325086191408
Train,4.58418457612679,4.58435406652856
Train,4.64332181158807,4.64307171872346
Train,4.70101360927798,4.70106560061171
Train,4.75705526032968,4.75710918845865
Train,4.81176613996812,4.81173997432264
Train,4.86494905877313,4.8647259085213
Train,4.91690422774519,4.91683283024971
Train,4.96744170531372,4.96748477046489
Train,5.01684424331222,5.01679305243155
Train,3.80598169005923,3.80582173119032
Train,3.88779166806166,3.88777571138265
Train,3.96724349491768,3.96698621429672
Train,4.04408185478775,4.04433611932322
Train,4.11860531520063,4.1185824290645
Train,4.19091693476019,4.19073312879695
Train,4.26127611010044,4.26127417790698
Train,4.32944489962584,4.32959783067994
Train,4.3956767528864,4.39541248575037
Train,4.4600530671393,4.45985233898531
Train,4.52279565009858,4.52293529534867
Train,4.58368347116849,4.58363302671418
Train,4.64293431625981,4.6430393930153
Train,4.70061332515475,4.70047089290741
Train,4.75691234861754,4.75669487998161
Train,4.8116263403641,4.81179086561528
Train,4.86494444162969,4.86497249518865
Train,4.91691939854648,4.91685704408368
Train,4.96771882120041,4.967647433927
Train,5.01715252220658,5.01685966202271
Train,3.80611745251136,3.80679389841893
Train,3.88797624132592,3.88811455502795
Train,3.96729311878952,3.96741049410624
Train,4.04401258563774,4.04426320233537
Train,4.11859352704821,4.11856510313222
Train,4.19096154830705,4.19141396507106
Train,4.26121370022128,4.26101528291323
Train,4.32944144029445,4.32968723492226
Train,4.39558250687602,4.39552703581861
Train,4.46001950625772,4.46019196893971
Train,4.52267654508243,4.52271183552361
Train,4.58362637107861,4.58387023849567
Train,4.64280482988252,4.6427604852382
Train,4.70054659279845,4.70093217563985
Train,4.75677680023322,4.75648752105766
Train,4.81155403926451,4.81162789475124
Train,4.86493390785072,4.86517442664839
Train,4.91685242712222,4.91672953836891
Train,4.96759620615572,4.96751040276135
Train,5.01709318144252,5.01714680218205
Train,2.13110503377716,2.13212117506404
Train,2.35756594039655,2.35764735329425
Train,2.57210037883986,2.57270463364543
Train,2.77517082443318,2.77480654737732
Train,2.96810411893084,2.96890099992956
Train,3.1512295209872,3.15091983435772
Train,3.32566733230252,3.32573534499019
Train,3.49164818564297,3.4920378267619
Train,3.65012812832061,3.64991151357603
Train,3.80126413950996,3.80012118869703
Train,3.94587996244982,3.94496539259702
Train,4.08407718700531,4.08451878466289
Train,4.21657174553676,4.21532259076261
Train,4.34342335170367,4.34106562942756
Train,4.46525915279511,4.46525085043535
Train,4.5821070869374,4.58023630906458
Train,4.69452047452633,4.69494628597235
Train,4.80250309683787,4.8018437745653
Train,4.90654633848788,4.90643201587804
Train,5.00663561660344,5.00561484129716
Train,2.12542718901151,2.12498578733934
Train,2.35680946642296,2.35652934067397
Train,2.57479096064832,2.57430231096654
Train,2.78093242996199,2.78073577393874
Train,2.97596930016715,2.97579607193469
Train,3.16058243735891,3.16025961118643
Train,3.33595177927774,3.33581769026417
Train,3.50240607310473,3.50208087388668
Train,3.66093959731246,3.66083102525803
Train,3.81194632167764,3.81172276539504
Train,3.95579907932705,3.95553646605398
Train,4.09328230255759,4.09319164014081
Train,4.22467195265162,4.2243499666059
Train,4.35023256725699,4.35021755448392
Train,4.4705959788426,4.4703932255164
Train,4.58583598150907,4.58568403372768
Train,4.6965051107009,4.69639298513934
Train,4.8027582378426,4.80269188858287
Train,4.90474721886879,4.90472843484016
Train,5.00292996845484,5.00280482881348
Train,3.09471856431002,3.09525008931299
Train,3.23500323401663,3.23657757084797
Train,3.36948600584679,3.36935160528295
Train,3.49814142093172,3.49903891741482
Train,3.62152099346461,3.62387594829701
Train,3.74011669859572,3.73985496894451
Train,3.85386675800813,3.85570382504224
Train,3.96338341441379,3.96468174845935
Train,4.06858886865565,4.06854680641694
Train,4.16988148579777,4.17012091836872
Train,4.26761921468376,4.26837150144123
Train,4.36170860181815,4.3619199017688
Train,4.4524835826098,4.45333088976835
Train,4.54024536245122,4.54076537843352
Train,4.62489176091581,4.62500758529344
Train,4.70682671634155,4.70700606621389
Train,4.78594487316106,4.78592620308549
Train,4.86250170191183,4.86254726942783
Train,4.93672894857503,4.93662886441083
Train,5.00851923481957,5.0085766746582
Train,3.12102400733333,3.12019720677776
Train,3.2516600495853,3.25074202470418
Train,3.37764850734976,3.376492919799
Train,3.49961886205335,3.49787813303768
Train,3.61738623568338,3.61245046386315
Train,3.73152542089861,3.73065515642733
Train,3.84185090945959,3.84060861726024
Train,3.948889628503,3.94624289053749
Train,4.05245698182108,4.05023635829488
Train,4.1530377787631,4.15036802770768
Train,4.25044947762383,4.24755236285486
Train,4.34513964281639,4.34350632256095
Train,4.43692862425731,4.43573482783753
Train,4.52623089738912,4.52567522745661
Train,4.61287030698899,4.61012642052659
Train,4.69723180404271,4.69618740341897
Train,4.77914315195154,4.77709321094002
Train,4.85896285064671,4.85812756957815
Train,4.93652286807139,4.93451292100721
Train,5.01215791623429,5.01104740395598
Train,2.12802222313387,2.12824444317661
Train,2.36490506830686,2.36501873066876
Train,2.58741701361465,2.58728066461694
Train,2.79682731094542,2.79689895274563
Train,2.99426001799898,2.99423996710388
Train,3.18050290524228,3.18067406091572
Train,3.35688074995192,3.35676933115823
Train,3.5239672003733,3.52407797728514
Train,3.68247760551795,3.68248535036977
Train,3.83305571837262,3.83303525150617
Train,3.97628243440013,3.97636242356233
Train,4.11268328066721,4.11263198829178
Train,4.2427348591471,4.24273208950248
Train,4.36687041070761,4.36682337042506
Train,4.48548463667067,4.48549931823285
Train,4.59880853452407,4.59884101827842
Train,4.70743593043426,4.70746719247321
Train,4.81153385241181,4.81153146063874
Train,4.91137981519434,4.91141568863381
Train,5.00722911664882,5.00711433660976
Train,1.81038368656383,1.8107434591387
Train,2.02548317459678,2.02583454025656
Train,2.22448315080535,2.22417948413053
Train,2.40912590843956,2.40816022507201
Train,2.58091109202867,2.58070910764067
Train,2.74113651813628,2.74053813722125
Train,2.89093102363444,2.89033480447173
Train,3.03128110080254,3.03056878003039
Train,3.16305264842496,3.16337491576118
Train,3.28700885272938,3.28549013745791
Train,3.4036290244048,3.40364087629345
Train,3.51391553922327,3.51385092403356
Train,3.61819508414626,3.61745277881559
Train,3.71694542006264,3.71598677946744
Train,3.81059495178111,3.81038897061293
Train,3.8995289411069,3.89935803771945
Train,3.98409480442473,3.98313481666477
Train,4.06460664839623,4.0644460144816
Train,4.14134916861401,4.14062076134936
Train,4.21458101321029,4.21482587768181
Train,3.63871956291818,3.63881838020674
Train,3.68443844465506,3.6842652275794
Train,3.72943380900986,3.72944002902144
Train,3.77372269602578,3.77382519988017
Train,3.81732161481877,3.81727035353682
Train,3.86024656409576,3.86040807552703
Train,3.90251305172862,3.90232253427379
Train,3.94413611343421,3.94396837964663
Train,3.98513033060777,3.9850551025614
Train,4.02550984735411,4.02566937620426
Train,4.06512318277353,4.06500388277194
Train,4.10431649407969,4.10422824170231
Train,4.14293501937491,4.14298160159373
Train,4.18099131082732,4.18096800794077
Train,4.21849755776087,4.21840133477812
Train,4.25546559967218,4.25551376546568
Train,4.29190693869096,4.29193021617752
Train,4.3278327515116,4.32780217415197
Train,4.36325390082198,4.3631492399239
Train,4.39818094625394,4.39787307082073
Train,2.12394485879005,2.12374741985181
Train,2.36253145342356,2.36216103116962
Train,2.58639664325875,2.58646501704637
Train,2.79686217341245,2.79666224866227
Train,2.99509615828359,2.99467127122838
Train,3.18213477249621,3.18179302574057
Train,3.35890036774416,3.3586987444381
Train,3.52621668424383,3.52580369756682
Train,3.68482168623649,3.68433197908447
Train,3.83537844351841,3.83510663553383
Train,3.97865648210298,3.97857421115472
Train,4.11484315904178,4.11445243334159
Train,4.24460817712452,4.24430422443251
Train,4.36839527853357,4.36819141754526
Train,4.4866082419962,4.48621169719476
Train,4.59961528261212,4.59927836986966
Train,4.70775288291926,4.70759905824738
Train,4.81132913916585,4.8111731068769
Train,4.9106266928821,4.91029040462885
Train,5.00590530649725,5.0054620954273
Train,2.12454614480475,2.1251568158062
Train,2.36124242760022,2.36163318924659
Train,2.583596571022,2.583504950226
Train,2.79287379339299,2.79344858498584
Train,2.99019474602229,2.99003364181621
Train,3.17634440962545,3.1764039138346
Train,3.35264488666534,3.3527896544459
Train,3.51966784244275,3.51942676403481
Train,3.67812682368655,3.67774283809043
Train,3.82866403305453,3.82884917209443
Train,3.97185902836873,3.97172534537307
Train,4.10823617927866,4.10821572464769
Train,4.23827108360367,4.23856137742981
Train,4.36239610883781,4.3620642945701
Train,4.4810051948849,4.48067816320539
Train,4.5943286719227,4.59473087742512
Train,4.70295978316444,4.70283193164718
Train,4.80706504866697,4.80671943045158
Train,4.90692153400672,4.9070668974476
Train,5.00278414163215,5.0022336430687
Train,3.61781769545303,3.6186216836671
Train,3.71311090183243,3.71374976606088
Train,3.8052118033507,3.80492163211087
Train,3.89461685899784,3.89487966127339
Train,3.98127783886077,3.98086493314835
Train,4.06515968127861,4.06570934083569
Train,4.14670308777205,4.14795473165062
Train,4.22570352652498,4.22584153398779
Train,4.30256964684118,4.30310594713441
Train,4.37724455012331,4.37708342351683
Train,4.44968274008806,4.45000546443256
Train,4.52025102506863,4.52064391582675
Train,4.58889006716147,4.58910167854478
Train,4.65555096029226,4.65590811540309
Train,4.72056486130055,4.7198655502892
Train,4.78375096267509,4.78406530171045
Train,4.84541951261419,4.84527698355154
Train,4.90550990522963,4.9057745580379
Train,4.96397052250287,4.96407945969835
Train,5.02108382208846,5.02064182156604
Train,3.80529054130264,3.80512881841636
Train,3.88679681874998,3.88674042339184
Train,3.96582059737692,3.96601939152455
Train,4.04247359291613,4.04264740111315
Train,4.11702058066718,4.11706910198185
Train,4.18923660522049,4.18930520432908
Train,4.2593794489494,4.25973351298884
Train,4.32753712397606,4.32774139600073
Train,4.39379273013306,4.39378219778368
Train,4.45822479296398,4.45839499379721
Train,4.52104228020264,4.52077938370561
Train,4.58204247929134,4.58223928805668
Train,4.64143038938043,4.6413495019718
Train,4.69926909806741,4.69939042107066
Train,4.75561844390338,4.75541597894548
Train,4.81053522289395,4.8104652617279
Train,4.86418855309537,4.86443813656146
Train,4.91639651904905,4.91638687350345
Train,4.96732599419534,4.96723941779996
Train,5.01702337281038,5.01643205321156
Train,3.80736096473406,3.80660550309252
Train,3.88858403413005,3.88796380691778
Train,3.96735867808067,3.96716373748708
Train,4.04379396240969,4.04330913429871
Train,4.11799256989397,4.11785024178092
Train,4.18989753363257,4.18909089404618
Train,4.25991190495825,4.25922563819617
Train,4.32796357812471,4.32784129479327
Train,4.39413394220815,4.393620387504
Train,4.45849994758805,4.45771957625979
Train,4.5211344044673,4.52071400111376
Train,4.58210625762007,4.58177784592621
Train,4.64148083954705,4.64055270056846
Train,4.69932010399234,4.69931836555255
Train,4.75568284157655,4.75538266152065
Train,4.81050745255944,4.80992895255471
Train,4.86408474244579,4.86380008901173
Train,4.91634471224362,4.91621978394536
Train,4.96733535591866,4.96667673789338
Train,5.01710236398957,5.01656088701415
Train,2.61222951173734,2.61194633069894
Train,2.80811446214001,2.80785933215006
Train,2.99245153987645,2.99196024847546
Train,3.16576291100847,3.16536868406396
Train,3.3294516305902,3.32897344023726
Train,3.48387819132424,3.48351766905611
Train,3.63020333715609,3.6298206392988
Train,3.76867178625001,3.76842476017404
Train,3.90025659835759,3.8997667042698
Train,4.02511866849551,4.0248383453821
Train,4.14408337770664,4.14374025630817
Train,4.25725040133072,4.25713779660358
Train,4.36532726481494,4.36508568365238
Train,4.46836864157228,4.46830882441131
Train,4.56698679313312,4.56677206540038
Train,4.66120317185336,4.66112207880937
Train,4.75155213950906,4.7516165616565
Train,4.83803057829081,4.83789436142464
Train,4.92110847417142,4.92114898753274
Train,5.0007645517408,5.00054661035241
Train,2.41282712050804,2.41286836590583
Train,2.63109429546865,2.63072090849741
Train,2.83499448716023,2.83490420532174
Train,3.02637901735132,3.02594502308633
Train,3.20614058019622,3.20581237050859
Train,3.37530678295193,3.37481100339059
Train,3.53458766572841,3.53408779160449
Train,3.68520263962307,3.68493554974915
Train,3.82766101707114,3.82718123452863
Train,3.96260791403029,3.96222084954783
Train,4.09046122106435,4.09017032586265
Train,4.21207163177726,4.21170565858696
Train,4.32773961627218,4.32750150013666
Train,4.43789034675677,4.43768430494887
Train,4.54277702375156,4.54250553331653
Train,4.64302076594095,4.64286088631919
Train,4.73880211646381,4.73857792538032
Train,4.83041255545816,4.83010735753336
Train,4.91800795756756,4.91832666080367
Train,5.00205880059445,5.00150785917353
Train,3.80573082075371,3.80613005427434
Train,3.88773727770744,3.88771852035492
Train,3.96701709542473,3.967183987634
Train,4.04402828289242,4.04389956260124
Train,4.11855134446702,4.11868542254737
Train,4.19101016451579,4.19106075487647
Train,4.26119208402135,4.26127841127012
Train,4.32949058491133,4.32953043820302
Train,4.39569993085284,4.39576888738005
Train,4.46018640179187,4.4602777759122
Train,4.52275117028072,4.52276226399985
Train,4.58373608070372,4.58373194571899
Train,4.64294912850176,4.64290666112569
Train,4.70071012561216,4.70085994141695
Train,4.75683375293796,4.75694517820952
Train,4.81161988722901,4.81162424923818
Train,4.86488972160738,4.86478786616712
Train,4.91692503600415,4.91709373418993
Train,4.96755333844134,4.96757322368861
Train,5.01703993013606,5.01700691746586
Train,3.80679963017006,3.80646069055578
Train,3.88853619945631,3.88836641869997
Train,3.96790495497618,3.96776211930623
Train,4.0446788190934,4.04513859645735
Train,4.11914158398224,4.11894131551011
Train,4.1913960576722,4.19096028559428
Train,4.26168896550085,4.26161281361632
Train,4.32980739164389,4.32978551279151
Train,4.39599177344604,4.39621240316623
Train,4.46032332614735,4.46001420533352
Train,4.52301259847589,4.52312578262567
Train,4.58386088680499,4.58397717237525
Train,4.64307442647552,4.64288364958187
Train,4.70071822294743,4.70072657710838
Train,4.75697405317594,4.75682553223882
Train,4.81165690988026,4.81171997158739
Train,4.86494560966168,4.86493166248178
Train,4.91689279812694,4.91688944519623
Train,4.96765701656937,4.96777442036759
Train,5.01706616086291,5.01708031736993
Train,2.1264630479748,2.12646182875536
Train,2.37653488173815,2.37668783213516
Train,2.60914260244254,2.6093614448458
Train,2.8260539302984,2.82599708232223
Train,3.0288058003377,3.02865262560803
Train,3.21851318760073,3.21860946697629
Train,3.39682319959956,3.39694385691322
Train,3.56453123581615,3.56448875281634
Train,3.72255555733417,3.72284803452416
Train,3.87171135732841,3.87163405323221
Train,4.01272482711095,4.01264945942452
Train,4.1462449798098,4.14650277523318
Train,4.27285363793612,4.27258561676203
Train,4.39307390910113,4.39337802273289
Train,4.50737741030857,4.50739369324796
Train,4.61605901206237,4.61606370339572
Train,4.7197740013585,4.71972476369623
Train,4.81873533550023,4.81885777873898
Train,4.91326250996789,4.91323362945544
Train,5.00364701636392,5.00361758683934
Train,2.12529399055227,2.12568503789074
Train,2.3610535701869,2.3608785514792
Train,2.58268886024907,2.58279148747018
Train,2.79143221890031,2.79127749513858
Train,2.98837669011927,2.98844946811945
Train,3.17428418293765,3.17441731131325
Train,3.35045654353513,3.35034516542722
Train,3.51744905314268,3.51750616553394
Train,3.6759609975407,3.67597861890166
Train,3.82662239611984,3.826630724105
Train,3.97000237094471,3.96999070537489
Train,4.10661633102428,4.10672089411159
Train,4.23693216296233,4.23689237902576
Train,4.36137558470172,4.36164766388751
Train,4.48033479145105,4.48025723937311
Train,4.5940346890195,4.59412584767264
Train,4.70306509449464,4.70302002152888
Train,4.80758836390749,4.80764886476967
Train,4.90787831398354,4.90793547802454
Train,5.00418702186823,5.00380086849176
Train,2.89537513363056,2.8953086518762
Train,3.0536379441106,3.05368006270723
Train,3.20420484140988,3.20406825949098
Train,3.34802429362926,3.34833415423267
Train,3.48515656987851,3.4848828885791
Train,3.61642334737393,3.61672343015229
Train,3.74184210854682,3.74177759756125
Train,3.86213073069763,3.8619670278334
Train,3.97727516498583,3.9771965070889
Train,4.08790741579409,4.08818647053553
Train,4.19399024030099,4.19366854390168
Train,4.2960839175057,4.29626958757066
Train,4.39413423522894,4.3941127463207
Train,4.48864103584654,4.48873032576224
Train,4.57953781612972,4.57945036827945
Train,4.66727308145552,4.66712822351323
Train,4.75177157289784,4.75188063771051
Train,4.83343786296961,4.83340839941806
Train,4.91219062008994,4.91221693258043
Train,4.98839656101453,4.98837077017955
Train,2.12906418543011,2.13064009504373
Train,2.35308141300262,2.35356077601167
Train,2.56542882672524,2.5655273392243
Train,2.76699515810088,2.7676573702432
Train,2.95858112928632,2.95902538775257
Train,3.14110098486479,3.14149046936867
Train,3.31481911535804,3.31557749496855
Train,3.48053063417806,3.48093489894594
Train,3.63877660574406,3.63893039367243
Train,3.79005041695326,3.79053879011766
Train,3.93480291554596,3.93529526522829
Train,4.07344689795771,4.07406862532147
Train,4.20636104075348,4.20638646867732
Train,4.33389335449844,4.33448291940507
Train,4.456364226402,4.45651676620977
Train,4.57419294059069,4.57426235401575
Train,4.68740004454056,4.68774306338886
Train,4.79636676456226,4.79608840902651
Train,4.90132696795993,4.90135813095761
Train,5.00249763470914,5.00247305547813
Train,2.11327924112793,2.11659761415862
Train,2.35658173031271,2.35821873927702
Train,2.58402546934839,2.58630113951071
Train,2.79756895725251,2.79888627014074
Train,2.99823329121516,2.99955778784564
Train,3.18714950788917,3.18845926059143
Train,3.36512869458639,3.36659889673896
Train,3.53345533466973,3.53426268469624
Train,3.6927224139305,3.69398464889158
Train,3.84364216199312,3.84477070440911
Train,3.98669984920483,3.98797131451496
Train,4.12278726264177,4.12441842696202
Train,4.25226189343012,4.25321559723883
Train,4.37559430295279,4.37654080835486
Train,4.49308448494283,4.4939741250549
Train,4.60538031108931,4.60586859811005
Train,4.71270265088896,4.71300494523015
Train,4.81537475333231,4.81559222633072
Train,4.91358611179845,4.9136483273563
Train,5.00782502962246,5.00788760237114
Train,2.11931570564177,2.11995636259811
Train,2.3406265962765,2.34115936880184
Train,2.55116795758867,2.55125885258743
Train,2.75129450116235,2.7513755273379
Train,2.94195662315319,2.94228939438684
Train,3.12399779507719,3.12425860362631
Train,3.29763110619184,3.29768067250765
Train,3.46376840277535,3.46416764694217
Train,3.62255649902256,3.6224314002014
Train,3.77462943147285,3.77471285943679
Train,3.92055509928084,3.92067032158442
Train,4.0604092681375,4.06042298335009
Train,4.19470191116971,4.19449017954897
Train,4.32389192490515,4.32428478419964
Train,4.44800740475618,4.44781105388605
Train,4.56758893748675,4.56763514026383
Train,4.68264181646858,4.68286390576972
Train,4.79353331726023,4.79333984238323
Train,4.90059612973595,4.90053229164399
Train,5.00381083553416,5.00369286072086
Train,2.12839386717379,2.12952680274097
Train,2.365771339067,2.36653072069961
Train,2.58861642001629,2.58925185933398
Train,2.79822399569451,2.79848746361889
Train,2.99595677854541,2.99652785829889
Train,3.18238533043354,3.18158433173297
Train,3.35864594203122,3.3596467548144
Train,3.52554838030815,3.52493402985268
Train,3.68381865018817,3.68357633662375
Train,3.83410955193628,3.83419141453336
Train,3.97716753219631,3.97604640725907
Train,4.11320149800927,4.1126450466057
Train,4.24285952041615,4.24157520799994
Train,4.36657959778536,4.36555686523056
Train,4.48476050856266,4.48313158747836
Train,4.59776610501519,4.59686084172639
Train,4.70604892226684,4.70501857582925
Train,4.80966900378909,4.80926226754158
Train,4.90903120470013,4.90809237595962
Train,5.00439268407793,5.00387600678945
Train,3.72531940591216,3.72608039539622
Train,3.81355006248276,3.81368432970188
Train,3.89910370578193,3.89955190534087
Train,3.98176646028418,3.98154136084699
Train,4.06200497426463,4.06243387773278
Train,4.1396107291213,4.13963771411576
Train,4.21501447792363,4.21528744001838
Train,4.28801348777979,4.28777446205489
Train,4.35900664635875,4.35893251043521
Train,4.42779725741733,4.42767304542789
Train,4.49475579342107,4.49540739094513
Train,4.55969171397872,4.55972368563593
Train,4.62295004665311,4.62293794791034
Train,4.68434642897675,4.68483833724016
Train,4.74420301403268,4.74423953612708
Train,4.80234156827577,4.80243149099109
Train,4.85906360552771,4.85905190180923
Train,4.91419692076629,4.91422111409187
Train,4.96802434118798,4.96773432430049
Train,5.0203795533777,5.0205414911928
Train,2.12342114714285,2.12406670084814
Train,2.34787688663283,2.3483954372808
Train,2.56067714470089,2.56112211746798
Train,2.76270681057394,2.76324184585459
Train,2.95454483116554,2.95485636159568
Train,3.13735944970684,3.13791206317031
Train,3.31157383725271,3.31184563946439
Train,3.47778092391275,3.47821008633613
Train,3.63652035933355,3.63682264416124
Train,3.78828436590831,3.78866035538371
Train,3.93335700316597,3.93378017439531
Train,4.07248886439546,4.07286525632511
Train,4.20588483348326,4.20624738132241
Train,4.33389245095729,4.33408018407712
Train,4.4568317363142,4.45723693790054
Train,4.5749978593045,4.57520611343929
Train,4.68853339679662,4.6888748984405
Train,4.7979556877325,4.79813881628283
Train,4.90336333270543,4.90349954521875
Train,5.00497329444606,5.00495174413149
Train,2.1208704296624,2.12141910549539
Train,2.34465519429434,2.34309698623687
Train,2.55717767725885,2.55670275572114
Train,2.75878680337357,2.75835772454442
Train,2.95075851920009,2.95075702728567
Train,3.13333216068679,3.13405731882662
Train,3.30759612221184,3.30670333593147
Train,3.47370835082017,3.47342585893633
Train,3.63260634091391,3.63315702157919
Train,3.78438719218116,3.78435641576138
Train,3.92986554903779,3.93030557683081
Train,4.06909280128947,4.06924485918929
Train,4.20278250003747,4.20334395903987
Train,4.3309515951509,4.33091746322892
Train,4.45422962792305,4.45428115705939
Train,4.57260757488032,4.57267066521885
Train,4.68664453331732,4.68639325585385
Train,4.79631191747419,4.7967416532941
Train,4.90210926517572,4.90177052694557
Train,5.00399331640657,5.00391697583686
Train,2.12924931223767,2.12906468525975
Train,2.35912135883691,2.35900995370534
Train,2.57606560891658,2.57642266320758
Train,2.78134971765133,2.78109776101914
Train,2.97549677801343,2.97546430203723
Train,3.15957488024274,3.15944407387209
Train,3.33434752821244,3.33449755656906
Train,3.5005029360257,3.50019954642479
Train,3.65882320039333,3.65886663784689
Train,3.80954418524963,3.80972525560204
Train,3.95334573313776,3.95344046491513
Train,4.09069364756216,4.09056718275528
Train,4.22214607077486,4.22229884873226
Train,4.34781929167818,4.34776217118482
Train,4.46820830188515,4.46830542414895
Train,4.58363951855301,4.583681462513
Train,4.69441301658393,4.69444986867742
Train,4.80091331381728,4.8011051796187
Train,4.9031747958769,4.90323709460639
Train,5.0015455379266,5.00153878078921
Train,2.12268676356649,2.12297581255401
Train,2.35437024298205,2.35499059094431
Train,2.57261457400547,2.57256111344244
Train,2.77900928900267,2.77876368071733
Train,2.97427889183946,2.97420338785227
Train,3.15929927688799,3.15865285054891
Train,3.33466344003837,3.33468140908948
Train,3.50147538002271,3.50098577274397
Train,3.66017057548459,3.66001134674147
Train,3.81132737330689,3.81087676671663
Train,3.95531135041539,3.95532595842664
Train,4.09292492768439,4.09239768005349
Train,4.22443618249143,4.22420169674509
Train,4.35024221157688,4.35029644989694
Train,4.47057315835938,4.47044708048119
Train,4.58603412447468,4.58615083980325
Train,4.69679208283185,4.69671444354239
Train,4.80312864558078,4.80263927638438
Train,4.90519018636411,4.90508158896986
Train,5.00344703892792,5.0027699052392
Train,2.12265009782257,2.12309191119342
Train,2.35572979025563,2.35572737685865
Train,2.5750598392882,2.5742239198756
Train,2.78228252437193,2.7823366638498
Train,2.97815509591462,2.977758134259
Train,3.16337869508461,3.16314892436852
Train,3.33919032227398,3.33908036582065
Train,3.50610313654632,3.50613816223116
Train,3.66459901773056,3.66459243276253
Train,3.81563599656026,3.81527550254244
Train,3.95956741881483,3.95883310245912
Train,4.09688318371382,4.09687872158096
Train,4.22788248146663,4.2276978166104
Train,4.3532717463446,4.35288100233296
Train,4.4732692247139,4.4727453271756
Train,4.5880866177951,4.5878847110965
Train,4.69829906504583,4.69792995555539
Train,4.80405938971801,4.80375653630321
Train,4.90551810405756,4.90528820274843
Train,5.0031513190045,5.00275796941272
Train,2.12003463554383,2.12014293285241
Train,2.35714783650814,2.35706851595964
Train,2.57988878253158,2.57981348509415
Train,2.78952576432176,2.79007182339623
Train,2.98718210835904,2.98762708034186
Train,3.17385631307468,3.17432921057692
Train,3.35043891934648,3.35066452199529
Train,3.51772671694906,3.51833381706305
Train,3.67643476517014,3.67675894441194
Train,3.82720661015239,3.82728407237513
Train,3.97076419218273,3.97122386126497
Train,4.10734393666354,4.10776198292146
Train,4.23757068763201,4.23778814900501
Train,4.36187763354051,4.36214625742863
Train,4.48065945461069,4.48119532361519
Train,4.59427650878617,4.59432640951703
Train,4.70305848327393,4.70380225454423
Train,4.80730758961421,4.80788949091069
Train,4.9073013674932,4.90753448515383
Train,5.00329515207782,5.00348672665345
Train,3.80508631483291,3.80486772391154
Train,3.88654810933985,3.88681942067918
Train,3.96554137244398,3.96511078223406
Train,4.04217663505703,4.04192085832105
Train,4.11655792629238,4.11640766420018
Train,4.18878324460844,4.18877228830237
Train,4.25894498856847,4.25844984669524
Train,4.32713035119821,4.32744791824947
Train,4.39342168148047,4.3928529550088
Train,4.45789681613797,4.45838186053001
Train,4.52062938451491,4.52020856200974
Train,4.58168908906809,4.58165568108083
Train,4.64114196371404,4.64155660739047
Train,4.69905061204529,4.69893636027913
Train,4.75547442722233,4.75508525358086
Train,4.81046979516499,4.81052969856895
Train,4.86409028250449,4.8637324704126
Train,4.91638681061312,4.91663353486214
Train,4.96740781690015,4.96729604071365
Train,5.01719940444774,5.01642896542247
Train,3.18919590616482,3.18946661427466
Train,3.35110363820856,3.35094902913474
Train,3.50017321443827,3.49996807108468
Train,3.63809633302091,3.63712461737881
Train,3.76566391271009,3.76589721273407
Train,3.88419202512317,3.88363894072094
Train,3.99460860156457,3.9938199959673
Train,4.09771876847839,4.09722675531006
Train,4.19438176813094,4.19406804131208
Train,4.28488832998997,4.2845102342238
Train,4.36994699884477,4.36985729649163
Train,4.4500352933538,4.44867286242365
Train,4.52570006680876,4.52563037009017
Train,4.59706403329089,4.59665871575848
Train,4.66459410755469,4.66412804871501
Train,4.72859116050274,4.72822156702963
Train,4.78932538379668,4.7893087314936
Train,4.84713484658777,4.8471192988712
Train,4.90204523927743,4.90062861741748
Train,4.95435506960501,4.95428468352688
Train,2.12396630538222,2.1245315905347
Train,2.35179801990334,2.35213177052205
Train,2.56719130228627,2.56741834943963
Train,2.77113769693759,2.77115767967038
Train,2.96472585072628,2.96557106483882
Train,3.14834545487138,3.14740400214063
Train,3.3229274537559,3.32336799858453
Train,3.48912305658993,3.48929525674097
Train,3.64752237575987,3.64746939627215
Train,3.79866142779374,3.79867291996774
Train,3.94317785281554,3.94337908722295
Train,4.08121105218151,4.0815405313609
Train,4.21332460613861,4.21334257791235
Train,4.33989132251716,4.34053034413804
Train,4.46125334785472,4.4616150812711
Train,4.57772525603336,4.57823581205443
Train,4.68971305924139,4.68992575095612
Train,4.79724700049699,4.79757977613766
Train,4.90069504887542,4.90088819942534
Train,5.00028573597156,5.00045225952485
Train,2.12959268598176,2.12953305342156
Train,2.34922797403016,2.34926712299633
Train,2.55808462116416,2.55802336803967
Train,2.75693707001518,2.75773842447446
Train,2.94648730718673,2.94623000532223
Train,3.12737314322413,3.12750087310846
Train,3.300175382515,3.30067805449138
Train,3.46542405295298,3.46569372938242
Train,3.62360383613738,3.62443041740184
Train,3.77515881529847,3.77588445733121
Train,3.92049663890815,3.92091740632017
Train,4.05999218218508,4.06030381760715
Train,4.19399077574487,4.19409149249836
Train,4.32281105994149,4.3230876342553
Train,4.44674751456767,4.44710977043573
Train,4.56607270619007,4.56630129660183
Train,4.68103928921828,4.68145042948376
Train,4.79188179162676,4.79200439504924
Train,4.89881821189066,4.89897505850089
Train,5.00205145001714,5.00207077035006
Train,2.12566445510026,2.13044781932907
Train,2.3510771857013,2.35661170870875
Train,2.5643697422057,2.56679135576118
Train,2.76693524240595,2.76878446244731
Train,2.95935288700232,2.96255265986687
Train,3.14216688607041,3.14549524651587
Train,3.31645903249907,3.31968585108038
Train,3.48262977900552,3.48694683423158
Train,3.64106046988412,3.64289153026979
Train,3.79261081227122,3.79514470177522
Train,3.93756061359706,3.93863365044521
Train,4.07633189810952,4.08001889398869
Train,4.20916581699346,4.21149150437699
Train,4.33671472675721,4.34024185092707
Train,4.45915344895581,4.46218772526694
Train,4.57665406274027,4.57986123901932
Train,4.68975735968976,4.69247871543334
Train,4.79858602189858,4.79959407790951
Train,4.90326284345048,4.90269342330643
Train,5.00424258269513,5.00360778145327
Train,0.883406418023391,0.885033149987375
Train,1.16053240111596,1.16010203485925
Train,1.415347312742,1.41584316706789
Train,1.64968499032115,1.6501447666545
Train,1.8662672181082,1.86613136076115
Train,2.06736284559467,2.06755125897538
Train,2.25397073943433,2.25387195509606
Train,2.42788327684906,2.42768207167895
Train,2.59061699747766,2.59016954963075
Train,2.74272144222805,2.74262368155754
Train,2.88543657785304,2.88516313178692
Train,3.01960576818161,3.01932554851222
Train,3.14618016407275,3.14614507974906
Train,3.26539767298131,3.26517767882464
Train,3.37806498066384,3.3779806510814
Train,3.48488162631605,3.48477998434313
Train,3.58596105495869,3.58579993793532
Train,3.6819099195626,3.68156634671899
Train,3.77325840106972,3.77320853018531
Train,3.86004507831147,3.86029669282865
Train,2.1277819703467,2.12785820747953
Train,2.3553920426656,2.3559413543829
Train,2.57056746525497,2.57017014181323
Train,2.774510200992,2.77473503906944
Train,2.96767848696358,2.96779657889632
Train,3.15109327755476,3.15098602283828
Train,3.32547509579793,3.32523062808317
Train,3.49147520042057,3.49123503190853
Train,3.64984737003697,3.64969961450546
Train,3.80079286731003,3.80085313920275
Train,3.9449711958806,3.94489891297993
Train,4.0828274556459,4.08246668757996
Train,4.21490531602045,4.21483446221677
Train,4.34129827692849,4.34096786872245
Train,4.46249118487946,4.46250188044209
Train,4.57879848197566,4.57856632688921
Train,4.69050975921922,4.69022632377013
Train,4.79800371026766,4.79797202721815
Train,4.90129987929587,4.90126994662782
Train,5.00074266561156,5.00059629999154
Train,2.1202359420544,2.12103336943468
Train,2.35623760001112,2.35719465999349
Train,2.5780921314055,2.57990192860811
Train,2.78703459336688,2.78810879036095
Train,2.98416034608739,2.98583356403318
Train,3.17044426101161,3.17272932760747
Train,3.34675684452105,3.34869224686767
Train,3.51387783992243,3.51621911937613
Train,3.67250775616745,3.67444830290182
Train,3.82327768285522,3.82669617371934
Train,3.96675768152906,3.96944725785064
Train,4.1034639885138,4.10423927034784
Train,4.23386522114016,4.23673106529381
Train,4.35838774460766,4.36099808094363
Train,4.4774203290061,4.48003995949906
Train,4.59131820366708,4.59444726270007
Train,4.70040659791529,4.70216882078088
Train,4.80498384255612,4.80578428216389
Train,4.90532409438881,4.90550040646334
Train,5.00167973614037,5.00167937589353
Train,3.74273550016899,3.74345069954355
Train,3.82874242906088,3.82877175202369
Train,3.91204548926235,3.91251079423668
Train,3.99277021307129,3.99284635500075
Train,4.07103448043977,4.07102816579785
Train,4.14694909332201,4.1465387323245
Train,4.22061829905803,4.22124725903117
Train,4.29214026799212,4.29198092653527
Train,4.3616075299277,4.3615605267208
Train,4.42910737349907,4.42956056417674
Train,4.49472221208447,4.4947562491528
Train,4.55852991948575,4.55830456066027
Train,4.62060413824944,4.62054460439898
Train,4.68101456319575,4.68111600378537
Train,4.73982720245054,4.73926679164137
Train,4.79710461803561,4.79754184285988
Train,4.85290614786091,4.85346010499628
Train,4.90728811077458,4.90718468039844
Train,4.96030399616043,4.96012113552782
Train,5.01200463942448,5.01200125108729
Train,3.79693439556105,3.7972399524427
Train,3.87713520306871,3.87712696868615
Train,3.9550573806178,3.95504116963852
Train,4.03066236005442,4.03081505849181
Train,4.10431291925466,4.10434975659004
Train,4.17595643483801,4.17607370456457
Train,4.24567384459165,4.24544580053984
Train,4.31354179207023,4.31395731401639
Train,4.37951559202317,4.37973765013734
Train,4.44390176439146,4.44397096308088
Train,4.50664522886314,4.50632641557453
Train,4.5678080600802,4.56810293337398
Train,4.62734330767854,4.62751393634457
Train,4.68552151860691,4.68597225804691
Train,4.74228743974852,4.74217635920135
Train,4.79769187990683,4.79792491148177
Train,4.85178323955669,4.85230543949214
Train,4.90451375460769,4.90442846614891
Train,4.95611737794341,4.95627795875984
Train,5.00653996048326,5.00642150508642
Train,2.1221828949409,2.12173129348806
Train,2.33175225558076,2.33162641818702
Train,2.5328438757832,2.53222852677058
Train,2.72558592830184,2.72567182024644
Train,2.91066809938173,2.91074326390148
Train,3.08853811646379,3.08854514761546
Train,3.25977644433965,3.25995489334522
Train,3.42442543521786,3.42463999595779
Train,3.58301291669796,3.5826233315332
Train,3.73586756797782,3.7358892600117
Train,3.88343881385723,3.88383725556772
Train,4.02571753041377,4.02612843194069
Train,4.1631175952725,4.16292755969911
Train,4.29588570789803,4.29550592095469
Train,4.42437781882477,4.42407922298147
Train,4.54855396622357,4.54838258809317
Train,4.66874551509666,4.66789146571895
Train,4.78514122530234,4.78500896292675
Train,4.89802858904853,4.89782563919138
Train,5.00734949443841,5.00687020848485
Train,2.127363861585,2.12580679222659
Train,2.36120034487585,2.36112939759036
Train,2.58131109369605,2.58129536650298
Train,2.78887016057013,2.78878486008247
Train,2.98473759057274,2.98462672647141
Train,3.1702220432636,3.17007164699893
Train,3.34596255326694,3.34639964865559
Train,3.51270727830512,3.51270230497752
Train,3.67112969428027,3.67124361982345
Train,3.82183768690393,3.82173927108155
Train,3.96524621173849,3.96549009321674
Train,4.10213074547067,4.10223764256656
Train,4.23280324799678,4.23293854901416
Train,4.35767720435445,4.35773541084776
Train,4.47713019960063,4.47732962108998
Train,4.59150773221558,4.59150466022251
Train,4.70102304081977,4.70108643196576
Train,4.80617825226882,4.80635005901635
Train,4.90713312034883,4.90725300589324
Train,5.00413438630347,5.00405941501807
Train,2.12697172194735,2.1272293129426
Train,2.34708100812815,2.34024758208974
Train,2.55662844887172,2.54751439832975
Train,2.75589571631045,2.74708418762597
Train,2.94584034493259,2.93817195977894
Train,3.12710161436918,3.11677257625191
Train,3.30046199925953,3.29128405138757
Train,3.46604339843245,3.45853569553432
Train,3.62454114621304,3.61698350380388
Train,3.77640028600461,3.76693834796455
Train,3.92219814783348,3.91890109320806
Train,4.06196608943863,4.05950472327671
Train,4.19622609537134,4.1933535968877
Train,4.32529745712326,4.32397737173082
Train,4.44961942211055,4.44875399251609
Train,4.56917146386033,4.5681663697745
Train,4.68435652012277,4.68342187204538
Train,4.79540957440937,4.79415247037317
Train,4.90267360385345,4.90094612917377
Train,5.00609851481497,5.00392799174582
Train,2.12679631226947,2.12639170805627
Train,2.35941052263164,2.35959862527883
Train,2.57855838927712,2.5781441452294
Train,2.7853763926517,2.78510606727863
Train,2.9807093859723,2.98015308400712
Train,3.16580492170389,3.16491135120153
Train,3.34129673264503,3.34058396728718
Train,3.50791335586963,3.50756837621006
Train,3.66631145689403,3.66573259228093
Train,3.81708447918541,3.81669501643622
Train,3.9606466690095,3.96018616006253
Train,4.0977387037355,4.09723388207052
Train,4.22867562454959,4.22816355622339
Train,4.35386285562561,4.35363626663306
Train,4.47367098020691,4.47344810757417
Train,4.58843940454499,4.58837256180263
Train,4.69838477973748,4.69827836572071
Train,4.80398676873918,4.80381585026984
Train,4.90541021219951,4.90541994346708
Train,5.00289830872002,5.00251017223703
Train,2.11959601515214,2.11974086540644
Train,2.35722643235063,2.3570767089171
Train,2.58036662613676,2.58032766759274
Train,2.79030275957965,2.7903571690243
Train,2.98817315549093,2.98803173284463
Train,3.17512527668088,3.175117037705
Train,3.35178037342223,3.35110301251401
Train,3.51908850969932,3.51955176244732
Train,3.67777239842959,3.67742270859011
Train,3.82848211710734,3.82831402171936
Train,3.97180400931826,3.97154511967014
Train,4.10826830850856,4.10845729606657
Train,4.23835569298829,4.23814999683813
Train,4.36250294297825,4.36213756730134
Train,4.48110784000778,4.48118586934501
Train,4.59461671815349,4.59424221114235
Train,4.70319147943707,4.70331245650081
Train,4.80722338508463,4.80715013288713
Train,4.90699170771931,4.90691653921962
Train,5.0027532885297,5.00260175028447
Train,2.12039105261456,2.12011695059331
Train,2.3519822061585,2.35170050678638
Train,2.57043058964956,2.57048995161889
Train,2.77682410972723,2.77641102602351
Train,2.97213382689387,2.9718742413664
Train,3.15722923256873,3.15704667628446
Train,3.3328911903418,3.33286873130995
Train,3.49982294773069,3.49956484930075
Train,3.65865954593095,3.65863791482328
Train,3.80997589302896,3.80969893576397
Train,3.95429371703377,3.95425532816656
Train,4.09208757596232,4.09206468923943
Train,4.22379007087277,4.22372279972327
Train,4.3497963825008,4.34974091872058
Train,4.47046823172203,4.47041401716191
Train,4.58613734744369,4.58613553145764
Train,4.69710851194662,4.69716712499061
Train,4.80366224254902,4.80367531449732
Train,4.90605715927261,4.90603633037821
Train,5.00453208058388,5.00451373566315
Train,3.22398001027772,3.22349120750581
Train,3.29707425894986,3.2980981169297
Train,3.36821696589716,3.36815045324905
Train,3.43748525777209,3.43725103924075
Train,3.50495224991938,3.5050873062049
Train,3.57068730381067,3.57064522410868
Train,3.63475626490474,3.6337494312996
Train,3.69722168264786,3.69717580007486
Train,3.75814301415965,3.75819696174798
Train,3.81757681299849,3.81708119578465
Train,3.87542571072129,3.87591666108923
Train,3.93204693596976,3.93192103066243
Train,3.98733443150319,3.98760533175513
Train,4.04133477336249,4.04135319468545
Train,4.0940923938599,4.09423500930492
Train,4.14564970351116,4.14495563347222
Train,4.1960472047389,4.19573770868586
Train,4.24532359798794,4.24578517464246
Train,4.29351588083683,4.29311706176517
Train,4.34065944063894,4.34000038623193
Train,2.41237842794327,2.4131667592795
Train,2.51041837603494,2.50892791845612
Train,2.60552362221936,2.60599720689637
Train,2.69824767652747,2.69824991436175
Train,2.78826511213988,2.78937535405415
Train,2.87609419753086,2.87594652227775
Train,2.96142144075541,2.95970546642851
Train,3.04473318691561,3.04480875631847
Train,3.12572747707103,3.12675247503497
Train,3.20486164527284,3.20391581977523
Train,3.28184484139847,3.2823775704804
Train,3.35710795500672,3.35649545846749
Train,3.43037080987208,3.42942482819702
Train,3.50204012163821,3.50256853313325
Train,3.57184595081877,3.57160336449519
Train,3.64017285519684,3.64039464223819
Train,3.70676069880167,3.70723915658013
Train,3.77197367779375,3.77137712898033
Train,3.83556103484577,3.83584861836638
Train,3.89786821011268,3.89763261571565
Train,2.11374944733475,2.11327069712783
Train,2.34061683915293,2.34074020623151
Train,2.5556287583463,2.55590321405756
Train,2.75929575866743,2.75930687673312
Train,2.95267995739892,2.95273939278772
Train,3.13654092174186,3.13686969170734
Train,3.31173517103357,3.31200310022754
Train,3.47853700265252,3.47857051413152
Train,3.63768985289354,3.63798164576869
Train,3.78970806428591,3.78992319583116
Train,3.93520233142538,3.93540635816893
Train,4.07431271148091,4.07442916971408
Train,4.20757997417101,4.20778848412951
Train,4.33536469354172,4.33546578902891
Train,4.4581179357134,4.45826731498377
Train,4.57590120583772,4.57605325497783
Train,4.68912065863185,4.68902907097648
Train,4.79803650811661,4.79820564744872
Train,4.90299193878839,4.90297661978761
Train,5.00400163362495,5.00398047146731
Train,3.84189218210925,3.84105247213878
Train,3.91914570888167,3.9187530050934
Train,3.99404245335493,3.99428674151781
Train,4.06697075439214,4.06684055963191
Train,4.13773209783996,4.13804414548062
Train,4.20668850268692,4.20538325202719
Train,4.2736477309011,4.27400702994631
Train,4.33894810605683,4.33915458384066
Train,4.40240362912144,4.4018353550658
Train,4.46433121481758,4.46337499790601
Train,4.52455101246306,4.52438976384868
Train,4.58336052897372,4.58315227669513
Train,4.64058593291853,4.63927757752966
Train,4.69650708194124,4.69614611565916
Train,4.75095600778627,4.75081973505288
Train,4.80419647036785,4.80397868821668
Train,4.8560661902854,4.85610803756421
Train,4.90681420376901,4.90607352368746
Train,4.95628373434393,4.95542980956665
Train,5.00471031572566,5.0045563119223
Train,3.17326917347123,3.17306896979639
Train,3.31114591244312,3.3109886686237
Train,3.44256973444773,3.4435102639712
Train,3.56798329569134,3.56740687411215
Train,3.68794945837806,3.68825178225446
Train,3.80250955511672,3.80251667004844
Train,3.91216706133744,3.91207987213633
Train,4.01723009311391,4.01717233281519
Train,4.11798147716839,4.11791098681564
Train,4.21468129330634,4.21389255014432
Train,4.3076933378866,4.30841553825516
Train,4.39698546294538,4.39811861469783
Train,4.48289119812497,4.48338121541232
Train,4.56559960089773,4.56564840131827
Train,4.64528591275479,4.6449534697152
Train,4.72211279862145,4.72293148792445
Train,4.79633078743111,4.79669236266849
Train,4.86787852528508,4.86803042460664
Train,4.93699006652049,4.93719447962425
Train,5.00378775675194,5.00337972896372
Train,2.42746433646033,2.42792610130195
Train,2.48640199061086,2.48678340287583
Train,2.54435298802687,2.54412583598818
Train,2.60174376549108,2.60323078017822
Train,2.65838252697084,2.65802817941798
Train,2.71408770691495,2.71430542869561
Train,2.76926864099013,2.76976316493741
Train,2.82354918999678,2.82345350243699
Train,2.87732786557413,2.87821418130474
Train,2.9304241777447,2.93036765768405
Train,2.98266694162148,2.98178258116453
Train,3.03443921864485,3.03542204140316
Train,3.08556684506708,3.0843339443148
Train,3.1358844595936,3.13536434992997
Train,3.18576056252825,3.18551011554004
Train,3.23485397289149,3.23510880745593
Train,3.2835239492721,3.28310484515381
Train,3.3316061741713,3.33207389827507
Train,3.3789443720149,3.37907295245381
Train,3.42588457504986,3.42466440442362
Train,1.82646787689097,1.82659855269807
Train,1.90525791844439,1.90574850430343
Train,1.98270267548582,1.98332862983656
Train,2.05883631103993,2.05831150477601
Train,2.13391473999949,2.13454846706221
Train,2.20752038594211,2.20754660995803
Train,2.27991079699546,2.2801522463836
Train,2.35111582218725,2.35210956001023
Train,2.42116434093403,2.42115532945021
Train,2.49008430209492,2.49065708392512
Train,2.55810478786715,2.55801194735463
Train,2.62484475181526,2.62529200215644
Train,2.69053485946431,2.69052973441134
Train,2.75519968971901,2.75553006352706
Train,2.81886306018045,2.81886338549733
Train,2.88154805639523,2.88181192226179
Train,2.94346101440315,2.94371418714794
Train,3.00425295518589,3.00477378599166
Train,3.06413172113584,3.0643987953284
Train,3.12311773449742,3.12312298590981
Train,2.12516466065827,2.1258241318122
Train,2.33716114908949,2.33712224787663
Train,2.53996805982947,2.54024100246019
Train,2.7341702387169,2.73401070231406
Train,2.92030393462083,2.92080185578956
Train,3.09886174434207,3.09814603235858
Train,3.27029696576513,3.27068223217642
Train,3.4350274402613,3.43490219348891
Train,3.59343895291489,3.59351756734244
Train,3.74588824882124,3.74589643854628
Train,3.89270571509763,3.89242286342991
Train,4.03419777104592,4.03447209848158
Train,4.17064900285793,4.17029166157803
Train,4.30232407415955,4.30236811378412
Train,4.42946943938306,4.42925596021299
Train,4.55231488330608,4.55251037077536
Train,4.67107490699119,4.67081032276323
Train,4.78594997771227,4.78600798154579
Train,4.89712765818979,4.89707320197553
Train,5.00478362851573,5.00440938172173
Train,-2.74344279740449,-2.74423559040739
Train,-2.49832366551957,-2.49736662009096
Train,-2.2603346184739,-2.26048870015953
Train,-2.03018457327557,-2.03088264352633
Train,-1.8070023949338,-1.80692392321149
Train,-1.5899992113954,-1.58969829788626
Train,-1.37984986589535,-1.37986043482457
Train,-1.1753363876652,-1.17614170862513
Train,-0.977110728950478,-0.976000460790293
Train,-0.78446379399358,-0.785690445301644
Train,-0.596750155832868,-0.597208871136591
Train,-0.414587902391232,-0.413695043190874
Train,-0.237344491965689,-0.237014989144573
Train,-0.0644425461914411,-0.065262984918864
Train,0.103532628297502,0.103150405846772
Train,0.267510008998287,0.267304172221283
Train,0.426925364204251,0.427864405925301
Train,0.58230854151931,0.581656047294327
Train,0.734145301036514,0.733979376435254
Train,0.881901677704193,0.881471090235518
Train,4.22114307401785,4.22112014601802
Train,4.27092915387103,4.27108643985261
Train,4.31968659154348,4.3197119138625
Train,4.36744694060283,4.36733126751491
Train,4.41405882320019,4.41425894109338
Train,4.45991823203486,4.45957514373944
Train,4.50486769302297,4.50498044175614
Train,4.54893402305271,4.54908489337535
Train,4.59214299550984,4.59234114325076
Train,4.63451939054477,4.63447173779636
Train,4.67592558152676,4.67582962502123
Train,4.71671046143182,4.71661682351472
Train,4.75673152064307,4.75695109670991
Train,4.7960100173901,4.79615798674271
Train,4.83456642829078,4.83456696970674
Train,4.87242048394644,4.87243492979027
Train,4.9094467456612,4.90915793577218
Train,4.94595503797459,4.94611380885393
Train,4.98181595037012,4.98183090741653
Train,5.01704655092553,5.0169413981151
Train,4.11470868154158,4.11431541590568
Train,4.17185788001603,4.17192671146253
Train,4.22786464747821,4.22779090150138
Train,4.28235986950848,4.28202690071188
Train,4.33559920371485,4.33553312321814
Train,4.38762557000765,4.38749525909801
Train,4.43866756461441,4.43871484864061
Train,4.48838497194864,4.48825065171544
Train,4.53700712917677,4.53685904828884
Train,4.58456983373308,4.58456124830476
Train,4.63127910889496,4.63128384939986
Train,4.67682056651814,4.67673288693035
Train,4.72140114312707,4.72129533096662
Train,4.76505093175444,4.76516485789611
Train,4.80795663467098,4.80783243398613
Train,4.84982700370102,4.84991494995696
Train,4.89084974959399,4.89071478541004
Train,4.93105035333707,4.93121461940094
Train,4.97059884652402,4.97041416137503
Train,5.00922476797889,5.00886100249985
Train,4.21992064579747,4.21976746437789
Train,4.26974022623536,4.26982921327939
Train,4.31871438741194,4.31861706432968
Train,4.36649107150088,4.366510744598
Train,4.4132949956313,4.41339601300055
Train,4.45915556930988,4.45893398977418
Train,4.5042762066365,4.50432452608069
Train,4.54833022727626,4.54835979011326
Train,4.59152241289011,4.59142717740755
Train,4.63387780879594,4.63372094527071
Train,4.67558247784803,4.67566640503568
Train,4.71633256765756,4.71635458832528
Train,4.75631550314629,4.75630698577364
Train,4.79555274577615,4.79540179400132
Train,4.83421518048099,4.83422372734125
Train,4.87201954791835,4.87203379731212
Train,4.90913806551148,4.90910666222984
Train,4.94558922959314,4.94558085806997
Train,4.98153056800724,4.98151111661204
Train,5.01669745030281,5.01669745334069
Train,2.87111866873502,2.87137767356247
Train,3.03689672073881,3.03672236509223
Train,3.19420326832043,3.19420066005327
Train,3.34367149289273,3.3435132766302
Train,3.48587300900729,3.48591109823095
Train,3.62132516977263,3.62132368184606
Train,3.75049735616833,3.75058643567749
Train,3.87381641140306,3.87378679888419
Train,3.99167135290364,3.99182979143583
Train,4.10441747153266,4.10453165518842
Train,4.21255285242099,4.212641804252
Train,4.31602262236003,4.31624751186459
Train,4.41528112076258,4.41543165360994
Train,4.51058032119914,4.51076104918533
Train,4.6021524884946,4.6023217546593
Train,4.69021206873172,4.69036718640413
Train,4.77495736585336,4.77511463780169
Train,4.85657203245544,4.85664624741034
Train,4.93522639835917,4.93517934968107
Train,5.01107865718984,5.01096693429494
Train,4.3100877782714,4.31025807929322
Train,4.36115770628312,4.36198527049632
Train,4.41115580696383,4.41110415872239
Train,4.460115472284,4.46000884876261
Train,4.5080687214016,4.5083776707855
Train,4.55504627049331,4.55496759640149
Train,4.60107759836611,4.6011344375714
Train,4.64619100814373,4.64623362557026
Train,4.69041368529927,4.69051607689684
Train,4.73377175228393,4.73397632781265
Train,4.77615180588331,4.77613511649028
Train,4.81785766561425,4.8179774123549
Train,4.85877132938857,4.85875659561347
Train,4.89891515630077,4.89889571564558
Train,4.93831067186441,4.93828083451657
Train,4.97697860649986,4.97702928414068
Train,5.01493893190909,5.0148367606765
Train,5.05221089547164,5.05236696201458
Train,5.08881305278621,5.08872848120731
Train,5.12476329847349,5.12488169433922
Train,2.12016464815695,2.12066281561632
Train,2.35326866958822,2.35375675409008
Train,2.57297468503133,2.5731706158534
Train,2.78040553206236,2.78000112230287
Train,2.97656199015734,2.97671159890737
Train,3.1623389273006,3.16261742043056
Train,3.33853894949054,3.33846949532593
Train,3.50588399236667,3.50597494966709
Train,3.66502520805289,3.66557325404059
Train,3.81655143272875,3.81645884998064
Train,3.96120987843632,3.96157711031841
Train,4.09904913656665,4.09907958469406
Train,4.23073462779915,4.23112673624777
Train,4.35666945194845,4.35664204299823
Train,4.47722225462845,4.47720405965296
Train,4.59273083137362,4.59275394348728
Train,4.70350528861566,4.70375244847522
Train,4.80983082380676,4.8096678385867
Train,4.91197017717116,4.91199152608382
Train,5.01016579946084,5.01013126522443
Train,2.12744169858149,2.12771420472049
Train,2.37097148215785,2.37071157949171
Train,2.59827525324982,2.59829817497515
Train,2.81148519853475,2.81137127927499
Train,3.01160754951304,3.01182416047808
Train,3.1995623451935,3.19953315116649
Train,3.37689595906516,3.37662753054459
Train,3.54403966517891,3.54413315256746
Train,3.70226675376502,3.70194714033127
Train,3.85207286361524,3.85219986465594
Train,3.99392406399412,3.99365755568428
Train,4.12879595120404,4.12873485992744
Train,4.25702028443094,4.25688670111262
Train,4.37891419273124,4.37881303827666
Train,4.49524483898669,4.49523323142997
Train,4.60608839289181,4.60594382099438
Train,4.71210664365114,4.71199220773118
Train,4.81347243784163,4.81322180396668
Train,4.91035593674023,4.91023926116972
Train,5.00329603149841,5.00323633299407
Train,2.12923639582564,2.12922871858458
Train,2.36858506485633,2.36862347403652
Train,2.59262964289315,2.5924852235606
Train,2.80336348937816,2.80339554025553
Train,3.00166886516516,3.00152068029123
Train,3.18861376921444,3.18863084518884
Train,3.36490720732054,3.36481944143301
Train,3.53188827249751,3.53182937011874
Train,3.69006001258038,3.69005308719201
Train,3.84010163414292,3.84004649155608
Train,3.98242992542413,3.98222292366549
Train,4.11799433987357,4.11795876342361
Train,4.2470892381035,4.2469560146404
Train,4.37016694240817,4.37009279795015
Train,4.48747801001475,4.48742936438279
Train,4.59972512910831,4.59967983396777
Train,4.70708208102682,4.70692248059489
Train,4.80986162114214,4.80989189758324
Train,4.90821551623668,4.90811742704531
Train,5.00268217420648,5.00242103759441
Train,3.3581303555405,3.35751778123662
Train,3.48552923692209,3.48568917549195
Train,3.60621066552336,3.6059541590715
Train,3.72112022082648,3.72104565287222
Train,3.83045774514167,3.83017991927985
Train,3.93442447594735,3.93464598705972
Train,4.03377730617876,4.03330454729652
Train,4.1284616362552,4.12832663635922
Train,4.21913759707876,4.21923600640579
Train,4.3058916975546,4.30586337371855
Train,4.38881749164177,4.38871282971953
Train,4.46846075943748,4.46822612723403
Train,4.54486908582568,4.54484150612037
Train,4.61809814921101,4.61778781112511
Train,4.68860634215515,4.68840047420084
Train,4.75628783390436,4.75625332992635
Train,4.82155383094727,4.82169574318172
Train,4.8844130678437,4.88400058491092
Train,4.94488251793182,4.94496829627164
Train,5.00331509993132,5.00307816467679
Train,2.11970819002408,2.12003695049347
Train,2.35439695283502,2.35431328278932
Train,2.57501694188082,2.57517924063208
Train,2.78331881898011,2.78304347300795
Train,2.98005861875957,2.98018801571228
Train,3.16593902633131,3.1659361481746
Train,3.34227827471404,3.34188866030521
Train,3.50958157912856,3.50984756731699
Train,3.66832588576851,3.66845037968809
Train,3.81953245900865,3.81919493350355
Train,3.96354374363294,3.96378670121552
Train,4.10086139436776,4.10076090097786
Train,4.23177597874857,4.23186586650476
Train,4.35704135783907,4.35696732759456
Train,4.47686373351261,4.47697351250676
Train,4.59144524669837,4.59171234456366
Train,4.70140033199095,4.70122729896897
Train,4.80686990281105,4.80696916586598
Train,4.90799473991276,4.9079805445202
Train,5.00528413268445,5.00531446601812
Train,3.50580575900939,3.50608154910364
Train,3.77175036935444,3.77154124688817
Train,4.01367762902903,4.01364947463147
Train,4.23427948586878,4.23437275471437
Train,4.43664259910537,4.43649345259322
Train,4.62258293097934,4.62266226702044
Train,4.79435045109314,4.7942307171746
Train,4.95320089993264,4.95320582912822
Train,5.10068010819761,5.10063495393691
Train,5.23809903316935,5.23810572806027
Train,5.366206031209,5.36614784768821
Train,5.48614763116344,5.48613128729843
Train,5.59846330519902,5.59846922923529
Train,5.70395977203252,5.70397441725649
Train,5.80333583665748,5.80322183601524
Train,5.89692769142975,5.89691434929622
Train,5.98539726985254,5.98538293115993
Train,6.06899159481619,6.06896986364731
Train,6.14825647399482,6.14825362462792
Train,6.22337371728178,6.22334607674778
Train,-0.535805342382497,-0.534913681059753
Train,-0.168468699331958,-0.168735134966174
Train,0.173127250563216,0.173530174919815
Train,0.492658789088338,0.492642943814953
Train,0.791199143134699,0.791003154705631
Train,1.07168543207368,1.07170339154103
Train,1.33482617391665,1.33520576268924
Train,1.58301046245569,1.58250818759765
Train,1.81708578223305,1.817530631832
Train,2.03785188561479,2.03800218290629
Train,2.24711264355684,2.2474421745886
Train,2.44507903251402,2.44522476317647
Train,2.63327193619246,2.63339078148268
Train,2.81209679461256,2.81241037476351
Train,2.98195037854468,2.98221709140702
Train,3.14403533786045,3.14425709965357
Train,3.29835227457922,3.29864611994193
Train,3.44594250409114,3.44601757741688
Train,3.58676104415284,3.58694922549543
Train,3.72171743989085,3.72209357968526
Train,3.95263125566175,3.95250566940225
Train,4.02288648163984,4.02304611130816
Train,4.09099235056401,4.09091459408804
Train,4.15742951977435,4.15752985257708
Train,4.22207075531228,4.22218376027226
Train,4.28480585338668,4.28463277540717
Train,4.34607175127266,4.34614442813685
Train,4.40574598160853,4.40576478249417
Train,4.46372144599926,4.46361185995042
Train,4.52039716908693,4.52046148422809
Train,4.57565565102133,4.5756803450989
Train,4.62954939495117,4.62946335388764
Train,4.68197602719439,4.68210125207255
Train,4.73329136100342,4.73314653499468
Train,4.78338457262286,4.78349845227634
Train,4.83215704686244,4.83217339512552
Train,4.87993672087812,4.87996530001905
Train,4.92661768938206,4.92652195552213
Train,4.97210515319201,4.97225263727372
Train,5.01670238294885,5.01664077682502
Train,2.86040319676761,2.86049991778631
Train,2.95516200005257,2.95501283091502
Train,3.04712330231474,3.04674729519897
Train,3.13640918463351,3.13603603164878
Train,3.22313472655317,3.22309352639271
Train,3.30765142230709,3.30773425876972
Train,3.389569224302,3.38962183346879
Train,3.46923493619347,3.46892498328665
Train,3.5467401706057,3.54711471377808
Train,3.62217163770004,3.62199955162063
Train,3.69561146877738,3.69543258709958
Train,3.76713751458212,3.76680053717277
Train,3.83682362058526,3.83719313657488
Train,3.90473988129319,3.90453365619609
Train,3.97095287542302,3.9705057630293
Train,4.03571234856193,4.03584102628733
Train,4.09870102110598,4.09864779028643
Train,4.16016733033225,4.16001184569754
Train,4.22016580789655,4.22035728855402
Train,4.27874841172472,4.27805268208825
Train,3.94834857241857,3.94798275684147
Train,4.01740782830182,4.01726783299668
Train,4.08448366602558,4.08477810254621
Train,4.14999214614001,4.15016857799705
Train,4.21366295193003,4.213722357514
Train,4.27588763399669,4.27632476321227
Train,4.33640625917733,4.33694994938045
Train,4.39558801139962,4.39589330152952
Train,4.45332951202728,4.4516379577129
Train,4.50953957443521,4.50987295776062
Train,4.56455731325964,4.56432770931346
Train,4.61814675620209,4.61859063444203
Train,4.6706290126182,4.66967355210212
Train,4.72190723519698,4.72203250727611
Train,4.77189501457726,4.77139190543525
Train,4.82088906483323,4.82114633305022
Train,4.86867467599852,4.86849121096597
Train,4.91553384593695,4.91586214142293
Train,4.96125967032967,4.96096549095668
Train,5.0061205195486,5.00494814630869
Train,4.00572486412074,4.00563394550985
Train,4.07069386799758,4.07010751508491
Train,4.1341514785684,4.13413027796045
Train,4.19582186023062,4.19578946783653
Train,4.25593840039826,4.25594967267019
Train,4.31455909413189,4.31432009390695
Train,4.37189090164368,4.37048321045435
Train,4.42767899470071,4.42623081075211
Train,4.4821289332508,4.4814710970007
Train,4.53528829293779,4.53432574642497
Train,4.58734033580375,4.58590915084491
Train,4.63804930355442,4.6363778694525
Train,4.68759766170562,4.68625342936715
Train,4.73602480488829,4.73269708751317
Train,4.78349420479014,4.78111389691034
Train,4.82978737850795,4.82633906424084
Train,4.87506741754815,4.87342390639455
Train,4.91936722087082,4.91420107379448
Train,4.96283356217221,4.96173730321092
Train,5.00526359910687,5.00344182815965
Train,4.30786190900008,4.30898404850663
Train,4.34911875274351,4.34906325247934
Train,4.38958931103504,4.38996478897965
Train,4.42958690573192,4.42991094475141
Train,4.4688315680982,4.4690411623836
Train,4.50762669888236,4.50820772314395
Train,4.5457003340541,4.5465757329533
Train,4.58334642240813,4.58234208144708
Train,4.62043602756402,4.620508631457
Train,4.65684802204323,4.65771551609063
Train,4.69286298479566,4.69323580799968
Train,4.72822755697104,4.72858240860873
Train,4.76321391515958,4.76362911745158
Train,4.79770151081248,4.79797016932784
Train,4.83157681748398,4.83176621244487
Train,4.86510009875306,4.86581147672254
Train,4.89803478641953,4.89808818450032
Train,4.93063364025521,4.93015588186094
Train,4.96266634938228,4.96263407048385
Train,4.9943784928849,4.99367381851911
Train,2.11381598162526,2.12952154262015
Train,2.35975152066355,2.37389149244913
Train,2.58971946633783,2.5968781241448
Train,2.80467502260375,2.81366959617511
Train,3.00629967367229,3.0097103400752
Train,3.19603934511922,3.20313793812087
Train,3.3744561700665,3.38012654695407
Train,3.54275020653373,3.54691345225941
Train,3.70196371008232,3.70562988212836
Train,3.85242458682499,3.85492505094438
Train,3.99501860905168,3.99831680857309
Train,4.13034703663764,4.13430174219169
Train,4.25911725960685,4.26086972057814
Train,4.38147857577099,4.38178271110732
Train,4.49804807547099,4.49842255553298
Train,4.60937113197392,4.60943081699073
Train,4.71551941404335,4.71569651004969
Train,4.81697652558721,4.81693058467712
Train,4.9141723493683,4.91431380554999
Train,5.00712889188085,5.00713523500448
Train,2.12824086014106,2.12879057954919
Train,2.36563577693557,2.36579064987231
Train,2.58876682572363,2.58853155998653
Train,2.79834575793185,2.7983215190637
Train,2.99607567896539,2.9954910281543
Train,3.18245605234944,3.18216899284229
Train,3.35888799165738,3.35841169615591
Train,3.5257189974797,3.52552162365677
Train,3.68411765957447,3.68337509133411
Train,3.83432136404427,3.83388796791618
Train,3.97731673355594,3.97701850275038
Train,4.11326056571537,4.11343045255338
Train,4.24299498980412,4.24310195044231
Train,4.36661735849057,4.36664224639602
Train,4.48485354581673,4.48477496265545
Train,4.59775679944579,4.59751337738484
Train,4.70595833691108,4.70620008012915
Train,4.80947855874789,4.80912878582452
Train,4.90887077214744,4.90886483672724
Train,5.00413087628045,5.00401603559871
Train,2.12437101382411,2.12453137476254
Train,2.3512290524144,2.35128565343833
Train,2.56592591238666,2.56565805653585
Train,2.76941395359665,2.76942405275107
Train,2.96254862471074,2.96241603236407
Train,3.14610048437293,3.14627008246529
Train,3.32076547631727,3.3207411877905
Train,3.48717374731251,3.48723891639596
Train,3.64589724346215,3.64608804959638
Train,3.79745627785903,3.79776916991463
Train,3.9424936801774,3.94258415574799
Train,4.08109875316139,4.0812959228518
Train,4.21384435438266,4.21400153850695
Train,4.34109435273269,4.34130408218911
Train,4.46318310010972,4.46333541865382
Train,4.58041836494487,4.58072224311612
Train,4.69308392269098,4.69312441169526
Train,4.80144184917884,4.80159836684683
Train,4.90573455585667,4.905922227996
Train,5.00618660018172,5.00619974168361
Train,5.12825314714536,5.12823721545132
Train,5.22807324783376,5.22663344748284
Train,5.3234386606687,5.32339727238499
Train,5.41445300671969,5.41419419276857
Train,5.50149719276265,5.5012880203561
Train,5.58491156061234,5.58482095866415
Train,5.66475330276161,5.66471695075083
Train,5.74140541072409,5.74114244495135
Train,5.81490305516721,5.81485744168671
Train,5.88551001183648,5.88534047555944
Train,5.95346382818578,5.95357266608911
Train,6.01877586215715,6.01845774474927
Train,6.08166230086552,6.08178098493439
Train,6.1423186225749,6.14230314184018
Train,6.20074012447725,6.20068112756629
Train,6.25716493748282,6.25724413234851
Train,6.31158068255573,6.31144758379591
Train,6.36414726549828,6.36408299274111
Train,6.41501012561041,6.4151117973
Train,6.46414862124372,6.46409377488302
Train,3.80787064129186,3.8081816373436
Train,3.8898763491532,3.8900611746852
Train,3.96929618216408,3.96940893805944
Train,4.04625055192399,4.04625473004338
Train,4.12085250832296,4.12114113331549
Train,4.19303900848582,4.19303442877057
Train,4.26325354655403,4.26321562800726
Train,4.33141573353746,4.3313056677201
Train,4.39761425773164,4.39786712331474
Train,4.46193277000705,4.46194196091741
Train,4.52445023645379,4.5243921470122
Train,4.58524126181113,4.58536055403087
Train,4.64437638646708,4.6442633316204
Train,4.70192235951398,4.70209181770619
Train,4.75794239008229,4.75802241350751
Train,4.81236848862255,4.81227869034259
Train,4.86551652420822,4.86549887986106
Train,4.9173091080499,4.91741258651231
Train,4.96779744005766,4.96775892855507
Train,5.01703017355194,5.0170849336267
Train,3.806617109391,3.80637254041207
Train,3.88872745957526,3.88895787397481
Train,3.96805714263483,3.96798212789721
Train,4.04511904278585,4.04492365843393
Train,4.11982671861387,4.1199137064053
Train,4.19211020094286,4.1919778990908
Train,4.26242708916631,4.26259026765032
Train,4.33068986335162,4.33045674025047
Train,4.39682588928662,4.39685656288051
Train,4.46124608316893,4.46109456976259
Train,4.52386335476693,4.52385489333605
Train,4.58475234690992,4.58473914056443
Train,4.64383937400634,4.64399272726072
Train,4.70148360033293,4.7012909339995
Train,4.75760000785312,4.75766461752786
Train,4.81211536859238,4.81203787713306
Train,4.865356297876,4.86546135884631
Train,4.91724002756876,4.91702353233117
Train,4.96769448492966,4.96787016295488
Train,5.01701804254222,5.01687588144554
Train,3.80588284254704,3.80527125356306
Train,3.88763077769702,3.88769900377732
Train,3.9668537308049,3.96618605823309
Train,4.04366690789852,4.04317580378696
Train,4.11817861140821,4.11774749201353
Train,4.19049074964758,4.19049635379119
Train,4.26069930183139,4.26040897910056
Train,4.32889474309265,4.32897797579639
Train,4.39516243345652,4.39474228003231
Train,4.45958297428733,4.45905337027792
Train,4.52208645869079,4.52196382573524
Train,4.5830410130851,4.58259740846037
Train,4.64236465318102,4.64237505856576
Train,4.70012197055097,4.69927323474834
Train,4.75637419038466,4.75613656998607
Train,4.81117938797974,4.81048487002985
Train,4.86459268873759,4.86437014172983
Train,4.91666645311231,4.91590629920242
Train,4.96745044781713,4.96686747435009
Train,5.01699200446504,5.01570167021995
Train,0.176039307231385,0.176787703969548
Train,0.491829061560372,0.491903098087586
Train,0.786189983580055,0.785874140374598
Train,1.060260249714,1.06030189349471
Train,1.3165208250122,1.31637975012049
Train,1.55707898845063,1.55706480350485
Train,1.78253343107456,1.78227180040116
Train,1.99463927302696,1.99473374719158
Train,2.19490352153171,2.19476181442073
Train,2.3836181001812,2.38358304766583
Train,2.56207124256819,2.56208597340659
Train,2.73107775108345,2.73103956317786
Train,2.89165437654659,2.89164673855188
Train,3.04387222746022,3.04372458539578
Train,3.18862533618351,3.18869506131372
Train,3.32669603920296,3.32668737992057
Train,3.458066060632,3.45810036993711
Train,3.583435393406,3.58339927262781
Train,3.70342045735597,3.70348625949404
Train,3.81794992943887,3.81790101999863
Train,2.12504486247883,2.12450529763222
Train,2.37489199552404,2.37507650930487
Train,2.60767217902113,2.6069088831085
Train,2.8244986217606,2.8245593710038
Train,3.02722669966997,3.02682940246299
Train,3.21744156556698,3.21722171620271
Train,3.39579031130041,3.39551530487219
Train,3.56357351961028,3.56283386471327
Train,3.72191458341093,3.72237923534916
Train,3.8711886297476,3.87106087117567
Train,4.0123415361702,4.01262108057048
Train,4.1460184888255,4.14599993388614
Train,4.27296821072343,4.27320337267733
Train,4.39336241952189,4.39317983820214
Train,4.50784962688509,4.50795525997668
Train,4.617000697633,4.61711116179717
Train,4.72090040077817,4.721024900797
Train,4.82005198778212,4.8199489108359
Train,4.91490121639626,4.91493939947972
Train,5.00547786237325,5.00540806592684
Train,2.12749913734611,2.12744483917262
Train,2.37925839223504,2.3795320937555
Train,2.61285901515677,2.61265529505757
Train,2.83078537289142,2.83073654173344
Train,3.03428807162891,3.03449366499111
Train,3.22475320633669,3.22462550682971
Train,3.40315267803497,3.40318824955679
Train,3.57105287025575,3.57108539308896
Train,3.7291390736078,3.7291937892281
Train,3.87824731562602,3.87823879955826
Train,4.01892969351737,4.01906379204078
Train,4.15224331228767,4.15219298632868
Train,4.27857991926452,4.27853261569757
Train,4.39847326376307,4.39869400947859
Train,4.51224861884756,4.51224496575591
Train,4.62065821805496,4.6206876577838
Train,4.72393158977961,4.72391508401264
Train,4.82242530335493,4.82251571802984
Train,4.91633511783574,4.91636656417753
Train,5.00621937921477,5.00618056785092
Train,2.12250081614239,2.12264619739139
Train,2.37137815312197,2.37124536979385
Train,2.6035019872609,2.60352144107523
Train,2.81992548588734,2.82004163406085
Train,3.02273494307519,3.02268061934077
Train,3.21266267447096,3.21265408024405
Train,3.39137986178172,3.39134625991423
Train,3.55939585741418,3.55967318642646
Train,3.71785785359595,3.71768465122508
Train,3.86776095855601,3.86771956752122
Train,4.00939607948925,4.009515277134
Train,4.14379257918816,4.143730893595
Train,4.27114552784829,4.27113922204293
Train,4.39215851123576,4.39232529590876
Train,4.50744991679182,4.50737243422403
Train,4.61711762343804,4.61722499115634
Train,4.7218475913991,4.7217079621499
Train,4.82169386306172,4.82172820250556
Train,4.91724991121634,4.91730372684318
Train,5.00853741419454,5.00857778234635
Train,3.12589242671175,3.12330954158309
Train,3.18840736762524,3.18540962193432
Train,3.24961871669671,3.24486143092357
Train,3.3093403703835,3.30878619569043
Train,3.36806855125741,3.36571062775542
Train,3.4256092008536,3.42184355553249
Train,3.48199797791098,3.47981117866069
Train,3.53726912765386,3.53512634536159
Train,3.59125075452547,3.58752785918326
Train,3.64438803489498,3.6437594991024
Train,3.69650250230504,3.69366211879091
Train,3.74762340667057,3.74618765331465
Train,3.79758926075564,3.79679228084054
Train,3.8468099525491,3.84330165634159
Train,3.89511830851896,3.89398465115513
Train,3.94253946179539,3.93993170889584
Train,3.98909763074818,3.98565208512658
Train,4.03464322954132,4.0335765582989
Train,4.07954770695401,4.07685051699658
Train,4.1236566866922,4.12070696152508
Train,2.30174952238649,2.30140752110523
Train,2.42563849430021,2.42535207677642
Train,2.54472832004564,2.54501256364014
Train,2.65986408848766,2.65999119973852
Train,2.77096213948657,2.77058717679605
Train,2.8782312120723,2.87850234020001
Train,2.9816079679532,2.98080895372399
Train,3.08179842266637,3.0820572143842
Train,3.17870542979105,3.17850087071414
Train,3.27248779514222,3.27302951934538
Train,3.36306799464951,3.3621347485226
Train,3.45104497922095,3.45111827040304
Train,3.53631602303299,3.53588738490211
Train,3.61900407670275,3.61931936649338
Train,3.69902468544491,3.6977288633046
Train,3.77689263870125,3.77724145900933
Train,3.85250428662077,3.85213151790444
Train,3.92595629688816,3.92538812152483
Train,3.99716171304927,3.99612952424135
Train,4.06656796529797,4.06644827390332
Train,3.80127752748531,3.80055684881003
Train,3.88376399142518,3.88340361914592
Train,3.96354427333367,3.96339673232645
Train,4.04074939885598,4.04027610141778
Train,4.11550206946231,4.11477986178792
Train,4.18807501362775,4.18758247175205
Train,4.25825595785258,4.25801604652073
Train,4.32630903701418,4.32613409560357
Train,4.39232958027726,4.39152807205604
Train,4.45640730621492,4.45621090070048
Train,4.51862672958719,4.51792170356051
Train,4.57906753323467,4.57867313485107
Train,4.6378049085286,4.63735706952715
Train,4.69490986743565,4.69469205257186
Train,4.75044952892091,4.75013146037449
Train,4.80460531499195,4.80429504281195
Train,4.85719833594022,4.8565039954577
Train,4.90840670928397,4.90850078521393
Train,4.95828440621353,4.95780324270012
Train,5.00688262895638,5.0060734188431
Train,4.42405771003172,4.42502873505358
Train,4.4670126291091,4.46692889138498
Train,4.50905801934973,4.50912482450653
Train,4.55049287462654,4.55100958422403
Train,4.59119658831956,4.59140765988408
Train,4.63118834329603,4.63122076287467
Train,4.67035808054275,4.67043410451
Train,4.70898303512818,4.71014035948823
Train,4.74694964498972,4.74715875826072
Train,4.78427459967259,4.78470868219514
Train,4.82085392069449,4.82148854348847
Train,4.85694540720588,4.8573751263851
Train,4.89244199366787,4.89258353819818
Train,4.92735826855581,4.9281293288171
Train,4.96159589677789,4.96136039590996
Train,4.99539524201747,4.99553833485183
Train,5.02865523458299,5.02882953474395
Train,5.06138868235503,5.0616067909817
Train,5.09350248887403,5.09358253859895
Train,5.12522131481153,5.1246278662787
Train,4.07463428571429,4.07644428931448
Train,4.1424878817734,4.14341819394243
Train,4.20763150318192,4.20880286586029
Train,4.27005571943413,4.27016052937173
Train,4.33025108942232,4.33315551949485
Train,4.38817811066825,4.38867666341897
Train,4.44396262968043,4.44666453898966
Train,4.49772135282087,4.50190068363949
Train,4.54942277315042,4.54934962237015
Train,4.59945231154328,4.60274777407389
Train,4.64775881540354,4.64958658468671
Train,4.69442979071714,4.69423528204274
Train,4.73942502629774,4.7395564122547
Train,4.7830685914796,4.78345181739709
Train,4.8253058575665,4.82543649272915
Train,4.86620371825587,4.8670825072389
Train,4.90582489087089,4.90558137681213
Train,4.94412435061645,4.94415969602627
Train,4.98136829008649,4.9812882552163
Train,5.01750156316566,5.01719696571521
Train,4.11391224174551,4.1134009941546
Train,4.17086899875919,4.17096553510995
Train,4.22654643261608,4.22668295953767
Train,4.28098716752216,4.28087770865235
Train,4.33423195495662,4.33434025201344
Train,4.386319775404,4.38626639508069
Train,4.43728793352601,4.43727552078266
Train,4.48717214726119,4.48687050754446
Train,4.53600663129973,4.53621766959835
Train,4.58382417534343,4.58392644932095
Train,4.63052638339636,4.63023137161357
Train,4.67640571428571,4.67628073199588
Train,4.72135855700427,4.72141899305856
Train,4.76541269530156,4.76527003558143
Train,4.80859481300768,4.80819933585584
Train,4.85093054793016,4.85120673276318
Train,4.89244454261248,4.89206669322297
Train,4.9331604921652,4.93263946467991
Train,4.97310118936505,4.97317339572905
Train,5.01228856720203,5.01175399252892
Train,4.31041569693412,4.30986569146111
Train,4.36150201322049,4.36151326780449
Train,4.4113712724966,4.4115359672563
Train,4.4603569816047,4.46005932391776
Train,4.50833916000455,4.50821515159836
Train,4.55534833281064,4.55543466607409
Train,4.60127684922546,4.60108260416231
Train,4.64642945323015,4.64674692390903
Train,4.69069343394197,4.69075012205789
Train,4.73409476849156,4.73400311247891
Train,4.77653184227533,4.77606857043278
Train,4.81828426118081,4.81829428056002
Train,4.85924606970945,4.85924758008909
Train,4.8994395133602,4.89950545073438
Train,4.93876865029425,4.93871765027356
Train,4.97749098250746,4.97739587934333
Train,5.01550681702997,5.01564599084153
Train,5.05283531438251,5.05287417821668
Train,5.08938584281513,5.08898749665454
Train,5.12539636033461,5.12528374779353
Train,2.13243861956292,2.13393787287199
Train,2.34128924043706,2.34194902771045
Train,2.54147236406507,2.54196441612506
Train,2.73351658577987,2.73423856919393
Train,2.91764908754638,2.91813018913157
Train,3.09484693270104,3.09578620166425
Train,3.26525431926018,3.26630803617294
Train,3.42925423805619,3.43034348971409
Train,3.58720140982669,3.58810587243928
Train,3.73942484636421,3.74029569376065
Train,3.88602325679968,3.88682877534151
Train,4.02770179249685,4.02834044309051
Train,4.1645107136517,4.16490263436421
Train,4.29669683792838,4.29722747993432
Train,4.42449058009706,4.42489886962934
Train,4.54810729238474,4.54846974848837
Train,4.66757958015531,4.66779847395295
Train,4.78343928285984,4.78372381369112
Train,4.89568893908169,4.89579641878876
Train,5.00449468742572,5.00446631487861
Train,2.12760523077417,2.12980358377021
Train,2.34637372309523,2.34713262422369
Train,2.55457813048694,2.55490001282154
Train,2.75296560508509,2.75391502938359
Train,2.94221446468269,2.9423580538299
Train,3.123221454504,3.12424763883095
Train,3.29597824642569,3.29608992667485
Train,3.46129167080254,3.46199079857828
Train,3.61963263821041,3.62012077759058
Train,3.77143315625735,3.77178673149168
Train,3.9170902656182,3.9175805340113
Train,4.05696950766991,4.05739547253173
Train,4.19140798749415,4.19179233978715
Train,4.32071708628142,4.32074505868726
Train,4.44518486907893,4.44575719989583
Train,4.56526444033518,4.56560143000601
Train,4.68082434171382,4.68097224687002
Train,4.7922878682364,4.7921769813532
Train,4.89986903945461,4.89992748902509
Train,5.00376722120807,5.00357624107559
Train,0.881313407493903,0.882659512504997
Train,1.04022533311853,1.04055740802354
Train,1.19485035881755,1.19504989068295
Train,1.34455630837884,1.34476632714572
Train,1.49035156023774,1.49053839286566
Train,1.63162894722668,1.63196730710328
Train,1.76932972330652,1.76987254739501
Train,1.90287082845417,1.90357922594771
Train,2.03278477320619,2.03283210127696
Train,2.15955630663759,2.16001978845301
Train,2.28263671028192,2.28289827366674
Train,2.40282653217886,2.40315247005705
Train,2.51959872791927,2.51980748223135
Train,2.63340110973659,2.63355958174938
Train,2.74464323365736,2.74458407651249
Train,2.85282871803426,2.853275547803
Train,2.95864722385864,2.95863011290416
Train,3.06162162721572,3.06157008265867
Train,3.16240370553857,3.16283891286943
Train,3.26053467173671,3.26046140738466
Train,3.20745703847065,3.2091204094489
Train,3.30170650686263,3.30302067754959
Train,3.39306209800919,3.39290696338352
Train,3.481655078994,3.48159195424372
Train,3.56760889607013,3.56880757892062
Train,3.65103974856348,3.65305285242934
Train,3.73205711297071,3.73344012208176
Train,3.81076422222222,3.81047880444961
Train,3.88725850452219,3.88816728782544
Train,3.96163198568811,3.96352772473105
Train,4.03414958402946,4.03379890101709
Train,4.10453298015473,4.10474188400471
Train,4.17304297401347,4.17394395808
Train,4.23975338006026,4.23979555055697
Train,4.30473418517441,4.30570428340283
Train,4.36805179357886,4.36786797983072
Train,4.42976925319048,4.43045876159371
Train,4.48994646502365,4.49038927772048
Train,4.54864037710914,4.54889214449789
Train,4.60590516424798,4.60635124413451
Train,3.81322948551779,3.81270772293496
Train,3.90691893116058,3.90683769843084
Train,3.99499599651112,3.99503988662613
Train,4.07829800435941,4.07814591040946
Train,4.15687309776207,4.15659878954679
Train,4.2314241501863,4.23132815458152
Train,4.30195598079178,4.30196962398471
Train,4.36906600413628,4.36864888032718
Train,4.43286309570572,4.43283926601574
Train,4.49345921462985,4.49329358973622
Train,4.55133206798867,4.55120768147239
Train,4.60642880980625,4.60637082808384
Train,4.6591659071363,4.65900448334136
Train,4.7095853832341,4.70956815541134
Train,4.75773519097383,4.75735373284473
Train,4.80395954642162,4.8040557377229
Train,4.84818469075593,4.84783134719904
Train,4.89071654213727,4.89079078712379
Train,4.9314780344064,4.93149890463095
Train,4.97074279761159,4.97051278503053
Train,2.11871101732342,2.11918788502438
Train,2.35639971209534,2.35590052271649
Train,2.57961855820311,2.57979279207788
Train,2.78989134529572,2.78917184535961
Train,2.98785655932474,2.98777542798265
Train,3.17477896625679,3.17498127245775
Train,3.35155747229536,3.35083426994091
Train,3.51899599735828,3.5193518151776
Train,3.67799902481864,3.67722320579045
Train,3.82883959521849,3.8288206826713
Train,3.97229603415125,3.97191608325587
Train,4.10889760260885,4.10866606487829
Train,4.23927485409542,4.23894050885641
Train,4.36355570378415,4.3634453205544
Train,4.48229529172797,4.48139257050056
Train,4.59585613532836,4.59550771651115
Train,4.70456980496575,4.70424194475921
Train,4.80886099985393,4.80828990929725
Train,4.90876211796032,4.90764209033145
Train,5.00465578625424,5.00373847332807
Train,2.12948535332106,2.12897160115093
Train,2.36808451852299,2.36780442756057
Train,2.59186526912554,2.59146796103445
Train,2.80216649499457,2.80144804192454
Train,3.000170504711,2.99920304394103
Train,3.18692526529574,3.18638557918015
Train,3.36336295610416,3.36266120929426
Train,3.53031553040329,3.52973287944254
Train,3.68852783291814,3.68794292868037
Train,3.8386687097472,3.83821054368158
Train,3.98117658853724,3.98084773819422
Train,4.11693089856034,4.11649008434173
Train,4.24625164233841,4.24595804908162
Train,4.36958557581574,4.36907160625773
Train,4.48733902625815,4.48706939145844
Train,4.59988236426554,4.5996071208086
Train,4.7075538950272,4.70720536743678
Train,4.8106632549458,4.81025111798803
Train,4.90949438546162,4.90931484873576
Train,5.0043081442292,5.00383535054274
Train,3.80686095628512,3.80686987318253
Train,3.88825780035489,3.88819776482918
Train,3.96735305420407,3.96713102481075
Train,4.04390277421532,4.04391744590097
Train,4.11819219791182,4.11804147430515
Train,4.19048006029031,4.19037546774629
Train,4.26053463553273,4.26047350477014
Train,4.32860849110071,4.32835111092785
Train,4.39493142283059,4.39469684547143
Train,4.45928377012633,4.45892147447224
Train,4.52189070250458,4.52175017500698
Train,4.58282228061717,4.58268253894343
Train,4.64227670641411,4.64222431432276
Train,4.70004978487365,4.6999837693132
Train,4.75633656690906,4.75621940000414
Train,4.81131565928723,4.81139421635302
Train,4.86479384963001,4.86469218805572
Train,4.91694739191074,4.91707501562118
Train,4.96793808513569,4.96786759817254
Train,5.01758310678026,5.01740816286323
Train,3.80679430504339,3.80764098358699
Train,3.88778650624006,3.88772905388245
Train,3.96636833684948,3.96739290332183
Train,4.04264582006686,4.0440073956764
Train,4.11688107377723,4.11686087339544
Train,4.18883926678568,4.18926784138815
Train,4.25877631363443,4.25992581212844
Train,4.32677618926272,4.32637612772154
Train,4.39291828014959,4.39347036242392
Train,4.45727769348714,4.45771182073653
Train,4.52006290390445,4.52001413692627
Train,4.58106298535578,4.58069709840705
Train,4.64048290846607,4.64053072550663
Train,4.69838328726409,4.69916664415936
Train,4.75482167475606,4.75417398030035
Train,4.80985275374445,4.81013246537108
Train,4.86364632096847,4.86423623471486
Train,4.91601337261856,4.91573805575748
Train,4.96712174883294,4.96696293603085
Train,5.01701629032258,5.01709573802358
Train,3.80611972270364,3.80709415428859
Train,3.88731910707581,3.88658808333852
Train,3.96625146411162,3.96740487270867
Train,4.04267301536831,4.04384628947659
Train,4.11702825065274,4.11767907887983
Train,4.18908159294882,4.18898467180255
Train,4.25924659584589,4.2595755470887
Train,4.32729583140517,4.32713963975979
Train,4.39361508479803,4.39480933938679
Train,4.45798494631505,4.45796915263631
Train,4.52076618154539,4.52034361191758
Train,4.58174721307592,4.58332709013697
Train,4.64126618351841,4.64031870000539
Train,4.69911912423919,4.69995204012079
Train,4.75562365370924,4.75608437872355
Train,4.81058316405152,4.81049988508888
Train,4.86429659539017,4.863852272358
Train,4.91657443783087,4.91648876024405
Train,4.96769858284785,4.96838277244236
Train,5.01748634825444,5.01688865290847
Train,3.80623805303049,3.80516765886781
Train,3.88753078020919,3.88740512246508
Train,3.96637498914405,3.96614846913357
Train,4.04271066599911,4.04255859374674
Train,4.11698331648424,4.11693816169494
Train,4.18911552401937,4.18869077268604
Train,4.25919850153353,4.2591798738525
Train,4.32731835193961,4.3268125263406
Train,4.39340995199618,4.3934833362276
Train,4.45784711642854,4.45751209504882
Train,4.52055203115629,4.52035814727637
Train,4.58159362124596,4.58139107609381
Train,4.64090566213999,4.64116720247543
Train,4.69881655337345,4.6981650837682
Train,4.75525002877237,4.7550065414201
Train,4.81026191371953,4.81009504065727
Train,4.86390525603733,4.86371733027985
Train,4.9161146136343,4.91594903134895
Train,4.96717254044537,4.96729030898345
Train,5.01700594790432,5.01616842990765
Train,3.80454649010638,3.80472091541227
Train,3.88620973410509,3.88573274723452
Train,3.96520051675306,3.96547905290785
Train,4.04200080796561,4.04212009194302
Train,4.11652832777307,4.11625375967409
Train,4.18871590068989,4.18907503460863
Train,4.25899516781115,4.25914338677316
Train,4.32712567822561,4.32692348355917
Train,4.39350985115307,4.3938614293132
Train,4.4580647114781,4.45789047946741
Train,4.52072010590495,4.52068284672563
Train,4.58183995535504,4.5818217725558
Train,4.64134236269766,4.6415751970438
Train,4.69915706485423,4.69865877400147
Train,4.7556148422511,4.75578548469488
Train,4.81050863151791,4.81066855969979
Train,4.86414962297946,4.86426921114466
Train,4.91645909771057,4.91640921324355
Train,4.96736826217722,4.96715725842872
Train,5.01716207657154,5.01713049626263
Train,3.80700622888093,3.80680927593343
Train,3.88877427138241,3.88883505318367
Train,3.96800600174478,3.96817328598112
Train,4.04481762614159,4.04501358932097
Train,4.1193183585778,4.11911233439818
Train,4.19176990969564,4.19166350433656
Train,4.26194646769299,4.26218578916663
Train,4.33010297897973,4.33015563661169
Train,4.39632542721955,4.39616446225986
Train,4.46069498446434,4.4608174078115
Train,4.52328834308046,4.52315834733812
Train,4.58417802057164,4.58447628444477
Train,4.64343263984584,4.64319833652766
Train,4.70111718720335,4.70110681486252
Train,4.75729325008537,4.75767807162478
Train,4.81213981254375,4.81211135448606
Train,4.86546810011917,4.86516120956216
Train,4.91745449790918,4.91762686759679
Train,4.96814902518575,4.96805986957619
Train,5.01759924575596,5.01770540920401
Train,3.80596336604268,3.804520755168
Train,3.88769996513518,3.88700251120312
Train,3.96674161449095,3.96655558895722
Train,4.04355965949606,4.04354747799365
Train,4.11808074467046,4.11746510999214
Train,4.19040637558598,4.19029871312736
Train,4.26047628850373,4.25987688005111
Train,4.32869680202522,4.32928199216471
Train,4.39499247859256,4.39423249201203
Train,4.45944364865415,4.4588094614613
Train,4.52198698971251,4.52218191099959
Train,4.58297654566406,4.58192195746446
Train,4.6423371550814,4.64246035710888
Train,4.70013321830006,4.69967832917095
Train,4.75630064541361,4.75580527206543
Train,4.81115082293435,4.81146282015683
Train,4.86461027507873,4.86379639596847
Train,4.91673123242365,4.91673353272776
Train,4.96745026806128,4.96712014142244
Train,5.01704349793831,5.01642665998801
Train,2.12495056724821,2.12676284112453
Train,2.34945777282283,2.35015019492343
Train,2.56222321742098,2.56223322108994
Train,2.7641445707376,2.76425645505
Train,2.95625223204811,2.9560648024802
Train,3.13882167745276,3.14018521699321
Train,3.31274714406066,3.31155239982976
Train,3.47862832524072,3.47974551548972
Train,3.63701069498069,3.63670951925664
Train,3.78839150003933,3.78734522234876
Train,3.93339306210399,3.93280310448457
Train,4.07208793953699,4.06969736238747
Train,4.20503299368069,4.20410663632932
Train,4.33257851609173,4.33283920716925
Train,4.45504691063629,4.45512632043241
Train,4.57273541460253,4.57232021379454
Train,4.68605019663049,4.68574911929531
Train,4.79497683635959,4.79478316201343
Train,4.89988733030091,4.89910669345985
Train,5.00099977196109,5.00051510188345
Train,3.12057470503998,3.12228700781119
Train,3.25056695041291,3.25160417852961
Train,3.37621872657534,3.38114917176639
Train,3.4977438575222,3.49890795346286
Train,3.61534234937141,3.61662032376838
Train,3.72937877692919,3.73189671816575
Train,3.8396686208536,3.84214717589779
Train,3.94655966910797,3.94886981829253
Train,4.05020664832263,4.05304413933694
Train,4.15075503382182,4.15294439634303
Train,4.24834173087499,4.24906823221894
Train,4.3430956966223,4.34383130074852
Train,4.43513850861546,4.43732283782296
Train,4.52458488524473,4.52559000795221
Train,4.61154316273624,4.61307486310247
Train,4.69624771173823,4.69706282270121
Train,4.77852787647681,4.7801318659061
Train,4.85861100191392,4.85964424333937
Train,4.93658392646145,4.93690802562409
Train,5.01252897163456,5.01250488626314
Train,4.42397364004492,4.42427134566818
Train,4.46683735539606,4.46690782701475
Train,4.50893936539061,4.50904642784584
Train,4.55029979492786,4.55110273241584
Train,4.59081178213107,4.59090389929983
Train,4.6307488212185,4.63092975323738
Train,4.67000050224061,4.67024708803941
Train,4.70858431721445,4.70895028598383
Train,4.74651716792629,4.74670271597492
Train,4.78381539061844,4.78405281388981
Train,4.82038074793771,4.82040734680626
Train,4.8564584459679,4.85651662386439
Train,4.89194731473712,4.89209697291366
Train,4.92686165310814,4.92682915127292
Train,4.9612153006917,4.96136546083866
Train,4.99502165613748,4.99507482168914
Train,5.02819021518429,5.02826375036087
Train,5.06094212110785,5.06083273894032
Train,5.09318441768244,5.09327637802775
Train,5.12492890713027,5.12474268221044
Train,2.12550104692162,2.12552842393628
Train,2.36249646776252,2.36234416751025
Train,2.58505640723356,2.58487992034346
Train,2.79446079096045,2.79421159616171
Train,2.99161351625738,2.99138010408782
Train,3.17799179941986,3.17770654794944
Train,3.3542501589361,3.35327287582035
Train,3.52119104304165,3.52054502053792
Train,3.67953424563131,3.67960765213351
Train,3.82992728112534,3.82846082878163
Train,3.9727875343067,3.97217280167237
Train,4.10898451819272,4.10875177292322
Train,4.23882202114306,4.23743921204217
Train,4.36273529873528,4.36230895210096
Train,4.48112077281812,4.4802313327003
Train,4.59434026797352,4.59379345399278
Train,4.70259797540691,4.70214352258548
Train,4.80645584613463,4.80564526341399
Train,4.90605999608534,4.90529893860579
Train,5.00166651130452,5.00081274297039
Train,2.12904881893534,2.12828446052876
Train,2.36467502334078,2.36469728851292
Train,2.5863717544168,2.58648183691033
Train,2.79486546174269,2.79441842442824
Train,2.99152432623126,2.99185700700977
Train,3.17753928220471,3.17719819156113
Train,3.35335162280537,3.35390178662632
Train,3.51996756608778,3.51968761146994
Train,3.67827029863456,3.67845542146673
Train,3.8285242355018,3.82897493729464
Train,3.97149069765597,3.9714489880483
Train,4.10768730780933,4.10832873432295
Train,4.23773203527581,4.23786440931357
Train,4.36174904466134,4.36159429347239
Train,4.48028311048674,4.4800648310032
Train,4.59381959626278,4.59386393106464
Train,4.70241946335215,4.70278956021351
Train,4.8065167131807,4.80659757638054
Train,4.90649997779317,4.90658478444524
Train,5.00238865030275,5.00253970776461
Train,2.12501527018452,2.12538573945343
Train,2.35003051178219,2.3501964417031
Train,2.56320298552501,2.56299817116664
Train,2.76544366309285,2.76580809361834
Train,2.9577821852447,2.9580294035571
Train,3.14052880265688,3.14023322532224
Train,3.31457352501106,3.31480659514849
Train,3.48052343913084,3.48046905399527
Train,3.63893044409494,3.63876632989408
Train,3.79029738299524,3.79031691437043
Train,3.935241980896,3.93556485450093
Train,4.07386039520268,4.07413792539804
Train,4.20670336561969,4.2066412108455
Train,4.3341244713593,4.334511778174
Train,4.4564490068171,4.45622514250712
Train,4.57397675444721,4.57399344852669
Train,4.68710854989513,4.68713366814185
Train,4.79584736949743,4.79517741582307
Train,4.90055910934902,4.90016797867642
Train,5.00146341314049,5.00117848515796
Train,2.42904274077958,2.42918504612893
Train,2.54128805417005,2.54147414336907
Train,2.65056593256424,2.65077661237441
Train,2.7564785354289,2.75626778063301
Train,2.85942745828435,2.85954939322104
Train,2.95977794398226,2.95954728227874
Train,3.05715430887349,3.05714725772699
Train,3.15214540181046,3.15222363823554
Train,3.24438972506331,3.24421095025022
Train,3.33422175797062,3.33420293909725
Train,3.4219471433464,3.42181102440949
Train,3.50722467475221,3.50747125244956
Train,3.5903563487981,3.59021042099479
Train,3.67161885214673,3.67174861841553
Train,3.75069005228593,3.75048850718153
Train,3.82803125587547,3.82809273206507
Train,3.90333237359765,3.90329908291309
Train,3.9768509209034,3.97709792655072
Train,4.04882379492898,4.0485916023957
Train,4.1189579695916,4.1188947724207
Train,2.12615928244812,2.12656913313762
Train,2.35640561825386,2.3565312684644
Train,2.57396830461773,2.57391236640828
Train,2.77939454680487,2.77957946578166
Train,2.9738957158573,2.97355505616937
Train,3.15853311371012,3.15856167019077
Train,3.33363468544825,3.33342908527478
Train,3.50011217092624,3.50026936321805
Train,3.6587702019829,3.65850260448709
Train,3.80979810691597,3.80997629746193
Train,3.95389951589732,3.95406984524228
Train,4.09154024536951,4.09124187629854
Train,4.22329740527652,4.22357091321677
Train,4.34924873605194,4.34917766998691
Train,4.4699090977705,4.47006317030022
Train,4.58573896656535,4.58546407474418
Train,4.69676532558195,4.69698262529922
Train,4.80340425438494,4.8031155014381
Train,4.90602959692195,4.90613645598054
Train,5.00463488654235,5.00457747404138
Train,3.8059207838499,3.80545137960356
Train,3.88731757973585,3.88735218978612
Train,3.96608546145374,3.96628444275697
Train,4.04267446966147,4.04216405254041
Train,4.11701540571486,4.11746818860987
Train,4.18905248026734,4.18889212507051
Train,4.25918869378173,4.25908886048486
Train,4.32735299829126,4.32727773822111
Train,4.3934865456023,4.39365165280318
Train,4.45795239861141,4.45706783072668
Train,4.52067906156789,4.52115073478339
Train,4.58173597875038,4.58190244030478
Train,4.64106249388532,4.64100961145445
Train,4.69897715218169,4.69906652140193
Train,4.75540930973608,4.75596746668665
Train,4.81029811863013,4.81063031795778
Train,4.86393398522854,4.86422676620563
Train,4.91624761325902,4.91640426737862
Train,4.9671786385632,4.96724594259862
Train,5.01699296006305,5.01685496228523
Train,2.12484842216417,2.12631461236227
Train,2.36660916552662,2.36705103857306
Train,2.59290912964036,2.59393780736203
Train,2.80518545392664,2.80688424437752
Train,3.0047025139173,3.00538517098024
Train,3.19279607615065,3.19450676406845
Train,3.37000616992748,3.37168648103247
Train,3.53744596601947,3.53856438146826
Train,3.69590180059452,3.69713105520563
Train,3.84607783287803,3.84702253030477
Train,3.9886065068177,3.98947904275186
Train,4.12405745422408,4.12609817349434
Train,4.25294510370161,4.2548276011606
Train,4.37573520966739,4.37708913732999
Train,4.49285047613896,4.49441755890288
Train,4.60480662645768,4.60599273585316
Train,4.7116860565606,4.71271183381245
Train,4.81394631719168,4.81401342799867
Train,4.91188052474144,4.91198580984414
Train,5.00575750911989,5.00582594249348
Train,2.11009471883343,2.11344875178323
Train,2.37041039572539,2.37115688686967
Train,2.61099245908694,2.61368192129006
Train,2.83400286718623,2.83530471910702
Train,3.04129889443473,3.04190114651496
Train,3.23425959314538,3.23466305420728
Train,3.41474353528568,3.41507512474558
Train,3.58372500444503,3.58364044360345
Train,3.74226964422779,3.74339875153086
Train,3.89131540652892,3.89140897742467
Train,4.03169112121989,4.03224705462557
Train,4.16413191680804,4.16451102637651
Train,4.28929209795479,4.28992246656921
Train,4.40775595607406,4.40810925321997
Train,4.52004688997203,4.5202778723054
Train,4.62650967206529,4.62655698882221
Train,4.72782502723186,4.72828510428948
Train,4.82424362092163,4.82430214518748
Train,4.91611208106899,4.91643010179027
Train,5.00374507401355,5.0041225681401
Train,2.129067878023,2.12766168051379
Train,2.36787792905186,2.36756792767332
Train,2.59208132754936,2.59158601713201
Train,2.80248393375513,2.80179526384594
Train,3.00055431103668,3.00053365266134
Train,3.18756551755991,3.18687536256251
Train,3.36400289133691,3.36394067172509
Train,3.53093486493978,3.53040833985719
Train,3.68929589731702,3.6890388471314
Train,3.83937516522213,3.839094522022
Train,3.98197381270913,3.9819698663617
Train,4.11763754094162,4.11763251790975
Train,4.24701295926842,4.24645858348444
Train,4.37023568941752,4.37028210457933
Train,4.48787338357829,4.48759080106387
Train,4.60043042438518,4.6006163981859
Train,4.70797402783647,4.70760007006023
Train,4.81095366343755,4.8110388059525
Train,4.90977083098347,4.90941939073522
Train,5.00444813374043,5.00433481320428
Train,2.36097802441054,2.36166110665212
Train,2.59467270880296,2.5944650066834
Train,2.80991602211101,2.8102196831372
Train,3.00828576076312,3.00833440885102
Train,3.19217654819851,3.1923131844363
Train,3.36266575017569,3.36270066285791
Train,3.52158740602271,3.52153087315886
Train,3.66968650890396,3.67003311945004
Train,3.80821594725934,3.8084365186281
Train,3.9382470175695,3.93903444087331
Train,4.06021325882976,4.05970251329049
Train,4.17514813515164,4.17541606966764
Train,4.28335361077381,4.28412682795746
Train,4.38554006922663,4.38503546806745
Train,4.4823253111259,4.48273384161288
Train,4.57388140873411,4.57352153279711
Train,4.66085324788706,4.66269308695186
Train,4.74335552867245,4.74403539284898
Train,4.8219342682751,4.82212013894818
Train,4.89666225509807,4.8968247065371
Train,3.13066823605367,3.13107811004587
Train,3.2653108264816,3.26549318368992
Train,3.39478865399112,3.39494371948089
Train,3.51898420713781,3.51913940945664
Train,3.63841031814301,3.63860835514637
Train,3.75352574052123,3.75374642207165
Train,3.86419478631816,3.8642414767913
Train,3.97084544861934,3.97118071304279
Train,4.07386216601098,4.07393594886738
Train,4.17309998647914,4.17314402712722
Train,4.26892070629017,4.26913501617159
Train,4.36149783208145,4.36167094027982
Train,4.45114097624998,4.45085190111635
Train,4.53770137997336,4.53806873634889
Train,4.62147332342409,4.62121970759321
Train,4.70272335190628,4.70259438619027
Train,4.7813037669359,4.78156384277676
Train,4.85746953301625,4.85721509755816
Train,4.93145231247699,4.93157571837432
Train,5.00310747339594,5.00280417095777
Train,3.74239489362839,3.74287454866711
Train,3.82910320565476,3.82907176710281
Train,3.91283018968842,3.91296031253509
Train,3.99404431282438,3.99409900578243
Train,4.07270265527586,4.0726705896653
Train,4.14877480179739,4.14903189876562
Train,4.22267517861963,4.22246865712654
Train,4.29435470068976,4.29456392950155
Train,4.36377575593117,4.36401721141223
Train,4.43130764848334,4.43103015730807
Train,4.49689755489048,4.4971815936245
Train,4.56062805510859,4.56065691371836
Train,4.62245567120425,4.62241683182432
Train,4.68270027518888,4.68271891565959
Train,4.74130662485842,4.74171390595651
Train,4.79822877862616,4.79802714595129
Train,4.85375585529207,4.85394050409954
Train,4.90783210332889,4.90771450406677
Train,4.96041026430419,4.96055619266403
Train,5.01175299734479,5.0116185695791
Train,3.8034503864279,3.80280450254426
Train,3.88519629205936,3.8856670192857
Train,3.9642758143468,3.96360373118508
Train,4.04115558955896,4.04134637155797
Train,4.11576116141328,4.11600398522054
Train,4.18819196994992,4.18781977632383
Train,4.25838661498708,4.25813812073678
Train,4.32674812805353,4.32642113028336
Train,4.39320031641299,4.39339432277333
Train,4.45782206902926,4.45795426518665
Train,4.52054925469123,4.52057478833953
Train,4.58173363623279,4.58131732143587
Train,4.64129950786784,4.64159188092011
Train,4.69931025289988,4.69923334142581
Train,4.75570117986209,4.755084723782
Train,4.81078211704302,4.81114728160386
Train,4.86447917330845,4.86428883272159
Train,4.91684385558621,4.91632313997465
Train,4.9678122675308,4.9677479225414
Train,5.0176594929962,5.01751946667931
Train,0.121912889345683,0.123090967450789
Train,0.321212618614355,0.320674809487481
Train,0.505488365045808,0.505451090628721
Train,0.676377270332567,0.676864161442008
Train,0.835721298201025,0.835160349781599
Train,0.983839788785082,0.984143343006817
Train,1.12225631485193,1.12171462589535
Train,1.25189388522558,1.25189412705944
Train,1.37356202535614,1.37382581795677
Train,1.48797369810938,1.48831058096615
Train,1.59605576012599,1.59575443836215
Train,1.69775822869169,1.69838783440204
Train,1.7938935331152,1.79367217748071
Train,1.88490661293244,1.88436802117425
Train,1.97119622403223,1.97098922240033
Train,2.05312077928406,2.05371714383576
Train,2.13121849731664,2.13114738207727
Train,2.20534073366341,2.20528185925135
Train,2.27597809355105,2.27636652408031
Train,2.34337069592827,2.34354532095525
Train,3.00190855643143,3.0008770679436
Train,3.11154383429012,3.10874969527353
Train,3.2174104685491,3.21717518950967
Train,3.31969949299921,3.31853530343718
Train,3.41858924454627,3.41689442904166
Train,3.51442734455197,3.51458773065164
Train,3.60700208859448,3.60613180920185
Train,3.69664654773391,3.69557658209882
Train,3.78349768358196,3.78344460595175
Train,3.86768405323916,3.8669333453457
Train,3.94932644422233,3.94922850266297
Train,4.02853845268934,4.02785120194889
Train,4.10542701078235,4.10482063635422
Train,4.18009286823752,4.17874934548521
Train,4.25263103282269,4.25150241090736
Train,4.3232648426538,4.32214406657871
Train,4.39180798215632,4.3911774017491
Train,4.45847801874026,4.45699114267549
Train,4.52335069787516,4.52164069668137
Train,4.58649773530518,4.58464045813738
Train,2.1230898668007,2.12383212187919
Train,2.35310504958047,2.35362042917981
Train,2.57025444451035,2.57049401823528
Train,2.77558814575459,2.77601254865507
Train,2.97024574076675,2.97046711990182
Train,3.15465746306227,3.15493829991677
Train,3.32979227868022,3.3301821328117
Train,3.49633303012957,3.49680336211017
Train,3.65489714909719,3.65519958477884
Train,3.80604430555556,3.8063887714255
Train,3.95043246607212,3.95052302253165
Train,4.08821917312294,4.08859965670339
Train,4.21998349942063,4.21995384362739
Train,4.3461118399746,4.34652282246165
Train,4.46695822719602,4.46736349259876
Train,4.58284764957916,4.58321527153234
Train,4.6941945519255,4.69427367457532
Train,4.80103857268207,4.80121337634622
Train,4.90375409617079,4.90390808090009
Train,5.00257587715067,5.00259936378492
Train,2.12823337150201,2.12873225252619
Train,2.36411077689893,2.36473170189341
Train,2.58556084540345,2.58470879608498
Train,2.79429787321292,2.79411761333753
Train,2.99097959107034,2.99151761898824
Train,3.1770048147638,3.17584524688422
Train,3.35285279077528,3.35183279528641
Train,3.51968113936391,3.51855090063904
Train,3.67800242205579,3.67708295965926
Train,3.82829541577257,3.82709928593826
Train,3.97145202581556,3.97149638545883
Train,4.1076858400867,4.1084426189503
Train,4.23775673214238,4.23626962598277
Train,4.3619445926591,4.36184871621512
Train,4.48051650454393,4.48024125216247
Train,4.5940807056478,4.59325432983891
Train,4.70272168509138,4.70272419481111
Train,4.80696937638016,4.80656208280774
Train,4.90687679564637,4.90611755077984
Train,5.00290915065122,5.00256117674357
Train,2.12649679914649,2.12725072144016
Train,2.35759501184343,2.35755435005407
Train,2.57579871456369,2.57534054051061
Train,2.78171004898345,2.78203770460308
Train,2.97655078179956,2.97655878304644
Train,3.16119033961514,3.16118909135397
Train,3.33660020704182,3.33655827694232
Train,3.50309248504017,3.5029277522793
Train,3.66150276704624,3.66158178933105
Train,3.8124055918898,3.81235184345345
Train,3.95647937588095,3.9562409085432
Train,4.09387710541017,4.09386089681933
Train,4.22519554485524,4.22516964514065
Train,4.35082943708329,4.3506951503717
Train,4.47127164782101,4.47139547671972
Train,4.58658493578139,4.5866123220097
Train,4.69721097911515,4.69725510651037
Train,4.8034298752106,4.80356023797716
Train,4.90561165504706,4.90567064126875
Train,5.00376687657177,5.00384747885832
Train,2.12426474177798,2.12493256084266
Train,2.35063717238353,2.35151725089448
Train,2.56487196721311,2.56516339786171
Train,2.7679198323259,2.76854059398678
Train,2.96063471204643,2.96111912631599
Train,3.14378579387147,3.14441880852095
Train,3.31806776936108,3.31867795600041
Train,3.48410963961541,3.48445610443954
Train,3.64248230061874,3.64326849948187
Train,3.79370510124421,3.79436355073116
Train,3.93809071449201,3.93868000272263
Train,4.07640023404386,4.07668812230107
Train,4.20886154281866,4.20942332071567
Train,4.33583788543298,4.33598590329197
Train,4.45766303418754,4.45808705451631
Train,4.5746442187341,4.57503278335056
Train,4.68706471308976,4.68734931289722
Train,4.79518612586059,4.79537106882921
Train,4.8992504326528,4.89980460154615
Train,4.99948178390723,4.99933282741253
Train,2.12069811485206,2.12119595998078
Train,2.35218470385353,2.35202483065435
Train,2.57057755642353,2.5707165028601
Train,2.7769570622838,2.77692411550228
Train,2.97228793269146,2.97234795342078
Train,3.15723568352264,3.15737394661695
Train,3.33298376109513,3.3333149194535
Train,3.50002222658851,3.50023217512929
Train,3.65898286341219,3.6587894924763
Train,3.81043779263866,3.8105166407316
Train,3.95490635331891,3.95518536650919
Train,4.09286105212978,4.09296839037628
Train,4.22473272598362,4.22479638360013
Train,4.35091503644363,4.35133439717387
Train,4.47176839471261,4.47179685282239
Train,4.58749844172053,4.58824652836696
Train,4.69866391195884,4.69886369399532
Train,4.80541421416605,4.80594910060458
Train,4.90800726291726,4.90780986351669
Train,5.00668126816914,5.00643311762027
Train,4.51947933506468,4.52001732260973
Train,4.55595585406054,4.5560419808265
Train,4.5917319627115,4.59178443466802
Train,4.627075703772,4.62721547762552
Train,4.66187178245568,4.66184179956539
Train,4.69613283019948,4.69618438602114
Train,4.72975236329546,4.72977085101806
Train,4.76298150731276,4.76315767985065
Train,4.79571121929055,4.79584726628158
Train,4.8279526748944,4.82783748430515
Train,4.85960491137652,4.85970753545402
Train,4.89090370692284,4.89096887671834
Train,4.92174579971075,4.92172671217335
Train,4.95214111344554,4.95211396974841
Train,4.98199381297,4.98213776462793
Train,5.01152570884951,5.01140347026952
Train,5.04063889265971,5.04068923581357
Train,5.06934220665434,5.06935044153428
Train,5.09754458307822,5.09757280543121
Train,5.12545508269722,5.12537803992958
Train,2.12494654509825,2.12582357316782
Train,2.36598412000708,2.36589367596965
Train,2.59196570528841,2.59185055056727
Train,2.80379698900247,2.80403012180463
Train,3.00298370934386,3.00292993600518
Train,3.19083016455647,3.19085016284438
Train,3.36789057987543,3.36781049832129
Train,3.53525081837902,3.53543406752791
Train,3.69386021820756,3.69370782043765
Train,3.84405824457985,3.84414788843273
Train,3.98665280163087,3.98665843179182
Train,4.122207001394,4.12225723219884
Train,4.25137132222626,4.25140248315651
Train,4.37431687836064,4.37424317236067
Train,4.49161091976608,4.49167029933809
Train,4.60375754775155,4.60359992034349
Train,4.71085249935736,4.71075960467928
Train,4.81334220797438,4.81309953794183
Train,4.91162557614815,4.9114671027622
Train,5.00574879795207,5.00548305740662
Train,3.12543660352992,3.12664457376226
Train,3.25712552680222,3.25837221382093
Train,3.38384356666926,3.38473781008937
Train,3.50620900440506,3.50776371748938
Train,3.62411149096913,3.6251557977724
Train,3.73810966565051,3.73908861085723
Train,3.84808553713416,3.84870571568748
Train,3.95454624135555,3.9549365371698
Train,4.05751308548187,4.05858260105591
Train,4.15701563451543,4.15833712268644
Train,4.25349605830165,4.25344130852531
Train,4.34682758939512,4.34776949818692
Train,4.43741576260776,4.43818438527373
Train,4.52525628961524,4.52601400104171
Train,4.61035273249628,4.61055532279201
Train,4.69306363582991,4.69372009329012
Train,4.77326219556547,4.77350874197358
Train,4.85128003768205,4.85144880327638
Train,4.9269917254398,4.9271127760679
Train,5.00070489880787,5.00079718188712
Train,2.12586216946758,2.12654430905453
Train,2.34810903639221,2.34816989782334
Train,2.55906981011008,2.55839850029073
Train,2.75958289477367,2.76053795894253
Train,2.95019087527279,2.9496797765299
Train,3.13201922497898,3.1312573878516
Train,3.30546511329829,3.30610447531066
Train,3.47109513912386,3.4705657986145
Train,3.62942596209123,3.62959025688755
Train,3.78092968593105,3.78008424275171
Train,3.92587471946271,3.92604334511847
Train,4.06499196065997,4.06487221388155
Train,4.19847485952058,4.19885333236229
Train,4.32665891410702,4.32676707861023
Train,4.44985350448167,4.44990914812146
Train,4.56834438574395,4.5681746339454
Train,4.68226681502816,4.6823322577969
Train,4.79212856728055,4.79233633836187
Train,4.89802281184461,4.89774102177247
Train,5.00016065846189,4.99991276895011
Train,2.1239034454604,2.12357511842705
Train,2.35911492066316,2.35907576991516
Train,2.58033210952386,2.58044914681008
Train,2.78876785111201,2.78864051510967
Train,2.98549876920964,2.98506577322254
Train,3.1714838731517,3.17136167345083
Train,3.34758019165918,3.34719991611777
Train,3.51455597750929,3.51454186117766
Train,3.6731019122736,3.6730045789794
Train,3.8238406558098,3.82349366640332
Train,3.96717569005629,3.96727566381591
Train,4.10394304643346,4.10381048388657
Train,4.23443871645856,4.23458233881533
Train,4.35908442797437,4.3588844602585
Train,4.47826492668644,4.47854761723132
Train,4.59233194299298,4.59226641816198
Train,4.70160765894359,4.70155849020952
Train,4.80638774730354,4.80622385732053
Train,4.90694404309473,4.90702652237664
Train,5.00352689844212,5.00320539751041
Train,2.12157822752679,2.12164723328018
Train,2.34997161046408,2.34968309734026
Train,2.56589949340802,2.5658073649632
Train,2.77035529952172,2.77017669570918
Train,2.96422962398634,2.96430341335721
Train,3.14851996271753,3.14836144572322
Train,3.3235451646146,3.32368747647191
Train,3.4901648213289,3.48998098230944
Train,3.64897024560068,3.64891562794432
Train,3.80049855744591,3.80049023802561
Train,3.94523875342614,3.94521018300869
Train,4.08363697812071,4.08344835484453
Train,4.21610111752593,4.21593427409456
Train,4.34300481400337,4.34302565956235
Train,4.46469098601581,4.46464848275931
Train,4.58160039291125,4.58150070251062
Train,4.69376757502804,4.6938565879594
Train,4.80159108710145,4.80141389908234
Train,4.90531844922459,4.90533545824868
Train,5.00517872577434,5.00489866440543
Train,2.12157822752679,2.12202569001451
Train,2.34997161046408,2.34997046422935
Train,2.56589949340802,2.56617835146457
Train,2.77035529952172,2.77024207465214
Train,2.96422962398634,2.96408550958798
Train,3.14851996271753,3.14873121258492
Train,3.3235451646146,3.32358290055921
Train,3.4901648213289,3.49043644586922
Train,3.64897024560068,3.64877352679317
Train,3.80049855744591,3.80070149193338
Train,3.94523875342614,3.94512157298081
Train,4.08363697812071,4.08393012829614
Train,4.21610111752593,4.21599109531448
Train,4.34300481400337,4.34334626054109
Train,4.46469098601581,4.46462937744795
Train,4.58160039291125,4.58160876071119
Train,4.69376757502804,4.69376577448415
Train,4.80159108710145,4.80153535606436
Train,4.90531844922459,4.90535269049937
Train,5.00517872577434,5.00516731351157
Train,2.8296740501142,2.83271507673484
Train,3.00087003735464,3.00170563788773
Train,3.16277266275112,3.1638110905645
Train,3.31611866365468,3.31665184216248
Train,3.4615689084876,3.46210145473591
Train,3.59971791781557,3.60020515840219
Train,3.73110198672411,3.73163139216407
Train,3.85620614249155,3.85674281543683
Train,3.97547012785809,3.97597312646607
Train,4.08929356546614,4.08966556715162
Train,4.19804043129214,4.19842213276419
Train,4.30204294258438,4.30224244554696
Train,4.401604947801,4.4020035659399
Train,4.49700489141195,4.49742720883509
Train,4.58849841449439,4.5888589677946
Train,4.67632064227137,4.67667020581061
Train,4.76068820169532,4.76099174371697
Train,4.84180100552688,4.84202569049952
Train,4.91984383384104,4.91999303258703
Train,4.99498773929687,4.99502799771866
Train,2.12307251257918,2.1240163824244
Train,2.35964578934866,2.35982172940416
Train,2.58218050412771,2.58246807011741
Train,2.79142720735334,2.79158496325394
Train,2.98897791192864,2.98923893595051
Train,3.17537342606459,3.1757694540523
Train,3.35192322830612,3.35252497980977
Train,3.51901641132875,3.51970793152426
Train,3.67756862434833,3.6783109387637
Train,3.82838570779016,3.82900686712159
Train,3.97170145535005,3.97228796806152
Train,4.10836525981417,4.10890062100438
Train,4.23853985576174,4.23913336630934
Train,4.3628148187034,4.36349165000714
Train,4.48171459673084,4.48224451978089
Train,4.59532714951275,4.59589847862147
Train,4.70423982572091,4.7046892329366
Train,4.80850558860764,4.80890559267786
Train,4.90863863853738,4.90871264396841
Train,5.00466535907799,5.00499279041318
Train,2.12031013626789,2.12044686333533
Train,2.36102834848217,2.36090085342434
Train,2.58658898959166,2.58640630136355
Train,2.7983800262081,2.79869306990289
Train,2.99784901303123,2.99788329377983
Train,3.18561792614839,3.18570309785204
Train,3.36288618172805,3.36346309603172
Train,3.53051066694614,3.53077536669147
Train,3.68925750488651,3.68933345114996
Train,3.83981376202818,3.83986997855967
Train,3.9829588998068,3.98306508764139
Train,4.11891938268376,4.11897486731899
Train,4.24836903830734,4.24854609979078
Train,4.3717646127021,4.372178132637
Train,4.48952110602165,4.4897421748486
Train,4.60201643538855,4.6020536040763
Train,4.70971741650357,4.70979790542546
Train,4.81269041611846,4.81271104817491
Train,4.91135181778044,4.91142385647103
Train,5.00596686579683,5.00582625393357
Train,2.12440624434696,2.12435105569088
Train,2.35222798355211,2.35159028198026
Train,2.56759390425402,2.56673928680024
Train,2.77149833019303,2.77068563779389
Train,2.96505326559385,2.9643987724979
Train,3.14860732130058,3.14726752418786
Train,3.32311528269837,3.3222591283687
Train,3.48922979559846,3.48897019056889
Train,3.64754219853314,3.64682359001594
Train,3.7985895563195,3.79801264001648
Train,3.94302608276754,3.94257876487094
Train,4.08095990864761,4.08039676319308
Train,4.2129716824796,4.21233924450857
Train,4.33943477525598,4.33913322750808
Train,4.46069181716834,4.45984657040966
Train,4.57705779753348,4.57662973071123
Train,4.68895122952415,4.68842861321022
Train,4.79637790324853,4.79583746823695
Train,4.8997186923022,4.89937219387715
Train,4.99920235130416,4.9984683641363
Train,2.12622589903915,2.12638648959759
Train,2.35105907196245,2.3506333284516
Train,2.56408052411292,2.56351487907008
Train,2.76596443231534,2.76580380396475
Train,2.95800431013222,2.95757431743399
Train,3.14069197335927,3.14034809792278
Train,3.31469435242682,3.31468475480355
Train,3.48061643614247,3.48018147370234
Train,3.63882531876998,3.63865028121867
Train,3.79019624579036,3.79047604916408
Train,3.93499541998522,3.9347630952237
Train,4.07364171657609,4.07366963972376
Train,4.20636535159036,4.20637940697847
Train,4.333832845834,4.3335270846895
Train,4.45620835739143,4.45652253215516
Train,4.57379102778125,4.57356591294805
Train,4.68685701678631,4.68659431739283
Train,4.79553547793856,4.7957809339517
Train,4.90031986812072,4.90005453699845
Train,5.00129839913448,5.00109039122466
Train,3.15039381919847,3.15021026465032
Train,3.2382231415356,3.2384981968556
Train,3.32371965065747,3.32435661027042
Train,3.40678219060746,3.40641275112861
Train,3.48788845652993,3.48769354541067
Train,3.56692295565203,3.5673272944135
Train,3.64396406827628,3.64413471431029
Train,3.71908627017166,3.71920264237482
Train,3.79219047864077,3.79205284902704
Train,3.86368795523912,3.86408529622198
Train,3.93346868964079,3.93412119003036
Train,4.00159377995734,4.00168956264164
Train,4.06796711744242,4.06744375261254
Train,4.13295647522878,4.13354799571456
Train,4.19645682270938,4.19613845328999
Train,4.25851875370888,4.2585795963117
Train,4.31919059560865,4.31955406757183
Train,4.37838080622098,4.37841247988612
Train,4.43641200640792,4.43664863259104
Train,4.49318561840907,4.49381703353205
Train,2.1297646112952,2.13058840131483
Train,2.35976321402919,2.35931265753092
Train,2.57660054688476,2.57424474172725
Train,2.78177693703839,2.78265487107486
Train,2.97582693019832,2.97647496036219
Train,3.15999309509978,3.16093565888363
Train,3.33466796457649,3.33379575462672
Train,3.50089346110216,3.50144450727961
Train,3.65911229125799,3.66012626078222
Train,3.80974092004381,3.8113566273299
Train,3.95359590323492,3.95534529296705
Train,4.09085311686547,4.09219835270627
Train,4.2222151261859,4.22392754438109
Train,4.34792955629329,4.34938987623749
Train,4.46823410563742,4.46913653492296
Train,4.58369845487071,4.5849688353795
Train,4.69438990326048,4.6950206175446
Train,4.80080855719805,4.80119432633577
Train,4.90299475843662,4.90313300059492
Train,5.00139054318324,5.00154555536423
Train,4.42409585505031,4.42370015611445
Train,4.46699999968875,4.46731629233031
Train,4.50912999588748,4.50905905869362
Train,4.55062343413759,4.55050396127475
Train,4.59126463212535,4.59148995255449
Train,4.63119185597453,4.63131188624024
Train,4.67042375623285,4.67019503054538
Train,4.70897833946524,4.70914512815792
Train,4.74698003120916,4.7468768119746
Train,4.78422975172007,4.78419105986026
Train,4.82085262510907,4.82091358741885
Train,4.85686434244745,4.85674604742084
Train,4.89238013767545,4.8925761070262
Train,4.92721292432008,4.92728438060871
Train,4.96147863591879,4.96104075245816
Train,4.99519100856651,4.99543887095782
Train,5.02836333827751,5.02820763208214
Train,5.06110076351569,5.06131980084168
Train,5.09322977271502,5.09302742633949
Train,5.1248561911553,5.12469332009854
Train,3.12219664035665,3.12235311647813
Train,3.24953452024874,3.25061934831532
Train,3.37314604202669,3.37425792491043
Train,3.4928498320296,3.49372311864712
Train,3.60916007451301,3.60991718054933
Train,3.72189627166973,3.72269259622621
Train,3.83153353563189,3.8317975628473
Train,3.937893249733,3.93908223093817
Train,4.04141575955877,4.04141489474781
Train,4.14192507832224,4.14276975761672
Train,4.23983048635145,4.24046025455968
Train,4.33495917628389,4.33587198361269
Train,4.42769256120208,4.42790826439008
Train,4.51786140777872,4.51842806411363
Train,4.60582203826741,4.60610541193668
Train,4.69140906736962,4.6916660022965
Train,4.77495614780948,4.77462571712234
Train,4.85630192241415,4.85627206822604
Train,4.93575949499856,4.93563041926458
Train,5.01317164359974,5.01296591550848
Train,2.12980838791552,2.13045184004508
Train,2.34168333658339,2.34168235280444
Train,2.54414515157146,2.54469295327575
Train,2.73824139127693,2.73823620545076
Train,2.92427150924354,2.92447850278617
Train,3.10272808016657,3.10295194403656
Train,3.27387246115437,3.27394147665685
Train,3.43851371335323,3.43892182073099
Train,3.59683781251713,3.59697080690816
Train,3.74920149103465,3.74941620482636
Train,3.89577051701384,3.89600126288346
Train,4.03718640633585,4.03756479346915
Train,4.17356288687294,4.17389709429912
Train,4.30516461492292,4.30526095838135
Train,4.43209530256108,4.43241691729267
Train,4.55487496931329,4.55483564956952
Train,4.67357034358219,4.67376245316913
Train,4.78838188846819,4.78852130282243
Train,4.89937221252288,4.89949242674478
Train,5.00697080778179,5.00685887891663
Train,2.12537416344365,2.12650802039419
Train,2.34552927409838,2.34582675145279
Train,2.55466956421632,2.55546548446577
Train,2.75404750150743,2.75443855227999
Train,2.94390490216024,2.94470662974922
Train,3.12531404718931,3.12513355663972
Train,3.29843757033248,3.29875782844314
Train,3.4642020484339,3.46501018796911
Train,3.62288854078934,3.6230492888047
Train,3.774770174997,3.77503999680843
Train,3.92060283959894,3.92072487630352
Train,4.0604259611579,4.06070260581177
Train,4.19490563275434,4.1951313115845
Train,4.3241967607628,4.32437689670254
Train,4.44845398107351,4.44887015806884
Train,4.56823507402279,4.56842257618186
Train,4.68351752216831,4.68357827563372
Train,4.79480054880053,4.79505638779514
Train,4.90204659920499,4.90211466481773
Train,5.00570487775376,5.00584397211273
Train,2.13137907626679,2.13096871905722
Train,2.36558251256851,2.36577174554835
Train,2.58611448184891,2.58338505979404
Train,2.79367170301773,2.78954050732713
Train,2.98958625163742,2.98798689121608
Train,3.1748110244684,3.1726053279111
Train,3.35039506155556,3.34932846497972
Train,3.51669708659816,3.51329279810156
Train,3.67461182151582,3.67193828252706
Train,3.82475816738325,3.82111974945868
Train,3.96785686933162,3.96565807068177
Train,4.1040849131936,4.10310862536275
Train,4.23407210575375,4.23327724282566
Train,4.35823770054002,4.35725171578664
Train,4.47709846671157,4.47578592783824
Train,4.59072994667882,4.58869236667155
Train,4.69959280869004,4.69773948418
Train,4.80398106079469,4.801567651108
Train,4.90427851305546,4.9012089869378
Train,5.00050274038001,4.99833613794757
Train,1.35217257524446,1.36051519572569
Train,1.47399066892342,1.47651882495696
Train,1.59230603675122,1.59594603617583
Train,1.70788984059983,1.71236193501894
Train,1.82053051413345,1.82676533919433
Train,1.93004279454803,1.93302502332366
Train,2.03713200282241,2.03915448346592
Train,2.14159461111633,2.14421717804211
Train,2.24325094712242,2.24989377693631
Train,2.34274872420312,2.34739905446835
Train,2.43989262030807,2.44113936096832
Train,2.53476518976344,2.54027674666062
Train,2.6271948653086,2.63092018484744
Train,2.71776308529764,2.72099939989343
Train,2.80628541222797,2.8095303630383
Train,2.8925965675905,2.89392678422004
Train,2.9772348648877,2.98297380674407
Train,3.0600238295116,3.06208941413055
Train,3.14080449271254,3.14749846422486
Train,3.22007675336816,3.22335811468869
Train,2.13169975329619,2.13276613702177
Train,2.35657563234608,2.35708613246819
Train,2.5697195887708,2.56991376465006
Train,2.77161116287705,2.77195384562796
Train,2.96351242318112,2.96365501591057
Train,3.14577167191889,3.14600723378529
Train,3.3194547591735,3.32003143522737
Train,3.48481216801417,3.48467701085823
Train,3.64259090213786,3.64296858767406
Train,3.79345572001115,3.7936477249917
Train,3.93755376827673,3.93746202586621
Train,4.07561483172903,4.07584861083009
Train,4.20773741289214,4.20793094683026
Train,4.33442728443041,4.3345524036616
Train,4.45613844345657,4.45649501501824
Train,4.57291703333236,4.57292629742218
Train,4.685289008097,4.68551489427258
Train,4.79327551310105,4.79349928342193
Train,4.89734342494307,4.89741026419719
Train,4.99749465933353,4.99764790943149
Train,2.11800698707624,2.11763934037875
Train,2.34965765577576,2.34906910659114
Train,2.56840930776639,2.56714828374092
Train,2.77488577997022,2.77442313277637
Train,2.9702926005582,2.96985490602523
Train,3.15568719019291,3.15558976600581
Train,3.33145779694166,3.32956271499856
Train,3.49867861621973,3.49866974373648
Train,3.65763083900424,3.65715208251126
Train,3.80906884706775,3.80844339597237
Train,3.95366217337027,3.95313317810936
Train,4.09157969995091,4.09175937221366
Train,4.22340924524784,4.22326891464612
Train,4.34967552568932,4.34966188783286
Train,4.47047351119821,4.47011477019472
Train,4.58639020485336,4.586473235346
Train,4.69748557725583,4.69702529127821
Train,4.80416453796717,4.803707982703
Train,4.90679145152063,4.90675990516896
Train,5.00538847860667,5.00449498343218
Train,3.84179557269776,3.84155175494228
Train,3.91920875165838,3.91843870588704
Train,3.99422371956472,3.99425075414032
Train,4.06725350138824,4.06742849411088
Train,4.1382277797835,4.13818540497445
Train,4.20723213202012,4.20685533245554
Train,4.27420779048411,4.27428541290132
Train,4.33951434295091,4.3388772716556
Train,4.40308067966405,4.40324078435
Train,4.4649754430464,4.4648017984567
Train,4.52513816900946,4.52503036053744
Train,4.58388488439728,4.584218913444
Train,4.6411453493064,4.64088154172563
Train,4.69697526082213,4.69743581784709
Train,4.75131410345043,4.75120819604339
Train,4.80444192109512,4.80461997925007
Train,4.85629034384653,4.85598131436776
Train,4.90690503639522,4.90712288349308
Train,4.95622646817187,4.95575160299481
Train,5.00450460980597,5.00435752406551
Train,2.12502787527181,2.12379409769195
Train,2.36135204633954,2.36050138152344
Train,2.58362284929565,2.58273357659194
Train,2.79268469363621,2.79164736011657
Train,2.9900326385081,2.98950925898165
Train,3.17629153514919,3.17607409133629
Train,3.35268522941764,3.35180596822314
Train,3.51967841931029,3.51912071265755
Train,3.67828647416271,3.67735200045203
Train,3.82885566655389,3.82801162065365
Train,3.972238578413,3.97154227770656
Train,4.10869287269671,4.10765269199905
Train,4.23894221158223,4.23769168235443
Train,4.36317727847259,4.36146224086619
Train,4.48201832437531,4.48056459450376
Train,4.59560495869248,4.59476116937216
Train,4.7044735138618,4.70343522247853
Train,4.80872436390115,4.80746646720067
Train,4.90882501568616,4.90731491333494
Train,5.00484551569014,5.0035516783449
Train,2.12630598483605,2.12624712493411
Train,2.35539875522112,2.35534838197631
Train,2.57176533308534,2.57152011556021
Train,2.7762152162635,2.7763906431995
Train,2.97012763582966,2.96994256555839
Train,3.154096397871,3.1540452210414
Train,3.32886723508733,3.32869307200448
Train,3.49511312972944,3.49506893361316
Train,3.65327046900327,3.65305264681805
Train,3.8042444465208,3.80390811074389
Train,3.94835614457831,3.94814015130245
Train,4.08606303712706,4.08586657070768
Train,4.21763900232919,4.21742113057402
Train,4.34375987462006,4.34342733845036
Train,4.46462571056548,4.46430541247386
Train,4.58055824708455,4.58002157104633
Train,4.69185348214286,4.69166943363811
Train,4.79866719334719,4.7982958044216
Train,4.90148964649825,4.90129138257393
Train,5.00043192536905,4.99979763070436
Train,2.12756302321726,2.12897313360949
Train,2.34357282068457,2.34542485594497
Train,2.54984329443584,2.5498590976334
Train,2.74656419884556,2.74924463781857
Train,2.9346004194769,2.93453561284909
Train,3.11472246366613,3.11592971497734
Train,3.28702110126639,3.28969434445966
Train,3.4523767881392,3.45480777218685
Train,3.61083401632121,3.61173273600283
Train,3.7629914237032,3.76461594251881
Train,3.90938665371888,3.90958206653007
Train,4.05001495535352,4.05083646310444
Train,4.185367040438,4.18660287224915
Train,4.31588545686173,4.3179442025233
Train,4.44153302115887,4.4418593264148
Train,4.56285822366104,4.56423901429511
Train,4.67980876824761,4.6799532667413
Train,4.79274789655703,4.79278714155074
Train,4.90200518548599,4.90187942452607
Train,5.00751258189677,5.00749985265278
Train,3.80374262174995,3.80389203608714
Train,3.8813644729742,3.8818729322032
Train,3.95697922789834,3.95721234175138
Train,4.03066374022847,4.03099329383835
Train,4.10249098938142,4.10374272224211
Train,4.17241839760179,4.17340162242393
Train,4.24073848405763,4.24117558928841
Train,4.30739922438136,4.30777203023385
Train,4.37246034610359,4.37289453539992
Train,4.43597874424708,4.43644482778685
Train,4.49800864726972,4.49849291736458
Train,4.55860177147655,4.55887416215623
Train,4.61780746482474,4.61810833855483
Train,4.67567284096216,4.67643835970588
Train,4.73224290426455,4.73352483207631
Train,4.78747214480045,4.78745265986285
Train,4.84158066204671,4.84184442255932
Train,4.89451729124722,4.89459701172958
Train,4.9463196958571,4.94623704135878
Train,4.99702394247805,4.99694786069662
Train,2.13398817546624,2.13498806279525
Train,2.3603036930206,2.36066960952879
Train,2.57460521573588,2.57494424535465
Train,2.77744420913406,2.77750920449975
Train,2.97007708970211,2.97041995105095
Train,3.15291186542403,3.15314323234847
Train,3.3270039647829,3.32779960576076
Train,3.49265432852556,3.49301323323592
Train,3.6507592120268,3.65101778859966
Train,3.80153884200432,3.80174366945934
Train,3.94576178529703,3.94654307250525
Train,4.08358689922918,4.08402928246354
Train,4.21567911599837,4.21585882127541
Train,4.34215029631276,4.34252089586365
Train,4.46358035984785,4.46441868448013
Train,4.58004496573176,4.58068244814634
Train,4.69205361385402,4.69234868535417
Train,4.79965394873103,4.80004081034198
Train,4.90329661362725,4.90352854302395
Train,5.00300750171342,5.00292214779105
Train,2.12692952333918,2.12663274186556
Train,2.35088489207782,2.35101578407406
Train,2.56338939913463,2.5633225031473
Train,2.76487539438893,2.76494588861382
Train,2.95637934571797,2.95643257342303
Train,3.13881695982081,3.13888144482766
Train,3.31245113616632,3.3124263539124
Train,3.4782528902867,3.47833536638276
Train,3.63640671876633,3.63639908480613
Train,3.78758909481047,3.78762596140436
Train,3.93240371759829,3.9324482606847
Train,4.07095177015897,4.07085146204403
Train,4.20377149195949,4.20390828651065
Train,4.33134563589012,4.33124471477853
Train,4.45371995796277,4.453650742142
Train,4.57145462335721,4.57141246144087
Train,4.68456901428786,4.68467811462173
Train,4.79344493329453,4.79316248338213
Train,4.89842727377511,4.89851062541342
Train,4.99950692178822,4.99931244950343
Train,2.12371882685724,2.12397962054669
Train,2.34385229132083,2.343368763048
Train,2.5529843127808,2.55144849248822
Train,2.75238144534349,2.74965960320182
Train,2.94226652286525,2.94090855790122
Train,3.12372518645314,3.12196507401162
Train,3.29690314324393,3.29522030783331
Train,3.46273958171679,3.46155912531534
Train,3.62150678904842,3.62046248352484
Train,3.77347042690937,3.77194997902765
Train,3.91939789573612,3.91798323585894
Train,4.0593154789097,4.05711197850391
Train,4.1939000881719,4.19223516406631
Train,4.32329993503047,4.32260179299768
Train,4.44766388388869,4.44692543837149
Train,4.56755956828605,4.56713554535812
Train,4.68295388954253,4.68172196493319
Train,4.7943553340357,4.79353874429793
Train,4.90171656914261,4.90120451117613
Train,5.00549551390638,5.00435793785286
Train,0.858570132811861,0.861598892430574
Train,1.04394113124311,1.04449463901468
Train,1.21780985666362,1.21935919074744
Train,1.38046476767378,1.3805316803467
Train,1.53365978365212,1.53452834282356
Train,1.67753229485396,1.67944544081396
Train,1.81353329009593,1.81291926747721
Train,1.94169856401498,1.94379507298649
Train,2.0629656558425,2.06249562578372
Train,2.17814266650068,2.17861899791964
Train,2.28717156304968,2.28780289640994
Train,2.39101087704773,2.39163124278488
Train,2.48956493941143,2.489317380909
Train,2.58344419356656,2.58411616125008
Train,2.67318127111649,2.67297934082157
Train,2.7586469140583,2.75894927230396
Train,2.84051777871266,2.8409475891261
Train,2.91865223851417,2.91861983852717
Train,2.99364766201722,2.99471748231585
Train,3.06535534516765,3.06529998479013
Train,2.11836488912733,2.12183066510837
Train,2.32413838841679,2.32741985886818
Train,2.52176604908489,2.522866773363
Train,2.71214490016071,2.7139914011735
Train,2.89546247921265,2.89603581165496
Train,3.07190808450751,3.07294201367253
Train,3.24223961470774,3.24383374275416
Train,3.40640343133022,3.40727572550017
Train,3.56508149230297,3.56597388224904
Train,3.71837330568695,3.71915195316464
Train,3.86638353331531,3.86708716968709
Train,4.00969953745136,4.0100325154693
Train,4.14838636500646,4.14934981609471
Train,4.2825150818542,4.28252363114219
Train,4.41259655644757,4.41280760195363
Train,4.53852985181722,4.53891277071156
Train,4.66078275686764,4.66080710730816
Train,4.77938175725327,4.77955626686375
Train,4.89435981211991,4.89456913399985
Train,5.00612953667992,5.00588320790333
Train,2.80431739155581,2.80468937353939
Train,3.00972497311769,3.01087904328082
Train,3.19814047253609,3.19809941438356
Train,3.37125133976355,3.37133799821307
Train,3.53100508559131,3.53226689177094
Train,3.67903463184464,3.67899385353152
Train,3.81631626614119,3.81668719541843
Train,3.94410447092034,3.94421146247836
Train,4.0634679768502,4.06450554174293
Train,4.17499426474688,4.1745905098854
Train,4.2795332183762,4.27998675876219
Train,4.37772154690942,4.37791484183102
Train,4.47021182728672,4.47049483796431
Train,4.5573143354775,4.55740072399416
Train,4.63956750088226,4.63962988459602
Train,4.71744209228868,4.71761510197606
Train,4.79113303528688,4.79104013764148
Train,4.86103761995336,4.86117996272
Train,4.92750601768001,4.9276957096757
Train,4.9906604504058,4.99059783565675
Train,3.92049435677243,3.91984599759811
Train,3.99145171165559,3.99047936202836
Train,4.06038019918818,4.06041458248941
Train,4.12763122014509,4.12749312850277
Train,4.19313532039386,4.19269506263512
Train,4.2569596945443,4.25658005664294
Train,4.31904504352194,4.31892912217367
Train,4.37970121019443,4.37973049209026
Train,4.43885954180265,4.43795360386352
Train,4.49657484268183,4.4966065686734
Train,4.55278775849454,4.55240185318902
Train,4.60777364208356,4.60809996680686
Train,4.66146558459228,4.66099145847906
Train,4.71390872886511,4.71332878912866
Train,4.76504463981533,4.76486454395339
Train,4.81511972504834,4.81494358866834
Train,4.86406937288452,4.86423931619205
Train,4.91193110299996,4.91091558517868
Train,4.95864800759439,4.95874224106805
Train,5.0044419594387,5.0039796693803
Train,3.84105780659028,3.84173480495005
Train,3.91832834994135,3.91756092948921
Train,3.99339132457357,3.99344574745404
Train,4.06634000132811,4.06630844279638
Train,4.13726246970036,4.13793143694633
Train,4.20624199270175,4.20628665984472
Train,4.27335733295105,4.27325287860944
Train,4.33868305268011,4.3388321347796
Train,4.40228979005651,4.40270579688726
Train,4.46424451397606,4.46420134722061
Train,4.5244936789611,4.52447063667782
Train,4.58333470882261,4.58279578342112
Train,4.64070477073592,4.64079014989542
Train,4.69665834288126,4.69688123472801
Train,4.75124724606848,4.75123328291224
Train,4.80452080381362,4.80424664631422
Train,4.85652599098172,4.85651339020327
Train,4.90730757193771,4.90745294470102
Train,4.95690822905911,4.95717362372883
Train,5.0053686823862,5.00492824630632
Train,2.42834849611159,2.4288660207188
Train,2.48746707092845,2.48737235213624
Train,2.54575788762654,2.54505011670912
Train,2.60303139094534,2.60368081822738
Train,2.65972085298525,2.65866182829844
Train,2.71563287692946,2.71634147798099
Train,2.77078334651799,2.77044369848803
Train,2.82518771572609,2.8245651911769
Train,2.87866785658468,2.87863784687428
Train,2.93162730929852,2.92902428406373
Train,2.98388453553816,2.98382288839852
Train,3.03545341028352,3.03592834756122
Train,3.0861642488899,3.08653429435284
Train,3.13639897887034,3.1360181870535
Train,3.18598480435449,3.18648599671209
Train,3.23493421794094,3.23419201110149
Train,3.28325939359915,3.28448741126553
Train,3.33080041565752,3.32969846137561
Train,3.37791456924576,3.37903133439462
Train,3.42443915374309,3.42412816115606
Train,2.22155204803839,2.22175950366212
Train,2.32922765133009,2.32984417313341
Train,2.43370119229795,2.43545280410248
Train,2.53465579142421,2.53415608551071
Train,2.63270837419855,2.63264774591002
Train,2.72755216680266,2.72850307019538
Train,2.81975806069971,2.82049802906326
Train,2.90902955187261,2.90962924507616
Train,2.9957001972413,2.9958338277523
Train,3.08007276147852,3.08141169601944
Train,3.16186609529202,3.16110854102439
Train,3.241556529746,3.24205825912426
Train,3.31887296567829,3.31915647688796
Train,3.39408991319927,3.39392932628683
Train,3.46745776338033,3.46756203460458
Train,3.53872002406571,3.53999085918471
Train,3.60828044587191,3.6089690324537
Train,3.67589190696518,3.67573784485134
Train,3.74193377307705,3.74208856276376
Train,3.80616796539295,3.80672086106855
Train,2.14209769603856,2.14193567424294
Train,2.21273339531818,2.21191654099524
Train,2.2823769413851,2.28124299158511
Train,2.350592547525,2.35043447956772
Train,2.41764641444086,2.41677566864595
Train,2.48378804666712,2.48312522130285
Train,2.54860206011197,2.54854177528099
Train,2.61255260736111,2.61257697549294
Train,2.67523715122211,2.67441317452753
Train,2.73689780398066,2.73657858419241
Train,2.79776203666832,2.7963794913397
Train,2.85744551416636,2.85719271799311
Train,2.91617745975339,2.91551823339827
Train,2.97417352739124,2.97452978532086
Train,3.03106640882577,3.03094727771016
Train,3.08726055967372,3.08578015926681
Train,3.14239942363412,3.14237003634329
Train,3.19669294873118,3.19633976591862
Train,3.25033907813989,3.25024842592969
Train,3.30299653175664,3.30162143608899
Train,1.81999616082544,1.8194489892397
Train,1.89765762313371,1.89834515841207
Train,1.97438270048283,1.973773206368
Train,2.0497284008324,2.04974128283933
Train,2.12395656593575,2.12365695891489
Train,2.19731456079502,2.19719145223857
Train,2.26937773151438,2.26905446024679
Train,2.3403953394366,2.34040682716508
Train,2.41060313213166,2.41061196819859
Train,2.47959370430812,2.47913054021623
Train,2.54760463611279,2.5476317404194
Train,2.61465664623822,2.61407791505402
Train,2.68097125051267,2.68092435308639
Train,2.74616248280759,2.74605865077532
Train,2.81045360596929,2.81084364201373
Train,2.8740563042733,2.87315807414629
Train,2.93659962558512,2.93674693387433
Train,2.99829693749261,2.99787540033352
Train,3.05935074493537,3.05975188041188
Train,3.11940426712818,3.11880684348429
Train,2.12131051433176,2.12121740328288
Train,2.34157767709187,2.3408318347559
Train,2.55089051954992,2.55134958684206
Train,2.75041997728193,2.75051698363526
Train,2.94047941174105,2.94079574216661
Train,3.12206776781015,3.1219685376694
Train,3.29541318753376,3.29508327488142
Train,3.46137588089574,3.46143859992875
Train,3.62026820396298,3.62018728306642
Train,3.77238947072282,3.77280606187045
Train,3.9184378745978,3.91793282047578
Train,4.05850605266546,4.05863773122323
Train,4.19320723877575,4.19348665280844
Train,4.32272202966428,4.32322438153491
Train,4.44722696284171,4.44686807262618
Train,4.56723312140291,4.56771219447031
Train,4.68276194077873,4.68259064519074
Train,4.79426945759002,4.79459511794479
Train,4.90175901098383,4.90172442049365
Train,5.00563973868193,5.00528756025446
Train,2.11581728312473,2.11456935975579
Train,2.33047865584099,2.33020949104897
Train,2.53578948231645,2.53441088812391
Train,2.73197658332002,2.73181837006845
Train,2.91981227546609,2.91665990348187
Train,3.09981870678823,3.10033575598058
Train,3.27263879538605,3.27232602086073
Train,3.43838038489641,3.43804741620837
Train,3.59762025954928,3.59682795601324
Train,3.75073363400826,3.75137282996215
Train,3.89820705850173,3.89670472872453
Train,4.04007726729951,4.03999364648402
Train,4.17678714525193,4.17694555157717
Train,4.30861321308013,4.30829834183382
Train,4.43593332062855,4.43570657983068
Train,4.55874123514964,4.55795780409093
Train,4.67738517395463,4.67729552304658
Train,4.79207338478934,4.79196695217464
Train,4.90310587350724,4.90305992185526
Train,5.01045046455225,5.01004007091828
Train,2.12340780063026,2.12401188980433
Train,2.33555182157128,2.33608747183674
Train,2.53826171316524,2.5408911147409
Train,2.73252129019331,2.73064976471354
Train,2.91849468018317,2.91789342728438
Train,3.09703969551917,3.09702259587206
Train,3.26826695843802,3.26842979171337
Train,3.4329299474644,3.43110443218242
Train,3.591248371111,3.59347604597346
Train,3.74343716572525,3.74444911090753
Train,3.89012436427303,3.88971073516071
Train,4.03133386362594,4.03138697204335
Train,4.16762609628764,4.1679729596311
Train,4.29912814868422,4.29899008369679
Train,4.42596729516976,4.42525097991378
Train,4.54862072987129,4.54829886306683
Train,4.66706619002326,4.66725653792522
Train,4.78173499906128,4.78122178257612
Train,4.89259322452992,4.89205030684601
Train,5.00003247031494,4.99980485207774
Train,-2.52020399747413,-2.51994735851409
Train,-2.29591448626899,-2.29578230916528
Train,-2.07832454396176,-2.07751614550367
Train,-1.86808267620809,-1.86990181150546
Train,-1.66391071808652,-1.66361923411174
Train,-1.46643689877274,-1.46541042937102
Train,-1.27447895842263,-1.27496821338142
Train,-1.08864441514788,-1.0892243818868
Train,-0.907836374848127,-0.906708560976459
Train,-0.73264157362904,-0.733527513640784
Train,-0.562039432900503,-0.561249780481067
Train,-0.39659609735487,-0.39614999299889
Train,-0.235359490400793,-0.23590221133205
Train,-0.0788755415109268,-0.0791220349580368
Train,0.0737461038603353,0.0741945509892861
Train,0.221979226239904,0.222181234136169
Train,0.366658369217015,0.3661256491126
Train,0.507276431250276,0.507336416040143
Train,0.644617321591916,0.645077948762573
Train,0.778192409141088,0.778806304113768
Train,3.78722333247141,3.78650037981637
Train,3.86835707725558,3.86845527784166
Train,3.94712554082616,3.94731274365617
Train,4.02363066926337,4.02304258912258
Train,4.0979686329837,4.09828703652087
Train,4.17023023004647,4.16989153069002
Train,4.24050125613106,4.24066008438816
Train,4.30886284435454,4.30867837317268
Train,4.37539177775957,4.3754657769808
Train,4.44016077700295,4.43985055570951
Train,4.50341168856786,4.50346635240779
Train,4.56485960942645,4.56485171152448
Train,4.6247441025641,4.6247660586217
Train,4.6831240862016,4.68293493609812
Train,4.74005555482039,4.74019349421209
Train,4.79559175829861,4.79509925746819
Train,4.84978336803594,4.84969712010055
Train,4.90267863115647,4.90270507869203
Train,4.95432351377617,4.95422230815015
Train,5.0047618342289,5.00447393492717
Train,4.06779321762793,4.06775906517427
Train,4.12886362446846,4.12879984251625
Train,4.18843650502565,4.1885374615143
Train,4.24656627409439,4.24648779224875
Train,4.3034897491331,4.30355885868479
Train,4.35888192481813,4.35874206714137
Train,4.41297936164961,4.41287132467036
Train,4.46582693013893,4.46599680528228
Train,4.51746745109716,4.51726965803604
Train,4.56794181135225,4.56808605632099
Train,4.61745010965688,4.61733501833291
Train,4.6657040691344,4.66561668374774
Train,4.71290408416591,4.71295342163134
Train,4.75908431150662,4.75884833108497
Train,4.80427744772708,4.80442258767502
Train,4.84851480641581,4.84838117092871
Train,4.89196783246196,4.89193713834751
Train,4.93437948805927,4.93442827765315
Train,4.97592179954134,4.97586162564616
Train,5.01662122515669,5.0164684743016
Train,4.22014920295026,4.22021015761342
Train,4.27001595389997,4.27001787722687
Train,4.31884733509992,4.31900164329485
Train,4.36649106477317,4.3664402560847
Train,4.41334987882338,4.41346957751224
Train,4.45926512455976,4.45917928761477
Train,4.50426501801582,4.50443380407009
Train,4.5483766613159,4.54825728434875
Train,4.59145944968607,4.59160869315596
Train,4.63387492262615,4.63398659595108
Train,4.67547720517421,4.67546770793191
Train,4.71628946103913,4.7163481244373
Train,4.75617962708936,4.75610411760348
Train,4.79548073861762,4.79551943667897
Train,4.83405616692232,4.83420131850866
Train,4.87192582742161,4.87191809788632
Train,4.9091089134031,4.90911426662782
Train,4.9454831181638,4.94549947974368
Train,4.98135040320262,4.98135799082806
Train,5.01658461081217,5.01658709875332
Train,0.0232534855056645,0.0242773455778109
Train,0.324712944071901,0.324568234822745
Train,0.60536286614481,0.605131473376186
Train,0.867286065839493,0.867461839860279
Train,1.11229637454543,1.1118153947776
Train,1.34246542260862,1.34233879024608
Train,1.55818922335934,1.55812844675742
Train,1.76121419379661,1.76124121760798
Train,1.95262957125149,1.95266878469405
Train,2.13340348386394,2.1329960276474
Train,2.30439932758651,2.30444472980374
Train,2.46638955566902,2.46649460152033
Train,2.62006734534397,2.62003109446445
Train,2.76605651343147,2.76578572411594
Train,2.90491998000819,2.90494074077864
Train,3.03744826357064,3.03740144746038
Train,3.16352782107499,3.16373828413483
Train,3.28387356534576,3.28377601763927
Train,3.39886794131181,3.39891831292547
Train,3.50886012159005,3.50885978588334
Train,4.28859561403509,4.28857694805478
Train,4.34205553093081,4.34190709294702
Train,4.39413825412554,4.39404659719943
Train,4.44523806813899,4.44520200475594
Train,4.49521413955049,4.49512512229043
Train,4.54393920473399,4.54398858883209
Train,4.5917797177037,4.59177342930556
Train,4.63844468822171,4.63856084279027
Train,4.68428365944228,4.68441421777092
Train,4.72916704473182,4.72904742552268
Train,4.77297694083089,4.77283995181491
Train,4.81603966114015,4.81593961719986
Train,4.85823186116631,4.85826401248263
Train,4.89944090909091,4.89846434298155
Train,4.93997216624685,4.9399887329549
Train,4.9795747829991,4.97953281267686
Train,5.01854127914636,5.01860918080851
Train,5.05675790632441,5.05666412838249
Train,5.09412023228766,5.09419434532387
Train,5.1309029953917,5.13075264376161
Train,2.58610026583734,2.58654341894575
Train,2.76851465918126,2.76875081975808
Train,2.94272882802608,2.94290912956998
Train,3.10901911744448,3.10882952240567
Train,3.26841993749323,3.2681951661128
Train,3.42110751508397,3.4213306857076
Train,3.56749720103519,3.56681856356075
Train,3.70797077464581,3.70836205690133
Train,3.84266509114177,3.84258585965139
Train,3.97234198581784,3.97176459718898
Train,4.09707757069643,4.09707732577803
Train,4.21714899668871,4.21711315002753
Train,4.3326287426891,4.33276703052828
Train,4.44413033620157,4.44339076226819
Train,4.55168393839327,4.55154300075295
Train,4.65549558435397,4.65543684729922
Train,4.75575721774563,4.75542866199461
Train,4.85249322518756,4.85218113801815
Train,4.9461851749025,4.94616975398307
Train,5.03682941941548,5.03655484914483
Train,2.98775249380128,2.98771622516355
Train,3.12206960094632,3.12211173290265
Train,3.25290130390781,3.25294813751892
Train,3.37993974614198,3.38037030411428
Train,3.50377640960752,3.5043565354484
Train,3.62411220201402,3.6253703182177
Train,3.74150019080705,3.74291132049106
Train,3.85565013384334,3.8566720867187
Train,3.96688702225547,3.96821040271456
Train,4.07550945630258,4.07636962226237
Train,4.18124040876721,4.18233753536546
Train,4.28455202488485,4.28536816029949
Train,4.38517594829115,4.38596551841905
Train,4.48338609932238,4.48415371950463
Train,4.57943510371219,4.58069978148555
Train,4.67306727396642,4.67371403041247
Train,4.76469060628296,4.76556145214121
Train,4.85405759289072,4.85510349722821
Train,4.94155423929131,4.94302273448042
Train,5.02694097839383,5.02721657453216
Train,4.14401671994345,4.14434467529858
Train,4.19751144380353,4.19759643074425
Train,4.24985505831044,4.24996186295024
Train,4.30108432264442,4.30118016209448
Train,4.35123444732833,4.35146136716716
Train,4.40033917493346,4.40036214666392
Train,4.44843085579031,4.44836487212009
Train,4.49554051906142,4.49568598245454
Train,4.54169793950441,4.54177765383642
Train,4.58693170022691,4.58702693179142
Train,4.63126925171151,4.63123024535738
Train,4.67473696736674,4.67487464978543
Train,4.71736019584034,4.71738583450346
Train,4.75916331031284,4.75926162551181
Train,4.80016975497286,4.80012863402075
Train,4.84040208886042,4.84058293710617
Train,4.87988202725041,4.87992367600813
Train,4.91863048073583,4.91864494604155
Train,4.95666759215853,4.9566862407249
Train,4.99401277152463,4.99397557971164
Train,3.88106647881116,3.8804438363571
Train,3.95498534175077,3.95479449480839
Train,4.02671478618677,4.02628933317314
Train,4.09670141090502,4.09675867313703
Train,4.16483624467702,4.1648516612498
Train,4.23102517859931,4.23090509951939
Train,4.29567456628328,4.29419620848997
Train,4.35852034698589,4.35849749084295
Train,4.41994505606517,4.42007425834376
Train,4.47984525635399,4.47931392699897
Train,4.53813014425581,4.53776592442076
Train,4.59515032639944,4.59510655701373
Train,4.65080606957692,4.65047270164936
Train,4.70500913105349,4.70506207791399
Train,4.75808209561698,4.75699605959957
Train,4.80979863708371,4.80948722038223
Train,4.86046452629652,4.86061457464379
Train,4.90998639728125,4.90971192015635
Train,4.95828074029674,4.95643378565941
Train,5.00563050217586,5.00506050514954
Train,2.12621823990325,2.12652102754359
Train,2.35335536725129,2.35330367963465
Train,2.56848775657863,2.56856978866048
Train,2.77206855266668,2.77209735395658
Train,2.96522830288204,2.96533643545112
Train,3.14896097896573,3.14904020121898
Train,3.32353294524035,3.32374583963823
Train,3.49000016938564,3.49016751804296
Train,3.64854390333541,3.64870887453648
Train,3.79989311823147,3.80009193244981
Train,3.94469562852031,3.94486154860928
Train,4.08304353576476,4.08321992589694
Train,4.21551363640978,4.21564308043375
Train,4.34262124740616,4.3427229527318
Train,4.46440022385062,4.46454191546067
Train,4.5814523120877,4.58143206754388
Train,4.69378410219524,4.69381180937702
Train,4.80180183201991,4.80188501583174
Train,4.9058711871293,4.90587296104271
Train,5.00596980801308,5.00587886142815
Train,3.98151939479087,3.98183082303361
Train,4.08560394980828,4.08597673891049
Train,4.18538760819451,4.18522831057484
Train,4.28149214122652,4.28050404810923
Train,4.3737693593754,4.373922504374
Train,4.46277764000615,4.46294809086825
Train,4.54836467816459,4.54853176954779
Train,4.63103463127504,4.63059845190795
Train,4.71063354983805,4.71058223884605
Train,4.78761888365643,4.78761063575288
Train,4.86183683844562,4.86215361941353
Train,4.93370436064246,4.93277823252933
Train,5.00306911414454,5.0032260648862
Train,5.07031270660277,5.07053868336001
Train,5.13528519349241,5.13503873394287
Train,5.19833717447293,5.19846456398804
Train,5.25932175401187,5.25909537470792
Train,5.31856218030005,5.31868743338995
Train,5.37591505757774,5.3756116957505
Train,5.43167938954815,5.43103307003397
Train,3.56330827873525,3.56338261912091
Train,3.61943027308644,3.61933836728562
Train,3.67467932599725,3.67445796471506
Train,3.72860979994892,3.72860681119922
Train,3.78149458101501,3.78114289358777
Train,3.83336379059865,3.8333263395128
Train,3.88446551995038,3.88438950860867
Train,3.93438531230801,3.93429908584434
Train,3.98337334956381,3.98346866604183
Train,4.03145547738693,4.03161846375073
Train,4.07885992830399,4.07857795841332
Train,4.12520035364699,4.12487281151547
Train,4.17070699209888,4.17051533365006
Train,4.21540214606916,4.21545658328463
Train,4.25949652745226,4.25946217617669
Train,4.30262920059413,4.30231609411416
Train,4.34501278816023,4.34515918317114
Train,4.38666663622413,4.38659583925468
Train,4.42778591658008,4.4273235666827
Train,4.46803273530061,4.4679190599912
Train,5.37057636424032,5.37056230608718
Train,5.43382141873497,5.43378707333826
Train,5.49501443885656,5.49509066924506
Train,5.55425370004127,5.55423821817234
Train,5.61163130089327,5.61154889668463
Train,5.66723364096217,5.66722775506272
Train,5.72114185484868,5.72114759218161
Train,5.77343220722596,5.77344029916125
Train,5.82417645282135,5.82419377914479
Train,5.87344216493173,5.87341195623443
Train,5.92120404498644,5.9212353367387
Train,5.96770266156324,5.9677235202856
Train,6.01290314905093,6.01287271079704
Train,6.05685912002681,6.05687782645176
Train,6.09962127490142,6.09960298259315
Train,6.14123759700093,6.14122979770977
Train,6.18175353217474,6.18175718226334
Train,6.22121215434194,6.22121510038627
Train,6.25965431824423,6.25963851473201
Train,6.29711880054416,6.29710684819869
Train,3.43469817214436,3.43495518246558
Train,3.71526197914561,3.71535658733987
Train,3.96912085994883,3.96899476755638
Train,4.19970213449115,4.19980665901889
Train,4.41045529222628,4.41031883139871
Train,4.60365386091897,4.60366447788905
Train,4.78140345001849,4.7814193546786
Train,4.94548586823508,4.94546055942041
Train,5.09727810462039,5.09725627432485
Train,5.23837314178011,5.23841098787519
Train,5.36974091204346,5.36973893668104
Train,5.49235381109834,5.49234936427305
Train,5.60695185997092,5.60697058197396
Train,5.71449665703554,5.71450258260878
Train,5.8155254137919,5.81556649907938
Train,5.91061291862125,5.91061164511333
Train,6.00026828715781,6.00027518943383
Train,6.08486476854503,6.08485848830091
Train,6.16496886465042,6.16495092883846
Train,6.24085787471548,6.240869951804
Train,3.35747576609748,3.35676347865441
Train,3.46979775418912,3.46914156271518
Train,3.57789529176079,3.57764644309494
Train,3.68200230337501,3.68202077688178
Train,3.78212479428875,3.78163421345229
Train,3.87889364851317,3.87865177232228
Train,3.97227749373612,3.97222857646406
Train,4.06245089010111,4.06216499561409
Train,4.14957659815377,4.14914291167801
Train,4.23380655928289,4.23363101235222
Train,4.3151111586512,4.31506384573944
Train,4.39397198583075,4.39385931134015
Train,4.47033614290024,4.46993259214136
Train,4.54432034612779,4.54419990231539
Train,4.61603414828639,4.61608152145922
Train,4.6855804799257,4.68511238590721
Train,4.75291380124137,4.75304487663592
Train,4.81841406116404,4.81823463503164
Train,4.88202044711433,4.88172013141806
Train,4.94381392771371,4.94338332799665
Train,3.95379085585895,3.95368252987313
Train,4.02387689874655,4.02381094456208
Train,4.09202787585003,4.09196483707487
Train,4.15832283624358,4.15839116875426
Train,4.22265524360137,4.22252444235559
Train,4.28546338401749,4.28542530425178
Train,4.34662808607946,4.34656350819054
Train,4.40621302012163,4.40615570805889
Train,4.46427860944328,4.46424218740716
Train,4.52088223469157,4.52092774812112
Train,4.57592311844487,4.57567799428065
Train,4.62976750947251,4.62980956265741
Train,4.6823055082136,4.68195556096756
Train,4.73358408906357,4.73363502653805
Train,4.78364800099205,4.7835779728251
Train,4.83253989778802,4.83257696824725
Train,4.88016595915179,4.88020370809167
Train,4.9268370631556,4.92643173028622
Train,4.9724526102253,4.97262265790263
Train,5.0170480101116,5.01667298414608
Train,3.80648225569434,3.80682599400674
Train,3.88819773140044,3.88864872894768
Train,3.9675845776397,3.96742089545509
Train,4.04434546678564,4.04467568522372
Train,4.1187993066945,4.11879882865318
Train,4.19123440546412,4.19156772937853
Train,4.26137018770759,4.26115539927045
Train,4.32948904552383,4.32966115644589
Train,4.39584710591179,4.39554509226067
Train,4.46017989826154,4.46031275407435
Train,4.52273921278602,4.52316089481095
Train,4.58359738725435,4.58352401871738
Train,4.64297543427099,4.64296733777732
Train,4.70062906181099,4.700848561892
Train,4.75677643828702,4.75659286248841
Train,4.81161680267712,4.81186755241137
Train,4.86491994475946,4.86461440877096
Train,4.91688305589834,4.91697268815764
Train,4.96768669976923,4.96744402264298
Train,5.01711383153096,5.01701573777822
Train,3.8066694585454,3.80685118074174
Train,3.88830813858995,3.88804203201502
Train,3.96762431052348,3.96776199226801
Train,4.04432259282697,4.04430492115929
Train,4.11891043444386,4.11902988970754
Train,4.19110358009718,4.19095560958734
Train,4.26137364197484,4.26148571146618
Train,4.32944724323035,4.3294068191993
Train,4.39576388554881,4.39574591923732
Train,4.46006075378851,4.45985734430573
Train,4.52274846433141,4.52306124137098
Train,4.58357440276936,4.58352644400506
Train,4.64292310555896,4.64303007632256
Train,4.70055177180784,4.70035407104509
Train,4.75682130961977,4.75680734285774
Train,4.81149833123813,4.81140937055747
Train,4.86492226818416,4.86520773231527
Train,4.9168687417456,4.91674255784741
Train,4.96765760327812,4.96745526267327
Train,5.01707308206896,5.0170705251497
Train,2.1236001698057,2.12556701825664
Train,2.3312267024633,2.33227770246807
Train,2.53079190975058,2.53286041590976
Train,2.72221107576009,2.72352087869725
Train,2.90649628017563,2.90875105014342
Train,3.08353435789103,3.0850285383843
Train,3.25422961376912,3.25601479222527
Train,3.41844845121932,3.4216240547997
Train,3.57700345480192,3.57880620981299
Train,3.72974665350828,3.73157179064432
Train,3.87741200225108,3.87878609544199
Train,4.01984174897882,4.02057045835894
Train,4.15770198454672,4.1599814260247
Train,4.290828668106,4.2918027621948
Train,4.41982895049952,4.4202205032619
Train,4.54453516025359,4.54555113251476
Train,4.66550296056914,4.66604716058859
Train,4.78256307189015,4.78292524417187
Train,4.89622593620364,4.89637028103456
Train,5.00632220143366,5.00606771792294
Train,2.11929806066128,2.12103957573194
Train,2.33912576422513,2.33894947911389
Train,2.54859528613601,2.54958345549525
Train,2.74780960314826,2.74757625857304
Train,2.93779495529389,2.93884958111661
Train,3.11945687375641,3.12002921021698
Train,3.29279699955795,3.29315420360066
Train,3.45862885425712,3.45931654217051
Train,3.61767431655396,3.61772903165032
Train,3.76987241815197,3.77076702643384
Train,3.91588042011057,3.91577288586117
Train,4.05606843534068,4.05638052718708
Train,4.19098530903493,4.19144921310939
Train,4.32052286055671,4.32054410999839
Train,4.44518840503133,4.4452267474829
Train,4.56543701782796,4.56574804733313
Train,4.6811416941507,4.68117684910825
Train,4.79272714137776,4.79270962842778
Train,4.90057583290482,4.9007420744368
Train,5.00455067461036,5.00447858810943
Train,2.79788184818482,2.79879517635558
Train,2.97335468643221,2.97394692513839
Train,3.13886891715424,3.13965600969672
Train,3.29576238654505,3.29617644406093
Train,3.44444714550587,3.44447438554411
Train,3.58531949114351,3.58603962408082
Train,3.71941916855353,3.71972771255454
Train,3.84701300755902,3.84779900913994
Train,3.96836344940053,3.96876232580174
Train,4.08429867299206,4.08503078996213
Train,4.19499065489583,4.19536587628894
Train,4.30078722298537,4.30140820389564
Train,4.40183938328847,4.40247199655854
Train,4.49877838020913,4.49906051930006
Train,4.5916967674814,4.59179891638481
Train,4.68069257122139,4.68114648463083
Train,4.7662911811145,4.76630934927593
Train,4.84854735918329,4.84882497796056
Train,4.92752249937938,4.92767709391986
Train,5.00366031197705,5.00366970118042
Train,1.49400356488097,1.494498163482
Train,1.57682794872268,1.57702253495003
Train,1.6584071625663,1.65868298850759
Train,1.73815252095142,1.73803470135894
Train,1.81672692283096,1.81648607221572
Train,1.89356181483551,1.89354368175404
Train,1.96929441392374,1.96934420981992
Train,2.04337531582866,2.04302177796702
Train,2.11641754009361,2.11657157630028
Train,2.1878899089651,2.18784495874419
Train,2.25838261570457,2.25886136152834
Train,2.327381842575,2.32722840476557
Train,2.3954562249571,2.39544507601598
Train,2.46210849074814,2.46202018729158
Train,2.5278868926327,2.52808114894864
Train,2.59230993820457,2.59253719787952
Train,2.65590658789213,2.65607437628054
Train,2.71821040810501,2.71692634214409
Train,2.77973208027049,2.77897502601476
Train,2.8400195506646,2.84016021839337
Train,3.79651087817818,3.79450067672436
Train,3.87628483249643,3.87583834639585
Train,3.95402468652431,3.95344988997234
Train,4.02946536235789,4.02770494061619
Train,4.10287290473821,4.10287724137592
Train,4.1743284105928,4.17329067069144
Train,4.24406620952719,4.2434605145157
Train,4.31184013007536,4.31130987198625
Train,4.37788100216708,4.37746439403994
Train,4.44225446036291,4.44161127120455
Train,4.5051650316377,4.50482812841286
Train,4.56638419583678,4.56603529828348
Train,4.6261141293753,4.62583108623434
Train,4.68440852026206,4.68352554945735
Train,4.74144748054827,4.74114180717001
Train,4.79701879050252,4.7967620924995
Train,4.85130101388361,4.84983731711176
Train,4.90433849078683,4.90403249046207
Train,4.95629108787155,4.95593872714593
Train,5.0069615428495,5.00594029350972
Train,2.11265652053321,2.11267762679048
Train,2.3578566649345,2.35752946866918
Train,2.58709638398645,2.58701472250899
Train,2.80188488942419,2.80163006287179
Train,3.0035469266887,3.00352532888277
Train,3.19300068400244,3.19297634032258
Train,3.37179232928029,3.37106700194121
Train,3.5405745503095,3.54045964968676
Train,3.70016500671517,3.70009418710319
Train,3.85129466049826,3.85131940605637
Train,3.9946189701457,3.99387688584678
Train,4.1307273939857,4.1303434904606
Train,4.26015149340538,4.25959983046263
Train,4.38337187082695,4.3826431274559
Train,4.50082413335532,4.49923037299808
Train,4.61275563701275,4.61234958851704
Train,4.71983010816281,4.71899648468601
Train,4.82222099538286,4.82193222404234
Train,4.92022902122279,4.91975154573296
Train,5.01412970272404,5.01332107652555
Train,2.14401432385432,2.14492759379058
Train,2.38115906837723,2.38048973122053
Train,2.6037154860944,2.60376963522716
Train,2.81248742451155,2.81219306717898
Train,3.00895291571405,3.00872637641654
Train,3.19439187912844,3.19346970880573
Train,3.36928552276897,3.3695052835595
Train,3.53490699190702,3.53400806003841
Train,3.6915961922994,3.69135300225966
Train,3.8402358800163,3.83966177034594
Train,3.9816013822551,3.98154488832946
Train,4.11588896677827,4.11621442785903
Train,4.24377162448729,4.24311095923107
Train,4.36584447361433,4.36533585114952
Train,4.48221255814478,4.48223454162357
Train,4.59353582159029,4.59329841084249
Train,4.6998773243844,4.6994756998923
Train,4.80168739654563,4.8013313187424
Train,4.89936800597654,4.89943281467489
Train,4.99293804110241,4.99215198117812
Train,2.1089386522176,2.10922608078757
Train,2.37514073023038,2.37532815252993
Train,2.62060179571228,2.62005707339116
Train,2.84707197075652,2.8468785419412
Train,3.05721315704382,3.05684402255641
Train,3.25222648526667,3.2520037616326
Train,3.43415752082525,3.43362236322204
Train,3.60384084059762,3.60365897396545
Train,3.76267811596061,3.76266326552135
Train,3.91187006831308,3.91048930736209
Train,4.05190585526976,4.05193950241513
Train,4.18394524024873,4.1834462702885
Train,4.30833067579597,4.30760191887233
Train,4.42586142983442,4.42569034133188
Train,4.53723364108906,4.5365225780973
Train,4.64264426466738,4.64139529974849
Train,4.74281992770265,4.74327544238835
Train,4.83789302383836,4.83679016775781
Train,4.92847952912802,4.92768042299789
Train,5.01466450809957,5.01394141253908
Train,2.1288000425236,2.1288856213599
Train,2.34823611622065,2.34828007455721
Train,2.55721056391098,2.5571838762174
Train,2.75599004423558,2.75605062263125
Train,2.94552363337288,2.94564128443957
Train,3.12665298750669,3.12672048130693
Train,3.29952074244584,3.29959240165257
Train,3.46506570261306,3.46524320239981
Train,3.6233729771198,3.62345743350519
Train,3.77508423011347,3.77517416047189
Train,3.92077359844153,3.92091892640596
Train,4.06046525202083,4.06056605070838
Train,4.19467901969374,4.19480180729292
Train,4.3238821364358,4.32399766396187
Train,4.44805868915352,4.44820218962772
Train,4.56777660105704,4.56790724436572
Train,4.68300122001707,4.68312263843685
Train,4.79411099883308,4.79419986844945
Train,4.90144833177892,4.90152497275843
Train,5.00495885637076,5.00503290787523
Train,2.12903313037011,2.12968751027287
Train,2.37371497467302,2.37325188168173
Train,2.60247029364738,2.60311592056163
Train,2.81623456115528,2.81587225537291
Train,3.01670163660666,3.01612778752527
Train,3.20532645089991,3.20564560763736
Train,3.38265358908176,3.38241685841271
Train,3.54989189897027,3.54962820484647
Train,3.70809013959052,3.70893589843248
Train,3.8575609457185,3.85748616746636
Train,3.99919673222576,3.99888963665793
Train,4.13359781405886,4.13367674877585
Train,4.26147622394797,4.26145379371368
Train,4.38296867091488,4.38275781787737
Train,4.4986971616588,4.49899932657931
Train,4.60921087066979,4.60675086900514
Train,4.71457055299424,4.71441531952072
Train,4.81526389425394,4.81555643904207
Train,4.91172399174008,4.91135973657796
Train,5.00396334665218,5.00404132941398
Train,2.13040396222976,2.13141974010645
Train,2.37303853282408,2.37281142002243
Train,2.60015547822851,2.60116815388241
Train,2.81263070033132,2.81270588228866
Train,3.01210130581198,3.01385928455633
Train,3.19997617682496,3.20089341498382
Train,3.37676511064571,3.37581980821264
Train,3.54386697152176,3.54516168882614
Train,3.70163413213781,3.70196552116826
Train,3.85102716016077,3.85094227381918
Train,3.99288537720786,3.99404238752535
Train,4.12740371639727,4.12744389544818
Train,4.25530873339397,4.2556509092777
Train,4.37723989298125,4.37728181461565
Train,4.493294071595,4.49362127353228
Train,4.60418353903414,4.60458294302438
Train,4.70996079497985,4.71011316365397
Train,4.81110720463325,4.81058725720717
Train,4.90805066782361,4.90821093874396
Train,5.00079777774893,5.00084452547375
Train,4.03678158433773,4.03696857008103
Train,4.13566729713179,4.13570308970369
Train,4.23097241930034,4.23100207495221
Train,4.32253303108006,4.3224943372937
Train,4.41073584423757,4.41073567556881
Train,4.49592692277096,4.49592175537176
Train,4.57793968546789,4.57790969931224
Train,4.6572551368398,4.65725949616748
Train,4.73370733785268,4.7336786963045
Train,4.80759144513496,4.80759583231551
Train,4.87917329958169,4.87915214705057
Train,4.94829025844663,4.94829226880242
Train,5.01519696033909,5.01510590915708
Train,5.08012355466713,5.08011854778155
Train,5.14291246511713,5.14290544311583
Train,5.20390367316847,5.20389491776072
Train,5.26294356871021,5.26298065261502
Train,5.32023532421494,5.3201910908559
Train,5.37596355005784,5.37594810365257
Train,5.42998106724748,5.42987071639285
Train,2.76429712269479,2.76392376435464
Train,2.99662453130539,2.99606601608169
Train,3.21286783191093,3.21291592105112
Train,3.41419547717616,3.41343023924341
Train,3.60251571015027,3.6021379191537
Train,3.77865864230516,3.77830125810791
Train,3.94413510895602,3.94401249572396
Train,4.09953984965417,4.09882741925898
Train,4.2459277761753,4.24602807925688
Train,4.38421528045004,4.38396311119353
Train,4.51476550454941,4.51468289834733
Train,4.63848546459697,4.63851442669906
Train,4.75563590627726,4.75573751473925
Train,4.86685051434591,4.86574058679829
Train,4.97268738411074,4.97248632502155
Train,5.07330223853307,5.07307001692092
Train,5.16928654997398,5.16857747180105
Train,5.26074791253988,5.26051201810546
Train,5.34819410489527,5.34757376562842
Train,5.43169660327504,5.43099438599014
Train,3.80381777795189,3.80364633127678
Train,3.88514324005325,3.88530123061568
Train,3.96402527890594,3.96393836051569
Train,4.04074982268281,4.04049744220387
Train,4.11505901581572,4.11513611919358
Train,4.18723194122482,4.18751999933223
Train,4.25735941480867,4.25662364600279
Train,4.32552717676686,4.32536787278726
Train,4.39197006127829,4.39214729202498
Train,4.45645288468365,4.45638281524438
Train,4.51920628604514,4.51908059153569
Train,4.58029891907628,4.58005132193497
Train,4.63993401138155,4.6399213764474
Train,4.69789341540057,4.69824342342539
Train,4.75437753520853,4.75411039747845
Train,4.80944199021849,4.80929452719496
Train,4.86313963868017,4.86318398611396
Train,4.91564248218195,4.91530019082924
Train,4.96675195093874,4.96673417886481
Train,5.01663835745596,5.01656941026371
Train,3.80664091162018,3.80682243403711
Train,3.88860513026176,3.88867301383138
Train,3.9679995475491,3.96722644602627
Train,4.04494315355178,4.04521253522975
Train,4.11954770383565,4.1191785588438
Train,4.1919182610461,4.19215268865659
Train,4.26215368855679,4.26184395033701
Train,4.33034710106158,4.33049211235115
Train,4.39658627642818,4.39654644383549
Train,4.46095403264424,4.46094985848898
Train,4.52367796994307,4.52361219319422
Train,4.58452912445033,4.58477603135756
Train,4.64373103384914,4.64357841685554
Train,4.70134985075786,4.70153703363243
Train,4.75744823655694,4.75671317472583
Train,4.81208558870454,4.81216631971833
Train,4.86531825051979,4.86533686846664
Train,4.91719970499118,4.91718895968219
Train,4.9677807540116,4.96790234824797
Train,5.01710968430264,5.0167717123098
Train,1.61461103702992,1.61492442092853
Train,2.00542657563896,2.00534519264542
Train,2.35758061384121,2.35744088186615
Train,2.67595499157941,2.67580636882334
Train,2.96545351484543,2.9653751920035
Train,3.23007786762063,3.23002904132076
Train,3.47245396223694,3.47226711175457
Train,3.69568666082168,3.69581270818375
Train,3.90157605727133,3.90162634073416
Train,4.09224436676495,4.09245329554536
Train,4.26948383431432,4.26944493460027
Train,4.43435795345876,4.43436519704695
Train,4.58826026605805,4.58816747941668
Train,4.73238495656922,4.73216270753104
Train,4.86738295180506,4.86733685629801
Train,4.99433137694464,4.99428859345639
Train,5.11370594655759,5.11340789413802
Train,5.22627002247981,5.22617358522106
Train,5.33268984781122,5.33252425306122
Train,5.4332664421867,5.43308584056862
Train,1.18428791394519,1.18441317343089
Train,1.63622234477721,1.63606669784925
Train,2.03966537388795,2.03972907635247
Train,2.40202412271444,2.40192013112968
Train,2.72927020845774,2.72926890470475
Train,3.02627142594558,3.02642569321537
Train,3.29703552707117,3.29708736307506
Train,3.54489212669147,3.54488831405464
Train,3.77263031285526,3.77274042564235
Train,3.98260405466821,3.98276835425198
Train,4.17681386944818,4.17681272277181
Train,4.35697076170014,4.35702382196754
Train,4.52454676694965,4.52455656374726
Train,4.68081526395373,4.68084507278976
Train,4.82688339281796,4.82686034952561
Train,4.96371832551304,4.96367244733696
Train,5.09216870721911,5.0922119050177
Train,5.21298227338585,5.2129312311284
Train,5.32682041531893,5.32686717580358
Train,5.43427029363221,5.43422052295349
Train,2.11854974520265,2.11891344985846
Train,2.36965329953032,2.37016848765628
Train,2.60291369662723,2.60303995417629
Train,2.82074288747963,2.82086103874675
Train,3.02408366216741,3.02418252625861
Train,3.21483992653704,3.21506396207618
Train,3.39366947362023,3.39386688827502
Train,3.56210365267221,3.56235614807005
Train,3.72060116765344,3.72108371399585
Train,3.87041413984253,3.87080824434664
Train,4.01185999458537,4.01211712627477
Train,4.14597750162666,4.14617937626675
Train,4.27298251658091,4.27384915786237
Train,4.39374797378785,4.39388176142742
Train,4.5084159270133,4.50871777007191
Train,4.61772841628796,4.6177157992482
Train,4.72177341797621,4.7220931559444
Train,4.82118822113108,4.82120513307958
Train,4.91602092961166,4.91614339612928
Train,5.00682395082493,5.00683825477094
Train,4.12029750582454,4.12081152086315
Train,4.17735496874578,4.17707631362859
Train,4.23298871820292,4.23377353625832
Train,4.28755224265169,4.28705583280165
Train,4.34078056588744,4.34103718628316
Train,4.39301016246763,4.39153624199238
Train,4.44398575846483,4.44404078555302
Train,4.49402803643194,4.49458966489905
Train,4.54302639095992,4.54203944241302
Train,4.59088048913341,4.59170394696988
Train,4.63788935800581,4.63717060717894
Train,4.68381995465423,4.68429527479961
Train,4.72895809292725,4.72854157149626
Train,4.77320123589407,4.77207807416047
Train,4.81645576932464,4.81693783121076
Train,4.85898929060412,4.85907651049123
Train,4.90058839484491,4.90075757550798
Train,4.94150950752117,4.94129472558265
Train,4.98154643049578,4.98143253692828
Train,5.02094511455809,5.02044608582431
Train,2.13108253715747,2.13124660865136
Train,2.3634225107439,2.36378195057327
Train,2.58234426957046,2.58225918538877
Train,2.78872206994565,2.78874544065033
Train,2.98408712843775,2.98446385240672
Train,3.16906850956499,3.16920771759245
Train,3.34447262355661,3.344479018035
Train,3.51102448520961,3.51137162536392
Train,3.66918121602325,3.66913999683524
Train,3.81993600410763,3.81974263676451
Train,3.96361774986868,3.9640514256483
Train,4.10071281829953,4.10083596595572
Train,4.23150110558036,4.23131288970248
Train,4.35671938119378,4.35678685120578
Train,4.47656656134204,4.47626996633548
Train,4.59138097054597,4.591707986356
Train,4.70147310298635,4.70171318993229
Train,4.80699671021597,4.80691846958356
Train,4.90848328994059,4.90853928400096
Train,5.00603822010173,5.00592894059659
Train,3.04119409913443,3.04140556647539
Train,3.19008903585689,3.19031636324356
Train,3.33178815602225,3.33175903814694
Train,3.46656537724521,3.46690762906504
Train,3.59536463091558,3.59556306999215
Train,3.7183597587099,3.71918650569054
Train,3.83593444559867,3.8362415847026
Train,3.94843928740004,3.94885892194938
Train,4.05600691507524,4.05644951407006
Train,4.15931622960259,4.15949914824008
Train,4.25844130188877,4.25885656265595
Train,4.35363129196219,4.35378177765082
Train,4.44495577097793,4.44497503986198
Train,4.53295339705236,4.53312214304091
Train,4.61765389777833,4.61769664358721
Train,4.69923917216988,4.69928455471594
Train,4.77787798061389,4.77796898899973
Train,4.8535940634255,4.85364231372145
Train,4.92680396804945,4.92673745737406
Train,4.99750567947043,4.9975218324092
Train,2.12952051089091,2.12942016430892
Train,2.3669523637525,2.36646449622853
Train,2.58984900460194,2.58869080154031
Train,2.79950552654577,2.79901979174096
Train,2.99706760274245,2.99672271744779
Train,3.18355243123405,3.18272076866046
Train,3.35986625274271,3.35972689726472
Train,3.52681907826002,3.52622183854177
Train,3.68513713151105,3.6849615548875
Train,3.83547340951763,3.83498360370353
Train,3.97841668516907,3.97799294661521
Train,4.11449921352282,4.11422353445081
Train,4.24420335448835,4.24411675127189
Train,4.36796728559095,4.3678719673247
Train,4.48618994740472,4.4859413767393
Train,4.5992353392663,4.59909362697212
Train,4.7074362627208,4.70728766198803
Train,4.81109759379642,4.81099089348058
Train,4.9104991518747,4.91026381560581
Train,5.00589822200829,5.00572457635493
Train,3.86767499240352,3.86795609661052
Train,3.93988814312301,3.93878587013236
Train,4.0101984399561,4.01015773358662
Train,4.07901616013599,4.07836286772212
Train,4.14622331643736,4.14634410648645
Train,4.21171516262025,4.21134439438751
Train,4.27586994226197,4.27552590500485
Train,4.33857416610701,4.33774009630937
Train,4.39972643404632,4.39937497147033
Train,4.45967663300769,4.46029925905017
Train,4.51831577123988,4.51782337530525
Train,4.57568639126128,4.57535834822769
Train,4.63169173067754,4.63178124564578
Train,4.68664865034855,4.68644339537999
Train,4.7404540428401,4.740187073918
Train,4.79301465417683,4.7929607534555
Train,4.84462560898169,4.84490325997316
Train,4.89518807231036,4.89435715030262
Train,4.94461226602947,4.94440186297501
Train,4.99317378018728,4.99278709081986
Train,2.13029736085885,2.12989072601553
Train,2.36488484898228,2.36499339246287
Train,2.5852044874433,2.5851059117252
Train,2.79302233464975,2.79258679332846
Train,2.98889740163149,2.98841426057546
Train,3.17427966419733,3.17389334942922
Train,3.34956388030625,3.34897299671715
Train,3.51595707532843,3.51521654371239
Train,3.67392665456806,3.67354483789526
Train,3.82391386438706,3.82347466605855
Train,3.96685640371195,3.96664225120761
Train,4.10290718919506,4.10287969432315
Train,4.23286926881838,4.23205644573531
Train,4.35699086341235,4.35691480631644
Train,4.47551231208091,4.47488387859115
Train,4.58908113602055,4.58864773649324
Train,4.69773558542738,4.69752677102437
Train,4.80204241739314,4.80178877405919
Train,4.90201266315861,4.90213641252771
Train,4.99814603642864,4.99818750350672
Train,2.12135140905587,2.12175448420961
Train,2.3581271563838,2.35792862950833
Train,2.58082347541767,2.58060907212561
Train,2.79014316886457,2.78979978693527
Train,2.98749947850021,2.9843336253601
Train,3.17411978402841,3.17321173250306
Train,3.35042062414992,3.34932033670551
Train,3.51764780114237,3.51710005896015
Train,3.67609155608704,3.6748813634243
Train,3.82661231789763,3.82564696608309
Train,3.96996736034316,3.96959166876544
Train,4.10631792695103,4.10620692801816
Train,4.2363261944277,4.23605672368134
Train,4.36057871671653,4.3609714413636
Train,4.47915454082872,4.4794200084892
Train,4.5927157035838,4.59270103977027
Train,4.7013034034086,4.70128360943849
Train,4.80536659178628,4.80512046097496
Train,4.90530652005249,4.90530968849484
Train,5.00112464163372,5.00086194062018
Train,2.11977512070295,2.11996542552364
Train,2.35543592062117,2.3556840479126
Train,2.57728379397804,2.57725656895704
Train,2.78597788921882,2.78608058408494
Train,2.98314523520744,2.98326734117503
Train,3.16925003574032,3.16951635634754
Train,3.34563771372171,3.34582603503653
Train,3.51263198312321,3.51254696465761
Train,3.67136005374403,3.67145133147127
Train,3.82204322514936,3.82127249011532
Train,3.9656369708923,3.96549132252252
Train,4.10228723103854,4.1019150109881
Train,4.23281242014042,4.23277496827572
Train,4.35730261727197,4.35715980349627
Train,4.47646546379672,4.47644348418757
Train,4.59034940695082,4.59002896684828
Train,4.69957152779093,4.69962813585002
Train,4.80414914034005,4.80394598166307
Train,4.90462451282397,4.90441559209497
Train,5.00099164739789,5.00038869483827
Train,2.12804897949919,2.12788379563639
Train,2.35914572896653,2.35907803721269
Train,2.57710276155572,2.57667452169548
Train,2.78300974754792,2.7827621419477
Train,2.97783911053135,2.97768445917458
Train,3.16246138375598,3.16184864868986
Train,3.33765821454383,3.3375793292565
Train,3.50413342654931,3.50402805887492
Train,3.66252247004433,3.6616514290566
Train,3.81340052777421,3.81368783188222
Train,3.95728949435615,3.95629154492994
Train,4.09466400771843,4.09467989015169
Train,4.2259566794682,4.22546822450235
Train,4.35156264562758,4.35158732204431
Train,4.47184353858334,4.47133565479302
Train,4.58713096434958,4.58730025980398
Train,4.697729555561,4.69729951173789
Train,4.80391965938697,4.80367848852833
Train,4.90595971030359,4.90605731345417
Train,5.00408833000427,5.0035595848079
Train,2.12104874676721,2.12223466604186
Train,2.34903509161392,2.34931398933835
Train,2.56480918105226,2.56499558628124
Train,2.76889724478091,2.76922632946147
Train,2.96242686686407,2.9627861107277
Train,3.14639019060585,3.14648713448909
Train,3.32111104645295,3.32139307734027
Train,3.48744392435907,3.48752988604823
Train,3.64614588497367,3.64649089733788
Train,3.79741081622558,3.79740865984271
Train,3.94190181739046,3.94208292275502
Train,4.08006394730618,4.08008873072898
Train,4.21244385637252,4.21247591181813
Train,4.33912900985612,4.33930116358382
Train,4.4606074234926,4.46046546663123
Train,4.57731699312864,4.57725767920996
Train,4.68929586349491,4.68941284586466
Train,4.79693976588629,4.79677710647806
Train,4.90060535136465,4.90068791276857
Train,5.00029769645624,5.00011529373145
Train,2.58725567566457,2.58815110857753
Train,2.70154279218157,2.70213634096794
Train,2.8119908417709,2.81102837750799
Train,2.91879006872852,2.91888369134389
Train,3.02187803688052,3.01968917986809
Train,3.12190950100178,3.12236692682412
Train,3.21879218484894,3.21862445273504
Train,3.31267246016338,3.31197106223621
Train,3.40368776495202,3.40170779432296
Train,3.49196727482679,3.49127924908893
Train,3.57743298806315,3.57533474718579
Train,3.66060417040359,3.66017582059279
Train,3.74138311732907,3.74034955318924
Train,3.81987157661885,3.81982082610406
Train,3.89616560659639,3.89555304513336
Train,3.97035596832019,3.96840268624723
Train,4.04236018004115,4.04003539079198
Train,4.11260055730009,4.11285584068022
Train,4.1809810485133,4.17992006854032
Train,4.24757455997282,4.24537597940647
Train,3.80664009908338,3.80857473433056
Train,3.88748447184076,3.88780069797425
Train,3.96611514799725,3.9666614752044
Train,4.0422824060348,4.04312567123847
Train,4.11626428105104,4.11691091800307
Train,4.18831347492961,4.18864540335047
Train,4.25819315247365,4.25987191761154
Train,4.32615063881179,4.32618054215922
Train,4.39241138017627,4.39263059163053
Train,4.45675108578473,4.45741232237773
Train,4.51939116947626,4.51949311309212
Train,4.5803981000977,4.58063667415476
Train,4.63996736368178,4.64018179814078
Train,4.69789058285393,4.69817367866048
Train,4.75436050542579,4.75440385803662
Train,4.80955391802398,4.8096315672395
Train,4.86327366852856,4.86337595399013
Train,4.91569450904407,4.91581998585965
Train,4.96697710872871,4.96701574325047
Train,5.01693489562961,5.0171434560419
Train,3.80622059177964,3.80726754772908
Train,3.8873288589235,3.88642227477825
Train,3.96601881127915,3.96616246174957
Train,4.04239701643749,4.04020967383107
Train,4.11640392475877,4.1161428180952
Train,4.18845862756364,4.1880072734842
Train,4.25848579499905,4.25831578894789
Train,4.32656981845119,4.3267622461702
Train,4.39279046993933,4.39284376259306
Train,4.45722321391436,4.45741354802371
Train,4.51980408338386,4.51726623482531
Train,4.58087512371354,4.58089438850797
Train,4.64036142544034,4.64041482082242
Train,4.69832388230876,4.69679153591855
Train,4.75482030771955,4.75408178020583
Train,4.80990562707344,4.80923899639523
Train,4.86351593951924,4.85935105589882
Train,4.9159359608391,4.91423803851498
Train,4.967093940438,4.96747977047775
Train,5.01703491275559,5.01609769342243
Train,3.8062145422959,3.80618661996626
Train,3.88739885079821,3.88757636759177
Train,3.9661491602232,3.96596251329387
Train,4.04257331506356,4.04285098313116
Train,4.11677288144057,4.1167253301995
Train,4.18884359743401,4.18911260669696
Train,4.25887578519916,4.25861569842013
Train,4.32695472860115,4.32708225175369
Train,4.39316101968649,4.39369327594462
Train,4.4575708769512,4.45759822250906
Train,4.52025643804822,4.51992361343067
Train,4.58128602929732,4.58188053241096
Train,4.64072441411457,4.64075235483901
Train,4.69863302226005,4.69841034886334
Train,4.75507016160996,4.75535478803644
Train,4.81009121398775,4.81025902743053
Train,4.86374881643681,4.86380352187765
Train,4.91609302918206,4.91652311234278
Train,4.96717149140691,4.96803765301805
Train,5.01702956586459,5.01692231082992
Train,1.47921976864386,1.4789461236563
Train,1.61425948358227,1.61371087115398
Train,1.74472348591131,1.74463710933409
Train,1.87084046764482,1.87095150637318
Train,1.99282413063477,1.99229981151651
Train,2.11121399002517,2.11126622123842
Train,2.22550739656884,2.22520545207439
Train,2.33623066738517,2.33605185910923
Train,2.44354850832307,2.44356045899471
Train,2.54761564721408,2.54763615027909
Train,2.64857757819521,2.64802686450124
Train,2.74657124038271,2.74655902575463
Train,2.84172563755433,2.84173837417105
Train,2.93416240473665,2.93410309036548
Train,3.02399632693052,3.02351962388851
Train,3.11158763745007,3.11167427386166
Train,3.1965283137682,3.19666563430141
Train,3.27917423913044,3.27888669109447
Train,3.35961716637309,3.35941080952611
Train,3.43794402116728,3.43795734098088
Train,3.80709435417755,3.80739081902569
Train,3.88895848836872,3.88884999159049
Train,3.9684383660783,3.96869830687714
Train,4.0452913543107,4.04529519428464
Train,4.11981218005613,4.11960292096623
Train,4.19210541355431,4.1923467044638
Train,4.26242693353728,4.26248253523803
Train,4.33054996456339,4.33038385105314
Train,4.39672409915869,4.39685770190621
Train,4.46103179034476,4.4609227256536
Train,4.52369133231124,4.52397607761517
Train,4.5844916386426,4.58435506834425
Train,4.64364672846964,4.64362669523902
Train,4.70122248809531,4.70110028049961
Train,4.75740734281136,4.75757704263227
Train,4.81200518427256,4.81197965753958
Train,4.86520153396366,4.86531516190947
Train,4.91704967116202,4.91699579534028
Train,4.96771391344005,4.96759482889533
Train,5.01701216782744,5.01703505636973
Train,2.12766243390009,2.12765767449886
Train,2.35796193148441,2.35793673768634
Train,2.57555122907879,2.5752989049491
Train,2.78097702930455,2.78092188977311
Train,2.97568291358558,2.97463399912007
Train,3.16005768113608,3.15999265033528
Train,3.33530918134515,3.33483477391413
Train,3.50171055742646,3.50085225848155
Train,3.66009982418037,3.66017838892216
Train,3.81121792669311,3.81065831709051
Train,3.95521826045487,3.95404819596146
Train,4.09291271982939,4.09096288171198
Train,4.22439945915351,4.2234023121949
Train,4.3502356980954,4.34789362723162
Train,4.47091882709077,4.46962101981475
Train,4.58648866250055,4.58585655936471
Train,4.69752254819782,4.69601987659766
Train,4.80403300530759,4.80345335906017
Train,4.90653031990999,4.90605641940996
Train,5.00500636182361,5.00283728747157
Train,3.08679121425573,3.08658409062476
Train,3.24633859421611,3.2456070781503
Train,3.39517634891969,3.39502410518466
Train,3.53434778838563,3.53440854091817
Train,3.66456023306791,3.6639096065613
Train,3.78703626284991,3.78704231682635
Train,3.90226379998657,3.90221214527477
Train,4.01086783096387,4.01051920695167
Train,4.11340349872762,4.11336685811906
Train,4.21036559396694,4.20984516685561
Train,4.30205163687515,4.30227521240735
Train,4.38915561187569,4.38843769962326
Train,4.47188161130028,4.47177330831832
Train,4.55055160906844,4.5504783918935
Train,4.62545676222388,4.62545516742315
Train,4.69686101171854,4.6965544156977
Train,4.76489626509146,4.76498020465655
Train,4.8300015519113,4.83007425592436
Train,4.89226320933295,4.89221726082027
Train,4.95186355917643,4.95159259472925
Train,2.12241780512704,2.12356058537838
Train,2.35135539584207,2.35211355478381
Train,2.56739830893723,2.56768741991467
Train,2.77206150249708,2.77277240821999
Train,2.96600456138248,2.96712669582697
Train,3.14984305289255,3.15026064648404
Train,3.32473655160042,3.32602421628539
Train,3.49113632416393,3.49133724347333
Train,3.64946938341394,3.64933983247678
Train,3.80064609238498,3.80158568013425
Train,3.94497923240077,3.94571549073802
Train,4.08292321703611,4.08285372045279
Train,4.21474537094069,4.21531191805328
Train,4.34112721413172,4.34153782079587
Train,4.46226276825089,4.4628637506415
Train,4.57834180019962,4.57919830919704
Train,4.6899244923032,4.69012767937087
Train,4.79714664378861,4.79701593127023
Train,4.90014324531993,4.89984893071809
Train,4.99938189771693,4.99914408312392
Train,4.51931776847356,4.5200063410069
Train,4.55567673384203,4.55761029819254
Train,4.59146817615258,4.59175323688973
Train,4.6267052801126,4.62691322053646
Train,4.66152647465309,4.66208201524782
Train,4.69569094135459,4.69637109663958
Train,4.7293382964878,4.72893044989391
Train,4.76248019232878,4.76344227457079
Train,4.79512793367652,4.79535309800334
Train,4.82729249070953,4.82788835274036
Train,4.85909932288176,4.85984652202964
Train,4.89032747595552,4.89033398005116
Train,4.92110350386524,4.92298723353664
Train,4.95143715493046,4.95175663905897
Train,4.98133789922444,4.98133833472306
Train,5.01081493843122,5.01111190066726
Train,5.03998253307041,5.03984145245917
Train,5.06863727402527,5.0687024490347
Train,5.09689442747473,5.09686709984666
Train,5.12476221125896,5.12453294344081
Train,2.13189221657788,2.13207553302922
Train,2.36766544456705,2.36772761338792
Train,2.58921296683259,2.58957093390412
Train,2.7977845711513,2.79765604747658
Train,2.99426480936508,2.99460623942135
Train,3.18009684912226,3.18049691496921
Train,3.35592348227075,3.35609639912795
Train,3.52253157937561,3.52279229434347
Train,3.68062760799323,3.6809000855595
Train,3.83084764641597,3.83134260315122
Train,3.9736032197814,3.97362073606413
Train,4.10974713564277,4.11007556769831
Train,4.23958008064822,4.23957848073982
Train,4.36353093337985,4.36403712009482
Train,4.48199057245654,4.48232600722835
Train,4.59531599397164,4.5951905214118
Train,4.70370996237847,4.70382817775529
Train,4.8077250215466,4.80790963574904
Train,4.90750700734156,4.90761651197166
Train,5.00330917483839,5.00346432251748
Train,2.12839164602064,2.12858142013132
Train,2.36247316665261,2.36240837381623
Train,2.58301480421574,2.58271616779742
Train,2.79067067804873,2.79073482420275
Train,2.9869981285103,2.98670498044734
Train,3.17246333417267,3.17224984466369
Train,3.34835629682222,3.34802844001964
Train,3.51500690889576,3.51480282182669
Train,3.67331105438731,3.67298556173986
Train,3.8240578461484,3.82409903591391
Train,3.96743748779582,3.96692408328667
Train,4.10429937019524,4.10430445725646
Train,4.23476980815697,4.2349900294524
Train,4.35943325315064,4.35918738563336
Train,4.47880981867035,4.47851163927984
Train,4.59295876151782,4.59248537379093
Train,4.70247458147216,4.70255779767316
Train,4.80738530232696,4.8074389029301
Train,4.90821357881677,4.90793913728188
Train,5.00496385103977,5.00476434235528
Train,2.12201620608503,2.12297016391889
Train,2.36450349956983,2.36456316259349
Train,2.59116977482313,2.5917591799683
Train,2.80395560508875,2.80404907006445
Train,3.00389018829859,3.00437025269488
Train,3.1919080162322,3.19205477421414
Train,3.36941267015483,3.36981749630135
Train,3.53708711964804,3.53703599408103
Train,3.69556068002169,3.69632567396396
Train,3.84588366653932,3.84599892203763
Train,3.98852006558705,3.98864144942339
Train,4.1240447463273,4.12439718256277
Train,4.25284195876933,4.25316333472287
Train,4.37565704931787,4.37604316517021
Train,4.49277464891498,4.4928310053277
Train,4.60446523917708,4.60465496398532
Train,4.71132106651224,4.71153214236105
Train,4.81354216413267,4.81366037780966
Train,4.91132109330327,4.91137738737447
Train,5.00513782515033,5.00531044055091
Train,2.12305847928144,2.12465799753985
Train,2.35226514714969,2.35288416257603
Train,2.56881436200018,2.56972601629817
Train,2.77372642346124,2.77421594426627
Train,2.96791484066613,2.968763461375
Train,3.15198039802484,3.15241491914125
Train,3.32711172043142,3.32777523955005
Train,3.4937447500178,3.49409259137459
Train,3.65248340688745,3.65323704454417
Train,3.80387571286322,3.80423394574458
Train,3.94842011258447,3.94932793232723
Train,4.08657095581079,4.08694299457997
Train,4.21874326797939,4.21931549154246
Train,4.34531691453664,4.34566097476849
Train,4.46664024705632,4.46743618283139
Train,4.5828939027359,4.58332985845331
Train,4.694656728845,4.69469442187104
Train,4.80205504924403,4.80230674653498
Train,4.90533962829596,4.90547985937004
Train,5.00474238101145,5.00485233750291
Train,2.12305305977826,2.12328940235087
Train,2.35927087394167,2.3594104647403
Train,2.58108208550189,2.57995649732615
Train,2.79022005828889,2.79034125956818
Train,2.98752570765147,2.98747873493843
Train,3.17377250611526,3.17387657686262
Train,3.35024923196853,3.35013586098497
Train,3.51733983974209,3.51746875286912
Train,3.67612005116997,3.67551581138317
Train,3.82702973356129,3.82726269805638
Train,3.97048299923083,3.970640148373
Train,4.10731814410908,4.10695120404338
Train,4.23783980035548,4.23767401622748
Train,4.36233864022949,4.36194405879572
Train,4.48148288908426,4.48132867891612
Train,4.59536069313629,4.59509559542706
Train,4.70455288144413,4.70485904809388
Train,4.80922783284459,4.80866443571935
Train,4.90954999146692,4.90966065121242
Train,5.00599688376397,5.00561040857641
Train,2.12239698054196,2.12362296417117
Train,2.34457611443719,2.34463037505551
Train,2.55538573492275,2.55659267066434
Train,2.75609528560321,2.756839249227
Train,2.94721380312319,2.94732727190634
Train,3.12941271557673,3.12990810849291
Train,3.30312046673219,3.30352179808173
Train,3.46926432297417,3.4696858052433
Train,3.62816129811696,3.62840803761568
Train,3.7802754151496,3.78032522539283
Train,3.92587927429142,3.92616070034486
Train,4.06567474782217,4.06570393280557
Train,4.19986173892056,4.19989823495993
Train,4.32877112211096,4.32881971925448
Train,4.45257824775527,4.45272901313941
Train,4.57183022717752,4.57191745755184
Train,4.68665319451203,4.68672469017323
Train,4.79728939124619,4.79733689833878
Train,4.90385166000563,4.90381037662004
Train,5.00677707587938,5.00661829779923
Train,3.42901042692851,3.4313055212136
Train,3.54044545959411,3.53971023535481
Train,3.64742769048059,3.64721669018249
Train,3.75056023575532,3.75079903189393
Train,3.84971744934167,3.84917659378547
Train,3.94544197875907,3.94614914886764
Train,4.0376023406599,4.03754603969932
Train,4.12668930102519,4.12531885017082
Train,4.21271091252278,4.21247291225731
Train,4.29568468936691,4.29607483007416
Train,4.37603641438931,4.37643503683861
Train,4.45362983495513,4.45205617047244
Train,4.52885432743004,4.52845631323575
Train,4.60169534846567,4.60207892807952
Train,4.67214706252256,4.67236962320598
Train,4.74055240657206,4.74025630696118
Train,4.80677826409416,4.80704100671059
Train,4.87114110577564,4.87104965436296
Train,4.93351023112156,4.93350662121005
Train,4.99417861336703,4.99425942167212
Train,4.08017278688525,4.08011076890974
Train,4.14017484907005,4.14053655667007
Train,4.19862253152457,4.19848583513371
Train,4.25587590740224,4.25631672471931
Train,4.31182352798814,4.31176764561163
Train,4.36636575334579,4.3663376721764
Train,4.41983558087884,4.42049636327132
Train,4.47212624629398,4.4720643791064
Train,4.52314177230391,4.52335340758358
Train,4.57319107759054,4.57320790174921
Train,4.62217196420917,4.62211207464346
Train,4.67011828266798,4.67015710781046
Train,4.7169389182248,4.71713897454023
Train,4.76291460740113,4.76288794627393
Train,4.80794900029676,4.80796058672999
Train,4.85195455279491,4.85204567554532
Train,4.8951933685157,4.8953938798389
Train,4.93757327636441,4.93756288774088
Train,4.97901020524745,4.9790139911623
Train,5.0197494529876,5.01978555251693
Train,2.15559069773346,2.158135026459
Train,2.43250552074585,2.43341673611425
Train,2.68433813089823,2.68402024257952
Train,2.91379628361804,2.91414294367709
Train,3.12398781810597,3.12485599528585
Train,3.31724156644519,3.31830655570442
Train,3.4957411310791,3.49586156448853
Train,3.66071413121474,3.66049633596625
Train,3.81382731707758,3.81389251359209
Train,3.95631520711583,3.95639022915779
Train,4.08940832198007,4.08946410184793
Train,4.21370335097722,4.21422857404317
Train,4.33018642833708,4.32991173137483
Train,4.43957158810882,4.43970474643569
Train,4.54261404052913,4.5427143440996
Train,4.63961269455973,4.63999252440984
Train,4.73119591141636,4.73140956601705
Train,4.81780489097946,4.81794165233654
Train,4.89993462386474,4.90019391992095
Train,4.97773299206552,4.97753889208465
Train,3.80678547672767,3.80621739675038
Train,3.88830552120323,3.88840705658216
Train,3.96732731396479,3.96741819060329
Train,4.04396396346085,4.04374248250164
Train,4.1183218516675,4.11741866099905
Train,4.19065777786382,4.19069765369781
Train,4.26074831360627,4.26062332126306
Train,4.3288437833466,4.32878008665497
Train,4.39502817350667,4.39502922110327
Train,4.45938082163388,4.45927363890072
Train,4.52197673367046,4.5218310572985
Train,4.58288687558949,4.5829083631564
Train,4.64217844178192,4.6422105735422
Train,4.69991510232846,4.69969542148678
Train,4.75615723106922,4.75623658579783
Train,4.81108128602305,4.81091844818942
Train,4.86450033679016,4.86453077992186
Train,4.91658833834603,4.91639652951775
Train,4.96739442739898,4.96748614126622
Train,5.01696535149724,5.01655873388003
Train,3.80739449478882,3.80708132922367
Train,3.88848464895535,3.88813831339788
Train,3.96731062372242,3.96733957488899
Train,4.04363704974116,4.0435984734016
Train,4.11773988575936,4.11768416066328
Train,4.18971490526765,4.18971971108325
Train,4.2598029955438,4.25968312180188
Train,4.32778421916422,4.32774343357809
Train,4.39389406630724,4.39381149310642
Train,4.45820876027913,4.45814014757556
Train,4.52093526877318,4.52085973971984
Train,4.58186871909127,4.5818541025786
Train,4.64121237777854,4.64082235909731
Train,4.69902766161321,4.69903508056663
Train,4.75549432106236,4.75543866180154
Train,4.81042177795929,4.81024957274198
Train,4.86398725208032,4.8639729191876
Train,4.91624078070771,4.91618413265163
Train,4.9673399600617,4.9670273864925
Train,5.0171075550939,5.01675794897013
Train,2.12690503882029,2.12752900693007
Train,2.35784755001863,2.35790726756963
Train,2.57544108542503,2.57507635834039
Train,2.78127891202186,2.78104979856866
Train,2.97606629377245,2.973901830583
Train,3.16045931759117,3.15907273272236
Train,3.33566791021446,3.33522538464816
Train,3.50217114428338,3.50133085832416
Train,3.66042106562472,3.65948304713887
Train,3.81136132934809,3.81041805449271
Train,3.95532199883044,3.95488285610767
Train,4.09277624686765,4.09243797197845
Train,4.22400497651647,4.22376283167827
Train,4.34970955395323,4.34883792856484
Train,4.47009338183143,4.46935775295637
Train,4.58535495467794,4.58456977956879
Train,4.69606819125944,4.69475472592816
Train,4.8023748897889,4.80228342350378
Train,4.90441570468925,4.90358750929439
Train,5.00266786477395,5.00194150099409
Train,2.12908150441046,2.12899085227977
Train,2.3557228052369,2.35465490085911
Train,2.56988514109415,2.56892064553753
Train,2.77301969809914,2.7724952890297
Train,2.96553069061696,2.96483077521256
Train,3.14863477783601,3.14840043305079
Train,3.32261934759476,3.32197089441101
Train,3.48851608253403,3.48769130837749
Train,3.64670065554545,3.64610435271456
Train,3.79753131688409,3.79664003037609
Train,3.9418289176121,3.94135689857861
Train,4.07970247293019,4.07913641181798
Train,4.21186471251341,4.2115412840852
Train,4.33852246744661,4.3380221626306
Train,4.45987767350149,4.45956634186436
Train,4.57651548003581,4.5759776049766
Train,4.68845636146453,4.68799597531537
Train,4.79621789742696,4.79585457364587
Train,4.89979895371093,4.89952618985111
Train,4.99966023770793,4.99950186556302
Train,3.79879635434255,3.79884640752274
Train,3.87892305621105,3.88044672944155
Train,3.95675120769345,3.95661310703721
Train,4.03237831608655,4.0320766958815
Train,4.10589645041598,4.10514616417126
Train,4.17724601452383,4.17838426763259
Train,4.24680644424389,4.24634954795178
Train,4.31450490970812,4.31479131836235
Train,4.38041518396485,4.38011246303571
Train,4.44460719357199,4.44489938585897
Train,4.50714726606388,4.50699375853796
Train,4.56809835855585,4.56776133361049
Train,4.6275202691425,4.62713580341946
Train,4.6854698325821,4.68548571287678
Train,4.74200110161298,4.74195644631103
Train,4.79705221183331,4.79696334204922
Train,4.85090144162714,4.85090196315135
Train,4.90347937076666,4.90318401157341
Train,4.95483049431226,4.95481190120185
Train,5.00499725485495,5.00478744334972
Train,4.68701658202835,4.68694593314498
Train,4.72093289360058,4.72092320324586
Train,4.75422002740472,4.75420156608592
Train,4.78678212727875,4.78678922243702
Train,4.81886436652009,4.81883549969856
Train,4.85036754599872,4.85037323152423
Train,4.88130720287331,4.88130989861596
Train,4.91169832337872,4.91169493265474
Train,4.94145188588581,4.9414331125939
Train,4.97079060327525,4.97080130209937
Train,4.99962262695463,4.99962719375102
Train,5.02796097081072,5.02792044316297
Train,5.05572162787799,5.05574908379853
Train,5.08311152384989,5.08310188664685
Train,5.11004416345865,5.11001022026752
Train,5.13653090231005,5.13651515594242
Train,5.16258272308677,5.16260799987353
Train,5.18812137115213,5.18807442438114
Train,5.21333631738599,5.21330681953108
Train,5.23814717001802,5.23812413880873
Train,2.12764774870194,2.12799822459996
Train,2.35445726966236,2.35465064179001
Train,2.56906504774185,2.56893511470329
Train,2.77267025255495,2.77269384582027
Train,2.9656410532022,2.96452309793889
Train,3.14900600969598,3.14839250024519
Train,3.32346495394999,3.32306874726995
Train,3.48965134817074,3.48810408641142
Train,3.64832785115024,3.64836467951167
Train,3.7996330281429,3.79970798954158
Train,3.94424017460211,3.94317136295134
Train,4.08258442531832,4.0821591334446
Train,4.21522138721336,4.2147618925795
Train,4.34219504590622,4.3414294886555
Train,4.46400509765697,4.46378305029642
Train,4.58096024619998,4.58063302167133
Train,4.69334506846879,4.69331823364186
Train,4.80155097156812,4.80145163457049
Train,4.90555887087389,4.90512768341645
Train,5.00572752505852,5.00543742122167
Train,2.12941596662493,2.12937941464983
Train,2.34949356155513,2.35024678502517
Train,2.55891641585048,2.55898675821512
Train,2.75796351705586,2.75800823506355
Train,2.94761383641213,2.94759999427182
Train,3.12873402319509,3.12912810758857
Train,3.30147273061752,3.30167331543484
Train,3.46659612985834,3.46707364614334
Train,3.6247863965345,3.62531256366341
Train,3.77610783927268,3.77698469620949
Train,3.92117211554736,3.92169364582363
Train,4.06035946613775,4.06074581130664
Train,4.19418047804422,4.1948020012845
Train,4.32263065959233,4.32303114439341
Train,4.44617522540063,4.44658309619475
Train,4.56523292878498,4.56576690898723
Train,4.67976803848911,4.68038567911057
Train,4.79016605540284,4.79007214870066
Train,4.8967753291825,4.89676250228726
Train,4.99953990729427,4.99967331747606
Train,2.11978876680852,2.12017442200007
Train,2.34642393125933,2.34649123874109
Train,2.56095978271401,2.56076679455358
Train,2.76434004436675,2.76413288420948
Train,2.95741278165482,2.9575621706011
Train,3.14094222280755,3.1409686046812
Train,3.31561886885405,3.31534410250455
Train,3.48206817507465,3.48196287984896
Train,3.64085803397725,3.64112825150945
Train,3.79250524848166,3.79245286177897
Train,3.93765384651862,3.93754461010607
Train,4.07638183772122,4.07658832929004
Train,4.20926418338778,4.20893031564114
Train,4.3366627406525,4.33648610999293
Train,4.45891010421156,4.4590489804053
Train,4.57631250567816,4.57631736317338
Train,4.68915237491036,4.6890870451119
Train,4.79769060841322,4.79773933669125
Train,4.90216858316797,4.90178823070377
Train,5.0028099486075,5.0026531847528
Train,2.0913519187303,2.09266756840438
Train,2.18518955500076,2.18652981208501
Train,2.27669018024772,2.27683105829632
Train,2.36594002500987,2.36624979178881
Train,2.45302112908076,2.45374457102875
Train,2.53801159303689,2.53807806075778
Train,2.62098581186477,2.62102869242002
Train,2.70201469215569,2.70205814047071
Train,2.78116585420106,2.78110866861092
Train,2.85850382019889,2.85954572924524
Train,2.93409018967254,2.93410296568467
Train,3.00798380310384,3.00806385572863
Train,3.08024089469435,3.08030541330876
Train,3.15091523508813,3.15149877254802
Train,3.22005826481735,3.21998681314502
Train,3.28771921916669,3.28825027273191
Train,3.35394524509352,3.35399478348549
Train,3.41878151078733,3.41904192992873
Train,3.48227130840343,3.48267362074179
Train,3.54445615046195,3.54437744986202
Train,2.11667232262277,2.11756354731764
Train,2.32251209751356,2.32241500012091
Train,2.52020787161841,2.52089634173748
Train,2.71079801030086,2.71011478850991
Train,2.89411376355215,2.89457347972197
Train,3.07108825770395,3.07077646716638
Train,3.24153777822092,3.24176124119398
Train,3.40630524445251,3.40610227003921
Train,3.56543332961945,3.56600949279013
Train,3.71897830160098,3.71849011317894
Train,3.86767023431075,3.86766256964833
Train,4.01130762381448,4.01093341595182
Train,4.15055740140867,4.15081958653749
Train,4.28541662788122,4.28477525887351
Train,4.41589539942372,4.41595588933918
Train,4.54258020678892,4.54260552100672
Train,4.66526811791512,4.66476029672989
Train,4.78449983652832,4.78415522704594
Train,4.90007440926561,4.90015213796354
Train,5.01249192947453,5.01176720485668
Train,3.11073868583817,3.1097229927785
Train,3.24479919142761,3.24207751417483
Train,3.37386907178902,3.37387117539614
Train,3.4982219110929,3.49787395204688
Train,3.61811165532263,3.6178836636121
Train,3.73362444047771,3.73343431451061
Train,3.84528490360992,3.84372175837992
Train,3.95314245155855,3.95083279088643
Train,4.0573881100275,4.05395427490506
Train,4.15820032143129,4.15812440228759
Train,4.25574596422045,4.25412026712942
Train,4.35018127470054,4.34892285466625
Train,4.44165268205579,4.44157346449569
Train,4.53029756596447,4.52975970123438
Train,4.61624494505053,4.6133893443351
Train,4.69950776136667,4.6993485337683
Train,4.7804199956169,4.77946909946544
Train,4.85897747050863,4.85872948043683
Train,4.93528150625834,4.93463972365711
Train,5.00942769248706,5.00837329129203
Train,2.12404225021414,2.12436971097699
Train,2.34964960435225,2.35016454478895
Train,2.56328204585033,2.56328307322323
Train,2.76586834249329,2.76635151843797
Train,2.95824363628126,2.95828707585164
Train,3.14116095102361,3.14152036304798
Train,3.31530104336949,3.31545759128707
Train,3.48128086897002,3.48181682099161
Train,3.63966088570605,3.63991116614337
Train,3.79095137617817,3.79141334207301
Train,3.93561793974694,3.93565397156484
Train,4.07408627865554,4.07443022391666
Train,4.20674638187165,4.20710692119459
Train,4.33395619325473,4.33438578748823
Train,4.45604483670774,4.456332919652
Train,4.57331545950356,4.57350310762771
Train,4.68604774550388,4.68615291331875
Train,4.7945001421344,4.79459034564783
Train,4.89891183844338,4.89902763361746
Train,4.99950452610901,4.99949810385291
Train,3.74189266374406,3.74207056576264
Train,3.82778636035636,3.8288898837039
Train,3.91099959666898,3.91108438297519
Train,3.99165591751737,3.99323303944251
Train,4.069871390228,4.07029576261843
Train,4.14589282419531,4.14656967240657
Train,4.21954361602458,4.22154264681953
Train,4.29106240194903,4.29189296350372
Train,4.36054043553201,4.36081287083502
Train,4.42806383584355,4.42782717171061
Train,4.49371394357418,4.49400406933486
Train,4.5575676479155,4.55745293176582
Train,4.61969768696932,4.61959926297126
Train,4.68017292415302,4.68048204711735
Train,4.73905860280948,4.7387711320683
Train,4.79652083991859,4.79648517737436
Train,4.85240715410266,4.85230216544582
Train,4.90688027866776,4.90691288922821
Train,4.95999314705382,4.95986925576502
Train,5.01179608168382,5.01151266026349
Train,3.26389504820393,3.26426991102411
Train,3.38948504564324,3.38976020362164
Train,3.50992282864683,3.51025262070319
Train,3.62551907194806,3.6256519174843
Train,3.73655996449524,3.73718879413931
Train,3.84330957514337,3.84387316944261
Train,3.9460119492718,3.94606657185644
Train,4.044892971369,4.04545604787412
Train,4.14016202350526,4.14057737421748
Train,4.23201346532108,4.23248063809509
Train,4.32076813562063,4.32092523633613
Train,4.40630901368748,4.40681204590723
Train,4.4889380334595,4.4892391641209
Train,4.56880138855577,4.56894779096396
Train,4.64603564722659,4.64666038526988
Train,4.72076853169191,4.72099768179973
Train,4.79311962296542,4.7932049523682
Train,4.86320099934581,4.86333126490203
Train,4.93111781574609,4.93111165626609
Train,4.99696883015901,4.99680563364594
Train,3.80599805069466,3.80504874590619
Train,3.88733191940926,3.88706132297224
Train,3.96636870253196,3.96613075718991
Train,4.04287758668489,4.04306067638603
Train,4.11729416407471,4.11691336138605
Train,4.18939502392284,4.18939388850989
Train,4.25958499197496,4.25938449494637
Train,4.32764809200477,4.32775207461813
Train,4.39396157624627,4.39390230909916
Train,4.45831684372526,4.45807972631732
Train,4.52106633873803,4.52113329009293
Train,4.58200871084584,4.58152534733594
Train,4.64147400341201,4.64138374851822
Train,4.6992679457908,4.69875814595647
Train,4.75570028487941,4.75568949882503
Train,4.81058362762101,4.81053786011611
Train,4.86420927229291,4.86405511404731
Train,4.91639648069518,4.91613873184027
Train,4.96741973156524,4.967390600132
Train,5.01710470649286,5.01691093812255
Train,1.02091656230163,1.02086392404302
Train,1.41009072482468,1.41038030509875
Train,1.76365378241522,1.76386276193292
Train,2.08689965460262,2.08649527725205
Train,2.38328213060095,2.3834255932837
Train,2.65575369120077,2.65549483719073
Train,2.90758115447517,2.90739223352133
Train,3.14079945882144,3.14107195034225
Train,3.35718831570746,3.3568635524119
Train,3.55889639217026,3.55926938431216
Train,3.74718584148771,3.74731220251337
Train,3.92335256958997,3.92376359523254
Train,4.08837030369103,4.08834185015288
Train,4.24356665535119,4.24384624185253
Train,4.38965066465061,4.38975106464781
Train,4.5272677594567,4.52762562767597
Train,4.65738691864815,4.65772986693841
Train,4.78048435420709,4.78082002205187
Train,4.89699960173085,4.89718475161348
Train,5.00766300985782,5.00762996574698
Train,2.12286196379505,2.12351214156873
Train,2.35404628500258,2.35426288696393
Train,2.57187871414686,2.57187803907285
Train,2.77793188808856,2.77794700539956
Train,2.97292325093331,2.97292936525113
Train,3.15751874926084,3.15747524061438
Train,3.33291068010133,3.33253728031772
Train,3.49940627882133,3.49940003005608
Train,3.65801200821964,3.65804623406651
Train,3.80911024170722,3.80863095791787
Train,3.95306404674862,3.95308540197797
Train,4.09066942363462,4.09016328717766
Train,4.22219299809946,4.22196494904923
Train,4.34789138183509,4.3478726927627
Train,4.46840717831192,4.46791899606827
Train,4.58380085794655,4.58356791810942
Train,4.69463516894196,4.69459819276593
Train,4.80105810017695,4.8010592324666
Train,4.90321559078414,4.90331136987365
Train,5.00157494290319,5.00086521680199
Train,2.12194975275501,2.12356397205653
Train,2.34457216482315,2.34514846454689
Train,2.5558260826583,2.55665584625089
Train,2.75656064483741,2.75640290490841
Train,2.94754247880768,2.94844243195106
Train,3.12925847668646,3.12971094707094
Train,3.30276173438749,3.30301997005003
Train,3.46840770170272,3.46889322805358
Train,3.62671830009497,3.62709117203334
Train,3.77817022742651,3.77891739372566
Train,3.92319975228832,3.92380716986585
Train,4.06220691107433,4.06204083506813
Train,4.19555919283872,4.1958961759104
Train,4.32359478341279,4.32405256735214
Train,4.4466254290817,4.44665889537131
Train,4.56480371678054,4.5649121501759
Train,4.67867137915612,4.67887855830699
Train,4.7883343713768,4.78840944422913
Train,4.89402136359219,4.8939343464211
Train,4.99594473962073,4.99582569501794
Train,2.11837286660064,2.11836935808091
Train,2.34737861520036,2.34716127149144
Train,2.56359489635411,2.56331228947087
Train,2.76850151013485,2.76798966237251
Train,2.96254748643875,2.96178512983382
Train,3.14696831484299,3.14710327460338
Train,3.32208714436454,3.32064853953701
Train,3.48894765233596,3.48922808448546
Train,3.64777942233377,3.64713591573885
Train,3.79947342694146,3.79896682450484
Train,3.94418908795118,3.94357708345191
Train,4.08269426751685,4.08220623002702
Train,4.21509539527555,4.2139676600112
Train,4.3420599402401,4.34162200756176
Train,4.46365408140939,4.46225723880556
Train,4.58046256134503,4.57870218714592
Train,4.69252086085267,4.69118727683448
Train,4.80034489956636,4.79804951253967
Train,4.90394668693518,4.90188485020039
Train,5.00378438193365,5.0023394648982
Train,2.12442338288073,2.12461279680278
Train,2.35579920812511,2.3555920882994
Train,2.57400061982387,2.57409018001848
Train,2.78012168606061,2.78019431474453
Train,2.97513859561976,2.97487939278866
Train,3.15992511755526,3.16004609997102
Train,3.3352656899645,3.33531209252973
Train,3.5018665515638,3.5019386933512
Train,3.66036524920537,3.66059916799562
Train,3.81133879120879,3.81115216198154
Train,3.95515066960552,3.95548297166018
Train,4.09260408140797,4.09267046199087
Train,4.22396522548211,4.22406990648809
Train,4.34963035641259,4.34970118662599
Train,4.46996209365094,4.46986822150424
Train,4.58529291615545,4.58544852864938
Train,4.69592823019507,4.69588721266549
Train,4.80214906992685,4.80209294558002
Train,4.90421448102826,4.90411228925799
Train,5.00236362994877,5.00185191593695
Train,2.13069270995709,2.13385212289208
Train,2.34358357852775,2.34557757985962
Train,2.5471615972976,2.54853094501444
Train,2.74157539729887,2.74322254758803
Train,2.92764474999873,2.92856932830395
Train,3.10610162030767,3.10662576196986
Train,3.27700822256989,3.27827462657873
Train,3.44121293343616,3.44321806588627
Train,3.59873746818549,3.60100011846802
Train,3.75015634493236,3.75178113889919
Train,3.89598649835701,3.89718831434797
Train,4.03620653888343,4.03682747130946
Train,4.17129038082635,4.17192161618581
Train,4.30166613350094,4.30210503823249
Train,4.4272840941308,4.42818796868809
Train,4.54868113466339,4.5490276748736
Train,4.66579443445186,4.66643858134406
Train,4.77897796013771,4.77879516177776
Train,4.88855332920334,4.88859551402342
Train,4.99444418315484,4.99395178689732
Train,2.12808034893737,2.12833656171128
Train,2.35112466218989,2.35137418107328
Train,2.56271668654416,2.56248515966794
Train,2.7634951875332,2.76340680598727
Train,2.95468917425529,2.95412856907782
Train,3.13676800551006,3.13641308840883
Train,3.31036835099227,3.31007437832372
Train,3.47606893652864,3.47579459379116
Train,3.63422226056738,3.63513118840487
Train,3.78566663529134,3.78623627322153
Train,3.93065965892099,3.92967990700557
Train,4.06960496419778,4.07003188346274
Train,4.20272585421643,4.20289440236806
Train,4.33066382949492,4.33112617700894
Train,4.45357956101408,4.45325196159896
Train,4.57176308066675,4.57203929148667
Train,4.68548250986946,4.68516056529401
Train,4.79486478544858,4.79547613123426
Train,4.90038706285921,4.90028434526024
Train,5.00213714460938,5.00195877413566
Train,2.11491407524425,2.11576511076268
Train,2.31671594501718,2.31713692899424
Train,2.51134675777038,2.51091271130494
Train,2.69918207738369,2.70023443504246
Train,2.88057169224501,2.88036694432079
Train,3.05561445754979,3.05437512701823
Train,3.22507705928698,3.22440200693594
Train,3.38900898775053,3.38916001143874
Train,3.54767664873223,3.54618565655104
Train,3.70132960848083,3.70159255462053
Train,3.85020190354028,3.84935859378524
Train,3.99451323020027,3.99483958498453
Train,4.13447002627336,4.13373476936462
Train,4.2702664564011,4.26857218606741
Train,4.40208531077922,4.40109803340814
Train,4.52993237727082,4.52928156119227
Train,4.6543076903439,4.6535612791325
Train,4.77519322043309,4.77454231041187
Train,4.89273381251369,4.89189107789056
Train,5.00706640514168,5.00527760369945
Train,1.52995030013884,1.53125023306196
Train,1.64415782390322,1.64477013381687
Train,1.75485116068289,1.75517478883043
Train,1.86272764456143,1.86314006657116
Train,1.96763054096679,1.96809302141113
Train,2.06968112766221,2.06980436279477
Train,2.16874611420499,2.16936235537136
Train,2.26543684175608,2.26900293090724
Train,2.35960148775745,2.36000170736437
Train,2.45133776802094,2.45139423038776
Train,2.54051496586932,2.54070506906495
Train,2.62767365441654,2.62858623729548
Train,2.71266829127092,2.71271813328925
Train,2.79557848457756,2.79577102028483
Train,2.87627764601249,2.87836744492082
Train,2.95524739250586,2.95592587548375
Train,3.03234911272936,3.03242514505322
Train,3.10764831402885,3.10854279824192
Train,3.18102339679048,3.1821044451884
Train,3.25290632628511,3.25440165949689
Train,2.12554648004325,2.12687386275351
Train,2.3577430645608,2.3582787933104
Train,2.57660865979447,2.57682618854445
Train,2.78325927760292,2.78369855046034
Train,2.97848011559794,2.97906603817895
Train,3.16359101040625,3.16401403672929
Train,3.33916858560766,3.33943024603499
Train,3.50593081060285,3.50596553337013
Train,3.6645253251217,3.66472110105891
Train,3.81553784492369,3.81582512998861
Train,3.95934436881433,3.95954155802095
Train,4.09674449501847,4.09701311869352
Train,4.22801525761179,4.2282657901072
Train,4.35355785065996,4.35382335089011
Train,4.47373920259712,4.47374971497115
Train,4.58889555799368,4.58908264819032
Train,4.69921634588595,4.69946554815973
Train,4.80522877554046,4.80541191670485
Train,4.90707013992005,4.90731179366625
Train,5.00498185595562,5.00506747227186
Train,2.12517767595753,2.12610695711768
Train,2.36120353977032,2.36159771023662
Train,2.58320927773569,2.58328444310458
Train,2.79195992332138,2.79240676856929
Train,2.98881916463409,2.98939973544324
Train,3.17477494695386,3.17468894119369
Train,3.3508978835555,3.35148681269706
Train,3.51758879965555,3.5178777810091
Train,3.67575563874661,3.67613309577277
Train,3.82603594367509,3.82634964975508
Train,3.96915935556266,3.96950575189325
Train,4.10533122499744,4.10512897925795
Train,4.23518593091057,4.23562593206074
Train,4.35915309821122,4.35942181255299
Train,4.47775225987151,4.47803530801897
Train,4.59107948651038,4.59128105891645
Train,4.69959582591217,4.69967103395023
Train,4.80360125347652,4.80371515218789
Train,4.90347930910433,4.90349527026623
Train,4.99926328363442,4.9992260730381
Train,3.80397153353049,3.80403044259432
Train,3.88549905352172,3.88492482690921
Train,3.96439451241222,3.96516630447362
Train,4.04109836128839,4.04074063050424
Train,4.11554705236603,4.11569106727469
Train,4.18783860010102,4.18793042985484
Train,4.25792089821145,4.25836789266608
Train,4.32617424255073,4.32630438705959
Train,4.39253227066793,4.39256247159059
Train,4.45707284755318,4.45694954975837
Train,4.51974029825615,4.51970775639196
Train,4.58086644253112,4.58089702431093
Train,4.6403844502267,4.64011278467146
Train,4.69835695886223,4.69895201830726
Train,4.75472697723642,4.75443246155404
Train,4.80978668613821,4.81026438515468
Train,4.86347022912095,4.86348268479773
Train,4.91582856334116,4.91568658234095
Train,4.9668048161818,4.9670299233388
Train,5.01665833605347,5.01644920380417
Train,3.11921770338445,3.11848621692692
Train,3.25694889014861,3.25649495519096
Train,3.38892613912794,3.38906283982063
Train,3.51550264249553,3.51503280241226
Train,3.63700326550487,3.6369326186344
Train,3.75372733053275,3.75323575028809
Train,3.8659510791042,3.86610506538485
Train,3.97392985453209,3.97364416652485
Train,4.07790004147265,4.07762416939508
Train,4.17808079340616,4.17779175049358
Train,4.27467557461214,4.27419147506074
Train,4.36787353947091,4.36774432465822
Train,4.45785076876746,4.45774254431521
Train,4.54477137999981,4.54426718174212
Train,4.62878852642228,4.62885830837544
Train,4.71004529761849,4.70989166043577
Train,4.78867553274412,4.78858487955071
Train,4.86480455616247,4.86487227971733
Train,4.93854984397785,4.93842645037725
Train,5.01002162892301,5.00997805271831
Train,2.12639329274567,2.12882565658068
Train,2.3490875059615,2.3509565571679
Train,2.56026436168063,2.56052894937087
Train,2.7612285875963,2.76185295812169
Train,2.95249648343076,2.95324926185125
Train,3.13455619083396,3.13484611948874
Train,3.30843299542765,3.30948565073262
Train,3.47430665113683,3.47534037656291
Train,3.63306088750707,3.6335971863867
Train,3.78497954505791,3.7861435546641
Train,3.93033705105284,3.93084300736004
Train,4.06985185861098,4.07015387722126
Train,4.20372380871544,4.20477433271148
Train,4.33214890836769,4.33307940871086
Train,4.45572111535878,4.45587592310616
Train,4.57445194751556,4.57459164997121
Train,4.68886893282057,4.6891596340159
Train,4.79908297058058,4.79965474877676
Train,4.90520593710802,4.90501835637255
Train,5.00768424404255,5.00748460370445
Train,2.12306683064063,2.12419721691398
Train,2.33869818119025,2.33862151683783
Train,2.54470257457936,2.54446573630625
Train,2.7411965484669,2.74231925632406
Train,2.9293146528236,2.92821218230742
Train,3.10911040135459,3.10886148698986
Train,3.28157451613356,3.28147193079561
Train,3.44671361556348,3.44589708734051
Train,3.60519185160221,3.60467796257066
Train,3.75760371949205,3.75544941172333
Train,3.90390703121558,3.90326962582034
Train,4.04483059373848,4.04361094143527
Train,4.18030995646588,4.17977613703109
Train,4.31082557486255,4.30999963202552
Train,4.43681051502507,4.43565235979471
Train,4.55817758578735,4.5570134540961
Train,4.67548360745169,4.67406503462038
Train,4.78863139998403,4.7884436671105
Train,4.89812539860234,4.89690442961577
Train,5.00386145733355,5.00236095801878
Train,3.37418207933184,3.37634006431321
Train,3.48771316086674,3.48807874832195
Train,3.59740949207486,3.59884456762878
Train,3.70374658654003,3.70386899718718
Train,3.80673822284573,3.80747803285189
Train,3.90653983255267,3.90678715140015
Train,4.0031677275453,4.00361584760534
Train,4.09702222950947,4.09734997766858
Train,4.18809872423923,4.18804649948865
Train,4.27651875268608,4.2768347278164
Train,4.36228170389985,4.36227798461399
Train,4.44572920586415,4.44592493261583
Train,4.52684473954759,4.52678994011725
Train,4.60572470937067,4.60597660548441
Train,4.68235729320513,4.68224650157057
Train,4.75703747718801,4.75726987368975
Train,4.82974113055596,4.82967499979926
Train,4.90054569654937,4.90057834242756
Train,4.96943198418893,4.9695024348824
Train,5.03665732809543,5.03666267402727
Train,1.47906637796318,1.47989395556427
Train,1.54847132110152,1.54894888097109
Train,1.61668827204686,1.6169157701573
Train,1.68374747394573,1.68385493879608
Train,1.74992672169434,1.75014675121778
Train,1.81475299492386,1.81503195391846
Train,1.87850641097442,1.87832706913681
Train,1.94121338450977,1.94158848846413
Train,2.00289947011669,2.00263171526089
Train,2.06358939702812,2.06376313064751
Train,2.12353234011451,2.12366879259056
Train,2.18229743436358,2.18275396564635
Train,2.24013601222948,2.24084127394084
Train,2.29706981412639,2.29701058295754
Train,2.35311990557129,2.35288646909461
Train,2.40830670317121,2.40843243306002
Train,2.46285504285922,2.4631279694498
Train,2.51637093142627,2.51868786270128
Train,2.56908119458516,2.56952211838356
Train,2.62100388819452,2.62181202419591
Train,2.12316287095229,2.122408812624
Train,2.35733488356204,2.35702114530281
Train,2.57774453589439,2.57795725475657
Train,2.78557042192426,2.78429000049649
Train,2.98166887104452,2.98151895087934
Train,3.16736750034535,3.16668860163403
Train,3.34330017341102,3.34277921038514
Train,3.51021754427218,3.50928381093976
Train,3.66879525741862,3.66889401266448
Train,3.81964308866274,3.81844514416147
Train,3.96317210430354,3.96255673985282
Train,4.10017057426975,4.10017632957019
Train,4.230945912449,4.23021544513389
Train,4.35591272906889,4.35583418456221
Train,4.4754496038413,4.47539874414573
Train,4.58990291664978,4.58885387589029
Train,4.69948247075727,4.69930932896599
Train,4.80469970018842,4.80458372627831
Train,4.90571057777323,4.90545507900819
Train,5.00276240125249,5.00214181253463
Train,3.8399474919057,3.83942920367403
Train,3.91797041366502,3.91770182911781
Train,3.99373156779974,3.99321772455218
Train,4.06732789708,4.06752904139134
Train,4.13885088216309,4.13883010445565
Train,4.20838692094431,4.20823226301067
Train,4.2760176767254,4.27584026043982
Train,4.34182039815031,4.34211001043363
Train,4.40586821354372,4.40526958703989
Train,4.46823040201005,4.46822402106622
Train,4.52897264340603,4.52873651116746
Train,4.58815724908277,4.58808020085266
Train,4.64584337510152,4.64590471163532
Train,4.70208721945693,4.70211539739315
Train,4.75694220468976,4.75718864697623
Train,4.81045914713663,4.81005692485118
Train,4.86268641394373,4.86309150201336
Train,4.91367006886434,4.91345285460769
Train,4.96345400776392,4.96332441018816
Train,5.01208008467049,5.011803804506
Train,3.94041200594176,3.94111072286099
Train,4.01103845336588,4.01099841387108
Train,4.07976040964551,4.07990046217887
Train,4.14651807034064,4.14684361284011
Train,4.21165862267943,4.21163849525541
Train,4.27511085796261,4.27525434205958
Train,4.33693957334793,4.33718714616256
Train,4.39720629201451,4.39717428975049
Train,4.45585006067793,4.45608140562612
Train,4.51316818961715,4.51322947742514
Train,4.56909110919117,4.56915340715053
Train,4.62366914908778,4.62380529151991
Train,4.67684191507672,4.6769645829066
Train,4.72887428637699,4.72882451503969
Train,4.77969887961256,4.77983770560089
Train,4.82935726482975,4.8294309910328
Train,4.87788912600241,4.87787934842558
Train,4.92523583959125,4.92521520544173
Train,4.97162881144193,4.97177632144516
Train,5.01700394805863,5.01693634343459
Train,2.11915873517799,2.12008274885224
Train,2.35727870532536,2.35699933732607
Train,2.58087633180816,2.58139230257288
Train,2.79124082412194,2.79148137141814
Train,2.98932924530374,2.98942436242063
Train,3.17653308654593,3.1765001221523
Train,3.35356077231393,3.35413854283101
Train,3.52122009115745,3.52102480103562
Train,3.68023553866835,3.68044145407324
Train,3.83125878335402,3.83090085857688
Train,3.97474378092154,3.97500624654125
Train,4.11149599516865,4.11158859548081
Train,4.24185667813914,4.24236557293838
Train,4.36626368901568,4.36651577500592
Train,4.48511578515851,4.48552665121164
Train,4.59877689163794,4.59935587888171
Train,4.70747812334787,4.70768763233567
Train,4.81173205104633,4.81228557239805
Train,4.91171246547347,4.91191163713151
Train,5.00767685508978,5.0078594454047
Train,2.12097484995748,2.12112966622075
Train,2.3570244066971,2.35735723906177
Train,2.57917724510196,2.57956010832126
Train,2.78827183761761,2.78852160387973
Train,2.9857602457956,2.98545658303041
Train,3.17226676546705,3.17182453464769
Train,3.34898158544675,3.34775433134413
Train,3.51637211032389,3.51636490952873
Train,3.67542680844879,3.67440444697999
Train,3.8264965960216,3.82679630210836
Train,3.97041214690829,3.9695757152061
Train,4.10743686740182,4.10711834418757
Train,4.23827627485483,4.23797589626914
Train,4.36312736322162,4.36286184539344
Train,4.48259512680321,4.48243184258748
Train,4.59682571375125,4.5965451853684
Train,4.7063424534687,4.70615246137671
Train,4.81125227227238,4.81119546255135
Train,4.912011459775,4.91188375140913
Train,5.00869649437444,5.00860915460211
Train,3.74221786854835,3.74268385312311
Train,3.82759592391708,3.82776042779218
Train,3.91031966929254,3.91043779196329
Train,3.99051098941804,3.99028095841126
Train,4.06814015703655,4.06871039967367
Train,4.14360767996845,4.14345782532322
Train,4.21686628168486,4.2170598847791
Train,4.28801154544047,4.28818742788493
Train,4.35713361819891,4.35731745787629
Train,4.42431759170031,4.42414246674738
Train,4.48952252467707,4.49023741308551
Train,4.55307035924607,4.55268193209698
Train,4.61490826097532,4.61480365325982
Train,4.67510432947241,4.67470303616787
Train,4.73372309555121,4.73373105963614
Train,4.79082575198911,4.79081159609845
Train,4.84636690986774,4.84677277655132
Train,4.90061121442188,4.90060246640709
Train,4.95350491488309,4.95331373210351
Train,5.0050978331145,5.00497408471923
Train,2.12790953015028,2.12913534383764
Train,2.35906158917739,2.35915953341313
Train,2.57705395297792,2.57734462657239
Train,2.78297930772664,2.78300401626833
Train,2.97781262592478,2.97836375950495
Train,3.16242660211071,3.16249549233029
Train,3.33760472175379,3.33842776241576
Train,3.50405237617955,3.50409289601006
Train,3.66240635607351,3.66251731112638
Train,3.81324299296503,3.81330256739087
Train,3.95695494556972,3.95720807214306
Train,4.09428398088022,4.09492108677508
Train,4.22552700135128,4.22599728828785
Train,4.35107980776958,4.35083857326239
Train,4.47130460822062,4.47196896243471
Train,4.58653350792196,4.58619487141763
Train,4.69707157285524,4.69744826863311
Train,4.80319952671123,4.80293039916645
Train,4.90517613135008,4.90530133524802
Train,5.00324029327474,5.00327050630434
Train,2.42575801110583,2.4231949084627
Train,2.51860536917424,2.51910767090007
Train,2.60921960482224,2.60941350241259
Train,2.69810539310535,2.6962309321519
Train,2.78510255816765,2.78538171028262
Train,2.870066605187,2.86852980798934
Train,2.95346695108527,2.9533726356843
Train,3.03495417042908,3.03524146121557
Train,3.11497623469144,3.11299394456213
Train,3.1933836937102,3.19342572179661
Train,3.27004072382629,3.26922760225565
Train,3.34536582016967,3.34505518855289
Train,3.4192156942979,3.41857353528607
Train,3.49145961481836,3.4911986254759
Train,3.56248946779936,3.56055169910754
Train,3.63200077714586,3.63187180657982
Train,3.70036910666572,3.699852121534
Train,3.76746090138273,3.7675481896243
Train,3.83315360919314,3.83179821074222
Train,3.89780018236408,3.89762054216984
Train,3.84147967601678,3.84179205439281
Train,3.91874691650185,3.91879375200582
Train,3.99379963922919,3.99407759628442
Train,4.06673170295911,4.0669698985715
Train,4.13763173627338,4.13763116562981
Train,4.20658349687749,4.20652277561598
Train,4.2736662016842,4.27420974770788
Train,4.33895483041375,4.33932194503208
Train,4.40252040515677,4.40262684290641
Train,4.46443024809127,4.46464659249463
Train,4.52474821931997,4.52475366803841
Train,4.58353493659396,4.5838360362562
Train,4.64084797851232,4.64105035604947
Train,4.69674207262926,4.69671973437866
Train,4.75126926976078,4.7512560267954
Train,4.8044791056577,4.80442431010519
Train,4.85641875110067,4.8567790504297
Train,4.90713315137299,4.90728269262976
Train,4.95666515597815,4.95663995458593
Train,5.00505563938889,5.00501386216487
Train,2.13093431136139,2.13150332213476
Train,2.36173253263277,2.36177498722676
Train,2.57960416579599,2.5804076189764
Train,2.78522381368925,2.78440027396786
Train,2.97995773098067,2.98022398103998
Train,3.16430526142737,3.16445999717174
Train,3.33940086214668,3.33900116091385
Train,3.50561446880442,3.50611631116257
Train,3.66375221540188,3.66285722409369
Train,3.81452904290541,3.81428816691399
Train,3.95817924027155,3.95812705764032
Train,4.09545203176414,4.09613299525003
Train,4.22651813315897,4.22663668470917
Train,4.3519060733678,4.35253944093924
Train,4.47208916050811,4.47204421518321
Train,4.58716968009763,4.5876355568856
Train,4.69767208671587,4.69797489835613
Train,4.80366586042009,4.80352050463111
Train,4.90561185767913,4.90577497749686
Train,5.0035541492979,5.00365955370429
Train,2.19008209802406,2.19092628503344
Train,2.28752949738916,2.28768903210434
Train,2.38249714478179,2.38356891934231
Train,2.47459700787344,2.47466220380587
Train,2.56418993112239,2.56455230199421
Train,2.65160444600734,2.65159414373042
Train,2.73647509780624,2.73565844242907
Train,2.81912628733712,2.82007359192206
Train,2.89985420627631,2.9002672040136
Train,2.9783145823319,2.97768887344349
Train,3.05480064598804,3.05567397972331
Train,3.12938599127602,3.12953346581557
Train,3.20233070358334,3.20212469285101
Train,3.27331658037968,3.2739569919598
Train,3.34260186799083,3.34297070278111
Train,3.41042378539512,3.41013860671441
Train,3.47648211846914,3.47711464520247
Train,3.5410128529697,3.53995912231616
Train,3.60423327360308,3.60573099983443
Train,3.66585988561657,3.66486049643057
Train,-3.00972532222686,-3.00793824035432
Train,-2.77027516152536,-2.77052479127966
Train,-2.53798792711913,-2.53821998914433
Train,-2.31254694717572,-2.31173417282267
Train,-2.09365394545574,-2.09387604500595
Train,-1.88102772467469,-1.88124671161282
Train,-1.67440296135268,-1.67439755476304
Train,-1.47352910129147,-1.47282560683167
Train,-1.27816934601103,-1.27895255095215
Train,-1.08809972152453,-1.08747941662447
Train,-0.902674695665418,-0.902558236377136
Train,-0.722571847995917,-0.723121450964446
Train,-0.547155482550075,-0.546793643197507
Train,-0.376245027227549,-0.376207932172893
Train,-0.209669068984317,-0.209235854717609
Train,-0.0472647803921919,-0.046973437232428
Train,0.111122611251297,0.110777163429101
Train,0.265640315901262,0.266036115301485
Train,0.416428437119278,0.41696367872495
Train,0.563620395776271,0.56495661257426
Train,3.17029914725127,3.16968874886001
Train,3.3047494477121,3.30514466389863
Train,3.43345762907231,3.43280960369006
Train,3.55678385305505,3.55706622288775
Train,3.67505877776957,3.67469291441588
Train,3.78858651816742,3.78873543869698
Train,3.89764725704139,3.89759267855547
Train,4.0024995537644,4.00321294699674
Train,4.10338239081813,4.10338708438061
Train,4.20051699220949,4.20040753596399
Train,4.29398576367971,4.29386746241866
Train,4.38422881043541,4.38406791937663
Train,4.47129586031017,4.4713934707091
Train,4.55535167712919,4.55597838406024
Train,4.6365498216616,4.6358209317535
Train,4.71503358788966,4.71490435915106
Train,4.79093684692594,4.7907694982226
Train,4.86438480903404,4.86480660722586
Train,4.93549471287743,4.93503656074094
Train,5.0043764499773,5.00440912000553
Train,2.12071369414638,2.12016544636421
Train,2.34870241554951,2.34868627841783
Train,2.56436405004535,2.56372655380468
Train,2.76867204799779,2.76812725984049
Train,2.96232299068296,2.96134544842638
Train,3.14646582700934,3.14458409974244
Train,3.32162366240465,3.32173050798368
Train,3.48843845168318,3.48912958583454
Train,3.64749241756996,3.64646227568877
Train,3.79931484014471,3.79813358195892
Train,3.94425499664599,3.94424062067477
Train,4.08302477317747,4.0826585486669
Train,4.21588794523717,4.21604417492048
Train,4.34321376788951,4.34296737240069
Train,4.46534134554679,4.4651623247249
Train,4.58258264775804,4.58275585911028
Train,4.69512166931357,4.69499736531938
Train,4.80343473072028,4.80334225988767
Train,4.90765950913735,4.90754530380067
Train,5.00802318580937,5.00796866493905
Train,2.12719927447224,2.12885353443775
Train,2.30685326115167,2.30610210329391
Train,2.48268867789443,2.48261897786719
Train,2.65482599077466,2.6554622770985
Train,2.82338065140398,2.82338275774086
Train,2.98846335515627,2.98780545493204
Train,3.15018028359814,3.15051857123975
Train,3.30863333224064,3.30833871101489
Train,3.46392032463882,3.46398608502781
Train,3.61613521378453,3.61641269961759
Train,3.76568200473302,3.76463975755027
Train,3.9120139441336,3.91210572811391
Train,4.055534430743,4.0555881443673
Train,4.19632371762419,4.19641060050557
Train,4.33445903219222,4.33392744304942
Train,4.47001471747151,4.47043289702773
Train,4.60306236551262,4.60244401188751
Train,4.7336709434715,4.73339808871091
Train,4.86190691281768,4.86141604985673
Train,4.98783434210451,4.98699889931808
Train,2.03977337980033,2.0405575863318
Train,2.11207904966116,2.11223493558495
Train,2.18344460985997,2.18424601491491
Train,2.25342893898317,2.25419945376992
Train,2.32252158183652,2.3233223857845
Train,2.39029459078425,2.39114544178514
Train,2.4572211976065,2.45789358866599
Train,2.52288606257122,2.52222087853655
Train,2.5877469169,2.58793922544131
Train,2.65140049378057,2.65243157077415
Train,2.71428978273273,2.71453267602768
Train,2.77602308378297,2.77652626249104
Train,2.8370293543787,2.83849794338161
Train,2.89692798236151,2.8961208349377
Train,2.9561345574659,2.95635287091713
Train,3.01427910166795,3.01470237642419
Train,3.07176445965856,3.07256407637245
Train,3.12823085761803,3.12797619300394
Train,3.18406897941634,3.18507725770391
Train,3.23892884777766,3.23867039389219
Train,1.82605402176371,1.82655212590393
Train,1.90392792857126,1.90386841196081
Train,1.98038557732879,1.97987766517175
Train,2.05591581690099,2.05595524970189
Train,2.13008960468624,2.12991962994632
Train,2.20338040846053,2.20340476130726
Train,2.27537115960175,2.27486640694255
Train,2.34652066864817,2.34678430952985
Train,2.41663300600877,2.41546237781071
Train,2.48552406234811,2.48514690030637
Train,2.55363191166574,2.5538322125561
Train,2.62056737302902,2.61975075143559
Train,2.68675548322066,2.68654072766216
Train,2.75201263230251,2.75242017055856
Train,2.81616586172225,2.8157642727659
Train,2.87962172076681,2.87919924642696
Train,2.94201626748627,2.94246454256276
Train,3.00374440170931,3.00287544766828
Train,3.06445160527657,3.06454226293348
Train,3.12452162783985,3.1241828809419
Train,0.829690155850197,0.830315190191267
Train,0.915686692859388,0.915971717559241
Train,0.998760478063029,0.999405699700528
Train,1.07905802441517,1.07825011580857
Train,1.15671621319135,1.15742474163775
Train,1.23216855556595,1.23232714153559
Train,1.30491432142434,1.30441376205848
Train,1.37538145627047,1.37538748998335
Train,1.44367537027361,1.44386108563262
Train,1.50989507059576,1.50948830920819
Train,1.5741336402972,1.57475223543073
Train,1.63647867489251,1.63610804520644
Train,1.69701268086281,1.69726895384005
Train,1.75581343993658,1.7560900398806
Train,1.8129543425212,1.81258092460697
Train,1.86873103238866,1.8690674179073
Train,1.92275015972049,1.92248841133036
Train,1.97530643525357,1.97482908189917
Train,2.0264584867622,2.02691753194662
Train,2.07626185043145,2.07719785928779
Train,2.12059914974408,2.12179349379434
Train,2.34328037761278,2.34345229777895
Train,2.5549366972347,2.55591224598387
Train,2.75599889067898,2.75529186519483
Train,2.9474179653071,2.94753988460647
Train,3.13003855830087,3.13036659488202
Train,3.30413429750203,3.30467168203389
Train,3.47044079606479,3.47075132806853
Train,3.6296152801069,3.62884511288061
Train,3.78182725424777,3.78024237548228
Train,3.92765751382965,3.92661171957146
Train,4.06749916250778,4.06743299294461
Train,4.20183703672248,4.20223352372917
Train,4.33075252997693,4.33099926700592
Train,4.45468129831863,4.45526143459787
Train,4.57401691742505,4.57424929598559
Train,4.68879861220041,4.68886777495785
Train,4.79938387393273,4.7994083708821
Train,4.9060969212841,4.90659622080269
Train,5.00894794641336,5.00907658231003
Train,2.11765116113951,2.11753301794883
Train,2.331076120331,2.33094165791985
Train,2.5350821757667,2.53663991266361
Train,2.73027938076781,2.73077381891411
Train,2.91722621861503,2.91720191971975
Train,3.09643493902598,3.09638551271777
Train,3.26837624540536,3.27032813257241
Train,3.43348342318464,3.43421181168591
Train,3.59215598548838,3.59214861643553
Train,3.74476290070689,3.74520015712036
Train,3.89178524844331,3.89227173881803
Train,4.03325450148473,4.03286862542367
Train,4.16960912000323,4.16962686817564
Train,4.30112154837743,4.30182545344209
Train,4.42804521861775,4.4283822613273
Train,4.55061618038728,4.55062614048287
Train,4.66905456615047,4.66966729588088
Train,4.78356591058269,4.78387273040638
Train,4.89434234087785,4.89437728849802
Train,5.00156365245528,5.0015091592671
Train,4.2984075219197,4.29827681479068
Train,4.34970196264881,4.34980383922661
Train,4.39988860711867,4.39987259919721
Train,4.44900295924065,4.44904819684811
Train,4.49707902180318,4.49701165777727
Train,4.54398707631752,4.54401818528126
Train,4.59008629395852,4.59000991533898
Train,4.63524088247894,4.63541571276286
Train,4.6794795823174,4.67931437436922
Train,4.72282997971035,4.72289940863115
Train,4.76531856405638,4.76515216837501
Train,4.806970781893,4.80709288721331
Train,4.84781108771691,4.84778432065135
Train,4.88786299186117,4.88777119957953
Train,4.92714910562606,4.92725253191596
Train,4.96555815818128,4.96545960944635
Train,5.00337962345558,5.00347953154627
Train,5.04049808296363,5.04042958584827
Train,5.07693295687885,5.07684514706702
Train,5.11270295660467,5.11268316004347
Train,3.11238807213922,3.11244225127151
Train,3.16919694430401,3.16935036094796
Train,3.22492402378291,3.22482873530165
Train,3.28006627690833,3.28000552666557
Train,3.33440088330287,3.33444430234735
Train,3.38771829142044,3.38782601110719
Train,3.44049320797784,3.44040765146778
Train,3.49251174515677,3.49256103368893
Train,3.54357246262938,3.54345866879734
Train,3.59412928383372,3.5942411407544
Train,3.6439767440968,3.64390909314747
Train,3.69312966893727,3.69315580996257
Train,3.7413967519174,3.74134401124169
Train,3.78920627276411,3.78914767879391
Train,3.83636327141016,3.83644801202385
Train,3.88268356402146,3.88268691217521
Train,3.92857761543065,3.92853375854096
Train,3.97385783645987,3.97384932118288
Train,4.01834678893248,4.01834765120142
Train,4.0624382207582,4.0624171351686
Train,4.55922120239093,4.55944557178222
Train,4.72110733269788,4.72121311864825
Train,4.87180306698566,4.87181641589845
Train,5.01268853560669,5.01279726237984
Train,5.144570098747,5.14452831659068
Train,5.2681703274234,5.26821207203679
Train,5.38445959846425,5.38442951888495
Train,5.49386587381854,5.49388352749369
Train,5.59717321056753,5.59715114565764
Train,5.69478749151531,5.69480133554529
Train,5.78708131723367,5.78700056651209
Train,5.87463998688025,5.87477463057288
Train,5.95774177529795,5.95758384164432
Train,6.03664538871303,6.03670640103368
Train,6.11180031203641,6.11175784005385
Train,6.18333462263282,6.18332999589833
Train,6.25163043831265,6.25169362027222
Train,6.31684219420673,6.31676295618885
Train,6.37911629093982,6.37913114682155
Train,6.43875761669118,6.43881122233719
Train,4.04506807141098,4.04521620969748
Train,4.10858879478827,4.10854166462226
Train,4.1701996903519,4.17024108179097
Train,4.23037661612313,4.23046439074673
Train,4.28897724916576,4.28889285432373
Train,4.34606272363447,4.34596735348381
Train,4.40150979637571,4.40169564518359
Train,4.45574060858136,4.45569538895719
Train,4.50862154227834,4.50858579546397
Train,4.56020237837136,4.56028501453906
Train,4.61036639081713,4.61041521782166
Train,4.65949076115278,4.65943068769988
Train,4.70745029988105,4.70747380188763
Train,4.75428595209553,4.75414724039942
Train,4.7998875163024,4.79998872611244
Train,4.84459415011638,4.84476261429731
Train,4.88828866414124,4.88810229892473
Train,4.9310050439588,4.93099288539301
Train,4.97263943418284,4.97271922457579
Train,5.01349853460424,5.01345983138011
Train,4.72294694016069,4.72156760141874
Train,4.75454734386273,4.75324883746938
Train,4.78575104926538,4.78447709450333
Train,4.81656547975132,4.81629943545553
Train,4.84699787463386,4.84719541231456
Train,4.87705529482699,4.87634724742597
Train,4.9067446283071,4.90675292105001
Train,4.93607259537537,4.93629930812525
Train,4.96504575372901,4.96415831232511
Train,4.99367050334968,4.99303249963335
Train,5.02208632702543,5.02217026238426
Train,5.05003127323255,5.05010335692563
Train,5.07764613853987,5.07752910714984
Train,5.10493673689893,5.10427634449874
Train,5.13190874651787,5.13174670074144
Train,5.15856771380009,5.15873861770737
Train,5.18491905714653,5.18417543435347
Train,5.21096807062713,5.21030667124645
Train,5.23671992752663,5.23552256958132
Train,5.26217968376971,5.26104058724226
Train,2.12825209006589,2.1275193474415
Train,2.37288651948368,2.37292408481366
Train,2.6015996243621,2.60183025985892
Train,2.81528600769792,2.81497788548435
Train,3.01595153015302,3.01615702984995
Train,3.20421201232764,3.20349191033014
Train,3.38169017706613,3.38173847591164
Train,3.54880712329803,3.54882027418929
Train,3.70667035232721,3.70674345092479
Train,3.85624211049127,3.85569544424137
Train,3.99775202123379,3.99800574713148
Train,4.13222031585773,4.13177241297521
Train,4.25979250843669,4.26009455346351
Train,4.38116010379978,4.38049883830385
Train,4.49693146052466,4.49686792243878
Train,4.60716695077571,4.60706600314947
Train,4.71255743600543,4.7127899251594
Train,4.81312507730122,4.81286648287854
Train,4.90947085848767,4.90917942251903
Train,5.00158892011668,5.00139556790813
Train,3.33837507438564,3.33863751950988
Train,3.46058512059142,3.46054148417746
Train,3.57758834194159,3.57787709465841
Train,3.68971055696617,3.68969937786309
Train,3.7970389887063,3.79701299770235
Train,3.90028120103303,3.90029558869568
Train,3.99946994956018,3.99967976701586
Train,4.09483935702305,4.0949507149256
Train,4.18660585657113,4.18676848871322
Train,4.27496983150741,4.27496279087276
Train,4.3599488657098,4.36027057932582
Train,4.44205784887757,4.44225000696164
Train,4.52128268956086,4.52143020945945
Train,4.5977727265908,4.59775880897936
Train,4.67166716352079,4.67181138476584
Train,4.74309591410339,4.74300372327556
Train,4.81204363813467,4.81218113490317
Train,4.87890171475166,4.87885083141949
Train,4.94363516172037,4.9436818032394
Train,5.00634367040845,5.00635412752157
Train,3.87523881948464,3.87544078071582
Train,3.95404801755029,3.95440718972744
Train,4.02974677351441,4.03006340833448
Train,4.10292194731429,4.10248495071059
Train,4.17350044387368,4.17365020911015
Train,4.2416180711961,4.24178203383266
Train,4.30721815852196,4.30687244684881
Train,4.37079114225444,4.37082074869098
Train,4.43225758817814,4.43230121131122
Train,4.49172049239818,4.49181641502431
Train,4.54911580420057,4.54893180318535
Train,4.60485973229656,4.60497865316787
Train,4.65887127083764,4.65898574191518
Train,4.71122994200335,4.71108989513081
Train,4.76186878193004,4.76193398825339
Train,4.81114564194774,4.81132094457493
Train,4.85898064890606,4.8590443442284
Train,4.90543617377345,4.90502421058622
Train,4.95044499285234,4.95032151692279
Train,4.9943182385265,4.99431759668218
Train,2.12311179524227,2.12267545244535
Train,2.36751726846775,2.36763875255778
Train,2.59550603933668,2.59497044416124
Train,2.80928385868297,2.80939048204013
Train,3.00985405698779,3.00982467866774
Train,3.19813614601615,3.1979898628218
Train,3.37573022364217,3.37523928817458
Train,3.54304395578921,3.54266123994816
Train,3.70139536231884,3.70128010379843
Train,3.85127174548446,3.85055415090241
Train,3.99313316542645,3.99293949651686
Train,4.12799027670336,4.12784187700012
Train,4.2561659178122,4.25515994928204
Train,4.37797035217499,4.37811540957258
Train,4.49419907105336,4.49307751943919
Train,4.60490884462151,4.60482599281235
Train,4.7107863806475,4.71021332658924
Train,4.81199606506584,4.81165324578464
Train,4.90870119118297,4.90828314224049
Train,5.0014615561532,5.00062198652298
Train,4.21460060524327,4.21474524231084
Train,4.27184610746874,4.2716440899297
Train,4.32756432777398,4.32747760994456
Train,4.38216518189821,4.38226108412558
Train,4.43533869979944,4.43516700330505
Train,4.48747402996703,4.48739856358437
Train,4.53827327651232,4.5382280304569
Train,4.58810638819991,4.58799688234498
Train,4.63668690777751,4.63682370676028
Train,4.68436699623143,4.68435963802616
Train,4.73087103717317,4.73078591076623
Train,4.77653467911823,4.77653444980964
Train,4.82109258463286,4.82102765092563
Train,4.86486504466356,4.86491140999928
Train,4.90759647274213,4.90745366732002
Train,4.94959285071009,4.94972611453553
Train,4.99060784704465,4.99050602177007
Train,5.03093408857086,5.03078854037298
Train,5.07033403274121,5.07031197843966
Train,5.10908782153109,5.10901800931091
Train,2.12263903924964,2.12352701835911
Train,2.35807015296182,2.35811487897294
Train,2.57974484642919,2.57995023252655
Train,2.78837739364784,2.78843491143047
Train,2.98530132159036,2.98543240914872
Train,3.17167952933067,3.17205193678668
Train,3.34794984921552,3.34811199656391
Train,3.51527966341244,3.51582685156822
Train,3.67398325661824,3.67431993465138
Train,3.82487657295672,3.82514176498656
Train,3.96868036886023,3.96934643888229
Train,4.10558113118152,4.10582112695041
Train,4.23620791477005,4.23634965494633
Train,4.36111986584978,4.36145798075662
Train,4.48042067206134,4.48048648130347
Train,4.59473184480475,4.59495004287086
Train,4.70411834186003,4.70406218078855
Train,4.80900732241856,4.80918085073275
Train,4.90978177642934,4.90973173256711
Train,5.00646528238212,5.00662875389238
Train,2.12978706987508,2.13012285658109
Train,2.36882069850899,2.36873126584245
Train,2.59261215430348,2.5926273192766
Train,2.80313151282221,2.803199381104
Train,3.00099948610341,3.00079088154083
Train,3.18781862874191,3.1880529358626
Train,3.36402009506598,3.36391124373253
Train,3.53092731925708,3.53090697310321
Train,3.68904603490195,3.6889016915687
Train,3.83885289774519,3.83885175328245
Train,3.98136579636856,3.98137662461007
Train,4.11674306531189,4.11650203521853
Train,4.24585155992919,4.24603505612899
Train,4.36895225977064,4.36859974366811
Train,4.48629809260513,4.4860575697879
Train,4.59858307454001,4.59824466139466
Train,4.70584033135645,4.7055094143819
Train,4.80867487629262,4.80759404118939
Train,4.9070908218437,4.90680304321208
Train,5.0016197234077,5.00071770231292
Train,3.01705252024819,3.0171147026252
Train,3.12032357990782,3.12061310642306
Train,3.22038247139588,3.22051338991727
Train,3.31686011162121,3.31672723820733
Train,3.41044335856909,3.41046894020686
Train,3.50077652363319,3.50095885863478
Train,3.58849302349511,3.58807998119877
Train,3.67325055883843,3.67357900350757
Train,3.75541534497091,3.75534222045675
Train,3.83531783454091,3.83528277649233
Train,3.91263541315482,3.91254654116195
Train,3.98789265358023,3.98810277767037
Train,4.06077964596225,4.06085740547709
Train,4.1315955694541,4.1313299388988
Train,4.20061187697461,4.20072231285152
Train,4.26753690378768,4.26751399077906
Train,4.33281256516588,4.33283726166186
Train,4.39615877849211,4.3960081844219
Train,4.45798986844476,4.45797028686351
Train,4.51803684629886,4.51795673696173
Train,2.12435123144132,2.12385090292659
Train,2.38506153637641,2.38518468652759
Train,2.62609199254129,2.62589635654362
Train,2.8490559046886,2.84841323236682
Train,3.05615884325127,3.05613864047185
Train,3.24903512992055,3.24875078683393
Train,3.42931825626768,3.42912484750044
Train,3.59779709538334,3.59786838130307
Train,3.75578404828765,3.75547463133838
Train,3.90422958107013,3.90407902319052
Train,4.04414122005214,4.044062249863
Train,4.17591596121601,4.1760613571881
Train,4.30039365297306,4.30028068401074
Train,4.41816407872983,4.41817485991336
Train,4.52989011171437,4.52992824401948
Train,4.63576888778802,4.63566237685367
Train,4.73636936325297,4.73646262294127
Train,4.83207664209496,4.83206105819621
Train,4.92334980841375,4.92336019564967
Train,5.01027888515012,5.01031793254
Train,3.11173865344614,3.11260250522022
Train,3.24201294778975,3.24374805469264
Train,3.36799787365329,3.3678298085891
Train,3.48990184544406,3.49097624052805
Train,3.60774586783278,3.6078824518357
Train,3.7220664898684,3.7222454230999
Train,3.83285550280785,3.83307310154336
Train,3.94027406583884,3.94012350730767
Train,4.04447367942224,4.04489534028684
Train,4.14559689820399,4.14510151999124
Train,4.24363292184211,4.24389312215348
Train,4.33900255930691,4.33920890286967
Train,4.43167584960844,4.43176531255662
Train,4.52176554790441,4.52190726462717
Train,4.6093782088937,4.60922246571712
Train,4.69461460724415,4.69488359557939
Train,4.77744741477016,4.77736452315579
Train,4.8582156134013,4.85830108843797
Train,4.93687878459299,4.93673375407738
Train,5.01351816340897,5.01358067380201
Train,3.11038299446124,3.11109808197065
Train,3.24251381050943,3.24294933165069
Train,3.37001630594949,3.36895063478581
Train,3.49312947838734,3.49327778025903
Train,3.61207614870286,3.6108187250596
Train,3.72689245643938,3.72714113981632
Train,3.8381220550937,3.83787061653706
Train,3.94576909947967,3.94540612406703
Train,4.05000393018696,4.05033387258149
Train,4.15098625732076,4.15065969425117
Train,4.24886597703618,4.24907185767219
Train,4.34378391394922,4.34363728167804
Train,4.43587249715733,4.43529470455755
Train,4.5252563766945,4.52516067127211
Train,4.61205298645539,4.6119464779243
Train,4.6962467383612,4.69625993206713
Train,4.77819830456011,4.77818769748987
Train,4.8578763944213,4.85782236890222
Train,4.93537431881503,4.93529881008211
Train,5.01078035115356,5.01035806336435
Train,2.12717572834508,2.12777716109334
Train,2.34656196174529,2.34670417960873
Train,2.55533954832282,2.55551824762582
Train,2.75425981062326,2.75443331892015
Train,2.9440047608186,2.9440286605953
Train,3.12495162852631,3.12529559238677
Train,3.29816338632991,3.29809373022212
Train,3.46390243918338,3.46427413173145
Train,3.62264215738028,3.622860535694
Train,3.77481675614259,3.77479238165901
Train,3.92082526201542,3.92095831030232
Train,4.06103500668285,4.06136775556874
Train,4.19578471261601,4.19576848055871
Train,4.32538722512265,4.32580720025211
Train,4.45013193718625,4.45013879076063
Train,4.57012493075912,4.57036584328156
Train,4.68594476426799,4.68576585547848
Train,4.79765438822268,4.79787902514212
Train,4.90546878245043,4.90542731195668
Train,5.00958819131908,5.00956565076407
Train,3.8077383077291,3.80802985416662
Train,3.88956870088414,3.88950495414823
Train,3.96883780908673,3.9688172199188
Train,4.04586049738461,4.04605725846553
Train,4.12034912875369,4.12005324888954
Train,4.19261091250044,4.19278514031825
Train,4.26274423583776,4.26282770186512
Train,4.330841774137,4.33093770397167
Train,4.39716025110821,4.39694803457891
Train,4.46143866296428,4.46165402364781
Train,4.5239291575605,4.52366089245183
Train,4.58470530859315,4.58493397712877
Train,4.64398821207787,4.64413214598457
Train,4.70153671594073,4.70132501799011
Train,4.75756890434818,4.75764147914955
Train,4.8121439269539,4.81226001119498
Train,4.86531789642492,4.86520718005553
Train,4.91727698397285,4.91743464435634
Train,4.96780267936954,4.96764302938967
Train,5.01707941296385,5.0171878588429
Train,2.12451639919632,2.12389341685624
Train,2.37095652419414,2.37063923195668
Train,2.60086088926851,2.60063011757515
Train,2.81583975804045,2.81569240404346
Train,3.01702488381918,3.01673758389947
Train,3.20622096492552,3.20601364621174
Train,3.38422383841342,3.38429886695152
Train,3.55199828304379,3.55197534699104
Train,3.71040129767525,3.71038803323094
Train,3.86019674307784,3.86009932779993
Train,4.00187229445328,4.0020451482363
Train,4.13644125644717,4.13644583543131
Train,4.26424865589965,4.26444822747211
Train,4.38579161654852,4.38597722773769
Train,4.5015196951498,4.50158416447297
Train,4.61184043783561,4.61217844668348
Train,4.71697865411628,4.71699115449004
Train,4.81756907862544,4.81769366875809
Train,4.91376716590751,4.91412230518321
Train,5.00585445987398,5.00581469865059
Train,3.80662470609681,3.80704390471359
Train,3.88834139484332,3.88798703827555
Train,3.96752945990506,3.96751729434467
Train,4.04430448083083,4.04443141801525
Train,4.11877509892742,4.11897089324188
Train,4.19123039931236,4.19069209333824
Train,4.26138749685472,4.26166611438233
Train,4.32952962685583,4.32972484855994
Train,4.39574236757914,4.3960423155971
Train,4.46010651877933,4.45965953460685
Train,4.52269843063781,4.5226895212821
Train,4.58359030589586,4.5839068201079
Train,4.64285047769928,4.64273547808838
Train,4.70054366540238,4.70069225682013
Train,4.75673121034444,4.75675058477131
Train,4.81161311274734,4.81143696256762
Train,4.86495737130899,4.86516819590392
Train,4.91696197120851,4.91696176221225
Train,4.96767675181377,4.96742591005235
Train,5.01714911054099,5.0172940816395
Train,3.88622426022213,3.88584373318221
Train,3.96164668389391,3.96186413995596
Train,4.0348601358272,4.03474483945532
Train,4.10596025994981,4.10607477344669
Train,4.17503725716661,4.17499301874554
Train,4.24236220699547,4.24222212689923
Train,4.30763854938547,4.30763387439069
Train,4.37113357939236,4.37124865073778
Train,4.43291923031841,4.43298179938423
Train,4.49306361380875,4.4927816532348
Train,4.55163127031993,4.55150861043725
Train,4.60868340014465,4.60885194414581
Train,4.66427807673126,4.66424206387304
Train,4.71847044386108,4.71847324726545
Train,4.77131289809084,4.77130880714534
Train,4.8229982536463,4.82292484452259
Train,4.87328446117769,4.87296775252829
Train,4.92236321499513,4.9223106311168
Train,4.9702774885615,4.97029594137197
Train,5.01706824000553,5.01709403023991
Train,3.80644674670169,3.8062526796551
Train,3.88847600875965,3.88871476352355
Train,3.96773063373205,3.96763860472705
Train,4.04474016867335,4.04462957633435
Train,4.1194079399054,4.11956704467442
Train,4.19183916285478,4.19168838107938
Train,4.26195387879296,4.26175300848112
Train,4.33020842950115,4.33040467708483
Train,4.39650636424915,4.39656025228245
Train,4.46093062803061,4.46076713577198
Train,4.52339996024945,4.52337378010119
Train,4.58431189892117,4.58426682734565
Train,4.64357233269813,4.64354284946088
Train,4.70124752908323,4.70127759618694
Train,4.75725706973349,4.75717817077233
Train,4.81195053374266,4.8118426948225
Train,4.86523732333805,4.86534082661305
Train,4.91717101741401,4.91729662422435
Train,4.96767331329048,4.96752015090746
Train,5.01705415131406,5.01696379987547
Train,3.88561095913345,3.88563980097237
Train,3.96119177124388,3.96099863864432
Train,4.03473624895416,4.03486959407959
Train,4.10593930375339,4.10580957261694
Train,4.17509750447742,4.17536697250247
Train,4.24247968764583,4.24245344190271
Train,4.30779880974293,4.30754548823674
Train,4.37131959580068,4.37139348299601
Train,4.43328276073025,4.43355653220928
Train,4.49341826626526,4.49330277065595
Train,4.55196386760316,4.55204717922819
Train,4.60898179459056,4.60878033321418
Train,4.66468170843888,4.66477558561959
Train,4.71881455058613,4.71882183594274
Train,4.77158811550613,4.77172242307492
Train,4.82319259471207,4.82304355700611
Train,4.8733934161917,4.87343387288851
Train,4.92237948905449,4.92256088516146
Train,4.97032416257258,4.97016204131645
Train,5.0170063243159,5.01707465759895
Train,2.04995207767634,2.05084448621195
Train,2.36853908008567,2.36687393770475
Train,2.65218403000353,2.65044352685649
Train,2.90697799059126,2.90513969454545
Train,3.13681895400483,3.13457364382551
Train,3.34493759146171,3.34249863080035
Train,3.53475567764635,3.53255094881237
Train,3.70814353059593,3.70535864480766
Train,3.86755159856861,3.8643114756363
Train,4.01441735876953,4.01251306834669
Train,4.14999157374313,4.14799925326437
Train,4.27585004088018,4.27470751881841
Train,4.39285082733998,4.39026376880278
Train,4.50175732771425,4.50044766610003
Train,4.60364289826535,4.60287663207995
Train,4.69891970599052,4.69782702447477
Train,4.78844078951357,4.78789235243525
Train,4.87260377911667,4.87212096499055
Train,4.95177352323288,4.9517068282424
Train,5.02657446774441,5.02680071954304
Train,3.79776981423491,3.79766190944641
Train,3.87866391563431,3.8785961802408
Train,3.95733255148876,3.95703598931353
Train,4.03349598599817,4.03334017459778
Train,4.10745087021112,4.10778404967854
Train,4.17946630826417,4.1790582361485
Train,4.24927794713938,4.24939818171546
Train,4.31731451379763,4.31698287217145
Train,4.3833215856408,4.38359202931164
Train,4.44754411235117,4.44742509164129
Train,4.51020540375935,4.51007010637326
Train,4.57106532148577,4.57101836323485
Train,4.63034402714585,4.63048459411797
Train,4.68824278619348,4.68821161188893
Train,4.74453495022828,4.74442343935365
Train,4.79955297006165,4.79970330210048
Train,4.85307873738572,4.85308291459145
Train,4.90529873932715,4.90514739239947
Train,4.95638418598853,4.95646193886418
Train,5.00612909016259,5.00589125860492
Train,4.42407979305922,4.42379188010304
Train,4.46691166169733,4.4664277387113
Train,4.50912477111424,4.5089029842405
Train,4.55044429854992,4.55044720925283
Train,4.59117995517835,4.59075209284705
Train,4.63106584876699,4.63025436848906
Train,4.67040028310135,4.67120669419668
Train,4.7089258818307,4.70787580588725
Train,4.74679841304018,4.74668395104376
Train,4.78416389339247,4.78407510594328
Train,4.82077698868006,4.82097213696974
Train,4.85691013934685,4.85672001608176
Train,4.89232559324423,4.89111812486075
Train,4.92716514174534,4.92737898893241
Train,4.9615620179239,4.96174761881988
Train,4.9952892112185,4.99436849122716
Train,5.02859656183774,5.02843937816791
Train,5.06126383485798,5.06093499900666
Train,5.09353261837211,5.09355674913817
Train,5.12518916146475,5.12400891091815
Train,3.30379708995377,3.30606911724166
Train,3.37063607511235,3.37097250271321
Train,3.43594095318669,3.43614211865346
Train,3.50021101875945,3.50080298879615
Train,3.56324967428117,3.564825106156
Train,3.62487627902781,3.62474473790129
Train,3.68555999675628,3.68710959998347
Train,3.74511346377582,3.74613942521168
Train,3.80336403233353,3.80640802417687
Train,3.86075342218445,3.86072637797619
Train,3.91710293691303,3.91729710775902
Train,3.97244058600369,3.97276483215895
Train,4.02660369597233,4.02855415965163
Train,4.08000102968489,4.08216192055474
Train,4.13246463090554,4.13417703598892
Train,4.18383881813632,4.18315175307211
Train,4.23451003727776,4.23487684763162
Train,4.28431781539126,4.28486341704987
Train,4.33311307090034,4.3333147631732
Train,4.38126173574197,4.38212172696725
Train,2.12773036473068,2.12785832197764
Train,2.3649065243032,2.36556220409542
Train,2.58760154553829,2.58731527316771
Train,2.79710239047386,2.79802050570865
Train,2.99454790960518,2.99457389013545
Train,3.18094955298383,3.17966009398728
Train,3.35720870051651,3.35587823481395
Train,3.52413123825805,3.52341752142305
Train,3.68243987811222,3.67932907431745
Train,3.83278461826202,3.83241431329801
Train,3.97556294397721,3.97614937211832
Train,4.11169127601103,4.11133497899422
Train,4.24145180712177,4.23996278497938
Train,4.36528113452564,4.3654886943826
Train,4.48357683453216,4.4821348532881
Train,4.59670172663849,4.59614192009607
Train,4.70498759042142,4.70456755276458
Train,4.80873841543619,4.8072518129978
Train,4.90823325117055,4.90815703345865
Train,5.00372871332178,5.00336213821933
Train,2.94396057417874,2.94461247177454
Train,3.02904204492581,3.029427111231
Train,3.11249314466046,3.11275057861925
Train,3.19385305171646,3.19409734229188
Train,3.27369338257743,3.27336455565304
Train,3.35157067143682,3.35242214571403
Train,3.42802961105894,3.42723242572751
Train,3.50264320083869,3.50257044281019
Train,3.57570375000409,3.57615359756741
Train,3.64748194003505,3.64818306442461
Train,3.71757390075242,3.71780221349612
Train,3.78646493188244,3.78647592360206
Train,3.85376562625473,3.85353156989217
Train,3.91973486482703,3.92018252941338
Train,3.98461316037663,3.98486902186627
Train,4.0480314553435,4.04746463459955
Train,4.11042501092023,4.11108208973596
Train,4.17143751496782,4.17164108727078
Train,4.23148638807138,4.23116700053137
Train,4.29022744655551,4.28968449481757
Train,2.12761174416641,2.12824277758258
Train,2.36279442088078,2.36302192696379
Train,2.58395732298534,2.58410792656499
Train,2.79231779223193,2.79253773885497
Train,2.98895619854973,2.98932699929568
Train,3.17508165318044,3.17565283565485
Train,3.35104687070944,3.3514441059909
Train,3.51788324992824,3.51852519182497
Train,3.67628321749673,3.67615746764417
Train,3.82687089911298,3.82662072212619
Train,3.970210338345,3.97013941176405
Train,4.10681255656116,4.1070946932617
Train,4.23714164022874,4.2367703682415
Train,4.36162000840189,4.3603487283602
Train,4.48063298638124,4.48099776177545
Train,4.59468504368087,4.5949335402532
Train,4.70378792393856,4.70391907421648
Train,4.80839661537336,4.80814516503446
Train,4.90878320246356,4.90901737598901
Train,5.0051982409802,5.00411669153467
Train,2.12564260553235,2.12539588911235
Train,2.3692842087651,2.36905929756025
Train,2.5970195011085,2.59673633839915
Train,2.81035692451563,2.81001727294855
Train,3.01062003217446,3.01002881151575
Train,3.19897497342765,3.19811297174814
Train,3.37645321728042,3.37645905104213
Train,3.54397044982052,3.54326035360858
Train,3.702342376625,3.7004862206289
Train,3.85229800582354,3.8510026633688
Train,3.99449086828511,3.99149764977696
Train,4.1295085392597,4.12568655052231
Train,4.25788075407853,4.25586646632504
Train,4.38008635429281,4.3752525386138
Train,4.49655925627669,4.49539189027777
Train,4.60769359911385,4.60586643318524
Train,4.71384820047982,4.71307909885794
Train,4.81535042666837,4.8152042759269
Train,4.91249956470073,4.91166126418315
Train,5.00556976968764,5.00481404329397
Train,2.12332372125674,2.12401109689594
Train,2.35597412277977,2.35615378206998
Train,2.57527205640544,2.57589922276233
Train,2.78233495980589,2.78301637157923
Train,2.97793134939884,2.97835720050201
Train,3.16341918459217,3.16395191451224
Train,3.33935720074798,3.3400587001764
Train,3.50646439603735,3.50681642819321
Train,3.66538935861286,3.66592659515149
Train,3.81671867952971,3.8172682586904
Train,3.96081584539365,3.96117184446333
Train,4.09850844309289,4.09873471372188
Train,4.23006024014663,4.23046017176815
Train,4.35587307616933,4.3562855248077
Train,4.47631447861992,4.47667313652923
Train,4.59172124855168,4.5918416351727
Train,4.70227307418351,4.70248572588238
Train,4.80851856973015,4.80869076519442
Train,4.91058478884492,4.91070914635051
Train,5.00871356929856,5.00886726683379
Train,2.13048260114339,2.13050894551483
Train,2.36141822993024,2.36126765389994
Train,2.57944345882077,2.57926537014131
Train,2.78512743558809,2.78496261597169
Train,2.97971772296535,2.97947969708761
Train,3.16430534752431,3.16423969283127
Train,3.33922968627402,3.33907761869917
Train,3.50562174580382,3.50553255837653
Train,3.66371758572177,3.6636495410224
Train,3.81430002114748,3.81418443257857
Train,3.95806182042704,3.95798293415859
Train,4.09513188791548,4.09480581983948
Train,4.22612142233379,4.2261258609636
Train,4.35157447540485,4.35144853036612
Train,4.47155056615015,4.47159636325008
Train,4.58667274847743,4.58669369123012
Train,4.69696821929686,4.69694111689236
Train,4.80285956120148,4.80292527818741
Train,4.90472601682359,4.90464226846811
Train,5.00256052426806,5.00259261112873
Train,4.29923127466113,4.29988685139537
Train,4.37593472586425,4.37584174999423
Train,4.45007638384635,4.44997235437617
Train,4.52208960493034,4.52163373009747
Train,4.59191509940888,4.59180645711453
Train,4.65950632982142,4.65936273829933
Train,4.72524942079411,4.72518835381046
Train,4.78908225473821,4.78918856861341
Train,4.85095431879322,4.85107551705218
Train,4.91121191789884,4.9111400402929
Train,4.96979172171991,4.96979715568008
Train,5.02676284216546,5.02681052733746
Train,5.08207203793809,5.08194139403562
Train,5.13602154890217,5.13536215748385
Train,5.18854810300832,5.18850707237501
Train,5.23959773178527,5.23971152703811
Train,5.28944500655008,5.28948669613086
Train,5.33802752592299,5.33804424128024
Train,5.38529136179834,5.38382156242218
Train,5.43148710977632,5.43108623190923
Train,3.80440535788305,3.8042382286097
Train,3.88609514022405,3.88595169817412
Train,3.96528315492449,3.96545544747127
Train,4.04208259449204,4.04190997166947
Train,4.11659992436134,4.11672409876914
Train,4.18893537531834,4.18901266838506
Train,4.25918339329396,4.25920422975318
Train,4.32743305077164,4.32743357937064
Train,4.39376842357708,4.39395267710492
Train,4.45826893640157,4.45795085957283
Train,4.52100968004451,4.5207775063412
Train,4.58206170303944,4.58211622638404
Train,4.64149228004463,4.64153761631527
Train,4.69936515912984,4.69944463665373
Train,4.75574078987013,4.75576951455727
Train,4.81067653396255,4.81059472039336
Train,4.86422685990817,4.86441428302927
Train,4.91644352314866,4.91636979696554
Train,4.96737573290946,4.96730732777209
Train,5.01707030688033,5.0171342378147
Train,3.80280800392127,3.80156130812096
Train,3.88500313680383,3.88475266144664
Train,3.96462254200146,3.96362696718128
Train,4.04178542414326,4.04142398700636
Train,4.11660374389121,4.11609581682054
Train,4.18918275996791,4.18825083627084
Train,4.25962152323343,4.25887641026415
Train,4.3280133276884,4.32768437675108
Train,4.39444612272151,4.39411367578426
Train,4.45900289043215,4.4584820912772
Train,4.52161773197884,4.52140702469691
Train,4.5826571574904,4.58250948997951
Train,4.64204285768417,4.64158502792847
Train,4.69984114025796,4.69959109832265
Train,4.75611481476927,4.75609427619051
Train,4.810923420318,4.81076499998957
Train,4.8643234356747,4.86418471131978
Train,4.91636847341338,4.9163403387341
Train,4.96710945945157,4.96706247127289
Train,5.01659479926165,5.01656647452395
Train,1.44204620238152,1.44243097935609
Train,1.54499419923156,1.5448417707033
Train,1.64543580189771,1.64552296777978
Train,1.74346144137553,1.7433728469899
Train,1.8395167720947,1.83944155542334
Train,1.9329564411699,1.93300092681451
Train,2.02422693088534,2.02452038795885
Train,2.1134029099952,2.11331559373351
Train,2.20055565907522,2.20032929614021
Train,2.28575326054506,2.28616539613935
Train,2.36937400784446,2.36906926562582
Train,2.45084680904313,2.45097672644473
Train,2.53055145851384,2.53048043557495
Train,2.60854489795918,2.60879886241522
Train,2.6848816500424,2.68457579425589
Train,2.75961394549668,2.75980593550625
Train,2.83306718070384,2.83295271291567
Train,2.90473303721677,2.90471435588037
Train,2.97493870467927,2.97529398050241
Train,3.04372835998313,3.04368735130478
Train,2.12339852599247,2.12334337725982
Train,2.37271606636546,2.37216638103049
Train,2.6051295613652,2.60487926042182
Train,2.82173155304113,2.82107983828822
Train,3.02434872715534,3.02405428298729
Train,3.21429311425399,3.21396716929152
Train,3.39295298198351,3.39281972481907
Train,3.56086107035745,3.56058087619962
Train,3.71916840218757,3.71909469846136
Train,3.86867552762641,3.86840693844564
Train,4.01028359872553,4.01020436511166
Train,4.14424724555703,4.14402769546208
Train,4.27133734096803,4.27122676218127
Train,4.39206966622313,4.39197888623888
Train,4.50706208430027,4.507008384366
Train,4.61642365268879,4.61631911049912
Train,4.72069636620039,4.72065822501312
Train,4.82022734355424,4.82011309241201
Train,4.91545935003735,4.91541027126217
Train,5.0064226522255,5.00616626283076
Train,2.12910230615172,2.12900948841192
Train,2.38291006667188,2.38292504996056
Train,2.61827066256745,2.61837736634547
Train,2.83741639544739,2.83724632061998
Train,3.04142214561449,3.04141553095391
Train,3.23205864293634,3.23202514045837
Train,3.4105983963277,3.41066499513394
Train,3.57815738802642,3.57809234005102
Train,3.7359295471496,3.73598991204048
Train,3.88434948784635,3.88418806180047
Train,4.02441245639959,4.02440624396908
Train,4.15680495054935,4.15685200219226
Train,4.28230877565294,4.28228940254698
Train,4.40112793004536,4.40114146164919
Train,4.51393418368952,4.51384238072782
Train,4.62117270132084,4.62113716093731
Train,4.72324576235384,4.72324689391311
Train,4.82064899338996,4.82065958309098
Train,4.9134449975405,4.91338205744099
Train,5.00207252958786,5.00203479031401
Train,2.11638447506989,2.11645975561472
Train,2.36806330015287,2.36774532181002
Train,2.60208647853893,2.60227460595919
Train,2.82024890795233,2.82014369651582
Train,3.02411016473525,3.02387200030929
Train,3.21503184491851,3.21495168784744
Train,3.39420801361869,3.39378569439063
Train,3.56269020239473,3.56282907469935
Train,3.7214080604634,3.72137610803324
Train,3.87118651652451,3.87125029386729
Train,4.01276012021567,4.01242160913383
Train,4.14678508952929,4.14678636324455
Train,4.27384948118426,4.27408008038614
Train,4.39448181651128,4.39439890058415
Train,4.50915842973614,4.50908071085572
Train,4.61830975410945,4.61830135287741
Train,4.7223257207859,4.7223566570195
Train,4.82156041319686,4.82145809631978
Train,4.91633609400439,4.91645058147546
Train,5.00694670114171,5.00673318806943
Train,2.73194750145983,2.7324446655169
Train,2.83756888193852,2.83760233403731
Train,2.94019821728092,2.94010299476062
Train,3.03996086994695,3.03992080761813
Train,3.13697529551304,3.13701217800766
Train,3.23162571138575,3.23161481427664
Train,3.32346648187123,3.32317063451986
Train,3.41287774329284,3.41288923677197
Train,3.49995464068828,3.50004565757839
Train,3.58478741498906,3.58470946525844
Train,3.66746171496911,3.66769292094463
Train,3.74805888568102,3.74801713920382
Train,3.82665623542172,3.82668962914098
Train,3.90332728306944,3.90320003912924
Train,3.97814198745518,3.97820440118297
Train,4.05137792223462,4.05142274492604
Train,4.12267166838888,4.12259213823048
Train,4.19229981504695,4.1924287578025
Train,4.26032005709038,4.26035839234677
Train,4.32678745515108,4.32644627235853
Train,4.42433949203684,4.42482957013484
Train,4.46726370337328,4.46732285431275
Train,4.50941354452157,4.50994190150081
Train,4.55080978308231,4.55095419094354
Train,4.59147245062257,4.59115597827471
Train,4.63142087499709,4.63217047064458
Train,4.67067371098119,4.67092031696515
Train,4.7092489693173,4.70921575331735
Train,4.74716404427015,4.74632551256067
Train,4.78443573977929,4.78363452143671
Train,4.82120060968204,4.82072008369718
Train,4.857231720581,4.85710721461723
Train,4.89266661349976,4.89351612529785
Train,4.92751996570969,4.92761043620552
Train,4.9618059766503,4.96194042124111
Train,4.9955383872175,4.99531519556907
Train,5.02873049812514,5.02852749635562
Train,5.06139518739115,5.06120758453684
Train,5.09354492699682,5.09227555887113
Train,5.12519179876422,5.12339592721977
Train,4.31090793132855,4.31072578366215
Train,4.36374862530706,4.36340079026044
Train,4.41544374948998,4.41503938124728
Train,4.46603015778154,4.46599008529151
Train,4.51554314003183,4.51565268637782
Train,4.56388176850847,4.56339770763438
Train,4.61135070252854,4.61076534506568
Train,4.65784340604492,4.65697159518671
Train,4.70338968779305,4.70264503004941
Train,4.74801815514197,4.74741586695231
Train,4.79175627401314,4.79129337612025
Train,4.83463042524858,4.83314949296468
Train,4.87666595767126,4.87533090367864
Train,4.91788723806207,4.91677243554144
Train,4.95831769826044,4.95734634628965
Train,4.99786952455175,4.99722990706354
Train,5.03678718722075,5.03490680151875
Train,5.07497908978046,5.07407186180566
Train,5.11246534630136,5.11131855274865
Train,5.14926533438925,5.14809545055172
Train,4.308190724255,4.30830819427714
Train,4.3521783700908,4.35216947354851
Train,4.39537752787371,4.3954167032592
Train,4.4378092100058,4.43783286671018
Train,4.4794936888508,4.47950052937662
Train,4.52058585633077,4.52070529063561
Train,4.56083161368657,4.56088829065478
Train,4.60038691902989,4.60048142179434
Train,4.63926938922814,4.63933691654014
Train,4.67749604687772,4.6784248690877
Train,4.71508334515268,4.71492068953952
Train,4.7520471914169,4.75213570422633
Train,4.78840296967105,4.78868348585669
Train,4.82416556190072,4.82410200395892
Train,4.85934936838812,4.85946119581271
Train,4.89408279421208,4.89396918548513
Train,4.92814858322893,4.92829291813026
Train,4.96167612876043,4.9616445092673
Train,4.9946780872855,4.99463208117444
Train,5.02716672155627,5.02715598918288
Train,3.00160651401106,3.00213893061513
Train,3.15463679628811,3.15497059196636
Train,3.30007029819874,3.30030306771217
Train,3.43869343102216,3.43881896431261
Train,3.57052615090931,3.57048204019005
Train,3.69626818327652,3.69662514653677
Train,3.81633208380699,3.8160730475632
Train,3.93109397132671,3.93118088187688
Train,4.04108396939694,4.04129043583302
Train,4.14623581497797,4.14603650177227
Train,4.24703279551337,4.24714809217616
Train,4.34373995773457,4.34361587708767
Train,4.43675927405157,4.43695373914155
Train,4.52599357082417,4.5261099606781
Train,4.61181503568939,4.61180134949458
Train,4.69441578427859,4.69451380084351
Train,4.77397377833914,4.77403081380757
Train,4.85078481946625,4.85053619992172
Train,4.92473623450318,4.92478268160479
Train,4.99610622931943,4.99585606651666
Train,0.997575222013758,0.997716228436129
Train,1.16186758910368,1.1620839137889
Train,1.32074799826293,1.32053240407034
Train,1.47366138911936,1.4738865110506
Train,1.62172490413065,1.62159339848435
Train,1.7644018410866,1.76415504733663
Train,1.90271667770345,1.90305659303916
Train,2.03615169078058,2.0359044940545
Train,2.16530458872005,2.16558478270084
Train,2.29071273714249,2.29020226816496
Train,2.4118870891156,2.41176820954055
Train,2.52966583099353,2.52983331699792
Train,2.64357876846181,2.64310395079732
Train,2.75410785744556,2.75420297211016
Train,2.86168895070688,2.86146381029024
Train,2.96587925882376,2.96604660951774
Train,3.0673778286487,3.06721077165488
Train,3.16575941829679,3.16541513788828
Train,3.26167710851068,3.26162571210292
Train,3.35472254747568,3.35438550259854
Train,3.11903672464875,3.11757058377256
Train,3.26469583275668,3.26405755578738
Train,3.4027201251646,3.40203560868244
Train,3.53415755936693,3.53319244454391
Train,3.65924732761896,3.65900253263529
Train,3.77822795870944,3.77779490240422
Train,3.89193758405085,3.89092603477396
Train,4.00033447689783,4.00012181706401
Train,4.10414919275386,4.10338119476213
Train,4.20349002559976,4.20348715544455
Train,4.29847163878961,4.29704003458968
Train,4.38969750662139,4.38925016836069
Train,4.47723057370719,4.47672151654691
Train,4.56114162020212,4.56111008941147
Train,4.64193705712467,4.64084836803371
Train,4.71951117742665,4.71903119632256
Train,4.79431800787612,4.79386367781475
Train,4.86637477917787,4.86611856404337
Train,4.93570706635376,4.93512058451082
Train,5.00270422355668,5.00203573873508
Train,2.16876670265954,2.16959463575617
Train,2.43537916696171,2.43537062467143
Train,2.67931790010512,2.6793061863012
Train,2.90292346700431,2.90277213231669
Train,3.10903604531345,3.10860480497135
Train,3.29926082160365,3.29934898952919
Train,3.47570979101645,3.47553184208513
Train,3.63950735375726,3.6395086033975
Train,3.79226492423301,3.79208690596564
Train,3.93478337966086,3.93462571627091
Train,4.0683197627375,4.06837949972609
Train,4.19345188202423,4.19329764645803
Train,4.31117944973751,4.3112004289272
Train,4.4219232426661,4.42188132411533
Train,4.52649190421331,4.52650898251371
Train,4.62519368350649,4.62499343438534
Train,4.71869254049011,4.71873754989278
Train,4.80721484657521,4.80721311236843
Train,4.89131307272175,4.89137543766114
Train,4.97115322691084,4.97104311883808
Train,2.12940269889565,2.13027953209379
Train,2.35953685250925,2.35998360522566
Train,2.57652258375496,2.57651176478461
Train,2.78192907181291,2.78252022207593
Train,2.97643410182638,2.97604759326199
Train,3.16066994155131,3.16035217970633
Train,3.33583370480199,3.33633427422532
Train,3.50219360252866,3.50215390718435
Train,3.6607639709942,3.66113550454824
Train,3.81190399768766,3.8119644335587
Train,3.95595681914466,3.9557108139073
Train,4.09372879004296,4.09344521077795
Train,4.22546880089746,4.22562905324443
Train,4.35141812517153,4.35125078942141
Train,4.47223072861984,4.47240351164723
Train,4.58794513229911,4.58793773940337
Train,4.69913564763078,4.69881119911437
Train,4.80593807049328,4.80561734934812
Train,4.90848769987926,4.90854182585312
Train,5.00726329210842,5.00713898047828
Train,2.13549878782615,2.13533485401998
Train,2.36261445382408,2.36210930336741
Train,2.57706670235827,2.57693758291711
Train,2.78036122066628,2.77832788740701
Train,2.97289495250553,2.97286066345108
Train,3.15592876567196,3.15546216498327
Train,3.32974047258084,3.32986664063568
Train,3.49539823950988,3.49433717672795
Train,3.6532770662603,3.64843762221275
Train,3.80373540381063,3.78373253673848
Train,3.94762223590932,3.94106433176998
Train,4.08503514632217,4.07459819193022
Train,4.21671091636138,4.21318632154575
Train,4.34285280547558,4.33679436226006
Train,4.46366010513296,4.45731253221888
Train,4.57973738250479,4.57593476176256
Train,4.69109415890515,4.68655147166495
Train,4.79826506057782,4.79614962337868
Train,4.90123842129323,4.89595799277808
Train,5.00049004351434,4.99710386495493
Train,3.43233189858258,3.4315899144552
Train,3.54297691166042,3.54244404824416
Train,3.6494692081052,3.64915395053898
Train,3.75222680270983,3.75235703496068
Train,3.85107875250637,3.85165281325166
Train,3.94641845689116,3.94678887975018
Train,4.03842983551685,4.03869668480396
Train,4.12728418700284,4.12776208463614
Train,4.21329931753722,4.21282088017173
Train,4.29630304238441,4.29611357626558
Train,4.37659828816552,4.37619816096625
Train,4.45431549648567,4.45351167035764
Train,4.52971557309727,4.52943863303366
Train,4.60263141578898,4.60134921344283
Train,4.67331378365666,4.67167194494172
Train,4.74186374861585,4.74021162773201
Train,4.80837637476763,4.80786534311332
Train,4.87306029240632,4.87309325487362
Train,4.93575814948735,4.9346847021828
Train,4.99667216970627,4.99591018176065
Train,3.80276334554978,3.80290758028999
Train,3.88462691319972,3.8845182926328
Train,3.96379935970237,3.96402250791865
Train,4.04075597172001,4.04001098559305
Train,4.11542037466245,4.11551449424072
Train,4.18773080868589,4.18795700763289
Train,4.25811235670846,4.25788729341579
Train,4.32648713053531,4.32684381784778
Train,4.39279050206204,4.39252821664408
Train,4.45740500969366,4.45764463793452
Train,4.52025268608374,4.5201394722338
Train,4.58140502264334,4.58166708093844
Train,4.64079591398827,4.64079779960806
Train,4.69876056352692,4.69824345562514
Train,4.75522235865604,4.75537924740487
Train,4.81011527592982,4.8103715317105
Train,4.8637446498106,4.86384272043355
Train,4.91603558359532,4.91591407873997
Train,4.96692281636916,4.96691363654312
Train,5.01668570127464,5.01667507969827
Train,3.80580373453581,3.80593199651625
Train,3.88786162856758,3.88809293432709
Train,3.96716955468882,3.96685991254921
Train,4.04421005131988,4.04459915421679
Train,4.11891007174364,4.11863648645007
Train,4.19121132764483,4.19143485261369
Train,4.26154415830862,4.26134410212611
Train,4.32983334757356,4.33001293538322
Train,4.39601706843497,4.39581364224645
Train,4.46048160205608,4.46062214082334
Train,4.52315118130179,4.52341864992044
Train,4.5840997450206,4.5840233917755
Train,4.6432633676977,4.6429911668259
Train,4.7009795145738,4.70124119682654
Train,4.75717333648196,4.75714737365919
Train,4.81178066296121,4.81164145878787
Train,4.86510827234475,4.8653092629996
Train,4.91708280168147,4.91713029847082
Train,4.96764059775644,4.96765762436038
Train,5.01706182334771,5.01688111698453
Train,-0.289166347486342,-0.2887679242173
Train,-0.038635989254015,-0.0386899665260541
Train,0.198987934421492,0.199535765559939
Train,0.423730775442445,0.42273553979825
Train,0.637059907039239,0.637612732416837
Train,0.840250342291749,0.840431491599101
Train,1.03319354113932,1.03321535073186
Train,1.21703207455347,1.21636816631357
Train,1.39276554449284,1.39305087353054
Train,1.56021030850831,1.56030702382699
Train,1.72027629928379,1.72008827581734
Train,1.87344074150816,1.873344267546
Train,2.020450721041,2.02066593093181
Train,2.16107407838061,2.16093895171647
Train,2.29600276321256,2.29539994858927
Train,2.42585011658558,2.42631763515814
Train,2.55036964780297,2.55011989637054
Train,2.67013560427102,2.6699451969383
Train,2.78565940191339,2.78568306188239
Train,2.89669098080092,2.89742367058929
Train,1.46654665383069,1.46662810084521
Train,1.60487607548111,1.60523393816615
Train,1.73837542115043,1.73827126977116
Train,1.86729332905194,1.86725798225811
Train,1.99186165972811,1.99184146170441
Train,2.11264317866532,2.11293957166557
Train,2.22913643824374,2.22912313639093
Train,2.34188882264016,2.34179352452187
Train,2.45107767694597,2.45105894708316
Train,2.55686931068677,2.55711451786041
Train,2.65941984305435,2.65939116637886
Train,2.75887597162545,2.75895545066882
Train,2.85537567252784,2.855382852946
Train,2.94904883908154,2.94915168890142
Train,3.04001786513155,3.04003862251406
Train,3.12865291298487,3.128736307421
Train,3.21454636739516,3.21451524479775
Train,3.29806327362749,3.29807107636801
Train,3.37930091927607,3.37948622329926
Train,3.45835135326626,3.45827032405426
Train,1.26401216555,1.26449459175123
Train,1.40422897999426,1.40414775627718
Train,1.5397028599546,1.53962943893051
Train,1.67067045279697,1.67120443461166
Train,1.79735292016857,1.7974019376364
Train,1.92030988935585,1.92098646076769
Train,2.03901867514578,2.03868933775297
Train,2.15402530432285,2.15395079597723
Train,2.2655003058233,2.26572893319311
Train,2.37360389374036,2.37361757844914
Train,2.47848673560325,2.47909122189079
Train,2.58029065299588,2.5801753084946
Train,2.67914926136628,2.67950877181496
Train,2.77518855509646,2.77479106125096
Train,2.86852744321989,2.8691724197109
Train,2.95953990433454,2.95926672629352
Train,3.04780167532275,3.04794348295976
Train,3.13368225524882,3.13366458955928
Train,3.21727672383665,3.21747738417829
Train,3.29867516532052,3.29866343385796
Train,3.87900242188409,3.87924800913091
Train,3.93759949513966,3.93802187156538
Train,3.99495743347672,3.99513890863667
Train,4.05142191865217,4.05164013184398
Train,4.10686211753859,4.10748765491584
Train,4.16130565099826,4.16167637389875
Train,4.21463355556371,4.21475971331742
Train,4.26716528716114,4.26710123456936
Train,4.31877741502651,4.31913257508708
Train,4.3694938770694,4.37019585242737
Train,4.41920202843064,4.41907621175264
Train,4.4681980188624,4.46817688562654
Train,4.51636529558682,4.51684106496972
Train,4.56372470746795,4.56395707824262
Train,4.61016952671442,4.61041182380208
Train,4.65597509431825,4.65620865643936
Train,4.7010312444799,4.70112248647487
Train,4.74535621961414,4.7456526983245
Train,4.78884882483664,4.78922155367612
Train,4.83176574170551,4.83192855798401
Train,3.78704646554857,3.78699783955593
Train,3.86521842768102,3.86546766426758
Train,3.94153198296837,3.94169697864194
Train,4.01605262366938,4.01600674865616
Train,4.0888428004159,4.08920059421356
Train,4.15996209676235,4.16003156329529
Train,4.22946739185135,4.22953786995853
Train,4.2974130121289,4.29752215028779
Train,4.36385087295954,4.36395292771553
Train,4.42883061091743,4.42911846386627
Train,4.49226563380934,4.49211544138083
Train,4.55447239490796,4.55463929467291
Train,4.61535737682637,4.6156455885451
Train,4.67496226475994,4.67481959049686
Train,4.73332700929397,4.73343847995997
Train,4.79048991570074,4.7908569319828
Train,4.84648772777645,4.84654917513975
Train,4.90135570660357,4.9015907245724
Train,4.95512770459337,4.95481760688412
Train,5.00783623513536,5.00770464566298
Train,3.12613944878982,3.12601867474435
Train,3.26158071985582,3.26193416904274
Train,3.3917613131307,3.39175600831217
Train,3.51661005857919,3.51706222582137
Train,3.63680473185573,3.63686370410718
Train,3.7522567061369,3.75327347115884
Train,3.86357192718626,3.86385944320349
Train,3.97064944621926,3.97112446479727
Train,4.07403405143818,4.07442132061473
Train,4.17361633549054,4.1739456489216
Train,4.2698886334348,4.27036318980967
Train,4.36273599565,4.36349450770862
Train,4.45260546455716,4.45273706711518
Train,4.53937875372946,4.54004868503611
Train,4.62346355046167,4.62403138956355
Train,4.70473989989033,4.70465351311062
Train,4.78358109418154,4.78350599121981
Train,4.85986677020062,4.85982898733559
Train,4.93393999711208,4.93379789982495
Train,5.00568095185321,5.00545165297657
Train,2.87421438121072,2.87500398882033
Train,3.04263861807118,3.04384519874142
Train,3.20199389016095,3.20218356952168
Train,3.35299348434731,3.35380451185696
Train,3.49627779711737,3.49581566225819
Train,3.63263018748448,3.63245729077093
Train,3.7621477064373,3.76268585539068
Train,3.88551887791609,3.88643948806415
Train,4.0031710801912,4.00332030944113
Train,4.11549296618303,4.11615320730774
Train,4.22283875250148,4.22337630140313
Train,4.32553195079798,4.32572788297906
Train,4.42386862423514,4.42417383994174
Train,4.51812023811989,4.51839585434422
Train,4.60853616250618,4.60885907577025
Train,4.69547839229914,4.69548665972465
Train,4.77888829283891,4.77918427166
Train,4.85909910884228,4.85933428150596
Train,4.9362914227516,4.93660351617867
Train,5.01063247662664,5.01075611081827
Train,2.12884689355539,2.12827136301925
Train,2.36615130434783,2.36593843561635
Train,2.58919757435144,2.58850594589088
Train,2.79874171741578,2.79838320371922
Train,2.99643653980588,2.99622542466235
Train,3.18282153138155,3.18238314848926
Train,3.35925392062249,3.35877771636873
Train,3.52611746281569,3.52595193405281
Train,3.68435589729504,3.68411357668296
Train,3.83479802059246,3.83506069465724
Train,3.97766925495038,3.97746758195202
Train,4.11384744793386,4.11380503226095
Train,4.24348609288458,4.2434193279499
Train,4.36719093030841,4.36730856833523
Train,4.48549976718799,4.4855296120098
Train,4.59849094691884,4.59830122551861
Train,4.70677052103431,4.70676293248684
Train,4.81038194189409,4.80941450284658
Train,4.90985556970815,4.90951929992874
Train,5.00520853998989,5.00466117795653
Train,2.12168894142507,2.12162142765223
Train,2.35903646406905,2.35894039735498
Train,2.58169705379614,2.58135276297829
Train,2.79149847291344,2.79082851471898
Train,2.98928432976782,2.98899583739543
Train,3.17605810615937,3.17508901464529
Train,3.3525010564956,3.35216660134605
Train,3.51985170461805,3.51878040294681
Train,3.67860271010408,3.67836224027482
Train,3.82940033264978,3.82858884872834
Train,3.97265383774693,3.97246737683085
Train,4.10924651280638,4.10893492561658
Train,4.23947406938949,4.23921445461232
Train,4.3637712919567,4.36335956154502
Train,4.48238999665366,4.48212151707625
Train,4.59598646652545,4.59556708360682
Train,4.70474058418434,4.70448635084753
Train,4.80895551525773,4.80874326694387
Train,4.90878800418509,4.90864565548176
Train,5.00474220750618,5.00439705346647
Train,2.12326987459695,2.12416870482624
Train,2.35046379035817,2.35091715545999
Train,2.56518125285028,2.56554653264024
Train,2.76882941117277,2.76882747655176
Train,2.96204914607699,2.96230298108125
Train,3.14543771658306,3.14594963839258
Train,3.32007644790049,3.32060561880493
Train,3.48640999199256,3.48633051493229
Train,3.64485797321563,3.64512733219666
Train,3.79627180097835,3.79656737284162
Train,3.94096423757318,3.94118720032051
Train,4.07937311764745,4.07977243002673
Train,4.21176588146603,4.21182738298952
Train,4.33878163210758,4.33906772256372
Train,4.46061869799635,4.46064692533613
Train,4.57746977514261,4.57762453365862
Train,4.68986088903145,4.68999726581236
Train,4.79793360765224,4.79806193656472
Train,4.90182736363478,4.90190827287583
Train,5.00198165120171,5.00183325114116
Train,2.13145586051408,2.13161978831917
Train,2.34790586645907,2.34841294640713
Train,2.55420283454264,2.55491412485057
Train,2.75104476816105,2.75019970198477
Train,2.9388644598026,2.94008631786195
Train,3.11865577712709,3.11922394840652
Train,3.29073674887468,3.29034781303411
Train,3.45559295003958,3.4560470976306
Train,3.61367002049273,3.61333125923769
Train,3.76537768774906,3.76611474256637
Train,3.91093582569427,3.91066100888778
Train,4.05101357899951,4.05062098878838
Train,4.18576875207896,4.18542338003166
Train,4.31549905458074,4.31560452271728
Train,4.44048040000646,4.440103178886
Train,4.56096886455336,4.5609907391175
Train,4.67707654705726,4.67710760646727
Train,4.78928103420043,4.78910728827244
Train,4.89765824893007,4.89743228765868
Train,5.00240072877263,5.00188109804943
Train,2.11609585494351,2.11743649119156
Train,2.35799736935475,2.35787772251782
Train,2.58453388305162,2.58447781172648
Train,2.79712425641571,2.79710674408338
Train,2.99701786962423,2.99729404315653
Train,3.18531919401391,3.18521424934292
Train,3.36300820905686,3.36329434754438
Train,3.53095746195695,3.53073087074366
Train,3.6899463967891,3.69006330488477
Train,3.84067344979145,3.84026858975116
Train,3.98360580835531,3.9838621965267
Train,4.11963797271371,4.11933028247071
Train,4.24911218798108,4.24954558259773
Train,4.37249151866849,4.37253104301484
Train,4.49019643512087,4.49026350472044
Train,4.60260960086398,4.60249824574415
Train,4.7100800284612,4.7100533827564
Train,4.81292669897145,4.81280713579903
Train,4.91144172407944,4.91141786293369
Train,5.00589311692319,5.00575248104937
Train,3.83902217308907,3.83794833843271
Train,3.91331960759849,3.91310350440684
Train,3.98596978649989,3.98551973862262
Train,4.05667613975288,4.05636109186738
Train,4.12585677430994,4.12578745099594
Train,4.19322625011142,4.19302896563962
Train,4.2591800775171,4.25896048340868
Train,4.32344344091015,4.32344788147961
Train,4.38639107183842,4.38605204022891
Train,4.44775828960431,4.44759742291566
Train,4.50790067311738,4.50782346915579
Train,4.56656320519221,4.56649545744798
Train,4.62408377132825,4.62323787868658
Train,4.68021656581554,4.68008910395869
Train,4.73528309397901,4.73542602680604
Train,4.78904632954425,4.78898238020187
Train,4.84181258278146,4.84153250222365
Train,4.89335319497542,4.89315624852165
Train,4.94396035365885,4.94352721993195
Train,4.99341337579618,4.99271057194195
Train,2.12932433413457,2.12780715578114
Train,2.36688147086949,2.36662805888985
Train,2.58984757480893,2.58964518103161
Train,2.79952688894545,2.79915190931419
Train,2.99707271127515,2.99596710517502
Train,3.18330224037153,3.18194994632571
Train,3.35955095901933,3.35781582582271
Train,3.52641499522416,3.52553517107148
Train,3.6846244673844,3.68375046143623
Train,3.83483567173847,3.833771344582
Train,3.97764018252018,3.97711885183011
Train,4.11357263835793,4.11273647169432
Train,4.24311743099134,4.24160624434293
Train,4.36671447269685,4.3658714444376
Train,4.48476418714616,4.48391791876778
Train,4.59750611052085,4.59664946885672
Train,4.70553093946844,4.7010453880051
Train,4.80901307310064,4.80839185576619
Train,4.90823315687631,4.90745864714185
Train,5.0034491851954,5.00219701211094
Train,2.12495028001534,2.12610718667414
Train,2.36374329707051,2.36695831984101
Train,2.58770839833069,2.58870232791954
Train,2.79818510973865,2.79954024928369
Train,2.99657923720489,2.99893744330106
Train,3.18348098598039,3.18662719488779
Train,3.36005944702231,3.3611605461941
Train,3.52714692575984,3.52747508715614
Train,3.68548859742229,3.6857507628832
Train,3.83575361782611,3.83518798043437
Train,3.97870591550919,3.97811580045376
Train,4.11455917615633,4.11324918950262
Train,4.24397555506753,4.24341169091198
Train,4.36740194524148,4.36685244591203
Train,4.48524480683546,4.48537840861385
Train,4.59787463874721,4.59754159162034
Train,4.70575202577669,4.7055138271738
Train,4.80893729039859,4.80859398923561
Train,4.9078420789771,4.9075115277686
Train,5.00272733223452,5.00198974819281
Train,3.80651519897803,3.80648112072808
Train,3.88807078252951,3.88672903532491
Train,3.96713069035404,3.96713507904709
Train,4.04364321071277,4.04304295304823
Train,4.11804840206236,4.11846006551636
Train,4.19027658152484,4.18963426728655
Train,4.26042191684389,4.26020800504042
Train,4.32857322192667,4.32871990113048
Train,4.39467203400802,4.3946985010028
Train,4.45908605583843,4.45908413104766
Train,4.52174380642785,4.52162456179061
Train,4.58271614777852,4.58258418118052
Train,4.6419425810658,4.64186940107023
Train,4.69974521040031,4.69987348272693
Train,4.75605328519805,4.75594340365418
Train,4.81092403082604,4.8109030247418
Train,4.86441178798037,4.86438702221707
Train,4.91645597281461,4.91638859062581
Train,4.96733286268282,4.96727330386633
Train,5.01697410883087,5.01683965001788
Train,3.80728206211371,3.80737000848452
Train,3.88842073279314,3.88820215721202
Train,3.96712075845751,3.96703737562197
Train,4.04349045262832,4.04348395437622
Train,4.11778959936226,4.11771278023147
Train,4.18979423712496,4.18978282994643
Train,4.25975752844971,4.25984626472049
Train,4.32776506890379,4.32770201269372
Train,4.39389773454921,4.39366039181399
Train,4.45823200279573,4.4584597995948
Train,4.52097365260648,4.52094236129264
Train,4.58192090706111,4.58183246360781
Train,4.64127577629868,4.64128087008643
Train,4.69909986258143,4.69911138923848
Train,4.75545163113625,4.75536753892296
Train,4.81038660733243,4.81050204844936
Train,4.86407182365417,4.86418019611878
Train,4.91632614568077,4.91630690927044
Train,4.96731447182039,4.9673680793588
Train,5.01708225944127,5.01677666479221
Train,2.122132055305,2.12509157982853
Train,2.36916131608526,2.3703223899341
Train,2.59930353707909,2.60152287506056
Train,2.81472191749938,2.81792498627541
Train,3.01632638848282,3.01748317522137
Train,3.20583532514127,3.20702189873768
Train,3.38389914390656,3.38602405907144
Train,3.55190698314483,3.55354153560105
Train,3.71050605209104,3.71150290169529
Train,3.86029396742171,3.86083670306683
Train,4.00230941877655,4.00297492061722
Train,4.13683382320392,4.13863799418899
Train,4.2647370996202,4.26571732489023
Train,4.38635685171037,4.38686588610866
Train,4.50201236869135,4.50221985714446
Train,4.61238469461506,4.6123768731471
Train,4.71758596168047,4.71746775732239
Train,4.81820196999331,4.81832191475254
Train,4.91430499582718,4.91427806435089
Train,5.00640340298282,5.00627609587385
Train,2.12283645584247,2.12335402158564
Train,2.36007090439505,2.35985035285043
Train,2.58286729539039,2.5820586707035
Train,2.79225542179532,2.79153681174861
Train,2.98988040521396,2.98930473278446
Train,3.17648371349875,3.17565159345244
Train,3.35296236216991,3.35260230808702
Train,3.52011859778538,3.51975788284684
Train,3.67848277949649,3.67810701913399
Train,3.82909036340494,3.82858579641683
Train,3.97232605035136,3.97150599944356
Train,4.10871816641636,4.10800955592125
Train,4.23859009636088,4.23833695630159
Train,4.36269545702973,4.36153904359011
Train,4.48126764986463,4.48109594462434
Train,4.59466864550904,4.59438238921424
Train,4.70322951570088,4.70275425307622
Train,4.80712884133085,4.80459984294279
Train,4.90689988168367,4.90644765747342
Train,5.00266867204802,5.00210797050962
Train,3.4258078853734,3.42574278302194
Train,3.46669307564727,3.46664817481209
Train,3.50726152086697,3.50712501623124
Train,3.54715024630265,3.54747994980275
Train,3.58655544907872,3.5864944453809
Train,3.62566418507938,3.62553377984144
Train,3.66412622032491,3.66450830314201
Train,3.70230445245403,3.7021376303513
Train,3.73985678163678,3.74001594883734
Train,3.77696732230424,3.77666805634211
Train,3.8138118482927,3.81407861976035
Train,3.85005993548612,3.84987817739087
Train,3.8858889841592,3.88602632837714
Train,3.92146848965713,3.92154364607844
Train,3.95647912068525,3.95614915472683
Train,3.99125052323192,3.99135748188413
Train,4.02547046154487,4.02574104778463
Train,4.0593059390152,4.05909413368712
Train,4.09291671518999,4.09267742567166
Train,4.12600075798107,4.12631417695442
Train,3.80635286570417,3.80548869636399
Train,3.88803823971042,3.88788024024538
Train,3.96720059662091,3.9668951673469
Train,4.04411655704676,4.04342696392845
Train,4.11856652379885,4.11832047334095
Train,4.19081884417673,4.19065613366396
Train,4.26096940951611,4.26054487194991
Train,4.32910861234492,4.32908631752647
Train,4.39546121217612,4.39532634165365
Train,4.45982492227979,4.45951499669749
Train,4.52241933920705,4.52232441806185
Train,4.58331642795063,4.58324812238274
Train,4.64270924600566,4.64270167879871
Train,4.70040914821605,4.70040328170429
Train,4.75660563733541,4.75655534312895
Train,4.81135671649584,4.81136284846283
Train,4.8647174429583,4.86477491223044
Train,4.91684987569653,4.91688507888679
Train,4.96758149327971,4.96760922795724
Train,5.01707213255279,5.01714637629842
Train,2.11989751072107,2.12104277629473
Train,2.35242041142136,2.35213557147503
Train,2.57161454849247,2.57141974993132
Train,2.77837437334599,2.77853418270237
Train,2.97414429498144,2.97381802209051
Train,3.15958043294359,3.15957270881912
Train,3.33547995637601,3.33514875828618
Train,3.50256009628174,3.50286618959066
Train,3.6612986784715,3.66204668972781
Train,3.81262745048163,3.81320550250379
Train,3.95689932860896,3.95769970389878
Train,4.09459669028098,4.09567600396835
Train,4.2260184974925,4.22660901371122
Train,4.3518527570029,4.35236573474898
Train,4.47231947569886,4.47300899733667
Train,4.58775491567232,4.58807752729839
Train,4.69846782566558,4.69902864333048
Train,4.80462850173758,4.80502289774298
Train,4.90673043199547,4.90694314820788
Train,5.00489673882123,5.00479380538522
Train,2.12610031651882,2.12641002916856
Train,2.35566929304389,2.35512757473984
Train,2.57269921923504,2.57286117332691
Train,2.77774545185462,2.77764376975605
Train,2.97219472666659,2.97218236174589
Train,3.1564477024956,3.15646840246913
Train,3.33166562328908,3.33180433514857
Train,3.4981351671716,3.497428745983
Train,3.65666761488349,3.6568457596571
Train,3.80798179269646,3.80857859154488
Train,3.95224548285089,3.95217559960141
Train,4.09024016583838,4.09072131842398
Train,4.22207832124006,4.22311502972147
Train,4.34830030118167,4.34958434825088
Train,4.46938937073266,4.46987981863125
Train,4.58539909567401,4.58542292608248
Train,4.69688536710317,4.69751125429533
Train,4.80387390334524,4.80498698321238
Train,4.90685601471269,4.90723678209391
Train,5.00583615499794,5.00597676044557
Train,3.12498922093813,3.1255946325385
Train,3.25775809046625,3.2580120313199
Train,3.38561382311721,3.38638328659939
Train,3.5088241819059,3.50932679524552
Train,3.62763781977791,3.62824159540682
Train,3.74213332437832,3.7429956106483
Train,3.85283645428167,3.85356170779263
Train,3.95978980346664,3.9606653987233
Train,4.06318072007727,4.06432840308329
Train,4.163184276214,4.16405329440598
Train,4.2599642572173,4.26129418891864
Train,4.35367405680106,4.35433634594514
Train,4.44445748832653,4.4456663114673
Train,4.53244952124125,4.53314650979368
Train,4.61777695061478,4.61850815298598
Train,4.70044850677974,4.70106945347501
Train,4.7808006351125,4.78134729464213
Train,4.8588251926334,4.85912204377959
Train,4.93462187004641,4.93477144290804
Train,5.00828474513783,5.00848062229701
Train,4.42390794963588,4.42314398735683
Train,4.46697631783282,4.46661463366976
Train,4.50925459024382,4.50877580971641
Train,4.55076431089625,4.55041390146866
Train,4.59152624760039,4.59141657176437
Train,4.63143643314661,4.6310519989623
Train,4.67076435640498,4.67078803669787
Train,4.70940242199662,4.70872059425741
Train,4.74736862347034,4.74713372384789
Train,4.78468033400134,4.78416781001428
Train,4.82135433289893,4.82116882477416
Train,4.85740683076662,4.85745171747325
Train,4.89285349339383,4.89267464301733
Train,4.9277094644531,4.92763146480715
Train,4.96198938707212,4.96133758570644
Train,4.99560291635719,4.99541138629351
Train,5.02877446304548,5.02864941333823
Train,5.06141104680405,5.0613895511436
Train,5.09352550526689,5.09339837141155
Train,5.12513026857055,5.12452987277205
Train,3.88016110686573,3.87982324278559
Train,3.95536563569093,3.95554352487883
Train,4.02833756226135,4.02803246352263
Train,4.09917485156568,4.09967139570503
Train,4.16781139556268,4.16719044090709
Train,4.23465558184553,4.23442389389524
Train,4.29962651764113,4.29979464105631
Train,4.36280185916166,4.36268683257216
Train,4.42425502877288,4.42439129655972
Train,4.48405549965283,4.48387498101723
Train,4.54213484531608,4.54217025714601
Train,4.59882732288789,4.59847294732603
Train,4.65405421051519,4.65436025412631
Train,4.70787161469405,4.70764431025813
Train,4.76033281414033,4.76032230600898
Train,4.81148843572382,4.81160765315357
Train,4.86127146244878,4.86088617216441
Train,4.90996078374859,4.91017381553896
Train,4.95748196854741,4.95750781815726
Train,5.00387655679908,5.00356419980957
Train,2.12769317906464,2.12780234631495
Train,2.36390161415898,2.36402891823522
Train,2.58562185762895,2.58569275132899
Train,2.79464475158075,2.79467091030741
Train,2.99179519351995,2.99197822705386
Train,3.17805677825856,3.17785524706263
Train,3.35409691643887,3.35439877328312
Train,3.52113335560815,3.52099312289132
Train,3.67964974095875,3.67992487404475
Train,3.83028173636688,3.83038428298309
Train,3.97343171348775,3.97333959989404
Train,4.10997046470525,4.1100401621646
Train,4.24018928780956,4.24030000526031
Train,4.36451705028823,4.36465587641427
Train,4.4832020946795,4.48316965477565
Train,4.59689276717836,4.59699906061573
Train,4.70576682712876,4.70564819165733
Train,4.81012401562257,4.81038889747864
Train,4.9101193604267,4.91005586461901
Train,5.0062517405904,5.00631679824286
Train,2.12650841334914,2.12652499518876
Train,2.36434938779084,2.36417401589491
Train,2.58759476286287,2.58708253037397
Train,2.79733935638551,2.79666519483211
Train,2.99516529710068,2.99449499186297
Train,3.18187422137519,3.18183555043137
Train,3.35837761522866,3.35839259993585
Train,3.52548997165255,3.52483386033267
Train,3.68378321289555,3.6835487486372
Train,3.83423782109083,3.8340103837057
Train,3.97727881422506,3.97701550564883
Train,4.11344097288535,4.11345255761838
Train,4.243079010143,4.24283054761176
Train,4.36689858265792,4.3668159923603
Train,4.48516417688475,4.48509753651373
Train,4.59824128467914,4.59783980961796
Train,4.70646401692559,4.70666041116268
Train,4.81003440688476,4.81016126970857
Train,4.90944551216138,4.90928668513365
Train,5.00484702838629,5.0046766831168
Train,2.13783291267389,2.13734883714491
Train,2.37395814931301,2.37372937618997
Train,2.5960497672077,2.5963367726566
Train,2.80488507339801,2.80434217305659
Train,3.00182261398242,3.00139479354615
Train,3.1880461009014,3.18649781471899
Train,3.36403695641809,3.36338327531697
Train,3.53096607137094,3.53121642584878
Train,3.6891828863548,3.68808262860906
Train,3.83950998918753,3.83933040879705
Train,3.9826736898442,3.98272170734557
Train,4.11888698121908,4.1183426571209
Train,4.24878067232548,4.24850980206096
Train,4.37291532114759,4.37185394469847
Train,4.49141543921868,4.49183201031914
Train,4.60489522090665,4.60474193020704
Train,4.71343769892355,4.71388062583568
Train,4.81746794767962,4.81738606818393
Train,4.91736706323598,4.91706475581517
Train,5.01317359845264,5.01302852554576
Train,2.12973519737458,2.13103966193224
Train,2.34693223809566,2.34744363338026
Train,2.5537827245844,2.55461605838567
Train,2.75100877109727,2.75170301459215
Train,2.93926682188742,2.93999400844254
Train,3.11894251808914,3.11918083506529
Train,3.29101591273333,3.29155817396744
Train,3.45576441896453,3.45632085311658
Train,3.61364600247671,3.61402820474026
Train,3.76508123119673,3.76528859457752
Train,3.91045701631707,3.910800072152
Train,4.05012991306222,4.05059772907984
Train,4.18442904047433,4.18462579209003
Train,4.31365867055238,4.31423848019253
Train,4.43810052961983,4.43829425207727
Train,4.55787365416001,4.55813981986861
Train,4.67351003348212,4.67377196032461
Train,4.78508771463573,4.78522626780827
Train,4.89281669543899,4.89284878245811
Train,4.99689273222612,4.99702436735455
Train,2.12944251813937,2.1307333337339
Train,2.36258742963163,2.36352733537782
Train,2.58217601405236,2.58258404800139
Train,2.78935722718863,2.79078998601321
Train,2.98494380580783,2.98543587033631
Train,3.17028002028445,3.1709849093589
Train,3.34596214273818,3.34606099905644
Train,3.51272534272185,3.51303462279824
Train,3.67123199237962,3.67109598557212
Train,3.82208045938805,3.82213495094251
Train,3.96565791946239,3.96599741868189
Train,4.10277285462389,4.10282576888343
Train,4.23371064372566,4.23420987400308
Train,4.35887951977772,4.3588801887839
Train,4.47865251894029,4.47888886251743
Train,4.59337119372083,4.59351915269721
Train,4.70323011432451,4.70347463508946
Train,4.80875949195975,4.80894507070328
Train,4.91010062783055,4.9103618801258
Train,5.00749800435924,5.00746003518938
Train,2.13127603328011,2.13196890510366
Train,2.36007196669116,2.36005226387928
Train,2.57639609124244,2.5765578952581
Train,2.7807862072374,2.78034514201348
Train,2.97441846338933,2.9741725632069
Train,3.15812042375489,3.15819042923462
Train,3.3328313478764,3.33248267563462
Train,3.49882509191766,3.49847919798989
Train,3.65691426441176,3.65725190810039
Train,3.80765035442331,3.80728676216162
Train,3.95169541278685,3.95158757618477
Train,4.08917776891722,4.08886068960632
Train,4.22068270555645,4.22121438065218
Train,4.34659175548018,4.34633660730318
Train,4.46738968179708,4.46697591094775
Train,4.58312216995324,4.58388383748965
Train,4.69422551729655,4.69465239044288
Train,4.80097201707506,4.80106434787225
Train,4.90372806329322,4.90377741897313
Train,5.00249164357716,5.00199925113915
Train,3.74212698727728,3.74356245744851
Train,3.82795253145181,3.82846677919801
Train,3.91111746774402,3.9120636773608
Train,3.99174362677898,3.99277227651904
Train,4.06980286768288,4.07065700671441
Train,4.14569239525475,4.14468428157701
Train,4.21936661936617,4.22029018706811
Train,4.29092114552115,4.2913779509748
Train,4.36044615586632,4.36138764085112
Train,4.42802678837315,4.42827200121095
Train,4.49362346226042,4.49369709482411
Train,4.55755553008452,4.55777442258326
Train,4.61977157804481,4.6206567069988
Train,4.68033978149179,4.68033921077435
Train,4.73932475161255,4.73966158380639
Train,4.79678776534111,4.79716641736226
Train,4.85268459388378,4.85279380146161
Train,4.90727779343434,4.907473298614
Train,4.96051481179055,4.96041654148425
Train,5.01244556349468,5.01191373853939
Train,2.06775960739239,2.06911149268339
Train,2.33537302512907,2.33595375870786
Train,2.58183561670268,2.58227989318251
Train,2.80905400802637,2.80961073565626
Train,3.01943123996932,3.01992018334053
Train,3.21477277353868,3.21518639887867
Train,3.39683788380617,3.39788941352739
Train,3.56655596424399,3.56712195624126
Train,3.72531913927744,3.7262555367582
Train,3.87415491757298,3.87547988942819
Train,4.01412292998609,4.01494434583796
Train,4.14569727085948,4.14693373917757
Train,4.26975007183713,4.27116033246997
Train,4.38690837155735,4.38768521453525
Train,4.49785604627757,4.49867562514768
Train,4.60283765460804,4.60378767433425
Train,4.7024338187161,4.70313304736404
Train,4.79704857653756,4.79742540646324
Train,4.88714803790167,4.88724912709071
Train,4.97285429252283,4.97302885082385
Train,2.82556355354427,2.82656358435119
Train,2.98792999332475,2.98850483964847
Train,3.14289600246491,3.14326603327785
Train,3.29095625920367,3.29169770240909
Train,3.43256231402501,3.43291315616656
Train,3.56812718943482,3.56884725282574
Train,3.69802940332793,3.69859958549781
Train,3.82261649849118,3.82324816280956
Train,3.94220814754943,3.94274769252874
Train,4.05709889176424,4.05763260309899
Train,4.16769251188528,4.16812909503855
Train,4.27397143696865,4.27486300315499
Train,4.37630544764867,4.37655938060774
Train,4.47491018573962,4.47526238935674
Train,4.56998585740224,4.57015927857205
Train,4.66171858996953,4.66210562973205
Train,4.75028164812387,4.75041424009973
Train,4.83583652614616,4.83602922872373
Train,4.9185339307239,4.91869290612371
Train,4.99851466690141,4.9984151296579
Train,2.12618448920161,2.1248586876521
Train,2.36018367315486,2.35941998458142
Train,2.58041070802632,2.57869881923247
Train,2.78804668782429,2.78480249766502
Train,2.98435252379794,2.98179010709859
Train,3.16983096420754,3.16765572583094
Train,3.34554291288489,3.34379584710981
Train,3.5122399734953,3.51041804759947
Train,3.67059855665392,3.66878285651395
Train,3.82122905370021,3.81935576040845
Train,3.9648387757476,3.96266189020238
Train,4.10161128164104,4.09949816443836
Train,4.23216455446367,4.23058488922319
Train,4.35691335979793,4.35502550663872
Train,4.47623638388567,4.47496528812402
Train,4.59048007318574,4.58941756260387
Train,4.70008070678024,4.69830140931148
Train,4.80508769499449,4.80380866768823
Train,4.90589312878991,4.9048727351313
Train,5.00274423197138,5.00158194151512
Train,2.01551279585143,2.01502561627634
Train,2.29286043451065,2.29266011103604
Train,2.55001516212107,2.5502771370287
Train,2.78910480283114,2.78946292376926
Train,3.01217090119193,3.0123045739368
Train,3.22039290160047,3.22054658547708
Train,3.41538216713398,3.4154768211541
Train,3.59836128159368,3.59815585371902
Train,3.77040672102396,3.7704692288847
Train,3.93247004672183,3.93324072956815
Train,4.08553531602062,4.08541215407453
Train,4.23006702167173,4.23003514409933
Train,4.36688454474247,4.36730083378128
Train,4.49658943279684,4.49626634785667
Train,4.61972227348993,4.61992049619434
Train,4.73677022574812,4.73661950392701
Train,4.84827573278228,4.84826912964703
Train,4.95442820875158,4.95444444144081
Train,5.05569703774393,5.05544210415459
Train,5.15241165704906,5.15226258606193
Train,2.32873264544486,2.32911005443597
Train,2.38449831992033,2.38478433442136
Train,2.43938170270433,2.43932106304268
Train,2.49340356810746,2.49338308446235
Train,2.54636139325193,2.54634581935383
Train,2.59872341108727,2.59888759640156
Train,2.65028237206533,2.65022893328418
Train,2.70105660987561,2.70118249763467
Train,2.75106390434794,2.75094027039662
Train,2.80032150221081,2.80055707893038
Train,2.84864290857491,2.848666011267
Train,2.89645380998679,2.89642862684772
Train,2.94356368479989,2.94356548620848
Train,2.98998783898982,2.99010915311586
Train,3.03574113617102,3.03565316061062
Train,3.08083801346312,3.08104061335902
Train,3.12510625537951,3.12501634928989
Train,3.16893459849484,3.16888222734118
Train,3.21214736769743,3.21219607474117
Train,3.25475744125418,3.25529248587767
Train,3.56004569290789,3.55982835189783
Train,3.63981717515835,3.63912354985436
Train,3.71704564595918,3.71712278560366
Train,3.79215805722753,3.79202783815193
Train,3.86509031487225,3.86462721979691
Train,3.93579079456096,3.93566101890459
Train,4.00464221717891,4.00457778491394
Train,4.07144130508955,4.0713666916657
Train,4.13654506296769,4.13661867171171
Train,4.19988691351634,4.19964936450046
Train,4.26141096190037,4.26105533743825
Train,4.32144029626708,4.32181740148584
Train,4.3799083869084,4.37968897008099
Train,4.4367584420021,4.43678109665265
Train,4.49228431814828,4.49234380157062
Train,4.54630912005329,4.54617516953871
Train,4.59910940874723,4.5989939165905
Train,4.6506202378172,4.65061781240942
Train,4.7007850239268,4.70079468012622
Train,4.74985715319459,4.74994523625204
Train,2.2572648626249,2.25937464314333
Train,2.34607341327384,2.34596758549591
Train,2.43309478178628,2.43323921441182
Train,2.51785910581673,2.51842260260886
Train,2.60096223625691,2.60065169363801
Train,2.68195242850527,2.68248834358959
Train,2.76139612129789,2.76313749473988
Train,2.8388587499106,2.83836653689499
Train,2.91464596919438,2.91472031329098
Train,2.98904011874727,2.98936806692503
Train,3.06163075024979,3.06230140395413
Train,3.13291980817609,3.13305679374238
Train,3.20251191030356,3.20252668188035
Train,3.27067613539832,3.27185145668622
Train,3.33766190039194,3.33724704156915
Train,3.40309500042276,3.40336576893091
Train,3.46742347237164,3.46758789025111
Train,3.53028636105219,3.53062039054779
Train,3.59211258131978,3.59256009789018
Train,3.65255377507985,3.65205248574997
Train,2.12990039761091,2.12958830705096
Train,2.35479666087574,2.35463210074007
Train,2.56764181330797,2.56775590099854
Train,2.76978336194458,2.76922941148799
Train,2.96181638017785,2.96183921084443
Train,3.14429765023518,3.14434290745188
Train,3.31827101272817,3.31780727481813
Train,3.48415131556952,3.48415055411382
Train,3.6423315689734,3.64220075320403
Train,3.79363932600679,3.79361089373046
Train,3.93836736880642,3.93824071958656
Train,4.07693574886826,4.0767674610382
Train,4.20959600713684,4.20964421420862
Train,4.3369741436038,4.33693102421452
Train,4.45925625469796,4.45915798513155
Train,4.57662389961421,4.57660735980457
Train,4.68959485291794,4.68964698293197
Train,4.7983019584441,4.79840210407414
Train,4.9028766539762,4.90270361823999
Train,5.00375340276404,5.00365144056408
Train,2.12842946653502,2.12901291662123
Train,2.35910033691548,2.35931020913844
Train,2.57687133472544,2.57699302612522
Train,2.78239793936068,2.78257271418473
Train,2.97687224821104,2.97661610661666
Train,3.16134064482579,3.16184865094541
Train,3.33621728887425,3.33646314497158
Train,3.50255292155652,3.50235306680255
Train,3.66065175353165,3.66101456350074
Train,3.81125662124315,3.81148065318333
Train,3.95502734303515,3.95523859017188
Train,4.09215241056984,4.09231993096395
Train,4.22320927731757,4.22331383259219
Train,4.34871384122617,4.34814855249928
Train,4.46877805243446,4.46910135529683
Train,4.58397180285985,4.58427375798268
Train,4.69437060253124,4.69422164156853
Train,4.80037074780407,4.80057027632787
Train,4.90232916285204,4.90238941828133
Train,5.00028173544128,4.99977111204347
Train,2.12784567274977,2.12802065459104
Train,2.35484616147948,2.35406224963875
Train,2.56933435091723,2.56800603492078
Train,2.7727449088423,2.77221053813477
Train,2.96571083793611,2.9646936279299
Train,3.14901646046436,3.14891843638756
Train,3.32318559480437,3.32222237757955
Train,3.48923491637245,3.48867973240189
Train,3.64755187676198,3.64738132528722
Train,3.79866429193418,3.79892106261681
Train,3.94290038097987,3.94267326036637
Train,4.08101095571973,4.08121884441638
Train,4.21323798880881,4.21281206279158
Train,4.3399495995671,4.3401187013936
Train,4.46135511794328,4.46046826333471
Train,4.57802802580031,4.57817888576968
Train,4.69012076815346,4.68982239317333
Train,4.7978978547793,4.79796199171173
Train,4.90149381316999,4.90134292312572
Train,5.00135907815631,5.00085314969905
Train,2.4198740384319,2.41960294864688
Train,2.50139218192443,2.5016963712172
Train,2.58136051570873,2.5826841064248
Train,2.65937707085773,2.65775152078126
Train,2.73572919864248,2.73532223279684
Train,2.8106827113128,2.81043783213894
Train,2.88385745996966,2.88357037761883
Train,2.95572391030835,2.95606524508761
Train,3.02591557102342,3.02545797105116
Train,3.09468565130097,3.09504750007394
Train,3.16226916336365,3.16076022429328
Train,3.22831884874349,3.22801202996046
Train,3.29307031720138,3.29305184191466
Train,3.35674265710888,3.35593375099992
Train,3.41900646226232,3.41890561931572
Train,3.48025586699971,3.48087563919247
Train,3.54017266275737,3.53980848899149
Train,3.59896700316905,3.59962959135586
Train,3.65683488080912,3.65646305665208
Train,3.7134738918094,3.71254336026535
Train,2.42854043178117,2.42782726629442
Train,2.53900746604855,2.53926265875119
Train,2.64680584840788,2.64551739756856
Train,2.75158750287432,2.75228978005756
Train,2.85369247863248,2.85391966076198
Train,2.95343247890253,2.95310130279025
Train,3.05047765717715,3.05048531463975
Train,3.14533553120596,3.14554129759412
Train,3.23768791127301,3.23770439507129
Train,3.32782285607784,3.32828492818438
Train,3.4160054702483,3.41571061549834
Train,3.50193425021025,3.50177190767712
Train,3.58587160353833,3.58601044725796
Train,3.6680595687953,3.66725751175394
Train,3.74821236356141,3.74848881815918
Train,3.82673594672038,3.8264840065552
Train,3.9033544889321,3.90346613391952
Train,3.97829469540439,3.977993040315
Train,4.05176640483454,4.05180431756738
Train,4.12350793647515,4.12280675898577
Train,3.74139660136355,3.74204861961547
Train,3.82753447976949,3.82712554021995
Train,3.91080843698549,3.91179423549905
Train,3.99166296106769,3.99167891267492
Train,4.07005395917321,4.07009316891921
Train,4.14594912086399,4.14557363148773
Train,4.21974341463277,4.21993355408116
Train,4.29125251104537,4.29131627479213
Train,4.36084287761804,4.36062885029454
Train,4.42846289161257,4.42903860046712
Train,4.49407113470028,4.49382299006751
Train,4.55799682903202,4.55841344875293
Train,4.62018625108409,4.62001782504225
Train,4.68059501580697,4.68036352287376
Train,4.73952057163948,4.73955434901867
Train,4.79679997804304,4.79672476645859
Train,4.85271203185112,4.8530167200864
Train,4.907201961366,4.90726668344209
Train,4.96022304544931,4.96010884641359
Train,5.01202926980227,5.01206603022214
Train,2.88911557643573,2.8899117818531
Train,3.05962748130459,3.05988894647302
Train,3.22047308152307,3.22030722825943
Train,3.3720631289335,3.37255809619304
Train,3.51554106395864,3.51541136504087
Train,3.65119283043496,3.65213065120255
Train,3.77997154483437,3.77925979888672
Train,3.90207275902964,3.9019121139157
Train,4.01830075138574,4.01818107614084
Train,4.12878494634839,4.12894866969722
Train,4.2342115099948,4.23404525587679
Train,4.33466110413301,4.3344458553241
Train,4.43072491929808,4.43047027198403
Train,4.52244744600113,4.52221228855555
Train,4.61034258453423,4.61002675423728
Train,4.69442789027478,4.69444097478694
Train,4.7751536771242,4.77526888653514
Train,4.85251740939255,4.85211209841722
Train,4.92691656631781,4.92685601287516
Train,4.99833363775753,4.9982946704425
Train,2.11698502778085,2.1162687028976
Train,2.34789472361745,2.34761735518472
Train,2.56563727722163,2.56551284733208
Train,2.77174753904404,2.77141556885394
Train,2.96671592425451,2.96668566641378
Train,3.15181768197495,3.15153538607259
Train,3.32740680896714,3.32736691813474
Train,3.4945559013555,3.4942690078154
Train,3.65351794601538,3.6534672323672
Train,3.80520503511604,3.80511542866438
Train,3.94979465214421,3.94973154605972
Train,4.08807009533258,4.08780172676992
Train,4.2201519681196,4.22008566881626
Train,4.3467189871561,4.34651547220923
Train,4.46784863765661,4.46748998124744
Train,4.58413379296975,4.5839533766069
Train,4.69561909861594,4.69529010616528
Train,4.80282626612044,4.80254403817738
Train,4.90577485144478,4.90553867904813
Train,5.00492703790887,5.0044154251394
Train,2.0285747208774,2.03017179545199
Train,2.34161043339605,2.34198735123786
Train,2.62161281605078,2.62270664023012
Train,2.87402753936587,2.87339682120577
Train,3.10230512409291,3.10177083595985
Train,3.3101459755133,3.3103309027268
Train,3.49981375741039,3.49703756589437
Train,3.67392536081534,3.67599898181501
Train,3.83401158731738,3.83374629301974
Train,3.98198565608937,3.98143803003617
Train,4.11890814455753,4.11940778306447
Train,4.2462177259299,4.2460904719031
Train,4.36466349270322,4.36391099269016
Train,4.47535367181874,4.47226822357547
Train,4.57882541247595,4.57792590873063
Train,4.67595040343839,4.67461602478428
Train,4.76711825971212,4.76576996058278
Train,4.85302723982855,4.85261659170495
Train,4.93396224152703,4.93264433598446
Train,5.01049165501075,5.00862999489831
Train,3.83998478964401,3.83879890685634
Train,3.91735431805658,3.91751877331111
Train,3.99249765536527,3.99251297732402
Train,4.06565404850459,4.06533583133418
Train,4.13661985190469,4.13675789655312
Train,4.20562825988225,4.20581781540235
Train,4.27275915477953,4.27198595829244
Train,4.338088130555,4.33787917840013
Train,4.40181279025241,4.40131664899158
Train,4.46374568120263,4.46353644795667
Train,4.52408056070796,4.52417147137961
Train,4.58287848958547,4.58248296107044
Train,4.64031110479769,4.64094738473645
Train,4.69620341304164,4.69624673310531
Train,4.75072437417168,4.75067451718709
Train,4.80392384661809,4.80421255890027
Train,4.85584930079682,4.85575593033203
Train,4.90664655398535,4.90629186646614
Train,4.95615518841342,4.95625830670391
Train,5.00451933239256,5.00444509871371
Train,3.8413016720303,3.84159144305007
Train,3.91877116735842,3.91869769695617
Train,3.99385238120107,3.99388639065213
Train,4.06693453708367,4.06701099478081
Train,4.13795952610887,4.13829179246963
Train,4.20688026002873,4.20668677743955
Train,4.27404679753858,4.2743766615043
Train,4.33939923224341,4.33980336338058
Train,4.40288773185486,4.40260549894296
Train,4.4648288925544,4.46452848693147
Train,4.52516218105871,4.52516113047599
Train,4.58394940107347,4.58403431275505
Train,4.64113894360831,4.64115789490674
Train,4.69700986172568,4.69682705030786
Train,4.75150202410989,4.75115123793361
Train,4.80456347262778,4.80473079900761
Train,4.85644938898578,4.85655773517859
Train,4.90710056535766,4.90695360828098
Train,4.95646527679404,4.9563228951541
Train,5.004777820559,5.00433528609787
Train,2.53021971250433,2.53202980675118
Train,2.76895151406682,2.76987490112364
Train,2.98635448432316,2.98651992904919
Train,3.18553741246981,3.18713672475345
Train,3.36852679966304,3.368936500285
Train,3.53706183927051,3.53858217215597
Train,3.69308345281889,3.69394784596656
Train,3.83766253096543,3.83757593422191
Train,3.97226711670387,3.97356941453685
Train,4.09777628737314,4.09865557867883
Train,4.21497087460185,4.21551431382462
Train,4.32485850597542,4.32534430679365
Train,4.42800401903014,4.42826757535144
Train,4.52491743115182,4.52508742881613
Train,4.61632041254969,4.61644317932436
Train,4.70250591207801,4.70303470600478
Train,4.78406325604814,4.78416414834495
Train,4.86128191328156,4.86141587380765
Train,4.93442940909931,4.93472912903084
Train,5.00395183231247,5.00367799196678
Train,2.1256789941219,2.12570722238373
Train,2.34147672774837,2.3419240041388
Train,2.54717971470107,2.54734910023611
Train,2.74388678450879,2.74393243642256
Train,2.93198044309296,2.93214119253238
Train,3.11201431559259,3.11224331297339
Train,3.28431688145789,3.28457006468156
Train,3.44971829454415,3.44991708783194
Train,3.60846017031838,3.60859599542013
Train,3.76093676996648,3.76105627997307
Train,3.90735972793643,3.90749758371234
Train,4.04837509909494,4.04854847245073
Train,4.18413580889384,4.1842796829645
Train,4.31493019219789,4.31504491368318
Train,4.44089482707496,4.44113955189672
Train,4.56254510741394,4.56275632915853
Train,4.67997665125368,4.68013310488672
Train,4.79340517192868,4.79345333728847
Train,4.90291785763055,4.90300951236926
Train,5.00893455248677,5.00881872010208
Train,2.12234235156832,2.12401982229707
Train,2.33432837449666,2.33346978918993
Train,2.53734969957332,2.5381555598345
Train,2.73155234538943,2.73168833064696
Train,2.9176952191061,2.91830983460599
Train,3.09645878478206,3.09699889364705
Train,3.26791011726104,3.26781655204681
Train,3.4326630441845,3.4338652448699
Train,3.59127041195518,3.59140129848887
Train,3.74374640473846,3.74348429179585
Train,3.89059522592537,3.89135331107021
Train,4.03212274015086,4.03258033203596
Train,4.16875781139799,4.16972136410035
Train,4.30047010063914,4.30038122894106
Train,4.42765571561123,4.42810464386488
Train,4.55067453693822,4.55079850117758
Train,4.66947550784439,4.66958397741686
Train,4.78439377206992,4.78432468385139
Train,4.89573479151293,4.89566526488337
Train,5.00343392980118,5.00329636494493
Train,2.12151842484861,2.12168609940849
Train,2.3483905995244,2.34948039455261
Train,2.56309847992403,2.56392639728287
Train,2.76659484975689,2.76692378555012
Train,2.95991426868961,2.96057695072372
Train,3.14346135033684,3.14401645865868
Train,3.31812044395086,3.31882427188097
Train,3.48452186933008,3.48486097792042
Train,3.64323772118086,3.6436405007756
Train,3.79478844046019,3.79532928105104
Train,3.9397830447989,3.93961546572822
Train,4.07838022499195,4.07849675947213
Train,4.21111745932066,4.21134268100135
Train,4.33835869524785,4.33924405304273
Train,4.46043835296429,4.46060937782235
Train,4.57766426031683,4.57762696923086
Train,4.69042514292907,4.69048906408565
Train,4.79876935204435,4.79883482438012
Train,4.90304843110461,4.90308375975141
Train,5.00348695564886,5.00354750051914
Train,1.50644750280794,1.50775433327575
Train,1.62208970787843,1.62180204235696
Train,1.73435267572872,1.73426844348645
Train,1.84338239289296,1.84230415240958
Train,1.94931655625397,1.94999943695288
Train,2.05253769994081,2.05259331963529
Train,2.15265661642001,2.15280358819504
Train,2.25004917866215,2.24900435207595
Train,2.34482525345006,2.34521091228302
Train,2.43708888258762,2.43703122007204
Train,2.52693866388988,2.52710212167798
Train,2.61446810265634,2.61350965146115
Train,2.6997659362613,2.70050780638698
Train,2.78291643422989,2.78225365455577
Train,2.86399967593308,2.86411507804072
Train,2.9432861327958,2.94246829600373
Train,3.02045492155443,3.02078683582507
Train,3.09577419901031,3.09585866205665
Train,3.16930966890538,3.16890502317468
Train,3.24112395924308,3.24115717829258
Train,2.11507480032924,2.11640226231097
Train,2.28057692284563,2.28085675079486
Train,2.43949489392366,2.44147895059936
Train,2.59249640756329,2.5931297611481
Train,2.73963347605055,2.74112286611338
Train,2.8814990106399,2.88145839159401
Train,3.0181182667804,3.01896062489171
Train,3.15002081423819,3.15113939823854
Train,3.2773288183394,3.27874181049841
Train,3.40016443968929,3.40123773592344
Train,3.51897912727278,3.52047946945671
Train,3.63375421639971,3.63536558638438
Train,3.74489804107146,3.74613599931248
Train,3.85248042892122,3.85313840061857
Train,3.95657330072061,3.9581985047283
Train,4.05753077339021,4.0579411412676
Train,4.15531078314181,4.15617216985842
Train,4.25023697135582,4.25042465592409
Train,4.34226146635304,4.3421209945794
Train,4.43168113773658,4.43202352608054
Train,-2.35092337062336,-2.35068723879673
Train,-2.12971461454833,-2.13039863873351
Train,-1.91459454437282,-1.91389467494961
Train,-1.70531518963749,-1.70481384372548
Train,-1.50164186480364,-1.50215962153894
Train,-1.30335229134357,-1.30253275035799
Train,-1.1102357885409,-1.11102516125326
Train,-0.922092526807722,-0.922388716842452
Train,-0.738732837955355,-0.73823598193636
Train,-0.55997657741414,-0.559785022092602
Train,-0.385243607971775,-0.385061780916349
Train,-0.21519891008935,-0.21555049361783
Train,-0.0492682992833693,-0.0491806397273291
Train,0.112695745142354,0.111983123703193
Train,0.270833774232827,0.272175774609731
Train,0.425279776180655,0.424949835129464
Train,0.576161554961111,0.576200938381898
Train,0.723601083052447,0.724173792156161
Train,0.867714830287349,0.866447796443335
Train,1.00861407069894,1.00889834391122
Train,2.82455408199376,2.82356291697064
Train,2.98964563638818,2.98952798692184
Train,3.14673665638075,3.14624627099905
Train,3.29673425362447,3.29665150459763
Train,3.43994580343475,3.43943477242132
Train,3.57666653071268,3.57663314650776
Train,3.7076246190961,3.70734126197052
Train,3.83289215517622,3.83244813150881
Train,3.95310475024759,3.95309701824075
Train,4.06843118382072,4.06828774469099
Train,4.17903766857006,4.1788472483698
Train,4.28544974735908,4.2854447607045
Train,4.38778506079614,4.38753148629106
Train,4.48616150289017,4.48611843454122
Train,4.5810200400195,4.58094105754784
Train,4.67233784312079,4.67222406519644
Train,4.76051006172916,4.76050160266672
Train,4.84559943555379,4.84553294856445
Train,4.92767129396024,4.92753029183072
Train,5.00706408970801,5.00676181077719
Train,2.12639289157931,2.12583445570484
Train,2.34908337291617,2.34930859219306
Train,2.56031288618356,2.5595624495821
Train,2.76134265872727,2.76174281444977
Train,2.9527037789803,2.95274354069837
Train,3.13489622142483,3.13486240399137
Train,3.30890919060546,3.30891342655226
Train,3.47495058616417,3.47578791175541
Train,3.63387193050624,3.63483468135959
Train,3.78596994998897,3.78611438255606
Train,3.93152973800508,3.93206801960545
Train,4.07124221730126,4.07191899351013
Train,4.20531894425078,4.20498326230367
Train,4.33396576648384,4.3348408510304
Train,4.45775278579726,4.45828215914875
Train,4.57671242593098,4.57751478096392
Train,4.69135039128198,4.69094283391527
Train,4.80178752794454,4.80220448879694
Train,4.90814422853262,4.9084387180977
Train,5.01084765387236,5.01080066500284
Train,2.12007856582921,2.12129928401768
Train,2.34243320221836,2.34419122344692
Train,2.55358639444492,2.55398418929175
Train,2.75436378016118,2.75492837097621
Train,2.94551180118739,2.94638332844473
Train,3.1278793841406,3.12776041118044
Train,3.30172851121384,3.30147412936125
Train,3.46779950793909,3.46826865727629
Train,3.62660295094828,3.62612879539878
Train,3.77860568630502,3.77887574231712
Train,3.92423541322608,3.92410333418078
Train,4.06388470309687,4.06404662806593
Train,4.19791453331384,4.1977104959063
Train,4.32665740293744,4.32689269466422
Train,4.45042008677481,4.45025412301979
Train,4.56959925868044,4.56982479748543
Train,4.68422675243362,4.68422420722922
Train,4.79466334310539,4.79479144302089
Train,4.9011347404128,4.90104281736998
Train,5.00385073183236,5.00418061890226
Train,1.82145424255091,1.82190967920391
Train,1.9003363174597,1.90045569317439
Train,1.9776991889143,1.97769382178953
Train,2.05402941585559,2.05427671116044
Train,2.12890966337589,2.12868543061844
Train,2.2028098984058,2.20338178561573
Train,2.27532513644714,2.27481551200466
Train,2.34690959879145,2.34716992182652
Train,2.41717012809494,2.41680655249942
Train,2.48654598917055,2.48731096793412
Train,2.55465535654564,2.55478263576364
Train,2.6219232752941,2.62192538823941
Train,2.68797878276292,2.68748639094914
Train,2.75323339291977,2.75331968480381
Train,2.81732656148809,2.81738643278944
Train,2.88065691574832,2.88117443349833
Train,2.94287390845139,2.94248678789367
Train,3.00436388391471,3.00443304911672
Train,3.06478589225009,3.0653493753692
Train,3.12451456102766,3.1242407485864
Train,1.81901523993668,1.81889780814376
Train,1.89812677768063,1.89774642271217
Train,1.97571171263014,1.97653938822108
Train,2.052270255216,2.05242144639336
Train,2.12737149670813,2.12773010461236
Train,2.20149866077354,2.20153609086114
Train,2.27423359221494,2.27391933754401
Train,2.346043390677,2.34606938915598
Train,2.41673337978685,2.41701753713127
Train,2.4861215404836,2.48646221680823
Train,2.55465226736227,2.55528800400711
Train,2.62193699294537,2.62158858970937
Train,2.68840590162665,2.68903999786775
Train,2.75387713510043,2.75363876781406
Train,2.81818016630319,2.81811673444676
Train,2.88172511531986,2.88108233998204
Train,2.94415004660397,2.94425439007895
Train,3.00585248984949,3.00656904510319
Train,3.06648041642699,3.06710200181109
Train,3.12641934376298,3.12539189945741
Train,-0.008591696,-0.00825254197630843
Train,-0.595243713,-0.595026963795736
Train,-1.172871245,-1.17228531668812
Train,-1.741680939,-1.74131742322212
Train,-2.301873179,-2.30156475552727
Train,-2.853642325,-2.85349088649824
Train,-3.397176934,-3.39698348917742
Train,-3.932659979,-3.93257962177964
Train,-4.460269049,-4.46025104776496
Train,-4.980176551,-4.98012085364613
Train,-5.492549894,-5.49264047210241
Train,-5.997551669,-5.99755692753539
Train,-6.495339825,-6.49542566126334
Train,-6.986067826,-6.9861312076479
Train,-7.469884819,-7.46978346893016
Train,-7.946935775,-7.94685393919795
Train,-8.417361639,-8.41757263093101
Train,-8.881299472,-8.88124183519327
Train,-9.338882575,-9.33911425254488
Train,-9.790240625,-9.78828514394414
Train,0.304775769,0.30333969651323
Train,-0.306968618,-0.306565281438143
Train,-0.895768706,-0.896407991903889
Train,-1.46289157,-1.46279392349394
Train,-2.009512672,-2.0093077843209
Train,-2.536723998,-2.53748907034029
Train,-3.045541335,-3.04458283376303
Train,-3.536910807,-3.53738199744263
Train,-4.011714742,-4.01167650864014
Train,-4.470776965,-4.46993044795241
Train,-4.914867564,-4.91520933800499
Train,-5.344707203,-5.34460112047023
Train,-5.760971024,-5.76080571473509
Train,-6.164292185,-6.16463705778884
Train,-6.555265073,-6.55389309299941
Train,-6.93444823,-6.93567910544667
Train,-7.30236701,-7.30159951849206
Train,-7.659516014,-7.66002053093476
Train,-8.0063613,-8.00645424861947
Train,-8.343342422,-8.34223180682753
