Dataset,log10(VaporPressure)[Pa],PredictedValues
Train,3.98175463770349,3.98128567845491
Train,4.04932305858101,4.04954498834489
Train,4.11477137842338,4.11450896710742
Train,4.17860035723072,4.1789980142996
Train,4.24067221089411,4.24026136146061
Train,4.30086758489531,4.30098960976759
Train,4.35964114957729,4.35980576112272
Train,4.4166798729731,4.41645102370897
Train,4.4724112241305,4.47231272096472
Train,4.52670703628025,4.52684715219878
Train,4.57945461972669,4.57906648971332
Train,4.63104506247912,4.63131188004193
Train,4.68135601189175,4.68104316444008
Train,4.73027910181263,4.73041745824524
Train,4.77817357460061,4.77822423430483
Train,4.82477472651115,4.8245383194146
Train,4.87042273192382,4.87056083803257
Train,4.9150046382442,4.91490781525429
Train,4.95841937623246,4.95852085507725
Train,5.00098128055359,5.00071387879801
Train,4.30010560133218,4.30015369507894
Train,4.34427184483812,4.34412892973271
Train,4.38778768455022,4.38769676691593
Train,4.43030624680307,4.4297423254677
Train,4.47203699184417,4.47220267858504
Train,4.51317506335072,4.51320858779148
Train,4.55339132856532,4.55300679082505
Train,4.59304985209152,4.59283731647813
Train,4.63183261108566,4.6318887574191
Train,4.66992863791146,4.66917173486147
Train,4.70751454903432,4.70764177645763
Train,4.74428797613294,4.74424151788774
Train,4.78042712158626,4.78034338608198
Train,4.81609875182695,4.81583332804369
Train,4.85101505180784,4.85102709819987
Train,4.88548978014872,4.88555228060361
Train,4.9192442673934,4.91906831504023
Train,4.9524406518283,4.95203884039004
Train,4.98523105115627,4.98537506154319
Train,5.01734972614166,5.01707894886133
Train,2.40723462755712,2.40631724459602
Train,2.56513503874003,2.56486084054562
Train,2.71499584705765,2.71478675623005
Train,2.85809116491507,2.85782988928916
Train,2.99422238692747,2.99415716371298
Train,3.1245013548171,3.12392681001732
Train,3.24870689808873,3.24869217365561
Train,3.36781737092902,3.36768966674502
Train,3.48186872181456,3.48153486839804
Train,3.59091739404102,3.59080462252971
Train,3.6957820955895,3.69574694206606
Train,3.79622041181391,3.79603777564555
Train,3.89296534689602,3.89249809413671
Train,3.98599522177954,3.98616535757467
Train,4.0753073026763,4.07524566890718
Train,4.16152919933199,4.16141575989898
Train,4.24442277125436,4.24467088876484
Train,4.3245575718585,4.32431422149896
Train,4.40170049422835,4.40166985590188
Train,4.47637078102655,4.47612468818555
Train,4.10463697882894,4.10554136494759
Train,4.17074900920869,4.17010112481442
Train,4.23497660616162,4.23515603193958
Train,4.29770749095443,4.29754409834934
Train,4.35884230168902,4.35865947116256
Train,4.41844118701092,4.41903245207434
Train,4.47641816646144,4.47571747665936
Train,4.53311737727362,4.53278353179415
Train,4.58844379215196,4.58926285254277
Train,4.64244667175736,4.6419639199987
Train,4.695043011095,4.69511045911279
Train,4.74654044024681,4.74678552674161
Train,4.79684857287659,4.79673825606663
Train,4.84600813762163,4.84573187422869
Train,4.89393954830248,4.89413449559946
Train,4.94091954065217,4.94067543421191
Train,4.98686243565959,4.98719300052401
Train,5.03180219976478,5.03167694621082
Train,5.07566286465291,5.07550818693128
Train,5.1186947810147,5.11848107199988
Train,2.12634095170165,2.12980647420703
Train,2.34917905981492,2.35133757937295
Train,2.56035803075609,2.56449830623681
Train,2.76139026157764,2.76702637232232
Train,2.95239751108316,2.95660534689817
Train,3.13467488148997,3.13902746561437
Train,3.3082685004719,3.31376580019353
Train,3.47429827157139,3.47988537794593
Train,3.63275550535709,3.63645454328001
Train,3.78461713835079,3.78999809051968
Train,3.92983478763237,3.93482196592161
Train,4.06926744332494,4.07340836277147
Train,4.20283811938457,4.20911193534196
Train,4.33130752773176,4.33696140323375
Train,4.45457827495476,4.45779888261607
Train,4.57332843424736,4.57683609092713
Train,4.68744629981927,4.68990520154987
Train,4.79753987412685,4.80021333014086
Train,4.90348769403999,4.90387615339862
Train,5.00583788977193,5.00582397299807
Train,2.88046290086084,2.88146083684044
Train,3.04228836074974,3.04272846274692
Train,3.19628974068213,3.1963756427824
Train,3.34302107544689,3.34341597593014
Train,3.4832325498699,3.48349221966712
Train,3.61687622512777,3.61746439990314
Train,3.74462833676121,3.74480030678317
Train,3.86687006926299,3.86709246129542
Train,3.98395041779922,3.98439061304019
Train,4.09618951576602,4.09626953101472
Train,4.20407234771843,4.2044933184254
Train,4.30748066459877,4.30779284007006
Train,4.40686293198251,4.40734335906675
Train,4.50244978259969,4.50286373706624
Train,4.59445456348642,4.5947904421075
Train,4.68307492563127,4.68334559319122
Train,4.76864591200637,4.76919081743038
Train,4.85102920804275,4.85120463729548
Train,4.93054057642846,4.93067480406101
Train,5.00732761990619,5.00740266237265
Train,4.27199914054099,4.27132797841407
Train,4.31623598492297,4.31615241986877
Train,4.35964691208702,4.35957281154991
Train,4.40207129247597,4.40193345220835
Train,4.44390164282583,4.44358584432414
Train,4.48497225214198,4.48476021309691
Train,4.52530363227296,4.52511662815162
Train,4.56491556326831,4.56440493118792
Train,4.60365943419434,4.60316686564259
Train,4.64189196601387,4.64159332791972
Train,4.67946023719595,4.67926391281365
Train,4.71638141017,4.71595557397743
Train,4.75251561722666,4.75208827888421
Train,4.78819439904288,4.78816517952439
Train,4.82327408468699,4.82279648482584
Train,4.85776963800905,4.85738688796776
Train,4.89169552863041,4.89143115352202
Train,4.9249218473152,4.92454094636853
Train,4.95775227308045,4.95758122294067
Train,4.99005362107623,4.98913518918855
Train,3.09879131504472,3.10039438046008
Train,3.20688447920261,3.20741003963779
Train,3.31154306993914,3.31195050933386
Train,3.41246156356073,3.4125617693637
Train,3.51006148459059,3.51106087437004
Train,3.60472197691417,3.60464618824265
Train,3.69615073797291,3.69717831318051
Train,3.78471441620538,3.78447069454635
Train,3.87074397403632,3.87147578682127
Train,3.95396123584687,3.95473851919744
Train,4.03468789935892,4.03495380076422
Train,4.11303412722585,4.11313954159707
Train,4.18927964615201,4.19005463100187
Train,4.26316533524953,4.26332161112371
Train,4.33496466732952,4.33495413815329
Train,4.40492634634553,4.40546334272879
Train,4.47280519298641,4.4727826091905
Train,4.5388452472855,4.53876799005887
Train,4.60326908747275,4.60355498547799
Train,4.66584492516523,4.66588154502027
Train,3.96385879113756,3.96419808344147
Train,4.03116913998356,4.03118469791228
Train,4.09679254901116,4.09700093196373
Train,4.16097275339707,4.16083612692021
Train,4.22340271714688,4.22322773929339
Train,4.28432479424751,4.28476161090587
Train,4.34379296336818,4.34275978174194
Train,4.40185865715212,4.40270305892339
Train,4.45873151067894,4.45815849586436
Train,4.51413342027608,4.5147819381011
Train,4.56827343444891,4.56736243706403
Train,4.62119418122334,4.62191108311093
Train,4.6730829929364,4.67207473088932
Train,4.72368238792407,4.72444123465105
Train,4.77317952343501,4.77238802225404
Train,4.82161002889709,4.82141019659978
Train,4.86900801452666,4.86974528717404
Train,4.91553769119185,4.91440532154159
Train,4.96096455506777,4.96135852851806
Train,5.00545297515671,5.0041704117168
Train,2.12788403567532,2.1277279844355
Train,2.36819302921465,2.36748508989261
Train,2.59329395614837,2.59207509932751
Train,2.80429609638261,2.80324486775792
Train,3.00302950148803,3.00187271315302
Train,3.19027589677673,3.18927971710876
Train,3.36700325018103,3.36557824882696
Train,3.53407374488209,3.53207333680551
Train,3.69203973961787,3.69097662379066
Train,3.8420392282288,3.84078096529559
Train,3.98446298509171,3.98316419896876
Train,4.11987079334068,4.11824742564498
Train,4.24859041874655,4.24752333787113
Train,4.37144496325803,4.36992207539081
Train,4.4886637951177,4.48739294339542
Train,4.60062601017576,4.59949759746744
Train,4.70767744922746,4.70625186435721
Train,4.80999225329507,4.8088770220413
Train,4.90814993845898,4.90761615002632
Train,5.00226797724252,5.00121361960849
Train,2.45586800616354,2.45666136445582
Train,2.57251913549492,2.57300224773574
Train,2.68671202655411,2.68653413956347
Train,2.79803906105356,2.79848500016599
Train,2.90684243391766,2.90722767419286
Train,3.0132069963619,3.01344791834274
Train,3.11743988539512,3.11731768411048
Train,3.21916161152615,3.22028752720073
Train,3.31867748144247,3.31863994777016
Train,3.41605847717184,3.41619027967611
Train,3.51157982113161,3.51232483770512
Train,3.60488779021973,3.6049461210416
Train,3.69625650938333,3.69637091224215
Train,3.78574581293894,3.78595896707632
Train,3.87360380836359,3.87425137323519
Train,3.95950033618228,3.96011478017975
Train,4.04368293011242,4.04393544223715
Train,4.12620238181459,4.12619328593358
Train,4.20728356602196,4.20736445469741
Train,4.28661786079396,4.28725279357171
Train,2.12510320565132,2.12567130466708
Train,2.36450590744654,2.36474364215904
Train,2.5892783729484,2.58945047634482
Train,2.80015256765738,2.80036560962183
Train,2.99891425619126,2.99914295698475
Train,3.1860716610347,3.18623772188878
Train,3.3630898001018,3.36334571654809
Train,3.53031782869707,3.53051446050379
Train,3.68897477126427,3.68924319470464
Train,3.83929528336276,3.83947927066695
Train,3.98230653579164,3.98259882293426
Train,4.11815993437227,4.11850672777221
Train,4.24773075530079,4.24799163181454
Train,4.37110940301977,4.37099713585051
Train,4.48904925728639,4.48925738649562
Train,4.60159577372393,4.60170146252424
Train,4.70940330455624,4.70944678870658
Train,4.8124840750195,4.81260058273549
Train,4.91141108866208,4.91156627037638
Train,5.00617198264477,5.00597449895506
Train,4.41854245835269,4.41798832060452
Train,4.45312992100964,4.45271261325545
Train,4.48741672547849,4.48734033808726
Train,4.52110957024481,4.52118281977094
Train,4.55436901596237,4.55455429776269
Train,4.58734772379609,4.58717073358205
Train,4.61976325975854,4.61957197944796
Train,4.65176973147504,4.65188919860814
Train,4.68351379848467,4.68323572405937
Train,4.71472330752752,4.71483538894175
Train,4.74554629886374,4.7455081076507
Train,4.77598990861288,4.77594815845371
Train,4.80619333922419,4.80643643756342
Train,4.83589729811518,4.83563529449678
Train,4.86524228622075,4.86502312600281
Train,4.89436228311218,4.89450323113418
Train,4.92300706156931,4.92286047596211
Train,4.95131184176319,4.95117022054476
Train,4.97940567258973,4.97954520538336
Train,5.00704692919741,5.00644313590167
Train,2.12870689177883,2.12874407788989
Train,2.35840003678672,2.35809047151927
Train,2.57506222723586,2.57472977444125
Train,2.78026925143138,2.77966983400914
Train,2.97443371611683,2.97325325398127
Train,3.15887135126489,3.15665829960492
Train,3.33386880351584,3.33194578413098
Train,3.50053789724489,3.4986263632811
Train,3.6592657938012,3.65760274568968
Train,3.81042252309549,3.80853141374176
Train,3.95488893636085,3.95300789407632
Train,4.09276268893165,4.09051546745034
Train,4.22480683422564,4.22259831076301
Train,4.351228887892,4.34883815849683
Train,4.47223250935706,4.46987593611923
Train,4.58844237165059,4.58610973220423
Train,4.69986492072681,4.69753361574406
Train,4.80705183205883,4.80463040339167
Train,4.90998781878905,4.90772691245295
Train,5.00916328085571,5.00624001585605
Train,2.12358485252895,2.12388418951671
Train,2.35687510462215,2.35684553283429
Train,2.57630097507879,2.57630238870045
Train,2.7835463975625,2.7835249385091
Train,2.97914002944791,2.97900948845857
Train,3.16447083208418,3.16431027694419
Train,3.33991431861208,3.3397797476275
Train,3.50663138991981,3.50652739611835
Train,3.66507127915407,3.66488402224716
Train,3.81565865143579,3.81553246332553
Train,3.95930000469031,3.9590053198401
Train,4.09614307690385,4.09576833005051
Train,4.22696645354881,4.22628194670618
Train,4.35201155667451,4.35155452719776
Train,4.47151224480521,4.47096469609753
Train,4.58609866651922,4.58577408544009
Train,4.69580904864332,4.69504742549473
Train,4.80119612694177,4.80078479505321
Train,4.90227187880251,4.90173161599089
Train,4.99952458775658,4.99851578035962
Train,3.54158992248062,3.54114103584218
Train,3.64932670739794,3.64898539396675
Train,3.75211986612313,3.7519941566454
Train,3.85070847423054,3.85066430523441
Train,3.94514966718438,3.94510927924351
Train,4.03551265646732,4.03494643278394
Train,4.12241475598331,4.12224304799677
Train,4.20587791784939,4.20585562770359
Train,4.28593634000573,4.28587828227976
Train,4.36311315704935,4.36268945183404
Train,4.43740690585964,4.4370541553901
Train,4.50897617693706,4.50899478986251
Train,4.57782520133718,4.57767017738591
Train,4.64438162176282,4.64406513445213
Train,4.70862447931945,4.70848609192692
Train,4.77054367453595,4.77062325554219
Train,4.83051144087317,4.83000162908432
Train,4.88849790715506,4.88868443950126
Train,4.94448323047384,4.94413338514571
Train,4.99879439946019,4.99815329883425
Train,2.96861348794602,2.96831408580986
Train,3.12006243081936,3.11997064067621
Train,3.26476624008512,3.26461083813704
Train,3.40266121368909,3.40264187869546
Train,3.53445711150059,3.53434550660243
Train,3.66054982043774,3.66053249150648
Train,3.78152260636192,3.78133399300644
Train,3.89725686105017,3.89725128444045
Train,4.00828840077774,4.00829556525717
Train,4.11489815131868,4.1148355227808
Train,4.21753284398514,4.21744554373366
Train,4.31604901785331,4.31609368241628
Train,4.41086311100029,4.41080609756248
Train,4.50217995229034,4.50219839192435
Train,4.59035105331564,4.59032916998261
Train,4.67522415541327,4.67524748812068
Train,4.75713090727361,4.75713446927987
Train,4.83622415071686,4.83616766915587
Train,4.91278683353426,4.91277616141381
Train,4.9866665259708,4.98665953222301
Train,3.73112152025016,3.7310321274483
Train,3.78505566398762,3.78498755153053
Train,3.83767877916289,3.83765007117402
Train,3.88948073095055,3.88947736492194
Train,3.94004384196557,3.94004230071298
Train,3.98983758678971,3.98976454309307
Train,4.03845933128003,4.03849586073486
Train,4.08635942430598,4.08633604241843
Train,4.13335100761955,4.13327775329092
Train,4.17926194807307,4.17926405878755
Train,4.22451603560118,4.22452951110538
Train,4.26874498367226,4.26874140404037
Train,4.31235618914258,4.31220849980967
Train,4.3551776152622,4.35518111002169
Train,4.39705010271392,4.39705634047207
Train,4.43835819269686,4.43837560146788
Train,4.47876383934296,4.4787633653825
Train,4.51863742212504,4.5185061849654
Train,4.55765197739223,4.55766786313982
Train,4.59616450056517,4.59546101926683
Train,3.37596356618039,3.37628069121932
Train,3.43385252019318,3.43396904030963
Train,3.49038089165988,3.49032294671927
Train,3.54607214981692,3.5460286464979
Train,3.60070894756255,3.60075459865332
Train,3.65409103245976,3.65406998320325
Train,3.70671106027392,3.70662171006846
Train,3.75814070601598,3.75820451669572
Train,3.80885360351466,3.80882764962665
Train,3.85864962627429,3.8586284250225
Train,3.9073436005585,3.90735497983699
Train,3.95538263564551,3.95538220008096
Train,4.0025760387495,4.0026454550891
Train,4.04874695189893,4.04870926065926
Train,4.09431815382023,4.09427459066067
Train,4.13891553375531,4.13899945051092
Train,4.18294676083556,4.18294728225667
Train,4.22623552293009,4.22618348656691
Train,4.26861771268798,4.26859438291215
Train,4.31047981209282,4.31052418672992
Train,3.80648744678725,3.80686063748656
Train,3.88817414648541,3.88824277303068
Train,3.9673419079164,3.96758208903268
Train,4.04410547507773,4.044329835938
Train,4.11857272703358,4.11850335412894
Train,4.19084518374526,4.19115943815562
Train,4.2610184678258,4.26122356318522
Train,4.32918272663514,4.32904431106656
Train,4.39542301863376,4.39553812376765
Train,4.4598196674767,4.46007501530333
Train,4.52229338230476,4.5221346432729
Train,4.58323054925241,4.58338222711175
Train,4.64253958882269,4.64265716825978
Train,4.70028489160498,4.70031416128698
Train,4.75652749693512,4.75658517484338
Train,4.81132530811805,4.81156318025681
Train,4.86473329127436,4.86473522501476
Train,4.91680365924644,4.91683793285413
Train,4.96758604185765,4.96723797923844
Train,5.01712764369139,5.01688991545528
Train,3.95502014602191,3.95537297674603
Train,4.02500081959128,4.02485435857237
Train,4.09305442226825,4.09316556863926
Train,4.15907340829941,4.15893513355261
Train,4.2235091680474,4.22354890392965
Train,4.28624086887074,4.28622454363652
Train,4.34733522654095,4.34722444924703
Train,4.40685551903343,4.406795875165
Train,4.46469864100186,4.46462166948116
Train,4.52125203507968,4.52132895265752
Train,4.57640252576081,4.57655647413706
Train,4.63020167561379,4.63030710386668
Train,4.68255079228133,4.6826023592141
Train,4.73379562519591,4.7335254723432
Train,4.78382929000936,4.78362804852007
Train,4.83269422403237,4.83250265715399
Train,4.88043090488689,4.8803448511055
Train,4.92694657720347,4.92714824649668
Train,4.9725438458373,4.97243375072433
Train,5.01712351890589,5.01666431236593
Train,4.29841779401732,4.29834790539756
Train,4.37576636230952,4.37551224591082
Train,4.45075305317021,4.45086729885154
Train,4.5231857571375,4.52319955981805
Train,4.5933367703075,4.59336273037409
Train,4.66131223366984,4.6613415391141
Train,4.72734756112364,4.72735771788505
Train,4.79126085126198,4.79130872243625
Train,4.85328020296701,4.85329134387869
Train,4.9134885715682,4.9135073236241
Train,4.97208470727067,4.97210204824226
Train,5.02889781816455,5.02889864204483
Train,5.08412163022613,5.08413753936768
Train,5.13782191247937,5.13786036617533
Train,5.19016865083657,5.19017956452738
Train,5.24100222806338,5.24095675560532
Train,5.29048916075971,5.29049480126126
Train,5.33868226082581,5.33867045414739
Train,5.38572856464135,5.38572760884856
Train,5.43147925079419,5.43130652361581
Train,3.80634689857586,3.80692272179224
Train,3.88818389374431,3.8883121907413
Train,3.96747550726277,3.96771962801288
Train,4.04433867437772,4.04449665280775
Train,4.11888327566754,4.11924277775254
Train,4.19121266114529,4.19149377684446
Train,4.26142412832175,4.26164089392771
Train,4.32960935887922,4.32976660948337
Train,4.39585481807703,4.39603246263071
Train,4.46024212054759,4.46041702715886
Train,4.52300872452169,4.52319348265449
Train,4.58390245932309,4.5841153880094
Train,4.64315717150108,4.64330854580406
Train,4.70083815648239,4.70104483355247
Train,4.75700728682593,4.75720471149837
Train,4.81172323361019,4.81190997324232
Train,4.86504167085719,4.86525738852581
Train,4.91701546449018,4.91713694287248
Train,4.96769484717344,4.96776482998323
Train,5.01712758024944,5.0171977494276
Train,2.12720289941401,2.12734075671618
Train,2.36895047556817,2.36912287559174
Train,2.59548052387839,2.59556735531735
Train,2.80765710218812,2.8076560647198
Train,3.00729918255065,3.00731446477878
Train,3.19501675556925,3.19472835462805
Train,3.37228899382507,3.37197842801036
Train,3.53954566493507,3.53921676903267
Train,3.69780982440076,3.6972273977983
Train,3.847975427811,3.84710919127177
Train,3.99029174654648,3.98884118289355
Train,4.12569721510124,4.12438503602537
Train,4.25436026838331,4.25314072987315
Train,4.37692578806624,4.37622259893326
Train,4.49396396148388,4.49295160529366
Train,4.60555980148241,4.60428350064761
Train,4.71235215167378,4.71175013509422
Train,4.81438775880535,4.8132783584035
Train,4.91222314216942,4.91141471528247
Train,5.0058764458363,5.00401216953763
Train,2.12577628543865,2.12579812946499
Train,2.35910542133341,2.35912297090111
Train,2.57855324877811,2.57855559457605
Train,2.78578953414083,2.78567433859937
Train,2.98136385622422,2.98126965596678
Train,3.16665168472096,3.16657413940559
Train,3.34204667520501,3.34195971145457
Train,3.50869701698244,3.50863552629674
Train,3.66706131847468,3.66687295699306
Train,3.81757200684407,3.81707961747382
Train,3.96112407600752,3.96075423983641
Train,4.09787862599108,4.09762779747619
Train,4.22860351212244,4.22802935514049
Train,4.35354693058741,4.3531789423789
Train,4.4729484448728,4.47287224972318
Train,4.58742855121314,4.58691764066246
Train,4.69703584038648,4.69673283233281
Train,4.80231404988286,4.8021658392456
Train,4.90328461943615,4.90293055268124
Train,5.00042743712401,4.99960234169633
Train,2.1252327531892,2.12676298234076
Train,2.35262959634089,2.35310988853892
Train,2.56774878669824,2.5681254084295
Train,2.77155853240541,2.77190120579983
Train,2.96511758587159,2.96546623825928
Train,3.14881931227696,3.14917470588555
Train,3.32356945527173,3.32386874692677
Train,3.49000675358271,3.49041247692297
Train,3.64871058829585,3.64882642591986
Train,3.8002077213954,3.8004874398532
Train,3.94512068778491,3.94529217579769
Train,4.08359654600292,4.08366167632924
Train,4.21618537723349,4.21624604366591
Train,4.34325478055089,4.34332241206287
Train,4.46514237411475,4.46514561375373
Train,4.5821587906009,4.58218659349152
Train,4.69470132429505,4.69471410933259
Train,4.80280802993744,4.80287687265375
Train,4.90683873015391,4.90686348261736
Train,5.00701967939389,5.00706950234165
Train,2.12563825515184,2.1255156253021
Train,2.35957580661594,2.35947520863486
Train,2.58003484437923,2.57936561447353
Train,2.78760067177418,2.78725103656619
Train,2.98388817134336,2.98330228542839
Train,3.16930290688473,3.16872181893926
Train,3.34518694965435,3.34423461509798
Train,3.51181632770522,3.51102524952806
Train,3.67011147006798,3.6693140607051
Train,3.82088143765786,3.81985407704927
Train,3.96427068415346,3.96297737499774
Train,4.10116975320082,4.09999106023609
Train,4.23166360433955,4.23032337913467
Train,4.35635636626489,4.35504811013309
Train,4.47578455163636,4.47468927247176
Train,4.58997152137304,4.58815158043147
Train,4.69954497021306,4.69829774914909
Train,4.80450006980822,4.80335928689167
Train,4.90539009692318,4.90430378518361
Train,5.00218930263703,5.00025785339606
Train,2.12939867670262,2.13007493496046
Train,2.34317312485391,2.34317521009437
Train,2.54732380204281,2.54739306799386
Train,2.74248627156825,2.7423643682698
Train,2.9292413378717,2.9291427611963
Train,3.10812081958014,3.10799874562802
Train,3.27961260727194,3.27922972718009
Train,3.44416510726636,3.44397874159334
Train,3.60219115666688,3.6020042524244
Train,3.75407148162967,3.75379462052227
Train,3.89996118436959,3.89973148803913
Train,4.04058605359105,4.04040541517973
Train,4.17604326244209,4.17578610818894
Train,4.30661252207658,4.30647072461145
Train,4.43255371475526,4.43248266862359
Train,4.55410862035029,4.55394520705452
Train,4.67150246554501,4.67128004624758
Train,4.78494531661465,4.78473506325757
Train,4.89463333390844,4.89447781213242
Train,5.00074990379376,5.00004857211682
Train,4.29664048019049,4.2969550166192
Train,4.37365588780181,4.37372481427813
Train,4.44823768943357,4.44825070522641
Train,4.5203392141586,4.52036220994635
Train,4.59039238254246,4.59039897903061
Train,4.65833204598888,4.6583801395602
Train,4.7242524298127,4.72424808767321
Train,4.78824224028073,4.78827274886792
Train,4.85024711697362,4.85025949115809
Train,4.91062567773854,4.91065717209788
Train,4.96931032269479,4.96931259119377
Train,5.0263713497548,5.02643205954812
Train,5.08175191326154,5.08174337271269
Train,5.13576480681074,5.13582073422661
Train,5.18834283744974,5.18833576652762
Train,5.23954243180047,5.23954970103226
Train,5.28941709609736,5.28946834106612
Train,5.33790953720273,5.33797025176248
Train,5.38528680582464,5.38526008722622
Train,5.43148383603301,5.43154630720094
Train,4.29937141013488,4.29934978814274
Train,4.37682219789931,4.37677528738571
Train,4.45173384738423,4.45171989358571
Train,4.52422920908456,4.52435240024645
Train,4.59442333415318,4.59434882510252
Train,4.66242408367159,4.66244976544406
Train,4.72833268168494,4.72828326398597
Train,4.79224421796532,4.79233109439086
Train,4.85424810575537,4.85415589412444
Train,4.91442849912591,4.91439706554523
Train,4.97286467404463,4.97288774870251
Train,5.02963137678428,5.0296956622253
Train,5.08479914289027,5.08469962945967
Train,5.13843458956968,5.13844729705964
Train,5.19060068405011,5.19065935158072
Train,5.24135699018136,5.24129194426426
Train,5.29075989531044,5.29087116768208
Train,5.33886281924671,5.33882573381127
Train,5.38571640694519,5.38574029618324
Train,5.43136870636914,5.43131278595613
Train,3.80292719277638,3.80290162163804
Train,3.88437856516371,3.8840550866182
Train,3.96337632575466,3.96377796430827
Train,4.04002969703647,4.03984846630122
Train,4.11444151356633,4.11411095790684
Train,4.18687393367971,4.18716254032118
Train,4.25708319310227,4.25682475743018
Train,4.32532567877965,4.32553026945173
Train,4.39168289208522,4.39156332134665
Train,4.45623189261983,4.45632315260375
Train,4.51904559673657,4.51900196876452
Train,4.58019305230894,4.58028043655143
Train,4.63973969191895,4.63959492111392
Train,4.69774756641705,4.69776641106658
Train,4.7542755606066,4.75448023148713
Train,4.80950583020654,4.80932786524429
Train,4.86323591520112,4.86319985199519
Train,4.91564581305726,4.91564632719313
Train,4.96678359019412,4.96688753877536
Train,5.01669500762288,5.01642992479831
Train,3.80561764372524,3.8059566966251
Train,3.88720640513784,3.88731271915024
Train,3.96647764657886,3.96649141377496
Train,4.04316928642668,4.04342284980087
Train,4.11757872739867,4.11757167105609
Train,4.18997538778694,4.19021419014391
Train,4.26011091214848,4.26005699445816
Train,4.32824858438096,4.32840255531412
Train,4.3946276582346,4.39480350295637
Train,4.45901319711333,4.4590728310461
Train,4.52163988787521,4.52164922301311
Train,4.58257883023192,4.58259982036109
Train,4.64203636402681,4.64202163481898
Train,4.69979460762681,4.69981133090844
Train,4.7560568274691,4.75604525517995
Train,4.81100895772219,4.81100588685443
Train,4.8644451496216,4.86448913572097
Train,4.91654906803902,4.91651148971799
Train,4.96748914879306,4.96750407375587
Train,5.01707087650369,5.01671632778673
Train,4.29926837072573,4.29989404872615
Train,4.3765189847937,4.37658320053309
Train,4.45140841274446,4.4516170424897
Train,4.52376583722763,4.52381192555479
Train,4.59398556820681,4.59417912897264
Train,4.66190041917752,4.66203710226476
Train,4.72787398891343,4.72788141893327
Train,4.79174320336244,4.79195195680152
Train,4.85372563062882,4.8538330269141
Train,4.91401903176114,4.91408083692952
Train,4.97246704161038,4.97247033647293
Train,5.02937065399834,5.02949339973496
Train,5.08457816591872,5.08462407887712
Train,5.13826701551487,5.13840983771591
Train,5.19059925354224,5.19070175338787
Train,5.2414302435442,5.24133544221625
Train,5.29101341218977,5.29130507531157
Train,5.33920880350811,5.33918705799372
Train,5.38625396759431,5.38617138513221
Train,5.43201355690896,5.43216270214837
Train,2.12722064098751,2.13045633403383
Train,2.36648512160242,2.36835385058951
Train,2.59108522115809,2.59248775272429
Train,2.80176800019963,2.80320681113083
Train,3.00031560119314,3.00211947310093
Train,3.18724847838958,3.18964850434643
Train,3.36402723453242,3.36578095167281
Train,3.53101118752063,3.5327612756548
Train,3.6894145845325,3.69084039905577
Train,3.83948070424567,3.84090888536887
Train,3.98223183490613,3.98344158645998
Train,4.11782682944623,4.11916167932143
Train,4.2471361282419,4.2484320646174
Train,4.37025666284832,4.37140892374303
Train,4.48793711199598,4.48903412650473
Train,4.6002287231584,4.60133045961195
Train,4.70778133097119,4.70884772633802
Train,4.81061235358852,4.8115444424868
Train,4.90929048465327,4.90978422868941
Train,5.00380805803415,5.00423304532817
Train,1.39319080042102,1.39203114705672
Train,1.50113012877037,1.49992680802027
Train,1.6063474017394,1.60560790011662
Train,1.7089443058975,1.70923511625663
Train,1.80939333433093,1.80839050385769
Train,1.90702577795434,1.90752697615174
Train,2.00231441553937,2.00111273707374
Train,2.09534264564486,2.09529350966407
Train,2.18618995650004,2.18497894163668
Train,2.27493215252998,2.2746237548847
Train,2.36196746862453,2.36180699807958
Train,2.44670581466237,2.44584038012111
Train,2.52954664049928,2.52929413754758
Train,2.61055297632279,2.6106400608471
Train,2.68978509131488,2.68853487998715
Train,2.76730064319489,2.76757158196345
Train,2.84344013462197,2.8425839277363
Train,2.91767976021737,2.91779604325641
Train,2.99036167092162,2.98975234959583
Train,3.06153438429168,3.06109643601233
Train,1.56109793891969,1.56236830459168
Train,1.6656878982115,1.66649644513312
Train,1.7675620934572,1.76841532315596
Train,1.86682494454299,1.86696610784132
Train,1.96393878639749,1.96492037844585
Train,2.05826237692066,2.05832632312306
Train,2.15025779863353,2.15124561394189
Train,2.24001019922683,2.24049242419936
Train,2.32760062427873,2.32830820251113
Train,2.41310626134646,2.41332699511916
Train,2.49691438833093,2.49793230709404
Train,2.57846044761871,2.57895321199542
Train,2.65813257280663,2.65850485877966
Train,2.73599462483371,2.73674971524745
Train,2.81210759551406,2.81253829514319
Train,2.88652976687614,2.88711927645566
Train,2.95959056535686,2.96012419407564
Train,3.03078996389235,3.03145619144855
Train,3.10045878079482,3.10095339011898
Train,3.16864584584779,3.16951017709946
Train,0.344694174001131,0.3455388586983
Train,0.552936784146457,0.552866167922939
Train,0.752101096541526,0.752346700285879
Train,0.943651842395905,0.94352489232845
Train,1.12759071777016,1.12939485508398
Train,1.30436260562312,1.30501777370157
Train,1.47398504689747,1.4749562313293
Train,1.63763938489299,1.6395069093371
Train,1.79526894815214,1.7974562945012
Train,1.94720041775546,1.94814047218027
Train,2.0933977916145,2.09444845627807
Train,2.23483408583172,2.23553073550213
Train,2.37142042321581,2.37402259144367
Train,2.50340206172452,2.50469451878528
Train,2.63071201679654,2.63162004036279
Train,2.7541658816878,2.75435219001086
Train,2.87365796546413,2.87458320122026
Train,2.98937596382693,2.98967308245777
Train,3.10123556800639,3.10209126541961
Train,3.20993059716851,3.2115989881306
Train,2.12448753889449,2.12584266397537
Train,2.37622797953964,2.3733178141076
Train,2.61047112295244,2.6082200386438
Train,2.82839227543483,2.82604695697158
Train,3.03191388259147,3.02994425248037
Train,3.22267470115968,3.22065081245749
Train,3.40135497169036,3.39948867435599
Train,3.56952092643052,3.56635484712681
Train,3.72764548591893,3.72496683941356
Train,3.87680367195223,3.87420333821067
Train,4.01792824162725,4.01623225782098
Train,4.15128883999401,4.14918944302847
Train,4.27768033745126,4.27627032535677
Train,4.39779814126922,4.39662629155212
Train,4.51178767973404,4.51087486766412
Train,4.62040118807866,4.61872372240326
Train,4.72372854541256,4.72221679772631
Train,4.82228049245842,4.82123682564564
Train,4.91650887796888,4.91541800308117
Train,5.00644653975295,5.00528941947344
Train,2.12456826023267,2.1245924848947
Train,2.3749758235058,2.37484550003067
Train,2.60820303671835,2.60803490721376
Train,2.82539770045133,2.82522685662773
Train,3.0286826549981,3.02862220637619
Train,3.21885977897169,3.21881008742569
Train,3.39761953264523,3.39758013655158
Train,3.56552411775455,3.56552706081423
Train,3.72373817524218,3.72378493596555
Train,3.87327114474478,3.87339040556911
Train,4.01445090612998,4.01462174849005
Train,4.14830597617044,4.14837916051986
Train,4.27506151192992,4.27515688231436
Train,4.3954242957991,4.39558079067795
Train,4.51001527665339,4.51004691082128
Train,4.61895534132228,4.61903534083033
Train,4.72292328045329,4.72294244283624
Train,4.82199282961842,4.82204914557517
Train,4.91674931430864,4.91682170822535
Train,5.00723153652459,5.00731296959132
Train,4.29777857691016,4.29761539306058
Train,4.3428579851726,4.34265663463087
Train,4.3871174397523,4.38708843513016
Train,4.43043972127265,4.43025191444688
Train,4.47312746448745,4.47292191720701
Train,4.51505935637664,4.51501924443367
Train,4.55625529601209,4.55600230763887
Train,4.59673449003953,4.59662581875385
Train,4.63638784818747,4.63614957875255
Train,4.67549072235413,4.67548911391644
Train,4.71393055226305,4.7137624984018
Train,4.75172406041017,4.75172769756248
Train,4.78876814134699,4.78850093096774
Train,4.82531893001252,4.82524883916197
Train,4.86127026145525,4.86119739854551
Train,4.8966367629717,4.89655374764628
Train,4.93143258980558,4.93124595637276
Train,4.96556152266146,4.96555104180082
Train,4.99925840982208,4.99914219858986
Train,5.03242439924131,5.03212365258444
Train,4.11319932305378,4.1141997471925
Train,4.17075527596145,4.1705727013534
Train,4.22703769537236,4.22794463445028
Train,4.28208838774211,4.28174290273021
Train,4.33594734948429,4.33595509634254
Train,4.3886528638804,4.38906591501948
Train,4.44024159182955,4.43975733072805
Train,4.49074865688979,4.49061879755684
Train,4.54020772502586,4.53996883353396
Train,4.58865107944364,4.58880754309505
Train,4.63623981531012,4.63760424479481
Train,4.68274080267558,4.68244755153067
Train,4.72831538864822,4.72845173664903
Train,4.77299098409923,4.77273046454432
Train,4.8167939290642,4.81697083681068
Train,4.85974954452899,4.85965661162775
Train,4.90188218123922,4.90198476732551
Train,4.94321526573096,4.94331119643833
Train,4.98377134376546,4.98364447277639
Train,5.02357212133719,5.02396221897946
Train,5.34085887621603,5.34105585208384
Train,5.36721410677892,5.36722016033603
Train,5.39309427560669,5.39304677156108
Train,5.41869783892018,5.4187228944604
Train,5.44393691019073,5.44398997973915
Train,5.46872871561533,5.46866263008563
Train,5.49326303674949,5.49326617391783
Train,5.51736737991601,5.51742417407079
Train,5.54122606221557,5.5412524489577
Train,5.56475674883235,5.56480462366674
Train,5.58788171936932,5.5878556384407
Train,5.61077752604846,5.61071358434058
Train,5.63336492605065,5.63343012093467
Train,5.65556902245966,5.65555519213306
Train,5.6775590877445,5.67759713122653
Train,5.69917984269011,5.69910847246795
Train,5.7205959589905,5.72064633702324
Train,5.74173298466496,5.74169298682248
Train,5.76252041036768,5.76249546121037
Train,5.78311634976733,5.78316863670919
Train,4.29084151725906,4.2909044001892
Train,4.33470010483652,4.33476376846304
Train,4.37773721269599,4.37772785741911
Train,4.41997570640715,4.41980704998353
Train,4.46143761073512,4.46153684697058
Train,4.50214414793565,4.50220295803158
Train,4.54211577397613,4.54187209208542
Train,4.58137221281241,4.58150623190452
Train,4.61993248884198,4.61974228486654
Train,4.65781495764588,4.6578380510757
Train,4.69503733512348,4.69489178584557
Train,4.73161672511755,4.73167522435618
Train,4.76756964561985,4.76738886580936
Train,4.80291205364186,4.80293439690216
Train,4.8376593688291,4.83753169462146
Train,4.87182649589264,4.87191632603502
Train,4.90542784592618,4.90549901320194
Train,4.93847735667297,4.93812151682071
Train,4.97098851180219,4.97086904745013
Train,5.00297435925108,5.0027710770439
Train,2.12575379185299,2.12541778269154
Train,2.36184053442118,2.36018584155975
Train,2.58347892805492,2.58202354743774
Train,2.7924929982796,2.78859659890734
Train,2.9896772068128,2.9844037928335
Train,3.17600824102762,3.17167553826878
Train,3.35213082445846,3.34955869589542
Train,3.51929238149203,3.51684914976725
Train,3.6779546371834,3.67650918883667
Train,3.82874973914072,3.82723074247336
Train,3.97206318977672,3.96962433851807
Train,4.10879162028897,4.10690329374413
Train,4.23920961072463,4.23764542080537
Train,4.36374417654053,4.36225869162738
Train,4.48263045988161,4.48148137424071
Train,4.5965391637794,4.59586224287998
Train,4.70563476099865,4.70478801431021
Train,4.81021599991231,4.80931908335263
Train,4.91042719373235,4.90975595747225
Train,5.00678659759685,5.00561841890451
Train,2.12996243104071,2.13054322347601
Train,2.36380029922344,2.36342407325285
Train,2.58364577230244,2.58365452258588
Train,2.79111200653752,2.7909817973916
Train,2.98702950983806,2.98716404959417
Train,3.17216022997999,3.17213154768545
Train,3.34770506440688,3.34782702913729
Train,3.51407231242874,3.5141596650785
Train,3.67226467345,3.67253140579053
Train,3.82272654759459,3.82281198143685
Train,3.96587434985148,3.96614309083018
Train,4.10248942550304,4.10250137042315
Train,4.23288425011461,4.23303157756457
Train,4.35735511051347,4.35752508112931
Train,4.47652448724171,4.47661222263489
Train,4.59050556296247,4.59068641390261
Train,4.69983909093505,4.69995071144443
Train,4.80470308896046,4.80469905870198
Train,4.90526970660568,4.90533511234319
Train,5.0019830391867,5.00200542446621
Train,2.8140817237395,2.81380801687849
Train,2.97068681228013,2.97055867264064
Train,3.1209826968802,3.12106295815031
Train,3.26579719494306,3.26562534639309
Train,3.40520539118592,3.40493736672145
Train,3.53950448495652,3.53987237670593
Train,3.66876686011091,3.66852344490983
Train,3.7936627984433,3.79362936047913
Train,3.91421987871646,3.91426484434417
Train,4.03066033720511,4.03076126189192
Train,4.1430144555583,4.1427257481075
Train,4.25183571848964,4.25218146512564
Train,4.35712206066402,4.35680630497084
Train,4.45904297040337,4.45907141927749
Train,4.55760180901993,4.55776585530041
Train,4.65326326365141,4.65294821879
Train,4.74600677289787,4.74626303555054
Train,4.83596383955697,4.83595978567903
Train,4.92312057439473,4.92287555724691
Train,5.00787267668211,5.00754013908157
Train,2.75198417435638,2.75216533984279
Train,2.93176011806198,2.93185917911181
Train,3.10151818265004,3.10152914652938
Train,3.26186363350618,3.26202757129725
Train,3.4139548263443,3.41412927280474
Train,3.55822434517798,3.55853912916721
Train,3.69526043797068,3.69548654903631
Train,3.82559380780036,3.82619901239307
Train,3.94954207967051,3.94961465738673
Train,4.06787280033881,4.0683337629009
Train,4.18081116729331,4.18096956895099
Train,4.28871756503328,4.28942760322682
Train,4.39178563246932,4.3917182862235
Train,4.4905926500313,4.49054471210477
Train,4.58527299341893,4.5852052987277
Train,4.6760799001637,4.67586776095343
Train,4.76324630290442,4.76346731784654
Train,4.84687677479604,4.84687870126002
Train,4.92739369372744,4.92709198353917
Train,5.00486566914305,5.00407041339643
Train,3.8417176507736,3.8417219015639
Train,3.91584784032434,3.91594345903944
Train,3.98835474569483,3.98828138092652
Train,4.05893737521305,4.05891471675498
Train,4.12784305434423,4.12795925115936
Train,4.19513084467693,4.19492246022422
Train,4.2610215263498,4.26085202885882
Train,4.32523616459041,4.32523870869339
Train,4.38799439595774,4.3880995947977
Train,4.44934521247906,4.44914031661322
Train,4.50948561884176,4.50947319606642
Train,4.56815673274474,4.56807592995322
Train,4.62555494466262,4.62546795888486
Train,4.68172123451424,4.68163968611337
Train,4.73683253413611,4.73670067900751
Train,4.79064817149392,4.79069000810271
Train,4.84334483339475,4.84334516734018
Train,4.89495706061632,4.89473334857324
Train,4.94564468222251,4.9457303063093
Train,4.99518356304237,4.99426296938257
Train,3.98253890065541,3.98234185306067
Train,4.08761369672928,4.08746577518034
Train,4.18854649511616,4.18854884278265
Train,4.28521546873796,4.28512732585589
Train,4.37823206549898,4.37826061706367
Train,4.46746501188722,4.46722338007315
Train,4.55346149080236,4.5533943698749
Train,4.63608455940227,4.63584176465086
Train,4.7156775834943,4.71562524214026
Train,4.79254802685745,4.79236366464759
Train,4.866555381053,4.8665698299112
Train,4.93812420924155,4.9378580486293
Train,5.00711390613794,5.00729494151458
Train,5.07378616767312,5.07340203252827
Train,5.13837683026624,5.13831436197436
Train,5.20074737278202,5.20076181049738
Train,5.26123676121662,5.26107713699387
Train,5.31970887196367,5.31969770178624
Train,5.37647556806557,5.37647108980967
Train,5.43140365366362,5.43099168804768
Train,2.57541751153218,2.57525110004938
Train,2.66773351037141,2.66768940061159
Train,2.75724372216523,2.75803651449608
Train,2.84457538205123,2.8438544896919
Train,2.92956155818734,2.92927133849592
Train,3.0120574683691,3.01182754903059
Train,3.09263369745496,3.09269850266285
Train,3.17112960087315,3.17095406640076
Train,3.24740453320948,3.24706012618047
Train,3.32197990350572,3.32177487329248
Train,3.39470159682592,3.39476960152318
Train,3.46563787842457,3.46574933642044
Train,3.53465434688069,3.53443311683007
Train,3.60221630237717,3.60206256426612
Train,3.66817838554342,3.66808273008722
Train,3.73241114170206,3.73279591853427
Train,3.79534363890809,3.79523473889206
Train,3.85683695974665,3.8569486972476
Train,3.91676666194235,3.91677094795453
Train,3.9755297286727,3.97601282844628
Train,3.80579671084509,3.80484954461938
Train,3.88761316313648,3.88693812655331
Train,3.96672438214273,3.96695554350593
Train,4.04359978103431,4.04302682884666
Train,4.11816832579792,4.1175493589901
Train,4.19037317230911,4.19047657958729
Train,4.26063355140795,4.25972732600278
Train,4.32872618057114,4.32894284061625
Train,4.39504124743278,4.3942348442972
Train,4.45950510390379,4.45959486489231
Train,4.52205618977385,4.52104572796382
Train,4.58304654219205,4.58269735605357
Train,4.64240270334928,4.64240749626991
Train,4.70006219848319,4.69919018801304
Train,4.75634433085773,4.75596415121548
Train,4.81105583117705,4.81084805342037
Train,4.86449670167471,4.8640803860428
Train,4.9165954840518,4.916433436588
Train,4.96729010380623,4.96679529780452
Train,5.01685478030241,5.01636883811009
Train,3.98188350097481,3.98031341867248
Train,4.08680313198991,4.08625041244452
Train,4.18743392569821,4.18677849225717
Train,4.28403358940905,4.28304791490812
Train,4.37683958905783,4.37606201053425
Train,4.46621432301762,4.46577269689372
Train,4.55206859007462,4.55150724350026
Train,4.6347388523018,4.63439743959246
Train,4.71439900882862,4.7136752922663
Train,4.79121052153352,4.79102975524732
Train,4.86532350740154,4.86498909187069
Train,4.93687771773986,4.93635300593017
Train,5.00600341769128,5.00568565897923
Train,5.07282217769136,5.07241900344091
Train,5.13744758698589,5.13708521402371
Train,5.20008659660723,5.19964003306016
Train,5.26063413302367,5.26025372344086
Train,5.31928749055971,5.31886345527094
Train,5.3761341869516,5.37576447601826
Train,5.43125643020805,5.43077471656509
Train,3.80668383142648,3.8059995539654
Train,3.88882324463649,3.88855080859433
Train,3.96818513953141,3.96795114246855
Train,4.0452662335182,4.04496897245483
Train,4.11998889692586,4.11982251671655
Train,4.19229098888572,4.19203835995652
Train,4.26261526232672,4.26233200883801
Train,4.33088218963967,4.33068423961161
Train,4.39702627130198,4.39676644119684
Train,4.46144474884924,4.46122585755732
Train,4.52405781885642,4.52379643977768
Train,4.58494033062171,4.58477141211118
Train,4.64402494988882,4.64369151358481
Train,4.7016585324601,4.70160533436795
Train,4.75776254791856,4.75743933513807
Train,4.81226961763522,4.81212113840159
Train,4.86549494651916,4.86515722834813
Train,4.91736174083572,4.91719504860087
Train,4.96780333482289,4.96710047716554
Train,5.01710749632245,5.01626505750321
Train,3.8065923949056,3.80600605947186
Train,3.8886064197217,3.88830251360126
Train,3.96786976195571,3.96772321296087
Train,4.0448689179732,4.04457014572402
Train,4.11935854780802,4.11913698552164
Train,4.19178912752817,4.19157803939673
Train,4.26192366820588,4.26164553178317
Train,4.33018053607644,4.32996926603594
Train,4.39633105603756,4.39617900342931
Train,4.46076484849178,4.46055070403166
Train,4.52326142725459,4.52307145413509
Train,4.58418457612679,4.58400439732507
Train,4.64332181158807,4.64311384455435
Train,4.70101360927798,4.70087141200859
Train,4.75705526032968,4.75687234766449
Train,4.81176613996812,4.81163756009048
Train,4.86494905877313,4.86475223849923
Train,4.91690422774519,4.91676022294926
Train,4.96744170531372,4.96732120778618
Train,5.01684424331222,5.01647488016099
Train,3.80598169005923,3.80572998435603
Train,3.88779166806166,3.88772482793795
Train,3.96724349491768,3.96709800587198
Train,4.04408185478775,4.04398927018631
Train,4.11860531520063,4.1185213687015
Train,4.19091693476019,4.19078150848803
Train,4.26127611010044,4.26119054101148
Train,4.32944489962584,4.32937301285277
Train,4.3956767528864,4.3955114134071
Train,4.4600530671393,4.45995304812753
Train,4.52279565009858,4.52269958228429
Train,4.58368347116849,4.58357712626751
Train,4.64293431625981,4.64283851810908
Train,4.70061332515475,4.70055637362314
Train,4.75691234861754,4.75693033436185
Train,4.8116263403641,4.81159653838697
Train,4.86494444162969,4.86500229049782
Train,4.91691939854648,4.91693835357658
Train,4.96771882120041,4.96765959792831
Train,5.01715252220658,5.01686498666025
Train,3.80611745251136,3.80642555353118
Train,3.88797624132592,3.88825737302543
Train,3.96729311878952,3.96739011619432
Train,4.04401258563774,4.04414778889916
Train,4.11859352704821,4.11868400549722
Train,4.19096154830705,4.19113236926863
Train,4.26121370022128,4.26129104515642
Train,4.32944144029445,4.32960421319079
Train,4.39558250687602,4.39574989412652
Train,4.46001950625772,4.46013160889491
Train,4.52267654508243,4.5227716067195
Train,4.58362637107861,4.58364354995795
Train,4.64280482988252,4.64287825421637
Train,4.70054659279845,4.70051755942698
Train,4.75677680023322,4.75695695364923
Train,4.81155403926451,4.81161550277759
Train,4.86493390785072,4.86493574840572
Train,4.91685242712222,4.91694085127095
Train,4.96759620615572,4.96771484274653
Train,5.01709318144252,5.0169720135011
Train,2.13110503377716,2.13167853943672
Train,2.35756594039655,2.35722713643848
Train,2.57210037883986,2.57191300790803
Train,2.77517082443318,2.77464336548949
Train,2.96810411893084,2.96780730799876
Train,3.1512295209872,3.1510910143363
Train,3.32566733230252,3.32520662046521
Train,3.49164818564297,3.49136712013499
Train,3.65012812832061,3.64979968841292
Train,3.80126413950996,3.80067947517748
Train,3.94587996244982,3.94564525717144
Train,4.08407718700531,4.08303556926988
Train,4.21657174553676,4.21599203687149
Train,4.34342335170367,4.34282868609373
Train,4.46525915279511,4.46455286095736
Train,4.5821070869374,4.58163474243632
Train,4.69452047452633,4.69422048056297
Train,4.80250309683787,4.8016346463912
Train,4.90654633848788,4.90572717299731
Train,5.00663561660344,5.00586071272049
Train,2.12542718901151,2.12868895228824
Train,2.35680946642296,2.35857403765406
Train,2.57479096064832,2.57674143849293
Train,2.78093242996199,2.78262927064791
Train,2.97596930016715,2.97779807378104
Train,3.16058243735891,3.16223228619422
Train,3.33595177927774,3.33753908656147
Train,3.50240607310473,3.50379165184425
Train,3.66093959731246,3.66216483476021
Train,3.81194632167764,3.81304285930967
Train,3.95579907932705,3.9569517338525
Train,4.09328230255759,4.09416783460913
Train,4.22467195265162,4.22556572833785
Train,4.35023256725699,4.35095534159994
Train,4.4705959788426,4.4712097795484
Train,4.58583598150907,4.58641779047978
Train,4.6965051107009,4.69690022148937
Train,4.8027582378426,4.80298314287141
Train,4.90474721886879,4.90491054248489
Train,5.00292996845484,5.00310173907858
Train,3.09471856431002,3.09482547718947
Train,3.23500323401663,3.23492681403443
Train,3.36948600584679,3.36726451076104
Train,3.49814142093172,3.49760181360328
Train,3.62152099346461,3.62146668834178
Train,3.74011669859572,3.73924517029011
Train,3.85386675800813,3.85358911821752
Train,3.96338341441379,3.96343162619017
Train,4.06858886865565,4.06782885155483
Train,4.16988148579777,4.16985114846032
Train,4.26761921468376,4.26743169468248
Train,4.36170860181815,4.36121930255761
Train,4.4524835826098,4.45213721456023
Train,4.54024536245122,4.54008650945546
Train,4.62489176091581,4.62450041143823
Train,4.70682671634155,4.70610253008202
Train,4.78594487316106,4.78525042072509
Train,4.86250170191183,4.86205524367618
Train,4.93672894857503,4.93615226653422
Train,5.00851923481957,5.00791451349435
Train,3.12102400733333,3.12139541684813
Train,3.2516600495853,3.25088274937955
Train,3.37764850734976,3.37813877699521
Train,3.49961886205335,3.49886913746671
Train,3.61738623568338,3.61752411296696
Train,3.73152542089861,3.7317030702063
Train,3.84185090945959,3.84196099951735
Train,3.948889628503,3.94926212929497
Train,4.05245698182108,4.05239632774031
Train,4.1530377787631,4.15288298783637
Train,4.25044947762383,4.25067754826817
Train,4.34513964281639,4.34530206714701
Train,4.43692862425731,4.4369459223228
Train,4.52623089738912,4.52617576872511
Train,4.61287030698899,4.61231587726727
Train,4.69723180404271,4.69716263305529
Train,4.77914315195154,4.77845549507331
Train,4.85896285064671,4.85858190482325
Train,4.93652286807139,4.93572070046069
Train,5.01215791623429,5.01123430465234
Train,2.12802222313387,2.12834030640736
Train,2.36490506830686,2.36488568097341
Train,2.58741701361465,2.58706189229563
Train,2.79682731094542,2.79669417847547
Train,2.99426001799898,2.99412577387123
Train,3.18050290524228,3.18048453182494
Train,3.35688074995192,3.35659878386944
Train,3.5239672003733,3.52376010513693
Train,3.68247760551795,3.68247293106763
Train,3.83305571837262,3.83292854275281
Train,3.97628243440013,3.97626885568318
Train,4.11268328066721,4.11245713343599
Train,4.2427348591471,4.24261895043603
Train,4.36687041070761,4.3666876501113
Train,4.48548463667067,4.48561096597335
Train,4.59880853452407,4.59869470589841
Train,4.70743593043426,4.7073750524098
Train,4.81153385241181,4.81155168555345
Train,4.91137981519434,4.91134935002558
Train,5.00722911664882,5.00706746145736
Train,1.81038368656383,1.81162323042302
Train,2.02548317459678,2.02575152732536
Train,2.22448315080535,2.22476358024071
Train,2.40912590843956,2.40944062574566
Train,2.58091109202867,2.58125448136637
Train,2.74113651813628,2.74138849454105
Train,2.89093102363444,2.89118617277493
Train,3.03128110080254,3.0313958759318
Train,3.16305264842496,3.16353137763438
Train,3.28700885272938,3.28664983824204
Train,3.4036290244048,3.40340127207967
Train,3.51391553922327,3.51364979881258
Train,3.61819508414626,3.61909961486456
Train,3.71694542006264,3.71598618595383
Train,3.81059495178111,3.81058782581679
Train,3.8995289411069,3.89974900601303
Train,3.98409480442473,3.98443735353724
Train,4.06460664839623,4.06441462210862
Train,4.14134916861401,4.14088126708814
Train,4.21458101321029,4.21498307405566
Train,3.63871956291818,3.63892316508211
Train,3.68443844465506,3.68481972724042
Train,3.72943380900986,3.72921684737524
Train,3.77372269602578,3.77381938445181
Train,3.81732161481877,3.81805470032053
Train,3.86024656409576,3.86011730771791
Train,3.90251305172862,3.90265585256496
Train,3.94413611343421,3.94467710010506
Train,3.98513033060777,3.98485277533403
Train,4.02550984735411,4.02588221726112
Train,4.06512318277353,4.06530054322068
Train,4.10431649407969,4.10491021583878
Train,4.14293501937491,4.14236750131679
Train,4.18099131082732,4.18174002144154
Train,4.21849755776087,4.21871746591135
Train,4.25546559967218,4.25521665645577
Train,4.29190693869096,4.29224393139087
Train,4.3278327515116,4.32822956207677
Train,4.36325390082198,4.3633059447195
Train,4.39818094625394,4.39867752279973
Train,2.12394485879005,2.12380361301551
Train,2.36253145342356,2.36246878157838
Train,2.58639664325875,2.58637064680009
Train,2.79686217341245,2.79680920817121
Train,2.99509615828359,2.99492455246148
Train,3.18213477249621,3.18194295086071
Train,3.35890036774416,3.35847687657882
Train,3.52621668424383,3.5249578663854
Train,3.68482168623649,3.68387663200267
Train,3.83537844351841,3.83380819732268
Train,3.97865648210298,3.97786472296068
Train,4.11484315904178,4.1135174112271
Train,4.24460817712452,4.24276411670074
Train,4.36839527853357,4.36731774581424
Train,4.4866082419962,4.48514889134752
Train,4.59961528261212,4.59835261379269
Train,4.70775288291926,4.70670988611458
Train,4.81132913916585,4.81067938094496
Train,4.9106266928821,4.91002767990652
Train,5.00590530649725,5.0047672918365
Train,2.12454614480475,2.12471748264145
Train,2.36124242760022,2.36148733528465
Train,2.583596571022,2.5835514760249
Train,2.79287379339299,2.79292296650167
Train,2.99019474602229,2.9904943960057
Train,3.17634440962545,3.17664674729825
Train,3.35264488666534,3.35297409687267
Train,3.51966784244275,3.51992196281138
Train,3.67812682368655,3.67860918918016
Train,3.82866403305453,3.82948254108417
Train,3.97185902836873,3.97256978435983
Train,4.10823617927866,4.10948093449336
Train,4.23827108360367,4.23907071041979
Train,4.36239610883781,4.36307088216493
Train,4.4810051948849,4.4817925085001
Train,4.5943286719227,4.59483963502792
Train,4.70295978316444,4.70339710874689
Train,4.80706504866697,4.80761919896325
Train,4.90692153400672,4.90737973670478
Train,5.00278414163215,5.00298042343568
Train,3.61781769545303,3.61468764734966
Train,3.71311090183243,3.71067142389004
Train,3.8052118033507,3.80183894469813
Train,3.89461685899784,3.89380781936709
Train,3.98127783886077,3.9796273829554
Train,4.06515968127861,4.0628619510055
Train,4.14670308777205,4.1462164684883
Train,4.22570352652498,4.22385297059302
Train,4.30256964684118,4.30250012258987
Train,4.37724455012331,4.37609133354202
Train,4.44968274008806,4.44824031164465
Train,4.52025102506863,4.5199180247648
Train,4.58889006716147,4.58795991734881
Train,4.65555096029226,4.655215125563
Train,4.72056486130055,4.71853528845825
Train,4.78375096267509,4.78320254987487
Train,4.84541951261419,4.84445570564933
Train,4.90550990522963,4.90495721304544
Train,4.96397052250287,4.96272958450138
Train,5.02108382208846,5.01894629289311
Train,3.80529054130264,3.80421738508378
Train,3.88679681874998,3.88636227954633
Train,3.96582059737692,3.96499289984716
Train,4.04247359291613,4.04127780915881
Train,4.11702058066718,4.11648778101447
Train,4.18923660522049,4.1881976412835
Train,4.2593794489494,4.25812085353321
Train,4.32753712397606,4.32681939580219
Train,4.39379273013306,4.39347364256103
Train,4.45822479296398,4.45790034607783
Train,4.52104228020264,4.52067674559951
Train,4.58204247929134,4.58130159689174
Train,4.64143038938043,4.64121604957402
Train,4.69926909806741,4.69901252342536
Train,4.75561844390338,4.75527996024833
Train,4.81053522289395,4.81015613566999
Train,4.86418855309537,4.863562822665
Train,4.91639651904905,4.91601123281292
Train,4.96732599419534,4.96711357212846
Train,5.01702337281038,5.01638699163525
Train,3.80736096473406,3.8070428478088
Train,3.88858403413005,3.88846110182133
Train,3.96735867808067,3.96693014134437
Train,4.04379396240969,4.04390833465298
Train,4.11799256989397,4.11774214986438
Train,4.18989753363257,4.1892676650816
Train,4.25991190495825,4.2594546649518
Train,4.32796357812471,4.32794547269371
Train,4.39413394220815,4.39391062364596
Train,4.45849994758805,4.45842302042659
Train,4.5211344044673,4.52082252224066
Train,4.58210625762007,4.58205840406229
Train,4.64148083954705,4.64126503448208
Train,4.69932010399234,4.69951643381067
Train,4.75568284157655,4.75545969533708
Train,4.81050745255944,4.81057617842383
Train,4.86408474244579,4.86375036417597
Train,4.91634471224362,4.91642275536945
Train,4.96733535591866,4.96682928304584
Train,5.01710236398957,5.01681516122992
Train,2.61222951173734,2.61211172535625
Train,2.80811446214001,2.80873461946906
Train,2.99245153987645,2.99228503696871
Train,3.16576291100847,3.16501972152694
Train,3.3294516305902,3.32850156583229
Train,3.48387819132424,3.48229934780759
Train,3.63020333715609,3.62955924229321
Train,3.76867178625001,3.76842269178017
Train,3.90025659835759,3.89948475303684
Train,4.02511866849551,4.02432871687709
Train,4.14408337770664,4.14390505323102
Train,4.25725040133072,4.25687532199229
Train,4.36532726481494,4.36486692571564
Train,4.46836864157228,4.4679540710524
Train,4.56698679313312,4.5665850313919
Train,4.66120317185336,4.66094938170066
Train,4.75155213950906,4.75127756449659
Train,4.83803057829081,4.83766671003034
Train,4.92110847417142,4.92074906458513
Train,5.0007645517408,5.00022971254223
Train,2.41282712050804,2.41380018137282
Train,2.63109429546865,2.6305044541434
Train,2.83499448716023,2.83495283687737
Train,3.02637901735132,3.02592390388893
Train,3.20614058019622,3.20523328355487
Train,3.37530678295193,3.37386351712415
Train,3.53458766572841,3.53305507338085
Train,3.68520263962307,3.68488324707799
Train,3.82766101707114,3.8259949516207
Train,3.96260791403029,3.96173484539325
Train,4.09046122106435,4.09028296892869
Train,4.21207163177726,4.21207018360949
Train,4.32773961627218,4.3276001832048
Train,4.43789034675677,4.43780414097203
Train,4.54277702375156,4.54265372599842
Train,4.64302076594095,4.64306204179523
Train,4.73880211646381,4.7389907951758
Train,4.83041255545816,4.83034790018358
Train,4.91800795756756,4.91774421045487
Train,5.00205880059445,5.00103608515131
Train,3.80573082075371,3.80393516696425
Train,3.88773727770744,3.88718316325251
Train,3.96701709542473,3.9663920151281
Train,4.04402828289242,4.04345657595989
Train,4.11855134446702,4.11796346840058
Train,4.19101016451579,4.19050526551221
Train,4.26119208402135,4.26075388159664
Train,4.32949058491133,4.3289925481033
Train,4.39569993085284,4.39517958378495
Train,4.46018640179187,4.45988282300025
Train,4.52275117028072,4.52244444048413
Train,4.58373608070372,4.58341250377564
Train,4.64294912850176,4.64261559596273
Train,4.70071012561216,4.70038379162291
Train,4.75683375293796,4.75653060950138
Train,4.81161988722901,4.81145622381812
Train,4.86488972160738,4.86440893138136
Train,4.91692503600415,4.91669820067112
Train,4.96755333844134,4.96739474614808
Train,5.01703993013606,5.01649958620986
Train,3.80679963017006,3.80587919038883
Train,3.88853619945631,3.88788370136465
Train,3.96790495497618,3.96725271850958
Train,4.0446788190934,4.04467128942563
Train,4.11914158398224,4.11838018733691
Train,4.1913960576722,4.19045336759812
Train,4.26168896550085,4.26120508903407
Train,4.32980739164389,4.32918701152742
Train,4.39599177344604,4.39564671372066
Train,4.46032332614735,4.45941906692245
Train,4.52301259847589,4.52264200430657
Train,4.58386088680499,4.58357704777084
Train,4.64307442647552,4.64228377858238
Train,4.70071822294743,4.70024786175712
Train,4.75697405317594,4.75631826196989
Train,4.81165690988026,4.81110234260562
Train,4.86494560966168,4.86468416968931
Train,4.91689279812694,4.91638904875002
Train,4.96765701656937,4.96710303172515
Train,5.01706616086291,5.01637551354291
Train,2.1264630479748,2.12575491729443
Train,2.37653488173815,2.37598255675332
Train,2.60914260244254,2.60846319416599
Train,2.8260539302984,2.82539702203506
Train,3.0288058003377,3.02830029230538
Train,3.21851318760073,3.21807322659809
Train,3.39682319959956,3.39666183720986
Train,3.56453123581615,3.56447685939132
Train,3.72255555733417,3.7224750151356
Train,3.87171135732841,3.87173024113438
Train,4.01272482711095,4.01244427922868
Train,4.1462449798098,4.1461775581731
Train,4.27285363793612,4.27272975001254
Train,4.39307390910113,4.39300293127529
Train,4.50737741030857,4.50727820885298
Train,4.61605901206237,4.61601505705333
Train,4.7197740013585,4.71975602186942
Train,4.81873533550023,4.8186430188209
Train,4.91326250996789,4.91319421513911
Train,5.00364701636392,5.00345230724563
Train,2.12529399055227,2.12513535634865
Train,2.3610535701869,2.36076633044943
Train,2.58268886024907,2.58201057975314
Train,2.79143221890031,2.79009975504526
Train,2.98837669011927,2.98611696527881
Train,3.17428418293765,3.17189307047304
Train,3.35045654353513,3.34832530451898
Train,3.51744905314268,3.51508035351729
Train,3.6759609975407,3.67351614920265
Train,3.82662239611984,3.82345198779806
Train,3.97000237094471,3.96728385789468
Train,4.10661633102428,4.10399473525397
Train,4.23693216296233,4.2340874566464
Train,4.36137558470172,4.3588817132579
Train,4.48033479145105,4.47790891602856
Train,4.5940346890195,4.59172304353636
Train,4.70306509449464,4.70091410435928
Train,4.80758836390749,4.80492271695332
Train,4.90787831398354,4.90470915406989
Train,5.00418702186823,5.00009405584135
Train,2.89537513363056,2.89620587131069
Train,3.0536379441106,3.05449212721872
Train,3.20420484140988,3.20430090467128
Train,3.34802429362926,3.34932661268179
Train,3.48515656987851,3.48483270455402
Train,3.61642334737393,3.61749187800818
Train,3.74184210854682,3.74195635346335
Train,3.86213073069763,3.86218450463569
Train,3.97727516498583,3.97713882441097
Train,4.08790741579409,4.08835335345359
Train,4.19399024030099,4.19369167252374
Train,4.2960839175057,4.29629108087031
Train,4.39413423522894,4.39400858530937
Train,4.48864103584654,4.488793932461
Train,4.57953781612972,4.57940565639658
Train,4.66727308145552,4.66713053460192
Train,4.75177157289784,4.75173406675024
Train,4.83343786296961,4.83338251109601
Train,4.91219062008994,4.91213206086034
Train,4.98839656101453,4.98817157215238
Train,2.12906418543011,2.12947996305523
Train,2.35308141300262,2.35316746312968
Train,2.56542882672524,2.56520211209793
Train,2.76699515810088,2.76670270881662
Train,2.95858112928632,2.95842732347158
Train,3.14110098486479,3.140792407695
Train,3.31481911535804,3.31463386129256
Train,3.48053063417806,3.48022745243655
Train,3.63877660574406,3.63850908243988
Train,3.79005041695326,3.7898207547398
Train,3.93480291554596,3.93449176146462
Train,4.07344689795771,4.07323037214449
Train,4.20636104075348,4.20611603518339
Train,4.33389335449844,4.33364964125142
Train,4.456364226402,4.45619760817793
Train,4.57419294059069,4.57407899046596
Train,4.68740004454056,4.68714029214901
Train,4.79636676456226,4.79625171687733
Train,4.90132696795993,4.90119639960106
Train,5.00249763470914,5.00218150039948
Train,2.11327924112793,2.1137563044824
Train,2.35658173031271,2.3568481535069
Train,2.58402546934839,2.58398519871046
Train,2.79756895725251,2.79774278084663
Train,2.99823329121516,2.99808960545782
Train,3.18714950788917,3.18712663415793
Train,3.36512869458639,3.36501162991702
Train,3.53345533466973,3.5335466490644
Train,3.6927224139305,3.692284958189
Train,3.84364216199312,3.84384533471096
Train,3.98669984920483,3.98629439904037
Train,4.12278726264177,4.12289573508972
Train,4.25226189343012,4.25201431377284
Train,4.37559430295279,4.37593555869101
Train,4.49308448494283,4.49288031943
Train,4.60538031108931,4.60543066923786
Train,4.71270265088896,4.71268708208957
Train,4.81537475333231,4.81543089143745
Train,4.91358611179845,4.91356828720675
Train,5.00782502962246,5.00763858739377
Train,2.11931570564177,2.11945719091384
Train,2.3406265962765,2.34052349655324
Train,2.55116795758867,2.55097002099795
Train,2.75129450116235,2.75124794305087
Train,2.94195662315319,2.94143340576486
Train,3.12399779507719,3.1239607890668
Train,3.29763110619184,3.29688406969147
Train,3.46376840277535,3.46362329607949
Train,3.62255649902256,3.62205176135397
Train,3.77462943147285,3.77445074570935
Train,3.92055509928084,3.92002154730219
Train,4.0604092681375,4.06008110568221
Train,4.19470191116971,4.19441844407195
Train,4.32389192490515,4.32364173581594
Train,4.44800740475618,4.44773507282955
Train,4.56758893748675,4.5674094900671
Train,4.68264181646858,4.68250972535246
Train,4.79353331726023,4.79333698101548
Train,4.90059612973595,4.90041494625187
Train,5.00381083553416,5.00340591922871
Train,2.12839386717379,2.12815928974963
Train,2.365771339067,2.3655989566207
Train,2.58861642001629,2.58840790784891
Train,2.79822399569451,2.79812038034582
Train,2.99595677854541,2.99586968817969
Train,3.18238533043354,3.18219031657211
Train,3.35864594203122,3.35860034825167
Train,3.52554838030815,3.52533908218468
Train,3.68381865018817,3.68365408595785
Train,3.83410955193628,3.83379541245015
Train,3.97716753219631,3.97712097685438
Train,4.11320149800927,4.11320327915312
Train,4.24285952041615,4.24265198648866
Train,4.36657959778536,4.36648662750597
Train,4.48476050856266,4.48447971694189
Train,4.59776610501519,4.59757755589747
Train,4.70604892226684,4.70582712592225
Train,4.80966900378909,4.80959962677592
Train,4.90903120470013,4.90872801555018
Train,5.00439268407793,5.00409297001463
Train,3.72531940591216,3.72579800870083
Train,3.81355006248276,3.81350270574988
Train,3.89910370578193,3.89937493852561
Train,3.98176646028418,3.98216179820813
Train,4.06200497426463,4.06213652642621
Train,4.1396107291213,4.13983430236042
Train,4.21501447792363,4.21496598287852
Train,4.28801348777979,4.28826290188884
Train,4.35900664635875,4.35929854962454
Train,4.42779725741733,4.42779095884473
Train,4.49475579342107,4.49513646303169
Train,4.55969171397872,4.55972060773932
Train,4.62295004665311,4.62312113639494
Train,4.68434642897675,4.68451247972483
Train,4.74420301403268,4.74445396758822
Train,4.80234156827577,4.80254431874276
Train,4.85906360552771,4.85907944938956
Train,4.91419692076629,4.91441195643277
Train,4.96802434118798,4.96798796900769
Train,5.0203795533777,5.02042150186319
Train,2.12342114714285,2.12423629210319
Train,2.34787688663283,2.34821527745519
Train,2.56067714470089,2.56136211176566
Train,2.76270681057394,2.76309656439046
Train,2.95454483116554,2.95509173433241
Train,3.13735944970684,3.13794140389585
Train,3.31157383725271,3.3120361070389
Train,3.47778092391275,3.47834127437384
Train,3.63652035933355,3.63699696620754
Train,3.78828436590831,3.78862799188503
Train,3.93335700316597,3.93391465593889
Train,4.07248886439546,4.07295006500793
Train,4.20588483348326,4.20625274034976
Train,4.33389245095729,4.33419275139316
Train,4.4568317363142,4.45724334778354
Train,4.5749978593045,4.57524723293248
Train,4.68853339679662,4.68894457157078
Train,4.7979556877325,4.79823067616892
Train,4.90336333270543,4.90344459815899
Train,5.00497329444606,5.00473772768167
Train,2.1208704296624,2.12119974917662
Train,2.34465519429434,2.3445816150954
Train,2.55717767725885,2.55713296948236
Train,2.75878680337357,2.75873513536065
Train,2.95075851920009,2.95070090415468
Train,3.13333216068679,3.13323637064534
Train,3.30759612221184,3.30757333038057
Train,3.47370835082017,3.47368007462067
Train,3.63260634091391,3.63265408479058
Train,3.78438719218116,3.78448660923389
Train,3.92986554903779,3.9300357060158
Train,4.06909280128947,4.06926981903164
Train,4.20278250003747,4.20298899919292
Train,4.3309515951509,4.33125451899762
Train,4.45422962792305,4.45456175664297
Train,4.57260757488032,4.57289838277505
Train,4.68664453331732,4.68682107479183
Train,4.79631191747419,4.79636394467819
Train,4.90210926517572,4.90203819194651
Train,5.00399331640657,5.00395316469733
Train,2.12924931223767,2.13045875377723
Train,2.35912135883691,2.3592994615203
Train,2.57606560891658,2.57664047717047
Train,2.78134971765133,2.78193828191727
Train,2.97549677801343,2.97552640314027
Train,3.15957488024274,3.16007894031939
Train,3.33434752821244,3.33472574550181
Train,3.5005029360257,3.50068526000471
Train,3.65882320039333,3.6591561661073
Train,3.80954418524963,3.80987564892278
Train,3.95334573313776,3.95349762392582
Train,4.09069364756216,4.09082894062088
Train,4.22214607077486,4.22241443607275
Train,4.34781929167818,4.3479719881718
Train,4.46820830188515,4.46832222066517
Train,4.58363951855301,4.58376409169726
Train,4.69441301658393,4.69446560146319
Train,4.80091331381728,4.80099126072603
Train,4.9031747958769,4.9032113602327
Train,5.0015455379266,5.00146412109755
Train,2.12268676356649,2.12306660215038
Train,2.35437024298205,2.35447980683169
Train,2.57261457400547,2.57253444938326
Train,2.77900928900267,2.77922128927387
Train,2.97427889183946,2.97427204870403
Train,3.15929927688799,3.15934250198846
Train,3.33466344003837,3.33473442622128
Train,3.50147538002271,3.50147344813306
Train,3.66017057548459,3.66023819167024
Train,3.81132737330689,3.81138655367907
Train,3.95531135041539,3.95531087142738
Train,4.09292492768439,4.09300829719653
Train,4.22443618249143,4.2244493534847
Train,4.35024221157688,4.35025319773124
Train,4.47057315835938,4.47064790390798
Train,4.58603412447468,4.58602000852191
Train,4.69679208283185,4.69684110263845
Train,4.80312864558078,4.80320247581697
Train,4.90519018636411,4.90523568449792
Train,5.00344703892792,5.00338170785038
Train,2.12265009782257,2.12255748456594
Train,2.35572979025563,2.35557372367405
Train,2.5750598392882,2.57481105352711
Train,2.78228252437193,2.78205086876845
Train,2.97815509591462,2.97796038624731
Train,3.16337869508461,3.16322563730067
Train,3.33919032227398,3.33890065083618
Train,3.50610313654632,3.50572961597866
Train,3.66459901773056,3.664197031135
Train,3.81563599656026,3.81529216871352
Train,3.95956741881483,3.95935198671871
Train,4.09688318371382,4.096606151935
Train,4.22788248146663,4.2277305123964
Train,4.3532717463446,4.35301806131904
Train,4.4732692247139,4.47308219507179
Train,4.5880866177951,4.58781623787875
Train,4.69829906504583,4.69807779065671
Train,4.80405938971801,4.80387441088099
Train,4.90551810405756,4.90549413594929
Train,5.0031513190045,5.002859575746
Train,2.12003463554383,2.11918270966565
Train,2.35714783650814,2.35619137022443
Train,2.57988878253158,2.57902730353747
Train,2.78952576432176,2.78901426368905
Train,2.98718210835904,2.98647688712593
Train,3.17385631307468,3.17345484391192
Train,3.35043891934648,3.3501131051082
Train,3.51772671694906,3.51737243406317
Train,3.67643476517014,3.67636881020301
Train,3.82720661015239,3.82715776083135
Train,3.97076419218273,3.9707996196805
Train,4.10734393666354,4.10733040238049
Train,4.23757068763201,4.23770017839636
Train,4.36187763354051,4.36209827109927
Train,4.48065945461069,4.48069413086635
Train,4.59427650878617,4.59443835649948
Train,4.70305848327393,4.70323991023836
Train,4.80730758961421,4.80764954634217
Train,4.9073013674932,4.90756835294745
Train,5.00329515207782,5.00339227441075
Train,3.80508631483291,3.80512892943009
Train,3.88654810933985,3.88640581727234
Train,3.96554137244398,3.96567007210181
Train,4.04217663505703,4.04216919830217
Train,4.11655792629238,4.11650937692978
Train,4.18878324460844,4.18895147617443
Train,4.25894498856847,4.25894939822613
Train,4.32713035119821,4.32713767895187
Train,4.39342168148047,4.39353869766567
Train,4.45789681613797,4.45785254336009
Train,4.52062938451491,4.52086636803072
Train,4.58168908906809,4.58172839919574
Train,4.64114196371404,4.64111636544042
Train,4.69905061204529,4.6991269127386
Train,4.75547442722233,4.75553629804493
Train,4.81046979516499,4.81047120781225
Train,4.86409028250449,4.86409341865804
Train,4.91638681061312,4.91638643003464
Train,4.96740781690015,4.967398258442
Train,5.01719940444774,5.01714538879899
Train,3.18919590616482,3.18967137907678
Train,3.35110363820856,3.35109454914639
Train,3.50017321443827,3.50021645709351
Train,3.63809633302091,3.637908834414
Train,3.76566391271009,3.76546850370435
Train,3.88419202512317,3.88388329438315
Train,3.99460860156457,3.99418369130147
Train,4.09771876847839,4.09723067688104
Train,4.19438176813094,4.1937753909617
Train,4.28488832998997,4.28425350718974
Train,4.36994699884477,4.36937167860308
Train,4.4500352933538,4.44902999556437
Train,4.52570006680876,4.5250720242759
Train,4.59706403329089,4.59607458209141
Train,4.66459410755469,4.66461375488073
Train,4.72859116050274,4.72811453266625
Train,4.78932538379668,4.788830183704
Train,4.84713484658777,4.84666895085614
Train,4.90204523927743,4.90134865899311
Train,4.95435506960501,4.95373895929445
Train,2.12396630538222,2.12401754083406
Train,2.35179801990334,2.35182127044321
Train,2.56719130228627,2.56717382304053
Train,2.77113769693759,2.77113993707756
Train,2.96472585072628,2.96473753610847
Train,3.14834545487138,3.14837257687325
Train,3.3229274537559,3.32295478624222
Train,3.48912305658993,3.48911596514811
Train,3.64752237575987,3.64757469038089
Train,3.79866142779374,3.79866077859991
Train,3.94317785281554,3.94324625892407
Train,4.08121105218151,4.08121239946125
Train,4.21332460613861,4.21333259160677
Train,4.33989132251716,4.33997326869142
Train,4.46125334785472,4.46126665129052
Train,4.57772525603336,4.57774530424215
Train,4.68971305924139,4.68975271710154
Train,4.79724700049699,4.79723043737543
Train,4.90069504887542,4.90069452249666
Train,5.00028573597156,5.00023341874042
Train,2.12959268598176,2.12948053210787
Train,2.34922797403016,2.34929908932757
Train,2.55808462116416,2.55818760523401
Train,2.75693707001518,2.75709734596533
Train,2.94648730718673,2.94676714972523
Train,3.12737314322413,3.12759551169732
Train,3.300175382515,3.30042711568533
Train,3.46542405295298,3.46574185194116
Train,3.62360383613738,3.62392194521747
Train,3.77515881529847,3.77539880361222
Train,3.92049663890815,3.920836011089
Train,4.05999218218508,4.0603419306601
Train,4.19399077574487,4.19421516055011
Train,4.32281105994149,4.32297142361788
Train,4.44674751456767,4.44694409194129
Train,4.56607270619007,4.56628748427759
Train,4.68103928921828,4.68127718468098
Train,4.79188179162676,4.7919221726763
Train,4.89881821189066,4.89893157400659
Train,5.00205145001714,5.00192989551509
Train,2.12566445510026,2.12530041404828
Train,2.3510771857013,2.35085381111206
Train,2.5643697422057,2.56400806309032
Train,2.76693524240595,2.76622487123971
Train,2.95935288700232,2.95822959684959
Train,3.14216688607041,3.14101983990188
Train,3.31645903249907,3.31523288932588
Train,3.48262977900552,3.48171458548243
Train,3.64106046988412,3.64000519498516
Train,3.79261081227122,3.79139480287925
Train,3.93756061359706,3.93685457336253
Train,4.07633189810952,4.07514097359965
Train,4.20916581699346,4.20875462639308
Train,4.33671472675721,4.33645432473279
Train,4.45915344895581,4.45901399166835
Train,4.57665406274027,4.57659197439282
Train,4.68975735968976,4.68968776344557
Train,4.79858602189858,4.79851438962872
Train,4.90326284345048,4.90318564966149
Train,5.00424258269513,5.00372705316043
Train,0.883406418023391,0.883893096094861
Train,1.16053240111596,1.16045589915232
Train,1.415347312742,1.41553155624136
Train,1.64968499032115,1.64971523683128
Train,1.8662672181082,1.86644786157124
Train,2.06736284559467,2.06745103616707
Train,2.25397073943433,2.254152394976
Train,2.42788327684906,2.42779827379057
Train,2.59061699747766,2.59065494056197
Train,2.74272144222805,2.7428496348832
Train,2.88543657785304,2.88536211752146
Train,3.01960576818161,3.01986773818428
Train,3.14618016407275,3.14620930205204
Train,3.26539767298131,3.26539779426751
Train,3.37806498066384,3.37808878834697
Train,3.48488162631605,3.48514747385273
Train,3.58596105495869,3.58618884938844
Train,3.6819099195626,3.68192226763424
Train,3.77325840106972,3.77316536390866
Train,3.86004507831147,3.86062347276241
Train,2.1277819703467,2.1268485172652
Train,2.3553920426656,2.35536353886639
Train,2.57056746525497,2.57013305421354
Train,2.774510200992,2.77459162723901
Train,2.96767848696358,2.96708520596006
Train,3.15109327755476,3.15091178322403
Train,3.32547509579793,3.32480011515438
Train,3.49147520042057,3.49119403134612
Train,3.64984737003697,3.64966420596032
Train,3.80079286731003,3.80034104573063
Train,3.9449711958806,3.94485069827645
Train,4.0828274556459,4.08259135424963
Train,4.21490531602045,4.2144342360509
Train,4.34129827692849,4.34105605924126
Train,4.46249118487946,4.46243418218658
Train,4.57879848197566,4.5785158506835
Train,4.69050975921922,4.69034732290968
Train,4.79800371026766,4.79791006106391
Train,4.90129987929587,4.90131032140855
Train,5.00074266561156,5.00019013433778
Train,2.1202359420544,2.12092473297455
Train,2.35623760001112,2.3564952129593
Train,2.5780921314055,2.57837722529733
Train,2.78703459336688,2.78725344418784
Train,2.98416034608739,2.98439169917331
Train,3.17044426101161,3.17058590782402
Train,3.34675684452105,3.3470400580329
Train,3.51387783992243,3.51421412754938
Train,3.67250775616745,3.67265958389838
Train,3.82327768285522,3.82363106673368
Train,3.96675768152906,3.9670635891009
Train,4.1034639885138,4.10375152030177
Train,4.23386522114016,4.23417728322168
Train,4.35838774460766,4.35877085846662
Train,4.4774203290061,4.47773701736808
Train,4.59131820366708,4.59173932662746
Train,4.70040659791529,4.70073321841049
Train,4.80498384255612,4.80519087312062
Train,4.90532409438881,4.90543171971806
Train,5.00167973614037,5.00166345361797
Train,3.74273550016899,3.74275144778879
Train,3.82874242906088,3.82879342100498
Train,3.91204548926235,3.91206249669561
Train,3.99277021307129,3.9927818462413
Train,4.07103448043977,4.07107180690512
Train,4.14694909332201,4.14696890837079
Train,4.22061829905803,4.22061805269116
Train,4.29214026799212,4.29214222144513
Train,4.3616075299277,4.36160352324007
Train,4.42910737349907,4.42910439773844
Train,4.49472221208447,4.49472314830858
Train,4.55852991948575,4.55852315803279
Train,4.62060413824944,4.62061468970863
Train,4.68101456319575,4.68101446127478
Train,4.73982720245054,4.73981799599572
Train,4.79710461803561,4.79711084159428
Train,4.85290614786091,4.85294601989447
Train,4.90728811077458,4.90726290164387
Train,4.96030399616043,4.96031193566453
Train,5.01200463942448,5.01201502240586
Train,3.79693439556105,3.79698227789707
Train,3.87713520306871,3.87702904711407
Train,3.9550573806178,3.95513809706902
Train,4.03066236005442,4.03072922392242
Train,4.10431291925466,4.1042033029946
Train,4.17595643483801,4.17627463012398
Train,4.24567384459165,4.24536913471023
Train,4.31354179207023,4.31387021037811
Train,4.37951559202317,4.37927585905275
Train,4.44390176439146,4.44419503183165
Train,4.50664522886314,4.5061030144818
Train,4.5678080600802,4.56797397619014
Train,4.62734330767854,4.62726881671845
Train,4.68552151860691,4.68566631210272
Train,4.74228743974852,4.74184724203517
Train,4.79769187990683,4.79779670033825
Train,4.85178323955669,4.85196738761372
Train,4.90451375460769,4.90432764980799
Train,4.95611737794341,4.9560006246313
Train,5.00653996048326,5.00637459432913
Train,2.1221828949409,2.12277174092672
Train,2.33175225558076,2.33193916105959
Train,2.5328438757832,2.5330851926585
Train,2.72558592830184,2.7258566576704
Train,2.91066809938173,2.91088859985687
Train,3.08853811646379,3.08857190365527
Train,3.25977644433965,3.25978658047755
Train,3.42442543521786,3.42427300202255
Train,3.58301291669796,3.58286282951961
Train,3.73586756797782,3.73574017425129
Train,3.88343881385723,3.88343090147394
Train,4.02571753041377,4.02597135149265
Train,4.1631175952725,4.16293360685016
Train,4.29588570789803,4.29599545014865
Train,4.42437781882477,4.4242952672423
Train,4.54855396622357,4.54862288452498
Train,4.66874551509666,4.66887684289325
Train,4.78514122530234,4.78512247835827
Train,4.89802858904853,4.898093196781
Train,5.00734949443841,5.00726625148603
Train,2.127363861585,2.12874217303691
Train,2.36120034487585,2.36196316431163
Train,2.58131109369605,2.58218508512003
Train,2.78887016057013,2.78975430200738
Train,2.98473759057274,2.98558882462678
Train,3.1702220432636,3.17112935780026
Train,3.34596255326694,3.34688071527783
Train,3.51270727830512,3.51362865595659
Train,3.67112969428027,3.67189400994105
Train,3.82183768690393,3.82267172420618
Train,3.96524621173849,3.96630335972371
Train,4.10213074547067,4.10313109471029
Train,4.23280324799678,4.2337752079395
Train,4.35767720435445,4.35817109926141
Train,4.47713019960063,4.47732204880161
Train,4.59150773221558,4.5915723153041
Train,4.70102304081977,4.70109740717383
Train,4.80617825226882,4.80622117897949
Train,4.90713312034883,4.90714916779983
Train,5.00413438630347,5.00413497161865
Train,2.12697172194735,2.12716078159358
Train,2.34708100812815,2.34724223581291
Train,2.55662844887172,2.55668313241334
Train,2.75589571631045,2.75604462622799
Train,2.94584034493259,2.9459773496885
Train,3.12710161436918,3.12719945326101
Train,3.30046199925953,3.30053116777638
Train,3.46604339843245,3.46614972406972
Train,3.62454114621304,3.6245935012332
Train,3.77640028600461,3.77648196639641
Train,3.92219814783348,3.92236634858566
Train,4.06196608943863,4.06196820885382
Train,4.19622609537134,4.19641805198919
Train,4.32529745712326,4.3253166548959
Train,4.44961942211055,4.44970095947722
Train,4.56917146386033,4.56906331714638
Train,4.68435652012277,4.68453632624299
Train,4.79540957440937,4.7953648871546
Train,4.90267360385345,4.90281003166386
Train,5.00609851481497,5.0054232243667
Train,2.12679631226947,2.12705953654516
Train,2.35941052263164,2.35944887793378
Train,2.57855838927712,2.57880815551037
Train,2.7853763926517,2.78518704649762
Train,2.9807093859723,2.98056155760353
Train,3.16580492170389,3.16568410309194
Train,3.34129673264503,3.3412689961617
Train,3.50791335586963,3.50793835223815
Train,3.66631145689403,3.66606666816663
Train,3.81708447918541,3.81714161871717
Train,3.9606466690095,3.96061950063379
Train,4.0977387037355,4.09767549682077
Train,4.22867562454959,4.22879393579863
Train,4.35386285562561,4.35374431060994
Train,4.47367098020691,4.47364108869372
Train,4.58843940454499,4.58853409353035
Train,4.69838477973748,4.69823875181758
Train,4.80398676873918,4.8039488219067
Train,4.90541021219951,4.90546219007886
Train,5.00289830872002,5.00276082309504
Train,2.11959601515214,2.11970511333787
Train,2.35722643235063,2.35713606704597
Train,2.58036662613676,2.58027615380636
Train,2.79030275957965,2.79019975925551
Train,2.98817315549093,2.98811123717244
Train,3.17512527668088,3.17508127868426
Train,3.35178037342223,3.35171837307937
Train,3.51908850969932,3.51904940939788
Train,3.67777239842959,3.67774060643135
Train,3.82848211710734,3.82844290723663
Train,3.97180400931826,3.97177385692269
Train,4.10826830850856,4.10824291159882
Train,4.23835569298829,4.23832841682018
Train,4.36250294297825,4.36249079344928
Train,4.48110784000778,4.48107913212446
Train,4.59461671815349,4.59458772279616
Train,4.70319147943707,4.70318820992109
Train,4.80722338508463,4.80719285527378
Train,4.90699170771931,4.9069735924197
Train,5.0027532885297,5.00274909702714
Train,2.12039105261456,2.12033185677431
Train,2.3519822061585,2.35219400609933
Train,2.57043058964956,2.57017507582644
Train,2.77682410972723,2.77694601144979
Train,2.97213382689387,2.97215922262624
Train,3.15722923256873,3.15725164983744
Train,3.3328911903418,3.33270099546938
Train,3.49982294773069,3.49992831636267
Train,3.65865954593095,3.65847348557802
Train,3.80997589302896,3.81021947084012
Train,3.95429371703377,3.95426189917564
Train,4.09208757596232,4.09195296345136
Train,4.22379007087277,4.22378379631776
Train,4.3497963825008,4.34975091581803
Train,4.47046823172203,4.47054884695465
Train,4.58613734744369,4.58612960592584
Train,4.69710851194662,4.69705666619778
Train,4.80366224254902,4.80370853131829
Train,4.90605715927261,4.90600698603451
Train,5.00453208058388,5.00448645817162
Train,3.22398001027772,3.2248411406283
Train,3.29707425894986,3.29742837417073
Train,3.36821696589716,3.36858377238535
Train,3.43748525777209,3.43766243624416
Train,3.50495224991938,3.5051980782366
Train,3.57068730381067,3.57104946609546
Train,3.63475626490474,3.63506178061582
Train,3.69722168264786,3.69740489774925
Train,3.75814301415965,3.75851757874555
Train,3.81757681299849,3.81774841272566
Train,3.87542571072129,3.87548553317104
Train,3.93204693596976,3.93214739151811
Train,3.98733443150319,3.98724307079031
Train,4.04133477336249,4.04145201655704
Train,4.0940923938599,4.09399839079854
Train,4.14564970351116,4.14568288854501
Train,4.1960472047389,4.19599420233792
Train,4.24532359798794,4.24538953682279
Train,4.29351588083683,4.29332223727691
Train,4.34065944063894,4.34081019386142
Train,2.41237842794327,2.41195289148093
Train,2.51041837603494,2.5099340521949
Train,2.60552362221936,2.60556279709929
Train,2.69824767652747,2.69797087122354
Train,2.78826511213988,2.78800092515233
Train,2.87609419753086,2.8760155109296
Train,2.96142144075541,2.96109407064726
Train,3.04473318691561,3.04404778736646
Train,3.12572747707103,3.12551938630279
Train,3.20486164527284,3.20481856122135
Train,3.28184484139847,3.28149854620936
Train,3.35710795500672,3.35705320550117
Train,3.43037080987208,3.42987885433397
Train,3.50204012163821,3.50186508336922
Train,3.57184595081877,3.57166274799168
Train,3.64017285519684,3.63968387865246
Train,3.70676069880167,3.70681783737676
Train,3.77197367779375,3.77148592003435
Train,3.83556103484577,3.83540531679248
Train,3.89786821011268,3.89733259742864
Train,2.11374944733475,2.11386812994827
Train,2.34061683915293,2.34066367127455
Train,2.5556287583463,2.55565962211333
Train,2.75929575866743,2.7593265019925
Train,2.95267995739892,2.95270605183689
Train,3.13654092174186,3.13657175899355
Train,3.31173517103357,3.31175823687884
Train,3.47853700265252,3.47859597717545
Train,3.63768985289354,3.63770951930494
Train,3.78970806428591,3.78974566891996
Train,3.93520233142538,3.93524537449342
Train,4.07431271148091,4.07433738202892
Train,4.20757997417101,4.20764232876466
Train,4.33536469354172,4.33538334343687
Train,4.4581179357134,4.45817779080538
Train,4.57590120583772,4.57593186256347
Train,4.68912065863185,4.68916077506877
Train,4.79803650811661,4.79806292234864
Train,4.90299193878839,4.90302843600441
Train,5.00400163362495,5.00404964703123
Train,3.84189218210925,3.84177617687167
Train,3.91914570888167,3.91905535225599
Train,3.99404245335493,3.9939898612349
Train,4.06697075439214,4.06685355572629
Train,4.13773209783996,4.13770566803508
Train,4.20668850268692,4.20661580545423
Train,4.2736477309011,4.27358975596438
Train,4.33894810605683,4.33893203395858
Train,4.40240362912144,4.40227574836829
Train,4.46433121481758,4.46428513465001
Train,4.52455101246306,4.52448238156942
Train,4.58336052897372,4.58334704930096
Train,4.64058593291853,4.64052142968579
Train,4.69650708194124,4.69645083462022
Train,4.75095600778627,4.7509189579607
Train,4.80419647036785,4.80414545314418
Train,4.8560661902854,4.85603865261076
Train,4.90681420376901,4.90676412917604
Train,4.95628373434393,4.95622345868763
Train,5.00471031572566,5.00462654517399
Train,3.17326917347123,3.17329541455477
Train,3.31114591244312,3.31110366912547
Train,3.44256973444773,3.44258411608755
Train,3.56798329569134,3.56794585107785
Train,3.68794945837806,3.68792162885368
Train,3.80250955511672,3.8025036199899
Train,3.91216706133744,3.91215105813829
Train,4.01723009311391,4.01724615427086
Train,4.11798147716839,4.11793633353885
Train,4.21468129330634,4.21472110324906
Train,4.3076933378866,4.30767825832957
Train,4.39698546294538,4.39698065285414
Train,4.48289119812497,4.48287777145672
Train,4.56559960089773,4.56563389948063
Train,4.64528591275479,4.64526847556702
Train,4.72211279862145,4.72212734456046
Train,4.79633078743111,4.79637787552131
Train,4.86787852528508,4.86791727783496
Train,4.93699006652049,4.93697388521035
Train,5.00378775675194,5.0038119264493
Train,2.42746433646033,2.42757435375027
Train,2.48640199061086,2.48645597754442
Train,2.54435298802687,2.54452796943881
Train,2.60174376549108,2.60179893924144
Train,2.65838252697084,2.65848889736229
Train,2.71408770691495,2.7141980477056
Train,2.76926864099013,2.76921155385137
Train,2.82354918999678,2.82371879952846
Train,2.87732786557413,2.87733369605778
Train,2.9304241777447,2.9305426057101
Train,2.98266694162148,2.98286032051622
Train,3.03443921864485,3.03443147744768
Train,3.08556684506708,3.08569791239936
Train,3.1358844595936,3.13584515423211
Train,3.18576056252825,3.18607117067152
Train,3.23485397289149,3.23471595115846
Train,3.2835239492721,3.28368145920033
Train,3.3316061741713,3.33165113865037
Train,3.3789443720149,3.37905993575917
Train,3.42588457504986,3.42592401720979
Train,1.82646787689097,1.82801819722884
Train,1.90525791844439,1.90581204895282
Train,1.98270267548582,1.98303629072619
Train,2.05883631103993,2.05887802449363
Train,2.13391473999949,2.1346900578312
Train,2.20752038594211,2.20766312271301
Train,2.27991079699546,2.28119295680083
Train,2.35111582218725,2.35196786331583
Train,2.42116434093403,2.4216640019615
Train,2.49008430209492,2.49135358029092
Train,2.55810478786715,2.55802411223633
Train,2.62484475181526,2.62583083619323
Train,2.69053485946431,2.69047289275771
Train,2.75519968971901,2.75607926933956
Train,2.81886306018045,2.81907612144208
Train,2.88154805639523,2.88192806117079
Train,2.94346101440315,2.94352309857571
Train,3.00425295518589,3.00474906529346
Train,3.06413172113584,3.06487569763633
Train,3.12311773449742,3.12307799318954
Train,2.12516466065827,2.12531345684259
Train,2.33716114908949,2.33716477529672
Train,2.53996805982947,2.53996709706483
Train,2.7341702387169,2.73419838407356
Train,2.92030393462083,2.92032944420064
Train,3.09886174434207,3.0988130749531
Train,3.27029696576513,3.27037521769237
Train,3.4350274402613,3.43495223117427
Train,3.59343895291489,3.59343198310601
Train,3.74588824882124,3.74591094869832
Train,3.89270571509763,3.89267761442464
Train,4.03419777104592,4.03421468604868
Train,4.17064900285793,4.17059251344765
Train,4.30232407415955,4.30234814128856
Train,4.42946943938306,4.4294401790314
Train,4.55231488330608,4.55229898030596
Train,4.67107490699119,4.67106700271618
Train,4.78594997771227,4.78589618185581
Train,4.89712765818979,4.89714434761775
Train,5.00478362851573,5.00464174885131
Train,-2.74344279740449,-2.74304445889063
Train,-2.49832366551957,-2.49814836919974
Train,-2.2603346184739,-2.26070294575472
Train,-2.03018457327557,-2.03007636799227
Train,-1.8070023949338,-1.80713385959895
Train,-1.5899992113954,-1.59004650949716
Train,-1.37984986589535,-1.37983904528371
Train,-1.1753363876652,-1.17553353910696
Train,-0.977110728950478,-0.977135607696956
Train,-0.78446379399358,-0.784610765557564
Train,-0.596750155832868,-0.596945367212148
Train,-0.414587902391232,-0.414378273690791
Train,-0.237344491965689,-0.237763665890061
Train,-0.0644425461914411,-0.0642421967429714
Train,0.103532628297502,0.103504280981023
Train,0.267510008998287,0.267415818633917
Train,0.426925364204251,0.426601137615971
Train,0.58230854151931,0.582531969455185
Train,0.734145301036514,0.73373514713533
Train,0.881901677704193,0.881439230182177
Train,4.22114307401785,4.22102136029501
Train,4.27092915387103,4.27142469040266
Train,4.31968659154348,4.31990186352344
Train,4.36744694060283,4.36704382704122
Train,4.41405882320019,4.41429855958925
Train,4.45991823203486,4.4599864452641
Train,4.50486769302297,4.505331481075
Train,4.54893402305271,4.54889538037171
Train,4.59214299550984,4.5920362554891
Train,4.63451939054477,4.63478728378616
Train,4.67592558152676,4.67605656372983
Train,4.71671046143182,4.71666038021724
Train,4.75673152064307,4.75681323809043
Train,4.7960100173901,4.79581631422409
Train,4.83456642829078,4.83471951137765
Train,4.87242048394644,4.87269131696597
Train,4.9094467456612,4.90933971976413
Train,4.94595503797459,4.94596737381219
Train,4.98181595037012,4.98181567799405
Train,5.01704655092553,5.01714076900246
Train,4.11470868154158,4.11399621006351
Train,4.17185788001603,4.1716943268759
Train,4.22786464747821,4.2278583703039
Train,4.28235986950848,4.28238353268101
Train,4.33559920371485,4.33535810549368
Train,4.38762557000765,4.38778019684399
Train,4.43866756461441,4.43839061469701
Train,4.48838497194864,4.48848975355871
Train,4.53700712917677,4.53692191459707
Train,4.58456983373308,4.5846350051754
Train,4.63127910889496,4.63125211980444
Train,4.67682056651814,4.67663864730205
Train,4.72140114312707,4.72163175225726
Train,4.76505093175444,4.76483938617387
Train,4.80795663467098,4.80801361150882
Train,4.84982700370102,4.84956965199238
Train,4.89084974959399,4.89103890745467
Train,4.93105035333707,4.93064140187128
Train,4.97059884652402,4.97065606973704
Train,5.00922476797889,5.00908749327139
Train,4.21992064579747,4.2199243125717
Train,4.26974022623536,4.26944156434113
Train,4.31871438741194,4.3188391947617
Train,4.36649107150088,4.36624711939951
Train,4.4132949956313,4.41306916909819
Train,4.45915556930988,4.45942297395525
Train,4.5042762066365,4.50404269471913
Train,4.54833022727626,4.54834134459382
Train,4.59152241289011,4.59150695350329
Train,4.63387780879594,4.63388308617798
Train,4.67558247784803,4.6753813182979
Train,4.71633256765756,4.71622800394037
Train,4.75631550314629,4.75628579689076
Train,4.79555274577615,4.79562672796531
Train,4.83421518048099,4.8340928994687
Train,4.87201954791835,4.87190363379635
Train,4.90913806551148,4.90909210183529
Train,4.94558922959314,4.94552543063694
Train,4.98153056800724,4.98146359164023
Train,5.01669745030281,5.01648548384331
Train,2.87111866873502,2.87198669343636
Train,3.03689672073881,3.0373484019103
Train,3.19420326832043,3.19464771944625
Train,3.34367149289273,3.34419071883097
Train,3.48587300900729,3.48613711826986
Train,3.62132516977263,3.62181374584109
Train,3.75049735616833,3.75088703068398
Train,3.87381641140306,3.87424463375576
Train,3.99167135290364,3.99206141120087
Train,4.10441747153266,4.10471515109314
Train,4.21255285242099,4.2127164562837
Train,4.31602262236003,4.31617781015232
Train,4.41528112076258,4.4153657133131
Train,4.51058032119914,4.51070943218586
Train,4.6021524884946,4.60224916840091
Train,4.69021206873172,4.69029590812645
Train,4.77495736585336,4.77504820016768
Train,4.85657203245544,4.85667015974398
Train,4.93522639835917,4.93528709244786
Train,5.01107865718984,5.01124983728298
Train,4.3100877782714,4.30974741145767
Train,4.36115770628312,4.36136385470966
Train,4.41115580696383,4.41155023631584
Train,4.460115472284,4.460220880562
Train,4.5080687214016,4.50784000282077
Train,4.55504627049331,4.55558298452454
Train,4.60107759836611,4.6010324272422
Train,4.64619100814373,4.64627710822536
Train,4.69041368529927,4.69067173387451
Train,4.73377175228393,4.73398604569887
Train,4.77615180588331,4.77632402193124
Train,4.81785766561425,4.81802125552643
Train,4.85877132938857,4.85898534741066
Train,4.89891515630077,4.89912972427485
Train,4.93831067186441,4.93860274771871
Train,4.97697860649986,4.97733075189101
Train,5.01493893190909,5.01502943575108
Train,5.05221089547164,5.05225591050042
Train,5.08881305278621,5.08880946696011
Train,5.12476329847349,5.12491446947318
Train,2.12016464815695,2.12155456897311
Train,2.35326866958822,2.35222767494927
Train,2.57297468503133,2.57126241132867
Train,2.78040553206236,2.77820160460326
Train,2.97656199015734,2.97795328274808
Train,3.1623389273006,3.16475533625201
Train,3.33853894949054,3.34173004997067
Train,3.50588399236667,3.50937150996763
Train,3.66502520805289,3.66866129574485
Train,3.81655143272875,3.81935354718665
Train,3.96120987843632,3.96388292059712
Train,4.09904913656665,4.10105109792787
Train,4.23073462779915,4.23314324668466
Train,4.35666945194845,4.35781099927338
Train,4.47722225462845,4.47860066353972
Train,4.59273083137362,4.59382123890394
Train,4.70350528861566,4.70385017838928
Train,4.80983082380676,4.80973881144676
Train,4.91197017717116,4.91156768786025
Train,5.01016579946084,5.00951632133295
Train,2.12744169858149,2.1271757182469
Train,2.37097148215785,2.37048976620575
Train,2.59827525324982,2.59789982855657
Train,2.81148519853475,2.81102383680557
Train,3.01160754951304,3.01120021945756
Train,3.1995623451935,3.19917862527948
Train,3.37689595906516,3.37642687429909
Train,3.54403966517891,3.54361514115883
Train,3.70226675376502,3.70179033572934
Train,3.85207286361524,3.85167016668059
Train,3.99392406399412,3.99351863701961
Train,4.12879595120404,4.12839844064659
Train,4.25702028443094,4.25669076654888
Train,4.37891419273124,4.37868992349034
Train,4.49524483898669,4.49495860572936
Train,4.60608839289181,4.60578737567196
Train,4.71210664365114,4.71190017796401
Train,4.81347243784163,4.81329941325678
Train,4.91035593674023,4.91018765419652
Train,5.00329603149841,5.00298887580287
Train,2.12923639582564,2.13014016629243
Train,2.36858506485633,2.36971525992633
Train,2.59262964289315,2.59361578080937
Train,2.80336348937816,2.80450185676748
Train,3.00166886516516,3.002406278679
Train,3.18861376921444,3.18962028185636
Train,3.36490720732054,3.36661375726474
Train,3.53188827249751,3.53273559514421
Train,3.69006001258038,3.69069374849208
Train,3.84010163414292,3.84102505901977
Train,3.98242992542413,3.98379607682294
Train,4.11799433987357,4.11873053333623
Train,4.2470892381035,4.2483761431133
Train,4.37016694240817,4.37111933161143
Train,4.48747801001475,4.48827573089805
Train,4.59972512910831,4.60080775145182
Train,4.70708208102682,4.70788796380951
Train,4.80986162114214,4.81027530047798
Train,4.90821551623668,4.90890632037847
Train,5.00268217420648,5.00262160186251
Train,3.3581303555405,3.3570321547297
Train,3.48552923692209,3.48491577334355
Train,3.60621066552336,3.60566336573104
Train,3.72112022082648,3.72078914540837
Train,3.83045774514167,3.83015256385554
Train,3.93442447594735,3.93370582457576
Train,4.03377730617876,4.03350293453989
Train,4.1284616362552,4.12770310719791
Train,4.21913759707876,4.21890816956077
Train,4.3058916975546,4.30545547805671
Train,4.38881749164177,4.38864485577799
Train,4.46846075943748,4.4676653632225
Train,4.54486908582568,4.54473555635125
Train,4.61809814921101,4.61756306038954
Train,4.68860634215515,4.68848790355262
Train,4.75628783390436,4.75568798680545
Train,4.82155383094727,4.82114862886304
Train,4.8844130678437,4.88409156598139
Train,4.94488251793182,4.9445034497978
Train,5.00331509993132,5.00228896646807
Train,2.11970819002408,2.12016620227517
Train,2.35439695283502,2.35436603373021
Train,2.57501694188082,2.57479837866706
Train,2.78331881898011,2.78316052156445
Train,2.98005861875957,2.97968676294043
Train,3.16593902633131,3.16563448644159
Train,3.34227827471404,3.34199928036035
Train,3.50958157912856,3.50930256474315
Train,3.66832588576851,3.66807495953183
Train,3.81953245900865,3.81926942262656
Train,3.96354374363294,3.96331743758058
Train,4.10086139436776,4.10047765929196
Train,4.23177597874857,4.23155100367078
Train,4.35704135783907,4.35688705271171
Train,4.47686373351261,4.47647201338917
Train,4.59144524669837,4.59132387041903
Train,4.70140033199095,4.70117721319114
Train,4.80686990281105,4.80673315657553
Train,4.90799473991276,4.90788409404852
Train,5.00528413268445,5.00464172899158
Train,3.50580575900939,3.50605273576296
Train,3.77175036935444,3.77172647050177
Train,4.01367762902903,4.01370859781603
Train,4.23427948586878,4.2342987764707
Train,4.43664259910537,4.43663474819844
Train,4.62258293097934,4.62257801740564
Train,4.79435045109314,4.79435083212159
Train,4.95320089993264,4.95318767166757
Train,5.10068010819761,5.10067083079341
Train,5.23809903316935,5.23807884535857
Train,5.366206031209,5.36619359877225
Train,5.48614763116344,5.48610229819244
Train,5.59846330519902,5.59832507262693
Train,5.70395977203252,5.70386541145784
Train,5.80333583665748,5.80322109756092
Train,5.89692769142975,5.89688248875175
Train,5.98539726985254,5.98529963053736
Train,6.06899159481619,6.06888196130169
Train,6.14825647399482,6.14812831542006
Train,6.22337371728178,6.22325903046224
Train,-0.535805342382497,-0.53469761422527
Train,-0.168468699331958,-0.168604736071548
Train,0.173127250563216,0.173269058729811
Train,0.492658789088338,0.493002592759903
Train,0.791199143134699,0.790752206164352
Train,1.07168543207368,1.0721019965815
Train,1.33482617391665,1.33474483507164
Train,1.58301046245569,1.58298729402962
Train,1.81708578223305,1.81713572183728
Train,2.03785188561479,2.03784151614966
Train,2.24711264355684,2.24706895234997
Train,2.44507903251402,2.44527524749285
Train,2.63327193619246,2.63312765777958
Train,2.81209679461256,2.8119432904525
Train,2.98195037854468,2.98202974263698
Train,3.14403533786045,3.14433248385033
Train,3.29835227457922,3.29863554764891
Train,3.44594250409114,3.4464247255339
Train,3.58676104415284,3.58739975994397
Train,3.72171743989085,3.72223680122554
Train,3.95263125566175,3.95215662045232
Train,4.02288648163984,4.02246777112962
Train,4.09099235056401,4.09107883258114
Train,4.15742951977435,4.15724312555833
Train,4.22207075531228,4.22171454788552
Train,4.28480585338668,4.2847408905029
Train,4.34607175127266,4.34575550492375
Train,4.40574598160853,4.40541390615111
Train,4.46372144599926,4.46324381988891
Train,4.52039716908693,4.52010524308137
Train,4.57565565102133,4.57542977883643
Train,4.62954939495117,4.62930535905182
Train,4.68197602719439,4.68180227681226
Train,4.73329136100342,4.73320664275455
Train,4.78338457262286,4.78321113204877
Train,4.83215704686244,4.83195970357267
Train,4.87993672087812,4.8798621107919
Train,4.92661768938206,4.92648236316311
Train,4.97210515319201,4.97176946298644
Train,5.01670238294885,5.01609015781944
Train,2.86040319676761,2.86111239082241
Train,2.95516200005257,2.9550278280469
Train,3.04712330231474,3.04690939941359
Train,3.13640918463351,3.13647039462306
Train,3.22313472655317,3.2227480236172
Train,3.30765142230709,3.30749944200509
Train,3.389569224302,3.38936040271731
Train,3.46923493619347,3.46892699370003
Train,3.5467401706057,3.54685344514221
Train,3.62217163770004,3.62187809173995
Train,3.69561146877738,3.69552927773041
Train,3.76713751458212,3.76680434110242
Train,3.83682362058526,3.8369073182141
Train,3.90473988129319,3.90440173014143
Train,3.97095287542302,3.97088782445574
Train,4.03571234856193,4.03572586618177
Train,4.09870102110598,4.09846663515712
Train,4.16016733033225,4.16005941629485
Train,4.22016580789655,4.22019196419863
Train,4.27874841172472,4.2783617666639
Train,3.94834857241857,3.94870939213363
Train,4.01740782830182,4.01741196120131
Train,4.08448366602558,4.08443475398165
Train,4.14999214614001,4.14987657595996
Train,4.21366295193003,4.21372283038657
Train,4.27588763399669,4.27576631764462
Train,4.33640625917733,4.33643338902332
Train,4.39558801139962,4.39560274121252
Train,4.45332951202728,4.45326142568886
Train,4.50953957443521,4.50957262514133
Train,4.56455731325964,4.56456267365432
Train,4.61814675620209,4.61807369021993
Train,4.6706290126182,4.67061257182216
Train,4.72190723519698,4.72187201565542
Train,4.77189501457726,4.77185417168151
Train,4.82088906483323,4.82087651309414
Train,4.86867467599852,4.86867304841437
Train,4.91553384593695,4.91547275767082
Train,4.96125967032967,4.96133067207777
Train,5.0061205195486,5.0060316012816
Train,4.00572486412074,4.0065010813589
Train,4.07069386799758,4.07068695148994
Train,4.1341514785684,4.13439311883779
Train,4.19582186023062,4.19598834442807
Train,4.25593840039826,4.25595020334297
Train,4.31455909413189,4.31459139416914
Train,4.37189090164368,4.37249028161316
Train,4.42767899470071,4.42752089287681
Train,4.4821289332508,4.48220457685168
Train,4.53528829293779,4.53524100953949
Train,4.58734033580375,4.58778556790206
Train,4.63804930355442,4.63781481100817
Train,4.68759766170562,4.68778139593563
Train,4.73602480488829,4.73612382330542
Train,4.78349420479014,4.78410171629296
Train,4.82978737850795,4.82959249477356
Train,4.87506741754815,4.87517887562647
Train,4.91936722087082,4.91950595372257
Train,4.96283356217221,4.96289948578417
Train,5.00526359910687,5.00543747965569
Train,4.30786190900008,4.30735057026616
Train,4.34911875274351,4.34916006326169
Train,4.38958931103504,4.38923965372599
Train,4.42958690573192,4.42972052051412
Train,4.4688315680982,4.46827408694956
Train,4.50762669888236,4.50768077877658
Train,4.5457003340541,4.54542497816804
Train,4.58334642240813,4.58324173853837
Train,4.62043602756402,4.61969456085283
Train,4.65684802204323,4.65707962379677
Train,4.69286298479566,4.69222693455525
Train,4.72822755697104,4.72828001085075
Train,4.76321391515958,4.76289223380739
Train,4.79770151081248,4.79765072487065
Train,4.83157681748398,4.8314231480392
Train,4.86510009875306,4.8651076957751
Train,4.89803478641953,4.89799144208448
Train,4.93063364025521,4.93049465249644
Train,4.96266634938228,4.96238503375865
Train,4.9943784928849,4.99424375877355
Train,2.11381598162526,2.11805908691097
Train,2.35975152066355,2.36078577718875
Train,2.58971946633783,2.59105415390079
Train,2.80467502260375,2.8051601107429
Train,3.00629967367229,3.00725286063537
Train,3.19603934511922,3.19661803128768
Train,3.3744561700665,3.37530745191837
Train,3.54275020653373,3.54305885225697
Train,3.70196371008232,3.70228061741657
Train,3.85242458682499,3.85270737996255
Train,3.99501860905168,3.99535336098345
Train,4.13034703663764,4.13041401678786
Train,4.25911725960685,4.25909364702168
Train,4.38147857577099,4.38145278159503
Train,4.49804807547099,4.49802977457442
Train,4.60937113197392,4.60936199077262
Train,4.71551941404335,4.71551525473408
Train,4.81697652558721,4.81698975196489
Train,4.9141723493683,4.9141705932809
Train,5.00712889188085,5.00711920330216
Train,2.12824086014106,2.12851927146333
Train,2.36563577693557,2.36575118397307
Train,2.58876682572363,2.58893678793468
Train,2.79834575793185,2.79839624519739
Train,2.99607567896539,2.99587019432441
Train,3.18245605234944,3.18245477934327
Train,3.35888799165738,3.3587937523764
Train,3.5257189974797,3.52580681787297
Train,3.68411765957447,3.68408875575481
Train,3.83432136404427,3.83439371675852
Train,3.97731673355594,3.9773774236812
Train,4.11326056571537,4.1132657134069
Train,4.24299498980412,4.24259603209723
Train,4.36661735849057,4.3664088153266
Train,4.48485354581673,4.48490722770951
Train,4.59775679944579,4.59768144391931
Train,4.70595833691108,4.70603375137874
Train,4.80947855874789,4.80937292810925
Train,4.90887077214744,4.90882392606293
Train,5.00413087628045,5.00358455557874
Train,2.12437101382411,2.12441936711842
Train,2.3512290524144,2.35097747613984
Train,2.56592591238666,2.56568924073438
Train,2.76941395359665,2.76911565684643
Train,2.96254862471074,2.96222934660112
Train,3.14610048437293,3.14579415830597
Train,3.32076547631727,3.3205243040786
Train,3.48717374731251,3.48677488214455
Train,3.64589724346215,3.64553702662236
Train,3.79745627785903,3.79699973331956
Train,3.9424936801774,3.94204826197459
Train,4.08109875316139,4.08077081496524
Train,4.21384435438266,4.21348475698253
Train,4.34109435273269,4.34080043710058
Train,4.46318310010972,4.4627912605931
Train,4.58041836494487,4.57990163745783
Train,4.69308392269098,4.69278288902863
Train,4.80144184917884,4.80101638771087
Train,4.90573455585667,4.90553970493714
Train,5.00618660018172,5.00501745423683
Train,5.12825314714536,5.12816950106865
Train,5.22807324783376,5.22811107280288
Train,5.3234386606687,5.32336151732964
Train,5.41445300671969,5.41438684461103
Train,5.50149719276265,5.50150835212774
Train,5.58491156061234,5.58487481316409
Train,5.66475330276161,5.66475866801486
Train,5.74140541072409,5.74136944061977
Train,5.81490305516721,5.81484233798185
Train,5.88551001183648,5.88555599415416
Train,5.95346382818578,5.95346069714945
Train,6.01877586215715,6.0187264323715
Train,6.08166230086552,6.08168429272994
Train,6.1423186225749,6.14231395948375
Train,6.20074012447725,6.20070865917954
Train,6.25716493748282,6.25714580600036
Train,6.31158068255573,6.31168027405441
Train,6.36414726549828,6.364081199604
Train,6.41501012561041,6.4149909823311
Train,6.46414862124372,6.46419784825342
Train,3.80787064129186,3.80948079033554
Train,3.8898763491532,3.89013498336429
Train,3.96929618216408,3.96964551530548
Train,4.04625055192399,4.04632077884092
Train,4.12085250832296,4.12042630413928
Train,4.19303900848582,4.19306933673145
Train,4.26325354655403,4.26305311934196
Train,4.33141573353746,4.33172235109962
Train,4.39761425773164,4.39690485391405
Train,4.46193277000705,4.4621121125085
Train,4.52445023645379,4.52427186974385
Train,4.58524126181113,4.58549419319318
Train,4.64437638646708,4.64482526074719
Train,4.70192235951398,4.70136581500195
Train,4.75794239008229,4.75810357591693
Train,4.81236848862255,4.81287130261192
Train,4.86551652420822,4.86614457573453
Train,4.9173091080499,4.91756412208927
Train,4.96779744005766,4.96788286833837
Train,5.01703017355194,5.01656685044802
Train,3.806617109391,3.80415213411036
Train,3.88872745957526,3.88873876228829
Train,3.96805714263483,3.96646890465056
Train,4.04511904278585,4.04248546526945
Train,4.11982671861387,4.11760581227211
Train,4.19211020094286,4.18773885325866
Train,4.26242708916631,4.26126148330443
Train,4.33068986335162,4.3255467728661
Train,4.39682588928662,4.392247677398
Train,4.46124608316893,4.45619193258902
Train,4.52386335476693,4.51829420454599
Train,4.58475234690992,4.58064087579917
Train,4.64383937400634,4.64065959840375
Train,4.70148360033293,4.69598868455726
Train,4.75760000785312,4.7524006742344
Train,4.81211536859238,4.80778874776227
Train,4.865356297876,4.86228673010849
Train,4.91724002756876,4.91518851132353
Train,4.96769448492966,4.96414640168153
Train,5.01701804254222,5.01456454618458
Train,3.80588284254704,3.8049430407111
Train,3.88763077769702,3.88738562932779
Train,3.9668537308049,3.966273428304
Train,4.04366690789852,4.04331086637033
Train,4.11817861140821,4.11688054827321
Train,4.19049074964758,4.19015866930497
Train,4.26069930183139,4.25987559234566
Train,4.32889474309265,4.32822204566331
Train,4.39516243345652,4.39471634948789
Train,4.45958297428733,4.45889521190041
Train,4.52208645869079,4.52110446800291
Train,4.5830410130851,4.58196157967471
Train,4.64236465318102,4.64212172632254
Train,4.70012197055097,4.69905691332245
Train,4.75637419038466,4.755715658531
Train,4.81117938797974,4.81016794088212
Train,4.86459268873759,4.86374954917049
Train,4.91666645311231,4.91609464227734
Train,4.96745044781713,4.96643948060885
Train,5.01699200446504,5.01599811705385
Train,0.176039307231385,0.176177185089936
Train,0.491829061560372,0.491551621237913
Train,0.786189983580055,0.785902773833395
Train,1.060260249714,1.05988103031926
Train,1.3165208250122,1.31597047606122
Train,1.55707898845063,1.55649103452672
Train,1.78253343107456,1.78183049183211
Train,1.99463927302696,1.99411066566902
Train,2.19490352153171,2.19420083710359
Train,2.3836181001812,2.38187139134173
Train,2.56207124256819,2.55829428003856
Train,2.73107775108345,2.72644349777986
Train,2.89165437654659,2.88842773928557
Train,3.04387222746022,3.04105653372174
Train,3.18862533618351,3.18359666324907
Train,3.32669603920296,3.32378630496099
Train,3.458066060632,3.45569504149828
Train,3.583435393406,3.58108806122184
Train,3.70342045735597,3.70060452426626
Train,3.81794992943887,3.81614311084489
Train,2.12504486247883,2.12452961591701
Train,2.37489199552404,2.37400561966136
Train,2.60767217902113,2.60652874802984
Train,2.8244986217606,2.82353313793576
Train,3.02722669966997,3.02638064732239
Train,3.21744156556698,3.21702098287572
Train,3.39579031130041,3.39571023746906
Train,3.56357351961028,3.56349246683315
Train,3.72191458341093,3.72191501228302
Train,3.8711886297476,3.871149268248
Train,4.0123415361702,4.01257525377444
Train,4.1460184888255,4.14600076887585
Train,4.27296821072343,4.27311171038603
Train,4.39336241952189,4.39324985696224
Train,4.50784962688509,4.50787880189749
Train,4.617000697633,4.61706234824599
Train,4.72090040077817,4.72091540465702
Train,4.82005198778212,4.82000122882821
Train,4.91490121639626,4.91482202777045
Train,5.00547786237325,5.00518829709766
Train,2.12749913734611,2.12475636840029
Train,2.37925839223504,2.37704221600073
Train,2.61285901515677,2.61264672200125
Train,2.83078537289142,2.82729121739906
Train,3.03428807162891,3.03325427338062
Train,3.22475320633669,3.22375027589008
Train,3.40315267803497,3.40192749563287
Train,3.57105287025575,3.56900797187266
Train,3.7291390736078,3.72835296667402
Train,3.87824731562602,3.87793249672107
Train,4.01892969351737,4.01845913256623
Train,4.15224331228767,4.15211267319612
Train,4.27857991926452,4.27841883423319
Train,4.39847326376307,4.39832135056643
Train,4.51224861884756,4.51201456359488
Train,4.62065821805496,4.62068540839321
Train,4.72393158977961,4.72386804377968
Train,4.82242530335493,4.82223791324871
Train,4.91633511783574,4.91633612295048
Train,5.00621937921477,5.00574598473689
Train,2.12250081614239,2.12031912622408
Train,2.37137815312197,2.37071297088117
Train,2.6035019872609,2.60259680443708
Train,2.81992548588734,2.81881177639591
Train,3.02273494307519,3.02221726611536
Train,3.21266267447096,3.21171964636526
Train,3.39137986178172,3.39067642566736
Train,3.55939585741418,3.55887575804739
Train,3.71785785359595,3.71763800328265
Train,3.86776095855601,3.86727211412947
Train,4.00939607948925,4.00882658221529
Train,4.14379257918816,4.14318592385028
Train,4.27114552784829,4.2703991228402
Train,4.39215851123576,4.39153160335557
Train,4.50744991679182,4.50677084780839
Train,4.61711762343804,4.61635053781286
Train,4.7218475913991,4.72115484004392
Train,4.82169386306172,4.82087910971971
Train,4.91724991121634,4.91652067641483
Train,5.00853741419454,5.00764808234019
Train,3.12589242671175,3.125733956301
Train,3.18840736762524,3.18830628149156
Train,3.24961871669671,3.24956185531776
Train,3.3093403703835,3.30942710837847
Train,3.36806855125741,3.36797943779605
Train,3.4256092008536,3.42560784237069
Train,3.48199797791098,3.48197548570827
Train,3.53726912765386,3.53722281406156
Train,3.59125075452547,3.59124843103857
Train,3.64438803489498,3.6444263021833
Train,3.69650250230504,3.69642520126511
Train,3.74762340667057,3.74768550420343
Train,3.79758926075564,3.79756553513219
Train,3.8468099525491,3.84686602967416
Train,3.89511830851896,3.89514055185576
Train,3.94253946179539,3.94259873408667
Train,3.98909763074818,3.98907401211111
Train,4.03464322954132,4.0346893397684
Train,4.07954770695401,4.07955879225413
Train,4.1236566866922,4.12392453114738
Train,2.30174952238649,2.30265514908681
Train,2.42563849430021,2.42565005657819
Train,2.54472832004564,2.54474798798331
Train,2.65986408848766,2.65988353085343
Train,2.77096213948657,2.7709144673165
Train,2.8782312120723,2.87817829866183
Train,2.9816079679532,2.98163092282196
Train,3.08179842266637,3.08183623304579
Train,3.17870542979105,3.17858370608813
Train,3.27248779514222,3.27237517050456
Train,3.36306799464951,3.36306673720467
Train,3.45104497922095,3.45111327984271
Train,3.53631602303299,3.53627462484222
Train,3.61900407670275,3.6189871169074
Train,3.69902468544491,3.69903979659214
Train,3.77689263870125,3.77688726241397
Train,3.85250428662077,3.8525413352538
Train,3.92595629688816,3.92591609971644
Train,3.99716171304927,3.99718202822553
Train,4.06656796529797,4.06665858492782
Train,3.80127752748531,3.80220577565999
Train,3.88376399142518,3.88436121692142
Train,3.96354427333367,3.96385792830481
Train,4.04074939885598,4.04082438619956
Train,4.11550206946231,4.11575842381283
Train,4.18807501362775,4.18820092348254
Train,4.25825595785258,4.25852286845041
Train,4.32630903701418,4.32633666563491
Train,4.39232958027726,4.39214937711152
Train,4.45640730621492,4.45662249494419
Train,4.51862672958719,4.51824631820566
Train,4.57906753323467,4.57916568520816
Train,4.6378049085286,4.63794038119452
Train,4.69490986743565,4.6948783803666
Train,4.75044952892091,4.750356472515
Train,4.80460531499195,4.80467493273248
Train,4.85719833594022,4.85714704305358
Train,4.90840670928397,4.90851158292865
Train,4.95828440621353,4.95819642472928
Train,5.00688262895638,5.00692939485746
Train,4.42405771003172,4.42407147691777
Train,4.4670126291091,4.46766429170678
Train,4.50905801934973,4.50935861193941
Train,4.55049287462654,4.55027376993824
Train,4.59119658831956,4.59151743667028
Train,4.63118834329603,4.63086930241773
Train,4.67035808054275,4.66957777108767
Train,4.70898303512818,4.70851041161152
Train,4.74694964498972,4.74687374793505
Train,4.78427459967259,4.784314990374
Train,4.82085392069449,4.82060187531099
Train,4.85694540720588,4.85682831505913
Train,4.89244199366787,4.89253776653207
Train,4.92735826855581,4.92699785680382
Train,4.96159589677789,4.96166037155056
Train,4.99539524201747,4.99533800727589
Train,5.02865523458299,5.02845512319184
Train,5.06138868235503,5.06128114059104
Train,5.09350248887403,5.09321652559741
Train,5.12522131481153,5.12519249363616
Train,4.07463428571429,4.07574194549236
Train,4.1424878817734,4.14279306683532
Train,4.20763150318192,4.20866181882523
Train,4.27005571943413,4.27002055265551
Train,4.33025108942232,4.3314164640244
Train,4.38817811066825,4.38897232216116
Train,4.44396262968043,4.44392731712945
Train,4.49772135282087,4.49865694304683
Train,4.54942277315042,4.55017965711452
Train,4.59945231154328,4.59942164496463
Train,4.64775881540354,4.64794783127875
Train,4.69442979071714,4.69444925206993
Train,4.73942502629774,4.7401983628108
Train,4.7830685914796,4.78305273310546
Train,4.8253058575665,4.82603740149646
Train,4.86620371825587,4.86618002913677
Train,4.90582489087089,4.90600413213836
Train,4.94412435061645,4.94429761369177
Train,4.98136829008649,4.98152067740669
Train,5.01750156316566,5.01753563660098
Train,4.11391224174551,4.11464085449482
Train,4.17086899875919,4.17055449801704
Train,4.22654643261608,4.22706937030601
Train,4.28098716752216,4.28145246365168
Train,4.33423195495662,4.33417128911172
Train,4.386319775404,4.38646993516816
Train,4.43728793352601,4.43760229648181
Train,4.48717214726119,4.4874275694376
Train,4.53600663129973,4.53657877103908
Train,4.58382417534343,4.58395898205638
Train,4.63052638339636,4.63111756938745
Train,4.67640571428571,4.67686563850587
Train,4.72135855700427,4.72217151837979
Train,4.76541269530156,4.76639734519197
Train,4.80859481300768,4.80909704641747
Train,4.85093054793016,4.85120411460887
Train,4.89244454261248,4.89304245218521
Train,4.9331604921652,4.93364589524138
Train,4.97310118936505,4.97306438346935
Train,5.01228856720203,5.012841220617
Train,4.31041569693412,4.31015414400393
Train,4.36150201322049,4.36141643028462
Train,4.4113712724966,4.41146076892913
Train,4.4603569816047,4.46013489741675
Train,4.50833916000455,4.50844069616071
Train,4.55534833281064,4.55525244842577
Train,4.60127684922546,4.60110693246609
Train,4.64642945323015,4.64669370102568
Train,4.69069343394197,4.69054027227251
Train,4.73409476849156,4.73385615867958
Train,4.77653184227533,4.77631828197557
Train,4.81828426118081,4.81841967153307
Train,4.85924606970945,4.85934573600683
Train,4.8994395133602,4.89913210089729
Train,4.93876865029425,4.93878516787957
Train,4.97749098250746,4.97748296022403
Train,5.01550681702997,5.01544348072569
Train,5.05283531438251,5.05301170689493
Train,5.08938584281513,5.08901399974205
Train,5.12539636033461,5.12540563734295
Train,2.13243861956292,2.13356936588319
Train,2.34128924043706,2.34232649018598
Train,2.54147236406507,2.54171770783362
Train,2.73351658577987,2.73469280182983
Train,2.91764908754638,2.91795355598809
Train,3.09484693270104,3.09560058797727
Train,3.26525431926018,3.26576561684054
Train,3.42925423805619,3.42982145577774
Train,3.58720140982669,3.58767445592387
Train,3.73942484636421,3.73995544971624
Train,3.88602325679968,3.88658433240128
Train,4.02770179249685,4.02786845387093
Train,4.1645107136517,4.16513820107432
Train,4.29669683792838,4.29708839988892
Train,4.42449058009706,4.42493146076525
Train,4.54810729238474,4.54827274894272
Train,4.66757958015531,4.6677630349652
Train,4.78343928285984,4.7835530811419
Train,4.89568893908169,4.89576610864536
Train,5.00449468742572,5.00447763359919
Train,2.12760523077417,2.1286465600417
Train,2.34637372309523,2.34659702798238
Train,2.55457813048694,2.55449302132477
Train,2.75296560508509,2.75317739687237
Train,2.94221446468269,2.94208163763981
Train,3.123221454504,3.12350686501962
Train,3.29597824642569,3.29601607286825
Train,3.46129167080254,3.46148631005711
Train,3.61963263821041,3.61993106079101
Train,3.77143315625735,3.77171884816492
Train,3.9170902656182,3.91750894772415
Train,4.05696950766991,4.05715833389625
Train,4.19140798749415,4.1917174447219
Train,4.32071708628142,4.32089469485366
Train,4.44518486907893,4.44536996752434
Train,4.56526444033518,4.56546475370053
Train,4.68082434171382,4.68090637915086
Train,4.7922878682364,4.79224554262985
Train,4.89986903945461,4.89983437620252
Train,5.00376722120807,5.00337887659701
Train,0.881313407493903,0.882733224235589
Train,1.04022533311853,1.0398305459232
Train,1.19485035881755,1.19502905422562
Train,1.34455630837884,1.34475562786541
Train,1.49035156023774,1.49033433942462
Train,1.63162894722668,1.63182444558263
Train,1.76932972330652,1.76930042544994
Train,1.90287082845417,1.90291226064003
Train,2.03278477320619,2.03274546462419
Train,2.15955630663759,2.15996398319042
Train,2.28263671028192,2.28233774252224
Train,2.40282653217886,2.402892071673
Train,2.51959872791927,2.51971671190698
Train,2.63340110973659,2.63321829597701
Train,2.74464323365736,2.74503784290503
Train,2.85282871803426,2.85232512519654
Train,2.95864722385864,2.95859449573548
Train,3.06162162721572,3.06166861698442
Train,3.16240370553857,3.16203399578374
Train,3.26053467173671,3.26010900322147
Train,3.20745703847065,3.20820807381754
Train,3.30170650686263,3.30208292529208
Train,3.39306209800919,3.39324750039598
Train,3.481655078994,3.48178410695548
Train,3.56760889607013,3.56781994334163
Train,3.65103974856348,3.65128637733799
Train,3.73205711297071,3.73203285012935
Train,3.81076422222222,3.81118150363475
Train,3.88725850452219,3.88731764666157
Train,3.96163198568811,3.96176573444903
Train,4.03414958402946,4.03420628703609
Train,4.10453298015473,4.10476082711032
Train,4.17304297401347,4.17299379616746
Train,4.23975338006026,4.23987873204826
Train,4.30473418517441,4.30473768648811
Train,4.36805179357886,4.36813068814011
Train,4.42976925319048,4.4298026331737
Train,4.48994646502365,4.4900447405664
Train,4.54864037710914,4.54864638883303
Train,4.60590516424798,4.60601826901914
Train,3.81322948551779,3.813175876013
Train,3.90691893116058,3.90653679197497
Train,3.99499599651112,3.99479589680343
Train,4.07829800435941,4.07849447963165
Train,4.15687309776207,4.15679607364948
Train,4.2314241501863,4.23152054364185
Train,4.30195598079178,4.30166531431608
Train,4.36906600413628,4.36910906466003
Train,4.43286309570572,4.4330118103637
Train,4.49345921462985,4.49316790810119
Train,4.55133206798867,4.55185507867939
Train,4.60642880980625,4.60595818890873
Train,4.6591659071363,4.65962101000262
Train,4.7095853832341,4.70937697870179
Train,4.75773519097383,4.75794278094257
Train,4.80395954642162,4.80416275584796
Train,4.84818469075593,4.84805158388847
Train,4.89071654213727,4.89063723727962
Train,4.9314780344064,4.93184801723258
Train,4.97074279761159,4.97058592436154
Train,2.11871101732342,2.11871009501122
Train,2.35639971209534,2.35603202025889
Train,2.57961855820311,2.57896761840605
Train,2.78989134529572,2.78914420243675
Train,2.98785655932474,2.98700161176314
Train,3.17477896625679,3.17395529361896
Train,3.35155747229536,3.35078326401638
Train,3.51899599735828,3.51806946912186
Train,3.67799902481864,3.67694169237732
Train,3.82883959521849,3.8280821789442
Train,3.97229603415125,3.97092100308803
Train,4.10889760260885,4.10828692663493
Train,4.23927485409542,4.23828230249567
Train,4.36355570378415,4.36284087074021
Train,4.48229529172797,4.48161806620849
Train,4.59585613532836,4.5949184579433
Train,4.70456980496575,4.70370200410182
Train,4.80886099985393,4.8083685734666
Train,4.90876211796032,4.9080223387675
Train,5.00465578625424,5.0037130084522
Train,2.12948535332106,2.13153182216341
Train,2.36808451852299,2.36839225769584
Train,2.59186526912554,2.59252168916212
Train,2.80216649499457,2.80312461639117
Train,3.000170504711,3.00118064310594
Train,3.18692526529574,3.18763803299519
Train,3.36336295610416,3.36395133957488
Train,3.53031553040329,3.53139856987694
Train,3.68852783291814,3.69072334387168
Train,3.8386687097472,3.83965581063169
Train,3.98117658853724,3.98325110414519
Train,4.11693089856034,4.11863571277284
Train,4.24625164233841,4.24776219020644
Train,4.36958557581574,4.37158167541859
Train,4.48733902625815,4.4894841959642
Train,4.59988236426554,4.60199857917108
Train,4.7075538950272,4.7095357536957
Train,4.8106632549458,4.81235351643702
Train,4.90949438546162,4.9106587541821
Train,5.0043081442292,5.00466846890343
Train,3.80686095628512,3.80823534095473
Train,3.88825780035489,3.88870765572504
Train,3.96735305420407,3.96768973274377
Train,4.04390277421532,4.04427378728654
Train,4.11819219791182,4.11847281816447
Train,4.19048006029031,4.19071126209677
Train,4.26053463553273,4.26086340351979
Train,4.32860849110071,4.32889948940213
Train,4.39493142283059,4.39509721674697
Train,4.45928377012633,4.45956198023417
Train,4.52189070250458,4.52195320361282
Train,4.58282228061717,4.5830638361724
Train,4.64227670641411,4.64232974052286
Train,4.70004978487365,4.70015324201743
Train,4.75633656690906,4.75647785569457
Train,4.81131565928723,4.81141814219812
Train,4.86479384963001,4.86474946369638
Train,4.91694739191074,4.91712852701242
Train,4.96793808513569,4.96791036291254
Train,5.01758310678026,5.01770697009054
Train,3.80679430504339,3.80786104511138
Train,3.88778650624006,3.88932608558683
Train,3.96636833684948,3.96780756695737
Train,4.04264582006686,4.04384127211163
Train,4.11688107377723,4.11662768901372
Train,4.18883926678568,4.19006125360032
Train,4.25877631363443,4.25983438268598
Train,4.32677618926272,4.32725295346175
Train,4.39291828014959,4.39445734098193
Train,4.45727769348714,4.45779796855571
Train,4.52006290390445,4.51988118108714
Train,4.58106298535578,4.58241527606081
Train,4.64048290846607,4.64032934611462
Train,4.69838328726409,4.69836258222788
Train,4.75482167475606,4.75535470063481
Train,4.80985275374445,4.81033592428433
Train,4.86364632096847,4.86400502769468
Train,4.91601337261856,4.91560485309968
Train,4.96712174883294,4.96789426901817
Train,5.01701629032258,5.01630838308413
Train,3.80611972270364,3.80457843517
Train,3.88731910707581,3.88511600382047
Train,3.96625146411162,3.96381822244005
Train,4.04267301536831,4.04097928957274
Train,4.11702825065274,4.1151019366582
Train,4.18908159294882,4.1879070514726
Train,4.25924659584589,4.25721815219661
Train,4.32729583140517,4.32569242439716
Train,4.39361508479803,4.39205981269627
Train,4.45798494631505,4.4561719044061
Train,4.52076618154539,4.51881696206258
Train,4.58174721307592,4.58104855910572
Train,4.64126618351841,4.63870569668073
Train,4.69911912423919,4.69838020189421
Train,4.75562365370924,4.75441674842225
Train,4.81058316405152,4.80907949316973
Train,4.86429659539017,4.86253327635425
Train,4.91657443783087,4.91551150910457
Train,4.96769858284785,4.96707864048151
Train,5.01748634825444,5.01590266928472
Train,3.80623805303049,3.8079216841172
Train,3.88753078020919,3.88774417172975
Train,3.96637498914405,3.96753970010034
Train,4.04271066599911,4.04232974096451
Train,4.11698331648424,4.11757788424732
Train,4.18911552401937,4.18935535237982
Train,4.25919850153353,4.25934946817436
Train,4.32731835193961,4.32806599605031
Train,4.39340995199618,4.39350579661844
Train,4.45784711642854,4.45819659991978
Train,4.52055203115629,4.52042089030804
Train,4.58159362124596,4.58192046497718
Train,4.64090566213999,4.64121343926602
Train,4.69881655337345,4.69822747978399
Train,4.75525002877237,4.75516190644997
Train,4.81026191371953,4.81007793829779
Train,4.86390525603733,4.86407289708516
Train,4.9161146136343,4.9159138224379
Train,4.96717254044537,4.96732245601309
Train,5.01700594790432,5.01692907738764
Train,3.80454649010638,3.80479955872873
Train,3.88620973410509,3.88620789809213
Train,3.96520051675306,3.96536504286562
Train,4.04200080796561,4.04194429383936
Train,4.11652832777307,4.11649583905385
Train,4.18871590068989,4.18882535777741
Train,4.25899516781115,4.25896239163488
Train,4.32712567822561,4.32717666276515
Train,4.39350985115307,4.39358497505894
Train,4.4580647114781,4.45811813824842
Train,4.52072010590495,4.5206969624953
Train,4.58183995535504,4.58203156897728
Train,4.64134236269766,4.64129725679889
Train,4.69915706485423,4.69921999910296
Train,4.7556148422511,4.75563379169328
Train,4.81050863151791,4.81059933235449
Train,4.86414962297946,4.86412482095623
Train,4.91645909771057,4.91651787900194
Train,4.96736826217722,4.96740924143453
Train,5.01716207657154,5.01716630893064
Train,3.80700622888093,3.8058943532735
Train,3.88877427138241,3.88674543997989
Train,3.96800600174478,3.96692067471597
Train,4.04481762614159,4.0442944318995
Train,4.1193183585778,4.11718424637659
Train,4.19176990969564,4.19136181946599
Train,4.26194646769299,4.26174328007913
Train,4.33010297897973,4.32940674057611
Train,4.39632542721955,4.39550464564966
Train,4.46069498446434,4.46009240416172
Train,4.52328834308046,4.52314146719366
Train,4.58417802057164,4.58367987236782
Train,4.64343263984584,4.64346158458941
Train,4.70111718720335,4.70094671139962
Train,4.75729325008537,4.75669871661669
Train,4.81213981254375,4.8124478629354
Train,4.86546810011917,4.86508646952573
Train,4.91745449790918,4.9174415541813
Train,4.96814902518575,4.96806076048891
Train,5.01759924575596,5.01755029743365
Train,3.80596336604268,3.80618572966999
Train,3.88769996513518,3.88776497094225
Train,3.96674161449095,3.96678463017018
Train,4.04355965949606,4.04363500983093
Train,4.11808074467046,4.11815084596604
Train,4.19040637558598,4.1904335666761
Train,4.26047628850373,4.26061781035899
Train,4.32869680202522,4.32866857592965
Train,4.39499247859256,4.3950573817958
Train,4.45944364865415,4.45959735978179
Train,4.52198698971251,4.52195446049084
Train,4.58297654566406,4.58313350901811
Train,4.6423371550814,4.64236920767074
Train,4.70013321830006,4.70028967899928
Train,4.75630064541361,4.75634815242595
Train,4.81115082293435,4.8112115323522
Train,4.86461027507873,4.86478331775218
Train,4.91673123242365,4.91680435511374
Train,4.96745026806128,4.96751744308061
Train,5.01704349793831,5.01704938369515
Train,2.12495056724821,2.12655115148594
Train,2.34945777282283,2.35061774621065
Train,2.56222321742098,2.56319760915651
Train,2.7641445707376,2.76507264469113
Train,2.95625223204811,2.95724718403583
Train,3.13882167745276,3.13984724969053
Train,3.31274714406066,3.31405284602736
Train,3.47862832524072,3.47983153355674
Train,3.63701069498069,3.63859264314599
Train,3.78839150003933,3.790191642983
Train,3.93339306210399,3.93645909267
Train,4.07208793953699,4.07388451515656
Train,4.20503299368069,4.20696557439008
Train,4.33257851609173,4.33406960538125
Train,4.45504691063629,4.4554959850859
Train,4.57273541460253,4.57407908798926
Train,4.68605019663049,4.68654121939401
Train,4.79497683635959,4.79541264617294
Train,4.89988733030091,4.90048713241343
Train,5.00099977196109,5.00115094492433
Train,3.12057470503998,3.12149545303985
Train,3.25056695041291,3.25098355244993
Train,3.37621872657534,3.3765250999488
Train,3.4977438575222,3.49816735405259
Train,3.61534234937141,3.61568828253733
Train,3.72937877692919,3.72971947087647
Train,3.8396686208536,3.8400257419555
Train,3.94655966910797,3.94686141230271
Train,4.05020664832263,4.05054196199419
Train,4.15075503382182,4.15114024599755
Train,4.24834173087499,4.24856873838074
Train,4.3430956966223,4.34337961209824
Train,4.43513850861546,4.43533628294902
Train,4.52458488524473,4.52444975548063
Train,4.61154316273624,4.61100727560482
Train,4.69624771173823,4.69577203861921
Train,4.77852787647681,4.77805304652359
Train,4.85861100191392,4.85816820306284
Train,4.93658392646145,4.93616245367159
Train,5.01252897163456,5.01192437906796
Train,4.42397364004492,4.42474345963204
Train,4.46683735539606,4.46734190788923
Train,4.50893936539061,4.50939658367791
Train,4.55029979492786,4.5509360566932
Train,4.59081178213107,4.59119966488582
Train,4.6307488212185,4.63123756470234
Train,4.67000050224061,4.67050185512128
Train,4.70858431721445,4.70950497200395
Train,4.74651716792629,4.74671026349754
Train,4.78381539061844,4.78428667216142
Train,4.82038074793771,4.82117074122582
Train,4.8564584459679,4.85668378245394
Train,4.89194731473712,4.89217840387503
Train,4.92686165310814,4.92723512282758
Train,4.9612153006917,4.96133587887673
Train,4.99502165613748,4.99510762850262
Train,5.02819021518429,5.02829732604298
Train,5.06094212110785,5.06087025304735
Train,5.09318441768244,5.0933554403666
Train,5.12492890713027,5.12478318457145
Train,2.12550104692162,2.1272305442137
Train,2.36249646776252,2.3628491194497
Train,2.58505640723356,2.58563002717276
Train,2.79446079096045,2.7954466752228
Train,2.99161351625738,2.99195004707438
Train,3.17799179941986,3.1784937725199
Train,3.3542501589361,3.35484963844577
Train,3.52119104304165,3.52199335119006
Train,3.67953424563131,3.67971758999122
Train,3.82992728112534,3.83020950629291
Train,3.9727875343067,3.97329291602658
Train,4.10898451819272,4.10902516588178
Train,4.23882202114306,4.23928555725727
Train,4.36273529873528,4.36267407875423
Train,4.48112077281812,4.48129654963052
Train,4.59434026797352,4.5944023965378
Train,4.70259797540691,4.70245329280008
Train,4.80645584613463,4.80627853290501
Train,4.90605999608534,4.90533581740531
Train,5.00166651130452,5.00129071125341
Train,2.12904881893534,2.12951194936543
Train,2.36467502334078,2.36489165708484
Train,2.5863717544168,2.58661827284161
Train,2.79486546174269,2.79471422360005
Train,2.99152432623126,2.99138048908865
Train,3.17753928220471,3.17727540702547
Train,3.35335162280537,3.35367482813238
Train,3.51996756608778,3.52089952617755
Train,3.67827029863456,3.67930701246881
Train,3.8285242355018,3.82969236443317
Train,3.97149069765597,3.97240318397165
Train,4.10768730780933,4.10900495487588
Train,4.23773203527581,4.23848451287197
Train,4.36174904466134,4.36293983153449
Train,4.48028311048674,4.48138283722367
Train,4.59381959626278,4.59481417002756
Train,4.70241946335215,4.70339914287909
Train,4.8065167131807,4.80717236745043
Train,4.90649997779317,4.90683960741374
Train,5.00238865030275,5.00263629584809
Train,2.12501527018452,2.1257133167994
Train,2.35003051178219,2.35020294379795
Train,2.56320298552501,2.56328808471083
Train,2.76544366309285,2.76565294992836
Train,2.9577821852447,2.95792343405922
Train,3.14052880265688,3.14080875159855
Train,3.31457352501106,3.31468046399025
Train,3.48052343913084,3.48079590819109
Train,3.63893044409494,3.63904962546006
Train,3.79029738299524,3.79041648132555
Train,3.935241980896,3.93532532882021
Train,4.07386039520268,4.07399305820875
Train,4.20670336561969,4.20674096223523
Train,4.3341244713593,4.3342330527805
Train,4.4564490068171,4.45652387908852
Train,4.57397675444721,4.57398478911567
Train,4.68710854989513,4.68721911567193
Train,4.79584736949743,4.79583213452427
Train,4.90055910934902,4.90065744102979
Train,5.00146341314049,5.00145067128981
Train,2.42904274077958,2.43214181325241
Train,2.54128805417005,2.54300820113279
Train,2.65056593256424,2.65257493689135
Train,2.7564785354289,2.75871215960363
Train,2.85942745828435,2.86048678185692
Train,2.95977794398226,2.9612095605364
Train,3.05715430887349,3.05858698076848
Train,3.15214540181046,3.15385254059877
Train,3.24438972506331,3.24566194789734
Train,3.33422175797062,3.33542747717659
Train,3.4219471433464,3.42291584137568
Train,3.50722467475221,3.5097839417824
Train,3.5903563487981,3.59140893196966
Train,3.67161885214673,3.67294781576059
Train,3.75069005228593,3.75052991062987
Train,3.82803125587547,3.82961610906134
Train,3.90333237359765,3.90383384288291
Train,3.9768509209034,3.97769688515767
Train,4.04882379492898,4.04993486090755
Train,4.1189579695916,4.12039573490186
Train,2.12615928244812,2.12556414161302
Train,2.35640561825386,2.35619248259102
Train,2.57396830461773,2.57368213506491
Train,2.77939454680487,2.77908496456733
Train,2.9738957158573,2.97307549981563
Train,3.15853311371012,3.15765856980145
Train,3.33363468544825,3.33263359937267
Train,3.50011217092624,3.49925252202159
Train,3.6587702019829,3.65799720885409
Train,3.80979810691597,3.80880890131742
Train,3.95389951589732,3.95307158370927
Train,4.09154024536951,4.09059637357425
Train,4.22329740527652,4.22250469963113
Train,4.34924873605194,4.34829465509686
Train,4.4699090977705,4.46920340212385
Train,4.58573896656535,4.58496793851667
Train,4.69676532558195,4.69613174639674
Train,4.80340425438494,4.80215532760051
Train,4.90602959692195,4.90529555730539
Train,5.00463488654235,5.00275160485692
Train,3.8059207838499,3.80702530003621
Train,3.88731757973585,3.8880031069268
Train,3.96608546145374,3.96648879595453
Train,4.04267446966147,4.0433255587843
Train,4.11701540571486,4.11759135888426
Train,4.18905248026734,4.18937882715475
Train,4.25918869378173,4.25933120184639
Train,4.32735299829126,4.32771013570821
Train,4.3934865456023,4.39378354223957
Train,4.45795239861141,4.45837068499462
Train,4.52067906156789,4.52119818017966
Train,4.58173597875038,4.58202429722517
Train,4.64106249388532,4.64136132061251
Train,4.69897715218169,4.69943830474879
Train,4.75540930973608,4.7558460360626
Train,4.81029811863013,4.81080988244433
Train,4.86393398522854,4.86447264702586
Train,4.91624761325902,4.91665591559943
Train,4.9671786385632,4.96727941451466
Train,5.01699296006305,5.01693908531818
Train,2.12484842216417,2.12631702154179
Train,2.36660916552662,2.36682033437612
Train,2.59290912964036,2.59332450523582
Train,2.80518545392664,2.80443360745924
Train,3.0047025139173,3.00426516153605
Train,3.19279607615065,3.19222619588912
Train,3.37000616992748,3.36966153181786
Train,3.53744596601947,3.5371547237621
Train,3.69590180059452,3.69588911181129
Train,3.84607783287803,3.8460380880126
Train,3.9886065068177,3.98778964493179
Train,4.12405745422408,4.12353993090003
Train,4.25294510370161,4.25240066856643
Train,4.37573520966739,4.37526846358672
Train,4.49285047613896,4.49256885299767
Train,4.60480662645768,4.60445262336291
Train,4.7116860565606,4.71166914445642
Train,4.81394631719168,4.81357969899475
Train,4.91188052474144,4.91138595884625
Train,5.00575750911989,5.00519836028182
Train,2.11009471883343,2.11041639210382
Train,2.37041039572539,2.37017818841489
Train,2.61099245908694,2.61069122626507
Train,2.83400286718623,2.83399474039764
Train,3.04129889443473,3.04107595852404
Train,3.23425959314538,3.23459388647755
Train,3.41474353528568,3.41551154861666
Train,3.58372500444503,3.58334840746032
Train,3.74226964422779,3.74357346547843
Train,3.89131540652892,3.89149114290488
Train,4.03169112121989,4.03197081262918
Train,4.16413191680804,4.16395904997556
Train,4.28929209795479,4.28962805136619
Train,4.40775595607406,4.40792848089334
Train,4.52004688997203,4.52033070962282
Train,4.62650967206529,4.6259436276516
Train,4.72782502723186,4.72817219958163
Train,4.82424362092163,4.8249845678067
Train,4.91611208106899,4.91601106751407
Train,5.00374507401355,5.00380302704728
Train,2.129067878023,2.13024043056724
Train,2.36787792905186,2.36839399848689
Train,2.59208132754936,2.59264628781896
Train,2.80248393375513,2.80319541265201
Train,3.00055431103668,3.00162191904677
Train,3.18756551755991,3.18857031031733
Train,3.36400289133691,3.36500950903722
Train,3.53093486493978,3.53190519938219
Train,3.68929589731702,3.6903314382864
Train,3.83937516522213,3.84035832587618
Train,3.98197381270913,3.98303054871506
Train,4.11763754094162,4.1185659818468
Train,4.24701295926842,4.24786146343034
Train,4.37023568941752,4.37106433416487
Train,4.48787338357829,4.48830945054145
Train,4.60043042438518,4.6008118660968
Train,4.70797402783647,4.70791677322562
Train,4.81095366343755,4.8111500469888
Train,4.90977083098347,4.90971958364319
Train,5.00444813374043,5.0045632275753
Train,2.36097802441054,2.36246027621676
Train,2.59467270880296,2.59511477965428
Train,2.80991602211101,2.8108254763167
Train,3.00828576076312,3.00861497751905
Train,3.19217654819851,3.19275855330782
Train,3.36266575017569,3.36294370274048
Train,3.52158740602271,3.52288223111757
Train,3.66968650890396,3.67079691542242
Train,3.80821594725934,3.80866833454568
Train,3.9382470175695,3.93860028709535
Train,4.06021325882976,4.06107609977264
Train,4.17514813515164,4.17537230486344
Train,4.28335361077381,4.28384353111617
Train,4.38554006922663,4.38658649192005
Train,4.4823253111259,4.48276054626988
Train,4.57388140873411,4.57494665052148
Train,4.66085324788706,4.66171197550941
Train,4.74335552867245,4.74428582811309
Train,4.8219342682751,4.82266168427962
Train,4.89666225509807,4.89727059699656
Train,3.13066823605367,3.13273394768769
Train,3.2653108264816,3.26712854428409
Train,3.39478865399112,3.39569392483029
Train,3.51898420713781,3.51991672676307
Train,3.63841031814301,3.63878368045628
Train,3.75352574052123,3.75456626219896
Train,3.86419478631816,3.86397403782324
Train,3.97084544861934,3.97187265972318
Train,4.07386216601098,4.07321764570154
Train,4.17309998647914,4.1720675914032
Train,4.26892070629017,4.26882027382019
Train,4.36149783208145,4.36140502622514
Train,4.45114097624998,4.4478554983318
Train,4.53770137997336,4.53774850606281
Train,4.62147332342409,4.61831185119011
Train,4.70272335190628,4.70071515321181
Train,4.7813037669359,4.78107275886871
Train,4.85746953301625,4.85480595309421
Train,4.93145231247699,4.93156427338475
Train,5.00310747339594,5.00215064208826
Train,3.74239489362839,3.74436331608306
Train,3.82910320565476,3.83004892877873
Train,3.91283018968842,3.91315027924723
Train,3.99404431282438,3.99481263612982
Train,4.07270265527586,4.07297128210778
Train,4.14877480179739,4.14940155024235
Train,4.22267517861963,4.22324757287718
Train,4.29435470068976,4.29510678745576
Train,4.36377575593117,4.3642985541803
Train,4.43130764848334,4.43164156733767
Train,4.49689755489048,4.49791417492745
Train,4.56062805510859,4.56087760598096
Train,4.62245567120425,4.62248514401584
Train,4.68270027518888,4.68271455179932
Train,4.74130662485842,4.74203975438943
Train,4.79822877862616,4.79798298726312
Train,4.85375585529207,4.85374725311997
Train,4.90783210332889,4.90776890992786
Train,4.96041026430419,4.96032701494117
Train,5.01175299734479,5.01143867679205
Train,3.8034503864279,3.80355920091027
Train,3.88519629205936,3.88523013376764
Train,3.9642758143468,3.96440409701175
Train,4.04115558955896,4.04134658334372
Train,4.11576116141328,4.11562063304812
Train,4.18819196994992,4.18839964471702
Train,4.25838661498708,4.25835195824696
Train,4.32674812805353,4.32693989007314
Train,4.39320031641299,4.39324270870859
Train,4.45782206902926,4.45789594042001
Train,4.52054925469123,4.52049189844113
Train,4.58173363623279,4.58191756830568
Train,4.64129950786784,4.64132226156583
Train,4.69931025289988,4.69936915161382
Train,4.75570117986209,4.7557700447753
Train,4.81078211704302,4.81077967995518
Train,4.86447917330845,4.86455274540206
Train,4.91684385558621,4.91680863113218
Train,4.9678122675308,4.96789296390419
Train,5.0176594929962,5.01767671887431
Train,0.121912889345683,0.122250749954428
Train,0.321212618614355,0.321603024457754
Train,0.505488365045808,0.505638486766865
Train,0.676377270332567,0.67572562783901
Train,0.835721298201025,0.836087281873215
Train,0.983839788785082,0.983508709060724
Train,1.12225631485193,1.12258325735386
Train,1.25189388522558,1.25140275581291
Train,1.37356202535614,1.37424919421685
Train,1.48797369810938,1.48747017520439
Train,1.59605576012599,1.59688071169442
Train,1.69775822869169,1.69711913431386
Train,1.7938935331152,1.79483356122294
Train,1.88490661293244,1.88412767401244
Train,1.97119622403223,1.97186907820217
Train,2.05312077928406,2.05319309409172
Train,2.13121849731664,2.13150272681672
Train,2.20534073366341,2.20591480496953
Train,2.27597809355105,2.27609085213701
Train,2.34337069592827,2.3442177639183
Train,3.00190855643143,3.00175598613644
Train,3.11154383429012,3.11142654553917
Train,3.2174104685491,3.21729355708451
Train,3.31969949299921,3.31966526549079
Train,3.41858924454627,3.41847498749415
Train,3.51442734455197,3.51432268306165
Train,3.60700208859448,3.60688553502699
Train,3.69664654773391,3.69656040828634
Train,3.78349768358196,3.78341791029309
Train,3.86768405323916,3.86758837308592
Train,3.94932644422233,3.94926600382608
Train,4.02853845268934,4.0285110275938
Train,4.10542701078235,4.10537502443479
Train,4.18009286823752,4.18009350765281
Train,4.25263103282269,4.25259375226163
Train,4.3232648426538,4.3232864794911
Train,4.39180798215632,4.39179775260639
Train,4.45847801874026,4.45846044488574
Train,4.52335069787516,4.5233517230183
Train,4.58649773530518,4.58649919817911
Train,2.1230898668007,2.12449820585173
Train,2.35310504958047,2.35392568032988
Train,2.57025444451035,2.57086411797284
Train,2.77558814575459,2.77645770126331
Train,2.97024574076675,2.97070729548362
Train,3.15465746306227,3.15517907488832
Train,3.32979227868022,3.33026868162708
Train,3.49633303012957,3.49694122368531
Train,3.65489714909719,3.65542320685129
Train,3.80604430555556,3.8066933462171
Train,3.95043246607212,3.95110903171301
Train,4.08821917312294,4.08925457523149
Train,4.21998349942063,4.22082349020932
Train,4.3461118399746,4.34694200777379
Train,4.46695822719602,4.46766671623048
Train,4.58284764957916,4.58365015561069
Train,4.6941945519255,4.69462165502339
Train,4.80103857268207,4.80143461496776
Train,4.90375409617079,4.90389676602647
Train,5.00257587715067,5.00265486676583
Train,2.12823337150201,2.12957671388652
Train,2.36411077689893,2.36369457181284
Train,2.58556084540345,2.58444118195915
Train,2.79429787321292,2.79392191970622
Train,2.99097959107034,2.99071004807341
Train,3.1770048147638,3.17606567847836
Train,3.35285279077528,3.35345970105048
Train,3.51968113936391,3.51983268073966
Train,3.67800242205579,3.6783656941436
Train,3.82829541577257,3.82865092547875
Train,3.97145202581556,3.97200382270169
Train,4.1076858400867,4.10818258593938
Train,4.23775673214238,4.23820777721924
Train,4.3619445926591,4.36264895157295
Train,4.48051650454393,4.48114939099762
Train,4.5940807056478,4.59448707391059
Train,4.70272168509138,4.70304638114542
Train,4.80696937638016,4.80724676531029
Train,4.90687679564637,4.90735166092712
Train,5.00290915065122,5.00307604269185
Train,2.12649679914649,2.12699277855357
Train,2.35759501184343,2.35774515306478
Train,2.57579871456369,2.57512083755067
Train,2.78171004898345,2.78168492037296
Train,2.97655078179956,2.97622446784883
Train,3.16119033961514,3.1610171278546
Train,3.33660020704182,3.33653854070074
Train,3.50309248504017,3.50319561051877
Train,3.66150276704624,3.66164205117023
Train,3.8124055918898,3.8125638576232
Train,3.95647937588095,3.95648652842577
Train,4.09387710541017,4.09382287783158
Train,4.22519554485524,4.22510146272837
Train,4.35082943708329,4.35063529472903
Train,4.47127164782101,4.47126164856966
Train,4.58658493578139,4.58633487508926
Train,4.69721097911515,4.69697582828597
Train,4.8034298752106,4.8032187596102
Train,4.90561165504706,4.90541279365355
Train,5.00376687657177,5.00335942792956
Train,2.12426474177798,2.12569367947365
Train,2.35063717238353,2.35232079978526
Train,2.56487196721311,2.56557490976705
Train,2.7679198323259,2.76850938438222
Train,2.96063471204643,2.96207576063464
Train,3.14378579387147,3.14412798358829
Train,3.31806776936108,3.31833764350379
Train,3.48410963961541,3.48444954433874
Train,3.64248230061874,3.6430989008579
Train,3.79370510124421,3.79407746463333
Train,3.93809071449201,3.93826505363834
Train,4.07640023404386,4.07669205039859
Train,4.20886154281866,4.20919079601229
Train,4.33583788543298,4.33558522013048
Train,4.45766303418754,4.45804719145165
Train,4.5746442187341,4.57460493461552
Train,4.68706471308976,4.68698969468754
Train,4.79518612586059,4.79521079925255
Train,4.8992504326528,4.8993343989125
Train,4.99948178390723,4.99921235247823
Train,2.12069811485206,2.12118447100441
Train,2.35218470385353,2.35234820743356
Train,2.57057755642353,2.57070554847744
Train,2.7769570622838,2.77700405427752
Train,2.97228793269146,2.9724093228135
Train,3.15723568352264,3.15735543744379
Train,3.33298376109513,3.33323036026489
Train,3.50002222658851,3.50011407366331
Train,3.65898286341219,3.65908726695782
Train,3.81043779263866,3.81052758734152
Train,3.95490635331891,3.95488017356477
Train,4.09286105212978,4.09294850706213
Train,4.22473272598362,4.22471204752149
Train,4.35091503644363,4.35095638983624
Train,4.47176839471261,4.47194592696836
Train,4.58749844172053,4.58728602958511
Train,4.69866391195884,4.69887919171309
Train,4.80541421416605,4.80537384503917
Train,4.90800726291726,4.90806627093773
Train,5.00668126816914,5.00655304186806
Train,4.51947933506468,4.51994877234686
Train,4.55595585406054,4.55571271222218
Train,4.5917319627115,4.59200761144096
Train,4.627075703772,4.62693425839755
Train,4.66187178245568,4.66214547035564
Train,4.69613283019948,4.69610046921592
Train,4.72975236329546,4.73001217705244
Train,4.76298150731276,4.76289788159486
Train,4.79571121929055,4.79555996762722
Train,4.8279526748944,4.82797515136483
Train,4.85960491137652,4.85946788639488
Train,4.89090370692284,4.89089574250395
Train,4.92174579971075,4.921713362771
Train,4.95214111344554,4.95195853946937
Train,4.98199381297,4.98194777325191
Train,5.01152570884951,5.01135426374388
Train,5.04063889265971,5.04057085458701
Train,5.06934220665434,5.06928282068769
Train,5.09754458307822,5.09748185679858
Train,5.12545508269722,5.1251438488682
Train,2.12494654509825,2.12507810612008
Train,2.36598412000708,2.36514620385354
Train,2.59196570528841,2.59123936018953
Train,2.80379698900247,2.80375648879929
Train,3.00298370934386,3.00292455132078
Train,3.19083016455647,3.19021608891783
Train,3.36789057987543,3.36719246438518
Train,3.53525081837902,3.53478113643653
Train,3.69386021820756,3.69368885260631
Train,3.84405824457985,3.84322919910413
Train,3.98665280163087,3.98611238962188
Train,4.122207001394,4.12158910157016
Train,4.25137132222626,4.25077618460567
Train,4.37431687836064,4.37380859929474
Train,4.49161091976608,4.49097864772487
Train,4.60375754775155,4.60302793356753
Train,4.71085249935736,4.71042425876588
Train,4.81334220797438,4.81259594122023
Train,4.91162557614815,4.91111459146053
Train,5.00574879795207,5.00489703170681
Train,3.12543660352992,3.12497089438259
Train,3.25712552680222,3.25692203790389
Train,3.38384356666926,3.38358475099015
Train,3.50620900440506,3.50605673048561
Train,3.62411149096913,3.62394605394659
Train,3.73810966565051,3.73786547599887
Train,3.84808553713416,3.84802200438137
Train,3.95454624135555,3.95452242973554
Train,4.05751308548187,4.05735132445555
Train,4.15701563451543,4.15702726901439
Train,4.25349605830165,4.25335164551437
Train,4.34682758939512,4.34681805964577
Train,4.43741576260776,4.43729447585722
Train,4.52525628961524,4.52544177800085
Train,4.61035273249628,4.61047945486574
Train,4.69306363582991,4.69307954316467
Train,4.77326219556547,4.77348786857622
Train,4.85128003768205,4.85150318690942
Train,4.9269917254398,4.92706803317126
Train,5.00070489880787,5.00090741092502
Train,2.12586216946758,2.12588564087057
Train,2.34810903639221,2.34800573974938
Train,2.55906981011008,2.55906247921596
Train,2.75958289477367,2.75941852266554
Train,2.95019087527279,2.9500614281453
Train,3.13201922497898,3.13192894778988
Train,3.30546511329829,3.30544102009228
Train,3.47109513912386,3.47098369000671
Train,3.62942596209123,3.62937821595117
Train,3.78092968593105,3.78084338443953
Train,3.92587471946271,3.92583009705707
Train,4.06499196065997,4.06502443344219
Train,4.19847485952058,4.19844556946485
Train,4.32665891410702,4.32662388475658
Train,4.44985350448167,4.44982171760715
Train,4.56834438574395,4.56827775989152
Train,4.68226681502816,4.68221112851027
Train,4.79212856728055,4.79195057861873
Train,4.89802281184461,4.89779680586728
Train,5.00016065846189,4.99981446081368
Train,2.1239034454604,2.12351706487173
Train,2.35911492066316,2.35898920815746
Train,2.58033210952386,2.58012129263737
Train,2.78876785111201,2.78850982716834
Train,2.98549876920964,2.98514059014199
Train,3.1714838731517,3.17093622267133
Train,3.34758019165918,3.34717637143988
Train,3.51455597750929,3.51415403327995
Train,3.6731019122736,3.67273035473702
Train,3.8238406558098,3.82325126608633
Train,3.96717569005629,3.96635598330543
Train,4.10394304643346,4.10362353984895
Train,4.23443871645856,4.23376991510598
Train,4.35908442797437,4.35847085439603
Train,4.47826492668644,4.47786415147423
Train,4.59233194299298,4.59195549412764
Train,4.70160765894359,4.70129274610666
Train,4.80638774730354,4.8059673565542
Train,4.90694404309473,4.90656650648018
Train,5.00352689844212,5.0026980324976
Train,2.12157822752679,2.12164360498648
Train,2.34997161046408,2.35006989441102
Train,2.56589949340802,2.56600022484711
Train,2.77035529952172,2.77046220824853
Train,2.96422962398634,2.96432345747528
Train,3.14851996271753,3.14865866291005
Train,3.3235451646146,3.32361690056789
Train,3.4901648213289,3.49026273594357
Train,3.64897024560068,3.64908308360394
Train,3.80049855744591,3.80058291175304
Train,3.94523875342614,3.94533483529743
Train,4.08363697812071,4.08369473015703
Train,4.21610111752593,4.21619965452485
Train,4.34300481400337,4.34308138407435
Train,4.46469098601581,4.46474736156891
Train,4.58160039291125,4.58166233900122
Train,4.69376757502804,4.69381361423005
Train,4.80159108710145,4.8016295415466
Train,4.90531844922459,4.90536090572935
Train,5.00517872577434,5.00513682536551
Train,2.12157822752679,2.12142242209232
Train,2.34997161046408,2.34987120923254
Train,2.56589949340802,2.56583560602233
Train,2.77035529952172,2.77033722810595
Train,2.96422962398634,2.96419388460275
Train,3.14851996271753,3.14851679054776
Train,3.3235451646146,3.32353622127196
Train,3.4901648213289,3.49015724198328
Train,3.64897024560068,3.64893981489807
Train,3.80049855744591,3.80047168014355
Train,3.94523875342614,3.94522026833077
Train,4.08363697812071,4.08361770818667
Train,4.21610111752593,4.21610698047082
Train,4.34300481400337,4.34293807476136
Train,4.46469098601581,4.46471638572914
Train,4.58160039291125,4.58162001312597
Train,4.69376757502804,4.69379059697824
Train,4.80159108710145,4.80163557991112
Train,4.90531844922459,4.90536472161987
Train,5.00517872577434,5.00518925063009
Train,2.8296740501142,2.82993265151456
Train,3.00087003735464,3.00096494494503
Train,3.16277266275112,3.1629194693189
Train,3.31611866365468,3.31618761732828
Train,3.4615689084876,3.46155706674765
Train,3.59971791781557,3.59982116872491
Train,3.73110198672411,3.73112713448357
Train,3.85620614249155,3.8562399125942
Train,3.97547012785809,3.97549739666213
Train,4.08929356546614,4.08926096655999
Train,4.19804043129214,4.19816237194685
Train,4.30204294258438,4.30205425832103
Train,4.401604947801,4.40159960269669
Train,4.49700489141195,4.49706863417235
Train,4.58849841449439,4.58849533347823
Train,4.67632064227137,4.67635466617797
Train,4.76068820169532,4.76072895285982
Train,4.84180100552688,4.84181899850521
Train,4.91984383384104,4.91984492979757
Train,4.99498773929687,4.99507950896007
Train,2.12307251257918,2.12326622440308
Train,2.35964578934866,2.35961175724081
Train,2.58218050412771,2.58230908167682
Train,2.79142720735334,2.79163221847123
Train,2.98897791192864,2.98931645685955
Train,3.17537342606459,3.17546917176444
Train,3.35192322830612,3.35226832983174
Train,3.51901641132875,3.51907426366163
Train,3.67756862434833,3.67777023167512
Train,3.82838570779016,3.82848628489158
Train,3.97170145535005,3.97162784197574
Train,4.10836525981417,4.10847245259286
Train,4.23853985576174,4.23864295594033
Train,4.3628148187034,4.36290218032012
Train,4.48171459673084,4.48179814987382
Train,4.59532714951275,4.59546769633674
Train,4.70423982572091,4.70438500090243
Train,4.80850558860764,4.80864972350467
Train,4.90863863853738,4.90873981566913
Train,5.00466535907799,5.00461723321062
Train,2.12031013626789,2.1203640766755
Train,2.36102834848217,2.36051168202469
Train,2.58658898959166,2.58612424690657
Train,2.7983800262081,2.79759819946706
Train,2.99784901303123,2.99728343568425
Train,3.18561792614839,3.18516210938035
Train,3.36288618172805,3.36229469248722
Train,3.53051066694614,3.53016638739357
Train,3.68925750488651,3.68906492708195
Train,3.83981376202818,3.83953190310352
Train,3.9829588998068,3.98268580122679
Train,4.11891938268376,4.11872175852771
Train,4.24836903830734,4.24785578007798
Train,4.3717646127021,4.37146259157746
Train,4.48952110602165,4.48905565044263
Train,4.60201643538855,4.60154218551473
Train,4.70971741650357,4.70932845261562
Train,4.81269041611846,4.81234884423177
Train,4.91135181778044,4.91084648049148
Train,5.00596686579683,5.00537003112479
Train,2.12440624434696,2.12395021700579
Train,2.35222798355211,2.35171773023033
Train,2.56759390425402,2.56691705304477
Train,2.77149833019303,2.77083858090121
Train,2.96505326559385,2.9644334508914
Train,3.14860732130058,3.14797151774767
Train,3.32311528269837,3.32245051908397
Train,3.48922979559846,3.48851743059934
Train,3.64754219853314,3.64686826195178
Train,3.7985895563195,3.79799275685876
Train,3.94302608276754,3.94246656105973
Train,4.08095990864761,4.08034357953805
Train,4.2129716824796,4.21237393004342
Train,4.33943477525598,4.3389260114411
Train,4.46069181716834,4.46018504356037
Train,4.57705779753348,4.57650483648397
Train,4.68895122952415,4.68841600178278
Train,4.79637790324853,4.7958645721403
Train,4.8997186923022,4.89929113186666
Train,4.99920235130416,4.99857585445646
Train,2.12622589903915,2.12614901652999
Train,2.35105907196245,2.35085575222113
Train,2.56408052411292,2.56371333093851
Train,2.76596443231534,2.76567915582857
Train,2.95800431013222,2.95746403812448
Train,3.14069197335927,3.14022160907846
Train,3.31469435242682,3.31464739876467
Train,3.48061643614247,3.48005583697089
Train,3.63882531876998,3.63878210027836
Train,3.79019624579036,3.79006861965102
Train,3.93499541998522,3.93485494065974
Train,4.07364171657609,4.07386871324273
Train,4.20636535159036,4.20639811485601
Train,4.333832845834,4.33394913016239
Train,4.45620835739143,4.45623708354035
Train,4.57379102778125,4.57389858752797
Train,4.68685701678631,4.6868413773984
Train,4.79553547793856,4.79546781346583
Train,4.90031986812072,4.90029802238062
Train,5.00129839913448,5.001086698506
Train,3.15039381919847,3.15088639785902
Train,3.2382231415356,3.23843592560227
Train,3.32371965065747,3.32346769732178
Train,3.40678219060746,3.40728835556295
Train,3.48788845652993,3.48807490266993
Train,3.56692295565203,3.5668066648934
Train,3.64396406827628,3.6440031110353
Train,3.71908627017166,3.71935292288911
Train,3.79219047864077,3.79201419981767
Train,3.86368795523912,3.86390357161438
Train,3.93346868964079,3.93373064109185
Train,4.00159377995734,4.00162713311804
Train,4.06796711744242,4.06765020532041
Train,4.13295647522878,4.13314253497013
Train,4.19645682270938,4.19658943407124
Train,4.25851875370888,4.25885810540715
Train,4.31919059560865,4.31911915931344
Train,4.37838080622098,4.37853088545601
Train,4.43641200640792,4.43646018182629
Train,4.49318561840907,4.49340838999636
Train,2.1297646112952,2.12959086930935
Train,2.35976321402919,2.35889666802471
Train,2.57660054688476,2.5758050981269
Train,2.78177693703839,2.78119296545195
Train,2.97582693019832,2.97530419735925
Train,3.15999309509978,3.15969677266478
Train,3.33466796457649,3.33428860004936
Train,3.50089346110216,3.50063056932343
Train,3.65911229125799,3.65884666996065
Train,3.80974092004381,3.80972740973742
Train,3.95359590323492,3.95350479518968
Train,4.09085311686547,4.09082901891382
Train,4.2222151261859,4.22233382154011
Train,4.34792955629329,4.3479520582325
Train,4.46823410563742,4.46831455323921
Train,4.58369845487071,4.58384692741968
Train,4.69438990326048,4.69446450288454
Train,4.80080855719805,4.80098713127448
Train,4.90299475843662,4.90309339407689
Train,5.00139054318324,5.00151924843451
Train,4.42409585505031,4.4234864468592
Train,4.46699999968875,4.4670483643233
Train,4.50912999588748,4.50886559436843
Train,4.55062343413759,4.55046459455046
Train,4.59126463212535,4.59142154162621
Train,4.63119185597453,4.63088043290848
Train,4.67042375623285,4.67026259213092
Train,4.70897833946524,4.70909375318591
Train,4.74698003120916,4.74658985967401
Train,4.78422975172007,4.78410560994528
Train,4.82085262510907,4.82097696137428
Train,4.85686434244745,4.85667331710941
Train,4.89238013767545,4.89246114834462
Train,4.92721292432008,4.92695689475589
Train,4.96147863591879,4.96126229634249
Train,4.99519100856651,4.99529429999823
Train,5.02836333827751,5.02810403011902
Train,5.06110076351569,5.06116253029834
Train,5.09322977271502,5.0930242482493
Train,5.1248561911553,5.12447567609272
Train,3.12219664035665,3.1237989668218
Train,3.24953452024874,3.24994179871212
Train,3.37314604202669,3.37379836340845
Train,3.4928498320296,3.4932235258377
Train,3.60916007451301,3.60982936686853
Train,3.72189627166973,3.72231676048544
Train,3.83153353563189,3.83196747249461
Train,3.937893249733,3.93830049286701
Train,4.04141575955877,4.04150187943308
Train,4.14192507832224,4.14221269391349
Train,4.23983048635145,4.23982287399051
Train,4.33495917628389,4.33510165329356
Train,4.42769256120208,4.42783403677752
Train,4.51786140777872,4.51783491505487
Train,4.60582203826741,4.6060701677154
Train,4.69140906736962,4.69133737274317
Train,4.77495614780948,4.77509198212213
Train,4.85630192241415,4.85626334240736
Train,4.93575949499856,4.93578660076239
Train,5.01317164359974,5.01321632859911
Train,2.12980838791552,2.12972485313297
Train,2.34168333658339,2.340882450698
Train,2.54414515157146,2.54242799073766
Train,2.73824139127693,2.73652155197781
Train,2.92427150924354,2.92311806764995
Train,3.10272808016657,3.1015127140847
Train,3.27387246115437,3.27269697595259
Train,3.43851371335323,3.43725495158217
Train,3.59683781251713,3.59546041090219
Train,3.74920149103465,3.74798365150421
Train,3.89577051701384,3.8946645274584
Train,4.03718640633585,4.03610066138502
Train,4.17356288687294,4.17319043664541
Train,4.30516461492292,4.30456248680205
Train,4.43209530256108,4.4313532267872
Train,4.55487496931329,4.5538024875634
Train,4.67357034358219,4.67271027584068
Train,4.78838188846819,4.78723919573097
Train,4.89937221252288,4.89883296452829
Train,5.00697080778179,5.0062697915266
Train,2.12537416344365,2.12770791082515
Train,2.34552927409838,2.3476206654734
Train,2.55466956421632,2.55637352716006
Train,2.75404750150743,2.75571116710055
Train,2.94390490216024,2.94542329263207
Train,3.12531404718931,3.12689546293334
Train,3.29843757033248,3.29980223254027
Train,3.4642020484339,3.46573006932816
Train,3.62288854078934,3.62425134998123
Train,3.774770174997,3.77587252056694
Train,3.92060283959894,3.92136962946027
Train,4.0604259611579,4.06076374995539
Train,4.19490563275434,4.19564781178927
Train,4.3241967607628,4.3250669428737
Train,4.44845398107351,4.44931776953966
Train,4.56823507402279,4.56941334413134
Train,4.68351752216831,4.68416780965274
Train,4.79480054880053,4.7952524704808
Train,4.90204659920499,4.90235007824161
Train,5.00570487775376,5.00572479329569
Train,2.13137907626679,2.13086166130163
Train,2.36558251256851,2.36532030338933
Train,2.58611448184891,2.58594699129319
Train,2.79367170301773,2.79336845616056
Train,2.98958625163742,2.98937236951972
Train,3.1748110244684,3.17462270337931
Train,3.35039506155556,3.35010794363846
Train,3.51669708659816,3.51650326049933
Train,3.67461182151582,3.67444596122662
Train,3.82475816738325,3.82455067235353
Train,3.96785686933162,3.96771968253891
Train,4.1040849131936,4.10394316937457
Train,4.23407210575375,4.2339899884348
Train,4.35823770054002,4.3580619866327
Train,4.47709846671157,4.47698952160429
Train,4.59072994667882,4.59059749978699
Train,4.69959280869004,4.69942954123983
Train,4.80398106079469,4.80383487051152
Train,4.90427851305546,4.90409099332031
Train,5.00050274038001,4.99985301345007
Train,1.35217257524446,1.35496994669596
Train,1.47399066892342,1.47438862475904
Train,1.59230603675122,1.5929863838421
Train,1.70788984059983,1.70749445277327
Train,1.82053051413345,1.82235686438728
Train,1.93004279454803,1.93019055762418
Train,2.03713200282241,2.03808777215748
Train,2.14159461111633,2.14164357694174
Train,2.24325094712242,2.24443813260516
Train,2.34274872420312,2.34264244407243
Train,2.43989262030807,2.44081871314777
Train,2.53476518976344,2.53480730714657
Train,2.6271948653086,2.62801437242454
Train,2.71776308529764,2.71822356442793
Train,2.80628541222797,2.80750232535432
Train,2.8925965675905,2.89228464813571
Train,2.9772348648877,2.97832073612811
Train,3.0600238295116,3.06031631283188
Train,3.14080449271254,3.14100387319125
Train,3.22007675336816,3.22145968303742
Train,2.13169975329619,2.13192819554318
Train,2.35657563234608,2.35656241747277
Train,2.5697195887708,2.56943852855623
Train,2.77161116287705,2.77151586777039
Train,2.96351242318112,2.96326594649075
Train,3.14577167191889,3.14558139190852
Train,3.3194547591735,3.31928905878815
Train,3.48481216801417,3.48462759776087
Train,3.64259090213786,3.64244854988577
Train,3.79345572001115,3.79329832925871
Train,3.93755376827673,3.9374070925471
Train,4.07561483172903,4.07546585718158
Train,4.20773741289214,4.20762836788274
Train,4.33442728443041,4.33425710478989
Train,4.45613844345657,4.45605561334672
Train,4.57291703333236,4.57279118820518
Train,4.685289008097,4.68514165790405
Train,4.79327551310105,4.7931430960409
Train,4.89734342494307,4.8972040253859
Train,4.99749465933353,4.99709470124729
Train,2.11800698707624,2.11880820071313
Train,2.34965765577576,2.34988423539401
Train,2.56840930776639,2.56848862097034
Train,2.77488577997022,2.77513729485075
Train,2.9702926005582,2.97043286509072
Train,3.15568719019291,3.15578051489795
Train,3.33145779694166,3.33158213529098
Train,3.49867861621973,3.49881521551581
Train,3.65763083900424,3.6577314339804
Train,3.80906884706775,3.80919132671918
Train,3.95366217337027,3.95373364601549
Train,4.09157969995091,4.0916379995899
Train,4.22340924524784,4.2234644404118
Train,4.34967552568932,4.34974553582218
Train,4.47047351119821,4.47053094195074
Train,4.58639020485336,4.58650817830424
Train,4.69748557725583,4.69754185133864
Train,4.80416453796717,4.80422135129559
Train,4.90679145152063,4.90682623517862
Train,5.00538847860667,5.00536702207976
Train,3.84179557269776,3.84142682960303
Train,3.91920875165838,3.91915954740328
Train,3.99422371956472,3.99415261112447
Train,4.06725350138824,4.0671673252866
Train,4.1382277797835,4.13819248918956
Train,4.20723213202012,4.20717048156005
Train,4.27420779048411,4.27411649049757
Train,4.33951434295091,4.33947869061306
Train,4.40308067966405,4.40302293303032
Train,4.4649754430464,4.46494662742337
Train,4.52513816900946,4.52513229536928
Train,4.58388488439728,4.58384887308714
Train,4.6411453493064,4.64112302351644
Train,4.69697526082213,4.69699417749437
Train,4.75131410345043,4.75127860966971
Train,4.80444192109512,4.80444781533081
Train,4.85629034384653,4.85629600512696
Train,4.90690503639522,4.90691740298937
Train,4.95622646817187,4.9561773082671
Train,5.00450460980597,5.00447687715426
Train,2.12502787527181,2.12518269781797
Train,2.36135204633954,2.36133325922058
Train,2.58362284929565,2.5836033215521
Train,2.79268469363621,2.7927364978634
Train,2.9900326385081,2.99011818097572
Train,3.17629153514919,3.17638259969247
Train,3.35268522941764,3.35275468370603
Train,3.51967841931029,3.51973739778917
Train,3.67828647416271,3.67837822255681
Train,3.82885566655389,3.8289239997059
Train,3.972238578413,3.97233924238683
Train,4.10869287269671,4.10873693460165
Train,4.23894221158223,4.23901769209554
Train,4.36317727847259,4.36327743303193
Train,4.48201832437531,4.48213340803998
Train,4.59560495869248,4.59570890152393
Train,4.7044735138618,4.70460590367223
Train,4.80872436390115,4.80881197000347
Train,4.90882501568616,4.9088768844151
Train,5.00484551569014,5.00483908667523
Train,2.12630598483605,2.12560929711547
Train,2.35539875522112,2.35566110384319
Train,2.57176533308534,2.57196595088611
Train,2.7762152162635,2.77627329118989
Train,2.97012763582966,2.97027113143779
Train,3.154096397871,3.15408570902876
Train,3.32886723508733,3.32900855337287
Train,3.49511312972944,3.49487662594332
Train,3.65327046900327,3.65322005626079
Train,3.8042444465208,3.80426013600229
Train,3.94835614457831,3.94833838930138
Train,4.08606303712706,4.08597335295711
Train,4.21763900232919,4.21765913286002
Train,4.34375987462006,4.34351003112827
Train,4.46462571056548,4.46437113582145
Train,4.58055824708455,4.5789510803654
Train,4.69185348214286,4.68971214739507
Train,4.79866719334719,4.79744372393837
Train,4.90148964649825,4.89954562850037
Train,5.00043192536905,4.9988240623454
Train,2.12756302321726,2.12730406319973
Train,2.34357282068457,2.34346261015092
Train,2.54984329443584,2.54990063162334
Train,2.74656419884556,2.74640840444702
Train,2.9346004194769,2.93455998437933
Train,3.11472246366613,3.11454916324804
Train,3.28702110126639,3.28739161167253
Train,3.4523767881392,3.45238534771418
Train,3.61083401632121,3.61102351053999
Train,3.7629914237032,3.76330556029209
Train,3.90938665371888,3.90946882735373
Train,4.05001495535352,4.05018014424352
Train,4.185367040438,4.18557169809649
Train,4.31588545686173,4.31609212103215
Train,4.44153302115887,4.4415035041777
Train,4.56285822366104,4.56302119603718
Train,4.67980876824761,4.67980242292036
Train,4.79274789655703,4.79271628544596
Train,4.90200518548599,4.90199759209939
Train,5.00751258189677,5.00734239204688
Train,3.80374262174995,3.80434238516976
Train,3.8813644729742,3.88160453717067
Train,3.95697922789834,3.95689099485319
Train,4.03066374022847,4.03098475159207
Train,4.10249098938142,4.10232283512162
Train,4.17241839760179,4.17277179768937
Train,4.24073848405763,4.24083471884226
Train,4.30739922438136,4.30738901979133
Train,4.37246034610359,4.37246326176612
Train,4.43597874424708,4.43623744671934
Train,4.49800864726972,4.49822118359883
Train,4.55860177147655,4.55858755276061
Train,4.61780746482474,4.61766228891723
Train,4.67567284096216,4.67578553382485
Train,4.73224290426455,4.73246573473009
Train,4.78747214480045,4.78733874899556
Train,4.84158066204671,4.84169120989757
Train,4.89451729124722,4.89465908169152
Train,4.9463196958571,4.94625381678928
Train,4.99702394247805,4.99713853019714
Train,2.13398817546624,2.13429183170522
Train,2.3603036930206,2.36041965591651
Train,2.57460521573588,2.57459706963275
Train,2.77744420913406,2.77751399936754
Train,2.97007708970211,2.97006652401545
Train,3.15291186542403,3.15299306598829
Train,3.3270039647829,3.3270845092404
Train,3.49265432852556,3.49271751892159
Train,3.6507592120268,3.65097550747235
Train,3.80153884200432,3.80154045699531
Train,3.94576178529703,3.9458461660099
Train,4.08358689922918,4.08360535528412
Train,4.21567911599837,4.21578035458445
Train,4.34215029631276,4.34216633171966
Train,4.46358035984785,4.46371507252409
Train,4.58004496573176,4.58011063339584
Train,4.69205361385402,4.6921108814124
Train,4.79965394873103,4.79965547115647
Train,4.90329661362725,4.90334863623068
Train,5.00300750171342,5.00288777265744
Train,2.12692952333918,2.12702638390258
Train,2.35088489207782,2.35088437278612
Train,2.56338939913463,2.56337064279362
Train,2.76487539438893,2.7648955782963
Train,2.95637934571797,2.95646204836087
Train,3.13881695982081,3.13889081640739
Train,3.31245113616632,3.31241196554695
Train,3.4782528902867,3.47828238177247
Train,3.63640671876633,3.63642795372946
Train,3.78758909481047,3.78762087871949
Train,3.93240371759829,3.93243644734251
Train,4.07095177015897,4.07084432562554
Train,4.20377149195949,4.2039378926231
Train,4.33134563589012,4.33128354760195
Train,4.45371995796277,4.45367261542854
Train,4.57145462335721,4.57154647283026
Train,4.68456901428786,4.68454903590758
Train,4.79344493329453,4.79340270460964
Train,4.89842727377511,4.89843022532225
Train,4.99950692178822,4.99945619457069
Train,2.12371882685724,2.12300599552257
Train,2.34385229132083,2.34358925041964
Train,2.5529843127808,2.5528951751214
Train,2.75238144534349,2.75239163205627
Train,2.94226652286525,2.94221111419322
Train,3.12372518645314,3.12370996027969
Train,3.29690314324393,3.29702790453232
Train,3.46273958171679,3.46262953112385
Train,3.62150678904842,3.6215714396087
Train,3.77347042690937,3.77343537549971
Train,3.91939789573612,3.91942697552734
Train,4.0593154789097,4.05911433462027
Train,4.1939000881719,4.19391586865025
Train,4.32329993503047,4.32318389531722
Train,4.44766388388869,4.44748721373547
Train,4.56755956828605,4.56733726321475
Train,4.68295388954253,4.68291292785509
Train,4.7943553340357,4.79417586775819
Train,4.90171656914261,4.90151215449007
Train,5.00549551390638,5.00509240433096
Train,0.858570132811861,0.860458166403286
Train,1.04394113124311,1.04449561225122
Train,1.21780985666362,1.21770827797739
Train,1.38046476767378,1.3808604562357
Train,1.53365978365212,1.53418181429809
Train,1.67753229485396,1.67757927613932
Train,1.81353329009593,1.81379195024713
Train,1.94169856401498,1.94198653739225
Train,2.0629656558425,2.06337626188836
Train,2.17814266650068,2.17851044993879
Train,2.28717156304968,2.28734501421352
Train,2.39101087704773,2.39107822821027
Train,2.48956493941143,2.49003166995611
Train,2.58344419356656,2.58359229863275
Train,2.67318127111649,2.67339606438984
Train,2.7586469140583,2.75886480355187
Train,2.84051777871266,2.84084324533908
Train,2.91865223851417,2.91858793477807
Train,2.99364766201722,2.99418229900696
Train,3.06535534516765,3.06609906060406
Train,2.11836488912733,2.11922814068678
Train,2.32413838841679,2.32444020885235
Train,2.52176604908489,2.52170765970662
Train,2.71214490016071,2.71229141976003
Train,2.89546247921265,2.8954764483344
Train,3.07190808450751,3.07199835740833
Train,3.24223961470774,3.24240964577914
Train,3.40640343133022,3.4064343119346
Train,3.56508149230297,3.5651515172933
Train,3.71837330568695,3.71843999381165
Train,3.86638353331531,3.86647758580805
Train,4.00969953745136,4.00968256021518
Train,4.14838636500646,4.14855299562917
Train,4.2825150818542,4.28246502262776
Train,4.41259655644757,4.41260227015594
Train,4.53852985181722,4.53860602999633
Train,4.66078275686764,4.66076652185732
Train,4.77938175725327,4.77941196883988
Train,4.89435981211991,4.89447158666665
Train,5.00612953667992,5.00598869073586
Train,2.80431739155581,2.80497060435594
Train,3.00972497311769,3.00995768791402
Train,3.19814047253609,3.19812034602658
Train,3.37125133976355,3.37129550897883
Train,3.53100508559131,3.53124368575593
Train,3.67903463184464,3.67886796289825
Train,3.81631626614119,3.81644268919556
Train,3.94410447092034,3.94402103205287
Train,4.0634679768502,4.06369556056527
Train,4.17499426474688,4.17487695942621
Train,4.2795332183762,4.27968740307481
Train,4.37772154690942,4.37761140642327
Train,4.47021182728672,4.47032143313047
Train,4.5573143354775,4.55741149995377
Train,4.63956750088226,4.63945002443436
Train,4.71744209228868,4.71767475598538
Train,4.79113303528688,4.79100196236616
Train,4.86103761995336,4.86111226719297
Train,4.92750601768001,4.92767966330505
Train,4.9906604504058,4.99063276922173
Train,3.92049435677243,3.92095749286021
Train,3.99145171165559,3.99187557697517
Train,4.06038019918818,4.06027228888272
Train,4.12763122014509,4.12792729627402
Train,4.19313532039386,4.19333045097231
Train,4.2569596945443,4.25705642155229
Train,4.31904504352194,4.3192198253448
Train,4.37970121019443,4.37987580379488
Train,4.43885954180265,4.43888472340698
Train,4.49657484268183,4.49675334690913
Train,4.55278775849454,4.55304466900928
Train,4.60777364208356,4.60778794611472
Train,4.66146558459228,4.66158443672905
Train,4.71390872886511,4.7139348390185
Train,4.76504463981533,4.7651750460602
Train,4.81511972504834,4.81515402052103
Train,4.86406937288452,4.8641300728152
Train,4.91193110299996,4.91191869818725
Train,4.95864800759439,4.95876210020945
Train,5.0044419594387,5.00446623500396
Train,3.84105780659028,3.84109701931377
Train,3.91832834994135,3.91841045938711
Train,3.99339132457357,3.99343537151729
Train,4.06634000132811,4.06637961592717
Train,4.13726246970036,4.1373003843539
Train,4.20624199270175,4.20626011333591
Train,4.27335733295105,4.27339925863564
Train,4.33868305268011,4.33870463259812
Train,4.40228979005651,4.40233556968745
Train,4.46424451397606,4.46427060883364
Train,4.5244936789611,4.52451392600708
Train,4.58333470882261,4.58336016502947
Train,4.64070477073592,4.6407413483714
Train,4.69665834288126,4.69667406428128
Train,4.75124724606848,4.75128556724233
Train,4.80452080381362,4.8045235981401
Train,4.85652599098172,4.85655435208831
Train,4.90730757193771,4.90734177184207
Train,4.95690822905911,4.95693918406981
Train,5.0053686823862,5.00534863144206
Train,2.42834849611159,2.42795927283371
Train,2.48746707092845,2.48738256784712
Train,2.54575788762654,2.54568247280188
Train,2.60303139094534,2.60296117921028
Train,2.65972085298525,2.6595888348995
Train,2.71563287692946,2.71543854208651
Train,2.77078334651799,2.77071973124405
Train,2.82518771572609,2.82507857815947
Train,2.87866785658468,2.87858512127353
Train,2.93162730929852,2.93144047168901
Train,2.98388453553816,2.9835469907441
Train,3.03545341028352,3.03538897744077
Train,3.0861642488899,3.08606082939807
Train,3.13639897887034,3.13601578587552
Train,3.18598480435449,3.18595128846139
Train,3.23493421794094,3.23480137479712
Train,3.28325939359915,3.28314378497019
Train,3.33080041565752,3.33069580420418
Train,3.37791456924576,3.37759639783256
Train,3.42443915374309,3.42396515372023
Train,2.22155204803839,2.22219701277866
Train,2.32922765133009,2.32945831123218
Train,2.43370119229795,2.43341262507895
Train,2.53465579142421,2.53487229749883
Train,2.63270837419855,2.63285438637034
Train,2.72755216680266,2.72781172069811
Train,2.81975806069971,2.81960434417781
Train,2.90902955187261,2.90929959076969
Train,2.9957001972413,2.9956113817709
Train,3.08007276147852,3.08020408691594
Train,3.16186609529202,3.16179268577182
Train,3.241556529746,3.24157104426124
Train,3.31887296567829,3.31897757282352
Train,3.39408991319927,3.39405192593334
Train,3.46745776338033,3.46737463619068
Train,3.53872002406571,3.53876250336109
Train,3.60828044587191,3.60828747257549
Train,3.67589190696518,3.67587043627939
Train,3.74193377307705,3.7419001444898
Train,3.80616796539295,3.80613938365716
Train,2.14209769603856,2.14198063450679
Train,2.21273339531818,2.21270919948732
Train,2.2823769413851,2.28238305492344
Train,2.350592547525,2.3504427878572
Train,2.41764641444086,2.41771194372925
Train,2.48378804666712,2.48372331333233
Train,2.54860206011197,2.54851041251025
Train,2.61255260736111,2.61257785892961
Train,2.67523715122211,2.67519180914608
Train,2.73689780398066,2.73680829798034
Train,2.79776203666832,2.79776069248986
Train,2.85744551416636,2.85738581054032
Train,2.91617745975339,2.91618889752793
Train,2.97417352739124,2.9740698564194
Train,3.03106640882577,3.0311187272557
Train,3.08726055967372,3.08715617722485
Train,3.14239942363412,3.14233511801215
Train,3.19669294873118,3.19671680631948
Train,3.25033907813989,3.25036193441995
Train,3.30299653175664,3.30282303805437
Train,1.81999616082544,1.81967983339494
Train,1.89765762313371,1.8976798764845
Train,1.97438270048283,1.97434174283556
Train,2.0497284008324,2.04965240217937
Train,2.12395656593575,2.12394974018319
Train,2.19731456079502,2.19729077208397
Train,2.26937773151438,2.2692479319587
Train,2.3403953394366,2.34038408831769
Train,2.41060313213166,2.41056555594626
Train,2.47959370430812,2.47953710026489
Train,2.54760463611279,2.54754228649038
Train,2.61465664623822,2.61461117565998
Train,2.68097125051267,2.6809300783418
Train,2.74616248280759,2.74612967514188
Train,2.81045360596929,2.81039362244631
Train,2.8740563042733,2.87397906012414
Train,2.93659962558512,2.93655186168983
Train,2.99829693749261,2.99827442526951
Train,3.05935074493537,3.05927042044571
Train,3.11940426712818,3.11927480120287
Train,2.12131051433176,2.12114369663252
Train,2.34157767709187,2.34154551402683
Train,2.55089051954992,2.55086770161072
Train,2.75041997728193,2.75040199602084
Train,2.94047941174105,2.94047473154135
Train,3.12206776781015,3.12204484915422
Train,3.29541318753376,3.29541910825649
Train,3.46137588089574,3.46134618023209
Train,3.62026820396298,3.62026110054215
Train,3.77238947072282,3.77239439257321
Train,3.9184378745978,3.91840485840587
Train,4.05850605266546,4.05850068834409
Train,4.19320723877575,4.19320407046983
Train,4.32272202966428,4.32270880847066
Train,4.44722696284171,4.44720966753014
Train,4.56723312140291,4.56722693492996
Train,4.68276194077873,4.68273745234476
Train,4.79426945759002,4.79427399457129
Train,4.90175901098383,4.90175908183231
Train,5.00563973868193,5.00559594941954
Train,2.11581728312473,2.11573207451805
Train,2.33047865584099,2.33051206801177
Train,2.53578948231645,2.53583372287469
Train,2.73197658332002,2.7320018236562
Train,2.91981227546609,2.91981088857504
Train,3.09981870678823,3.09985088944016
Train,3.27263879538605,3.27264663437675
Train,3.43838038489641,3.43837093332625
Train,3.59762025954928,3.59761523375276
Train,3.75073363400826,3.75077244713905
Train,3.89820705850173,3.89819062892569
Train,4.04007726729951,4.04007377674427
Train,4.17678714525193,4.17677952428788
Train,4.30861321308013,4.30859285731934
Train,4.43593332062855,4.43597482404514
Train,4.55874123514964,4.55869002006805
Train,4.67738517395463,4.67736518346212
Train,4.79207338478934,4.79206875411112
Train,4.90310587350724,4.90308281209148
Train,5.01045046455225,5.01039069975307
Train,2.12340780063026,2.12348846018652
Train,2.33555182157128,2.33560946121291
Train,2.53826171316524,2.53832998126311
Train,2.73252129019331,2.73254602494783
Train,2.91849468018317,2.91856988556467
Train,3.09703969551917,3.09706678810037
Train,3.26826695843802,3.26831221836913
Train,3.4329299474644,3.43296374789427
Train,3.591248371111,3.59128258788699
Train,3.74343716572525,3.74347364202479
Train,3.89012436427303,3.8901130547449
Train,4.03133386362594,4.03136953947181
Train,4.16762609628764,4.16763803471916
Train,4.29912814868422,4.29911888553327
Train,4.42596729516976,4.42600787350532
Train,4.54862072987129,4.54860865492376
Train,4.66706619002326,4.66707755890023
Train,4.78173499906128,4.78173394465851
Train,4.89259322452992,4.89256551505535
Train,5.00003247031494,5.00004716590704
Train,-2.52020399747413,-2.51939009314517
Train,-2.29591448626899,-2.29572695319509
Train,-2.07832454396176,-2.07831416402839
Train,-1.86808267620809,-1.86784265517124
Train,-1.66391071808652,-1.66412560999085
Train,-1.46643689877274,-1.46640009601176
Train,-1.27447895842263,-1.27445143335423
Train,-1.08864441514788,-1.08836788469195
Train,-0.907836374848127,-0.908012767228475
Train,-0.73264157362904,-0.732704807626551
Train,-0.562039432900503,-0.561802684504774
Train,-0.39659609735487,-0.396613856581799
Train,-0.235359490400793,-0.235435287883566
Train,-0.0788755415109268,-0.0787769895366823
Train,0.0737461038603353,0.0737156178213167
Train,0.221979226239904,0.222122787111611
Train,0.366658369217015,0.366616023587294
Train,0.507276431250276,0.507183429322349
Train,0.644617321591916,0.6447421162113
Train,0.778192409141088,0.778236296958521
Train,3.78722333247141,3.78623449505106
Train,3.86835707725558,3.86780704723717
Train,3.94712554082616,3.94675795618171
Train,4.02363066926337,4.02356711455944
Train,4.0979686329837,4.09746969213596
Train,4.17023023004647,4.17023397143496
Train,4.24050125613106,4.24019772731774
Train,4.30886284435454,4.30859621658167
Train,4.37539177775957,4.37519522474688
Train,4.44016077700295,4.43999393092893
Train,4.50341168856786,4.50323464769756
Train,4.56485960942645,4.5648231930056
Train,4.6247441025641,4.62463847027105
Train,4.6831240862016,4.68295330513431
Train,4.74005555482039,4.74002623702038
Train,4.79559175829861,4.79548347967578
Train,4.84978336803594,4.84979165051048
Train,4.90267863115647,4.90257933229007
Train,4.95432351377617,4.95413565949932
Train,5.0047618342289,5.00462091080702
Train,4.06779321762793,4.06737435058242
Train,4.12886362446846,4.12888555605535
Train,4.18843650502565,4.18833292843122
Train,4.24656627409439,4.24657945903821
Train,4.3034897491331,4.30347164544149
Train,4.35888192481813,4.35884598332198
Train,4.41297936164961,4.41288413781806
Train,4.46582693013893,4.46582753910773
Train,4.51746745109716,4.51727976836194
Train,4.56794181135225,4.56797934152494
Train,4.61745010965688,4.61727336296756
Train,4.6657040691344,4.66526937437741
Train,4.71290408416591,4.71288772957562
Train,4.75908431150662,4.75865297497078
Train,4.80427744772708,4.80429140235649
Train,4.84851480641581,4.84822218567863
Train,4.89196783246196,4.8919072110941
Train,4.93437948805927,4.93429637316079
Train,4.97592179954134,4.97593878860719
Train,5.01662122515669,5.01619137543387
Train,4.22014920295026,4.22043634000077
Train,4.27001595389997,4.27024622322572
Train,4.31884733509992,4.31905110236333
Train,4.36649106477317,4.36666882855136
Train,4.41334987882338,4.41314120756145
Train,4.45926512455976,4.45992085063993
Train,4.50426501801582,4.50403348908297
Train,4.5483766613159,4.54909704582608
Train,4.59145944968607,4.5914939032002
Train,4.63387492262615,4.63382675377873
Train,4.67547720517421,4.67588758158238
Train,4.71628946103913,4.71626949767527
Train,4.75617962708936,4.7563606697215
Train,4.79548073861762,4.79553581589719
Train,4.83405616692232,4.83420657184909
Train,4.87192582742161,4.87205202835615
Train,4.9091089134031,4.90933037044963
Train,4.9454831181638,4.9454778184838
Train,4.98135040320262,4.98139843548709
Train,5.01658461081217,5.01657410645496
Train,0.0232534855056645,0.0238363017335628
Train,0.324712944071901,0.324449458580811
Train,0.60536286614481,0.605283961521518
Train,0.867286065839493,0.86706710809015
Train,1.11229637454543,1.11229469281464
Train,1.34246542260862,1.34236073959913
Train,1.55818922335934,1.55807365424628
Train,1.76121419379661,1.76163925462172
Train,1.95262957125149,1.95282958477695
Train,2.13340348386394,2.1335698250907
Train,2.30439932758651,2.30484935940261
Train,2.46638955566902,2.46596025217807
Train,2.62006734534397,2.62048195222745
Train,2.76605651343147,2.7660768679991
Train,2.90491998000819,2.90520480189228
Train,3.03744826357064,3.03720024690049
Train,3.16352782107499,3.1638193317551
Train,3.28387356534576,3.28431601024134
Train,3.39886794131181,3.39890470908288
Train,3.50886012159005,3.50918102874059
Train,4.28859561403509,4.28882598475978
Train,4.34205553093081,4.34193227094441
Train,4.39413825412554,4.39392519034957
Train,4.44523806813899,4.4450771021104
Train,4.49521413955049,4.49545869656798
Train,4.54393920473399,4.54374568541173
Train,4.5917797177037,4.59180819149263
Train,4.63844468822171,4.63852069983771
Train,4.68428365944228,4.68455155644117
Train,4.72916704473182,4.72880053835909
Train,4.77297694083089,4.77284468703804
Train,4.81603966114015,4.81604721381448
Train,4.85823186116631,4.85860493792937
Train,4.89944090909091,4.8992011527582
Train,4.93997216624685,4.93983996648169
Train,4.9795747829991,4.97946090730987
Train,5.01854127914636,5.01866085412187
Train,5.05675790632441,5.05652469219715
Train,5.09412023228766,5.09437886850649
Train,5.1309029953917,5.13062103502237
Train,2.58610026583734,2.5864076192331
Train,2.76851465918126,2.76844581518092
Train,2.94272882802608,2.94273144540351
Train,3.10901911744448,3.1090287045947
Train,3.26841993749323,3.26825364315594
Train,3.42110751508397,3.42033249385279
Train,3.56749720103519,3.56733584993638
Train,3.70797077464581,3.70750750252703
Train,3.84266509114177,3.84221912956785
Train,3.97234198581784,3.97155859869165
Train,4.09707757069643,4.09700246374926
Train,4.21714899668871,4.21678313265077
Train,4.3326287426891,4.33206985809668
Train,4.44413033620157,4.44397980889992
Train,4.55168393839327,4.55131481493957
Train,4.65549558435397,4.65473802968993
Train,4.75575721774563,4.75543368217698
Train,4.85249322518756,4.85203251014466
Train,4.9461851749025,4.94577607992253
Train,5.03682941941548,5.03599060777854
Train,2.98775249380128,2.98645692906869
Train,3.12206960094632,3.12163149519186
Train,3.25290130390781,3.2520729264754
Train,3.37993974614198,3.37963268505994
Train,3.50377640960752,3.50331582112924
Train,3.62411220201402,3.62360750398077
Train,3.74150019080705,3.74232509544093
Train,3.85565013384334,3.85535640278179
Train,3.96688702225547,3.96607388702908
Train,4.07550945630258,4.07504204198924
Train,4.18124040876721,4.18206129379471
Train,4.28455202488485,4.28460131697214
Train,4.38517594829115,4.38480397868555
Train,4.48338609932238,4.48304523201589
Train,4.57943510371219,4.58000185745116
Train,4.67306727396642,4.67310079659294
Train,4.76469060628296,4.76480834456309
Train,4.85405759289072,4.85429298663005
Train,4.94155423929131,4.94188131386839
Train,5.02694097839383,5.0268409061566
Train,4.14401671994345,4.14527504881265
Train,4.19751144380353,4.19770079331577
Train,4.24985505831044,4.25024811943443
Train,4.30108432264442,4.30136376336598
Train,4.35123444732833,4.35142079141154
Train,4.40033917493346,4.40071104602178
Train,4.44843085579031,4.4486482135719
Train,4.49554051906142,4.49606813109061
Train,4.54169793950441,4.54192046397223
Train,4.58693170022691,4.58701760524785
Train,4.63126925171151,4.63167608399383
Train,4.67473696736674,4.67493374291301
Train,4.71736019584034,4.71754947191514
Train,4.75916331031284,4.75924704166685
Train,4.80016975497286,4.80024867016912
Train,4.84040208886042,4.84046076319576
Train,4.87988202725041,4.87992329131451
Train,4.91863048073583,4.91866340627096
Train,4.95666759215853,4.95667562603488
Train,4.99401277152463,4.99380371243317
Train,3.88106647881116,3.88122011058952
Train,3.95498534175077,3.95495581500948
Train,4.02671478618677,4.02675361981458
Train,4.09670141090502,4.09665506673557
Train,4.16483624467702,4.16476058754709
Train,4.23102517859931,4.23097411642014
Train,4.29567456628328,4.2956251766984
Train,4.35852034698589,4.35841614758031
Train,4.41994505606517,4.41986046358873
Train,4.47984525635399,4.47979618930843
Train,4.53813014425581,4.5380328595413
Train,4.59515032639944,4.59512213629499
Train,4.65080606957692,4.6507353678637
Train,4.70500913105349,4.70500213960188
Train,4.75808209561698,4.75806735547961
Train,4.80979863708371,4.80977900320361
Train,4.86046452629652,4.86037760503971
Train,4.90998639728125,4.91004138782157
Train,4.95828074029674,4.95820723392101
Train,5.00563050217586,5.00556007494309
Train,2.12621823990325,2.1264430063595
Train,2.35335536725129,2.35323029609502
Train,2.56848775657863,2.5685911062494
Train,2.77206855266668,2.77184389785473
Train,2.96522830288204,2.96506910614265
Train,3.14896097896573,3.14887298111646
Train,3.32353294524035,3.32366410756661
Train,3.49000016938564,3.48959321071309
Train,3.64854390333541,3.64829475610098
Train,3.79989311823147,3.79938964134929
Train,3.94469562852031,3.94399534772604
Train,4.08304353576476,4.08115698827099
Train,4.21551363640978,4.21041355791315
Train,4.34262124740616,4.33824973102967
Train,4.46440022385062,4.46186188340583
Train,4.5814523120877,4.57870852424024
Train,4.69378410219524,4.69148007204715
Train,4.80180183201991,4.8003162502457
Train,4.9058711871293,4.9048504094237
Train,5.00596980801308,5.00497922952421
Train,3.98151939479087,3.98184985772535
Train,4.08560394980828,4.08565849645241
Train,4.18538760819451,4.18533819844672
Train,4.28149214122652,4.28160211459474
Train,4.3737693593754,4.3738057652656
Train,4.46277764000615,4.46275894204812
Train,4.54836467816459,4.54838109053456
Train,4.63103463127504,4.63104114551536
Train,4.71063354983805,4.7106303242101
Train,4.78761888365643,4.78762950828171
Train,4.86183683844562,4.86182689014025
Train,4.93370436064246,4.9336997930943
Train,5.00306911414454,5.00306996209404
Train,5.07031270660277,5.07031259035214
Train,5.13528519349241,5.13528742762285
Train,5.19833717447293,5.19834012732393
Train,5.25932175401187,5.25932278327239
Train,5.31856218030005,5.31858783310529
Train,5.37591505757774,5.375861532156
Train,5.43167938954815,5.43171106086013
Train,3.56330827873525,3.56334920049924
Train,3.61943027308644,3.61954168500891
Train,3.67467932599725,3.67457128300451
Train,3.72860979994892,3.72856992778837
Train,3.78149458101501,3.78149653483272
Train,3.83336379059865,3.83332457971413
Train,3.88446551995038,3.88447457884397
Train,3.93438531230801,3.93441180136436
Train,3.98337334956381,3.98339665960087
Train,4.03145547738693,4.03152338795119
Train,4.07885992830399,4.07879699127737
Train,4.12520035364699,4.12509261865055
Train,4.17070699209888,4.17076344235759
Train,4.21540214606916,4.21539011950811
Train,4.25949652745226,4.25952317720951
Train,4.30262920059413,4.30255452071217
Train,4.34501278816023,4.34500451941788
Train,4.38666663622413,4.38670608150936
Train,4.42778591658008,4.42772554482438
Train,4.46803273530061,4.46777454698825
Train,5.37057636424032,5.37054660327633
Train,5.43382141873497,5.43381519412217
Train,5.49501443885656,5.49508533603805
Train,5.55425370004127,5.55422664408546
Train,5.61163130089327,5.6115766321411
Train,5.66723364096217,5.66723339776511
Train,5.72114185484868,5.72114758644532
Train,5.77343220722596,5.77345107336735
Train,5.82417645282135,5.82425102138516
Train,5.87344216493173,5.87339856939
Train,5.92120404498644,5.92122600008518
Train,5.96770266156324,5.96769281313685
Train,6.01290314905093,6.01292123369351
Train,6.05685912002681,6.05686415866078
Train,6.09962127490142,6.09962618198117
Train,6.14123759700093,6.14125549773892
Train,6.18175353217474,6.18175681851356
Train,6.22121215434194,6.22121176767471
Train,6.25965431824423,6.25966598007219
Train,6.29711880054416,6.29716313008906
Train,3.43469817214436,3.43487221523831
Train,3.71526197914561,3.71519051837752
Train,3.96912085994883,3.9689987192862
Train,4.19970213449115,4.19967845016002
Train,4.41045529222628,4.41035423625292
Train,4.60365386091897,4.6036131955618
Train,4.78140345001849,4.78138932333534
Train,4.94548586823508,4.94545149913686
Train,5.09727810462039,5.09724328157538
Train,5.23837314178011,5.23835425211585
Train,5.36974091204346,5.36973159008924
Train,5.49235381109834,5.49233637571818
Train,5.60695185997092,5.60696294824377
Train,5.71449665703554,5.71447954476319
Train,5.8155254137919,5.81557081552385
Train,5.91061291862125,5.91048591922229
Train,6.00026828715781,6.00037605254623
Train,6.08486476854503,6.0849613748462
Train,6.16496886465042,6.16507553383347
Train,6.24085787471548,6.24084805741516
Train,3.35747576609748,3.35638599841262
Train,3.46979775418912,3.46900189740993
Train,3.57789529176079,3.57759530240149
Train,3.68200230337501,3.68117025448667
Train,3.78212479428875,3.78222775435573
Train,3.87889364851317,3.87866445321127
Train,3.97227749373612,3.97171133564846
Train,4.06245089010111,4.06226419772359
Train,4.14957659815377,4.14982399924268
Train,4.23380655928289,4.23358269144158
Train,4.3151111586512,4.31474612266104
Train,4.39397198583075,4.39404368978942
Train,4.47033614290024,4.47001618872239
Train,4.54432034612779,4.54402305611368
Train,4.61603414828639,4.61588370189859
Train,4.6855804799257,4.68564598066517
Train,4.75291380124137,4.7526771636942
Train,4.81841406116404,4.81831396380151
Train,4.88202044711433,4.88183517702349
Train,4.94381392771371,4.94369874657353
Train,3.95379085585895,3.9554612364693
Train,4.02387689874655,4.02457668504506
Train,4.09202787585003,4.09299024568393
Train,4.15832283624358,4.15918465724028
Train,4.22265524360137,4.22401487585669
Train,4.28546338401749,4.28613515937762
Train,4.34662808607946,4.34727908985154
Train,4.40621302012163,4.40694466320495
Train,4.46427860944328,4.46460426953056
Train,4.52088223469157,4.52275921191106
Train,4.57592311844487,4.57631490476272
Train,4.62976750947251,4.63067483915368
Train,4.6823055082136,4.68290531256865
Train,4.73358408906357,4.73420123768231
Train,4.78364800099205,4.78408129720195
Train,4.83253989778802,4.83287242575464
Train,4.88016595915179,4.88060652952411
Train,4.9268370631556,4.92715219233217
Train,4.9724526102253,4.97292898235831
Train,5.0170480101116,5.01574352640749
Train,3.80648225569434,3.81213135785877
Train,3.88819773140044,3.88991492818534
Train,3.9675845776397,3.97849198350307
Train,4.04434546678564,4.04713405513688
Train,4.1187993066945,4.12368444613024
Train,4.19123440546412,4.19639871111506
Train,4.26137018770759,4.26483597508853
Train,4.32948904552383,4.33176352234953
Train,4.39584710591179,4.39947608652731
Train,4.46017989826154,4.46165269810374
Train,4.52273921278602,4.5236522819025
Train,4.58359738725435,4.58569810237826
Train,4.64297543427099,4.64373984799679
Train,4.70062906181099,4.7023539312206
Train,4.75677643828702,4.76122458035318
Train,4.81161680267712,4.81427011978233
Train,4.86491994475946,4.86822111826335
Train,4.91688305589834,4.91730516138271
Train,4.96768669976923,4.96772265768889
Train,5.01711383153096,5.01709577368022
Train,3.8066694585454,3.80682411204837
Train,3.88830813858995,3.88828226594272
Train,3.96762431052348,3.96765063389396
Train,4.04432259282697,4.04429503247887
Train,4.11891043444386,4.11892511827612
Train,4.19110358009718,4.19114756548081
Train,4.26137364197484,4.26138662791639
Train,4.32944724323035,4.32954474890651
Train,4.39576388554881,4.39576046332079
Train,4.46006075378851,4.46005409266148
Train,4.52274846433141,4.52276334313795
Train,4.58357440276936,4.58356482942257
Train,4.64292310555896,4.642892155701
Train,4.70055177180784,4.70061011797155
Train,4.75682130961977,4.75679894789867
Train,4.81149833123813,4.81154403429467
Train,4.86492226818416,4.86497627419451
Train,4.9168687417456,4.91689363319822
Train,4.96765760327812,4.96772656352844
Train,5.01707308206896,5.0170801772649
Train,2.1236001698057,2.12528154123286
Train,2.3312267024633,2.33074980553213
Train,2.53079190975058,2.530763876671
Train,2.72221107576009,2.72193526020349
Train,2.90649628017563,2.90685000860251
Train,3.08353435789103,3.08471206286707
Train,3.25422961376912,3.25532417003636
Train,3.41844845121932,3.42029302104423
Train,3.57700345480192,3.57904481633089
Train,3.72974665350828,3.73110861740063
Train,3.87741200225108,3.87918381770508
Train,4.01984174897882,4.02186579029442
Train,4.15770198454672,4.159469204714
Train,4.290828668106,4.29234274839039
Train,4.41982895049952,4.42119812581152
Train,4.54453516025359,4.5464411507048
Train,4.66550296056914,4.66634732889291
Train,4.78256307189015,4.7835273570556
Train,4.89622593620364,4.89660929962995
Train,5.00632220143366,5.00695208912223
Train,2.11929806066128,2.12654897910691
Train,2.33912576422513,2.34402919669376
Train,2.54859528613601,2.55545178892428
Train,2.74780960314826,2.75414617885984
Train,2.93779495529389,2.94872239998152
Train,3.11945687375641,3.12579732599554
Train,3.29279699955795,3.30329256744811
Train,3.45862885425712,3.46772916684061
Train,3.61767431655396,3.62496293663865
Train,3.76987241815197,3.77904932780732
Train,3.91588042011057,3.92423980851093
Train,4.05606843534068,4.06275685575313
Train,4.19098530903493,4.19614308865787
Train,4.32052286055671,4.32324328424805
Train,4.44518840503133,4.44644410530894
Train,4.56543701782796,4.5663656255849
Train,4.6811416941507,4.68205175856495
Train,4.79272714137776,4.79321990210813
Train,4.90057583290482,4.9008580067741
Train,5.00455067461036,5.00491257887118
Train,2.79788184818482,2.79871317646687
Train,2.97335468643221,2.97354774860217
Train,3.13886891715424,3.13924059845815
Train,3.29576238654505,3.29578424021677
Train,3.44444714550587,3.44515842304757
Train,3.58531949114351,3.5854208792691
Train,3.71941916855353,3.71972665219003
Train,3.84701300755902,3.84706999878038
Train,3.96836344940053,3.96852249686274
Train,4.08429867299206,4.08433605789399
Train,4.19499065489583,4.1953173340655
Train,4.30078722298537,4.30083973654767
Train,4.40183938328847,4.40194459311463
Train,4.49877838020913,4.49894613951913
Train,4.5916967674814,4.59174971467585
Train,4.68069257122139,4.68072005993165
Train,4.7662911811145,4.76628685724357
Train,4.84854735918329,4.84855590777372
Train,4.92752249937938,4.92757958751393
Train,5.00366031197705,5.00372277692734
Train,1.49400356488097,1.49433527336735
Train,1.57682794872268,1.57687061997715
Train,1.6584071625663,1.65838010527953
Train,1.73815252095142,1.7381869780031
Train,1.81672692283096,1.81662403773883
Train,1.89356181483551,1.89358073417973
Train,1.96929441392374,1.96923475891456
Train,2.04337531582866,2.04339393274789
Train,2.11641754009361,2.11645171981147
Train,2.1878899089651,2.18786593071057
Train,2.25838261570457,2.25835959333129
Train,2.327381842575,2.32740614549696
Train,2.3954562249571,2.39537171812774
Train,2.46210849074814,2.46216454393946
Train,2.5278868926327,2.52781890807021
Train,2.59230993820457,2.592364571635
Train,2.65590658789213,2.65588463298921
Train,2.71821040810501,2.71816191584297
Train,2.77973208027049,2.77971588673902
Train,2.8400195506646,2.83987207868925
Train,3.79651087817818,3.79710871932478
Train,3.87628483249643,3.87649213707048
Train,3.95402468652431,3.95396154693229
Train,4.02946536235789,4.02984506656797
Train,4.10287290473821,4.10287884118882
Train,4.1743284105928,4.17460835252789
Train,4.24406620952719,4.24448089901055
Train,4.31184013007536,4.31202356528159
Train,4.37788100216708,4.37816078873514
Train,4.44225446036291,4.44286667734853
Train,4.5051650316377,4.50514809750096
Train,4.56638419583678,4.56717237480482
Train,4.6261141293753,4.6263959772143
Train,4.68440852026206,4.68490545195457
Train,4.74144748054827,4.74160991586471
Train,4.79701879050252,4.79710119276863
Train,4.85130101388361,4.85133011165747
Train,4.90433849078683,4.90467977631418
Train,4.95629108787155,4.9563531637825
Train,5.0069615428495,5.00697730051182
Train,2.11265652053321,2.11295144257677
Train,2.3578566649345,2.35776278146589
Train,2.58709638398645,2.58705885968741
Train,2.80188488942419,2.80163722567088
Train,3.0035469266887,3.00320491345267
Train,3.19300068400244,3.19267389094532
Train,3.37179232928029,3.37141740973241
Train,3.5405745503095,3.54029866046697
Train,3.70016500671517,3.69988558236876
Train,3.85129466049826,3.85109887001384
Train,3.9946189701457,3.9940984576999
Train,4.1307273939857,4.1298998340237
Train,4.26015149340538,4.2592099680471
Train,4.38337187082695,4.38261240761424
Train,4.50082413335532,4.49988769883133
Train,4.61275563701275,4.6120618546913
Train,4.71983010816281,4.71909138762497
Train,4.82222099538286,4.82184868107582
Train,4.92022902122279,4.92011432763978
Train,5.01412970272404,5.01376416196511
Train,2.14401432385432,2.14541918853431
Train,2.38115906837723,2.38110653161059
Train,2.6037154860944,2.60397239949018
Train,2.81248742451155,2.81279022114834
Train,3.00895291571405,3.00905411234929
Train,3.19439187912844,3.19480205130751
Train,3.36928552276897,3.36918234833068
Train,3.53490699190702,3.53498557364513
Train,3.6915961922994,3.69185572527861
Train,3.8402358800163,3.83973663717846
Train,3.9816013822551,3.9823262185739
Train,4.11588896677827,4.11532527021266
Train,4.24377162448729,4.24399094656767
Train,4.36584447361433,4.36574850630061
Train,4.48221255814478,4.48249303071428
Train,4.59353582159029,4.59319415893263
Train,4.6998773243844,4.69981236723036
Train,4.80168739654563,4.80157681505737
Train,4.89936800597654,4.89915321030933
Train,4.99293804110241,4.99254200464859
Train,2.1089386522176,2.10970097476023
Train,2.37514073023038,2.37508536046446
Train,2.62060179571228,2.62083315337007
Train,2.84707197075652,2.84692886681953
Train,3.05721315704382,3.05735511375245
Train,3.25222648526667,3.25211672910812
Train,3.43415752082525,3.43420891005301
Train,3.60384084059762,3.60378330831666
Train,3.76267811596061,3.76264727338569
Train,3.91187006831308,3.91186349676648
Train,4.05190585526976,4.05184953823048
Train,4.18394524024873,4.18396390270503
Train,4.30833067579597,4.30823462522606
Train,4.42586142983442,4.42584386850215
Train,4.53723364108906,4.53715742177449
Train,4.64264426466738,4.64259919207255
Train,4.74281992770265,4.74274405520485
Train,4.83789302383836,4.83782885875483
Train,4.92847952912802,4.92839366384144
Train,5.01466450809957,5.01434341839488
Train,2.1288000425236,2.12829125995925
Train,2.34823611622065,2.34764312046102
Train,2.55721056391098,2.55682100433408
Train,2.75599004423558,2.75560339793376
Train,2.94552363337288,2.94521766489855
Train,3.12665298750669,3.12610724798581
Train,3.29952074244584,3.29929647706306
Train,3.46506570261306,3.46435394130388
Train,3.6233729771198,3.62330321328703
Train,3.77508423011347,3.77495607445529
Train,3.92077359844153,3.91987163476663
Train,4.06046525202083,4.06055605250661
Train,4.19467901969374,4.19429943841827
Train,4.3238821364358,4.32401766010956
Train,4.44805868915352,4.44793677522396
Train,4.56777660105704,4.56729632591599
Train,4.68300122001707,4.68291130746659
Train,4.79411099883308,4.79395815857354
Train,4.90144833177892,4.90146615832348
Train,5.00495885637076,5.00471814793421
Train,2.12903313037011,2.12950304368426
Train,2.37371497467302,2.37369297447297
Train,2.60247029364738,2.6025256532332
Train,2.81623456115528,2.81620196833613
Train,3.01670163660666,3.01680450907154
Train,3.20532645089991,3.20542414435043
Train,3.38265358908176,3.38258691055601
Train,3.54989189897027,3.54996242145283
Train,3.70809013959052,3.70818685284324
Train,3.8575609457185,3.85764542448963
Train,3.99919673222576,3.99922091732808
Train,4.13359781405886,4.13369388025169
Train,4.26147622394797,4.26155679997758
Train,4.38296867091488,4.38294682096169
Train,4.4986971616588,4.49865976867953
Train,4.60921087066979,4.60926082012086
Train,4.71457055299424,4.71457828228379
Train,4.81526389425394,4.81513973480399
Train,4.91172399174008,4.91148978045679
Train,5.00396334665218,5.00400027195722
Train,2.13040396222976,2.13066805727361
Train,2.37303853282408,2.37303220920806
Train,2.60015547822851,2.60017655097838
Train,2.81263070033132,2.8124747067843
Train,3.01210130581198,3.01194982544551
Train,3.19997617682496,3.19976133295061
Train,3.37676511064571,3.37667831222209
Train,3.54386697152176,3.54352235136251
Train,3.70163413213781,3.70140047642347
Train,3.85102716016077,3.8507221148677
Train,3.99288537720786,3.9926885203415
Train,4.12740371639727,4.12706847374578
Train,4.25530873339397,4.25510251697709
Train,4.37723989298125,4.37677587088477
Train,4.493294071595,4.49304358910306
Train,4.60418353903414,4.60381531574897
Train,4.70996079497985,4.70979691999967
Train,4.81110720463325,4.81058567938383
Train,4.90805066782361,4.90783995031164
Train,5.00079777774893,5.00047447186374
Train,4.03678158433773,4.0367933443042
Train,4.13566729713179,4.13573944917446
Train,4.23097241930034,4.23098815554043
Train,4.32253303108006,4.32250516318093
Train,4.41073584423757,4.4107678681314
Train,4.49592692277096,4.4959753048963
Train,4.57793968546789,4.57784865725192
Train,4.6572551368398,4.65728918294847
Train,4.73370733785268,4.73364770283591
Train,4.80759144513496,4.80762119767244
Train,4.87917329958169,4.87911052114871
Train,4.94829025844663,4.94823933076553
Train,5.01519696033909,5.01521559293472
Train,5.08012355466713,5.08007756217487
Train,5.14291246511713,5.14292073989712
Train,5.20390367316847,5.20382940153579
Train,5.26294356871021,5.26303600688264
Train,5.32023532421494,5.3201324500544
Train,5.37596355005784,5.37595448773502
Train,5.42998106724748,5.42991990003723
Train,2.76429712269479,2.7657125763428
Train,2.99662453130539,2.99767355162769
Train,3.21286783191093,3.21331265757838
Train,3.41419547717616,3.41502574894842
Train,3.60251571015027,3.6032152833461
Train,3.77865864230516,3.77947422530199
Train,3.94413510895602,3.94475996714685
Train,4.09953984965417,4.1003286838961
Train,4.2459277761753,4.24599088520265
Train,4.38421528045004,4.38437759894371
Train,4.51476550454941,4.51491572767848
Train,4.63848546459697,4.63889535456768
Train,4.75563590627726,4.75576173563534
Train,4.86685051434591,4.86707500254054
Train,4.97268738411074,4.97266582467567
Train,5.07330223853307,5.0733450292639
Train,5.16928654997398,5.1690986363785
Train,5.26074791253988,5.26069175804808
Train,5.34819410489527,5.34823714852903
Train,5.43169660327504,5.43158440207774
Train,3.80381777795189,3.80332060930889
Train,3.88514324005325,3.88522172765009
Train,3.96402527890594,3.96381612351181
Train,4.04074982268281,4.04046999811838
Train,4.11505901581572,4.11483761484781
Train,4.18723194122482,4.18722184915462
Train,4.25735941480867,4.25694425266122
Train,4.32552717676686,4.32545553606472
Train,4.39197006127829,4.39211916440329
Train,4.45645288468365,4.4560116533314
Train,4.51920628604514,4.51923526034737
Train,4.58029891907628,4.57997868127061
Train,4.63993401138155,4.63973928730705
Train,4.69789341540057,4.69789565576432
Train,4.75437753520853,4.75406735870204
Train,4.80944199021849,4.80928253399109
Train,4.86313963868017,4.86296263346524
Train,4.91564248218195,4.91576890572399
Train,4.96675195093874,4.96642098619052
Train,5.01663835745596,5.01654488605275
Train,3.80664091162018,3.80392072859761
Train,3.88860513026176,3.88659659518383
Train,3.9679995475491,3.96694539078747
Train,4.04494315355178,4.0423656135856
Train,4.11954770383565,4.11888576584463
Train,4.1919182610461,4.19025465825255
Train,4.26215368855679,4.26204705400526
Train,4.33034710106158,4.3297227886935
Train,4.39658627642818,4.39642020880567
Train,4.46095403264424,4.46070674501173
Train,4.52367796994307,4.52332420354945
Train,4.58452912445033,4.58415950209676
Train,4.64373103384914,4.64352018177236
Train,4.70134985075786,4.70043394030584
Train,4.75744823655694,4.75705498714454
Train,4.81208558870454,4.81162923577652
Train,4.86531825051979,4.86487188433896
Train,4.91719970499118,4.91657101217354
Train,4.9677807540116,4.96744030662306
Train,5.01710968430264,5.01659229944492
Train,1.61461103702992,1.61348553069841
Train,2.00542657563896,2.00420411792514
Train,2.35758061384121,2.35639295915028
Train,2.67595499157941,2.67427224204514
Train,2.96545351484543,2.96344236513253
Train,3.23007786762063,3.2250895935242
Train,3.47245396223694,3.46443308833043
Train,3.69568666082168,3.69104777763935
Train,3.90157605727133,3.89426655038117
Train,4.09224436676495,4.08845449031217
Train,4.26948383431432,4.2659959957957
Train,4.43435795345876,4.43121234428984
Train,4.58826026605805,4.58561656440655
Train,4.73238495656922,4.73144275709931
Train,4.86738295180506,4.8666432280181
Train,4.99433137694464,4.99279919336116
Train,5.11370594655759,5.11272212878905
Train,5.22627002247981,5.22527182301495
Train,5.33268984781122,5.33202929567708
Train,5.4332664421867,5.43283044085841
Train,1.18428791394519,1.18566170433699
Train,1.63622234477721,1.63698331281123
Train,2.03966537388795,2.04040431096949
Train,2.40202412271444,2.40216508744491
Train,2.72927020845774,2.7296619115725
Train,3.02627142594558,3.02646569725696
Train,3.29703552707117,3.29774432262569
Train,3.54489212669147,3.54538781179802
Train,3.77263031285526,3.77260806838897
Train,3.98260405466821,3.9824753511268
Train,4.17681386944818,4.17689904832808
Train,4.35697076170014,4.35695174059149
Train,4.52454676694965,4.52459473968996
Train,4.68081526395373,4.68083944668909
Train,4.82688339281796,4.82699429964053
Train,4.96371832551304,4.96376137546325
Train,5.09216870721911,5.09215596076249
Train,5.21298227338585,5.21295385548658
Train,5.32682041531893,5.3267723487654
Train,5.43427029363221,5.43411256395778
Train,2.11854974520265,2.11886300983245
Train,2.36965329953032,2.3701263309624
Train,2.60291369662723,2.6047866529327
Train,2.82074288747963,2.82230096099304
Train,3.02408366216741,3.02481364407798
Train,3.21483992653704,3.21556109436572
Train,3.39366947362023,3.39417421221081
Train,3.56210365267221,3.56201527735832
Train,3.72060116765344,3.72008674283209
Train,3.87041413984253,3.87026458849071
Train,4.01185999458537,4.01141827267495
Train,4.14597750162666,4.1457587088655
Train,4.27298251658091,4.27290908922371
Train,4.39374797378785,4.39352858891946
Train,4.5084159270133,4.50826189108123
Train,4.61772841628796,4.61762037136871
Train,4.72177341797621,4.72142788024142
Train,4.82118822113108,4.82099064777069
Train,4.91602092961166,4.91612197926518
Train,5.00682395082493,5.00663551229739
Train,4.12029750582454,4.12043976246353
Train,4.17735496874578,4.17797183451624
Train,4.23298871820292,4.23312819108035
Train,4.28755224265169,4.28817710168299
Train,4.34078056588744,4.34096784127835
Train,4.39301016246763,4.39331697842065
Train,4.44398575846483,4.44416441487486
Train,4.49402803643194,4.49426737334509
Train,4.54302639095992,4.54376693200104
Train,4.59088048913341,4.59089969344061
Train,4.63788935800581,4.6378126586744
Train,4.68381995465423,4.68401851653037
Train,4.72895809292725,4.72926784487138
Train,4.77320123589407,4.77313449215874
Train,4.81645576932464,4.81653235654742
Train,4.85898929060412,4.85908155649598
Train,4.90058839484491,4.90070867456164
Train,4.94150950752117,4.94166744190373
Train,4.98154643049578,4.98151395124953
Train,5.02094511455809,5.02143796612948
Train,2.13108253715747,2.13040166029098
Train,2.3634225107439,2.36291511249076
Train,2.58234426957046,2.58178386888469
Train,2.78872206994565,2.78829094201431
Train,2.98408712843775,2.98379070473241
Train,3.16906850956499,3.16861396830721
Train,3.34447262355661,3.34466218656164
Train,3.51102448520961,3.51161590357445
Train,3.66918121602325,3.66902299814249
Train,3.81993600410763,3.8207728062873
Train,3.96361774986868,3.96407607699005
Train,4.10071281829953,4.10118092582637
Train,4.23150110558036,4.23260518663958
Train,4.35671938119378,4.35729968934104
Train,4.47656656134204,4.47760574087372
Train,4.59138097054597,4.59179540636181
Train,4.70147310298635,4.70217788270677
Train,4.80699671021597,4.80761780708711
Train,4.90848328994059,4.90893300446553
Train,5.00603822010173,5.00625450906521
Train,3.04119409913443,3.04395136561582
Train,3.19008903585689,3.19120818293889
Train,3.33178815602225,3.33184166738941
Train,3.46656537724521,3.46696173359963
Train,3.59536463091558,3.59582358614646
Train,3.7183597587099,3.71850256265609
Train,3.83593444559867,3.83561194356956
Train,3.94843928740004,3.9489152053204
Train,4.05600691507524,4.05646351453764
Train,4.15931622960259,4.15933533551945
Train,4.25844130188877,4.25854684131921
Train,4.35363129196219,4.35296088614198
Train,4.44495577097793,4.44513458620279
Train,4.53295339705236,4.53274155758775
Train,4.61765389777833,4.61754938326269
Train,4.69923917216988,4.69920992924311
Train,4.77787798061389,4.77734752796025
Train,4.8535940634255,4.85368521203348
Train,4.92680396804945,4.92661165990578
Train,4.99750567947043,4.99708080874118
Train,2.12952051089091,2.13027592530419
Train,2.3669523637525,2.36714482980026
Train,2.58984900460194,2.59016306996566
Train,2.79950552654577,2.79970736460676
Train,2.99706760274245,2.99737324029705
Train,3.18355243123405,3.18380711599751
Train,3.35986625274271,3.36015113600227
Train,3.52681907826002,3.52722956694127
Train,3.68513713151105,3.68526640058847
Train,3.83547340951763,3.83610595633148
Train,3.97841668516907,3.97831066292859
Train,4.11449921352282,4.11482442444979
Train,4.24420335448835,4.24405882292852
Train,4.36796728559095,4.36732974246773
Train,4.48618994740472,4.48565713096398
Train,4.5992353392663,4.59945621959489
Train,4.7074362627208,4.70710443105711
Train,4.81109759379642,4.81143734749569
Train,4.9104991518747,4.90993356729016
Train,5.00589822200829,5.00568140591279
Train,3.86767499240352,3.86661578649294
Train,3.93988814312301,3.93906594635267
Train,4.0101984399561,4.00983105103954
Train,4.07901616013599,4.07911750096467
Train,4.14622331643736,4.14586042008453
Train,4.21171516262025,4.21119208278399
Train,4.27586994226197,4.27549225716141
Train,4.33857416610701,4.33801291932398
Train,4.39972643404632,4.39971512670239
Train,4.45967663300769,4.45942222745655
Train,4.51831577123988,4.51804952913447
Train,4.57568639126128,4.57503645513428
Train,4.63169173067754,4.63160687589628
Train,4.68664865034855,4.68657424051637
Train,4.7404540428401,4.73964835669106
Train,4.79301465417683,4.79317230471427
Train,4.84462560898169,4.84408971736341
Train,4.89518807231036,4.89484262921108
Train,4.94461226602947,4.94398791636125
Train,4.99317378018728,4.99287073038725
Train,2.13029736085885,2.12980358595744
Train,2.36488484898228,2.36472344557044
Train,2.5852044874433,2.58482960681725
Train,2.79302233464975,2.79257251806414
Train,2.98889740163149,2.98852228765029
Train,3.17427966419733,3.1737496285525
Train,3.34956388030625,3.34903663783846
Train,3.51595707532843,3.51533739358204
Train,3.67392665456806,3.67344340345083
Train,3.82391386438706,3.82336588185283
Train,3.96685640371195,3.96577741468284
Train,4.10290718919506,4.10164909285161
Train,4.23286926881838,4.23200346251108
Train,4.35699086341235,4.3561925827082
Train,4.47551231208091,4.47465902527913
Train,4.58908113602055,4.58844076646276
Train,4.69773558542738,4.69708731352805
Train,4.80204241739314,4.80158362727455
Train,4.90201266315861,4.90167133635917
Train,4.99814603642864,4.99731522572913
Train,2.12135140905587,2.12378307771653
Train,2.3581271563838,2.35967958967306
Train,2.58082347541767,2.58462613283994
Train,2.79014316886457,2.79548631477085
Train,2.98749947850021,2.9918003291816
Train,3.17411978402841,3.17664404696846
Train,3.35042062414992,3.35277466058981
Train,3.51764780114237,3.5190740108221
Train,3.67609155608704,3.67740650636845
Train,3.82661231789763,3.82888032039339
Train,3.96996736034316,3.97163997124447
Train,4.10631792695103,4.10771431277611
Train,4.2363261944277,4.2376879521464
Train,4.36057871671653,4.36078073919928
Train,4.47915454082872,4.48002082154128
Train,4.5927157035838,4.59376009563423
Train,4.7013034034086,4.7021077374586
Train,4.80536659178628,4.80634058235158
Train,4.90530652005249,4.90559891834639
Train,5.00112464163372,5.00102058955165
Train,2.11977512070295,2.11964952616766
Train,2.35543592062117,2.35521795986936
Train,2.57728379397804,2.57763831304258
Train,2.78597788921882,2.78614765803944
Train,2.98314523520744,2.98330736568389
Train,3.16925003574032,3.16895349372428
Train,3.34563771372171,3.3457879751579
Train,3.51263198312321,3.51250345008087
Train,3.67136005374403,3.67101865620064
Train,3.82204322514936,3.82217726248494
Train,3.9656369708923,3.96534833369445
Train,4.10228723103854,4.10207202141758
Train,4.23281242014042,4.23249208559285
Train,4.35730261727197,4.35742182943361
Train,4.47646546379672,4.47644980521293
Train,4.59034940695082,4.59013121194878
Train,4.69957152779093,4.69936712073034
Train,4.80414914034005,4.80408952800938
Train,4.90462451282397,4.904555950284
Train,5.00099164739789,5.00084177697429
Train,2.12804897949919,2.12820170385678
Train,2.35914572896653,2.35909661255139
Train,2.57710276155572,2.57709583457766
Train,2.78300974754792,2.78301907783246
Train,2.97783911053135,2.97790726780225
Train,3.16246138375598,3.16254328318903
Train,3.33765821454383,3.33754893324224
Train,3.50413342654931,3.50405676988815
Train,3.66252247004433,3.6626393485378
Train,3.81340052777421,3.81324599069124
Train,3.95728949435615,3.95734046763321
Train,4.09466400771843,4.09446175340711
Train,4.2259566794682,4.22587679518549
Train,4.35156264562758,4.35146855499554
Train,4.47184353858334,4.47188403890253
Train,4.58713096434958,4.58713316261058
Train,4.697729555561,4.69781452240134
Train,4.80391965938697,4.80406517511367
Train,4.90595971030359,4.90597813106727
Train,5.00408833000427,5.00386616599938
Train,2.12104874676721,2.12131531539419
Train,2.34903509161392,2.34898398743028
Train,2.56480918105226,2.5647495294754
Train,2.76889724478091,2.76886349288109
Train,2.96242686686407,2.96239976439322
Train,3.14639019060585,3.14637247906578
Train,3.32111104645295,3.32103795864826
Train,3.48744392435907,3.48742443533704
Train,3.64614588497367,3.64611433690809
Train,3.79741081622558,3.79734778964051
Train,3.94190181739046,3.94190700663533
Train,4.08006394730618,4.07999773613049
Train,4.21244385637252,4.2124108207747
Train,4.33912900985612,4.33912109514788
Train,4.4606074234926,4.46056637964578
Train,4.57731699312864,4.57728597262688
Train,4.68929586349491,4.68927300228027
Train,4.79693976588629,4.79693256255198
Train,4.90060535136465,4.90057590152649
Train,5.00029769645624,5.00014237924118
Train,2.58725567566457,2.58758130437057
Train,2.70154279218157,2.70151976583586
Train,2.8119908417709,2.81216378070824
Train,2.91879006872852,2.9189546640366
Train,3.02187803688052,3.02189358189137
Train,3.12190950100178,3.12202482677388
Train,3.21879218484894,3.21889220807064
Train,3.31267246016338,3.31276598797124
Train,3.40368776495202,3.40382315984537
Train,3.49196727482679,3.49192511556542
Train,3.57743298806315,3.57746355317725
Train,3.66060417040359,3.66062691464252
Train,3.74138311732907,3.74142249517829
Train,3.81987157661885,3.81994987503206
Train,3.89616560659639,3.89620106718869
Train,3.97035596832019,3.97036361153298
Train,4.04236018004115,4.04231570123668
Train,4.11260055730009,4.11267457240977
Train,4.1809810485133,4.18086515284015
Train,4.24757455997282,4.24765197672171
Train,3.80664009908338,3.80679282338609
Train,3.88748447184076,3.88756933517946
Train,3.96611514799725,3.96644660543027
Train,4.0422824060348,4.04260435621766
Train,4.11626428105104,4.11647007995928
Train,4.18831347492961,4.18858106943228
Train,4.25819315247365,4.25833417838224
Train,4.32615063881179,4.32624967640661
Train,4.39241138017627,4.39261669277333
Train,4.45675108578473,4.45698246929463
Train,4.51939116947626,4.51955974223459
Train,4.5803981000977,4.5805679952857
Train,4.63996736368178,4.64027771645781
Train,4.69789058285393,4.69835013284249
Train,4.75436050542579,4.75462091250231
Train,4.80955391802398,4.80972912927903
Train,4.86327366852856,4.86341308931808
Train,4.91569450904407,4.9158450141724
Train,4.96697710872871,4.96697691185112
Train,5.01693489562961,5.01700159583855
Train,3.80622059177964,3.80652970151935
Train,3.8873288589235,3.88743168595031
Train,3.96601881127915,3.9663841471622
Train,4.04239701643749,4.04236675921059
Train,4.11640392475877,4.11652471852288
Train,4.18845862756364,4.188735181978
Train,4.25848579499905,4.25854009868929
Train,4.32656981845119,4.32660200224857
Train,4.39279046993933,4.39313560588856
Train,4.45722321391436,4.45714729349059
Train,4.51980408338386,4.51970253126567
Train,4.58087512371354,4.58116497290323
Train,4.64036142544034,4.64032817546761
Train,4.69832388230876,4.69842853195881
Train,4.75482030771955,4.75484478253496
Train,4.80990562707344,4.81019414902697
Train,4.86351593951924,4.86345345581797
Train,4.9159359608391,4.91596585472801
Train,4.967093940438,4.96731928063603
Train,5.01703491275559,5.0168427894889
Train,3.8062145422959,3.80681956549527
Train,3.88739885079821,3.8877743931
Train,3.9661491602232,3.96630509548707
Train,4.04257331506356,4.04277620608921
Train,4.11677288144057,4.11691146617816
Train,4.18884359743401,4.18899441486722
Train,4.25887578519916,4.25910857997153
Train,4.32695472860115,4.32709469056429
Train,4.39316101968649,4.39336249602932
Train,4.4575708769512,4.45772904722183
Train,4.52025643804822,4.52054533872363
Train,4.58128602929732,4.58154929340092
Train,4.64072441411457,4.64111690245702
Train,4.69863302226005,4.6989046746596
Train,4.75507016160996,4.75525012789806
Train,4.81009121398775,4.81032181116391
Train,4.86374881643681,4.86406786927476
Train,4.91609302918206,4.91646296316251
Train,4.96717149140691,4.96724623749399
Train,5.01702956586459,5.01701040832925
Train,1.47921976864386,1.47897295257574
Train,1.61425948358227,1.61386766121653
Train,1.74472348591131,1.74461878344958
Train,1.87084046764482,1.87067833087279
Train,1.99282413063477,1.99250823736586
Train,2.11121399002517,2.11101627343963
Train,2.22550739656884,2.22542779611033
Train,2.33623066738517,2.335772628164
Train,2.44354850832307,2.44342279074702
Train,2.54761564721408,2.54745428378304
Train,2.64857757819521,2.64820007330421
Train,2.74657124038271,2.74630166176869
Train,2.84172563755433,2.84165311723266
Train,2.93416240473665,2.93387254451884
Train,3.02399632693052,3.02352410109163
Train,3.11158763745007,3.11141835985766
Train,3.1965283137682,3.1963945385862
Train,3.27917423913044,3.27871307020835
Train,3.35961716637309,3.35942555949735
Train,3.43794402116728,3.43741168278505
Train,3.80709435417755,3.80652446294992
Train,3.88895848836872,3.88869820384864
Train,3.9684383660783,3.96825751692743
Train,4.0452913543107,4.04520010526833
Train,4.11981218005613,4.11932708072639
Train,4.19210541355431,4.19198422753764
Train,4.26242693353728,4.26227998387842
Train,4.33054996456339,4.33025416833264
Train,4.39672409915869,4.39651411752787
Train,4.46103179034476,4.46085290449922
Train,4.52369133231124,4.52357444022639
Train,4.5844916386426,4.58436157149411
Train,4.64364672846964,4.64358828810803
Train,4.70122248809531,4.70120288610199
Train,4.75740734281136,4.75731021660907
Train,4.81200518427256,4.81197439147875
Train,4.86520153396366,4.86521594670851
Train,4.91704967116202,4.91708686429704
Train,4.96771391344005,4.96769981867622
Train,5.01701216782744,5.01685741640834
Train,2.12766243390009,2.12970702604728
Train,2.35796193148441,2.35901147365733
Train,2.57555122907879,2.57662973280388
Train,2.78097702930455,2.78181993921974
Train,2.97568291358558,2.97671493076562
Train,3.16005768113608,3.16087649324912
Train,3.33530918134515,3.33605048039974
Train,3.50171055742646,3.50258260484336
Train,3.66009982418037,3.66083162872676
Train,3.81121792669311,3.81164897466372
Train,3.95521826045487,3.95596523780044
Train,4.09291271982939,4.09307731722877
Train,4.22439945915351,4.2251472232558
Train,4.3502356980954,4.35036572622196
Train,4.47091882709077,4.47144628643876
Train,4.58648866250055,4.58682671938662
Train,4.69752254819782,4.69771392079131
Train,4.80403300530759,4.80427794656064
Train,4.90653031990999,4.90678934743049
Train,5.00500636182361,5.00489946304081
Train,3.08679121425573,3.08695484351049
Train,3.24633859421611,3.24665895571818
Train,3.39517634891969,3.39555485535605
Train,3.53434778838563,3.53431720882802
Train,3.66456023306791,3.66511522078802
Train,3.78703626284991,3.78731908415214
Train,3.90226379998657,3.90241986326803
Train,4.01086783096387,4.01133751623568
Train,4.11340349872762,4.11324350925427
Train,4.21036559396694,4.21071215218329
Train,4.30205163687515,4.30184363547526
Train,4.38915561187569,4.38911933948769
Train,4.47188161130028,4.47210706374538
Train,4.55055160906844,4.5506754277478
Train,4.62545676222388,4.62543002534879
Train,4.69686101171854,4.69732726779987
Train,4.76489626509146,4.76481345545765
Train,4.8300015519113,4.83016773360871
Train,4.89226320933295,4.89229981239189
Train,4.95186355917643,4.95160904619045
Train,2.12241780512704,2.12426921125664
Train,2.35135539584207,2.35160851891417
Train,2.56739830893723,2.56758619752803
Train,2.77206150249708,2.77167338189904
Train,2.96600456138248,2.96675458855246
Train,3.14984305289255,3.14972074854743
Train,3.32473655160042,3.32529236276535
Train,3.49113632416393,3.49090786707095
Train,3.64946938341394,3.64970424885471
Train,3.80064609238498,3.8004611788376
Train,3.94497923240077,3.94488068425128
Train,4.08292321703611,4.08108450277289
Train,4.21474537094069,4.21430022662319
Train,4.34112721413172,4.34052819315842
Train,4.46226276825089,4.4619074743998
Train,4.57834180019962,4.57781186215946
Train,4.6899244923032,4.68853218988373
Train,4.79714664378861,4.79665283597499
Train,4.90014324531993,4.89974900343007
Train,4.99938189771693,4.99874549439776
Train,4.51931776847356,4.51975823465112
Train,4.55567673384203,4.55599834152893
Train,4.59146817615258,4.59172255709857
Train,4.6267052801126,4.62685917760175
Train,4.66152647465309,4.66165799136
Train,4.69569094135459,4.69585735681106
Train,4.7293382964878,4.72955209866562
Train,4.76248019232878,4.76261271085535
Train,4.79512793367652,4.79525893494722
Train,4.82729249070953,4.82746658178005
Train,4.85909932288176,4.85927289519825
Train,4.89032747595552,4.89044873526948
Train,4.92110350386524,4.92134486119105
Train,4.95143715493046,4.9514821146033
Train,4.98133789922444,4.98140970055031
Train,5.01081493843122,5.01079553897146
Train,5.03998253307041,5.04006535349547
Train,5.06863727402527,5.06850879924535
Train,5.09689442747473,5.09683114719449
Train,5.12476221125896,5.12473277169122
Train,2.13189221657788,2.13226445839175
Train,2.36766544456705,2.36783022030361
Train,2.58921296683259,2.58949608438273
Train,2.7977845711513,2.79799444988678
Train,2.99426480936508,2.99427742087139
Train,3.18009684912226,3.18023365554039
Train,3.35592348227075,3.35626960951707
Train,3.52253157937561,3.52280078877014
Train,3.68062760799323,3.68072729988419
Train,3.83084764641597,3.83115030881093
Train,3.9736032197814,3.973805754503
Train,4.10974713564277,4.11011331335542
Train,4.23958008064822,4.23987532322574
Train,4.36353093337985,4.3639487826433
Train,4.48199057245654,4.48202591873563
Train,4.59531599397164,4.59556571355209
Train,4.70370996237847,4.70405548629717
Train,4.8077250215466,4.80789458800357
Train,4.90750700734156,4.90774132992304
Train,5.00330917483839,5.00331091669362
Train,2.12839164602064,2.12847933819215
Train,2.36247316665261,2.36156118494476
Train,2.58301480421574,2.58121175325435
Train,2.79067067804873,2.78973900796994
Train,2.9869981285103,2.9858055808538
Train,3.17246333417267,3.17143495732237
Train,3.34835629682222,3.34740778594935
Train,3.51500690889576,3.5140500461632
Train,3.67331105438731,3.67219272335863
Train,3.8240578461484,3.82344360978025
Train,3.96743748779582,3.96642782436468
Train,4.10429937019524,4.10361155101712
Train,4.23476980815697,4.23413400395223
Train,4.35943325315064,4.35873098332307
Train,4.47880981867035,4.47839296011737
Train,4.59295876151782,4.59211042765603
Train,4.70247458147216,4.70200678496551
Train,4.80738530232696,4.80709666327605
Train,4.90821357881677,4.90757586245602
Train,5.00496385103977,5.00436931013904
Train,2.12201620608503,2.1239081355154
Train,2.36450349956983,2.36463248851872
Train,2.59116977482313,2.59193727729801
Train,2.80395560508875,2.80445505048122
Train,3.00389018829859,3.00507271751415
Train,3.1919080162322,3.19228461992246
Train,3.36941267015483,3.36971695043688
Train,3.53708711964804,3.53734397138326
Train,3.69556068002169,3.69621268398917
Train,3.84588366653932,3.84610498725236
Train,3.98852006558705,3.98896571111912
Train,4.1240447463273,4.12450172614192
Train,4.25284195876933,4.25346836928223
Train,4.37565704931787,4.37640498577751
Train,4.49277464891498,4.4929160453605
Train,4.60446523917708,4.60469530739577
Train,4.71132106651224,4.71122452620259
Train,4.81354216413267,4.81378252981743
Train,4.91132109330327,4.91139292462615
Train,5.00513782515033,5.00525175663936
Train,2.12305847928144,2.12499049684923
Train,2.35226514714969,2.35306486648845
Train,2.56881436200018,2.5698483739245
Train,2.77372642346124,2.77461873188734
Train,2.96791484066613,2.9689856616162
Train,3.15198039802484,3.15311856772244
Train,3.32711172043142,3.32865391039671
Train,3.4937447500178,3.49509645810324
Train,3.65248340688745,3.65382120970683
Train,3.80387571286322,3.80498556409223
Train,3.94842011258447,3.9497735345278
Train,4.08657095581079,4.08758357326517
Train,4.21874326797939,4.21971900865104
Train,4.34531691453664,4.34615860479173
Train,4.46664024705632,4.46756714035221
Train,4.5828939027359,4.58349614427719
Train,4.694656728845,4.69514137997906
Train,4.80205504924403,4.80252474304801
Train,4.90533962829596,4.90558847562645
Train,5.00474238101145,5.00486625945562
Train,2.12305305977826,2.12309758801642
Train,2.35927087394167,2.35923751560334
Train,2.58108208550189,2.580962880623
Train,2.79022005828889,2.78992647796188
Train,2.98752570765147,2.9871276161168
Train,3.17377250611526,3.17314199094038
Train,3.35024923196853,3.34977139090118
Train,3.51733983974209,3.51665584211444
Train,3.67612005116997,3.67580195265257
Train,3.82702973356129,3.82637867761444
Train,3.97048299923083,3.97005277458377
Train,4.10731814410908,4.10681517059786
Train,4.23783980035548,4.23745987540972
Train,4.36233864022949,4.36188609574968
Train,4.48148288908426,4.48081184384066
Train,4.59536069313629,4.59513857161731
Train,4.70455288144413,4.70390167316439
Train,4.80922783284459,4.8088761320789
Train,4.90954999146692,4.90891722851959
Train,5.00599688376397,5.00474341424272
Train,2.12239698054196,2.12552832523873
Train,2.34457611443719,2.34577371842827
Train,2.55538573492275,2.55718966166681
Train,2.75609528560321,2.75736717154289
Train,2.94721380312319,2.94873403322638
Train,3.12941271557673,3.13040064431264
Train,3.30312046673219,3.30429495766587
Train,3.46926432297417,3.4704191809062
Train,3.62816129811696,3.62937170287408
Train,3.7802754151496,3.78123242379955
Train,3.92587927429142,3.92682789704052
Train,4.06567474782217,4.06628032017691
Train,4.19986173892056,4.20017525788283
Train,4.32877112211096,4.32895541386027
Train,4.45257824775527,4.45277927451682
Train,4.57183022717752,4.57193452361319
Train,4.68665319451203,4.68679846413145
Train,4.79728939124619,4.79733184053041
Train,4.90385166000563,4.90386280793539
Train,5.00677707587938,5.00687193991983
Train,3.42901042692851,3.43008146632495
Train,3.54044545959411,3.53975812536667
Train,3.64742769048059,3.64810365229207
Train,3.75056023575532,3.75108113740064
Train,3.84971744934167,3.85039954047464
Train,3.94544197875907,3.94686959993781
Train,4.0376023406599,4.03877757286612
Train,4.12668930102519,4.12923117035028
Train,4.21271091252278,4.21228883531078
Train,4.29568468936691,4.29690500315631
Train,4.37603641438931,4.3779473227289
Train,4.45362983495513,4.45297022798261
Train,4.52885432743004,4.5291656969341
Train,4.60169534846567,4.60250086718154
Train,4.67214706252256,4.67213118703806
Train,4.74055240657206,4.74018307210575
Train,4.80677826409416,4.80692956287678
Train,4.87114110577564,4.87073059994075
Train,4.93351023112156,4.93337820057716
Train,4.99417861336703,4.99409270195541
Train,4.08017278688525,4.07949216644486
Train,4.14017484907005,4.14052862749962
Train,4.19862253152457,4.19755904519773
Train,4.25587590740224,4.2562637825715
Train,4.31182352798814,4.31136782385804
Train,4.36636575334579,4.36621469858003
Train,4.41983558087884,4.42011127573935
Train,4.47212624629398,4.47165342606534
Train,4.52314177230391,4.52297598993321
Train,4.57319107759054,4.57250149933973
Train,4.62217196420917,4.62202029435796
Train,4.67011828266798,4.66960480568307
Train,4.7169389182248,4.71688392182771
Train,4.76291460740113,4.76279790735064
Train,4.80794900029676,4.80766980550764
Train,4.85195455279491,4.85142681365617
Train,4.8951933685157,4.89482743988558
Train,4.93757327636441,4.9374163087043
Train,4.97901020524745,4.97833447200831
Train,5.0197494529876,5.0189360523211
Train,2.15559069773346,2.15646936561391
Train,2.43250552074585,2.43304921591992
Train,2.68433813089823,2.68448458826536
Train,2.91379628361804,2.91391516147562
Train,3.12398781810597,3.12536330040823
Train,3.31724156644519,3.32081557714558
Train,3.4957411310791,3.49867861292226
Train,3.66071413121474,3.66195249250743
Train,3.81382731707758,3.81501922849496
Train,3.95631520711583,3.95761739303201
Train,4.08940832198007,4.09015370194468
Train,4.21370335097722,4.21565050747379
Train,4.33018642833708,4.33024333643628
Train,4.43957158810882,4.44066545064491
Train,4.54261404052913,4.54394364245239
Train,4.63961269455973,4.64080367643258
Train,4.73119591141636,4.73253005490845
Train,4.81780489097946,4.81887711080638
Train,4.89993462386474,4.90016117999333
Train,4.97773299206552,4.97756741474516
Train,3.80678547672767,3.80572459429753
Train,3.88830552120323,3.88797320252636
Train,3.96732731396479,3.96699019664014
Train,4.04396396346085,4.04358926883217
Train,4.1183218516675,4.11797478335869
Train,4.19065777786382,4.19034927002142
Train,4.26074831360627,4.26041578258376
Train,4.3288437833466,4.32847485484238
Train,4.39502817350667,4.39472348548154
Train,4.45938082163388,4.45920238091569
Train,4.52197673367046,4.52156916480019
Train,4.58288687558949,4.58263912820187
Train,4.64217844178192,4.64204493162036
Train,4.69991510232846,4.69952163464698
Train,4.75615723106922,4.75588006574183
Train,4.81108128602305,4.81089088749216
Train,4.86450033679016,4.86434814329844
Train,4.91658833834603,4.91620189462922
Train,4.96739442739898,4.96719583514935
Train,5.01696535149724,5.01643892018476
Train,3.80739449478882,3.80796637059323
Train,3.88848464895535,3.88914629235954
Train,3.96731062372242,3.96796236572775
Train,4.04363704974116,4.04399782682888
Train,4.11773988575936,4.11850008583063
Train,4.18971490526765,4.19023524851148
Train,4.2598029955438,4.26021131817763
Train,4.32778421916422,4.32815452973157
Train,4.39389406630724,4.39402175326834
Train,4.45820876027913,4.45846740644195
Train,4.52093526877318,4.52121546979763
Train,4.58186871909127,4.58218263241654
Train,4.64121237777854,4.64127758563994
Train,4.69902766161321,4.69883729742217
Train,4.75549432106236,4.75637146922166
Train,4.81042177795929,4.81049999704485
Train,4.86398725208032,4.8645764391142
Train,4.91624078070771,4.9165849709709
Train,4.9673399600617,4.96780457747011
Train,5.0171075550939,5.0171534363901
Train,2.12690503882029,2.12833658163729
Train,2.35784755001863,2.35734664662526
Train,2.57544108542503,2.5747692650177
Train,2.78127891202186,2.78125717624719
Train,2.97606629377245,2.97596336840364
Train,3.16045931759117,3.1600297829493
Train,3.33566791021446,3.33579085798849
Train,3.50217114428338,3.50192537878977
Train,3.66042106562472,3.660083466729
Train,3.81136132934809,3.81075968285152
Train,3.95532199883044,3.9543533826902
Train,4.09277624686765,4.09207277564858
Train,4.22400497651647,4.22327107404201
Train,4.34970955395323,4.34910595565382
Train,4.47009338183143,4.46954687582113
Train,4.58535495467794,4.5845312945887
Train,4.69606819125944,4.69564480673146
Train,4.8023748897889,4.80155281105474
Train,4.90441570468925,4.90430777862205
Train,5.00266786477395,5.00224094241933
Train,2.12908150441046,2.13152832634953
Train,2.3557228052369,2.35775185276291
Train,2.56988514109415,2.57116948788392
Train,2.77301969809914,2.77485051234474
Train,2.96553069061696,2.96774218483118
Train,3.14863477783601,3.15078655252658
Train,3.32261934759476,3.32404928220715
Train,3.48851608253403,3.4917999892816
Train,3.64670065554545,3.64884776625625
Train,3.79753131688409,3.80038015916873
Train,3.9418289176121,3.94376676171235
Train,4.07970247293019,4.0819267348845
Train,4.21186471251341,4.21392016024695
Train,4.33852246744661,4.33984851899298
Train,4.45987767350149,4.4617613998373
Train,4.57651548003581,4.57721100236015
Train,4.68845636146453,4.68965819939261
Train,4.79621789742696,4.79751814232007
Train,4.89979895371093,4.90061662280571
Train,4.99966023770793,5.00019764774263
Train,3.79879635434255,3.7991857602385
Train,3.87892305621105,3.87905024827635
Train,3.95675120769345,3.95767554833149
Train,4.03237831608655,4.0319912383013
Train,4.10589645041598,4.10628032019234
Train,4.17724601452383,4.17778539337381
Train,4.24680644424389,4.24668589113501
Train,4.31450490970812,4.3147897303272
Train,4.38041518396485,4.38052759370042
Train,4.44460719357199,4.44477773334732
Train,4.50714726606388,4.50722077816247
Train,4.56809835855585,4.56811441158718
Train,4.6275202691425,4.62721558101405
Train,4.6854698325821,4.68548754947117
Train,4.74200110161298,4.74199037072251
Train,4.79705221183331,4.79698638332705
Train,4.85090144162714,4.85094461381889
Train,4.90347937076666,4.90334908798034
Train,4.95483049431226,4.954824731328
Train,5.00499725485495,5.00486990618013
Train,4.68701658202835,4.68705962318129
Train,4.72093289360058,4.72057000176504
Train,4.75422002740472,4.75365187757346
Train,4.78678212727875,4.7864487525105
Train,4.81886436652009,4.81783569954062
Train,4.85036754599872,4.85014073952992
Train,4.88130720287331,4.88103461807189
Train,4.91169832337872,4.91138211604196
Train,4.94145188588581,4.94105097866052
Train,4.97079060327525,4.97043928438436
Train,4.99962262695463,4.99936786813781
Train,5.02796097081072,5.0276321904996
Train,5.05572162787799,5.05544412248785
Train,5.08311152384989,5.08269472796676
Train,5.11004416345865,5.10957463552334
Train,5.13653090231005,5.13634709038818
Train,5.16258272308677,5.1623793851861
Train,5.18812137115213,5.18760576581847
Train,5.21333631738599,5.21240411289112
Train,5.23814717001802,5.23745286320193
Train,2.12764774870194,2.12785238826766
Train,2.35445726966236,2.35445144974731
Train,2.56906504774185,2.56908432986095
Train,2.77267025255495,2.77266537796025
Train,2.9656410532022,2.96564288976809
Train,3.14900600969598,3.14901897402454
Train,3.32346495394999,3.32348319661763
Train,3.48965134817074,3.48963266428403
Train,3.64832785115024,3.64834726338379
Train,3.7996330281429,3.79960883300667
Train,3.94424017460211,3.94425248980336
Train,4.08258442531832,4.08258337933806
Train,4.21522138721336,4.21518103464335
Train,4.34219504590622,4.34218643787174
Train,4.46400509765697,4.46398055293615
Train,4.58096024619998,4.58096004033289
Train,4.69334506846879,4.69329398826742
Train,4.80155097156812,4.80155927170493
Train,4.90555887087389,4.90550593241935
Train,5.00572752505852,5.00559061253737
Train,2.12941596662493,2.13159098764957
Train,2.34949356155513,2.35101449287616
Train,2.55891641585048,2.56016293660216
Train,2.75796351705586,2.75948022901796
Train,2.94761383641213,2.94836248328577
Train,3.12873402319509,3.13050141931601
Train,3.30147273061752,3.30247872968105
Train,3.46659612985834,3.46757750558684
Train,3.6247863965345,3.62626083357393
Train,3.77610783927268,3.77713635779149
Train,3.92117211554736,3.92254041790805
Train,4.06035946613775,4.06126534043799
Train,4.19418047804422,4.19515289041304
Train,4.32263065959233,4.32341409002332
Train,4.44617522540063,4.4467920207055
Train,4.56523292878498,4.56588707846752
Train,4.67976803848911,4.68037928261695
Train,4.79016605540284,4.79018961894983
Train,4.8967753291825,4.8969061745913
Train,4.99953990729427,4.99957963951168
Train,2.11978876680852,2.12136328265044
Train,2.34642393125933,2.34700428231666
Train,2.56095978271401,2.56083738187156
Train,2.76434004436675,2.76479405749636
Train,2.95741278165482,2.95787878354097
Train,3.14094222280755,3.14115611868986
Train,3.31561886885405,3.31497652600522
Train,3.48206817507465,3.48203169178962
Train,3.64085803397725,3.64109586900234
Train,3.79250524848166,3.79243087946746
Train,3.93765384651862,3.93758654220367
Train,4.07638183772122,4.07667106326628
Train,4.20926418338778,4.20865917044942
Train,4.3366627406525,4.33644821682467
Train,4.45891010421156,4.45938687433884
Train,4.57631250567816,4.57636039066277
Train,4.68915237491036,4.68899055717996
Train,4.79769060841322,4.79762848257745
Train,4.90216858316797,4.9016787940411
Train,5.0028099486075,5.00233198000499
Train,2.0913519187303,2.09293537690904
Train,2.18518955500076,2.18517996962258
Train,2.27669018024772,2.2765350400907
Train,2.36594002500987,2.36639963780838
Train,2.45302112908076,2.45300822052307
Train,2.53801159303689,2.53848598338594
Train,2.62098581186477,2.62072948970966
Train,2.70201469215569,2.70268871874871
Train,2.78116585420106,2.78114665564793
Train,2.85850382019889,2.85859202527647
Train,2.93409018967254,2.93454417753604
Train,3.00798380310384,3.00820708714967
Train,3.08024089469435,3.08023991679441
Train,3.15091523508813,3.15097869973327
Train,3.22005826481735,3.21997066551124
Train,3.28771921916669,3.28843887439801
Train,3.35394524509352,3.35410915208125
Train,3.41878151078733,3.4190217363823
Train,3.48227130840343,3.48193311255748
Train,3.54445615046195,3.5458196627071
Train,2.11667232262277,2.11714213983144
Train,2.32251209751356,2.32231853386041
Train,2.52020787161841,2.52040182275889
Train,2.71079801030086,2.71062188758445
Train,2.89411376355215,2.89421708424491
Train,3.07108825770395,3.07100221303629
Train,3.24153777822092,3.24177929854998
Train,3.40630524445251,3.40607397383722
Train,3.56543332961945,3.56556320801904
Train,3.71897830160098,3.71878333559219
Train,3.86767023431075,3.86759773622837
Train,4.01130762381448,4.01082624893682
Train,4.15055740140867,4.15057682344853
Train,4.28541662788122,4.28478100748837
Train,4.41589539942372,4.41572962188296
Train,4.54258020678892,4.54248792268411
Train,4.66526811791512,4.66465201895992
Train,4.78449983652832,4.7840100058704
Train,4.90007440926561,4.89979480207624
Train,5.01249192947453,5.01146521191115
Train,3.11073868583817,3.11627289684041
Train,3.24479919142761,3.24873249663799
Train,3.37386907178902,3.3761127502796
Train,3.4982219110929,3.50057198109355
Train,3.61811165532263,3.61969670077745
Train,3.73362444047771,3.73679604574429
Train,3.84528490360992,3.84591775276497
Train,3.95314245155855,3.9542893889586
Train,4.0573881100275,4.0576742861442
Train,4.15820032143129,4.15876377324387
Train,4.25574596422045,4.25614324985075
Train,4.35018127470054,4.35041451256186
Train,4.44165268205579,4.44184739090927
Train,4.53029756596447,4.53003208410812
Train,4.61624494505053,4.61627726469235
Train,4.69950776136667,4.69941363114706
Train,4.7804199956169,4.78025299090516
Train,4.85897747050863,4.8590413320919
Train,4.93528150625834,4.93508700734967
Train,5.00942769248706,5.0092684828371
Train,2.12404225021414,2.12413873545595
Train,2.34964960435225,2.34967798393266
Train,2.56328204585033,2.5632487884752
Train,2.76586834249329,2.76592025479406
Train,2.95824363628126,2.95826228024746
Train,3.14116095102361,3.14123056817264
Train,3.31530104336949,3.31534037949971
Train,3.48128086897002,3.48133043475466
Train,3.63966088570605,3.63972593679794
Train,3.79095137617817,3.7910119135406
Train,3.93561793974694,3.93568265021825
Train,4.07408627865554,4.07414541154433
Train,4.20674638187165,4.2068408225234
Train,4.33395619325473,4.33399697885691
Train,4.45604483670774,4.45617202941069
Train,4.57331545950356,4.57335718662874
Train,4.68604774550388,4.68606560070405
Train,4.7945001421344,4.79454417499367
Train,4.89891183844338,4.89888379711122
Train,4.99950452610901,4.99938858877361
Train,3.74189266374406,3.74164786031472
Train,3.82778636035636,3.82781459935289
Train,3.91099959666898,3.91099420056637
Train,3.99165591751737,3.99166146922219
Train,4.069871390228,4.06990621384396
Train,4.14589282419531,4.14590633051487
Train,4.21954361602458,4.21955365153483
Train,4.29106240194903,4.29103287279507
Train,4.36054043553201,4.36057513488343
Train,4.42806383584355,4.42807030809056
Train,4.49371394357418,4.4936559801856
Train,4.5575676479155,4.55760071539337
Train,4.61969768696932,4.61968077255299
Train,4.68017292415302,4.68017977495695
Train,4.73905860280948,4.73904432196216
Train,4.79652083991859,4.79643213865277
Train,4.85240715410266,4.85235044778822
Train,4.90688027866776,4.90699461122788
Train,4.95999314705382,4.95975735826071
Train,5.01179608168382,5.01169801159925
Train,3.26389504820393,3.2643915736255
Train,3.38948504564324,3.38964574213899
Train,3.50992282864683,3.51007945008244
Train,3.62551907194806,3.62601494098929
Train,3.73655996449524,3.73649891668831
Train,3.84330957514337,3.8436903781105
Train,3.9460119492718,3.94604827047372
Train,4.044892971369,4.04513856682318
Train,4.14016202350526,4.14022835891158
Train,4.23201346532108,4.23225576574917
Train,4.32076813562063,4.32092364683488
Train,4.40630901368748,4.40651426151019
Train,4.4889380334595,4.48924151024333
Train,4.56880138855577,4.56911164880078
Train,4.64603564722659,4.64614370282218
Train,4.72076853169191,4.72097620599309
Train,4.79311962296542,4.79326045609853
Train,4.86320099934581,4.86345934929271
Train,4.93111781574609,4.93125527251253
Train,4.99696883015901,4.99705634724817
Train,3.80599805069466,3.80566109111462
Train,3.88733191940926,3.88731516905612
Train,3.96636870253196,3.96629745907488
Train,4.04287758668489,4.0425887133599
Train,4.11729416407471,4.11733265021688
Train,4.18939502392284,4.1892301690343
Train,4.25958499197496,4.25959868466019
Train,4.32764809200477,4.32754835580566
Train,4.39396157624627,4.39384438052296
Train,4.45831684372526,4.45830607186074
Train,4.52106633873803,4.52100992585768
Train,4.58200871084584,4.58195703091699
Train,4.64147400341201,4.64141664846759
Train,4.6992679457908,4.69915180636529
Train,4.75570028487941,4.75570774762603
Train,4.81058362762101,4.810551295129
Train,4.86420927229291,4.86417976268352
Train,4.91639648069518,4.91632015191793
Train,4.96741973156524,4.96744169189263
Train,5.01710470649286,5.01700231269136
Train,1.02091656230163,1.02105673509434
Train,1.41009072482468,1.41005928094749
Train,1.76365378241522,1.7638878904538
Train,2.08689965460262,2.0868778231554
Train,2.38328213060095,2.38325529974757
Train,2.65575369120077,2.65578432594996
Train,2.90758115447517,2.90781558578531
Train,3.14079945882144,3.140767435146
Train,3.35718831570746,3.35746750499605
Train,3.55889639217026,3.55901530132108
Train,3.74718584148771,3.74698606487002
Train,3.92335256958997,3.92314268753328
Train,4.08837030369103,4.08788985681461
Train,4.24356665535119,4.24330208495597
Train,4.38965066465061,4.38939494955342
Train,4.5272677594567,4.52691141486069
Train,4.65738691864815,4.65719875031867
Train,4.78048435420709,4.78010251308226
Train,4.89699960173085,4.89670085854525
Train,5.00766300985782,5.00749970650871
Train,2.12286196379505,2.12382119028846
Train,2.35404628500258,2.35425941501237
Train,2.57187871414686,2.57203319200128
Train,2.77793188808856,2.77787862378612
Train,2.97292325093331,2.97293072730757
Train,3.15751874926084,3.15748483281935
Train,3.33291068010133,3.33299204394209
Train,3.49940627882133,3.49943454634852
Train,3.65801200821964,3.65795864488539
Train,3.80911024170722,3.80903310766665
Train,3.95306404674862,3.95293058077298
Train,4.09066942363462,4.09050423153824
Train,4.22219299809946,4.22204258623172
Train,4.34789138183509,4.34789405569175
Train,4.46840717831192,4.46859518604036
Train,4.58380085794655,4.58375709105824
Train,4.69463516894196,4.69441977490281
Train,4.80105810017695,4.80082143647381
Train,4.90321559078414,4.9030248827032
Train,5.00157494290319,5.00118439799483
Train,2.12194975275501,2.12200219737063
Train,2.34457216482315,2.34450604301604
Train,2.5558260826583,2.55564226379577
Train,2.75656064483741,2.75617350785908
Train,2.94754247880768,2.94739476485777
Train,3.12925847668646,3.1290911770004
Train,3.30276173438749,3.30229056367464
Train,3.46840770170272,3.46813580987439
Train,3.62671830009497,3.62628399446042
Train,3.77817022742651,3.77785676632196
Train,3.92319975228832,3.9228798288925
Train,4.06220691107433,4.06162355166382
Train,4.19555919283872,4.1949809762293
Train,4.32359478341279,4.32324231387177
Train,4.4466254290817,4.44622651332541
Train,4.56480371678054,4.56453983062168
Train,4.67867137915612,4.67825489633763
Train,4.7883343713768,4.78814346909278
Train,4.89402136359219,4.89376057609409
Train,4.99594473962073,4.99531183182192
Train,2.11837286660064,2.11866440252855
Train,2.34737861520036,2.34740000050008
Train,2.56359489635411,2.56346982516991
Train,2.76850151013485,2.76838066315325
Train,2.96254748643875,2.96236327956579
Train,3.14696831484299,3.14662664397768
Train,3.32208714436454,3.32172980685503
Train,3.48894765233596,3.48857032359886
Train,3.64777942233377,3.64738707262516
Train,3.79947342694146,3.79912467196412
Train,3.94418908795118,3.94392486658692
Train,4.08269426751685,4.08230608150118
Train,4.21509539527555,4.21483610039943
Train,4.3420599402401,4.34174868737612
Train,4.46365408140939,4.46350016797008
Train,4.58046256134503,4.58001573769364
Train,4.69252086085267,4.69224699801928
Train,4.80034489956636,4.80012244486646
Train,4.90394668693518,4.9034968761109
Train,5.00378438193365,5.00298180388129
Train,2.12442338288073,2.12449521703023
Train,2.35579920812511,2.35578802202438
Train,2.57400061982387,2.57389597970835
Train,2.78012168606061,2.78006504294101
Train,2.97513859561976,2.97516308240231
Train,3.15992511755526,3.15988177439724
Train,3.3352656899645,3.33525367254263
Train,3.5018665515638,3.5018246943648
Train,3.66036524920537,3.66019505839288
Train,3.81133879120879,3.81149567976829
Train,3.95515066960552,3.95498049933597
Train,4.09260408140797,4.09252472769661
Train,4.22396522548211,4.22392507850166
Train,4.34963035641259,4.34960221250297
Train,4.46996209365094,4.47000608748861
Train,4.58529291615545,4.58521333345127
Train,4.69592823019507,4.69585571191349
Train,4.80214906992685,4.80213255978309
Train,4.90421448102826,4.9041831309871
Train,5.00236362994877,5.0021683310981
Train,2.13069270995709,2.13160084735066
Train,2.34358357852775,2.34391206818985
Train,2.5471615972976,2.5473856280107
Train,2.74157539729887,2.74192009583497
Train,2.92764474999873,2.92779708621968
Train,3.10610162030767,3.10633228192749
Train,3.27700822256989,3.27718705194205
Train,3.44121293343616,3.44147254678249
Train,3.59873746818549,3.59877542068282
Train,3.75015634493236,3.75049710123424
Train,3.89598649835701,3.89615626462112
Train,4.03620653888343,4.03621371590564
Train,4.17129038082635,4.17155425972235
Train,4.30166613350094,4.30177472660874
Train,4.4272840941308,4.42720147807197
Train,4.54868113466339,4.54883107505814
Train,4.66579443445186,4.66575098011092
Train,4.77897796013771,4.77902584118713
Train,4.88855332920334,4.88853269497416
Train,4.99444418315484,4.99416535380008
Train,2.12808034893737,2.12847801040992
Train,2.35112466218989,2.35137479806074
Train,2.56271668654416,2.56270451580643
Train,2.7634951875332,2.76358371632089
Train,2.95468917425529,2.9546905145646
Train,3.13676800551006,3.13704506516226
Train,3.31036835099227,3.31040157715254
Train,3.47606893652864,3.47617300620116
Train,3.63422226056738,3.63432454830693
Train,3.78566663529134,3.78585807921921
Train,3.93065965892099,3.93087950793345
Train,4.06960496419778,4.06968424833324
Train,4.20272585421643,4.20290626148492
Train,4.33066382949492,4.33086091323569
Train,4.45357956101408,4.45374590480354
Train,4.57176308066675,4.57199021523705
Train,4.68548250986946,4.68573742211741
Train,4.79486478544858,4.79501818858919
Train,4.90038706285921,4.90049083981578
Train,5.00213714460938,5.00189999669167
Train,2.11491407524425,2.1161231278122
Train,2.31671594501718,2.31706100084487
Train,2.51134675777038,2.51130978222794
Train,2.69918207738369,2.69938641793417
Train,2.88057169224501,2.88069819299128
Train,3.05561445754979,3.05560245532909
Train,3.22507705928698,3.22521490547227
Train,3.38900898775053,3.38922078728431
Train,3.54767664873223,3.5476618021414
Train,3.70132960848083,3.70152084464574
Train,3.85020190354028,3.85019032873172
Train,3.99451323020027,3.99443914760853
Train,4.13447002627336,4.1347031899197
Train,4.2702664564011,4.27025685632473
Train,4.40208531077922,4.40204630326773
Train,4.52993237727082,4.52995797957486
Train,4.6543076903439,4.65431851865945
Train,4.77519322043309,4.77538566233055
Train,4.89273381251369,4.89270154527479
Train,5.00706640514168,5.00681293914316
Train,1.52995030013884,1.53136944442233
Train,1.64415782390322,1.64425765999406
Train,1.75485116068289,1.75482382664198
Train,1.86272764456143,1.86299592962971
Train,1.96763054096679,1.96762464108108
Train,2.06968112766221,2.06999095717695
Train,2.16874611420499,2.16863194991968
Train,2.26543684175608,2.26599372508575
Train,2.35960148775745,2.35949636551525
Train,2.45133776802094,2.45159655718747
Train,2.54051496586932,2.54036436607496
Train,2.62767365441654,2.62820945253336
Train,2.71266829127092,2.71276428318672
Train,2.79557848457756,2.79532364888949
Train,2.87627764601249,2.87659527248546
Train,2.95524739250586,2.95545864871677
Train,3.03234911272936,3.03216870335312
Train,3.10764831402885,3.10803679315289
Train,3.18102339679048,3.18115844441057
Train,3.25290632628511,3.25331888910589
Train,2.12554648004325,2.12695098832703
Train,2.3577430645608,2.3584149483206
Train,2.57660865979447,2.57668058667262
Train,2.78325927760292,2.78347035511909
Train,2.97848011559794,2.97878957166834
Train,3.16359101040625,3.1637750590737
Train,3.33916858560766,3.33913219101235
Train,3.50593081060285,3.50586179354216
Train,3.6645253251217,3.66465539641215
Train,3.81553784492369,3.81572722205167
Train,3.95934436881433,3.9594986890472
Train,4.09674449501847,4.09694929056716
Train,4.22801525761179,4.2283230870846
Train,4.35355785065996,4.35384203433862
Train,4.47373920259712,4.47415109853248
Train,4.58889555799368,4.58929755730717
Train,4.69921634588595,4.69956509258484
Train,4.80522877554046,4.8056200448111
Train,4.90707013992005,4.90725261297414
Train,5.00498185595562,5.00480613890179
Train,2.12517767595753,2.12515467242631
Train,2.36120353977032,2.36106282208059
Train,2.58320927773569,2.5831631085923
Train,2.79195992332138,2.79192673791406
Train,2.98881916463409,2.98865258074077
Train,3.17477494695386,3.17474259882804
Train,3.3508978835555,3.35089996470854
Train,3.51758879965555,3.51741383613919
Train,3.67575563874661,3.67573682032819
Train,3.82603594367509,3.82577482207419
Train,3.96915935556266,3.96909771046851
Train,4.10533122499744,4.10510067990911
Train,4.23518593091057,4.23511166801402
Train,4.35915309821122,4.35907696668367
Train,4.47775225987151,4.47757118552839
Train,4.59107948651038,4.5909814048275
Train,4.69959582591217,4.69948528426105
Train,4.80360125347652,4.80353292821676
Train,4.90347930910433,4.90336478445463
Train,4.99926328363442,4.99912474772939
Train,3.80397153353049,3.80414592724922
Train,3.88549905352172,3.88567671522763
Train,3.96439451241222,3.96434687794975
Train,4.04109836128839,4.04125498490178
Train,4.11554705236603,4.11555878339571
Train,4.18783860010102,4.18795124670508
Train,4.25792089821145,4.25792761898195
Train,4.32617424255073,4.32626278161409
Train,4.39253227066793,4.39257406878753
Train,4.45707284755318,4.45706486468337
Train,4.51974029825615,4.51979684957335
Train,4.58086644253112,4.58096606098773
Train,4.6403844502267,4.64041631978692
Train,4.69835695886223,4.69835836217974
Train,4.75472697723642,4.75475144079904
Train,4.80978668613821,4.80980531163662
Train,4.86347022912095,4.86346867621544
Train,4.91582856334116,4.9158409801996
Train,4.9668048161818,4.96682789385089
Train,5.01665833605347,5.01665191123105
Train,3.11921770338445,3.11944142786818
Train,3.25694889014861,3.25708643543042
Train,3.38892613912794,3.38891241738313
Train,3.51550264249553,3.51546887784864
Train,3.63700326550487,3.63714396544968
Train,3.75372733053275,3.75383546241867
Train,3.8659510791042,3.86603039854092
Train,3.97392985453209,3.97422145152744
Train,4.07790004147265,4.07786030517239
Train,4.17808079340616,4.17829485850528
Train,4.27467557461214,4.27484149718223
Train,4.36787353947091,4.36797087148737
Train,4.45785076876746,4.45804941333266
Train,4.54477137999981,4.5449970833208
Train,4.62878852642228,4.62898857205367
Train,4.71004529761849,4.71010114693056
Train,4.78867553274412,4.78893325853935
Train,4.86480455616247,4.86482312510564
Train,4.93854984397785,4.93851008249406
Train,5.01002162892301,5.00998656613886
Train,2.12639329274567,2.1266035820838
Train,2.3490875059615,2.34843033043146
Train,2.56026436168063,2.55961782380039
Train,2.7612285875963,2.76087471322829
Train,2.95249648343076,2.95189136298653
Train,3.13455619083396,3.13419255908887
Train,3.30843299542765,3.30799016697277
Train,3.47430665113683,3.47402051137326
Train,3.63306088750707,3.63285671585548
Train,3.78497954505791,3.7845475575916
Train,3.93033705105284,3.93014099660216
Train,4.06985185861098,4.06983700424756
Train,4.20372380871544,4.20364236964017
Train,4.33214890836769,4.332217355731
Train,4.45572111535878,4.45574370385587
Train,4.57445194751556,4.57430917458189
Train,4.68886893282057,4.68885323047219
Train,4.79908297058058,4.79919432786049
Train,4.90520593710802,4.90524638586724
Train,5.00768424404255,5.00769956583029
Train,2.12306683064063,2.12335919238761
Train,2.33869818119025,2.33892407872484
Train,2.54470257457936,2.54490797816036
Train,2.7411965484669,2.74134781504038
Train,2.9293146528236,2.9295515951628
Train,3.10911040135459,3.1089710112967
Train,3.28157451613356,3.28160869221322
Train,3.44671361556348,3.44686989065961
Train,3.60519185160221,3.60496737364449
Train,3.75760371949205,3.75762229755058
Train,3.90390703121558,3.90376819517335
Train,4.04483059373848,4.04491495538171
Train,4.18030995646588,4.18016926607309
Train,4.31082557486255,4.31071533238649
Train,4.43681051502507,4.43664109367021
Train,4.55817758578735,4.55806615031109
Train,4.67548360745169,4.67534994857781
Train,4.78863139998403,4.78851682419848
Train,4.89812539860234,4.89785835252335
Train,5.00386145733355,5.00348435265117
Train,3.37418207933184,3.37408556771991
Train,3.48771316086674,3.48773276145878
Train,3.59740949207486,3.59767121974731
Train,3.70374658654003,3.70409677934297
Train,3.80673822284573,3.80726628521664
Train,3.90653983255267,3.90728599036377
Train,4.0031677275453,4.00398874328605
Train,4.09702222950947,4.09787956194053
Train,4.18809872423923,4.18906897893906
Train,4.27651875268608,4.27744712345087
Train,4.36228170389985,4.36306889742557
Train,4.44572920586415,4.44657602468508
Train,4.52684473954759,4.52703247886096
Train,4.60572470937067,4.60683389361223
Train,4.68235729320513,4.68269444876499
Train,4.75703747718801,4.75815947446902
Train,4.82974113055596,4.82990236690533
Train,4.90054569654937,4.90061924898257
Train,4.96943198418893,4.96956410301139
Train,5.03665732809543,5.03658122578711
Train,1.47906637796318,1.48011272851657
Train,1.54847132110152,1.54873107142269
Train,1.61668827204686,1.61655554416505
Train,1.68374747394573,1.68374995986162
Train,1.74992672169434,1.74995769883683
Train,1.81475299492386,1.81477467114312
Train,1.87850641097442,1.87859701756609
Train,1.94121338450977,1.94113537936867
Train,2.00289947011669,2.00311819162674
Train,2.06358939702812,2.06350306509487
Train,2.12353234011451,2.12366666172532
Train,2.18229743436358,2.1823577602838
Train,2.24013601222948,2.24008032726054
Train,2.29706981412639,2.29717848366929
Train,2.35311990557129,2.35318654102887
Train,2.40830670317121,2.40834286698667
Train,2.46285504285922,2.46284271433181
Train,2.51637093142627,2.51645603738073
Train,2.56908119458516,2.56914503199298
Train,2.62100388819452,2.621311198621
Train,2.12316287095229,2.12300790798984
Train,2.35733488356204,2.35718055512482
Train,2.57774453589439,2.57804627090011
Train,2.78557042192426,2.78533532440927
Train,2.98166887104452,2.9818380957215
Train,3.16736750034535,3.16731767155509
Train,3.34330017341102,3.34357750341153
Train,3.51021754427218,3.51023892549277
Train,3.66879525741862,3.66912392119705
Train,3.81964308866274,3.81983480358324
Train,3.96317210430354,3.96349850273621
Train,4.10017057426975,4.10040236225107
Train,4.230945912449,4.2310679140421
Train,4.35591272906889,4.35610295000081
Train,4.4754496038413,4.47562505545941
Train,4.58990291664978,4.58996682752625
Train,4.69948247075727,4.69977098288585
Train,4.80469970018842,4.80482244084417
Train,4.90571057777323,4.90570109513213
Train,5.00276240125249,5.00265083302223
Train,3.8399474919057,3.84002026305755
Train,3.91797041366502,3.91800257455109
Train,3.99373156779974,3.99376231132122
Train,4.06732789708,4.06734712952605
Train,4.13885088216309,4.13886306724383
Train,4.20838692094431,4.20840922778664
Train,4.2760176767254,4.27602477229741
Train,4.34182039815031,4.34183987748041
Train,4.40586821354372,4.40584664936908
Train,4.46823040201005,4.46825855545397
Train,4.52897264340603,4.52896510710637
Train,4.58815724908277,4.58817203603324
Train,4.64584337510152,4.6458141013711
Train,4.70208721945693,4.70208728850342
Train,4.75694220468976,4.7569691512101
Train,4.81045914713663,4.81046790951516
Train,4.86268641394373,4.86270915974022
Train,4.91367006886434,4.91362203280662
Train,4.96345400776392,4.96346325509442
Train,5.01208008467049,5.01209791704535
Train,3.94041200594176,3.94325175964262
Train,4.01103845336588,4.01205485228204
Train,4.07976040964551,4.08092587855502
Train,4.14651807034064,4.14720726622839
Train,4.21165862267943,4.21258005895582
Train,4.27511085796261,4.27651833547064
Train,4.33693957334793,4.33763279393973
Train,4.39720629201451,4.39821066486477
Train,4.45585006067793,4.45629950094665
Train,4.51316818961715,4.51336565579116
Train,4.56909110919117,4.56927399750132
Train,4.62366914908778,4.62382815437671
Train,4.67684191507672,4.67694415879962
Train,4.72887428637699,4.7288578221371
Train,4.77969887961256,4.77983755352691
Train,4.82935726482975,4.82949133917212
Train,4.87788912600241,4.877818876462
Train,4.92523583959125,4.92524734408583
Train,4.97162881144193,4.97176850116305
Train,5.01700394805863,5.01686028954576
Train,2.11915873517799,2.11911052755679
Train,2.35727870532536,2.35728844276967
Train,2.58087633180816,2.5809119545804
Train,2.79124082412194,2.79112809848378
Train,2.98932924530374,2.98931719526375
Train,3.17653308654593,3.1765649923975
Train,3.35356077231393,3.35358174569704
Train,3.52122009115745,3.52120806107198
Train,3.68023553866835,3.68017704635643
Train,3.83125878335402,3.83130624870612
Train,3.97474378092154,3.97474335955415
Train,4.11149599516865,4.11151266517775
Train,4.24185667813914,4.24184929820988
Train,4.36626368901568,4.36629290606582
Train,4.48511578515851,4.48515739928846
Train,4.59877689163794,4.59877296935086
Train,4.70747812334787,4.70750416456506
Train,4.81173205104633,4.81173191752098
Train,4.91171246547347,4.91174829949817
Train,5.00767685508978,5.00770752888205
Train,2.12097484995748,2.12103217332627
Train,2.3570244066971,2.35697453931355
Train,2.57917724510196,2.57908416933354
Train,2.78827183761761,2.78830101015704
Train,2.9857602457956,2.9852580274521
Train,3.17226676546705,3.17207066373451
Train,3.34898158544675,3.34863067795161
Train,3.51637211032389,3.51617359021769
Train,3.67542680844879,3.67507830687758
Train,3.8264965960216,3.82651184651989
Train,3.97041214690829,3.97010862409591
Train,4.10743686740182,4.10733410646501
Train,4.23827627485483,4.23818778431017
Train,4.36312736322162,4.36301652510086
Train,4.48259512680321,4.48257624456458
Train,4.59682571375125,4.59673062537625
Train,4.7063424534687,4.70625202459199
Train,4.81125227227238,4.81118236777841
Train,4.912011459775,4.9119086032217
Train,5.00869649437444,5.00843326814286
Train,3.74221786854835,3.74229979827144
Train,3.82759592391708,3.82764775317194
Train,3.91031966929254,3.91036362388625
Train,3.99051098941804,3.99055079841421
Train,4.06814015703655,4.06817641201563
Train,4.14360767996845,4.14364075383058
Train,4.21686628168486,4.21689433190407
Train,4.28801154544047,4.28801751101421
Train,4.35713361819891,4.35715658938282
Train,4.42431759170031,4.42435946746194
Train,4.48952252467707,4.48955058708018
Train,4.55307035924607,4.55305095803417
Train,4.61490826097532,4.61494992807205
Train,4.67510432947241,4.67509819027257
Train,4.73372309555121,4.7337427875202
Train,4.79082575198911,4.7908469773349
Train,4.84636690986774,4.84639339214048
Train,4.90061121442188,4.90064772018307
Train,4.95350491488309,4.95352198920885
Train,5.0050978331145,5.00511461383506
Train,2.12790953015028,2.128940785474
Train,2.35906158917739,2.35923094851681
Train,2.57705395297792,2.57731776315925
Train,2.78297930772664,2.78324287303188
Train,2.97781262592478,2.9779903932533
Train,3.16242660211071,3.16250627336488
Train,3.33760472175379,3.33791721741657
Train,3.50405237617955,3.50414139378266
Train,3.66240635607351,3.6626583595855
Train,3.81324299296503,3.81348838838606
Train,3.95695494556972,3.95720385575917
Train,4.09428398088022,4.09457320891236
Train,4.22552700135128,4.22587601604685
Train,4.35107980776958,4.35136931939199
Train,4.47130460822062,4.47160023650506
Train,4.58653350792196,4.58670621243003
Train,4.69707157285524,4.69725211924672
Train,4.80319952671123,4.80325118986296
Train,4.90517613135008,4.90531231838689
Train,5.00324029327474,5.00325838419233
Train,2.42575801110583,2.42545436589283
Train,2.51860536917424,2.51863058470483
Train,2.60921960482224,2.60923842790656
Train,2.69810539310535,2.69816990329057
Train,2.78510255816765,2.78509764343765
Train,2.870066605187,2.87003391331312
Train,2.95346695108527,2.95349407387333
Train,3.03495417042908,3.0346187110001
Train,3.11497623469144,3.11511137562705
Train,3.1933836937102,3.19314639509615
Train,3.27004072382629,3.26959975120483
Train,3.34536582016967,3.34500555991984
Train,3.4192156942979,3.41876004532171
Train,3.49145961481836,3.49098302833884
Train,3.56248946779936,3.56216803557912
Train,3.63200077714586,3.63159206936619
Train,3.70036910666572,3.69998771583344
Train,3.76746090138273,3.76709055071772
Train,3.83315360919314,3.83286809938293
Train,3.89780018236408,3.89707268915229
Train,3.84147967601678,3.84129347979909
Train,3.91874691650185,3.91890569512109
Train,3.99379963922919,3.99375905341661
Train,4.06673170295911,4.06671348904568
Train,4.13763173627338,4.13758032319604
Train,4.20658349687749,4.20660255684127
Train,4.2736662016842,4.27364653855623
Train,4.33895483041375,4.33897035323319
Train,4.40252040515677,4.40255618365266
Train,4.46443024809127,4.46440474213817
Train,4.52474821931997,4.52475105834604
Train,4.58353493659396,4.58365361064282
Train,4.64084797851232,4.640805625276
Train,4.69674207262926,4.69675943307378
Train,4.75126926976078,4.75126493789797
Train,4.8044791056577,4.8044801035205
Train,4.85641875110067,4.85641698717448
Train,4.90713315137299,4.90707876400414
Train,4.95666515597815,4.95668856499035
Train,5.00505563938889,5.00498454029296
Train,2.13093431136139,2.13087744119114
Train,2.36173253263277,2.36164213158848
Train,2.57960416579599,2.57969266806252
Train,2.78522381368925,2.78514303167251
Train,2.97995773098067,2.98001874082477
Train,3.16430526142737,3.16424654158184
Train,3.33940086214668,3.33939374551049
Train,3.50561446880442,3.50560637995589
Train,3.66375221540188,3.66373323932496
Train,3.81452904290541,3.8144689438843
Train,3.95817924027155,3.95822145047644
Train,4.09545203176414,4.09541667466986
Train,4.22651813315897,4.22651008605247
Train,4.3519060733678,4.35189060429841
Train,4.47208916050811,4.47208794998663
Train,4.58716968009763,4.58713945186467
Train,4.69767208671587,4.69767043927207
Train,4.80366586042009,4.80367361369938
Train,4.90561185767913,4.90558781660296
Train,5.0035541492979,5.0035648870464
Train,2.19008209802406,2.19113436138216
Train,2.28752949738916,2.28781393307802
Train,2.38249714478179,2.38308415874711
Train,2.47459700787344,2.47460058985528
Train,2.56418993112239,2.56467819926841
Train,2.65160444600734,2.65128554053738
Train,2.73647509780624,2.7366705382003
Train,2.81912628733712,2.81980314762698
Train,2.89985420627631,2.89956633152108
Train,2.9783145823319,2.97856133265234
Train,3.05480064598804,3.05528350366442
Train,3.12938599127602,3.12972986988027
Train,3.20233070358334,3.20218525853054
Train,3.27331658037968,3.273828764409
Train,3.34260186799083,3.34261278099369
Train,3.41042378539512,3.41052869467533
Train,3.47648211846914,3.47654375603018
Train,3.5410128529697,3.54108554842171
Train,3.60423327360308,3.60416278900014
Train,3.66585988561657,3.66603455338848
Train,-3.00972532222686,-3.00863712076604
Train,-2.77027516152536,-2.77038342844459
Train,-2.53798792711913,-2.53789862684132
Train,-2.31254694717572,-2.31266195886999
Train,-2.09365394545574,-2.09377359644784
Train,-1.88102772467469,-1.88097415941663
Train,-1.67440296135268,-1.67443965850614
Train,-1.47352910129147,-1.4735823077324
Train,-1.27816934601103,-1.27828099651449
Train,-1.08809972152453,-1.08808189194021
Train,-0.902674695665418,-0.902715548160605
Train,-0.722571847995917,-0.722525435616963
Train,-0.547155482550075,-0.547206519372385
Train,-0.376245027227549,-0.376245454834835
Train,-0.209669068984317,-0.209605966658974
Train,-0.0472647803921919,-0.0472863632465037
Train,0.111122611251297,0.111185793018403
Train,0.265640315901262,0.265700085750022
Train,0.416428437119278,0.416465400753832
Train,0.563620395776271,0.564281545436851
Train,3.17029914725127,3.17057554456117
Train,3.3047494477121,3.30508992025646
Train,3.43345762907231,3.43375343146111
Train,3.55678385305505,3.55718570758038
Train,3.67505877776957,3.67533770679368
Train,3.78858651816742,3.78872918463024
Train,3.89764725704139,3.89779319764714
Train,4.0024995537644,4.00332672987791
Train,4.10338239081813,4.10375389518525
Train,4.20051699220949,4.2007369722189
Train,4.29398576367971,4.29445742373285
Train,4.38422881043541,4.38540758815291
Train,4.47129586031017,4.47195517789735
Train,4.55535167712919,4.55574055840337
Train,4.6365498216616,4.63711746748889
Train,4.71503358788966,4.71586380205847
Train,4.79093684692594,4.7914874313967
Train,4.86438480903404,4.86479526038532
Train,4.93549471287743,4.93577355686578
Train,5.0043764499773,5.00441369395342
Train,2.12071369414638,2.12057643050432
Train,2.34870241554951,2.34870048796368
Train,2.56436405004535,2.56431823041133
Train,2.76867204799779,2.76868429944009
Train,2.96232299068296,2.96222493231401
Train,3.14646582700934,3.1464774876142
Train,3.32162366240465,3.32156285476524
Train,3.48843845168318,3.48840670612047
Train,3.64749241756996,3.64748843208074
Train,3.79931484014471,3.79929537473002
Train,3.94425499664599,3.94423070108972
Train,4.08302477317747,4.0830040841822
Train,4.21588794523717,4.21587071347606
Train,4.34321376788951,4.34319641268597
Train,4.46534134554679,4.4653424314631
Train,4.58258264775804,4.58256747029302
Train,4.69512166931357,4.6951022153364
Train,4.80343473072028,4.80342729446714
Train,4.90765950913735,4.90765569308062
Train,5.00802318580937,5.00798720916576
Train,2.12719927447224,2.1283480462291
Train,2.30685326115167,2.30680049541773
Train,2.48268867789443,2.48260710923135
Train,2.65482599077466,2.65514890397683
Train,2.82338065140398,2.82323374929477
Train,2.98846335515627,2.98836565216991
Train,3.15018028359814,3.15034784618841
Train,3.30863333224064,3.30847369379192
Train,3.46392032463882,3.46399562363443
Train,3.61613521378453,3.61629451136035
Train,3.76568200473302,3.76533538635634
Train,3.9120139441336,3.91198309428294
Train,4.055534430743,4.0556692029488
Train,4.19632371762419,4.19636933118748
Train,4.33445903219222,4.33415714846272
Train,4.47001471747151,4.47007711698755
Train,4.60306236551262,4.60285051185859
Train,4.7336709434715,4.73363414669732
Train,4.86190691281768,4.86188835688811
Train,4.98783434210451,4.98684938351583
Train,2.03977337980033,2.03972006369006
Train,2.11207904966116,2.11211916270916
Train,2.18344460985997,2.18345681462891
Train,2.25342893898317,2.25339269258186
Train,2.32252158183652,2.32266399181683
Train,2.39029459078425,2.39025690704805
Train,2.4572211976065,2.45725519770279
Train,2.52288606257122,2.52288521971716
Train,2.5877469169,2.58778255489163
Train,2.65140049378057,2.65143566833943
Train,2.71428978273273,2.7142580148495
Train,2.77602308378297,2.77603442446637
Train,2.8370293543787,2.8371028439062
Train,2.89692798236151,2.89691802816308
Train,2.9561345574659,2.95610546732426
Train,3.01427910166795,3.01434203122993
Train,3.07176445965856,3.07177270766918
Train,3.12823085761803,3.12824391250909
Train,3.18406897941634,3.18399183651421
Train,3.23892884777766,3.23889727106801
Train,1.82605402176371,1.82645672264264
Train,1.90392792857126,1.90261606551142
Train,1.98038557732879,1.97954157294155
Train,2.05591581690099,2.05596458368312
Train,2.13008960468624,2.13003174505068
Train,2.20338040846053,2.20235558269926
Train,2.27537115960175,2.27551201072422
Train,2.34652066864817,2.3455649054806
Train,2.41663300600877,2.4156426879956
Train,2.48552406234811,2.48493273032293
Train,2.55363191166574,2.55254683303722
Train,2.62056737302902,2.62052850141411
Train,2.68675548322066,2.68580421527734
Train,2.75201263230251,2.751861315671
Train,2.81616586172225,2.81577943898376
Train,2.87962172076681,2.87910492518425
Train,2.94201626748627,2.94157191992347
Train,3.00374440170931,3.00362864360361
Train,3.06445160527657,3.06423387964171
Train,3.12452162783985,3.12390079534019
Train,0.829690155850197,0.830576103896628
Train,0.915686692859388,0.91575800962094
Train,0.998760478063029,0.998623435021027
Train,1.07905802441517,1.07898644172676
Train,1.15671621319135,1.15699814386538
Train,1.23216855556595,1.23204995991839
Train,1.30491432142434,1.30498788115004
Train,1.37538145627047,1.37519728617483
Train,1.44367537027361,1.44360892265761
Train,1.50989507059576,1.50994822284631
Train,1.5741336402972,1.57422745267761
Train,1.63647867489251,1.63634691816626
Train,1.69701268086281,1.69704342438784
Train,1.75581343993658,1.75585994230208
Train,1.8129543425212,1.81277860323756
Train,1.86873103238866,1.86874955612732
Train,1.92275015972049,1.92297156693824
Train,1.97530643525357,1.97520475897475
Train,2.0264584867622,2.02633183192959
Train,2.07626185043145,2.0764619543945
Train,2.12059914974408,2.12045594597223
Train,2.34328037761278,2.34323480889655
Train,2.5549366972347,2.55490997424861
Train,2.75599889067898,2.7559307644726
Train,2.9474179653071,2.94738182199874
Train,3.13003855830087,3.13000589445731
Train,3.30413429750203,3.304096742758
Train,3.47044079606479,3.47042062390322
Train,3.6296152801069,3.6295904990104
Train,3.78182725424777,3.78180625542812
Train,3.92765751382965,3.92767675326761
Train,4.06749916250778,4.06748440637169
Train,4.20183703672248,4.20185814045474
Train,4.33075252997693,4.33076208726855
Train,4.45468129831863,4.4547032421426
Train,4.57401691742505,4.57405112465424
Train,4.68879861220041,4.68882781872092
Train,4.79938387393273,4.79941173920745
Train,4.9060969212841,4.90613436768693
Train,5.00894794641336,5.00901834309409
Train,2.11765116113951,2.11750356771811
Train,2.331076120331,2.33108760296748
Train,2.5350821757667,2.53503953038601
Train,2.73027938076781,2.73026570027217
Train,2.91722621861503,2.91720173535871
Train,3.09643493902598,3.09640388324554
Train,3.26837624540536,3.2683610007691
Train,3.43348342318464,3.43349104765296
Train,3.59215598548838,3.59213395464688
Train,3.74476290070689,3.74475422977342
Train,3.89178524844331,3.89177544191555
Train,4.03325450148473,4.03325213130595
Train,4.16960912000323,4.16959609335684
Train,4.30112154837743,4.30111494038213
Train,4.42804521861775,4.42806088865766
Train,4.55061618038728,4.55059295573595
Train,4.66905456615047,4.66908306101616
Train,4.78356591058269,4.7835518902459
Train,4.89434234087785,4.89434031279527
Train,5.00156365245528,5.00156500706656
Train,4.2984075219197,4.29814227435711
Train,4.34970196264881,4.35011464786224
Train,4.39988860711867,4.3997353886218
Train,4.44900295924065,4.44915724252426
Train,4.49707902180318,4.49681346268992
Train,4.54398707631752,4.54406009430316
Train,4.59008629395852,4.59003156939728
Train,4.63524088247894,4.63553765641266
Train,4.6794795823174,4.67917642716859
Train,4.72282997971035,4.72289758516056
Train,4.76531856405638,4.76524570753757
Train,4.806970781893,4.80695830744228
Train,4.84781108771691,4.84783816825368
Train,4.88786299186117,4.887717907902
Train,4.92714910562606,4.92721908881797
Train,4.96555815818128,4.96557722469809
Train,5.00337962345558,5.00341948685239
Train,5.04049808296363,5.04043461500553
Train,5.07693295687885,5.07679752315674
Train,5.11270295660467,5.11268021383806
Train,3.11238807213922,3.11255686595107
Train,3.16919694430401,3.16933704617552
Train,3.22492402378291,3.22492706683918
Train,3.28006627690833,3.28011969687143
Train,3.33440088330287,3.33453047275109
Train,3.38771829142044,3.3877169987529
Train,3.44049320797784,3.44062637350656
Train,3.49251174515677,3.49253239609537
Train,3.54357246262938,3.54451179043393
Train,3.59412928383372,3.59406219300875
Train,3.6439767440968,3.64463431310217
Train,3.69312966893727,3.69338395642192
Train,3.7413967519174,3.74121341907378
Train,3.78920627276411,3.78986715566064
Train,3.83636327141016,3.83633715832478
Train,3.88268356402146,3.88265027884993
Train,3.92857761543065,3.92900892798137
Train,3.97385783645987,3.9738206485665
Train,4.01834678893248,4.01856785789935
Train,4.0624382207582,4.06268781537731
Train,4.55922120239093,4.5600155510758
Train,4.72110733269788,4.721625227957
Train,4.87180306698566,4.87215054441843
Train,5.01268853560669,5.01296677170033
Train,5.144570098747,5.14459014546012
Train,5.2681703274234,5.26815760129032
Train,5.38445959846425,5.38432992775345
Train,5.49386587381854,5.4937600405094
Train,5.59717321056753,5.59707750650635
Train,5.69478749151531,5.69474156551517
Train,5.78708131723367,5.78700627188594
Train,5.87463998688025,5.87469156594237
Train,5.95774177529795,5.9576558619003
Train,6.03664538871303,6.03666098225879
Train,6.11180031203641,6.11177575467739
Train,6.18333462263282,6.18331358096769
Train,6.25163043831265,6.25164334630902
Train,6.31684219420673,6.31678784855397
Train,6.37911629093982,6.37910202041096
Train,6.43875761669118,6.43868584070081
Train,4.04506807141098,4.04512361238379
Train,4.10858879478827,4.10891280887084
Train,4.1701996903519,4.17016281734252
Train,4.23037661612313,4.2303174607034
Train,4.28897724916576,4.28923561130362
Train,4.34606272363447,4.34632220956267
Train,4.40150979637571,4.40149159864743
Train,4.45574060858136,4.45593807329281
Train,4.50862154227834,4.50868144118361
Train,4.56020237837136,4.56040144292931
Train,4.61036639081713,4.61042855613344
Train,4.65949076115278,4.65960660330459
Train,4.70745029988105,4.70756368305158
Train,4.75428595209553,4.7544236101305
Train,4.7998875163024,4.79997065740029
Train,4.84459415011638,4.84459374538276
Train,4.88828866414124,4.88857635417228
Train,4.9310050439588,4.93109722884331
Train,4.97263943418284,4.97266373022215
Train,5.01349853460424,5.01361545775147
Train,4.72294694016069,4.72316870279904
Train,4.75454734386273,4.75425421054318
Train,4.78575104926538,4.78578813556599
Train,4.81656547975132,4.81661396671846
Train,4.84699787463386,4.84688343819947
Train,4.87705529482699,4.87721659874226
Train,4.9067446283071,4.90658532177916
Train,4.93607259537537,4.9361645704332
Train,4.96504575372901,4.96508824487612
Train,4.99367050334968,4.99358952874466
Train,5.02208632702543,5.02208922207067
Train,5.05003127323255,5.05010643529679
Train,5.07764613853987,5.07753835545666
Train,5.10493673689893,5.10499324830674
Train,5.13190874651787,5.13202943817962
Train,5.15856771380009,5.15857005955625
Train,5.18491905714653,5.18470381158771
Train,5.21096807062713,5.21097345030214
Train,5.23671992752663,5.23685087786655
Train,5.26217968376971,5.26206208661027
Train,2.12825209006589,2.12871889218807
Train,2.37288651948368,2.37281714972344
Train,2.6015996243621,2.60162446550315
Train,2.81528600769792,2.81524195515815
Train,3.01595153015302,3.0159385844738
Train,3.20421201232764,3.20415816941316
Train,3.38169017706613,3.38166649823618
Train,3.54880712329803,3.54877890061401
Train,3.70667035232721,3.7066509829376
Train,3.85624211049127,3.85623220663477
Train,3.99775202123379,3.99773059088623
Train,4.13222031585773,4.13225877789157
Train,4.25979250843669,4.25973967502362
Train,4.38116010379978,4.38122579342528
Train,4.49693146052466,4.49692308264933
Train,4.60716695077571,4.60721777772344
Train,4.71255743600543,4.71257870720658
Train,4.81312507730122,4.81310110874186
Train,4.90947085848767,4.90951828927721
Train,5.00158892011668,5.00166283464135
Train,3.33837507438564,3.33334526550537
Train,3.46058512059142,3.45409358908294
Train,3.57758834194159,3.57480273231634
Train,3.68971055696617,3.68456565830932
Train,3.7970389887063,3.79281660578202
Train,3.90028120103303,3.8954646766026
Train,3.99946994956018,3.99495499780026
Train,4.09483935702305,4.09165011151274
Train,4.18660585657113,4.1837884612098
Train,4.27496983150741,4.27094337118545
Train,4.3599488657098,4.35576041808165
Train,4.44205784887757,4.44064334315338
Train,4.52128268956086,4.51833597586595
Train,4.5977727265908,4.59639136752524
Train,4.67166716352079,4.66906504885922
Train,4.74309591410339,4.74156366046302
Train,4.81204363813467,4.8093071648211
Train,4.87890171475166,4.87705391669372
Train,4.94363516172037,4.9417670893665
Train,5.00634367040845,5.00384994209456
Train,3.87523881948464,3.8756798987881
Train,3.95404801755029,3.95445999034494
Train,4.02974677351441,4.03068301450478
Train,4.10292194731429,4.10206594592749
Train,4.17350044387368,4.17361142425873
Train,4.2416180711961,4.24195545752375
Train,4.30721815852196,4.30665492017509
Train,4.37079114225444,4.37087895594889
Train,4.43225758817814,4.43219386752319
Train,4.49172049239818,4.49232614019568
Train,4.54911580420057,4.5484530979986
Train,4.60485973229656,4.60520067248147
Train,4.65887127083764,4.65899321452091
Train,4.71122994200335,4.71087301937153
Train,4.76186878193004,4.76191621060864
Train,4.81114564194774,4.8115568261703
Train,4.85898064890606,4.85878164166136
Train,4.90543617377345,4.9050439847408
Train,4.95044499285234,4.95033119125149
Train,4.9943182385265,4.99423260748447
Train,2.12311179524227,2.12289429895757
Train,2.36751726846775,2.36732084025355
Train,2.59550603933668,2.59538170781091
Train,2.80928385868297,2.80902855319003
Train,3.00985405698779,3.00962673647812
Train,3.19813614601615,3.19806279703992
Train,3.37573022364217,3.37556428783067
Train,3.54304395578921,3.54296907364117
Train,3.70139536231884,3.70177610468384
Train,3.85127174548446,3.85148639063412
Train,3.99313316542645,3.9938220681863
Train,4.12799027670336,4.12858052093655
Train,4.2561659178122,4.25642524991347
Train,4.37797035217499,4.37828409802317
Train,4.49419907105336,4.49413878830021
Train,4.60490884462151,4.60544470139505
Train,4.7107863806475,4.71073179133166
Train,4.81199606506584,4.81177699800103
Train,4.90870119118297,4.90838117019232
Train,5.0014615561532,5.0007548768401
Train,4.21460060524327,4.21509058635568
Train,4.27184610746874,4.27215900280064
Train,4.32756432777398,4.32773781237777
Train,4.38216518189821,4.38246811347492
Train,4.43533869979944,4.43559153441968
Train,4.48747402996703,4.48780609300159
Train,4.53827327651232,4.53852683819353
Train,4.58810638819991,4.58836024661216
Train,4.63668690777751,4.63693553947381
Train,4.68436699623143,4.68456735920993
Train,4.73087103717317,4.73099788836701
Train,4.77653467911823,4.77675871486938
Train,4.82109258463286,4.82139732650033
Train,4.86486504466356,4.86482588688453
Train,4.90759647274213,4.90790732817843
Train,4.94959285071009,4.94955673683874
Train,4.99060784704465,4.99059355336361
Train,5.03093408857086,5.03086297330013
Train,5.07033403274121,5.07022001483277
Train,5.10908782153109,5.1087170990206
Train,2.12263903924964,2.12350446128333
Train,2.35807015296182,2.35835274119311
Train,2.57974484642919,2.5801207163597
Train,2.78837739364784,2.78873193436014
Train,2.98530132159036,2.98572275453192
Train,3.17167952933067,3.17201879870047
Train,3.34794984921552,3.34823871800038
Train,3.51527966341244,3.51551543182652
Train,3.67398325661824,3.67415782993997
Train,3.82487657295672,3.82484683683581
Train,3.96868036886023,3.9686847674959
Train,4.10558113118152,4.10570829544234
Train,4.23620791477005,4.23631876400689
Train,4.36111986584978,4.36128221233887
Train,4.48042067206134,4.48058642230829
Train,4.59473184480475,4.59488518525471
Train,4.70411834186003,4.70422137945864
Train,4.80900732241856,4.80905882425507
Train,4.90978177642934,4.90974731163736
Train,5.00646528238212,5.00647657995726
Train,2.12978706987508,2.12963044544015
Train,2.36882069850899,2.36858658694039
Train,2.59261215430348,2.59250898353569
Train,2.80313151282221,2.80289938751524
Train,3.00099948610341,3.0008811639302
Train,3.18781862874191,3.18761217248469
Train,3.36402009506598,3.36386726616841
Train,3.53092731925708,3.5307629727424
Train,3.68904603490195,3.68889699882787
Train,3.83885289774519,3.83864949640268
Train,3.98136579636856,3.98114737929357
Train,4.11674306531189,4.11637023982551
Train,4.24585155992919,4.24491129512829
Train,4.36895225977064,4.36856156358338
Train,4.48629809260513,4.48542789036149
Train,4.59858307454001,4.5977259070962
Train,4.70584033135645,4.70521864684199
Train,4.80867487629262,4.80821342404236
Train,4.9070908218437,4.9065405657377
Train,5.0016197234077,5.00108184380518
Train,3.01705252024819,3.01696332986397
Train,3.12032357990782,3.12044077670292
Train,3.22038247139588,3.22032455813972
Train,3.31686011162121,3.31664189395745
Train,3.41044335856909,3.41026850277852
Train,3.50077652363319,3.50096572773621
Train,3.58849302349511,3.58757635838195
Train,3.67325055883843,3.67348455848626
Train,3.75541534497091,3.75513814844383
Train,3.83531783454091,3.83510602176032
Train,3.91263541315482,3.91207658529241
Train,3.98789265358023,3.98816102884232
Train,4.06077964596225,4.06089533149064
Train,4.1315955694541,4.13076121980996
Train,4.20061187697461,4.20082709883284
Train,4.26753690378768,4.26714417486003
Train,4.33281256516588,4.33307531784815
Train,4.39615877849211,4.39543646444802
Train,4.45798986844476,4.45755415027018
Train,4.51803684629886,4.51663637176101
Train,2.12435123144132,2.12398802614119
Train,2.38506153637641,2.384978312911
Train,2.62609199254129,2.62601490942982
Train,2.8490559046886,2.84830660844748
Train,3.05615884325127,3.05568452132068
Train,3.24903512992055,3.2475512008343
Train,3.42931825626768,3.42762928963132
Train,3.59779709538334,3.59669973808489
Train,3.75578404828765,3.75392106982256
Train,3.90422958107013,3.90309635598463
Train,4.04414122005214,4.04301399751351
Train,4.17591596121601,4.17547265920733
Train,4.30039365297306,4.29898789916408
Train,4.41816407872983,4.41720765948342
Train,4.52989011171437,4.52856695347803
Train,4.63576888778802,4.63453153918747
Train,4.73636936325297,4.73555762231556
Train,4.83207664209496,4.83125906132703
Train,4.92334980841375,4.92259211457643
Train,5.01027888515012,5.00940906161416
Train,3.11173865344614,3.11188216509184
Train,3.24201294778975,3.24231855360561
Train,3.36799787365329,3.36788383321912
Train,3.48990184544406,3.49009736759329
Train,3.60774586783278,3.60776041743814
Train,3.7220664898684,3.72205575028714
Train,3.83285550280785,3.83295949138049
Train,3.94027406583884,3.94029809290007
Train,4.04447367942224,4.04457433535866
Train,4.14559689820399,4.14563983085757
Train,4.24363292184211,4.2437742901959
Train,4.33900255930691,4.33903969550304
Train,4.43167584960844,4.43167810702219
Train,4.52176554790441,4.52188114683598
Train,4.6093782088937,4.60943639978289
Train,4.69461460724415,4.69464165270186
Train,4.77744741477016,4.7775190320019
Train,4.8582156134013,4.85824263798643
Train,4.93687878459299,4.93695546774982
Train,5.01351816340897,5.01350280220434
Train,3.11038299446124,3.11078307439241
Train,3.24251381050943,3.24251495665815
Train,3.37001630594949,3.37007843681134
Train,3.49312947838734,3.49312341382686
Train,3.61207614870286,3.61201048210135
Train,3.72689245643938,3.72710886474236
Train,3.8381220550937,3.83817717929126
Train,3.94576909947967,3.94573160710864
Train,4.05000393018696,4.05012261299928
Train,4.15098625732076,4.15095408777709
Train,4.24886597703618,4.24901662886917
Train,4.34378391394922,4.343674534349
Train,4.43587249715733,4.43598153334754
Train,4.5252563766945,4.52531943243887
Train,4.61205298645539,4.61203947113175
Train,4.6962467383612,4.69629666767217
Train,4.77819830456011,4.77812906699476
Train,4.8578763944213,4.85794067948812
Train,4.93537431881503,4.93531736998487
Train,5.01078035115356,5.01076641620532
Train,2.12717572834508,2.12741704363655
Train,2.34656196174529,2.34655228249833
Train,2.55533954832282,2.55541889373419
Train,2.75425981062326,2.75429741204355
Train,2.9440047608186,2.94402240745988
Train,3.12495162852631,3.12504616158479
Train,3.29816338632991,3.29822091427489
Train,3.46390243918338,3.46398334638728
Train,3.62264215738028,3.62278054280544
Train,3.77481675614259,3.77483873462118
Train,3.92082526201542,3.92088749067191
Train,4.06103500668285,4.06112011847584
Train,4.19578471261601,4.19584632832923
Train,4.32538722512265,4.32550064272003
Train,4.45013193718625,4.45013792729808
Train,4.57012493075912,4.57023038873306
Train,4.68594476426799,4.68596838438973
Train,4.79765438822268,4.79777551039227
Train,4.90546878245043,4.90549144820691
Train,5.00958819131908,5.00940705087053
Train,3.8077383077291,3.80687540690199
Train,3.88956870088414,3.88934237331999
Train,3.96883780908673,3.96832607349937
Train,4.04586049738461,4.04445312372921
Train,4.12034912875369,4.1192065737698
Train,4.19261091250044,4.19149129086075
Train,4.26274423583776,4.26130739005678
Train,4.330841774137,4.32987518620142
Train,4.39716025110821,4.39505688492793
Train,4.46143866296428,4.46081699781574
Train,4.5239291575605,4.52092957057105
Train,4.58470530859315,4.58254323739969
Train,4.64398821207787,4.64319291995273
Train,4.70153671594073,4.6990830718198
Train,4.75756890434818,4.75661996759593
Train,4.8121439269539,4.8119065156636
Train,4.86531789642492,4.8631067441231
Train,4.91727698397285,4.91705898544317
Train,4.96780267936954,4.9626935913286
Train,5.01707941296385,5.01529562632571
Train,2.12451639919632,2.12443201288191
Train,2.37095652419414,2.37080983364943
Train,2.60086088926851,2.60075701180106
Train,2.81583975804045,2.81622023220482
Train,3.01702488381918,3.0169838529175
Train,3.20622096492552,3.20721209657425
Train,3.38422383841342,3.38539045165747
Train,3.55199828304379,3.55269965384944
Train,3.71040129767525,3.71096625428911
Train,3.86019674307784,3.86107296536941
Train,4.00187229445328,4.00229681878339
Train,4.13644125644717,4.13698035919081
Train,4.26424865589965,4.26469249091245
Train,4.38579161654852,4.38633750716984
Train,4.5015196951498,4.50199896333218
Train,4.61184043783561,4.61206043757123
Train,4.71697865411628,4.71736501744747
Train,4.81756907862544,4.81791285631628
Train,4.91376716590751,4.91392617934182
Train,5.00585445987398,5.00589957450141
Train,3.80662470609681,3.80587782080623
Train,3.88834139484332,3.88749454645515
Train,3.96752945990506,3.96785772385486
Train,4.04430448083083,4.04379239072226
Train,4.11877509892742,4.11853743877075
Train,4.19123039931236,4.19154000697675
Train,4.26138749685472,4.26114642368268
Train,4.32952962685583,4.32978198394924
Train,4.39574236757914,4.39539853628888
Train,4.46010651877933,4.46020157835958
Train,4.52269843063781,4.52273131363402
Train,4.58359030589586,4.58352251404652
Train,4.64285047769928,4.64274771500571
Train,4.70054366540238,4.7004991333881
Train,4.75673121034444,4.75677256866332
Train,4.81161311274734,4.81154095515306
Train,4.86495737130899,4.86495543223939
Train,4.91696197120851,4.91692130531303
Train,4.96767675181377,4.96763602199574
Train,5.01714911054099,5.01693798083509
Train,3.88622426022213,3.88600617462292
Train,3.96164668389391,3.95988812000653
Train,4.0348601358272,4.03075490178092
Train,4.10596025994981,4.10362061444469
Train,4.17503725716661,4.16463798429252
Train,4.24236220699547,4.24018353398354
Train,4.30763854938547,4.30273239650635
Train,4.37113357939236,4.36637118468864
Train,4.43291923031841,4.42970273411195
Train,4.49306361380875,4.49114050307183
Train,4.55163127031993,4.54850929457391
Train,4.60868340014465,4.60686788055612
Train,4.66427807673126,4.66303713580349
Train,4.71847044386108,4.71722257706572
Train,4.77131289809084,4.76998720890627
Train,4.8229982536463,4.82188369223443
Train,4.87328446117769,4.87137650110092
Train,4.92236321499513,4.91793346387861
Train,4.9702774885615,4.96790465309753
Train,5.01706824000553,5.0137124220157
Train,3.80644674670169,3.80665203620741
Train,3.88847600875965,3.88838974788016
Train,3.96773063373205,3.96785753318475
Train,4.04474016867335,4.0448829941008
Train,4.1194079399054,4.11942534805278
Train,4.19183916285478,4.19178739641505
Train,4.26195387879296,4.26188972286694
Train,4.33020842950115,4.33007101119004
Train,4.39650636424915,4.39639199822271
Train,4.46093062803061,4.46083142058635
Train,4.52339996024945,4.52325662939186
Train,4.58431189892117,4.58419479208099
Train,4.64357233269813,4.64347358530288
Train,4.70124752908323,4.70118940126779
Train,4.75725706973349,4.75720736695733
Train,4.81195053374266,4.81191702564613
Train,4.86523732333805,4.86521356993692
Train,4.91717101741401,4.91713189415098
Train,4.96767331329048,4.9676613046606
Train,5.01705415131406,5.01692175195715
Train,3.88561095913345,3.88501445209043
Train,3.96119177124388,3.96115813394429
Train,4.03473624895416,4.03448917120771
Train,4.10593930375339,4.10565237626654
Train,4.17509750447742,4.17477164593877
Train,4.24247968764583,4.24232734935434
Train,4.30779880974293,4.30761803971766
Train,4.37131959580068,4.37084483720831
Train,4.43328276073025,4.43283755121159
Train,4.49341826626526,4.49300423120369
Train,4.55196386760316,4.55158823271197
Train,4.60898179459056,4.60844606378235
Train,4.66468170843888,4.66430355402484
Train,4.71881455058613,4.71842447347374
Train,4.77158811550613,4.77115363858614
Train,4.82319259471207,4.8229555199134
Train,4.8733934161917,4.87310525708674
Train,4.92237948905449,4.92181753475527
Train,4.97032416257258,4.97014710226652
Train,5.0170063243159,5.0164794831537
Train,2.04995207767634,2.05040891771862
Train,2.36853908008567,2.36840297294769
Train,2.65218403000353,2.65203711630532
Train,2.90697799059126,2.90698618315148
Train,3.13681895400483,3.13671226222435
Train,3.34493759146171,3.34487452013057
Train,3.53475567764635,3.53472541192898
Train,3.70814353059593,3.70805871120613
Train,3.86755159856861,3.86756133689344
Train,4.01441735876953,4.01435226806573
Train,4.14999157374313,4.14995843544896
Train,4.27585004088018,4.27585268757614
Train,4.39285082733998,4.39280754790455
Train,4.50175732771425,4.50175323952065
Train,4.60364289826535,4.60364383049021
Train,4.69891970599052,4.69888269950682
Train,4.78844078951357,4.78842694021953
Train,4.87260377911667,4.87258581091667
Train,4.95177352323288,4.95177182733753
Train,5.02657446774441,5.02654872411879
Train,3.79776981423491,3.79861659675883
Train,3.87866391563431,3.87899500217757
Train,3.95733255148876,3.95768299602353
Train,4.03349598599817,4.03399246592674
Train,4.10745087021112,4.10785631739348
Train,4.17946630826417,4.17978272848198
Train,4.24927794713938,4.24954893701873
Train,4.31731451379763,4.3175465859051
Train,4.3833215856408,4.38353064800979
Train,4.44754411235117,4.44768486531323
Train,4.51020540375935,4.51050199297536
Train,4.57106532148577,4.57127067390614
Train,4.63034402714585,4.63061270635738
Train,4.68824278619348,4.68839656218118
Train,4.74453495022828,4.74473329168107
Train,4.79955297006165,4.79974220972074
Train,4.85307873738572,4.85328529117326
Train,4.90529873932715,4.90542184059016
Train,4.95638418598853,4.95649930588045
Train,5.00612909016259,5.00627993664169
Train,4.42407979305922,4.42414622381623
Train,4.46691166169733,4.46705814461823
Train,4.50912477111424,4.50918798670976
Train,4.55044429854992,4.55034713784265
Train,4.59117995517835,4.59126760633374
Train,4.63106584876699,4.63095882120909
Train,4.67040028310135,4.67058550423028
Train,4.7089258818307,4.70886189903761
Train,4.74679841304018,4.74672248290811
Train,4.78416389339247,4.78427437464709
Train,4.82077698868006,4.82076121648354
Train,4.85691013934685,4.85698777695073
Train,4.89232559324423,4.89219258444721
Train,4.92716514174534,4.92713727775047
Train,4.9615620179239,4.96168922736181
Train,4.9952892112185,4.99531576965385
Train,5.02859656183774,5.02849368303871
Train,5.06126383485798,5.06127276561095
Train,5.09353261837211,5.09360036851943
Train,5.12518916146475,5.12509922638422
Train,3.30379708995377,3.30221159488722
Train,3.37063607511235,3.37009730176144
Train,3.43594095318669,3.43597243785846
Train,3.50021101875945,3.4984384473821
Train,3.56324967428117,3.56255257209271
Train,3.62487627902781,3.6244954974711
Train,3.68555999675628,3.68362640658527
Train,3.74511346377582,3.74428781569734
Train,3.80336403233353,3.80253956746968
Train,3.86075342218445,3.85989219462429
Train,3.91710293691303,3.91613676623022
Train,3.97244058600369,3.97095293787718
Train,4.02660369597233,4.02522847800649
Train,4.08000102968489,4.07928510286295
Train,4.13246463090554,4.13172564077034
Train,4.18383881813632,4.18282906675015
Train,4.23451003727776,4.23361243621842
Train,4.28431781539126,4.28372669056555
Train,4.33311307090034,4.33264446393444
Train,4.38126173574197,4.38089079558197
Train,2.12773036473068,2.12749728961283
Train,2.3649065243032,2.36447079511639
Train,2.58760154553829,2.58709002671388
Train,2.79710239047386,2.79670322862442
Train,2.99454790960518,2.99396338095833
Train,3.18094955298383,3.18050598919147
Train,3.35720870051651,3.35654519886814
Train,3.52413123825805,3.52355153284882
Train,3.68243987811222,3.68181952249072
Train,3.83278461826202,3.83159580243521
Train,3.97556294397721,3.97454535513246
Train,4.11169127601103,4.110753365788
Train,4.24145180712177,4.24102776087168
Train,4.36528113452564,4.36391493109043
Train,4.48357683453216,4.48296245297682
Train,4.59670172663849,4.59578505862667
Train,4.70498759042142,4.70414835413906
Train,4.80873841543619,4.80835946186492
Train,4.90823325117055,4.90748392659519
Train,5.00372871332178,5.00248028054851
Train,2.94396057417874,2.94460288970661
Train,3.02904204492581,3.02936124116534
Train,3.11249314466046,3.11273779663973
Train,3.19385305171646,3.19570072559075
Train,3.27369338257743,3.2738049555803
Train,3.35157067143682,3.35285281926847
Train,3.42802961105894,3.42937465516955
Train,3.50264320083869,3.50367749282962
Train,3.57570375000409,3.57739380625865
Train,3.64748194003505,3.64893851934105
Train,3.71757390075242,3.71836932416702
Train,3.78646493188244,3.78783033028524
Train,3.85376562625473,3.85509807744095
Train,3.91973486482703,3.92138474434544
Train,3.98461316037663,3.9857063007323
Train,4.0480314553435,4.04906400547336
Train,4.11042501092023,4.11157207623112
Train,4.17143751496782,4.17233529205553
Train,4.23148638807138,4.2324228350328
Train,4.29022744655551,4.2907149770683
Train,2.12761174416641,2.12822573081506
Train,2.36279442088078,2.36316502855991
Train,2.58395732298534,2.58441957178659
Train,2.79231779223193,2.79263205682512
Train,2.98895619854973,2.98942814566474
Train,3.17508165318044,3.17532257813876
Train,3.35104687070944,3.35164349435511
Train,3.51788324992824,3.51831551999133
Train,3.67628321749673,3.67671410751721
Train,3.82687089911298,3.82771050256927
Train,3.970210338345,3.97106017155168
Train,4.10681255656116,4.10732587439928
Train,4.23714164022874,4.23741163727321
Train,4.36162000840189,4.36240966625995
Train,4.48063298638124,4.48101094875094
Train,4.59468504368087,4.59524631389943
Train,4.70378792393856,4.70431772122104
Train,4.80839661537336,4.80855717340749
Train,4.90878320246356,4.90920600898901
Train,5.0051982409802,5.00518421705349
Train,2.12564260553235,2.12555983462083
Train,2.3692842087651,2.36914825891948
Train,2.5970195011085,2.59691160382429
Train,2.81035692451563,2.81005610794021
Train,3.01062003217446,3.01012424293297
Train,3.19897497342765,3.19823793052567
Train,3.37645321728042,3.37590469365316
Train,3.54397044982052,3.5433347135215
Train,3.702342376625,3.70141199411885
Train,3.85229800582354,3.85165900458672
Train,3.99449086828511,3.99379982933463
Train,4.1295085392597,4.12876150840678
Train,4.25788075407853,4.25750115918275
Train,4.38008635429281,4.37921464327449
Train,4.49655925627669,4.49563335113929
Train,4.60769359911385,4.60720418139975
Train,4.71384820047982,4.71301250275722
Train,4.81535042666837,4.81402481802364
Train,4.91249956470073,4.9118029210724
Train,5.00556976968764,5.00394435528799
Train,2.12332372125674,2.12356741895494
Train,2.35597412277977,2.35594160078402
Train,2.57527205640544,2.57558532221376
Train,2.78233495980589,2.78206834730302
Train,2.97793134939884,2.97788338952453
Train,3.16341918459217,3.16351992294879
Train,3.33935720074798,3.33973614445788
Train,3.50646439603735,3.50663346579607
Train,3.66538935861286,3.66568564928387
Train,3.81671867952971,3.81738032661017
Train,3.96081584539365,3.96116279360943
Train,4.09850844309289,4.09890370194555
Train,4.23006024014663,4.23041143028898
Train,4.35587307616933,4.35602456011768
Train,4.47631447861992,4.4769068251437
Train,4.59172124855168,4.59202288692471
Train,4.70227307418351,4.70241090367856
Train,4.80851856973015,4.80853450351354
Train,4.91058478884492,4.91058885949972
Train,5.00871356929856,5.00848441523633
Train,2.13048260114339,2.1304282940175
Train,2.36141822993024,2.36129530260153
Train,2.57944345882077,2.57919751390294
Train,2.78512743558809,2.78488664027393
Train,2.97971772296535,2.97962455703167
Train,3.16430534752431,3.16388144457526
Train,3.33922968627402,3.338585473218
Train,3.50562174580382,3.5051136148388
Train,3.66371758572177,3.66248959075822
Train,3.81430002114748,3.81271647069955
Train,3.95806182042704,3.95715673606831
Train,4.09513188791548,4.09357498803659
Train,4.22612142233379,4.22538848621046
Train,4.35157447540485,4.35019294946617
Train,4.47155056615015,4.47083722294995
Train,4.58667274847743,4.5860257772649
Train,4.69696821929686,4.69599413543549
Train,4.80285956120148,4.80243617072049
Train,4.90472601682359,4.90378142591292
Train,5.00256052426806,5.0011378282936
Train,4.29923127466113,4.29942165429314
Train,4.37593472586425,4.37612200622173
Train,4.45007638384635,4.45030559000518
Train,4.52208960493034,4.5220119753569
Train,4.59191509940888,4.59191188904809
Train,4.65950632982142,4.65982040254969
Train,4.72524942079411,4.72497958472307
Train,4.78908225473821,4.78940576496755
Train,4.85095431879322,4.85146698060928
Train,4.91121191789884,4.91109853292731
Train,4.96979172171991,4.96994845740049
Train,5.02676284216546,5.02684800567225
Train,5.08207203793809,5.08183998357638
Train,5.13602154890217,5.13608344539464
Train,5.18854810300832,5.18817214139492
Train,5.23959773178527,5.23966188249981
Train,5.28944500655008,5.28941934579346
Train,5.33802752592299,5.33800964712575
Train,5.38529136179834,5.38511719649908
Train,5.43148710977632,5.43109927780754
Train,3.80440535788305,3.80488895289384
Train,3.88609514022405,3.88632387773689
Train,3.96528315492449,3.96541668008943
Train,4.04208259449204,4.04189510953004
Train,4.11659992436134,4.11716061912669
Train,4.18893537531834,4.18922474214126
Train,4.25918339329396,4.25906397566653
Train,4.32743305077164,4.32763162134072
Train,4.39376842357708,4.39376117122377
Train,4.45826893640157,4.45851266498651
Train,4.52100968004451,4.52104767593049
Train,4.58206170303944,4.58226387944454
Train,4.64149228004463,4.64159176535325
Train,4.69936515912984,4.69944674377551
Train,4.75574078987013,4.75578802864696
Train,4.81067653396255,4.8108161977136
Train,4.86422685990817,4.86431292568453
Train,4.91644352314866,4.91644532792564
Train,4.96737573290946,4.96735046277466
Train,5.01707030688033,5.01700367997476
Train,3.80280800392127,3.80446733389838
Train,3.88500313680383,3.88599446070223
Train,3.96462254200146,3.96529170314464
Train,4.04178542414326,4.04228919014643
Train,4.11660374389121,4.11708750216642
Train,4.18918275996791,4.18939968401831
Train,4.25962152323343,4.26032293766842
Train,4.3280133276884,4.32808275679347
Train,4.39444612272151,4.39466875988658
Train,4.45900289043215,4.45904753480066
Train,4.52161773197884,4.52166477192007
Train,4.5826571574904,4.58301884769683
Train,4.64204285768417,4.64202288031741
Train,4.69984114025796,4.70030621890258
Train,4.75611481476927,4.75591681662557
Train,4.810923420318,4.81096047841786
Train,4.8643234356747,4.86423866394328
Train,4.91636847341338,4.91664446745493
Train,4.96710945945157,4.96701104993484
Train,5.01659479926165,5.016344922343
Train,1.44204620238152,1.44257301943001
Train,1.54499419923156,1.54595520016231
Train,1.64543580189771,1.64548992550702
Train,1.74346144137553,1.74364468732459
Train,1.8395167720947,1.84018511395991
Train,1.9329564411699,1.93311565286715
Train,2.02422693088534,2.02440040629083
Train,2.1134029099952,2.11370249047034
Train,2.20055565907522,2.20084348905514
Train,2.28575326054506,2.28575262759407
Train,2.36937400784446,2.37003747388301
Train,2.45084680904313,2.45102605583018
Train,2.53055145851384,2.5310446530559
Train,2.60854489795918,2.60869786129772
Train,2.6848816500424,2.68540937105284
Train,2.75961394549668,2.75990701016347
Train,2.83306718070384,2.83353327406733
Train,2.90473303721677,2.9049949732573
Train,2.97493870467927,2.97561573546703
Train,3.04372835998313,3.04460942570152
Train,2.12339852599247,2.12591611069659
Train,2.37271606636546,2.37477792659704
Train,2.6051295613652,2.60687895549129
Train,2.82173155304113,2.82403401320992
Train,3.02434872715534,3.02585153137555
Train,3.21429311425399,3.21588096878916
Train,3.39295298198351,3.39482002888983
Train,3.56086107035745,3.56172749428081
Train,3.71916840218757,3.71977922000154
Train,3.86867552762641,3.869432615945
Train,4.01028359872553,4.01079210979808
Train,4.14424724555703,4.14473306786315
Train,4.27133734096803,4.27189594188097
Train,4.39206966622313,4.39245003322069
Train,4.50706208430027,4.50745186339484
Train,4.61642365268879,4.61691056267521
Train,4.72069636620039,4.72115075393524
Train,4.82022734355424,4.82062313396021
Train,4.91545935003735,4.91589896218214
Train,5.0064226522255,5.00663709408694
Train,2.12910230615172,2.13095951939179
Train,2.38291006667188,2.38272574461301
Train,2.61827066256745,2.61695942474692
Train,2.83741639544739,2.83762194175436
Train,3.04142214561449,3.04156614770475
Train,3.23205864293634,3.23199807563945
Train,3.4105983963277,3.40988900721571
Train,3.57815738802642,3.57761157120988
Train,3.7359295471496,3.73484156091147
Train,3.88434948784635,3.88384047666407
Train,4.02441245639959,4.02371888195487
Train,4.15680495054935,4.1561319612549
Train,4.28230877565294,4.28193102203589
Train,4.40112793004536,4.40075372923023
Train,4.51393418368952,4.51359769979829
Train,4.62117270132084,4.62104144267435
Train,4.72324576235384,4.7228830147353
Train,4.82064899338996,4.82045884162947
Train,4.9134449975405,4.91323345734348
Train,5.00207252958786,5.00172595099796
Train,2.11638447506989,2.12163075302235
Train,2.36806330015287,2.37042987278913
Train,2.60208647853893,2.60536184456508
Train,2.82024890795233,2.82326110949655
Train,3.02411016473525,3.0261774425919
Train,3.21503184491851,3.21723920220686
Train,3.39420801361869,3.39738119044271
Train,3.56269020239473,3.56534215651775
Train,3.7214080604634,3.72384064665242
Train,3.87118651652451,3.87248943593952
Train,4.01276012021567,4.01469516031214
Train,4.14678508952929,4.14789522892463
Train,4.27384948118426,4.27437437299452
Train,4.39448181651128,4.39519978759493
Train,4.50915842973614,4.51064999902085
Train,4.61830975410945,4.61948389454049
Train,4.7223257207859,4.7232541044825
Train,4.82156041319686,4.82245236868332
Train,4.91633609400439,4.9169420955361
Train,5.00694670114171,5.00694752169805
Train,2.73194750145983,2.73233079363784
Train,2.83756888193852,2.83763652976561
Train,2.94019821728092,2.94006431701858
Train,3.03996086994695,3.03989679834488
Train,3.13697529551304,3.1369440967894
Train,3.23162571138575,3.2316713905668
Train,3.32346648187123,3.32308209814003
Train,3.41287774329284,3.41283856386802
Train,3.49995464068828,3.50000980689149
Train,3.58478741498906,3.58472576680218
Train,3.66746171496911,3.66753395019553
Train,3.74805888568102,3.747894474581
Train,3.82665623542172,3.8266655336149
Train,3.90332728306944,3.90295642875501
Train,3.97814198745518,3.97818518953793
Train,4.05137792223462,4.05112309906256
Train,4.12267166838888,4.12245623074999
Train,4.19229981504695,4.1921659653119
Train,4.26032005709038,4.26005457764334
Train,4.32678745515108,4.32616849445842
Train,4.42433949203684,4.42535776976659
Train,4.46726370337328,4.46677683997698
Train,4.50941354452157,4.50937132453258
Train,4.55080978308231,4.55140847189908
Train,4.59147245062257,4.59153322397763
Train,4.63142087499709,4.63142065120995
Train,4.67067371098119,4.67071068696462
Train,4.7092489693173,4.70917887690596
Train,4.74716404427015,4.74730039510107
Train,4.78443573977929,4.78448495360429
Train,4.82120060968204,4.82115090849332
Train,4.857231720581,4.85729264427139
Train,4.89266661349976,4.89262187553616
Train,4.92751996570969,4.92751608172623
Train,4.9618059766503,4.96183659509846
Train,4.9955383872175,4.99553679806852
Train,5.02873049812514,5.02878600385086
Train,5.06139518739115,5.06146865902631
Train,5.09354492699682,5.09357439729431
Train,5.12519179876422,5.1251301112636
Train,4.31090793132855,4.30991554156138
Train,4.36374862530706,4.36290392374142
Train,4.41544374948998,4.41497272311902
Train,4.46603015778154,4.4660450714466
Train,4.51554314003183,4.51378668880646
Train,4.56388176850847,4.56396016800793
Train,4.61135070252854,4.60993858537698
Train,4.65784340604492,4.65710720454738
Train,4.70338968779305,4.70323301738902
Train,4.74801815514197,4.74711376735216
Train,4.79175627401314,4.7907615401484
Train,4.83463042524858,4.83390550399711
Train,4.87666595767126,4.87578108005548
Train,4.91788723806207,4.91741119254514
Train,4.95831769826044,4.95772471959138
Train,4.99786952455175,4.99716482969891
Train,5.03678718722075,5.03654928140825
Train,5.07497908978046,5.07443786445513
Train,5.11246534630136,5.11181257825158
Train,5.14926533438925,5.14895398583688
Train,4.308190724255,4.30866447269657
Train,4.3521783700908,4.35220170453543
Train,4.39537752787371,4.39567030675537
Train,4.4378092100058,4.43798711131169
Train,4.4794936888508,4.47971472077118
Train,4.52058585633077,4.5208086220948
Train,4.56083161368657,4.5609689170153
Train,4.60038691902989,4.60059238596589
Train,4.63926938922814,4.63939018468157
Train,4.67749604687772,4.67783857339166
Train,4.71508334515268,4.71514853156553
Train,4.7520471914169,4.75212097681217
Train,4.78840296967105,4.78863926240886
Train,4.82416556190072,4.82409495922841
Train,4.85934936838812,4.85941896788357
Train,4.89408279421208,4.89403129550849
Train,4.92814858322893,4.92823482373499
Train,4.96167612876043,4.96156159729729
Train,4.9946780872855,4.99465853341028
Train,5.02716672155627,5.02716296273068
Train,3.00160651401106,3.00585629326381
Train,3.15463679628811,3.1581488104923
Train,3.30007029819874,3.30287585589324
Train,3.43869343102216,3.44127436390338
Train,3.57052615090931,3.57324267918669
Train,3.69626818327652,3.6984905860147
Train,3.81633208380699,3.81850012817379
Train,3.93109397132671,3.93219438071467
Train,4.04108396939694,4.04244254475564
Train,4.14623581497797,4.14753521772875
Train,4.24703279551337,4.24838381740777
Train,4.34373995773457,4.34469715353337
Train,4.43675927405157,4.43773477553917
Train,4.52599357082417,4.52657080900756
Train,4.61181503568939,4.61268599128673
Train,4.69441578427859,4.69513471525645
Train,4.77397377833914,4.77442120390991
Train,4.85078481946625,4.85163007225058
Train,4.92473623450318,4.92523884938712
Train,4.99610622931943,4.99685771662119
Train,0.997575222013758,0.998546195899716
Train,1.16186758910368,1.16223523748634
Train,1.32074799826293,1.32055813022019
Train,1.47366138911936,1.47374960042292
Train,1.62172490413065,1.62195645858012
Train,1.7644018410866,1.76417827897897
Train,1.90271667770345,1.90253379289355
Train,2.03615169078058,2.03655091919721
Train,2.16530458872005,2.16541721860925
Train,2.29071273714249,2.29004043033931
Train,2.4118870891156,2.41185657631943
Train,2.52966583099353,2.5299848261195
Train,2.64357876846181,2.64300729161844
Train,2.75410785744556,2.75390880043345
Train,2.86168895070688,2.86177012612391
Train,2.96587925882376,2.96619020207366
Train,3.0673778286487,3.06667642969044
Train,3.16575941829679,3.16598012688267
Train,3.26167710851068,3.26154525891182
Train,3.35472254747568,3.35491615621434
Train,3.11903672464875,3.11829624298046
Train,3.26469583275668,3.26438728510332
Train,3.4027201251646,3.40238944709857
Train,3.53415755936693,3.53367406030086
Train,3.65924732761896,3.65886331226941
Train,3.77822795870944,3.77785040761885
Train,3.89193758405085,3.89143266715403
Train,4.00033447689783,4.0000511395185
Train,4.10414919275386,4.10374407221318
Train,4.20349002559976,4.20335987897418
Train,4.29847163878961,4.29763368560746
Train,4.38969750662139,4.38916693375652
Train,4.47723057370719,4.47659710737865
Train,4.56114162020212,4.56084910414504
Train,4.64193705712467,4.6407877975282
Train,4.71951117742665,4.71876833759527
Train,4.79431800787612,4.79360281443881
Train,4.86637477917787,4.86584248303482
Train,4.93570706635376,4.93484416034264
Train,5.00270422355668,5.00117856312066
Train,2.16876670265954,2.16898559648983
Train,2.43537916696171,2.43517677010025
Train,2.67931790010512,2.67905449084649
Train,2.90292346700431,2.90268551286429
Train,3.10903604531345,3.10882206873724
Train,3.29926082160365,3.2990474500941
Train,3.47570979101645,3.47556911979266
Train,3.63950735375726,3.63937027431096
Train,3.79226492423301,3.79214011186489
Train,3.93478337966086,3.93464370593504
Train,4.0683197627375,4.06823937197553
Train,4.19345188202423,4.19334675001958
Train,4.31117944973751,4.31112552678972
Train,4.4219232426661,4.42185238820023
Train,4.52649190421331,4.52645073694951
Train,4.62519368350649,4.62518514368569
Train,4.71869254049011,4.71869005604024
Train,4.80721484657521,4.80719849916862
Train,4.89131307272175,4.89131051725347
Train,4.97115322691084,4.97115072031668
Train,2.12940269889565,2.12942839992614
Train,2.35953685250925,2.35956222904063
Train,2.57652258375496,2.57655697144149
Train,2.78192907181291,2.7819535171868
Train,2.97643410182638,2.97647643616367
Train,3.16066994155131,3.16067374402267
Train,3.33583370480199,3.33588524733862
Train,3.50219360252866,3.50218815449555
Train,3.6607639709942,3.66079726072278
Train,3.81190399768766,3.8119357275966
Train,3.95595681914466,3.95594093616021
Train,4.09372879004296,4.09376762462419
Train,4.22546880089746,4.22544831648996
Train,4.35141812517153,4.35143119623465
Train,4.47223072861984,4.47227465474792
Train,4.58794513229911,4.58784414832119
Train,4.69913564763078,4.69927519986525
Train,4.80593807049328,4.80594098241566
Train,4.90848769987926,4.90836376443915
Train,5.00726329210842,5.00713155409469
Train,2.13549878782615,2.13616292636582
Train,2.36261445382408,2.36266982798336
Train,2.57706670235827,2.57690636016126
Train,2.78036122066628,2.77986448928571
Train,2.97289495250553,2.97261902124886
Train,3.15592876567196,3.1557507404825
Train,3.32974047258084,3.32954120476937
Train,3.49539823950988,3.49525357659443
Train,3.6532770662603,3.65339767303451
Train,3.80373540381063,3.80370409590908
Train,3.94762223590932,3.94775875591879
Train,4.08503514632217,4.0851041487724
Train,4.21671091636138,4.21687678785313
Train,4.34285280547558,4.34295734229748
Train,4.46366010513296,4.46376633203838
Train,4.57973738250479,4.57992089927505
Train,4.69109415890515,4.69120755883999
Train,4.79826506057782,4.79842091058093
Train,4.90123842129323,4.9012704238987
Train,5.00049004351434,5.00045350806907
Train,3.43233189858258,3.43214967225434
Train,3.54297691166042,3.54293334144243
Train,3.6494692081052,3.64948692524488
Train,3.75222680270983,3.75207389084174
Train,3.85107875250637,3.85079732154848
Train,3.94641845689116,3.94608336672102
Train,4.03842983551685,4.03802683127217
Train,4.12728418700284,4.12723723615566
Train,4.21329931753722,4.21317398281392
Train,4.29630304238441,4.29594760731127
Train,4.37659828816552,4.37658309554466
Train,4.45431549648567,4.45401950815288
Train,4.52971557309727,4.5298577458518
Train,4.60263141578898,4.60260360902178
Train,4.67331378365666,4.67308851597702
Train,4.74186374861585,4.74193270548788
Train,4.80837637476763,4.80823538397747
Train,4.87306029240632,4.87311902562144
Train,4.93575814948735,4.93557838038326
Train,4.99667216970627,4.99656174118284
Train,3.80276334554978,3.80295608572417
Train,3.88462691319972,3.88470356800756
Train,3.96379935970237,3.96302809285337
Train,4.04075597172001,4.04013692479132
Train,4.11542037466245,4.1147923081546
Train,4.18773080868589,4.18718443937471
Train,4.25811235670846,4.25771842189645
Train,4.32648713053531,4.32590783177077
Train,4.39279050206204,4.39222051637919
Train,4.45740500969366,4.45688622639794
Train,4.52025268608374,4.51984214648767
Train,4.58140502264334,4.58086451214261
Train,4.64079591398827,4.64027524689593
Train,4.69876056352692,4.69839524267739
Train,4.75522235865604,4.75448601070387
Train,4.81011527592982,4.80982295631768
Train,4.8637446498106,4.86323896161705
Train,4.91603558359532,4.91571577289435
Train,4.96692281636916,4.96642579636248
Train,5.01668570127464,5.01598352239237
Train,3.80580373453581,3.8040266312157
Train,3.88786162856758,3.88732097690375
Train,3.96716955468882,3.96659742395353
Train,4.04421005131988,4.04263060558808
Train,4.11891007174364,4.11785628829896
Train,4.19121132764483,4.18935862889632
Train,4.26154415830862,4.26058173499335
Train,4.32983334757356,4.32865866492578
Train,4.39601706843497,4.39533982514625
Train,4.46048160205608,4.45969481602809
Train,4.52315118130179,4.52217811494414
Train,4.5840997450206,4.5835675946066
Train,4.6432633676977,4.64298616226663
Train,4.7009795145738,4.70050767058931
Train,4.75717333648196,4.75682322745636
Train,4.81178066296121,4.81135201264918
Train,4.86510827234475,4.8646670914379
Train,4.91708280168147,4.91666052518779
Train,4.96764059775644,4.96731627409393
Train,5.01706182334771,5.01628113804257
Train,-0.289166347486342,-0.288062225875156
Train,-0.038635989254015,-0.0392712095315533
Train,0.198987934421492,0.199695104590528
Train,0.423730775442445,0.424299178371466
Train,0.637059907039239,0.637105232547792
Train,0.840250342291749,0.841083895927322
Train,1.03319354113932,1.03355505374132
Train,1.21703207455347,1.21711801635977
Train,1.39276554449284,1.39430991300035
Train,1.56021030850831,1.55954591457633
Train,1.72027629928379,1.72111722294288
Train,1.87344074150816,1.87370627120184
Train,2.020450721041,2.02114956804437
Train,2.16107407838061,2.16113471021093
Train,2.29600276321256,2.29667789557719
Train,2.42585011658558,2.42596370889008
Train,2.55036964780297,2.55066528461905
Train,2.67013560427102,2.67013774629889
Train,2.78565940191339,2.78570995324774
Train,2.89669098080092,2.89749909893292
Train,1.46654665383069,1.46478554602366
Train,1.60487607548111,1.60417665034332
Train,1.73837542115043,1.73835675970916
Train,1.86729332905194,1.86660618150857
Train,1.99186165972811,1.99181581191008
Train,2.11264317866532,2.11199103588226
Train,2.22913643824374,2.2286042846383
Train,2.34188882264016,2.3417118274658
Train,2.45107767694597,2.45094183460899
Train,2.55686931068677,2.55600792768312
Train,2.65941984305435,2.65951363120187
Train,2.75887597162545,2.75861386097243
Train,2.85537567252784,2.85551078196589
Train,2.94904883908154,2.94853475177227
Train,3.04001786513155,3.03965209882083
Train,3.12865291298487,3.12857579797422
Train,3.21454636739516,3.2146715426745
Train,3.29806327362749,3.29791566845163
Train,3.37930091927607,3.37954248307072
Train,3.45835135326626,3.45792568138061
Train,1.26401216555,1.26459259713668
Train,1.40422897999426,1.40437313965161
Train,1.5397028599546,1.53984180751943
Train,1.67067045279697,1.67111950160982
Train,1.79735292016857,1.79746675405043
Train,1.92030988935585,1.92079669544476
Train,2.03901867514578,2.03914402245867
Train,2.15402530432285,2.15421589089895
Train,2.2655003058233,2.26589897975212
Train,2.37360389374036,2.3738300840407
Train,2.47848673560325,2.47885046182567
Train,2.58029065299588,2.58037148060178
Train,2.67914926136628,2.67953309215884
Train,2.77518855509646,2.77512791436605
Train,2.86852744321989,2.86886722378334
Train,2.95953990433454,2.95956378248887
Train,3.04780167532275,3.04799908029529
Train,3.13368225524882,3.13361697659205
Train,3.21727672383665,3.21758130414967
Train,3.29867516532052,3.29906063211386
Train,3.87900242188409,3.87801987767601
Train,3.93759949513966,3.9374777463738
Train,3.99495743347672,3.99453428355558
Train,4.05142191865217,4.05113088205983
Train,4.10686211753859,4.1066681082077
Train,4.16130565099826,4.161290614403
Train,4.21463355556371,4.21456783431061
Train,4.26716528716114,4.26644041466646
Train,4.31877741502651,4.31854284671065
Train,4.3694938770694,4.36970107109958
Train,4.41920202843064,4.41878230702717
Train,4.4681980188624,4.46777133317594
Train,4.51636529558682,4.51635322954028
Train,4.56372470746795,4.56374587857429
Train,4.61016952671442,4.60997660712313
Train,4.65597509431825,4.65606163395135
Train,4.7010312444799,4.70039637016746
Train,4.74535621961414,4.74545054037956
Train,4.78884882483664,4.78871398198974
Train,4.83176574170551,4.83140656777253
Train,3.78704646554857,3.78715993617446
Train,3.86521842768102,3.86511134206305
Train,3.94153198296837,3.94183368906236
Train,4.01605262366938,4.01603289362104
Train,4.0888428004159,4.0890095237621
Train,4.15996209676235,4.1601452882853
Train,4.22946739185135,4.2295621686237
Train,4.2974130121289,4.29759397072415
Train,4.36385087295954,4.36420531756742
Train,4.42883061091743,4.4288369902781
Train,4.49226563380934,4.49253735328169
Train,4.55447239490796,4.5545135204113
Train,4.61535737682637,4.61558195713153
Train,4.67496226475994,4.67512781115077
Train,4.73332700929397,4.73337965377798
Train,4.79048991570074,4.7907332895695
Train,4.84648772777645,4.84693527639977
Train,4.90135570660357,4.90151276356412
Train,4.95512770459337,4.95526199819799
Train,5.00783623513536,5.00778473868852
Train,3.12613944878982,3.12837910796518
Train,3.26158071985582,3.26245433320876
Train,3.3917613131307,3.39173014049377
Train,3.51661005857919,3.5176202547111
Train,3.63680473185573,3.6369032229479
Train,3.7522567061369,3.75268973001514
Train,3.86357192718626,3.86398756633137
Train,3.97064944621926,3.97109350745743
Train,4.07403405143818,4.07461695811365
Train,4.17361633549054,4.17371237381233
Train,4.2698886334348,4.27056695354188
Train,4.36273599565,4.36310808888013
Train,4.45260546455716,4.45261910035627
Train,4.53937875372946,4.53930103818059
Train,4.62346355046167,4.62352253805441
Train,4.70473989989033,4.70463931476409
Train,4.78358109418154,4.78358949164542
Train,4.85986677020062,4.85989479829662
Train,4.93393999711208,4.93361612895681
Train,5.00568095185321,5.00539449542269
Train,2.87421438121072,2.87508855153576
Train,3.04263861807118,3.04236239780515
Train,3.20199389016095,3.20226097286943
Train,3.35299348434731,3.35297917339924
Train,3.49627779711737,3.49644869204279
Train,3.63263018748448,3.63264376443042
Train,3.7621477064373,3.76230626740947
Train,3.88551887791609,3.88549529360464
Train,4.0031710801912,4.00323075287381
Train,4.11549296618303,4.1156424949397
Train,4.22283875250148,4.2228824647202
Train,4.32553195079798,4.32555993668141
Train,4.42386862423514,4.42390661613829
Train,4.51812023811989,4.51811961332281
Train,4.60853616250618,4.60854979634972
Train,4.69547839229914,4.69546843675856
Train,4.77888829283891,4.7788700112171
Train,4.85909910884228,4.8590995188308
Train,4.9362914227516,4.93630937240526
Train,5.01063247662664,5.01051803757876
Train,2.12884689355539,2.13062017069317
Train,2.36615130434783,2.36797970154951
Train,2.58919757435144,2.58954432478206
Train,2.79874171741578,2.79906751204838
Train,2.99643653980588,2.99559595915273
Train,3.18282153138155,3.18279189551616
Train,3.35925392062249,3.35944748859695
Train,3.52611746281569,3.52745085621357
Train,3.68435589729504,3.68463785758579
Train,3.83479802059246,3.83849632280838
Train,3.97766925495038,3.98051515040354
Train,4.11384744793386,4.11501139819232
Train,4.24348609288458,4.24935231521088
Train,4.36719093030841,4.36986968814675
Train,4.48549976718799,4.4866419982129
Train,4.59849094691884,4.60111691258792
Train,4.70677052103431,4.708578377845
Train,4.81038194189409,4.81162151120882
Train,4.90985556970815,4.91122153217951
Train,5.00520853998989,5.00496737639262
Train,2.12168894142507,2.12077985296421
Train,2.35903646406905,2.35749838292689
Train,2.58169705379614,2.579955204975
Train,2.79149847291344,2.78892506459236
Train,2.98928432976782,2.98500396667371
Train,3.17605810615937,3.17344343937951
Train,3.3525010564956,3.34958714277966
Train,3.51985170461805,3.51657535436901
Train,3.67860271010408,3.67501310919327
Train,3.82940033264978,3.82528941666463
Train,3.97265383774693,3.967434381105
Train,4.10924651280638,4.104700432493
Train,4.23947406938949,4.23681760502152
Train,4.3637712919567,4.35642182920786
Train,4.48238999665366,4.47943617591884
Train,4.59598646652545,4.59481597278066
Train,4.70474058418434,4.7023947341397
Train,4.80895551525773,4.80732721353636
Train,4.90878800418509,4.90758702930473
Train,5.00474220750618,5.00306296710481
Train,2.12326987459695,2.12386875516243
Train,2.35046379035817,2.35052812588331
Train,2.56518125285028,2.56512574954034
Train,2.76882941117277,2.76873327765427
Train,2.96204914607699,2.96187466960621
Train,3.14543771658306,3.14518355113544
Train,3.32007644790049,3.31998442473489
Train,3.48640999199256,3.48623757916287
Train,3.64485797321563,3.64474900779463
Train,3.79627180097835,3.79612567555089
Train,3.94096423757318,3.94086140144939
Train,4.07937311764745,4.07925717496912
Train,4.21176588146603,4.21170035563703
Train,4.33878163210758,4.33869863394578
Train,4.46061869799635,4.4605855483562
Train,4.57746977514261,4.57740419026161
Train,4.68986088903145,4.68984384794679
Train,4.79793360765224,4.79789241184629
Train,4.90182736363478,4.90178759788544
Train,5.00198165120171,5.00192338652344
Train,2.13145586051408,2.13374998346556
Train,2.34790586645907,2.34821742986899
Train,2.55420283454264,2.55450389925611
Train,2.75104476816105,2.75085490690911
Train,2.9388644598026,2.93895929614448
Train,3.11865577712709,3.11864865115715
Train,3.29073674887468,3.29056259088541
Train,3.45559295003958,3.45560776378918
Train,3.61367002049273,3.61363885580725
Train,3.76537768774906,3.76548720503636
Train,3.91093582569427,3.91091798371711
Train,4.05101357899951,4.05097235697688
Train,4.18576875207896,4.18593102093221
Train,4.31549905458074,4.31559166719601
Train,4.44048040000646,4.44062005068848
Train,4.56096886455336,4.5610515803048
Train,4.67707654705726,4.67725355028163
Train,4.78928103420043,4.78938912232045
Train,4.89765824893007,4.89773685491603
Train,5.00240072877263,5.00247509408585
Train,2.11609585494351,2.11649618022714
Train,2.35799736935475,2.35794045397345
Train,2.58453388305162,2.58454584527065
Train,2.79712425641571,2.79713615357034
Train,2.99701786962423,2.99684816039301
Train,3.18531919401391,3.18546661430376
Train,3.36300820905686,3.36265555187422
Train,3.53095746195695,3.5310123290685
Train,3.6899463967891,3.6898809960396
Train,3.84067344979145,3.84055651180754
Train,3.98360580835531,3.98365883878362
Train,4.11963797271371,4.11935649753944
Train,4.24911218798108,4.24942475990904
Train,4.37249151866849,4.37211850260358
Train,4.49019643512087,4.49023349267302
Train,4.60260960086398,4.60213361068166
Train,4.7100800284612,4.710044860519
Train,4.81292669897145,4.81263032210266
Train,4.91144172407944,4.91124966936261
Train,5.00589311692319,5.00525424371083
Train,3.83902217308907,3.83983310327606
Train,3.91331960759849,3.91303981674649
Train,3.98596978649989,3.98645364202023
Train,4.05667613975288,4.05652601338009
Train,4.12585677430994,4.12598034656115
Train,4.19322625011142,4.1930701461308
Train,4.2591800775171,4.25924920534383
Train,4.32344344091015,4.32416910295363
Train,4.38639107183842,4.38592493559484
Train,4.44775828960431,4.4480013559107
Train,4.50790067311738,4.5077928388266
Train,4.56656320519221,4.56679031023598
Train,4.62408377132825,4.62412848977258
Train,4.68021656581554,4.68014807504663
Train,4.73528309397901,4.7353842102559
Train,4.78904632954425,4.78926350155892
Train,4.84181258278146,4.8415294811741
Train,4.89335319497542,4.89387874936731
Train,4.94396035365885,4.94355595854652
Train,4.99341337579618,4.99329106375738
Train,2.12932433413457,2.13015453021874
Train,2.36688147086949,2.36729661124557
Train,2.58984757480893,2.59035856074045
Train,2.79952688894545,2.80001463846132
Train,2.99707271127515,2.99731533559609
Train,3.18330224037153,3.18379206752364
Train,3.35955095901933,3.3597422604282
Train,3.52641499522416,3.52671818188467
Train,3.6846244673844,3.68504992659221
Train,3.83483567173847,3.83509497918861
Train,3.97764018252018,3.97769995374913
Train,4.11357263835793,4.11392586563964
Train,4.24311743099134,4.24348212626431
Train,4.36671447269685,4.36687836482381
Train,4.48476418714616,4.48506814998766
Train,4.59750611052085,4.59778810774081
Train,4.70553093946844,4.70570779641205
Train,4.80901307310064,4.80912187889701
Train,4.90823315687631,4.90832305016304
Train,5.0034491851954,5.00348245827557
Train,2.12495028001534,2.12462297442765
Train,2.36374329707051,2.36309920698771
Train,2.58770839833069,2.58718102291025
Train,2.79818510973865,2.79762794975543
Train,2.99657923720489,2.99630209870086
Train,3.18348098598039,3.18300294868025
Train,3.36005944702231,3.35965568826507
Train,3.52714692575984,3.52672141820879
Train,3.68548859742229,3.68503328622249
Train,3.83575361782611,3.83534830463325
Train,3.97870591550919,3.9783076041924
Train,4.11455917615633,4.11415695997787
Train,4.24397555506753,4.24365182643599
Train,4.36740194524148,4.3671868497688
Train,4.48524480683546,4.48491355298323
Train,4.59787463874721,4.59769068621174
Train,4.70575202577669,4.70558320847634
Train,4.80893729039859,4.80880227682722
Train,4.9078420789771,4.90766003519387
Train,5.00272733223452,5.00248727698202
Train,3.80651519897803,3.80518220499583
Train,3.88807078252951,3.88771838221076
Train,3.96713069035404,3.96606568033097
Train,4.04364321071277,4.0425016786496
Train,4.11804840206236,4.11641117214388
Train,4.19027658152484,4.18891867974456
Train,4.26042191684389,4.2590451095268
Train,4.32857322192667,4.32713851302399
Train,4.39467203400802,4.39355182827715
Train,4.45908605583843,4.45783050048997
Train,4.52174380642785,4.52042840948637
Train,4.58271614777852,4.58105977556554
Train,4.6419425810658,4.64031519465719
Train,4.69974521040031,4.69858884955031
Train,4.75605328519805,4.75458439118232
Train,4.81092403082604,4.80944223669142
Train,4.86441178798037,4.86307783256346
Train,4.91645597281461,4.91493589708191
Train,4.96733286268282,4.96580050590567
Train,5.01697410883087,5.0156733869146
Train,3.80728206211371,3.80828739088904
Train,3.88842073279314,3.88965689849577
Train,3.96712075845751,3.96859408402745
Train,4.04349045262832,4.04473379113481
Train,4.11778959936226,4.11952986835898
Train,4.18979423712496,4.19138744389714
Train,4.25975752844971,4.26059137932246
Train,4.32776506890379,4.32846659348364
Train,4.39389773454921,4.39490501633848
Train,4.45823200279573,4.45983672169244
Train,4.52097365260648,4.52241631282161
Train,4.58192090706111,4.58278466704653
Train,4.64127577629868,4.64223773396882
Train,4.69909986258143,4.70011801842632
Train,4.75545163113625,4.75673888224194
Train,4.81038660733243,4.81163495822987
Train,4.86407182365417,4.86507648275367
Train,4.91632614568077,4.91717672331218
Train,4.96731447182039,4.9675572643457
Train,5.01708225944127,5.01705182342196
Train,2.122132055305,2.12249633126997
Train,2.36916131608526,2.3690946525014
Train,2.59930353707909,2.59951764407672
Train,2.81472191749938,2.81483088401294
Train,3.01632638848282,3.01664806888514
Train,3.20583532514127,3.20654482068424
Train,3.38389914390656,3.38445833960507
Train,3.55190698314483,3.55289181806732
Train,3.71050605209104,3.71120064979116
Train,3.86029396742171,3.86069428460108
Train,4.00230941877655,4.00246688315313
Train,4.13683382320392,4.13732564497989
Train,4.2647370996202,4.26530821512936
Train,4.38635685171037,4.38661512560723
Train,4.50201236869135,4.50244215593123
Train,4.61238469461506,4.61265465487234
Train,4.71758596168047,4.71808372780945
Train,4.81820196999331,4.81856149035523
Train,4.91430499582718,4.91439888272655
Train,5.00640340298282,5.00650417240034
Train,2.12283645584247,2.12462898459055
Train,2.36007090439505,2.36054228255237
Train,2.58286729539039,2.58309594018213
Train,2.79225542179532,2.792607306975
Train,2.98988040521396,2.99035896082863
Train,3.17648371349875,3.17717100947923
Train,3.35296236216991,3.35317809064075
Train,3.52011859778538,3.52031323371851
Train,3.67848277949649,3.67899837310982
Train,3.82909036340494,3.82985378280066
Train,3.97232605035136,3.97322025980177
Train,4.10871816641636,4.11019083542053
Train,4.23859009636088,4.23961117025758
Train,4.36269545702973,4.36355227656461
Train,4.48126764986463,4.4818461572206
Train,4.59466864550904,4.59513439660735
Train,4.70322951570088,4.70345404698967
Train,4.80712884133085,4.80695761917671
Train,4.90689988168367,4.90693050471894
Train,5.00266867204802,5.00237410411431
Train,3.4258078853734,3.42731884528551
Train,3.46669307564727,3.46696476508371
Train,3.50726152086697,3.5074572312544
Train,3.54715024630265,3.54764136328888
Train,3.58655544907872,3.58688779206862
Train,3.62566418507938,3.62588680337215
Train,3.66412622032491,3.66459885188599
Train,3.70230445245403,3.7026776204941
Train,3.73985678163678,3.74014530896896
Train,3.77696732230424,3.77732321367442
Train,3.8138118482927,3.81414321228588
Train,3.85005993548612,3.85045658203601
Train,3.8858889841592,3.88607014913144
Train,3.92146848965713,3.92167760747837
Train,3.95647912068525,3.95698766581993
Train,3.99125052323192,3.99170987455657
Train,4.02547046154487,4.02557246552827
Train,4.0593059390152,4.05935577368221
Train,4.09291671518999,4.09321680193464
Train,4.12600075798107,4.12737148503877
Train,3.80635286570417,3.80546647804224
Train,3.88803823971042,3.88776410055946
Train,3.96720059662091,3.96683275143662
Train,4.04411655704676,4.04387302544931
Train,4.11856652379885,4.11821704099132
Train,4.19081884417673,4.19041253095859
Train,4.26096940951611,4.26090489952842
Train,4.32910861234492,4.32879576304115
Train,4.39546121217612,4.39523865208615
Train,4.45982492227979,4.45957900293363
Train,4.52241933920705,4.52235799407866
Train,4.58331642795063,4.58317165183619
Train,4.64270924600566,4.642547401246
Train,4.70040914821605,4.70024245292664
Train,4.75660563733541,4.75645906101566
Train,4.81135671649584,4.81117670381648
Train,4.8647174429583,4.86473326918643
Train,4.91684987569653,4.91670821812225
Train,4.96758149327971,4.96739895473295
Train,5.01707213255279,5.0167283471594
Train,2.11989751072107,2.12015300431015
Train,2.35242041142136,2.35230685763529
Train,2.57161454849247,2.57162190561142
Train,2.77837437334599,2.77837204709725
Train,2.97414429498144,2.97420643320877
Train,3.15958043294359,3.1596670721003
Train,3.33547995637601,3.33553321797374
Train,3.50256009628174,3.50268358475953
Train,3.6612986784715,3.66131099306879
Train,3.81262745048163,3.81256319368115
Train,3.95689932860896,3.95708953870347
Train,4.09459669028098,4.09458119291524
Train,4.2260184974925,4.22600305707895
Train,4.3518527570029,4.3518937925139
Train,4.47231947569886,4.47224776515143
Train,4.58775491567232,4.58785089465094
Train,4.69846782566558,4.69839109880489
Train,4.80462850173758,4.80466282884957
Train,4.90673043199547,4.90676444444328
Train,5.00489673882123,5.00486371540976
Train,2.12610031651882,2.12647446628328
Train,2.35566929304389,2.35602735118958
Train,2.57269921923504,2.57275528405374
Train,2.77774545185462,2.77822329683407
Train,2.97219472666659,2.97257346664194
Train,3.1564477024956,3.1568766461671
Train,3.33166562328908,3.3320892681579
Train,3.4981351671716,3.49859672317619
Train,3.65666761488349,3.65697726494111
Train,3.80798179269646,3.80827848748889
Train,3.95224548285089,3.95263704439206
Train,4.09024016583838,4.09054953448797
Train,4.22207832124006,4.22253962680336
Train,4.34830030118167,4.3486515830766
Train,4.46938937073266,4.46983923250375
Train,4.58539909567401,4.58585475692892
Train,4.69688536710317,4.69724066514685
Train,4.80387390334524,4.80411901092087
Train,4.90685601471269,4.90704902657238
Train,5.00583615499794,5.00598338969506
Train,3.12498922093813,3.12595109353354
Train,3.25775809046625,3.25797221178002
Train,3.38561382311721,3.3861555295109
Train,3.5088241819059,3.50923130787781
Train,3.62763781977791,3.62821610125978
Train,3.74213332437832,3.74304546346614
Train,3.85283645428167,3.85344592083423
Train,3.95978980346664,3.96042526067252
Train,4.06318072007727,4.06369076666599
Train,4.163184276214,4.16393486232776
Train,4.2599642572173,4.26055041115545
Train,4.35367405680106,4.35482572972544
Train,4.44445748832653,4.44481208134605
Train,4.53244952124125,4.53333500238225
Train,4.61777695061478,4.61841013485467
Train,4.70044850677974,4.70104129699323
Train,4.7808006351125,4.78164505003881
Train,4.8588251926334,4.85907742198399
Train,4.93462187004641,4.93470276374067
Train,5.00828474513783,5.00837762866216
Train,4.42390794963588,4.42432553015099
Train,4.46697631783282,4.46781024113737
Train,4.50925459024382,4.50986148304149
Train,4.55076431089625,4.55187594995298
Train,4.59152624760039,4.59279074949084
Train,4.63143643314661,4.63178116892525
Train,4.67076435640498,4.67111635974946
Train,4.70940242199662,4.70932595933048
Train,4.74736862347034,4.7469477024599
Train,4.78468033400134,4.7842944882352
Train,4.82135433289893,4.82118627791645
Train,4.85740683076662,4.85665779916165
Train,4.89285349339383,4.89285128645063
Train,4.9277094644531,4.92748468750072
Train,4.96198938707212,4.9622008921717
Train,4.99560291635719,4.99528887712152
Train,5.02877446304548,5.02872479455548
Train,5.06141104680405,5.06114071882551
Train,5.09352550526689,5.09347076920606
Train,5.12513026857055,5.12478524191759
Train,3.88016110686573,3.88049229176907
Train,3.95536563569093,3.95546335766196
Train,4.02833756226135,4.02846410614368
Train,4.09917485156568,4.09923698324495
Train,4.16781139556268,4.16820441713865
Train,4.23465558184553,4.23471856956824
Train,4.29962651764113,4.29977792796056
Train,4.36280185916166,4.36279884890903
Train,4.42425502877288,4.42448083216662
Train,4.48405549965283,4.48416108206878
Train,4.54213484531608,4.54209330133311
Train,4.59882732288789,4.59901820052913
Train,4.65405421051519,4.6540525697885
Train,4.70787161469405,4.70811930973216
Train,4.76033281414033,4.76045838247158
Train,4.81148843572382,4.81136088796778
Train,4.86127146244878,4.86156418770336
Train,4.90996078374859,4.90992167221996
Train,4.95748196854741,4.95743982813222
Train,5.00387655679908,5.00361472071675
Train,2.12769317906464,2.12720976451531
Train,2.36390161415898,2.36364809983136
Train,2.58562185762895,2.58538775316559
Train,2.79464475158075,2.79431993113324
Train,2.99179519351995,2.99148245222316
Train,3.17805677825856,3.17762895730196
Train,3.35409691643887,3.353863328178
Train,3.52113335560815,3.52069900802528
Train,3.67964974095875,3.67935776946545
Train,3.83028173636688,3.83006207000947
Train,3.97343171348775,3.97303574135661
Train,4.10997046470525,4.10946825123322
Train,4.24018928780956,4.23968994428581
Train,4.36451705028823,4.36389159929898
Train,4.4832020946795,4.48268271384516
Train,4.59689276717836,4.59642256158552
Train,4.70576682712876,4.70526699619516
Train,4.81012401562257,4.80963052773516
Train,4.9101193604267,4.90963124187258
Train,5.0062517405904,5.00555005330828
Train,2.12650841334914,2.12714551761676
Train,2.36434938779084,2.36436695859741
Train,2.58759476286287,2.58743167092619
Train,2.79733935638551,2.7972046322386
Train,2.99516529710068,2.99507870196178
Train,3.18187422137519,3.18174934322381
Train,3.35837761522866,3.35828827214867
Train,3.52548997165255,3.5255818139551
Train,3.68378321289555,3.68384002161404
Train,3.83423782109083,3.83441181714737
Train,3.97727881422506,3.97741695603257
Train,4.11344097288535,4.11361380792298
Train,4.243079010143,4.24333475089882
Train,4.36689858265792,4.36741714358434
Train,4.48516417688475,4.48541724394384
Train,4.59824128467914,4.59830530104885
Train,4.70646401692559,4.70636262275296
Train,4.81003440688476,4.81006817514138
Train,4.90944551216138,4.90943722541054
Train,5.00484702838629,5.00448869160321
Train,2.13783291267389,2.13803486611071
Train,2.37395814931301,2.37380410348417
Train,2.5960497672077,2.59580948761798
Train,2.80488507339801,2.80449313154098
Train,3.00182261398242,3.00140480558842
Train,3.1880461009014,3.18756370459162
Train,3.36403695641809,3.36340377271629
Train,3.53096607137094,3.53005662363214
Train,3.6891828863548,3.68851879497309
Train,3.83950998918753,3.83883232469018
Train,3.9826736898442,3.98168720440229
Train,4.11888698121908,4.1178763775599
Train,4.24878067232548,4.24797456305098
Train,4.37291532114759,4.37199450946648
Train,4.49141543921868,4.49065114864718
Train,4.60489522090665,4.60414590100775
Train,4.71343769892355,4.71254715568214
Train,4.81746794767962,4.81665891465239
Train,4.91736706323598,4.91662434842804
Train,5.01317359845264,5.01204327144226
Train,2.12973519737458,2.13136370754294
Train,2.34693223809566,2.34758472275574
Train,2.5537827245844,2.554422272736
Train,2.75100877109727,2.75168216301175
Train,2.93926682188742,2.93985440832987
Train,3.11894251808914,3.11953712502439
Train,3.29101591273333,3.29157922865418
Train,3.45576441896453,3.45629052154548
Train,3.61364600247671,3.61422998797137
Train,3.76508123119673,3.7655896015451
Train,3.91045701631707,3.91092841293651
Train,4.05012991306222,4.05076673562801
Train,4.18442904047433,4.18490679134195
Train,4.31365867055238,4.3141632839572
Train,4.43810052961983,4.43848922848995
Train,4.55787365416001,4.55818361533168
Train,4.67351003348212,4.673714194417
Train,4.78508771463573,4.78529392829226
Train,4.89281669543899,4.89291250444806
Train,4.99689273222612,4.99690627091989
Train,2.12944251813937,2.12961558296886
Train,2.36258742963163,2.3625243701674
Train,2.58217601405236,2.58216549504071
Train,2.78935722718863,2.78915882674776
Train,2.98494380580783,2.984807797274
Train,3.17028002028445,3.170209290339
Train,3.34596214273818,3.34589852228531
Train,3.51272534272185,3.51267922766713
Train,3.67123199237962,3.67114461833192
Train,3.82208045938805,3.82212717340301
Train,3.96565791946239,3.96561031465101
Train,4.10277285462389,4.10274695218252
Train,4.23371064372566,4.23368007640895
Train,4.35887951977772,4.35881996539249
Train,4.47865251894029,4.47860883764154
Train,4.59337119372083,4.59334054626673
Train,4.70323011432451,4.70325803623858
Train,4.80875949195975,4.80878454065462
Train,4.91010062783055,4.91016347827029
Train,5.00749800435924,5.00741582380872
Train,2.13127603328011,2.13092774555774
Train,2.36007196669116,2.36001165557466
Train,2.57639609124244,2.57626409130828
Train,2.7807862072374,2.78074866489917
Train,2.97441846338933,2.97437397285033
Train,3.15812042375489,3.15801357157691
Train,3.3328313478764,3.33277948944963
Train,3.49882509191766,3.49875592217652
Train,3.65691426441176,3.65674716829674
Train,3.80765035442331,3.80767987281363
Train,3.95169541278685,3.95156221476212
Train,4.08917776891722,4.08910106473852
Train,4.22068270555645,4.2206353191534
Train,4.34659175548018,4.34650604077909
Train,4.46738968179708,4.46728627100604
Train,4.58312216995324,4.58313116702559
Train,4.69422551729655,4.69408165255593
Train,4.80097201707506,4.80102328492942
Train,4.90372806329322,4.90364918663839
Train,5.00249164357716,5.00223533255051
Train,3.74212698727728,3.74172108261267
Train,3.82795253145181,3.82784533166635
Train,3.91111746774402,3.91098932108364
Train,3.99174362677898,3.99159154062657
Train,4.06980286768288,4.06964533011272
Train,4.14569239525475,4.1456831510943
Train,4.21936661936617,4.21920254776272
Train,4.29092114552115,4.29090412910157
Train,4.36044615586632,4.3604371133217
Train,4.42802678837315,4.42806909075373
Train,4.49362346226042,4.49356889162957
Train,4.55755553008452,4.55756540844525
Train,4.61977157804481,4.6198963507479
Train,4.68033978149179,4.68039821749992
Train,4.73932475161255,4.7393155219572
Train,4.79678776534111,4.79695053669932
Train,4.85268459388378,4.85265384573652
Train,4.90727779343434,4.90737593008746
Train,4.96051481179055,4.96056272572535
Train,5.01244556349468,5.01233302264448
Train,2.06775960739239,2.06781745723786
Train,2.33537302512907,2.33533874376301
Train,2.58183561670268,2.58164935870011
Train,2.80905400802637,2.80910017585414
Train,3.01943123996932,3.0194395260289
Train,3.21477277353868,3.21442975401372
Train,3.39683788380617,3.39697059088142
Train,3.56655596424399,3.56661070956691
Train,3.72531913927744,3.7251589520449
Train,3.87415491757298,3.87424486987514
Train,4.01412292998609,4.01419585976258
Train,4.14569727085948,4.14569760849848
Train,4.26975007183713,4.26977883267976
Train,4.38690837155735,4.38690237139893
Train,4.49785604627757,4.49805562984987
Train,4.60283765460804,4.60278514480818
Train,4.7024338187161,4.70253994314337
Train,4.79704857653756,4.79695473190371
Train,4.88714803790167,4.88714620909671
Train,4.97285429252283,4.97296603035941
Train,2.82556355354427,2.82680944985189
Train,2.98792999332475,2.98872117345602
Train,3.14289600246491,3.14366430188532
Train,3.29095625920367,3.29186132110702
Train,3.43256231402501,3.43312683568659
Train,3.56812718943482,3.56937857739761
Train,3.69802940332793,3.69889796334904
Train,3.82261649849118,3.82341500241021
Train,3.94220814754943,3.94308303595902
Train,4.05709889176424,4.05800264637149
Train,4.16769251188528,4.16852063807822
Train,4.27397143696865,4.27479209629312
Train,4.37630544764867,4.37725368454196
Train,4.47491018573962,4.47568562461604
Train,4.56998585740224,4.57087651557888
Train,4.66171858996953,4.66242442451333
Train,4.75028164812387,4.75067275518743
Train,4.83583652614616,4.83602226960577
Train,4.9185339307239,4.91863040909014
Train,4.99851466690141,4.9984866524894
Train,2.12618448920161,2.12611598502847
Train,2.36018367315486,2.36013173097966
Train,2.58041070802632,2.5802876378941
Train,2.78804668782429,2.7878566378706
Train,2.98435252379794,2.98428849647756
Train,3.16983096420754,3.16972343860037
Train,3.34554291288489,3.34545973118223
Train,3.5122399734953,3.51218525220905
Train,3.67059855665392,3.670583861199
Train,3.82122905370021,3.82116801012237
Train,3.9648387757476,3.9648718003002
Train,4.10161128164104,4.10145087472049
Train,4.23216455446367,4.23216941608119
Train,4.35691335979793,4.35687920305939
Train,4.47623638388567,4.47624278970691
Train,4.59048007318574,4.59046715308726
Train,4.70008070678024,4.70001640479971
Train,4.80508769499449,4.80508339143055
Train,4.90589312878991,4.9059046748582
Train,5.00274423197138,5.00254540287208
Train,2.01551279585143,2.01711567242749
Train,2.29286043451065,2.2933005511288
Train,2.55001516212107,2.55078860562137
Train,2.78910480283114,2.78961453080704
Train,3.01217090119193,3.01280945985057
Train,3.22039290160047,3.22056575281679
Train,3.41538216713398,3.41579522799223
Train,3.59836128159368,3.59861240152098
Train,3.77040672102396,3.77067947544786
Train,3.93247004672183,3.93257141309662
Train,4.08553531602062,4.08570595150307
Train,4.23006702167173,4.23014299070494
Train,4.36688454474247,4.36677947194333
Train,4.49658943279684,4.49677912054106
Train,4.61972227348993,4.61975255271248
Train,4.73677022574812,4.7366560955845
Train,4.84827573278228,4.84807172082513
Train,4.95442820875158,4.95419791496463
Train,5.05569703774393,5.05569013586431
Train,5.15241165704906,5.15234487174824
Train,2.32873264544486,2.32892190387359
Train,2.38449831992033,2.38476490164542
Train,2.43938170270433,2.43964456557954
Train,2.49340356810746,2.49329360318664
Train,2.54636139325193,2.54638805557554
Train,2.59872341108727,2.59879888922954
Train,2.65028237206533,2.65019192261682
Train,2.70105660987561,2.70164797029723
Train,2.75106390434794,2.75096708970089
Train,2.80032150221081,2.80039496772518
Train,2.84864290857491,2.84858979850763
Train,2.89645380998679,2.89636099165657
Train,2.94356368479989,2.94420629773161
Train,2.98998783898982,2.99007147211089
Train,3.03574113617102,3.03549581045375
Train,3.08083801346312,3.08147822587419
Train,3.12510625537951,3.12509300502209
Train,3.16893459849484,3.16863732175555
Train,3.21214736769743,3.2128420257279
Train,3.25475744125418,3.25529235764337
Train,3.56004569290789,3.56040741494801
Train,3.63981717515835,3.63984040637954
Train,3.71704564595918,3.71739368476413
Train,3.79215805722753,3.79218168627925
Train,3.86509031487225,3.8652655923281
Train,3.93579079456096,3.93587842052805
Train,4.00464221717891,4.00474493890872
Train,4.07144130508955,4.07173042478028
Train,4.13654506296769,4.13654521374631
Train,4.19988691351634,4.20001393666392
Train,4.26141096190037,4.26146489204914
Train,4.32144029626708,4.32164554416816
Train,4.3799083869084,4.37991107647324
Train,4.4367584420021,4.43698570000854
Train,4.49228431814828,4.49245758930486
Train,4.54630912005329,4.54636510953353
Train,4.59910940874723,4.59925368350671
Train,4.6506202378172,4.65069747858727
Train,4.7007850239268,4.70087667073606
Train,4.74985715319459,4.75005433090994
Train,2.2572648626249,2.25788882999698
Train,2.34607341327384,2.34675465029361
Train,2.43309478178628,2.43337060739507
Train,2.51785910581673,2.51813751033408
Train,2.60096223625691,2.60102863993164
Train,2.68195242850527,2.68181292334269
Train,2.76139612129789,2.76183440632961
Train,2.8388587499106,2.83906961702381
Train,2.91464596919438,2.91495348722604
Train,2.98904011874727,2.98932747312504
Train,3.06163075024979,3.06164071144233
Train,3.13291980817609,3.13316903215967
Train,3.20251191030356,3.20261866644362
Train,3.27067613539832,3.27089287083366
Train,3.33766190039194,3.33777724219474
Train,3.40309500042276,3.40342373305541
Train,3.46742347237164,3.4673387941941
Train,3.53028636105219,3.53058722116041
Train,3.59211258131978,3.59210310513229
Train,3.65255377507985,3.65314257283101
Train,2.12990039761091,2.12972957538225
Train,2.35479666087574,2.35473709057917
Train,2.56764181330797,2.56761241870047
Train,2.76978336194458,2.7695812604936
Train,2.96181638017785,2.96168265551681
Train,3.14429765023518,3.14412281594125
Train,3.31827101272817,3.3179632264357
Train,3.48415131556952,3.48380853257116
Train,3.6423315689734,3.64199386349649
Train,3.79363932600679,3.79331473872956
Train,3.93836736880642,3.93810058605525
Train,4.07693574886826,4.07666713249931
Train,4.20959600713684,4.20937444900049
Train,4.3369741436038,4.33675887972934
Train,4.45925625469796,4.45915835299386
Train,4.57662389961421,4.57643421848045
Train,4.68959485291794,4.68937004484472
Train,4.7983019584441,4.79827060420142
Train,4.9028766539762,4.90267651171528
Train,5.00375340276404,5.00328787069086
Train,2.12842946653502,2.12927694149333
Train,2.35910033691548,2.35963774199557
Train,2.57687133472544,2.57719867175113
Train,2.78239793936068,2.78258742787441
Train,2.97687224821104,2.97714757352444
Train,3.16134064482579,3.16194289287817
Train,3.33621728887425,3.33641838026891
Train,3.50255292155652,3.50251863613378
Train,3.66065175353165,3.66107555734127
Train,3.81125662124315,3.81155235134723
Train,3.95502734303515,3.95521428151481
Train,4.09215241056984,4.09206036816543
Train,4.22320927731757,4.22352613093174
Train,4.34871384122617,4.34858879500028
Train,4.46877805243446,4.4689980623218
Train,4.58397180285985,4.58401072210766
Train,4.69437060253124,4.69445767571527
Train,4.80037074780407,4.80034211970563
Train,4.90232916285204,4.9023692668736
Train,5.00028173544128,5.00020368123226
Train,2.12784567274977,2.12817431744336
Train,2.35484616147948,2.35474082643052
Train,2.56933435091723,2.56917396336869
Train,2.7727449088423,2.77247672704037
Train,2.96571083793611,2.96546237477672
Train,3.14901646046436,3.14891598863981
Train,3.32318559480437,3.32280195471615
Train,3.48923491637245,3.48905099500483
Train,3.64755187676198,3.64727897082342
Train,3.79866429193418,3.79849858431337
Train,3.94290038097987,3.9429917424852
Train,4.08101095571973,4.08106989954761
Train,4.21323798880881,4.21330015214628
Train,4.3399495995671,4.33998603091753
Train,4.46135511794328,4.46144633571314
Train,4.57802802580031,4.57804966922343
Train,4.69012076815346,4.69016771511017
Train,4.7978978547793,4.79787343490464
Train,4.90149381316999,4.90147910582821
Train,5.00135907815631,5.00118465989656
Train,2.4198740384319,2.41995933091969
Train,2.50139218192443,2.50146615694687
Train,2.58136051570873,2.58139722553754
Train,2.65937707085773,2.65945845280224
Train,2.73572919864248,2.73577851417142
Train,2.8106827113128,2.81075693037131
Train,2.88385745996966,2.88390966597147
Train,2.95572391030835,2.95579889234726
Train,3.02591557102342,3.02594348362548
Train,3.09468565130097,3.09480298370475
Train,3.16226916336365,3.16229718610269
Train,3.22831884874349,3.22837659095533
Train,3.29307031720138,3.29323737367597
Train,3.35674265710888,3.35670701177808
Train,3.41900646226232,3.41901118018653
Train,3.48025586699971,3.4804167500399
Train,3.54017266275737,3.54018658248536
Train,3.59896700316905,3.59900755383863
Train,3.65683488080912,3.65671051171305
Train,3.7134738918094,3.71376831380187
Train,2.42854043178117,2.42724599541109
Train,2.53900746604855,2.53897841546061
Train,2.64680584840788,2.64588763202412
Train,2.75158750287432,2.75104414171004
Train,2.85369247863248,2.85345069712569
Train,2.95343247890253,2.95241209985327
Train,3.05047765717715,3.05068199349555
Train,3.14533553120596,3.14449702813657
Train,3.23768791127301,3.23750401246364
Train,3.32782285607784,3.32712334993196
Train,3.4160054702483,3.4156876085501
Train,3.50193425021025,3.50161158442936
Train,3.58587160353833,3.58529796819787
Train,3.6680595687953,3.66755902034422
Train,3.74821236356141,3.74773853478039
Train,3.82673594672038,3.82637026833184
Train,3.9033544889321,3.90298196734805
Train,3.97829469540439,3.97797379329061
Train,4.05176640483454,4.05112655781634
Train,4.12350793647515,4.12280276882596
Train,3.74139660136355,3.74121336487517
Train,3.82753447976949,3.82738107147382
Train,3.91080843698549,3.91083012166494
Train,3.99166296106769,3.99161920307163
Train,4.07005395917321,4.07003496253968
Train,4.14594912086399,4.14591964245413
Train,4.21974341463277,4.21972321714496
Train,4.29125251104537,4.29118474116624
Train,4.36084287761804,4.36084728757417
Train,4.42846289161257,4.42844456055102
Train,4.49407113470028,4.49406094314257
Train,4.55799682903202,4.55800895923242
Train,4.62018625108409,4.62015846540747
Train,4.68059501580697,4.68058387880522
Train,4.73952057163948,4.73951574310125
Train,4.79679997804304,4.79680638972352
Train,4.85271203185112,4.85271749689057
Train,4.907201961366,4.90718659086563
Train,4.96022304544931,4.96020739637536
Train,5.01202926980227,5.0119894256088
Train,2.88911557643573,2.89000018481168
Train,3.05962748130459,3.06007116077238
Train,3.22047308152307,3.22069410978223
Train,3.3720631289335,3.3723452531842
Train,3.51554106395864,3.51590386246174
Train,3.65119283043496,3.65142339986344
Train,3.77997154483437,3.78004550323315
Train,3.90207275902964,3.90214658297848
Train,4.01830075138574,4.01835112949923
Train,4.12878494634839,4.12878971989196
Train,4.2342115099948,4.2342786391557
Train,4.33466110413301,4.33465868469214
Train,4.43072491929808,4.43079972450799
Train,4.52244744600113,4.52246068157113
Train,4.61034258453423,4.61040664347022
Train,4.69442789027478,4.69444189685894
Train,4.7751536771242,4.77518343658378
Train,4.85251740939255,4.85253657215001
Train,4.92691656631781,4.92694241213324
Train,4.99833363775753,4.99838011094037
Train,2.11698502778085,2.11548271103968
Train,2.34789472361745,2.34755596699982
Train,2.56563727722163,2.56527062634198
Train,2.77174753904404,2.77101773065736
Train,2.96671592425451,2.9664982848037
Train,3.15181768197495,3.15142585184297
Train,3.32740680896714,3.32720244497907
Train,3.4945559013555,3.49442535527781
Train,3.65351794601538,3.65329355107608
Train,3.80520503511604,3.8050029071412
Train,3.94979465214421,3.94948619383943
Train,4.08807009533258,4.0880702521092
Train,4.2201519681196,4.21998942221328
Train,4.3467189871561,4.346683107163
Train,4.46784863765661,4.46769849604901
Train,4.58413379296975,4.58409543095989
Train,4.69561909861594,4.69564343795649
Train,4.80282626612044,4.80287147267448
Train,4.90577485144478,4.90569801035165
Train,5.00492703790887,5.00443199724689
Train,2.0285747208774,2.02960040629771
Train,2.34161043339605,2.34129962185691
Train,2.62161281605078,2.62207384567157
Train,2.87402753936587,2.87367581835791
Train,3.10230512409291,3.10255863490532
Train,3.3101459755133,3.30993629080624
Train,3.49981375741039,3.4999334213346
Train,3.67392536081534,3.67385718630542
Train,3.83401158731738,3.8340537611359
Train,3.98198565608937,3.98191341739151
Train,4.11890814455753,4.11885010910849
Train,4.2462177259299,4.24640000268776
Train,4.36466349270322,4.36452110003232
Train,4.47535367181874,4.47534435358032
Train,4.57882541247595,4.5787139873821
Train,4.67595040343839,4.67604131691335
Train,4.76711825971212,4.76699221378588
Train,4.85302723982855,4.85302994434026
Train,4.93396224152703,4.9339546706535
Train,5.01049165501075,5.01027520330102
Train,3.83998478964401,3.83982613753617
Train,3.91735431805658,3.91729202805002
Train,3.99249765536527,3.99247231633783
Train,4.06565404850459,4.06563982987721
Train,4.13661985190469,4.13655283793853
Train,4.20562825988225,4.20565718456349
Train,4.27275915477953,4.27265953076788
Train,4.338088130555,4.3380544762724
Train,4.40181279025241,4.40179990208274
Train,4.46374568120263,4.46372124594493
Train,4.52408056070796,4.52405906874558
Train,4.58287848958547,4.58281238786661
Train,4.64031110479769,4.64032451733076
Train,4.69620341304164,4.69617164541999
Train,4.75072437417168,4.75066328351316
Train,4.80392384661809,4.80395447160411
Train,4.85584930079682,4.85583585460266
Train,4.90664655398535,4.90655970936789
Train,4.95615518841342,4.95616798037666
Train,5.00451933239256,5.0044407473499
Train,3.8413016720303,3.84123318319619
Train,3.91877116735842,3.9186939888343
Train,3.99385238120107,3.99384039836807
Train,4.06693453708367,4.06693577192639
Train,4.13795952610887,4.1379591053403
Train,4.20688026002873,4.20681638014797
Train,4.27404679753858,4.27404864933417
Train,4.33939923224341,4.33942330896319
Train,4.40288773185486,4.40283554536948
Train,4.4648288925544,4.46484398871255
Train,4.52516218105871,4.52510432112761
Train,4.58394940107347,4.58407509388347
Train,4.64113894360831,4.6410425606184
Train,4.69700986172568,4.69708916801685
Train,4.75150202410989,4.75144112919882
Train,4.80456347262778,4.80458410186405
Train,4.85644938898578,4.85652129960657
Train,4.90710056535766,4.90712590022961
Train,4.95646527679404,4.95650923156357
Train,5.004777820559,5.00467385151135
Train,2.53021971250433,2.53079701091631
Train,2.76895151406682,2.76915087575911
Train,2.98635448432316,2.9861552077957
Train,3.18553741246981,3.18563413004379
Train,3.36852679966304,3.36851441773909
Train,3.53706183927051,3.53703634030465
Train,3.69308345281889,3.69304762874456
Train,3.83766253096543,3.83775418072694
Train,3.97226711670387,3.97216932984086
Train,4.09777628737314,4.0977699924217
Train,4.21497087460185,4.21488912235439
Train,4.32485850597542,4.32485646212738
Train,4.42800401903014,4.42794535458163
Train,4.52491743115182,4.52489769279712
Train,4.61632041254969,4.61651539626767
Train,4.70250591207801,4.70229157199649
Train,4.78406325604814,4.78406171379104
Train,4.86128191328156,4.86119073363009
Train,4.93442940909931,4.93443926345501
Train,5.00395183231247,5.00380326428351
Train,2.1256789941219,2.12505068609901
Train,2.34147672774837,2.34131724670372
Train,2.54717971470107,2.54710638729305
Train,2.74388678450879,2.74371945040842
Train,2.93198044309296,2.93185700047546
Train,3.11201431559259,3.1119194401392
Train,3.28431688145789,3.28414035808894
Train,3.44971829454415,3.44953664686112
Train,3.60846017031838,3.60826212560935
Train,3.76093676996648,3.76082116278779
Train,3.90735972793643,3.90711679001763
Train,4.04837509909494,4.04826496802637
Train,4.18413580889384,4.18401597566047
Train,4.31493019219789,4.31476658327595
Train,4.44089482707496,4.44082110351085
Train,4.56254510741394,4.56244200031436
Train,4.67997665125368,4.67990699874211
Train,4.79340517192868,4.79339979080326
Train,4.90291785763055,4.902869835146
Train,5.00893455248677,5.00868300069053
Train,2.12234235156832,2.12362508219597
Train,2.33432837449666,2.33450064303836
Train,2.53734969957332,2.53780492501321
Train,2.73155234538943,2.73173950434214
Train,2.9176952191061,2.91788733845099
Train,3.09645878478206,3.09689956817167
Train,3.26791011726104,3.26803426417539
Train,3.4326630441845,3.43314705530359
Train,3.59127041195518,3.59140794845301
Train,3.74374640473846,3.74402796273646
Train,3.89059522592537,3.89083626055365
Train,4.03212274015086,4.03232997386224
Train,4.16875781139799,4.16907263213873
Train,4.30047010063914,4.30044771603864
Train,4.42765571561123,4.42787164097829
Train,4.55067453693822,4.55074089421326
Train,4.66947550784439,4.66948525085102
Train,4.78439377206992,4.7843507616992
Train,4.89573479151293,4.89580658115959
Train,5.00343392980118,5.00328738041501
Train,2.12151842484861,2.1220312249345
Train,2.3483905995244,2.34846657224191
Train,2.56309847992403,2.56329380531973
Train,2.76659484975689,2.76676430246446
Train,2.95991426868961,2.96003860431595
Train,3.14346135033684,3.14368609912274
Train,3.31812044395086,3.31823981447745
Train,3.48452186933008,3.48462364441296
Train,3.64323772118086,3.64337028962039
Train,3.79478844046019,3.79484273010096
Train,3.9397830447989,3.93993407093442
Train,4.07838022499195,4.07838549580195
Train,4.21111745932066,4.21123992560681
Train,4.33835869524785,4.3383665371068
Train,4.46043835296429,4.46048374491441
Train,4.57766426031683,4.57768729637904
Train,4.69042514292907,4.69045796546491
Train,4.79876935204435,4.7987788466555
Train,4.90304843110461,4.90306169908147
Train,5.00348695564886,5.00354059277309
Train,1.50644750280794,1.50634378045582
Train,1.62208970787843,1.62195749518944
Train,1.73435267572872,1.73427006250425
Train,1.84338239289296,1.8433563606661
Train,1.94931655625397,1.94926007992329
Train,2.05253769994081,2.05260809667309
Train,2.15265661642001,2.15252036075547
Train,2.25004917866215,2.24983718509541
Train,2.34482525345006,2.34479085759379
Train,2.43708888258762,2.43715483224808
Train,2.52693866388988,2.52655650953532
Train,2.61446810265634,2.61454389096182
Train,2.6997659362613,2.69961816220823
Train,2.78291643422989,2.78305946030307
Train,2.86399967593308,2.86360182713473
Train,2.9432861327958,2.94312423346058
Train,3.02045492155443,3.02059246318025
Train,3.09577419901031,3.09567948037077
Train,3.16930966890538,3.16909431922907
Train,3.24112395924308,3.24079875763639
Train,2.11507480032924,2.1154002166579
Train,2.28057692284563,2.28060041995489
Train,2.43949489392366,2.43958699482321
Train,2.59249640756329,2.592483977088
Train,2.73963347605055,2.73985440176987
Train,2.8814990106399,2.88164714565503
Train,3.0181182667804,3.01815100849056
Train,3.15002081423819,3.1501358379712
Train,3.2773288183394,3.27747770895733
Train,3.40016443968929,3.40017615588224
Train,3.51897912727278,3.51915397164633
Train,3.63375421639971,3.63387416498083
Train,3.74489804107146,3.74494665925452
Train,3.85248042892122,3.85258311365326
Train,3.95657330072061,3.95680456077319
Train,4.05753077339021,4.05750428318354
Train,4.15531078314181,4.15547821504809
Train,4.25023697135582,4.25029923767145
Train,4.34226146635304,4.34222622249147
Train,4.43168113773658,4.43201204570799
Train,-2.35092337062336,-2.34982213522087
Train,-2.12971461454833,-2.12977011519321
Train,-1.91459454437282,-1.91445994216044
Train,-1.70531518963749,-1.70525581501785
Train,-1.50164186480364,-1.50167476485583
Train,-1.30335229134357,-1.30323572021805
Train,-1.1102357885409,-1.11002316003284
Train,-0.922092526807722,-0.922150280487377
Train,-0.738732837955355,-0.738396941768561
Train,-0.55997657741414,-0.560096246456642
Train,-0.385243607971775,-0.384775111728932
Train,-0.21519891008935,-0.214977880642228
Train,-0.0492682992833693,-0.0492835457159986
Train,0.112695745142354,0.113045876593996
Train,0.270833774232827,0.270898899393823
Train,0.425279776180655,0.425672150612836
Train,0.576161554961111,0.576304861136332
Train,0.723601083052447,0.723822277227764
Train,0.867714830287349,0.867951543688132
Train,1.00861407069894,1.0098708455
Train,2.82455408199376,2.82465483287818
Train,2.98964563638818,2.98962108427734
Train,3.14673665638075,3.146753129163
Train,3.29673425362447,3.29670092666422
Train,3.43994580343475,3.43993449869888
Train,3.57666653071268,3.57664299433166
Train,3.7076246190961,3.70761229365528
Train,3.83289215517622,3.83285589663795
Train,3.95310475024759,3.95307647333469
Train,4.06843118382072,4.06845387133874
Train,4.17903766857006,4.17901174550137
Train,4.28544974735908,4.28543857424232
Train,4.38778506079614,4.3877390006521
Train,4.48616150289017,4.48619104345856
Train,4.5810200400195,4.58098666978115
Train,4.67233784312079,4.67239904632445
Train,4.76051006172916,4.76046628818515
Train,4.84559943555379,4.84558709423366
Train,4.92767129396024,4.92772937195989
Train,5.00706408970801,5.00704042760411
Train,2.12639289157931,2.12630090193054
Train,2.34908337291617,2.34907024604693
Train,2.56031288618356,2.56025256836004
Train,2.76134265872727,2.76125993728713
Train,2.9527037789803,2.95261477091411
Train,3.13489622142483,3.13479731259506
Train,3.30890919060546,3.30843765670145
Train,3.47495058616417,3.47453821065504
Train,3.63387193050624,3.6333488670309
Train,3.78596994998897,3.78570253710061
Train,3.93152973800508,3.93126483236049
Train,4.07124221730126,4.07031579557154
Train,4.20531894425078,4.20497534993704
Train,4.33396576648384,4.33343298291514
Train,4.45775278579726,4.45633274539726
Train,4.57671242593098,4.57603348032283
Train,4.69135039128198,4.69065623542995
Train,4.80178752794454,4.80074575567708
Train,4.90814422853262,4.90754551876601
Train,5.01084765387236,5.01022801535076
Train,2.12007856582921,2.12029447622556
Train,2.34243320221836,2.34246621017085
Train,2.55358639444492,2.55364778777514
Train,2.75436378016118,2.75440854973497
Train,2.94551180118739,2.94553594169268
Train,3.1278793841406,3.12790758044433
Train,3.30172851121384,3.30175565518514
Train,3.46779950793909,3.46782872626793
Train,3.62660295094828,3.62662600980114
Train,3.77860568630502,3.7785892309141
Train,3.92423541322608,3.92427951419743
Train,4.06388470309687,4.06389218048865
Train,4.19791453331384,4.19792462709959
Train,4.32665740293744,4.32667407333723
Train,4.45042008677481,4.45042348728678
Train,4.56959925868044,4.56962007704281
Train,4.68422675243362,4.68423181307228
Train,4.79466334310539,4.79466653002894
Train,4.9011347404128,4.9011426694626
Train,5.00385073183236,5.00392795962692
Train,1.82145424255091,1.82182796430719
Train,1.9003363174597,1.90040976565363
Train,1.9776991889143,1.97771449856667
Train,2.05402941585559,2.05409152158902
Train,2.12890966337589,2.12884793835768
Train,2.2028098984058,2.20288980158805
Train,2.27532513644714,2.27531233790362
Train,2.34690959879145,2.34695403000954
Train,2.41717012809494,2.41717092362453
Train,2.48654598917055,2.48659623778006
Train,2.55465535654564,2.55465129502339
Train,2.6219232752941,2.62197888061858
Train,2.68797878276292,2.68801473921051
Train,2.75323339291977,2.75320863638556
Train,2.81732656148809,2.81743220049541
Train,2.88065691574832,2.88065288060828
Train,2.94287390845139,2.94289902683452
Train,3.00436388391471,3.00436387079319
Train,3.06478589225009,3.0648656696096
Train,3.12451456102766,3.1250346520021
Train,1.81901523993668,1.81906534469384
Train,1.89812677768063,1.89820186922519
Train,1.97571171263014,1.97583001988753
Train,2.052270255216,2.05234347926965
Train,2.12737149670813,2.12749116399139
Train,2.20149866077354,2.20154700945134
Train,2.27423359221494,2.27429139325543
Train,2.346043390677,2.34618369733219
Train,2.41673337978685,2.4167857766108
Train,2.4861215404836,2.48617327653049
Train,2.55465226736227,2.55471668470202
Train,2.62193699294537,2.6220117965306
Train,2.68840590162665,2.68848692304821
Train,2.75387713510043,2.75393987510982
Train,2.81818016630319,2.81823765113152
Train,2.88172511531986,2.88181467917387
Train,2.94415004660397,2.94419530663002
Train,3.00585248984949,3.00592555252954
Train,3.06648041642699,3.06660178137029
Train,3.12641934376298,3.12656280776285
Train,-0.008591696,-0.00883651499386406
Train,-0.595243713,-0.595302070266162
Train,-1.172871245,-1.17289602238158
Train,-1.741680939,-1.74176307053201
Train,-2.301873179,-2.30184134113076
Train,-2.853642325,-2.85373970494472
Train,-3.397176934,-3.39716142750401
Train,-3.932659979,-3.93277082025522
Train,-4.460269049,-4.46030010641404
Train,-4.980176551,-4.98017401021641
Train,-5.492549894,-5.49264507976911
Train,-5.997551669,-5.99761384318915
Train,-6.495339825,-6.49533006946946
Train,-6.986067826,-6.98611613313985
Train,-7.469884819,-7.47004515607911
Train,-7.946935775,-7.94692325928988
Train,-8.417361639,-8.41743042050509
Train,-8.881299472,-8.88139423662576
Train,-9.338882575,-9.33877302827456
Train,-9.790240625,-9.78904439363466
Train,0.304775769,0.304367927022422
Train,-0.306968618,-0.307028445212173
Train,-0.895768706,-0.895765740366888
Train,-1.46289157,-1.46285831544516
Train,-2.009512672,-2.00959919564845
Train,-2.536723998,-2.53670855719317
Train,-3.045541335,-3.04552566443524
Train,-3.536910807,-3.53695557883181
Train,-4.011714742,-4.01173295722835
Train,-4.470776965,-4.47073411307499
Train,-4.914867564,-4.91496019403782
Train,-5.344707203,-5.34466479588152
Train,-5.760971024,-5.76100741247935
Train,-6.164292185,-6.16444504977769
Train,-6.555265073,-6.5551812430356
Train,-6.93444823,-6.93435681997723
Train,-7.30236701,-7.30243007133028
Train,-7.659516014,-7.6596615475544
Train,-8.0063613,-8.00621069235128
Train,-8.343342422,-8.34235310116562
