Dataset,log10(VaporPressure)[Pa],PredictedValues
Train,3.98175463770349,3.98172715551063
Train,4.04932305858101,4.04900097940372
Train,4.11477137842338,4.11477680530246
Train,4.17860035723072,4.17874571242763
Train,4.24067221089411,4.24089761913834
Train,4.30086758489531,4.30061453497056
Train,4.35964114957729,4.3596556238374
Train,4.4166798729731,4.41675743471598
Train,4.4724112241305,4.47237026941864
Train,4.52670703628025,4.52632881067485
Train,4.57945461972669,4.57953823652169
Train,4.63104506247912,4.63100599899516
Train,4.68135601189175,4.68150081067912
Train,4.73027910181263,4.73028531892108
Train,4.77817357460061,4.77815442262463
Train,4.82477472651115,4.82455618340343
Train,4.87042273192382,4.87053993733117
Train,4.9150046382442,4.91496706146572
Train,4.95841937623246,4.95835026547114
Train,5.00098128055359,5.00095094601782
Train,4.30010560133218,4.2999334345016
Train,4.34427184483812,4.3441305355188
Train,4.38778768455022,4.38767606622587
Train,4.43030624680307,4.43030111570856
Train,4.47203699184417,4.47206308155674
Train,4.51317506335072,4.51306168654801
Train,4.55339132856532,4.55330328996648
Train,4.59304985209152,4.59300691365408
Train,4.63183261108566,4.63173891037529
Train,4.66992863791146,4.66990788765737
Train,4.70751454903432,4.707509319692
Train,4.74428797613294,4.74422616075585
Train,4.78042712158626,4.78042276999158
Train,4.81609875182695,4.81596439120271
Train,4.85101505180784,4.85108432789393
Train,4.88548978014872,4.8853178709572
Train,4.9192442673934,4.91928074897428
Train,4.9524406518283,4.95237082613263
Train,4.98523105115627,4.98518484787674
Train,5.01734972614166,5.01712272429177
Train,2.40723462755712,2.40716682122256
Train,2.56513503874003,2.56525697280858
Train,2.71499584705765,2.71488798377513
Train,2.85809116491507,2.85791094685357
Train,2.99422238692747,2.9943554919143
Train,3.1245013548171,3.12443037108232
Train,3.24870689808873,3.24854647067343
Train,3.36781737092902,3.36777739424197
Train,3.48186872181456,3.48193558435999
Train,3.59091739404102,3.59078456899288
Train,3.6957820955895,3.69575829877531
Train,3.79622041181391,3.79620798924869
Train,3.89296534689602,3.893164886111
Train,3.98599522177954,3.98597029210128
Train,4.0753073026763,4.07527519937082
Train,4.16152919933199,4.161386320039
Train,4.24442277125436,4.24418163094712
Train,4.3245575718585,4.32461964015216
Train,4.40170049422835,4.40148306353867
Train,4.47637078102655,4.47576916593773
Train,4.10463697882894,4.10508438750646
Train,4.17074900920869,4.17085949837213
Train,4.23497660616162,4.23494984379463
Train,4.29770749095443,4.29772138246493
Train,4.35884230168902,4.35884209754518
Train,4.41844118701092,4.41849689695498
Train,4.47641816646144,4.4764163811138
Train,4.53311737727362,4.5330753984506
Train,4.58844379215196,4.58855075035834
Train,4.64244667175736,4.64239859378524
Train,4.695043011095,4.69506179590472
Train,4.74654044024681,4.74658504354149
Train,4.79684857287659,4.79681860698546
Train,4.84600813762163,4.84600453014732
Train,4.89393954830248,4.8939550898323
Train,4.94091954065217,4.94089640600869
Train,4.98686243565959,4.98697845789321
Train,5.03180219976478,5.03174736809502
Train,5.07566286465291,5.07567656964964
Train,5.1186947810147,5.11869119242984
Train,2.12634095170165,2.12824764759547
Train,2.34917905981492,2.3494196924102
Train,2.56035803075609,2.56110431496907
Train,2.76139026157764,2.76190355792092
Train,2.95239751108316,2.9529758730564
Train,3.13467488148997,3.13539707996573
Train,3.3082685004719,3.30848127237816
Train,3.47429827157139,3.47525903276563
Train,3.63275550535709,3.63290258208883
Train,3.78461713835079,3.78521779662472
Train,3.92983478763237,3.9302197352374
Train,4.06926744332494,4.06965460176732
Train,4.20283811938457,4.2032056160043
Train,4.33130752773176,4.33166337162614
Train,4.45457827495476,4.45498911790597
Train,4.57332843424736,4.5734673214508
Train,4.68744629981927,4.6875440206565
Train,4.79753987412685,4.79765927999918
Train,4.90348769403999,4.90362896844531
Train,5.00583788977193,5.00582637961193
Train,2.88046290086084,2.88326093883743
Train,3.04228836074974,3.04489819119719
Train,3.19628974068213,3.19749484453399
Train,3.34302107544689,3.344043080368
Train,3.4832325498699,3.48337012773521
Train,3.61687622512777,3.62134664366669
Train,3.74462833676121,3.74672416391725
Train,3.86687006926299,3.86795114370839
Train,3.98395041779922,3.98610862861135
Train,4.09618951576602,4.09671989449094
Train,4.20407234771843,4.20486919250739
Train,4.30748066459877,4.31054762630369
Train,4.40686293198251,4.40753434745088
Train,4.50244978259969,4.50287057935981
Train,4.59445456348642,4.59483169817962
Train,4.68307492563127,4.68337887821401
Train,4.76864591200637,4.76910920276691
Train,4.85102920804275,4.85118917898543
Train,4.93054057642846,4.93060528237727
Train,5.00732761990619,5.00756470391439
Train,4.27199914054099,4.27186339064113
Train,4.31623598492297,4.31615646796393
Train,4.35964691208702,4.35966640259806
Train,4.40207129247597,4.40183138137244
Train,4.44390164282583,4.44420572177242
Train,4.48497225214198,4.48434797450222
Train,4.52530363227296,4.52474140287656
Train,4.56491556326831,4.56518226339528
Train,4.60365943419434,4.60331710927151
Train,4.64189196601387,4.64091866731982
Train,4.67946023719595,4.67898471864481
Train,4.71638141017,4.71552108544893
Train,4.75251561722666,4.74994282991863
Train,4.78819439904288,4.78858751663945
Train,4.82327408468699,4.82360554537495
Train,4.85776963800905,4.85617715715689
Train,4.89169552863041,4.89038162695123
Train,4.9249218473152,4.92413920320519
Train,4.95775227308045,4.9562539836964
Train,4.99005362107623,4.98933953303796
Train,3.09879131504472,3.10070713865935
Train,3.20688447920261,3.20835662560212
Train,3.31154306993914,3.31272686511537
Train,3.41246156356073,3.4126420025028
Train,3.51006148459059,3.51039512306965
Train,3.60472197691417,3.60604899320236
Train,3.69615073797291,3.69644935027263
Train,3.78471441620538,3.78463854675528
Train,3.87074397403632,3.87111317973833
Train,3.95396123584687,3.95507244539341
Train,4.03468789935892,4.0341283564021
Train,4.11303412722585,4.11340289236161
Train,4.18927964615201,4.18989988615915
Train,4.26316533524953,4.26326151820231
Train,4.33496466732952,4.33474145908661
Train,4.40492634634553,4.4052798824575
Train,4.47280519298641,4.47308071293754
Train,4.5388452472855,4.53854808010246
Train,4.60326908747275,4.60350074061685
Train,4.66584492516523,4.66596931036558
Train,3.96385879113756,3.96358246213851
Train,4.03116913998356,4.03123494564915
Train,4.09679254901116,4.09684354535431
Train,4.16097275339707,4.16107837928467
Train,4.22340271714688,4.22313357152649
Train,4.28432479424751,4.2842735658377
Train,4.34379296336818,4.34390848279175
Train,4.40185865715212,4.40197397402923
Train,4.45873151067894,4.45861250557542
Train,4.51413342027608,4.51403569460532
Train,4.56827343444891,4.56787813493436
Train,4.62119418122334,4.62138858142941
Train,4.6730829929364,4.67295905755706
Train,4.72368238792407,4.72357922884187
Train,4.77317952343501,4.77313273684506
Train,4.82161002889709,4.82161622505371
Train,4.86900801452666,4.86892781073573
Train,4.91553769119185,4.91556831406529
Train,4.96096455506777,4.96068591813474
Train,5.00545297515671,5.00510753310356
Train,2.12788403567532,2.12800594574065
Train,2.36819302921465,2.36821281256489
Train,2.59329395614837,2.59333013233897
Train,2.80429609638261,2.80426740904269
Train,3.00302950148803,3.00289005567775
Train,3.19027589677673,3.19043167538921
Train,3.36700325018103,3.36666304224668
Train,3.53407374488209,3.53387620847512
Train,3.69203973961787,3.69211902658411
Train,3.8420392282288,3.84199024572063
Train,3.98446298509171,3.98463805025736
Train,4.11987079334068,4.11935850833694
Train,4.24859041874655,4.24872475831603
Train,4.37144496325803,4.3713463916316
Train,4.4886637951177,4.48825485294667
Train,4.60062601017576,4.60024707248283
Train,4.70767744922746,4.70740711337149
Train,4.80999225329507,4.80950744078512
Train,4.90814993845898,4.90811410862305
Train,5.00226797724252,5.00101720769103
Train,2.45586800616354,2.45618577400401
Train,2.57251913549492,2.57264401457192
Train,2.68671202655411,2.68654166458628
Train,2.79803906105356,2.7980115540925
Train,2.90684243391766,2.90706286085889
Train,3.0132069963619,3.01306975038936
Train,3.11743988539512,3.11730751410356
Train,3.21916161152615,3.2196297201924
Train,3.31867748144247,3.31852845965156
Train,3.41605847717184,3.41587487805392
Train,3.51157982113161,3.51227129392294
Train,3.60488779021973,3.60448789808766
Train,3.69625650938333,3.69571738485
Train,3.78574581293894,3.78611222017893
Train,3.87360380836359,3.87349745539487
Train,3.95950033618228,3.95843914805635
Train,4.04368293011242,4.04421349518922
Train,4.12620238181459,4.12533441935741
Train,4.20728356602196,4.20683213593315
Train,4.28661786079396,4.28592498453825
Train,2.12510320565132,2.12577452867384
Train,2.36450590744654,2.36470051324077
Train,2.5892783729484,2.58945178041168
Train,2.80015256765738,2.80040782037141
Train,2.99891425619126,2.99911414627275
Train,3.1860716610347,3.18629322310845
Train,3.3630898001018,3.36333434970006
Train,3.53031782869707,3.53052196054911
Train,3.68897477126427,3.68939082539883
Train,3.83929528336276,3.83954057703746
Train,3.98230653579164,3.98249326038861
Train,4.11815993437227,4.11831330093741
Train,4.24773075530079,4.24746753267104
Train,4.37110940301977,4.37120932954751
Train,4.48904925728639,4.48880063811617
Train,4.60159577372393,4.60171064253936
Train,4.70940330455624,4.70885185427621
Train,4.8124840750195,4.81239382185647
Train,4.91141108866208,4.91139582055463
Train,5.00617198264477,5.00561600916599
Train,4.41854245835269,4.41831759805754
Train,4.45312992100964,4.45274194366953
Train,4.48741672547849,4.48749491042179
Train,4.52110957024481,4.52120527302267
Train,4.55436901596237,4.55459746368338
Train,4.58734772379609,4.58710835608637
Train,4.61976325975854,4.6198074937374
Train,4.65176973147504,4.65157723406466
Train,4.68351379848467,4.6834836925937
Train,4.71472330752752,4.71476664322575
Train,4.74554629886374,4.74577005845405
Train,4.77598990861288,4.77587980229667
Train,4.80619333922419,4.80635887936689
Train,4.83589729811518,4.83562809655491
Train,4.86524228622075,4.86528214515613
Train,4.89436228311218,4.89427191566547
Train,4.92300706156931,4.92306511019012
Train,4.95131184176319,4.95116573373955
Train,4.97940567258973,4.97963485923809
Train,5.00704692919741,5.00653523325637
Train,2.12870689177883,2.13135046729876
Train,2.35840003678672,2.35929702924501
Train,2.57506222723586,2.57568255893284
Train,2.78026925143138,2.7812574831549
Train,2.97443371611683,2.97574008994681
Train,3.15887135126489,3.15920231896373
Train,3.33386880351584,3.33481820466592
Train,3.50053789724489,3.50072862127471
Train,3.6592657938012,3.66025606968892
Train,3.81042252309549,3.81107350267189
Train,3.95488893636085,3.95528177787907
Train,4.09276268893165,4.0931183711629
Train,4.22480683422564,4.22573495469693
Train,4.351228887892,4.35138837205547
Train,4.47223250935706,4.47285561484851
Train,4.58844237165059,4.58862855243223
Train,4.69986492072681,4.70025788928443
Train,4.80705183205883,4.80730235295426
Train,4.90998781878905,4.9104591257761
Train,5.00916328085571,5.00908077717979
Train,2.12358485252895,2.12414593002515
Train,2.35687510462215,2.35701080262862
Train,2.57630097507879,2.57620680565742
Train,2.7835463975625,2.78366392744926
Train,2.97914002944791,2.97911196826607
Train,3.16447083208418,3.16462259775253
Train,3.33991431861208,3.33988302604077
Train,3.50663138991981,3.50665040390181
Train,3.66507127915407,3.66547737265795
Train,3.81565865143579,3.81542193017677
Train,3.95930000469031,3.95926673168798
Train,4.09614307690385,4.09629089969143
Train,4.22696645354881,4.22700493926637
Train,4.35201155667451,4.35214105499849
Train,4.47151224480521,4.47153778180623
Train,4.58609866651922,4.58611846632228
Train,4.69580904864332,4.69580640123758
Train,4.80119612694177,4.80128484322669
Train,4.90227187880251,4.90215783253615
Train,4.99952458775658,4.99946625082742
Train,3.54158992248062,3.54268743257105
Train,3.64932670739794,3.64852191254578
Train,3.75211986612313,3.75200670547133
Train,3.85070847423054,3.85158772245025
Train,3.94514966718438,3.94491320803567
Train,4.03551265646732,4.03573089471649
Train,4.12241475598331,4.12350408879035
Train,4.20587791784939,4.20575169255647
Train,4.28593634000573,4.28562731516298
Train,4.36311315704935,4.36433350812788
Train,4.43740690585964,4.4374521886946
Train,4.50897617693706,4.50868304536539
Train,4.57782520133718,4.57794751598175
Train,4.64438162176282,4.64429294287965
Train,4.70862447931945,4.70873014220286
Train,4.77054367453595,4.77052830800685
Train,4.83051144087317,4.83053645732572
Train,4.88849790715506,4.88835256795211
Train,4.94448323047384,4.94465799121737
Train,4.99879439946019,4.99863004126477
Train,2.96861348794602,2.96807412826169
Train,3.12006243081936,3.12004894707323
Train,3.26476624008512,3.26469659005539
Train,3.40266121368909,3.40268266780695
Train,3.53445711150059,3.53470747482292
Train,3.66054982043774,3.65965166386371
Train,3.78152260636192,3.78136662571574
Train,3.89725686105017,3.89730070984114
Train,4.00828840077774,4.00823406566388
Train,4.11489815131868,4.11480894245695
Train,4.21753284398514,4.21719783728037
Train,4.31604901785331,4.31575264804644
Train,4.41086311100029,4.41127823194766
Train,4.50217995229034,4.50155299654242
Train,4.59035105331564,4.59007570421529
Train,4.67522415541327,4.67511990520967
Train,4.75713090727361,4.75627438402526
Train,4.83622415071686,4.83657457459754
Train,4.91278683353426,4.91278872938593
Train,4.9866665259708,4.98589407948895
Train,3.73112152025016,3.73109459758797
Train,3.78505566398762,3.78488740012663
Train,3.83767877916289,3.83772766820918
Train,3.88948073095055,3.88941154134167
Train,3.94004384196557,3.9400049903582
Train,3.98983758678971,3.98986248724168
Train,4.03845933128003,4.03862207313171
Train,4.08635942430598,4.08606992777127
Train,4.13335100761955,4.13357197702897
Train,4.17926194807307,4.17913299787874
Train,4.22451603560118,4.22438531062077
Train,4.26874498367226,4.26880878829652
Train,4.31235618914258,4.31235253053579
Train,4.3551776152622,4.35515933349255
Train,4.39705010271392,4.39728216286016
Train,4.43835819269686,4.43792548235967
Train,4.47876383934296,4.47867084383861
Train,4.51863742212504,4.51894943279428
Train,4.55765197739223,4.55749413252619
Train,4.59616450056517,4.59573046689203
Train,3.37596356618039,3.37615969386427
Train,3.43385252019318,3.43384003182064
Train,3.49038089165988,3.4901975397
Train,3.54607214981692,3.5460107934085
Train,3.60070894756255,3.60097686453426
Train,3.65409103245976,3.65416746327169
Train,3.70671106027392,3.70642799245962
Train,3.75814070601598,3.75837133964467
Train,3.80885360351466,3.80882645875761
Train,3.85864962627429,3.85861147670864
Train,3.9073436005585,3.90744522692333
Train,3.95538263564551,3.95550452183422
Train,4.0025760387495,4.00256772544822
Train,4.04874695189893,4.0488015504351
Train,4.09431815382023,4.09423407109469
Train,4.13891553375531,4.13922466628946
Train,4.18294676083556,4.18318877649725
Train,4.22623552293009,4.22602935308737
Train,4.26861771268798,4.26840697849802
Train,4.31047981209282,4.31063568237592
Train,3.80648744678725,3.80721939335776
Train,3.88817414648541,3.8885402073737
Train,3.9673419079164,3.9673983163799
Train,4.04410547507773,4.04427263274133
Train,4.11857272703358,4.11891515447592
Train,4.19084518374526,4.19106626424213
Train,4.2610184678258,4.26098647890406
Train,4.32918272663514,4.32952175040466
Train,4.39542301863376,4.39572483346628
Train,4.4598196674767,4.45969594682825
Train,4.52229338230476,4.52253032238486
Train,4.58323054925241,4.58360781227709
Train,4.64253958882269,4.64253867383733
Train,4.70028489160498,4.70051517640776
Train,4.75652749693512,4.75670312959131
Train,4.81132530811805,4.81127350752411
Train,4.86473329127436,4.8649091674389
Train,4.91680365924644,4.91674023693147
Train,4.96758604185765,4.96752114198257
Train,5.01712764369139,5.01712818468118
Train,3.95502014602191,3.95495207468901
Train,4.02500081959128,4.02486418489439
Train,4.09305442226825,4.09305011422687
Train,4.15907340829941,4.1592998299237
Train,4.2235091680474,4.22340612843078
Train,4.28624086887074,4.28610024133144
Train,4.34733522654095,4.34745530801511
Train,4.40685551903343,4.40640583429579
Train,4.46469864100186,4.46508096437325
Train,4.52125203507968,4.52097934153947
Train,4.57640252576081,4.57642209749404
Train,4.63020167561379,4.62991089752382
Train,4.68255079228133,4.68264581521856
Train,4.73379562519591,4.73359542787331
Train,4.78382929000936,4.78375387089638
Train,4.83269422403237,4.83264823088109
Train,4.88043090488689,4.88083059078288
Train,4.92694657720347,4.92641360586218
Train,4.9725438458373,4.97263946097037
Train,5.01712351890589,5.01677461453693
Train,4.29841779401732,4.2986973705042
Train,4.37576636230952,4.37603910083414
Train,4.45075305317021,4.45051733711484
Train,4.5231857571375,4.52311580157921
Train,4.5933367703075,4.59340659230506
Train,4.66131223366984,4.66119403269578
Train,4.72734756112364,4.7274484185624
Train,4.79126085126198,4.79135200071581
Train,4.85328020296701,4.85314182152313
Train,4.9134885715682,4.91361226277416
Train,4.97208470727067,4.97198217495668
Train,5.02889781816455,5.02907939521387
Train,5.08412163022613,5.08399887175615
Train,5.13782191247937,5.13780238690794
Train,5.19016865083657,5.19022529247544
Train,5.24100222806338,5.24087616454757
Train,5.29048916075971,5.2905229839157
Train,5.33868226082581,5.3386715236277
Train,5.38572856464135,5.38571656754177
Train,5.43147925079419,5.43140901622654
Train,3.80634689857586,3.80646830025505
Train,3.88818389374431,3.88789571596145
Train,3.96747550726277,3.96767351596778
Train,4.04433867437772,4.04393838332757
Train,4.11888327566754,4.11924960258057
Train,4.19121266114529,4.1912503123438
Train,4.26142412832175,4.26091858164197
Train,4.32960935887922,4.32961037601913
Train,4.39585481807703,4.39629206854219
Train,4.46024212054759,4.45994215369137
Train,4.52300872452169,4.52327790636106
Train,4.58390245932309,4.58389263061709
Train,4.64315717150108,4.64350155632053
Train,4.70083815648239,4.70077626467521
Train,4.75700728682593,4.75695415015635
Train,4.81172323361019,4.81154278924917
Train,4.86504167085719,4.86485821117931
Train,4.91701546449018,4.91710040474235
Train,4.96769484717344,4.96766540783961
Train,5.01712758024944,5.01690077383879
Train,2.12720289941401,2.12702845258348
Train,2.36895047556817,2.36891849526896
Train,2.59548052387839,2.59547108292262
Train,2.80765710218812,2.8072717259616
Train,3.00729918255065,3.0073373706667
Train,3.19501675556925,3.19515137847856
Train,3.37228899382507,3.3727434830577
Train,3.53954566493507,3.53952304107477
Train,3.69780982440076,3.6980025155301
Train,3.847975427811,3.8478960701234
Train,3.99029174654648,3.99015229152053
Train,4.12569721510124,4.12603774374149
Train,4.25436026838331,4.25462078660578
Train,4.37692578806624,4.37714663825391
Train,4.49396396148388,4.49342455454193
Train,4.60555980148241,4.60589293454939
Train,4.71235215167378,4.71215397239431
Train,4.81438775880535,4.81472325893705
Train,4.91222314216942,4.91189913256621
Train,5.0058764458363,5.00536093810955
Train,2.12577628543865,2.12499347371577
Train,2.35910542133341,2.35898445328638
Train,2.57855324877811,2.57862449705433
Train,2.78578953414083,2.78567353478433
Train,2.98136385622422,2.98098451801026
Train,3.16665168472096,3.1663185513936
Train,3.34204667520501,3.34180414218298
Train,3.50869701698244,3.50833313532607
Train,3.66706131847468,3.66668749158855
Train,3.81757200684407,3.8164105741318
Train,3.96112407600752,3.9602503365653
Train,4.09787862599108,4.09770703443251
Train,4.22860351212244,4.22757149191781
Train,4.35354693058741,4.35335280595546
Train,4.4729484448728,4.47199368611948
Train,4.58742855121314,4.58699871201968
Train,4.69703584038648,4.69668445791661
Train,4.80231404988286,4.8016729467565
Train,4.90328461943615,4.90309474493758
Train,5.00042743712401,4.99890880369046
Train,2.1252327531892,2.12523327395651
Train,2.35262959634089,2.35288241332878
Train,2.56774878669824,2.56759584723211
Train,2.77155853240541,2.77158954512676
Train,2.96511758587159,2.96529930541155
Train,3.14881931227696,3.1486211362122
Train,3.32356945527173,3.32342905199569
Train,3.49000675358271,3.48986419560803
Train,3.64871058829585,3.64841401285878
Train,3.8002077213954,3.80005029111192
Train,3.94512068778491,3.94407284696048
Train,4.08359654600292,4.08338487981045
Train,4.21618537723349,4.21621827165294
Train,4.34325478055089,4.34318345722667
Train,4.46514237411475,4.46469222675637
Train,4.5821587906009,4.58209451905701
Train,4.69470132429505,4.69468523166397
Train,4.80280802993744,4.80278091181535
Train,4.90683873015391,4.90687108172731
Train,5.00701967939389,5.00652101526962
Train,2.12563825515184,2.12583111621728
Train,2.35957580661594,2.35953821012079
Train,2.58003484437923,2.5803659220832
Train,2.78760067177418,2.78770423797918
Train,2.98388817134336,2.98390068907411
Train,3.16930290688473,3.16937420667916
Train,3.34518694965435,3.34529201864629
Train,3.51181632770522,3.51199919999502
Train,3.67011147006798,3.67029635770215
Train,3.82088143765786,3.82080845790528
Train,3.96427068415346,3.96412518831427
Train,4.10116975320082,4.10101712675769
Train,4.23166360433955,4.23164880678511
Train,4.35635636626489,4.35599529324135
Train,4.47578455163636,4.47577834320561
Train,4.58997152137304,4.58973418124378
Train,4.69954497021306,4.69942050317524
Train,4.80450006980822,4.80433839565378
Train,4.90539009692318,4.90520072853918
Train,5.00218930263703,5.00190046637165
Train,2.12939867670262,2.12976319570753
Train,2.34317312485391,2.34347651078455
Train,2.54732380204281,2.54743230576542
Train,2.74248627156825,2.74242309167131
Train,2.9292413378717,2.92902825563555
Train,3.10812081958014,3.10845966631122
Train,3.27961260727194,3.27949059747976
Train,3.44416510726636,3.44425812926497
Train,3.60219115666688,3.60206224776428
Train,3.75407148162967,3.75421938291217
Train,3.89996118436959,3.89994699573561
Train,4.04058605359105,4.04051786905282
Train,4.17604326244209,4.17608011573633
Train,4.30661252207658,4.30663595779457
Train,4.43255371475526,4.432555826459
Train,4.55410862035029,4.55401779789179
Train,4.67150246554501,4.67150325831252
Train,4.78494531661465,4.7850054280467
Train,4.89463333390844,4.89461832818607
Train,5.00074990379376,5.00065565595093
Train,4.29664048019049,4.29695028890959
Train,4.37365588780181,4.37364637297244
Train,4.44823768943357,4.44820283031674
Train,4.5203392141586,4.52038871975095
Train,4.59039238254246,4.59034761628696
Train,4.65833204598888,4.65846544147246
Train,4.7242524298127,4.7242341467091
Train,4.78824224028073,4.78825359512218
Train,4.85024711697362,4.85033948317494
Train,4.91062567773854,4.91046165464275
Train,4.96931032269479,4.96936820036185
Train,5.0263713497548,5.02647578841124
Train,5.08175191326154,5.08175896316068
Train,5.13576480681074,5.13571540093319
Train,5.18834283744974,5.18837925696302
Train,5.23954243180047,5.23948897877417
Train,5.28941709609736,5.2895141624916
Train,5.33790953720273,5.3379647299825
Train,5.38528680582464,5.38519054434553
Train,5.43148383603301,5.43137514748718
Train,4.29937141013488,4.2995754955034
Train,4.37682219789931,4.37684893467908
Train,4.45173384738423,4.45174149165509
Train,4.52422920908456,4.5242300853069
Train,4.59442333415318,4.59445421504771
Train,4.66242408367159,4.66240703980637
Train,4.72833268168494,4.72834933584584
Train,4.79224421796532,4.79221643146657
Train,4.85424810575537,4.85432674311448
Train,4.91442849912591,4.91445718248621
Train,4.97286467404463,4.97286203089996
Train,5.02963137678428,5.0296005031908
Train,5.08479914289027,5.08489985420333
Train,5.13843458956968,5.13846304689648
Train,5.19060068405011,5.19056479867645
Train,5.24135699018136,5.24144842759326
Train,5.29075989531044,5.29077044906431
Train,5.33886281924671,5.33888270487869
Train,5.38571640694519,5.38576542283705
Train,5.43136870636914,5.43160438556143
Train,3.80292719277638,3.80376604209747
Train,3.88437856516371,3.88434584009523
Train,3.96337632575466,3.96381440482496
Train,4.04002969703647,4.0399525696824
Train,4.11444151356633,4.11426109591359
Train,4.18687393367971,4.18714348431006
Train,4.25708319310227,4.25682634870625
Train,4.32532567877965,4.32542960354683
Train,4.39168289208522,4.39150240705152
Train,4.45623189261983,4.45629922114637
Train,4.51904559673657,4.51901556314253
Train,4.58019305230894,4.58015642432963
Train,4.63973969191895,4.63954760958617
Train,4.69774756641705,4.697854499734
Train,4.7542755606066,4.75445892610768
Train,4.80950583020654,4.80924390571207
Train,4.86323591520112,4.86330013841
Train,4.91564581305726,4.91555716006488
Train,4.96678359019412,4.96699115865007
Train,5.01669500762288,5.01635950847837
Train,3.80561764372524,3.80594259263181
Train,3.88720640513784,3.88807944906726
Train,3.96647764657886,3.96638723330495
Train,4.04316928642668,4.04351289801972
Train,4.11757872739867,4.11790056728126
Train,4.18997538778694,4.19028310840944
Train,4.26011091214848,4.26046078027321
Train,4.32824858438096,4.32806976150007
Train,4.3946276582346,4.39527651347035
Train,4.45901319711333,4.45934265024985
Train,4.52163988787521,4.52191018915743
Train,4.58257883023192,4.5822448936558
Train,4.64203636402681,4.64234480646536
Train,4.69979460762681,4.70026987745091
Train,4.7560568274691,4.75523961921096
Train,4.81100895772219,4.81111725768107
Train,4.8644451496216,4.86449572927577
Train,4.91654906803902,4.9163728843109
Train,4.96748914879306,4.96763388288467
Train,5.01707087650369,5.0168176862461
Train,4.29926837072573,4.30013386769357
Train,4.3765189847937,4.37690623848843
Train,4.45140841274446,4.45147361283518
Train,4.52376583722763,4.52415854775222
Train,4.59398556820681,4.5940118995474
Train,4.66190041917752,4.66198977585994
Train,4.72787398891343,4.72807895307141
Train,4.79174320336244,4.79184018327737
Train,4.85372563062882,4.85380070345209
Train,4.91401903176114,4.91418265658664
Train,4.97246704161038,4.97243474438986
Train,5.02937065399834,5.02937042092273
Train,5.08457816591872,5.08473756828453
Train,5.13826701551487,5.13820017054422
Train,5.19059925354224,5.19071291989184
Train,5.2414302435442,5.24132844799847
Train,5.29101341218977,5.29119074945888
Train,5.33920880350811,5.33918491987517
Train,5.38625396759431,5.38609105785035
Train,5.43201355690896,5.43212894585491
Train,2.12722064098751,2.12826774058751
Train,2.36648512160242,2.36744474252344
Train,2.59108522115809,2.59138665623929
Train,2.80176800019963,2.80205524703344
Train,3.00031560119314,3.00088760342357
Train,3.18724847838958,3.18787977837927
Train,3.36402723453242,3.36476139507234
Train,3.53101118752063,3.53122442713632
Train,3.6894145845325,3.69008454232389
Train,3.83948070424567,3.83962610363107
Train,3.98223183490613,3.98299590566418
Train,4.11782682944623,4.11788777501137
Train,4.2471361282419,4.24731747343892
Train,4.37025666284832,4.3705724703024
Train,4.48793711199598,4.48802095239922
Train,4.6002287231584,4.6004333642645
Train,4.70778133097119,4.70776024311918
Train,4.81061235358852,4.81082730933959
Train,4.90929048465327,4.90928188960575
Train,5.00380805803415,5.00408791932073
Train,1.39319080042102,1.39226592949454
Train,1.50113012877037,1.50097163820192
Train,1.6063474017394,1.6061870737715
Train,1.7089443058975,1.70883428614339
Train,1.80939333433093,1.80850330020337
Train,1.90702577795434,1.9079829982379
Train,2.00231441553937,2.000311406051
Train,2.09534264564486,2.09539594785252
Train,2.18618995650004,2.18515837321726
Train,2.27493215252998,2.27468658645788
Train,2.36196746862453,2.36222505698598
Train,2.44670581466237,2.44684640857467
Train,2.52954664049928,2.52780067681574
Train,2.61055297632279,2.61096491729152
Train,2.68978509131488,2.68833097467441
Train,2.76730064319489,2.76746502406299
Train,2.84344013462197,2.84310861092012
Train,2.91767976021737,2.91587195473451
Train,2.99036167092162,2.98999876065531
Train,3.06153438429168,3.06105879938639
Train,1.56109793891969,1.56125495588192
Train,1.6656878982115,1.66585736816215
Train,1.7675620934572,1.76746827952331
Train,1.86682494454299,1.86694928034921
Train,1.96393878639749,1.96384479205054
Train,2.05826237692066,2.05799193378187
Train,2.15025779863353,2.15062983077887
Train,2.24001019922683,2.24027104168396
Train,2.32760062427873,2.32755463723311
Train,2.41310626134646,2.41294575939805
Train,2.49691438833093,2.4971017598978
Train,2.57846044761871,2.57829330968041
Train,2.65813257280663,2.65815120375883
Train,2.73599462483371,2.73603111532765
Train,2.81210759551406,2.8123438175033
Train,2.88652976687614,2.88619005335017
Train,2.95959056535686,2.95994023439086
Train,3.03078996389235,3.03102841665518
Train,3.10045878079482,3.10039169809022
Train,3.16864584584779,3.16890916684479
Train,0.344694174001131,0.346549952872494
Train,0.552936784146457,0.553741768902667
Train,0.752101096541526,0.75234701543523
Train,0.943651842395905,0.943959798079765
Train,1.12759071777016,1.12845343621801
Train,1.30436260562312,1.30483998988465
Train,1.47398504689747,1.47359493347332
Train,1.63763938489299,1.63980274494237
Train,1.79526894815214,1.79571898983408
Train,1.94720041775546,1.94772645700314
Train,2.0933977916145,2.09405723423649
Train,2.23483408583172,2.23515978843389
Train,2.37142042321581,2.37318692380185
Train,2.50340206172452,2.50366822756694
Train,2.63071201679654,2.63292461989239
Train,2.7541658816878,2.75389623747402
Train,2.87365796546413,2.87460224742693
Train,2.98937596382693,2.98948994642136
Train,3.10123556800639,3.10130928814289
Train,3.20993059716851,3.21026953531676
Train,2.12448753889449,2.12435806834116
Train,2.37622797953964,2.37613196251105
Train,2.61047112295244,2.60988159431856
Train,2.82839227543483,2.82839406999702
Train,3.03191388259147,3.03155457004704
Train,3.22267470115968,3.22261717460635
Train,3.40135497169036,3.40117546932801
Train,3.56952092643052,3.5691732697548
Train,3.72764548591893,3.72741797471201
Train,3.87680367195223,3.87652685211827
Train,4.01792824162725,4.01767898493069
Train,4.15128883999401,4.1512107460175
Train,4.27768033745126,4.27709572616079
Train,4.39779814126922,4.39773711437695
Train,4.51178767973404,4.51181845202493
Train,4.62040118807866,4.62016758843293
Train,4.72372854541256,4.72352753600551
Train,4.82228049245842,4.82214984909152
Train,4.91650887796888,4.91627958182585
Train,5.00644653975295,5.00636910324074
Train,2.12456826023267,2.12422020968531
Train,2.3749758235058,2.37465061377387
Train,2.60820303671835,2.60798152333195
Train,2.82539770045133,2.82547548174778
Train,3.0286826549981,3.02840748526054
Train,3.21885977897169,3.21878020734265
Train,3.39761953264523,3.39766795948685
Train,3.56552411775455,3.56533427505119
Train,3.72373817524218,3.72382060268636
Train,3.87327114474478,3.87323577910948
Train,4.01445090612998,4.01440352471832
Train,4.14830597617044,4.14850971975716
Train,4.27506151192992,4.27514872972112
Train,4.3954242957991,4.39527407406247
Train,4.51001527665339,4.51035164103806
Train,4.61895534132228,4.61902639099763
Train,4.72292328045329,4.72290450235922
Train,4.82199282961842,4.82203006474095
Train,4.91674931430864,4.91690443317716
Train,5.00723153652459,5.00730864295437
Train,4.29777857691016,4.29688166287867
Train,4.3428579851726,4.34301576937234
Train,4.3871174397523,4.38620218667936
Train,4.43043972127265,4.43038474389077
Train,4.47312746448745,4.47301659415826
Train,4.51505935637664,4.51398266004843
Train,4.55625529601209,4.55622392239649
Train,4.59673449003953,4.59557178529127
Train,4.63638784818747,4.63552100876918
Train,4.67549072235413,4.67460383454741
Train,4.71393055226305,4.71187008464464
Train,4.75172406041017,4.75141420429558
Train,4.78876814134699,4.78858738275964
Train,4.82531893001252,4.82457827067107
Train,4.86127026145525,4.86090033967405
Train,4.8966367629717,4.89585151013224
Train,4.93143258980558,4.93150800960004
Train,4.96556152266146,4.96505587717988
Train,4.99925840982208,4.99834775571092
Train,5.03242439924131,5.03126031614393
Train,4.11319932305378,4.11352348145519
Train,4.17075527596145,4.17101780671728
Train,4.22703769537236,4.22738012440932
Train,4.28208838774211,4.28220914411704
Train,4.33594734948429,4.33594463420533
Train,4.3886528638804,4.38879939371948
Train,4.44024159182955,4.44069956270265
Train,4.49074865688979,4.49090424834845
Train,4.54020772502586,4.54015278135843
Train,4.58865107944364,4.58884294621134
Train,4.63623981531012,4.63637897211708
Train,4.68274080267558,4.68278509639918
Train,4.72831538864822,4.72830866675398
Train,4.77299098409923,4.77300194917029
Train,4.8167939290642,4.81681033385118
Train,4.85974954452899,4.85973157570502
Train,4.90188218123922,4.90180446860328
Train,4.94321526573096,4.94320618837815
Train,4.98377134376546,4.98374197291432
Train,5.02357212133719,5.0234637800492
Train,5.34085887621603,5.34093982104355
Train,5.36721410677892,5.36719209832755
Train,5.39309427560669,5.39291080150634
Train,5.41869783892018,5.41879422844994
Train,5.44393691019073,5.44390120836238
Train,5.46872871561533,5.46875700789398
Train,5.49326303674949,5.49326285114779
Train,5.51736737991601,5.51740727517973
Train,5.54122606221557,5.54129280444207
Train,5.56475674883235,5.56487031985964
Train,5.58788171936932,5.58769357863527
Train,5.61077752604846,5.61070697362202
Train,5.63336492605065,5.63345362598196
Train,5.65556902245966,5.65565768774962
Train,5.6775590877445,5.6775406326834
Train,5.69917984269011,5.69906546747525
Train,5.7205959589905,5.72074672377512
Train,5.74173298466496,5.74155756674663
Train,5.76252041036768,5.76245503213025
Train,5.78311634976733,5.78323996128639
Train,4.29084151725906,4.29137878069177
Train,4.33470010483652,4.33522940912489
Train,4.37773721269599,4.37804232142873
Train,4.41997570640715,4.41986696647212
Train,4.46143761073512,4.46169322750794
Train,4.50214414793565,4.50223550801392
Train,4.54211577397613,4.54193061448228
Train,4.58137221281241,4.58157980042386
Train,4.61993248884198,4.62028927064429
Train,4.65781495764588,4.65787005608814
Train,4.69503733512348,4.69498321030621
Train,4.73161672511755,4.73179688802899
Train,4.76756964561985,4.7674108950101
Train,4.80291205364186,4.80324431248172
Train,4.8376593688291,4.8377405742574
Train,4.87182649589264,4.87195655122884
Train,4.90542784592618,4.90550790735992
Train,4.93847735667297,4.93842349879978
Train,4.97098851180219,4.97105554505083
Train,5.00297435925108,5.00294293809049
Train,2.12575379185299,2.12629716340156
Train,2.36184053442118,2.36134407014902
Train,2.58347892805492,2.58354442142821
Train,2.7924929982796,2.79183370294481
Train,2.9896772068128,2.98972170745103
Train,3.17600824102762,3.17547868108797
Train,3.35213082445846,3.35227920952025
Train,3.51929238149203,3.5190182769398
Train,3.6779546371834,3.67750168219472
Train,3.82874973914072,3.82718135063931
Train,3.97206318977672,3.97114016121179
Train,4.10879162028897,4.10760138347502
Train,4.23920961072463,4.23806971511333
Train,4.36374417654053,4.36241764876037
Train,4.48263045988161,4.48164493059081
Train,4.5965391637794,4.59570935999296
Train,4.70563476099865,4.70386331340639
Train,4.81021599991231,4.80938150884053
Train,4.91042719373235,4.9091371839398
Train,5.00678659759685,5.00563988940886
Train,2.12996243104071,2.13186952252904
Train,2.36380029922344,2.36414461371028
Train,2.58364577230244,2.58410487333825
Train,2.79111200653752,2.79132310794247
Train,2.98702950983806,2.98761866561026
Train,3.17216022997999,3.17284468601696
Train,3.34770506440688,3.34787824549594
Train,3.51407231242874,3.51443091738553
Train,3.67226467345,3.67255815217977
Train,3.82272654759459,3.82290379958106
Train,3.96587434985148,3.96617340354998
Train,4.10248942550304,4.10250580062096
Train,4.23288425011461,4.23304041813777
Train,4.35735511051347,4.35751042087592
Train,4.47652448724171,4.47657127250282
Train,4.59050556296247,4.59064284057047
Train,4.69983909093505,4.69989815939942
Train,4.80470308896046,4.80464647875866
Train,4.90526970660568,4.90538867175794
Train,5.0019830391867,5.00212592640279
Train,2.8140817237395,2.81407847021737
Train,2.97068681228013,2.97014856586124
Train,3.1209826968802,3.12076260654917
Train,3.26579719494306,3.2654549050342
Train,3.40520539118592,3.40486788375265
Train,3.53950448495652,3.5395239419294
Train,3.66876686011091,3.66822285681681
Train,3.7936627984433,3.79344833018063
Train,3.91421987871646,3.91404914966834
Train,4.03066033720511,4.03049915663891
Train,4.1430144555583,4.14259932268877
Train,4.25183571848964,4.25176696363244
Train,4.35712206066402,4.35684201096352
Train,4.45904297040337,4.45881091833593
Train,4.55760180901993,4.55760322879047
Train,4.65326326365141,4.65309632780318
Train,4.74600677289787,4.74592649339697
Train,4.83596383955697,4.83475658390691
Train,4.92312057439473,4.92298600385177
Train,5.00787267668211,5.00722703395194
Train,2.75198417435638,2.75189275568773
Train,2.93176011806198,2.93127976244375
Train,3.10151818265004,3.10102680924839
Train,3.26186363350618,3.26110482827937
Train,3.4139548263443,3.41327130452045
Train,3.55822434517798,3.55765041314423
Train,3.69526043797068,3.69482745138801
Train,3.82559380780036,3.82501877204097
Train,3.94954207967051,3.94924694099576
Train,4.06787280033881,4.06686553686782
Train,4.18081116729331,4.18034919604003
Train,4.28871756503328,4.28826486917439
Train,4.39178563246932,4.39152079839591
Train,4.4905926500313,4.49000095127646
Train,4.58527299341893,4.58500552541395
Train,4.6760799001637,4.67576555373035
Train,4.76324630290442,4.76270449131801
Train,4.84687677479604,4.84677985208728
Train,4.92739369372744,4.92675332755028
Train,5.00486566914305,5.00415522051868
Train,3.8417176507736,3.84152432566795
Train,3.91584784032434,3.91583914497717
Train,3.98835474569483,3.98849710175111
Train,4.05893737521305,4.05871630946925
Train,4.12784305434423,4.12774439074785
Train,4.19513084467693,4.19534790603976
Train,4.2610215263498,4.26099600913174
Train,4.32523616459041,4.32514657287636
Train,4.38799439595774,4.38793949463416
Train,4.44934521247906,4.44928800994364
Train,4.50948561884176,4.5096516774239
Train,4.56815673274474,4.56795509921634
Train,4.62555494466262,4.62571081167815
Train,4.68172123451424,4.68154304079753
Train,4.73683253413611,4.73682183812542
Train,4.79064817149392,4.79068755117357
Train,4.84334483339475,4.8433441431084
Train,4.89495706061632,4.89480675206962
Train,4.94564468222251,4.94554034060027
Train,4.99518356304237,4.99521042164828
Train,3.98253890065541,3.98233999391
Train,4.08761369672928,4.08751324726367
Train,4.18854649511616,4.18864472182669
Train,4.28521546873796,4.28480747006234
Train,4.37823206549898,4.37822248485395
Train,4.46746501188722,4.46757241505289
Train,4.55346149080236,4.55335285159098
Train,4.63608455940227,4.63585451218681
Train,4.7156775834943,4.71555452195398
Train,4.79254802685745,4.79255286116896
Train,4.866555381053,4.86628552749252
Train,4.93812420924155,4.938138883739
Train,5.00711390613794,5.00648979979612
Train,5.07378616767312,5.07366233481407
Train,5.13837683026624,5.13834014194919
Train,5.20074737278202,5.20022515944664
Train,5.26123676121662,5.26145140251958
Train,5.31970887196367,5.31909076867668
Train,5.37647556806557,5.37599016547662
Train,5.43140365366362,5.42980408595983
Train,2.57541751153218,2.57552372056081
Train,2.66773351037141,2.66753269342558
Train,2.75724372216523,2.7569919567691
Train,2.84457538205123,2.84442995639048
Train,2.92956155818734,2.92964709210754
Train,3.0120574683691,3.01166358872878
Train,3.09263369745496,3.09259824473264
Train,3.17112960087315,3.17135200847436
Train,3.24740453320948,3.24704091182064
Train,3.32197990350572,3.32213444746448
Train,3.39470159682592,3.39371563541249
Train,3.46563787842457,3.46609827513886
Train,3.53465434688069,3.53405053189806
Train,3.60221630237717,3.60237806013961
Train,3.66817838554342,3.66731338837145
Train,3.73241114170206,3.73275299945973
Train,3.79534363890809,3.79481399895783
Train,3.85683695974665,3.85654266508672
Train,3.91676666194235,3.91650058721582
Train,3.9755297286727,3.97525127734577
Train,3.80579671084509,3.80549254567353
Train,3.88761316313648,3.88784506234133
Train,3.96672438214273,3.96637112215918
Train,4.04359978103431,4.04359658896593
Train,4.11816832579792,4.11828508452734
Train,4.19037317230911,4.19050569970592
Train,4.26063355140795,4.26013487069354
Train,4.32872618057114,4.32893120716363
Train,4.39504124743278,4.39475281166965
Train,4.45950510390379,4.45978248730593
Train,4.52205618977385,4.52192294600777
Train,4.58304654219205,4.58340170515709
Train,4.64240270334928,4.64235286061637
Train,4.70006219848319,4.69988144005674
Train,4.75634433085773,4.75644604110944
Train,4.81105583117705,4.81109209985718
Train,4.86449670167471,4.86428028523006
Train,4.9165954840518,4.91672906628273
Train,4.96729010380623,4.9671255637661
Train,5.01685478030241,5.01684963886925
Train,3.98188350097481,3.98201707778028
Train,4.08680313198991,4.08700978221314
Train,4.18743392569821,4.1876522589327
Train,4.28403358940905,4.28422782976039
Train,4.37683958905783,4.37691241439646
Train,4.46621432301762,4.46653571527142
Train,4.55206859007462,4.55213589388103
Train,4.6347388523018,4.63498403429256
Train,4.71439900882862,4.71460367697408
Train,4.79121052153352,4.7914630368803
Train,4.86532350740154,4.86554461784831
Train,4.93687771773986,4.93708434163766
Train,5.00600341769128,5.00591811535684
Train,5.07282217769136,5.07284238064962
Train,5.13744758698589,5.13749564299206
Train,5.20008659660723,5.19985606200441
Train,5.26063413302367,5.2606900035272
Train,5.31928749055971,5.3194198092966
Train,5.3761341869516,5.37591183008205
Train,5.43125643020805,5.43134722734554
Train,3.80668383142648,3.80615182897715
Train,3.88882324463649,3.88806032062653
Train,3.96818513953141,3.96792359045073
Train,4.0452662335182,4.04589014608521
Train,4.11998889692586,4.11931475195508
Train,4.19229098888572,4.1921240702242
Train,4.26261526232672,4.26240996047132
Train,4.33088218963967,4.33092355826256
Train,4.39702627130198,4.3966731191282
Train,4.46144474884924,4.46095892261598
Train,4.52405781885642,4.52443814794886
Train,4.58494033062171,4.58428494961399
Train,4.64402494988882,4.6442309100377
Train,4.7016585324601,4.70041962244155
Train,4.75776254791856,4.75776457929272
Train,4.81226961763522,4.81236996243687
Train,4.86549494651916,4.86477189936707
Train,4.91736174083572,4.91757935826369
Train,4.96780333482289,4.96702433121604
Train,5.01710749632245,5.01657045198559
Train,3.8065923949056,3.80689406340775
Train,3.8886064197217,3.88789799852976
Train,3.96786976195571,3.96872198089773
Train,4.0448689179732,4.04340799887146
Train,4.11935854780802,4.11960405931577
Train,4.19178912752817,4.19231911592373
Train,4.26192366820588,4.26083980961816
Train,4.33018053607644,4.33081407053948
Train,4.39633105603756,4.39615629786234
Train,4.46076484849178,4.46016830234501
Train,4.52326142725459,4.52314101271635
Train,4.58418457612679,4.58453006571492
Train,4.64332181158807,4.64297426367261
Train,4.70101360927798,4.70095257051743
Train,4.75705526032968,4.75743487397592
Train,4.81176613996812,4.81147001018078
Train,4.86494905877313,4.86430647985444
Train,4.91690422774519,4.91705067032291
Train,4.96744170531372,4.96727588170656
Train,5.01684424331222,5.01643278617646
Train,3.80598169005923,3.80585491434227
Train,3.88779166806166,3.88742722055737
Train,3.96724349491768,3.96721236967686
Train,4.04408185478775,4.0443180909281
Train,4.11860531520063,4.1181995757334
Train,4.19091693476019,4.19110162749251
Train,4.26127611010044,4.26099240188189
Train,4.32944489962584,4.32940119112587
Train,4.3956767528864,4.39559362081193
Train,4.4600530671393,4.45997986482084
Train,4.52279565009858,4.52238102798895
Train,4.58368347116849,4.58346765622718
Train,4.64293431625981,4.64274561082696
Train,4.70061332515475,4.70049368019276
Train,4.75691234861754,4.75627621443856
Train,4.8116263403641,4.81154165361822
Train,4.86494444162969,4.86470122118297
Train,4.91691939854648,4.91682840882045
Train,4.96771882120041,4.96737959521979
Train,5.01715252220658,5.01661486790509
Train,3.80611745251136,3.80687467067062
Train,3.88797624132592,3.88825843250016
Train,3.96729311878952,3.96803063647265
Train,4.04401258563774,4.04403038488537
Train,4.11859352704821,4.11822079023895
Train,4.19096154830705,4.19109648473151
Train,4.26121370022128,4.26137754894537
Train,4.32944144029445,4.32949239498362
Train,4.39558250687602,4.39574312331739
Train,4.46001950625772,4.46041945347076
Train,4.52267654508243,4.52272723091262
Train,4.58362637107861,4.58361585521776
Train,4.64280482988252,4.64258986737842
Train,4.70054659279845,4.70082054292551
Train,4.75677680023322,4.7567573762901
Train,4.81155403926451,4.81150900223767
Train,4.86493390785072,4.86504384552687
Train,4.91685242712222,4.91675330501772
Train,4.96759620615572,4.96780789806249
Train,5.01709318144252,5.01681243520041
Train,2.13110503377716,2.13216354951544
Train,2.35756594039655,2.35717224108911
Train,2.57210037883986,2.57219597742939
Train,2.77517082443318,2.77517878290759
Train,2.96810411893084,2.96852804297
Train,3.1512295209872,3.15099086756808
Train,3.32566733230252,3.32550899461612
Train,3.49164818564297,3.49204508512569
Train,3.65012812832061,3.65000772799193
Train,3.80126413950996,3.80105889745124
Train,3.94587996244982,3.94586170658352
Train,4.08407718700531,4.0842109460608
Train,4.21657174553676,4.21651566844188
Train,4.34342335170367,4.34300742880685
Train,4.46525915279511,4.46541230630481
Train,4.5821070869374,4.58163167101241
Train,4.69452047452633,4.69469170692336
Train,4.80250309683787,4.8023462063176
Train,4.90654633848788,4.90661276440464
Train,5.00663561660344,5.00639192785028
Train,2.12542718901151,2.12511032137771
Train,2.35680946642296,2.35643855477595
Train,2.57479096064832,2.57447906885331
Train,2.78093242996199,2.78077988701525
Train,2.97596930016715,2.97583364291102
Train,3.16058243735891,3.16040683042555
Train,3.33595177927774,3.33578678425322
Train,3.50240607310473,3.50230444014382
Train,3.66093959731246,3.66086710179793
Train,3.81194632167764,3.81189460837483
Train,3.95579907932705,3.95574431666123
Train,4.09328230255759,4.09327823779297
Train,4.22467195265162,4.22455923329658
Train,4.35023256725699,4.35017624832693
Train,4.4705959788426,4.47059622626347
Train,4.58583598150907,4.58583375871099
Train,4.6965051107009,4.69645565025333
Train,4.8027582378426,4.80270819562678
Train,4.90474721886879,4.90470861516139
Train,5.00292996845484,5.00284480834036
Train,3.09471856431002,3.09597199951661
Train,3.23500323401663,3.23571495742434
Train,3.36948600584679,3.36944588291111
Train,3.49814142093172,3.49886770378479
Train,3.62152099346461,3.62211796087998
Train,3.74011669859572,3.74040249169054
Train,3.85386675800813,3.85398326523038
Train,3.96338341441379,3.96377543910682
Train,4.06858886865565,4.06900042727723
Train,4.16988148579777,4.17034957863295
Train,4.26761921468376,4.26792969572237
Train,4.36170860181815,4.36171033896259
Train,4.4524835826098,4.45263184480266
Train,4.54024536245122,4.54058270929491
Train,4.62489176091581,4.62520944706028
Train,4.70682671634155,4.70715556219873
Train,4.78594487316106,4.78593806325814
Train,4.86250170191183,4.86255160327827
Train,4.93672894857503,4.93677763552956
Train,5.00851923481957,5.00864982672168
Train,3.12102400733333,3.12092734465717
Train,3.2516600495853,3.25109413006521
Train,3.37764850734976,3.37742970652507
Train,3.49961886205335,3.49763800485664
Train,3.61738623568338,3.61560870918839
Train,3.73152542089861,3.73099655436638
Train,3.84185090945959,3.83882952523682
Train,3.948889628503,3.94813469613141
Train,4.05245698182108,4.05009325959567
Train,4.1530377787631,4.15180484781952
Train,4.25044947762383,4.24972851493918
Train,4.34513964281639,4.34447420303276
Train,4.43692862425731,4.43698099647976
Train,4.52623089738912,4.52585033394255
Train,4.61287030698899,4.61196055291424
Train,4.69723180404271,4.69666843964987
Train,4.77914315195154,4.77719669866532
Train,4.85896285064671,4.85867185687
Train,4.93652286807139,4.93473888120431
Train,5.01215791623429,5.01163787062989
Train,2.12802222313387,2.12869154268309
Train,2.36490506830686,2.36501090455688
Train,2.58741701361465,2.58773376273216
Train,2.79682731094542,2.79689520050282
Train,2.99426001799898,2.99511763826621
Train,3.18050290524228,3.18108230671019
Train,3.35688074995192,3.35870565027722
Train,3.5239672003733,3.52386447168171
Train,3.68247760551795,3.68329675222279
Train,3.83305571837262,3.83387452634486
Train,3.97628243440013,3.97644397517648
Train,4.11268328066721,4.11271848937381
Train,4.2427348591471,4.24305950716633
Train,4.36687041070761,4.36749113842816
Train,4.48548463667067,4.48512220400717
Train,4.59880853452407,4.59948730488744
Train,4.70743593043426,4.70753595789068
Train,4.81153385241181,4.81159828922903
Train,4.91137981519434,4.91133627427217
Train,5.00722911664882,5.00719248906764
Train,1.81038368656383,1.81141846514449
Train,2.02548317459678,2.02630076441831
Train,2.22448315080535,2.22486649315523
Train,2.40912590843956,2.40845658170325
Train,2.58091109202867,2.58151100745417
Train,2.74113651813628,2.74092573621361
Train,2.89093102363444,2.89122041976052
Train,3.03128110080254,3.03086358886337
Train,3.16305264842496,3.16343734165689
Train,3.28700885272938,3.28616460214917
Train,3.4036290244048,3.40430197466848
Train,3.51391553922327,3.51419644371974
Train,3.61819508414626,3.61781738011139
Train,3.71694542006264,3.716701491139
Train,3.81059495178111,3.8112916242104
Train,3.8995289411069,3.89911725846095
Train,3.98409480442473,3.98421179866487
Train,4.06460664839623,4.06438897438963
Train,4.14134916861401,4.14123998447364
Train,4.21458101321029,4.21497441900638
Train,3.63871956291818,3.63785752583154
Train,3.68443844465506,3.68534911112056
Train,3.72943380900986,3.7294013855842
Train,3.77372269602578,3.77394222665191
Train,3.81732161481877,3.81682354134448
Train,3.86024656409576,3.86047205951844
Train,3.90251305172862,3.90318393033235
Train,3.94413611343421,3.94389474043082
Train,3.98513033060777,3.98480223601243
Train,4.02550984735411,4.02606591871169
Train,4.06512318277353,4.06460940428468
Train,4.10431649407969,4.10469677718135
Train,4.14293501937491,4.14259915411547
Train,4.18099131082732,4.1813068868217
Train,4.21849755776087,4.2187167290475
Train,4.25546559967218,4.25593542996735
Train,4.29190693869096,4.29109782239876
Train,4.3278327515116,4.32783210030478
Train,4.36325390082198,4.36307529986329
Train,4.39818094625394,4.39829225842273
Train,2.12394485879005,2.12388578505646
Train,2.36253145342356,2.36222915114671
Train,2.58639664325875,2.58563428695471
Train,2.79686217341245,2.79593610217275
Train,2.99509615828359,2.99220564732178
Train,3.18213477249621,3.18035177195158
Train,3.35890036774416,3.35766989128075
Train,3.52621668424383,3.52471577405417
Train,3.68482168623649,3.68432261775358
Train,3.83537844351841,3.8347925282929
Train,3.97865648210298,3.97790940846387
Train,4.11484315904178,4.11390657252316
Train,4.24460817712452,4.24388958821459
Train,4.36839527853357,4.36752542235048
Train,4.4866082419962,4.48588568478585
Train,4.59961528261212,4.5992678444159
Train,4.70775288291926,4.70739583441912
Train,4.81132913916585,4.81095430041722
Train,4.9106266928821,4.91023440856108
Train,5.00590530649725,5.00529298159513
Train,2.12454614480475,2.12513913583624
Train,2.36124242760022,2.36171698636904
Train,2.583596571022,2.58287902381179
Train,2.79287379339299,2.79281493503395
Train,2.99019474602229,2.98938481553276
Train,3.17634440962545,3.17609194957917
Train,3.35264488666534,3.35269301875768
Train,3.51966784244275,3.51919626427255
Train,3.67812682368655,3.67709480826516
Train,3.82866403305453,3.82852807430208
Train,3.97185902836873,3.97131532491651
Train,4.10823617927866,4.10794854271696
Train,4.23827108360367,4.2382915496366
Train,4.36239610883781,4.36186325876969
Train,4.4810051948849,4.4805868701587
Train,4.5943286719227,4.59381722231946
Train,4.70295978316444,4.7026625829198
Train,4.80706504866697,4.80654965334453
Train,4.90692153400672,4.90681233866933
Train,5.00278414163215,5.00208876330216
Train,3.61781769545303,3.61820927133354
Train,3.71311090183243,3.71364139555436
Train,3.8052118033507,3.8052381979882
Train,3.89461685899784,3.89477350437888
Train,3.98127783886077,3.98123532204189
Train,4.06515968127861,4.06562443265575
Train,4.14670308777205,4.1470277862048
Train,4.22570352652498,4.22558559977046
Train,4.30256964684118,4.30300044214101
Train,4.37724455012331,4.37723878116542
Train,4.44968274008806,4.44987439519447
Train,4.52025102506863,4.52065492597929
Train,4.58889006716147,4.58886632759447
Train,4.65555096029226,4.65569737389955
Train,4.72056486130055,4.72033000321376
Train,4.78375096267509,4.78396562029751
Train,4.84541951261419,4.84556133270231
Train,4.90550990522963,4.90561130968975
Train,4.96397052250287,4.96408680743455
Train,5.02108382208846,5.02079718569351
Train,3.80529054130264,3.80479402883761
Train,3.88679681874998,3.88662048854895
Train,3.96582059737692,3.96553107735071
Train,4.04247359291613,4.04261602026914
Train,4.11702058066718,4.11634021996664
Train,4.18923660522049,4.18930202200076
Train,4.2593794489494,4.25970420749656
Train,4.32753712397606,4.32758516768968
Train,4.39379273013306,4.39316323239374
Train,4.45822479296398,4.45809651467468
Train,4.52104228020264,4.52070680742006
Train,4.58204247929134,4.58241582964554
Train,4.64143038938043,4.64107450953446
Train,4.69926909806741,4.69937311367353
Train,4.75561844390338,4.75544954559356
Train,4.81053522289395,4.81037304362093
Train,4.86418855309537,4.86439951275093
Train,4.91639651904905,4.91625810533004
Train,4.96732599419534,4.96735763695333
Train,5.01702337281038,5.01659667806278
Train,3.80736096473406,3.8075654149261
Train,3.88858403413005,3.88980485367358
Train,3.96735867808067,3.96710174567319
Train,4.04379396240969,4.04392055925774
Train,4.11799256989397,4.11850454386377
Train,4.18989753363257,4.18987713959944
Train,4.25991190495825,4.26020419513197
Train,4.32796357812471,4.32883061591214
Train,4.39413394220815,4.39421308974375
Train,4.45849994758805,4.45829304766427
Train,4.5211344044673,4.52153380564229
Train,4.58210625762007,4.58207209704229
Train,4.64148083954705,4.64134602377856
Train,4.69932010399234,4.69998234532063
Train,4.75568284157655,4.75541239951685
Train,4.81050745255944,4.81102741188625
Train,4.86408474244579,4.86408847990703
Train,4.91634471224362,4.91659023177514
Train,4.96733535591866,4.9670750228055
Train,5.01710236398957,5.01702353738865
Train,2.61222951173734,2.61173630110205
Train,2.80811446214001,2.8069606840938
Train,2.99245153987645,2.99182566806944
Train,3.16576291100847,3.1651816065634
Train,3.3294516305902,3.32799867228623
Train,3.48387819132424,3.48318435865188
Train,3.63020333715609,3.62924326951702
Train,3.76867178625001,3.76603610538125
Train,3.90025659835759,3.89760112219556
Train,4.02511866849551,4.0237177407055
Train,4.14408337770664,4.14237042554947
Train,4.25725040133072,4.25450638579979
Train,4.36532726481494,4.36087168570965
Train,4.46836864157228,4.46590348879939
Train,4.56698679313312,4.56669401266668
Train,4.66120317185336,4.65693781417583
Train,4.75155213950906,4.75013691132281
Train,4.83803057829081,4.83703064452638
Train,4.92110847417142,4.92117602773972
Train,5.0007645517408,4.99851231452613
Train,2.41282712050804,2.41269291828697
Train,2.63109429546865,2.63085413209501
Train,2.83499448716023,2.83485160879277
Train,3.02637901735132,3.02617097232686
Train,3.20614058019622,3.20601634557335
Train,3.37530678295193,3.37501575171372
Train,3.53458766572841,3.53422406813823
Train,3.68520263962307,3.68420558275523
Train,3.82766101707114,3.82666617068456
Train,3.96260791403029,3.96123141582863
Train,4.09046122106435,4.08932530096397
Train,4.21207163177726,4.21017816789921
Train,4.32773961627218,4.32713077514668
Train,4.43789034675677,4.43680753746813
Train,4.54277702375156,4.54199142372111
Train,4.64302076594095,4.64242828000062
Train,4.73880211646381,4.73814551529594
Train,4.83041255545816,4.82982862514379
Train,4.91800795756756,4.91687045333329
Train,5.00205880059445,5.00077118634295
Train,3.80573082075371,3.80485723024781
Train,3.88773727770744,3.88775991557474
Train,3.96701709542473,3.96695004318374
Train,4.04402828289242,4.04354269270132
Train,4.11855134446702,4.11805842610196
Train,4.19101016451579,4.19109261671097
Train,4.26119208402135,4.26065273018412
Train,4.32949058491133,4.3294737557334
Train,4.39569993085284,4.39568840462856
Train,4.46018640179187,4.46029858789257
Train,4.52275117028072,4.52267416154752
Train,4.58373608070372,4.58373378912634
Train,4.64294912850176,4.64295649841672
Train,4.70071012561216,4.70069067031337
Train,4.75683375293796,4.75706246169063
Train,4.81161988722901,4.81146133801571
Train,4.86488972160738,4.86486868344726
Train,4.91692503600415,4.91713173234918
Train,4.96755333844134,4.96751786015456
Train,5.01703993013606,5.01697085188461
Train,3.80679963017006,3.80790087991202
Train,3.88853619945631,3.88813884115401
Train,3.96790495497618,3.96844804742282
Train,4.0446788190934,4.04591600278314
Train,4.11914158398224,4.11877954997293
Train,4.1913960576722,4.1912452347328
Train,4.26168896550085,4.26161329085603
Train,4.32980739164389,4.33044470399557
Train,4.39599177344604,4.39648619044766
Train,4.46032332614735,4.45990001089079
Train,4.52301259847589,4.52323440886819
Train,4.58386088680499,4.58423944921029
Train,4.64307442647552,4.64304888764885
Train,4.70071822294743,4.70058491910373
Train,4.75697405317594,4.75657762655879
Train,4.81165690988026,4.8117314198058
Train,4.86494560966168,4.86505009938348
Train,4.91689279812694,4.91672089384841
Train,4.96765701656937,4.96781955390742
Train,5.01706616086291,5.0167100526458
Train,2.1264630479748,2.12578350733846
Train,2.37653488173815,2.37655656394571
Train,2.60914260244254,2.60922786113303
Train,2.8260539302984,2.82587830908409
Train,3.0288058003377,3.02843188904319
Train,3.21851318760073,3.21843829910534
Train,3.39682319959956,3.39687584736529
Train,3.56453123581615,3.56437248345716
Train,3.72255555733417,3.72283184481195
Train,3.87171135732841,3.87168696007803
Train,4.01272482711095,4.01229784714781
Train,4.1462449798098,4.146686215477
Train,4.27285363793612,4.27219847821993
Train,4.39307390910113,4.39349416611724
Train,4.50737741030857,4.50725991849832
Train,4.61605901206237,4.61600188461051
Train,4.7197740013585,4.71956483059508
Train,4.81873533550023,4.81896048194073
Train,4.91326250996789,4.9131471426566
Train,5.00364701636392,5.00343131056449
Train,2.12529399055227,2.12540061990853
Train,2.3610535701869,2.36081427836731
Train,2.58268886024907,2.58237446046573
Train,2.79143221890031,2.79124282721882
Train,2.98837669011927,2.98774905340363
Train,3.17428418293765,3.17426710052199
Train,3.35045654353513,3.35032773943139
Train,3.51744905314268,3.51701145324467
Train,3.6759609975407,3.67561561320606
Train,3.82662239611984,3.82591462338524
Train,3.97000237094471,3.96972451211852
Train,4.10661633102428,4.10636810889496
Train,4.23693216296233,4.23654062112537
Train,4.36137558470172,4.36130258371552
Train,4.48033479145105,4.47987982825723
Train,4.5940346890195,4.59389445865428
Train,4.70306509449464,4.70220557106041
Train,4.80758836390749,4.80666436103162
Train,4.90787831398354,4.9074975124213
Train,5.00418702186823,5.00316142924354
Train,2.89537513363056,2.89596029792719
Train,3.0536379441106,3.05416450267088
Train,3.20420484140988,3.2048321757507
Train,3.34802429362926,3.34879647881684
Train,3.48515656987851,3.48531598924168
Train,3.61642334737393,3.61714635608947
Train,3.74184210854682,3.74273933918078
Train,3.86213073069763,3.86277368721481
Train,3.97727516498583,3.97756317435024
Train,4.08790741579409,4.08815627563505
Train,4.19399024030099,4.1954117509075
Train,4.2960839175057,4.29632693111201
Train,4.39413423522894,4.39415683980179
Train,4.48864103584654,4.48906677160958
Train,4.57953781612972,4.57957912522814
Train,4.66727308145552,4.66746111137416
Train,4.75177157289784,4.75184351680414
Train,4.83343786296961,4.83371608898486
Train,4.91219062008994,4.91230261046977
Train,4.98839656101453,4.98845886372017
Train,2.12906418543011,2.13037678827641
Train,2.35308141300262,2.35298587538243
Train,2.56542882672524,2.5653636727912
Train,2.76699515810088,2.76746367287819
Train,2.95858112928632,2.95831479121148
Train,3.14110098486479,3.14092470369794
Train,3.31481911535804,3.31507202770067
Train,3.48053063417806,3.48059251410664
Train,3.63877660574406,3.63889382758882
Train,3.79005041695326,3.79029850834928
Train,3.93480291554596,3.93483770488315
Train,4.07344689795771,4.07424935725244
Train,4.20636104075348,4.20623573040252
Train,4.33389335449844,4.33450721538721
Train,4.456364226402,4.45658990334075
Train,4.57419294059069,4.57421524081875
Train,4.68740004454056,4.68773053236783
Train,4.79636676456226,4.79573505282767
Train,4.90132696795993,4.90137002664317
Train,5.00249763470914,5.00232313047117
Train,2.11327924112793,2.11427186031756
Train,2.35658173031271,2.35692020534134
Train,2.58402546934839,2.58498313734883
Train,2.79756895725251,2.79734993098072
Train,2.99823329121516,2.9982246477623
Train,3.18714950788917,3.18741454944713
Train,3.36512869458639,3.36576202881361
Train,3.53345533466973,3.53346617232978
Train,3.6927224139305,3.69272092833073
Train,3.84364216199312,3.84361355555506
Train,3.98669984920483,3.98696004044481
Train,4.12278726264177,4.12343626130098
Train,4.25226189343012,4.25232980269801
Train,4.37559430295279,4.37609930203173
Train,4.49308448494283,4.49326198921265
Train,4.60538031108931,4.60557876975151
Train,4.71270265088896,4.7128776388148
Train,4.81537475333231,4.81559987518897
Train,4.91358611179845,4.91388175178405
Train,5.00782502962246,5.00801981515921
Train,2.11931570564177,2.1210374361446
Train,2.3406265962765,2.34129305213968
Train,2.55116795758867,2.55202661402624
Train,2.75129450116235,2.75226930781667
Train,2.94195662315319,2.94198639832147
Train,3.12399779507719,3.1249953388246
Train,3.29763110619184,3.29777849001058
Train,3.46376840277535,3.46439010353636
Train,3.62255649902256,3.62311113564547
Train,3.77462943147285,3.77543896610059
Train,3.92055509928084,3.92059763304245
Train,4.0604092681375,4.06083226840622
Train,4.19470191116971,4.19518428965993
Train,4.32389192490515,4.32416766831213
Train,4.44800740475618,4.44813609596488
Train,4.56758893748675,4.56778986537687
Train,4.68264181646858,4.68278136208317
Train,4.79353331726023,4.79352811007108
Train,4.90059612973595,4.90068546516658
Train,5.00381083553416,5.00388366223198
Train,2.12839386717379,2.12958528903639
Train,2.365771339067,2.36591932364553
Train,2.58861642001629,2.58892811243215
Train,2.79822399569451,2.79898337004966
Train,2.99595677854541,2.99631431703729
Train,3.18238533043354,3.18269152773555
Train,3.35864594203122,3.3591289386037
Train,3.52554838030815,3.52488158094969
Train,3.68381865018817,3.68404952217072
Train,3.83410955193628,3.83354420161819
Train,3.97716753219631,3.9762916645016
Train,4.11320149800927,4.11284695759211
Train,4.24285952041615,4.24142067515545
Train,4.36657959778536,4.36574849825587
Train,4.48476050856266,4.48309441280154
Train,4.59776610501519,4.59714283013309
Train,4.70604892226684,4.70531002159535
Train,4.80966900378909,4.80938141511868
Train,4.90903120470013,4.90854682004725
Train,5.00439268407793,5.00385346034821
Train,3.72531940591216,3.72559908063962
Train,3.81355006248276,3.81380142070314
Train,3.89910370578193,3.8994259066421
Train,3.98176646028418,3.98189082415588
Train,4.06200497426463,4.06224344714668
Train,4.1396107291213,4.13979473756271
Train,4.21501447792363,4.21512088198327
Train,4.28801348777979,4.28813623976674
Train,4.35900664635875,4.3589001678362
Train,4.42779725741733,4.4278401766856
Train,4.49475579342107,4.49501583237298
Train,4.55969171397872,4.55971498644481
Train,4.62295004665311,4.62300913357843
Train,4.68434642897675,4.68424277841388
Train,4.74420301403268,4.74454746932331
Train,4.80234156827577,4.80238637747256
Train,4.85906360552771,4.85949655449979
Train,4.91419692076629,4.91407020260132
Train,4.96802434118798,4.96800344409142
Train,5.0203795533777,5.02048271028217
Train,2.12342114714285,2.12457954088846
Train,2.34787688663283,2.34933829138414
Train,2.56067714470089,2.5616056507169
Train,2.76270681057394,2.76308663674961
Train,2.95454483116554,2.95495117291942
Train,3.13735944970684,3.13802649977812
Train,3.31157383725271,3.31252960511168
Train,3.47778092391275,3.47882273841986
Train,3.63652035933355,3.63743894716618
Train,3.78828436590831,3.78907959267594
Train,3.93335700316597,3.93429493466823
Train,4.07248886439546,4.07311003650211
Train,4.20588483348326,4.20644459603782
Train,4.33389245095729,4.33480726075506
Train,4.4568317363142,4.45816949097779
Train,4.5749978593045,4.5755719190734
Train,4.68853339679662,4.68917230251088
Train,4.7979556877325,4.79812256208796
Train,4.90336333270543,4.90363704621235
Train,5.00497329444606,5.00478114129836
Train,2.1208704296624,2.1212439667681
Train,2.34465519429434,2.34308119312452
Train,2.55717767725885,2.55482226793684
Train,2.75878680337357,2.75822357115381
Train,2.95075851920009,2.95053384350291
Train,3.13333216068679,3.13364868165687
Train,3.30759612221184,3.30666706329052
Train,3.47370835082017,3.47336302048449
Train,3.63260634091391,3.63334726199471
Train,3.78438719218116,3.7848525666564
Train,3.92986554903779,3.93075919425454
Train,4.06909280128947,4.06968887927602
Train,4.20278250003747,4.20367933458309
Train,4.3309515951509,4.33179276089149
Train,4.45422962792305,4.45459097226253
Train,4.57260757488032,4.5732310691727
Train,4.68664453331732,4.68663366467534
Train,4.79631191747419,4.79672101926744
Train,4.90210926517572,4.90200853682966
Train,5.00399331640657,5.00397098007638
Train,2.12924931223767,2.12985261247691
Train,2.35912135883691,2.35939416010648
Train,2.57606560891658,2.57671729130552
Train,2.78134971765133,2.78175776143495
Train,2.97549677801343,2.97591112911293
Train,3.15957488024274,3.16002448235364
Train,3.33434752821244,3.33489762452104
Train,3.5005029360257,3.50070270746344
Train,3.65882320039333,3.65925220167636
Train,3.80954418524963,3.8100038885176
Train,3.95334573313776,3.95354737044685
Train,4.09069364756216,4.09074363715666
Train,4.22214607077486,4.2225606154094
Train,4.34781929167818,4.34788348565398
Train,4.46820830188515,4.46838924743198
Train,4.58363951855301,4.58372557903556
Train,4.69441301658393,4.69452058427903
Train,4.80091331381728,4.80110926080959
Train,4.9031747958769,4.90330743624308
Train,5.0015455379266,5.00152710970921
Train,2.12268676356649,2.12290300099733
Train,2.35437024298205,2.3542720176803
Train,2.57261457400547,2.57244365012594
Train,2.77900928900267,2.77883265322425
Train,2.97427889183946,2.97375536942331
Train,3.15929927688799,3.15906974110754
Train,3.33466344003837,3.33418062652022
Train,3.50147538002271,3.50141196773924
Train,3.66017057548459,3.65935703197077
Train,3.81132737330689,3.81102141764025
Train,3.95531135041539,3.954915354302
Train,4.09292492768439,4.09229476151751
Train,4.22443618249143,4.22390999043502
Train,4.35024221157688,4.35032853958945
Train,4.47057315835938,4.46975103761304
Train,4.58603412447468,4.58600293690362
Train,4.69679208283185,4.69657667460493
Train,4.80312864558078,4.80236081707919
Train,4.90519018636411,4.90492916462134
Train,5.00344703892792,5.00305593012701
Train,2.12265009782257,2.12305143549697
Train,2.35572979025563,2.35532807760623
Train,2.5750598392882,2.57539223590779
Train,2.78228252437193,2.78215279278493
Train,2.97815509591462,2.97797828539363
Train,3.16337869508461,3.16378638070816
Train,3.33919032227398,3.33914714707199
Train,3.50610313654632,3.50581061979159
Train,3.66459901773056,3.6647303746011
Train,3.81563599656026,3.81579588241493
Train,3.95956741881483,3.95999882872132
Train,4.09688318371382,4.09667948980201
Train,4.22788248146663,4.22805862331804
Train,4.3532717463446,4.35365572115728
Train,4.4732692247139,4.47313244200963
Train,4.5880866177951,4.58824864564902
Train,4.69829906504583,4.69856263041122
Train,4.80405938971801,4.80404914278795
Train,4.90551810405756,4.90571222758774
Train,5.0031513190045,5.00305881348673
Train,2.12003463554383,2.12034828739991
Train,2.35714783650814,2.35721402819773
Train,2.57988878253158,2.57987821428838
Train,2.78952576432176,2.79020702047274
Train,2.98718210835904,2.98708108499533
Train,3.17385631307468,3.17417895948152
Train,3.35043891934648,3.35044300520723
Train,3.51772671694906,3.51769069179132
Train,3.67643476517014,3.67652500555467
Train,3.82720661015239,3.82718091841821
Train,3.97076419218273,3.97087532651559
Train,4.10734393666354,4.10758006232675
Train,4.23757068763201,4.23775126698016
Train,4.36187763354051,4.361836481856
Train,4.48065945461069,4.4808899863901
Train,4.59427650878617,4.59454665422276
Train,4.70305848327393,4.70311490686989
Train,4.80730758961421,4.80748207895192
Train,4.9073013674932,4.90742455668941
Train,5.00329515207782,5.00340423635183
Train,3.80508631483291,3.80482209394598
Train,3.88654810933985,3.88681914150239
Train,3.96554137244398,3.96491886180018
Train,4.04217663505703,4.04204090213526
Train,4.11655792629238,4.11677372631131
Train,4.18878324460844,4.18845800704456
Train,4.25894498856847,4.25898957801331
Train,4.32713035119821,4.32686161554172
Train,4.39342168148047,4.3932137179457
Train,4.45789681613797,4.45810327085939
Train,4.52062938451491,4.52055528702105
Train,4.58168908906809,4.58156317561283
Train,4.64114196371404,4.64161877927824
Train,4.69905061204529,4.69877630773644
Train,4.75547442722233,4.7554375344063
Train,4.81046979516499,4.81054275873176
Train,4.86409028250449,4.8640823579516
Train,4.91638681061312,4.91627876304762
Train,4.96740781690015,4.96752508534157
Train,5.01719940444774,5.01689093920002
Train,3.18919590616482,3.18948472631134
Train,3.35110363820856,3.3507477333299
Train,3.50017321443827,3.50011192782998
Train,3.63809633302091,3.63712271979108
Train,3.76566391271009,3.76540335922292
Train,3.88419202512317,3.88165702044575
Train,3.99460860156457,3.99453721170405
Train,4.09771876847839,4.09686306735763
Train,4.19438176813094,4.19413909857061
Train,4.28488832998997,4.28370441539992
Train,4.36994699884477,4.36953921972412
Train,4.4500352933538,4.44842873053624
Train,4.52570006680876,4.524598551001
Train,4.59706403329089,4.5961404937696
Train,4.66459410755469,4.66265023567498
Train,4.72859116050274,4.72788154306876
Train,4.78932538379668,4.7885761394864
Train,4.84713484658777,4.84675183476036
Train,4.90204523927743,4.89967416982437
Train,4.95435506960501,4.95324424796587
Train,2.12396630538222,2.12529482107348
Train,2.35179801990334,2.35304783714598
Train,2.56719130228627,2.56930911378541
Train,2.77113769693759,2.77267411333358
Train,2.96472585072628,2.96660258385299
Train,3.14834545487138,3.1489288770907
Train,3.3229274537559,3.3245303124135
Train,3.48912305658993,3.49151531733594
Train,3.64752237575987,3.64820728632427
Train,3.79866142779374,3.80085546675499
Train,3.94317785281554,3.94501504869748
Train,4.08121105218151,4.08260939995811
Train,4.21332460613861,4.21510377245347
Train,4.33989132251716,4.34110634814649
Train,4.46125334785472,4.46245568644426
Train,4.57772525603336,4.57810935989068
Train,4.68971305924139,4.69028727863653
Train,4.79724700049699,4.79790214771867
Train,4.90069504887542,4.90097901474213
Train,5.00028573597156,5.00036166891756
Train,2.12959268598176,2.12935340921837
Train,2.34922797403016,2.34907341913064
Train,2.55808462116416,2.55766712840272
Train,2.75693707001518,2.7565049668856
Train,2.94648730718673,2.94608501780277
Train,3.12737314322413,3.12724407027583
Train,3.300175382515,3.30029475123622
Train,3.46542405295298,3.46513253331002
Train,3.62360383613738,3.6238504379741
Train,3.77515881529847,3.77554342742864
Train,3.92049663890815,3.92054304753578
Train,4.05999218218508,4.0600004158741
Train,4.19399077574487,4.19406775181522
Train,4.32281105994149,4.32281918672397
Train,4.44674751456767,4.4468011902577
Train,4.56607270619007,4.56615150860135
Train,4.68103928921828,4.68133330446263
Train,4.79188179162676,4.7919566443266
Train,4.89881821189066,4.8990093027682
Train,5.00205145001714,5.00201829654031
Train,2.12566445510026,2.12602028114352
Train,2.3510771857013,2.35114329595826
Train,2.5643697422057,2.56439870911422
Train,2.76693524240595,2.76663818458026
Train,2.95935288700232,2.95946244854451
Train,3.14216688607041,3.14169687212636
Train,3.31645903249907,3.31574375476635
Train,3.48262977900552,3.48313775750265
Train,3.64106046988412,3.64041563372799
Train,3.79261081227122,3.7929873468614
Train,3.93756061359706,3.93645278350259
Train,4.07633189810952,4.07656966268121
Train,4.20916581699346,4.20876736454485
Train,4.33671472675721,4.33663028204484
Train,4.45915344895581,4.45917462422738
Train,4.57665406274027,4.57627576358947
Train,4.68975735968976,4.6899458702909
Train,4.79858602189858,4.79809020108841
Train,4.90326284345048,4.9029549875473
Train,5.00424258269513,5.00337325239388
Train,0.883406418023391,0.886179626244137
Train,1.16053240111596,1.16181602298877
Train,1.415347312742,1.41629389484896
Train,1.64968499032115,1.65053628523557
Train,1.8662672181082,1.86642503903185
Train,2.06736284559467,2.06932967588487
Train,2.25397073943433,2.25408315224152
Train,2.42788327684906,2.42840199648706
Train,2.59061699747766,2.59204326872653
Train,2.74272144222805,2.74332040006547
Train,2.88543657785304,2.88547463632978
Train,3.01960576818161,3.01999006014343
Train,3.14618016407275,3.14653566750786
Train,3.26539767298131,3.2662832012788
Train,3.37806498066384,3.37878019717372
Train,3.48488162631605,3.48482826812671
Train,3.58596105495869,3.58683798687309
Train,3.6819099195626,3.68227973875824
Train,3.77325840106972,3.77346050899005
Train,3.86004507831147,3.86102959699618
Train,2.1277819703467,2.12801904087642
Train,2.3553920426656,2.35556697818991
Train,2.57056746525497,2.57123073449763
Train,2.774510200992,2.77441182140432
Train,2.96767848696358,2.96806545283418
Train,3.15109327755476,3.15111834870008
Train,3.32547509579793,3.32594078267075
Train,3.49147520042057,3.4915272748681
Train,3.64984737003697,3.64990528916171
Train,3.80079286731003,3.80137151733013
Train,3.9449711958806,3.94506569656983
Train,4.0828274556459,4.08295785027249
Train,4.21490531602045,4.21530937390934
Train,4.34129827692849,4.34152368458738
Train,4.46249118487946,4.4628605060124
Train,4.57879848197566,4.57917333541136
Train,4.69050975921922,4.69087932370939
Train,4.79800371026766,4.79826646088328
Train,4.90129987929587,4.9014665442896
Train,5.00074266561156,5.00092244212692
Train,2.1202359420544,2.12058194815208
Train,2.35623760001112,2.35680654534319
Train,2.5780921314055,2.57873584225265
Train,2.78703459336688,2.78807960972665
Train,2.98416034608739,2.98516737309362
Train,3.17044426101161,3.17155164813362
Train,3.34675684452105,3.34773488533677
Train,3.51387783992243,3.51422595479231
Train,3.67250775616745,3.67328743752292
Train,3.82327768285522,3.82415341567737
Train,3.96675768152906,3.96772076613217
Train,4.1034639885138,4.10387104882978
Train,4.23386522114016,4.23455247882378
Train,4.35838774460766,4.35924120099035
Train,4.4774203290061,4.47796057410036
Train,4.59131820366708,4.59180484651079
Train,4.70040659791529,4.70089957360122
Train,4.80498384255612,4.80529113813779
Train,4.90532409438881,4.90552768755546
Train,5.00167973614037,5.00175572557537
Train,3.74273550016899,3.74278497422823
Train,3.82874242906088,3.82880274964673
Train,3.91204548926235,3.91209804982186
Train,3.99277021307129,3.99292089445078
Train,4.07103448043977,4.07115521885846
Train,4.14694909332201,4.14683537353725
Train,4.22061829905803,4.22056899627659
Train,4.29214026799212,4.29212718589491
Train,4.3616075299277,4.36146846429844
Train,4.42910737349907,4.42927990973118
Train,4.49472221208447,4.49488008911457
Train,4.55852991948575,4.55838618319534
Train,4.62060413824944,4.62058785240848
Train,4.68101456319575,4.68117714386962
Train,4.73982720245054,4.73931705263088
Train,4.79710461803561,4.79721928587409
Train,4.85290614786091,4.85316841686412
Train,4.90728811077458,4.90711679759986
Train,4.96030399616043,4.96033601235983
Train,5.01200463942448,5.0121438301854
Train,3.79693439556105,3.79767436971414
Train,3.87713520306871,3.87715311691292
Train,3.9550573806178,3.95569956128288
Train,4.03066236005442,4.03089125520536
Train,4.10431291925466,4.10464087340648
Train,4.17595643483801,4.17669356463263
Train,4.24567384459165,4.24570809243516
Train,4.31354179207023,4.31405948767582
Train,4.37951559202317,4.37970736185503
Train,4.44390176439146,4.44436207464311
Train,4.50664522886314,4.50648511446077
Train,4.5678080600802,4.568258339425
Train,4.62734330767854,4.62756304497738
Train,4.68552151860691,4.6858591363175
Train,4.74228743974852,4.74228278370464
Train,4.79769187990683,4.79804538948232
Train,4.85178323955669,4.85202270754567
Train,4.90451375460769,4.904474240037
Train,4.95611737794341,4.95600145792036
Train,5.00653996048326,5.00653178470649
Train,2.1221828949409,2.12232605736185
Train,2.33175225558076,2.33209921776358
Train,2.5328438757832,2.53236928740997
Train,2.72558592830184,2.72563169925522
Train,2.91066809938173,2.91069203426778
Train,3.08853811646379,3.08817235734546
Train,3.25977644433965,3.25972626441825
Train,3.42442543521786,3.42443898938679
Train,3.58301291669796,3.58200824426411
Train,3.73586756797782,3.73607913045076
Train,3.88343881385723,3.88346865225682
Train,4.02571753041377,4.02561673952361
Train,4.1631175952725,4.16301362351186
Train,4.29588570789803,4.29598576069587
Train,4.42437781882477,4.42443499344312
Train,4.54855396622357,4.5487247009652
Train,4.66874551509666,4.66898953113535
Train,4.78514122530234,4.78511234993367
Train,4.89802858904853,4.89804822626559
Train,5.00734949443841,5.00716255011978
Train,2.127363861585,2.12756731523401
Train,2.36120034487585,2.36124474334511
Train,2.58131109369605,2.58145228240189
Train,2.78887016057013,2.78895379015205
Train,2.98473759057274,2.98452130740496
Train,3.1702220432636,3.16988455006762
Train,3.34596255326694,3.34620965035852
Train,3.51270727830512,3.51252020077561
Train,3.67112969428027,3.67095448501836
Train,3.82183768690393,3.82153711402742
Train,3.96524621173849,3.96525841284645
Train,4.10213074547067,4.10207771968979
Train,4.23280324799678,4.23282331000007
Train,4.35767720435445,4.35764509014049
Train,4.47713019960063,4.47735637210022
Train,4.59150773221558,4.59140219963902
Train,4.70102304081977,4.70104596586363
Train,4.80617825226882,4.80631933659338
Train,4.90713312034883,4.90720429923344
Train,5.00413438630347,5.00407632262835
Train,2.12697172194735,2.12724337297817
Train,2.34708100812815,2.34727201373476
Train,2.55662844887172,2.55636516915287
Train,2.75589571631045,2.75502818028068
Train,2.94584034493259,2.94360772440844
Train,3.12710161436918,3.12663469011802
Train,3.30046199925953,3.29950100363229
Train,3.46604339843245,3.4654030344048
Train,3.62454114621304,3.62442964937294
Train,3.77640028600461,3.77567826793122
Train,3.92219814783348,3.92146970970439
Train,4.06196608943863,4.06108695410979
Train,4.19622609537134,4.19437982342862
Train,4.32529745712326,4.32532487384569
Train,4.44961942211055,4.44906327011472
Train,4.56917146386033,4.56859457052671
Train,4.68435652012277,4.68435172143138
Train,4.79540957440937,4.79484814353816
Train,4.90267360385345,4.90257078452602
Train,5.00609851481497,5.00459296036139
Train,2.12679631226947,2.12645482216307
Train,2.35941052263164,2.35974194056655
Train,2.57855838927712,2.57838501638082
Train,2.7853763926517,2.78529585884107
Train,2.9807093859723,2.98045383046966
Train,3.16580492170389,3.16548861221753
Train,3.34129673264503,3.3410003579637
Train,3.50791335586963,3.50776640659455
Train,3.66631145689403,3.66572695183401
Train,3.81708447918541,3.81696071161354
Train,3.9606466690095,3.96046927921721
Train,4.0977387037355,4.09732662583738
Train,4.22867562454959,4.22873881170641
Train,4.35386285562561,4.35338182662273
Train,4.47367098020691,4.47360075436138
Train,4.58843940454499,4.58838876143387
Train,4.69838477973748,4.69801645067535
Train,4.80398676873918,4.80376692135592
Train,4.90541021219951,4.90545182011755
Train,5.00289830872002,5.00242722104014
Train,2.11959601515214,2.11954093571938
Train,2.35722643235063,2.35702528714598
Train,2.58036662613676,2.58030736125051
Train,2.79030275957965,2.7901930678542
Train,2.98817315549093,2.98791178111125
Train,3.17512527668088,3.17530990194119
Train,3.35178037342223,3.3513997823574
Train,3.51908850969932,3.51909864821568
Train,3.67777239842959,3.67782757786671
Train,3.82848211710734,3.82842203945673
Train,3.97180400931826,3.97178193298117
Train,4.10826830850856,4.10796281726289
Train,4.23835569298829,4.238523077553
Train,4.36250294297825,4.36227580301292
Train,4.48110784000778,4.48119754854824
Train,4.59461671815349,4.59450729354406
Train,4.70319147943707,4.70313783414814
Train,4.80722338508463,4.80703529296727
Train,4.90699170771931,4.90715190871781
Train,5.0027532885297,5.0022580672129
Train,2.12039105261456,2.12046063767786
Train,2.3519822061585,2.35219388604214
Train,2.57043058964956,2.5703748853124
Train,2.77682410972723,2.77718169542296
Train,2.97213382689387,2.9722433746562
Train,3.15722923256873,3.15728662440727
Train,3.3328911903418,3.33300400150769
Train,3.49982294773069,3.49995343631913
Train,3.65865954593095,3.65865939911936
Train,3.80997589302896,3.81008693105857
Train,3.95429371703377,3.95451686931876
Train,4.09208757596232,4.09204177664726
Train,4.22379007087277,4.22391488171802
Train,4.3497963825008,4.34989115331059
Train,4.47046823172203,4.47057124891353
Train,4.58613734744369,4.58620703432637
Train,4.69710851194662,4.69721554141575
Train,4.80366224254902,4.80376908240939
Train,4.90605715927261,4.90615127748879
Train,5.00453208058388,5.00453761233051
Train,3.22398001027772,3.22326161527208
Train,3.29707425894986,3.29842065508985
Train,3.36821696589716,3.36767866894209
Train,3.43748525777209,3.43684303496712
Train,3.50495224991938,3.50484727414747
Train,3.57068730381067,3.57090724039318
Train,3.63475626490474,3.63403378671411
Train,3.69722168264786,3.69722757976613
Train,3.75814301415965,3.75812191631465
Train,3.81757681299849,3.81743679374876
Train,3.87542571072129,3.87575834225987
Train,3.93204693596976,3.93214290109511
Train,3.98733443150319,3.98763692764973
Train,4.04133477336249,4.04152791601025
Train,4.0940923938599,4.09428402292219
Train,4.14564970351116,4.14506755539559
Train,4.1960472047389,4.19590477606601
Train,4.24532359798794,4.24598323474741
Train,4.29351588083683,4.29326319434515
Train,4.34065944063894,4.34041015867667
Train,2.41237842794327,2.41329102481633
Train,2.51041837603494,2.50937408326946
Train,2.60552362221936,2.60584679159402
Train,2.69824767652747,2.69971257584082
Train,2.78826511213988,2.78900804859821
Train,2.87609419753086,2.87584859249624
Train,2.96142144075541,2.960785216269
Train,3.04473318691561,3.04560237840651
Train,3.12572747707103,3.1274688132123
Train,3.20486164527284,3.20494994687579
Train,3.28184484139847,3.28302232583531
Train,3.35710795500672,3.35687538446464
Train,3.43037080987208,3.43232983866441
Train,3.50204012163821,3.50320080151167
Train,3.57184595081877,3.57257674012525
Train,3.64017285519684,3.64230862405447
Train,3.70676069880167,3.70795107375437
Train,3.77197367779375,3.77229746855932
Train,3.83556103484577,3.83601578432536
Train,3.89786821011268,3.89774012845904
Train,2.11374944733475,2.11385301231857
Train,2.34061683915293,2.34091324380923
Train,2.5556287583463,2.55597009710345
Train,2.75929575866743,2.75968776218974
Train,2.95267995739892,2.95315037698539
Train,3.13654092174186,3.13688116362995
Train,3.31173517103357,3.31223795918037
Train,3.47853700265252,3.47920043924678
Train,3.63768985289354,3.63817610496248
Train,3.78970806428591,3.79031943130518
Train,3.93520233142538,3.93578852704978
Train,4.07431271148091,4.07504126298424
Train,4.20757997417101,4.20792656073468
Train,4.33536469354172,4.33607183645989
Train,4.4581179357134,4.45829467357951
Train,4.57590120583772,4.57632267004741
Train,4.68912065863185,4.68944093363883
Train,4.79803650811661,4.7983329944654
Train,4.90299193878839,4.90313061840781
Train,5.00400163362495,5.00393803218279
Train,3.84189218210925,3.84169545131009
Train,3.91914570888167,3.91851884627076
Train,3.99404245335493,3.99477476534989
Train,4.06697075439214,4.0665252392534
Train,4.13773209783996,4.13762580017491
Train,4.20668850268692,4.20606145198087
Train,4.2736477309011,4.27372691916853
Train,4.33894810605683,4.33897171520621
Train,4.40240362912144,4.40216319199249
Train,4.46433121481758,4.46384958550748
Train,4.52455101246306,4.52459123285374
Train,4.58336052897372,4.58356525605094
Train,4.64058593291853,4.63981554218525
Train,4.69650708194124,4.69660487420072
Train,4.75095600778627,4.7509065506409
Train,4.80419647036785,4.80409792134203
Train,4.8560661902854,4.85625530772151
Train,4.90681420376901,4.90668757729942
Train,4.95628373434393,4.95571421722344
Train,5.00471031572566,5.00465727664129
Train,3.17326917347123,3.17362651592434
Train,3.31114591244312,3.3106949129277
Train,3.44256973444773,3.44298478531282
Train,3.56798329569134,3.56686119423879
Train,3.68794945837806,3.68862561577022
Train,3.80250955511672,3.80299859386811
Train,3.91216706133744,3.91244053416338
Train,4.01723009311391,4.01736947359293
Train,4.11798147716839,4.11774116249973
Train,4.21468129330634,4.21430673347119
Train,4.3076933378866,4.30781802551432
Train,4.39698546294538,4.39736613462955
Train,4.48289119812497,4.48298436929523
Train,4.56559960089773,4.56561981487009
Train,4.64528591275479,4.64509499207057
Train,4.72211279862145,4.72249490842196
Train,4.79633078743111,4.79666584145715
Train,4.86787852528508,4.8681733036901
Train,4.93699006652049,4.93722847146625
Train,5.00378775675194,5.00365182944616
Train,2.42746433646033,2.42837090970659
Train,2.48640199061086,2.48668843477547
Train,2.54435298802687,2.5444776370247
Train,2.60174376549108,2.60335283488856
Train,2.65838252697084,2.65831966244119
Train,2.71408770691495,2.71414798043157
Train,2.76926864099013,2.76996487016707
Train,2.82354918999678,2.82354142222309
Train,2.87732786557413,2.87810589471045
Train,2.9304241777447,2.93087268488151
Train,2.98266694162148,2.98240134251689
Train,3.03443921864485,3.03561264284881
Train,3.08556684506708,3.08521395347463
Train,3.1358844595936,3.13524923480267
Train,3.18576056252825,3.18657764351382
Train,3.23485397289149,3.23485671896793
Train,3.2835239492721,3.28366141459005
Train,3.3316061741713,3.33183899033309
Train,3.3789443720149,3.37842735854823
Train,3.42588457504986,3.42519508575735
Train,1.82646787689097,1.82685642078258
Train,1.90525791844439,1.90559710560897
Train,1.98270267548582,1.98286510950323
Train,2.05883631103993,2.05870499522046
Train,2.13391473999949,2.13422181792829
Train,2.20752038594211,2.20737867149083
Train,2.27991079699546,2.28018778043595
Train,2.35111582218725,2.35157063646102
Train,2.42116434093403,2.42108921811536
Train,2.49008430209492,2.49046006796698
Train,2.55810478786715,2.5579158123685
Train,2.62484475181526,2.62506973920789
Train,2.69053485946431,2.69054899822802
Train,2.75519968971901,2.7553821481064
Train,2.81886306018045,2.81877625718471
Train,2.88154805639523,2.88173092574355
Train,2.94346101440315,2.94342453478269
Train,3.00425295518589,3.0044089868331
Train,3.06413172113584,3.06431333944609
Train,3.12311773449742,3.12322562077941
Train,2.12516466065827,2.12569633261187
Train,2.33716114908949,2.33704058208716
Train,2.53996805982947,2.54018339758912
Train,2.7341702387169,2.73397322466214
Train,2.92030393462083,2.92071140683685
Train,3.09886174434207,3.09824584265824
Train,3.27029696576513,3.27069496643363
Train,3.4350274402613,3.43491471380769
Train,3.59343895291489,3.59354714611727
Train,3.74588824882124,3.74578388687326
Train,3.89270571509763,3.89251140155099
Train,4.03419777104592,4.03453308304788
Train,4.17064900285793,4.17032175180919
Train,4.30232407415955,4.3023755356588
Train,4.42946943938306,4.42918713226628
Train,4.55231488330608,4.55260138347812
Train,4.67107490699119,4.67076930099539
Train,4.78594997771227,4.78604229339817
Train,4.89712765818979,4.89719526264117
Train,5.00478362851573,5.00426002752041
Train,-2.74344279740449,-2.74558888889295
Train,-2.49832366551957,-2.49706899812559
Train,-2.2603346184739,-2.26169561787012
Train,-2.03018457327557,-2.02952360461062
Train,-1.8070023949338,-1.80747795437921
Train,-1.5899992113954,-1.58935837504281
Train,-1.37984986589535,-1.38107280027737
Train,-1.1753363876652,-1.1751329135227
Train,-0.977110728950478,-0.977805761585741
Train,-0.78446379399358,-0.785547006076733
Train,-0.596750155832868,-0.59655720062431
Train,-0.414587902391232,-0.413921552477186
Train,-0.237344491965689,-0.23708819103976
Train,-0.0644425461914411,-0.0667431124540254
Train,0.103532628297502,0.103629549776119
Train,0.267510008998287,0.267269723976757
Train,0.426925364204251,0.428048062061561
Train,0.58230854151931,0.581492939916908
Train,0.734145301036514,0.733046681730871
Train,0.881901677704193,0.881085713419034
Train,4.22114307401785,4.22143126397702
Train,4.27092915387103,4.27100546550541
Train,4.31968659154348,4.31948431757315
Train,4.36744694060283,4.36730046492078
Train,4.41405882320019,4.4142221062708
Train,4.45991823203486,4.45974225735315
Train,4.50486769302297,4.50502693564036
Train,4.54893402305271,4.54895360603767
Train,4.59214299550984,4.59219602645385
Train,4.63451939054477,4.63434026292735
Train,4.67592558152676,4.67606121819355
Train,4.71671046143182,4.7166532066177
Train,4.75673152064307,4.75662069515307
Train,4.7960100173901,4.79620220341424
Train,4.83456642829078,4.83443581652545
Train,4.87242048394644,4.87235175105485
Train,4.9094467456612,4.90938433478561
Train,4.94595503797459,4.94618950244518
Train,4.98181595037012,4.98166458020554
Train,5.01704655092553,5.0169360226529
Train,4.11470868154158,4.11460714824392
Train,4.17185788001603,4.17182872768989
Train,4.22786464747821,4.22786419025963
Train,4.28235986950848,4.2822304941913
Train,4.33559920371485,4.33572571702723
Train,4.38762557000765,4.38754187883029
Train,4.43866756461441,4.43873622585238
Train,4.48838497194864,4.48834462458831
Train,4.53700712917677,4.5370256010022
Train,4.58456983373308,4.58451699820697
Train,4.63127910889496,4.63131891854209
Train,4.67682056651814,4.67687599345209
Train,4.72140114312707,4.72128568570152
Train,4.76505093175444,4.76505280916257
Train,4.80795663467098,4.80803411528044
Train,4.84982700370102,4.84985575443169
Train,4.89084974959399,4.89077317656975
Train,4.93105035333707,4.93117554096659
Train,4.97059884652402,4.97063408046361
Train,5.00922476797889,5.00906180296423
Train,4.21992064579747,4.22000276998861
Train,4.26974022623536,4.26981875782845
Train,4.31871438741194,4.31866661266114
Train,4.36649107150088,4.36650260865827
Train,4.4132949956313,4.41332829866524
Train,4.45915556930988,4.459087308983
Train,4.5042762066365,4.5043096325572
Train,4.54833022727626,4.54834946689358
Train,4.59152241289011,4.59155407292509
Train,4.63387780879594,4.63392021334759
Train,4.67558247784803,4.67554687612232
Train,4.71633256765756,4.71633412507232
Train,4.75631550314629,4.75638037842086
Train,4.79555274577615,4.7955479721751
Train,4.83421518048099,4.83427361085634
Train,4.87201954791835,4.87193626523219
Train,4.90913806551148,4.90918450719271
Train,4.94558922959314,4.94560646742291
Train,4.98153056800724,4.98150918850067
Train,5.01669745030281,5.01665016858349
Train,2.87111866873502,2.87148972794231
Train,3.03689672073881,3.03665582418729
Train,3.19420326832043,3.19404766431389
Train,3.34367149289273,3.34354717528323
Train,3.48587300900729,3.48571993216825
Train,3.62132516977263,3.62155174591339
Train,3.75049735616833,3.75026631513659
Train,3.87381641140306,3.87391181740938
Train,3.99167135290364,3.99144427137653
Train,4.10441747153266,4.1045191493731
Train,4.21255285242099,4.21260852756821
Train,4.31602262236003,4.31621399715488
Train,4.41528112076258,4.41526551578891
Train,4.51058032119914,4.5104889502677
Train,4.6021524884946,4.60219204815283
Train,4.69021206873172,4.69034258055198
Train,4.77495736585336,4.77492372737521
Train,4.85657203245544,4.85656730834932
Train,4.93522639835917,4.93511390040039
Train,5.01107865718984,5.01099230675763
Train,4.3100877782714,4.31066310513993
Train,4.36115770628312,4.36167346138117
Train,4.41115580696383,4.41087993736215
Train,4.460115472284,4.46016895813262
Train,4.5080687214016,4.508116855155
Train,4.55504627049331,4.55537823898064
Train,4.60107759836611,4.60120037025513
Train,4.64619100814373,4.64593834041741
Train,4.69041368529927,4.69040496493735
Train,4.73377175228393,4.73393146868047
Train,4.77615180588331,4.77615646628984
Train,4.81785766561425,4.81790527743755
Train,4.85877132938857,4.85882822513313
Train,4.89891515630077,4.89909163354192
Train,4.93831067186441,4.93824457093304
Train,4.97697860649986,4.97684901628362
Train,5.01493893190909,5.01497828430121
Train,5.05221089547164,5.0524197835161
Train,5.08881305278621,5.08866477364763
Train,5.12476329847349,5.12482466414768
Train,2.12016464815695,2.12064322404765
Train,2.35326866958822,2.35343290728925
Train,2.57297468503133,2.57286642201076
Train,2.78040553206236,2.78047682086652
Train,2.97656199015734,2.97676669254629
Train,3.1623389273006,3.1623837134261
Train,3.33853894949054,3.33866642460269
Train,3.50588399236667,3.50582736891597
Train,3.66502520805289,3.6654663336795
Train,3.81655143272875,3.81639170558478
Train,3.96120987843632,3.9614748578434
Train,4.09904913656665,4.09907232897054
Train,4.23073462779915,4.23111508548981
Train,4.35666945194845,4.35648166531877
Train,4.47722225462845,4.47731445142786
Train,4.59273083137362,4.5927634337225
Train,4.70350528861566,4.7036716913491
Train,4.80983082380676,4.80982796735859
Train,4.91197017717116,4.91192136341232
Train,5.01016579946084,5.00996760715506
Train,2.12744169858149,2.12778973398842
Train,2.37097148215785,2.3708418453343
Train,2.59827525324982,2.5981494520293
Train,2.81148519853475,2.81140565837902
Train,3.01160754951304,3.0114680331376
Train,3.1995623451935,3.19951908012038
Train,3.37689595906516,3.37684806909226
Train,3.54403966517891,3.54393007432438
Train,3.70226675376502,3.70209267754408
Train,3.85207286361524,3.85168457507829
Train,3.99392406399412,3.9939302246641
Train,4.12879595120404,4.12866321906234
Train,4.25702028443094,4.25697498760949
Train,4.37891419273124,4.37888197887584
Train,4.49524483898669,4.49500588831294
Train,4.60608839289181,4.60591590410497
Train,4.71210664365114,4.71202921928745
Train,4.81347243784163,4.81339205605027
Train,4.91035593674023,4.9103646182187
Train,5.00329603149841,5.00309667962943
Train,2.12923639582564,2.12928314370187
Train,2.36858506485633,2.36853466512271
Train,2.59262964289315,2.59248989983147
Train,2.80336348937816,2.80325549580515
Train,3.00166886516516,3.00159738377528
Train,3.18861376921444,3.18849517538142
Train,3.36490720732054,3.36494321942704
Train,3.53188827249751,3.53164948298458
Train,3.69006001258038,3.69017684936086
Train,3.84010163414292,3.83993892226858
Train,3.98242992542413,3.98231762971231
Train,4.11799433987357,4.11825297622497
Train,4.2470892381035,4.24686364390188
Train,4.37016694240817,4.37021403733881
Train,4.48747801001475,4.48744420465876
Train,4.59972512910831,4.59983695098116
Train,4.70708208102682,4.70709452207601
Train,4.80986162114214,4.80985627011303
Train,4.90821551623668,4.9081809311166
Train,5.00268217420648,5.00248982498431
Train,3.3581303555405,3.35880212124934
Train,3.48552923692209,3.48651235945325
Train,3.60621066552336,3.60597905500494
Train,3.72112022082648,3.72134945412319
Train,3.83045774514167,3.8301744891573
Train,3.93442447594735,3.93543316299086
Train,4.03377730617876,4.03330584233878
Train,4.1284616362552,4.12846927118337
Train,4.21913759707876,4.2197312951388
Train,4.3058916975546,4.30608265366197
Train,4.38881749164177,4.38884382371369
Train,4.46846075943748,4.46843386465506
Train,4.54486908582568,4.54495401862207
Train,4.61809814921101,4.61776590184141
Train,4.68860634215515,4.68878684618121
Train,4.75628783390436,4.75633771498208
Train,4.82155383094727,4.82173760804542
Train,4.8844130678437,4.88420017394505
Train,4.94488251793182,4.94493784750035
Train,5.00331509993132,5.00321046566404
Train,2.11970819002408,2.12167419678315
Train,2.35439695283502,2.35561871795787
Train,2.57501694188082,2.57556952448943
Train,2.78331881898011,2.78328420518281
Train,2.98005861875957,2.98131176561566
Train,3.16593902633131,3.16626497323951
Train,3.34227827471404,3.34179944745285
Train,3.50958157912856,3.51065821920579
Train,3.66832588576851,3.6687599804086
Train,3.81953245900865,3.81913700159161
Train,3.96354374363294,3.96496615670209
Train,4.10086139436776,4.1004169876177
Train,4.23177597874857,4.23257097814828
Train,4.35704135783907,4.35730911939079
Train,4.47686373351261,4.47720506296497
Train,4.59144524669837,4.59186338556854
Train,4.70140033199095,4.7012471109582
Train,4.80686990281105,4.80704695464278
Train,4.90799473991276,4.90843611733177
Train,5.00528413268445,5.00526772068694
Train,3.50580575900939,3.50585772074506
Train,3.77175036935444,3.77167214272278
Train,4.01367762902903,4.01363729827954
Train,4.23427948586878,4.23426919999148
Train,4.43664259910537,4.43659144503659
Train,4.62258293097934,4.62255348331462
Train,4.79435045109314,4.79434878591183
Train,4.95320089993264,4.95315732341245
Train,5.10068010819761,5.1006906851005
Train,5.23809903316935,5.2380444971418
Train,5.366206031209,5.3662117481955
Train,5.48614763116344,5.48616023007611
Train,5.59846330519902,5.59850696032784
Train,5.70395977203252,5.70389221014033
Train,5.80333583665748,5.8032841246346
Train,5.89692769142975,5.89694994006279
Train,5.98539726985254,5.98549108100487
Train,6.06899159481619,6.06898434612724
Train,6.14825647399482,6.14826583792843
Train,6.22337371728178,6.22365039932888
Train,-0.535805342382497,-0.535011629799398
Train,-0.168468699331958,-0.168613463935655
Train,0.173127250563216,0.173409074372675
Train,0.492658789088338,0.492454152998865
Train,0.791199143134699,0.791202915389099
Train,1.07168543207368,1.07156524185552
Train,1.33482617391665,1.33505836045203
Train,1.58301046245569,1.58232290910963
Train,1.81708578223305,1.81746550806246
Train,2.03785188561479,2.03769607630385
Train,2.24711264355684,2.24699199871454
Train,2.44507903251402,2.44507963035959
Train,2.63327193619246,2.63315241003536
Train,2.81209679461256,2.81204228418454
Train,2.98195037854468,2.98194316787576
Train,3.14403533786045,3.14432951929756
Train,3.29835227457922,3.29868600512194
Train,3.44594250409114,3.44643575434924
Train,3.58676104415284,3.58727509917528
Train,3.72171743989085,3.72245607034629
Train,3.95263125566175,3.95258101757966
Train,4.02288648163984,4.0230460594291
Train,4.09099235056401,4.09045101891323
Train,4.15742951977435,4.15797274069439
Train,4.22207075531228,4.22162756659102
Train,4.28480585338668,4.28444351756137
Train,4.34607175127266,4.34648831880598
Train,4.40574598160853,4.40565079369031
Train,4.46372144599926,4.46351845332248
Train,4.52039716908693,4.51963499923918
Train,4.57565565102133,4.57555575723247
Train,4.62954939495117,4.62963897071564
Train,4.68197602719439,4.68186754562547
Train,4.73329136100342,4.7326697015662
Train,4.78338457262286,4.78344659065319
Train,4.83215704686244,4.83227043107033
Train,4.87993672087812,4.87975369324258
Train,4.92661768938206,4.92654732134627
Train,4.97210515319201,4.97238906407125
Train,5.01670238294885,5.01575799892605
Train,2.86040319676761,2.86067687351067
Train,2.95516200005257,2.95525460803957
Train,3.04712330231474,3.04690241942478
Train,3.13640918463351,3.13624156515491
Train,3.22313472655317,3.2232154863541
Train,3.30765142230709,3.30771374376137
Train,3.389569224302,3.38973917984432
Train,3.46923493619347,3.4690553850005
Train,3.5467401706057,3.54701007455453
Train,3.62217163770004,3.62207189448155
Train,3.69561146877738,3.69566872193339
Train,3.76713751458212,3.76697035229423
Train,3.83682362058526,3.83709453614896
Train,3.90473988129319,3.90465345806123
Train,3.97095287542302,3.9707848292867
Train,4.03571234856193,4.03593979204301
Train,4.09870102110598,4.09858331370867
Train,4.16016733033225,4.1601494977737
Train,4.22016580789655,4.22042969526085
Train,4.27874841172472,4.27869719946944
Train,3.94834857241857,3.94845271708015
Train,4.01740782830182,4.01700120286783
Train,4.08448366602558,4.08480944639898
Train,4.14999214614001,4.15007120779623
Train,4.21366295193003,4.21297951517743
Train,4.27588763399669,4.2759952570906
Train,4.33640625917733,4.33652095463501
Train,4.39558801139962,4.39550472221122
Train,4.45332951202728,4.4535586914262
Train,4.50953957443521,4.50977284826733
Train,4.56455731325964,4.563513175668
Train,4.61814675620209,4.61810036836115
Train,4.6706290126182,4.67066785450491
Train,4.72190723519698,4.72209114042573
Train,4.77189501457726,4.771784652116
Train,4.82088906483323,4.82075775407523
Train,4.86867467599852,4.86879852281581
Train,4.91553384593695,4.91550978186936
Train,4.96125967032967,4.96090386738556
Train,5.0061205195486,5.00607134890863
Train,4.00572486412074,4.00602275258216
Train,4.07069386799758,4.07061599528851
Train,4.1341514785684,4.13403070086806
Train,4.19582186023062,4.19587300375253
Train,4.25593840039826,4.25596824760195
Train,4.31455909413189,4.31440279347067
Train,4.37189090164368,4.37131202793436
Train,4.42767899470071,4.42727230841048
Train,4.4821289332508,4.48188596123786
Train,4.53528829293779,4.53529602328044
Train,4.58734033580375,4.5867646955472
Train,4.63804930355442,4.63789589207199
Train,4.68759766170562,4.68749089981046
Train,4.73602480488829,4.73556115208943
Train,4.78349420479014,4.78308530792477
Train,4.82978737850795,4.82975027243499
Train,4.87506741754815,4.87503594995331
Train,4.91936722087082,4.91862411024017
Train,4.96283356217221,4.96148199940601
Train,5.00526359910687,5.00478564456743
Train,4.30786190900008,4.30738859695962
Train,4.34911875274351,4.34914665008638
Train,4.38958931103504,4.38922760320884
Train,4.42958690573192,4.42966920722673
Train,4.4688315680982,4.46885169674002
Train,4.50762669888236,4.50736498286422
Train,4.5457003340541,4.54572930845019
Train,4.58334642240813,4.58240957476574
Train,4.62043602756402,4.62012992060414
Train,4.65684802204323,4.65692062216645
Train,4.69286298479566,4.69223064726801
Train,4.72822755697104,4.72837055433161
Train,4.76321391515958,4.76310727173755
Train,4.79770151081248,4.79739691964545
Train,4.83157681748398,4.8315342350003
Train,4.86510009875306,4.86450775395293
Train,4.89803478641953,4.89789813442337
Train,4.93063364025521,4.92992083912292
Train,4.96266634938228,4.96223893549697
Train,4.9943784928849,4.9942171890992
Train,2.11381598162526,2.11742485508497
Train,2.35975152066355,2.36070662372748
Train,2.58971946633783,2.59239117973567
Train,2.80467502260375,2.80669859043068
Train,3.00629967367229,3.00784474533111
Train,3.19603934511922,3.1982691608605
Train,3.3744561700665,3.37499862360894
Train,3.54275020653373,3.54427569367882
Train,3.70196371008232,3.70298119373631
Train,3.85242458682499,3.85321435923421
Train,3.99501860905168,3.99697633900917
Train,4.13034703663764,4.131530952079
Train,4.25911725960685,4.25961512958755
Train,4.38147857577099,4.38195829772629
Train,4.49804807547099,4.49868988078417
Train,4.60937113197392,4.60944331132899
Train,4.71551941404335,4.71577848982422
Train,4.81697652558721,4.81692849636603
Train,4.9141723493683,4.91427418273669
Train,5.00712889188085,5.00718744748913
Train,2.12824086014106,2.12869183998614
Train,2.36563577693557,2.36582438494194
Train,2.58876682572363,2.58848116133412
Train,2.79834575793185,2.79834091439999
Train,2.99607567896539,2.99554201095893
Train,3.18245605234944,3.18262793115976
Train,3.35888799165738,3.35853350886948
Train,3.5257189974797,3.52583299690457
Train,3.68411765957447,3.68408572947711
Train,3.83432136404427,3.83432137926848
Train,3.97731673355594,3.97701895737712
Train,4.11326056571537,4.11343197700568
Train,4.24299498980412,4.24259022194616
Train,4.36661735849057,4.36660443356608
Train,4.48485354581673,4.48457396569109
Train,4.59775679944579,4.59795317287448
Train,4.70595833691108,4.70587444774832
Train,4.80947855874789,4.80961271883969
Train,4.90887077214744,4.90882350791236
Train,5.00413087628045,5.00406746293528
Train,2.12437101382411,2.12464197038227
Train,2.3512290524144,2.35123725147883
Train,2.56592591238666,2.56594679589493
Train,2.76941395359665,2.76943869476354
Train,2.96254862471074,2.96248490469167
Train,3.14610048437293,3.14614967806964
Train,3.32076547631727,3.32061241185458
Train,3.48717374731251,3.48709316394638
Train,3.64589724346215,3.64563073953967
Train,3.79745627785903,3.79788350472755
Train,3.9424936801774,3.94161163313173
Train,4.08109875316139,4.08134011612962
Train,4.21384435438266,4.21369017430041
Train,4.34109435273269,4.34122379327457
Train,4.46318310010972,4.46322604268205
Train,4.58041836494487,4.58063736176488
Train,4.69308392269098,4.69299134804661
Train,4.80144184917884,4.80170322610181
Train,4.90573455585667,4.90568923325587
Train,5.00618660018172,5.00598659773717
Train,5.12825314714536,5.12826646672319
Train,5.22807324783376,5.22758269811052
Train,5.3234386606687,5.32335284334797
Train,5.41445300671969,5.41423073408079
Train,5.50149719276265,5.50134115687383
Train,5.58491156061234,5.58477055285426
Train,5.66475330276161,5.66476022833569
Train,5.74140541072409,5.74116602455952
Train,5.81490305516721,5.81479971292381
Train,5.88551001183648,5.88537934112524
Train,5.95346382818578,5.95354874720192
Train,6.01877586215715,6.01852484317812
Train,6.08166230086552,6.08174923802343
Train,6.1423186225749,6.14228591693924
Train,6.20074012447725,6.20069765303911
Train,6.25716493748282,6.25722039009803
Train,6.31158068255573,6.31154438044597
Train,6.36414726549828,6.36403286143363
Train,6.41501012561041,6.41513688946138
Train,6.46414862124372,6.46430403213019
Train,3.80787064129186,3.80712611184934
Train,3.8898763491532,3.88999927663964
Train,3.96929618216408,3.9696738861031
Train,4.04625055192399,4.04504830903396
Train,4.12085250832296,4.1212071756748
Train,4.19303900848582,4.19335676707966
Train,4.26325354655403,4.26273689911191
Train,4.33141573353746,4.3314176314457
Train,4.39761425773164,4.39803679347199
Train,4.46193277000705,4.4616376766112
Train,4.52445023645379,4.52436306536903
Train,4.58524126181113,4.5854671861339
Train,4.64437638646708,4.64437020452501
Train,4.70192235951398,4.70134242669744
Train,4.75794239008229,4.75808708790733
Train,4.81236848862255,4.81250071483675
Train,4.86551652420822,4.86544881994587
Train,4.9173091080499,4.91740970916037
Train,4.96779744005766,4.967663275398
Train,5.01703017355194,5.01682222541781
Train,3.806617109391,3.80362665256614
Train,3.88872745957526,3.88853995264424
Train,3.96805714263483,3.96587493745422
Train,4.04511904278585,4.04390620807808
Train,4.11982671861387,4.11947778196192
Train,4.19211020094286,4.19069132056199
Train,4.26242708916631,4.26231236110429
Train,4.33068986335162,4.33001893646842
Train,4.39682588928662,4.39478306901711
Train,4.46124608316893,4.4602922775777
Train,4.52386335476693,4.52337414083738
Train,4.58475234690992,4.58342163751839
Train,4.64383937400634,4.6417945890454
Train,4.70148360033293,4.70012640075816
Train,4.75760000785312,4.75633699940389
Train,4.81211536859238,4.8112252371196
Train,4.865356297876,4.86465084274797
Train,4.91724002756876,4.91732805966912
Train,4.96769448492966,4.96674436822827
Train,5.01701804254222,5.01507202233771
Train,3.80588284254704,3.80600179119984
Train,3.88763077769702,3.88682758502872
Train,3.9668537308049,3.96634757196472
Train,4.04366690789852,4.04378942847492
Train,4.11817861140821,4.11779865072342
Train,4.19049074964758,4.19037236275153
Train,4.26069930183139,4.26061793301858
Train,4.32889474309265,4.32867337512843
Train,4.39516243345652,4.39574452863794
Train,4.45958297428733,4.45824247055003
Train,4.52208645869079,4.52249064289393
Train,4.5830410130851,4.58255412960101
Train,4.64236465318102,4.64186871699166
Train,4.70012197055097,4.70055025845279
Train,4.75637419038466,4.75590890398785
Train,4.81117938797974,4.81131540847962
Train,4.86459268873759,4.8645923424702
Train,4.91666645311231,4.91646962724297
Train,4.96745044781713,4.96726814562983
Train,5.01699200446504,5.01670329804941
Train,0.176039307231385,0.176046767938328
Train,0.491829061560372,0.491789156336178
Train,0.786189983580055,0.785665853461214
Train,1.060260249714,1.05959446849782
Train,1.3165208250122,1.31622046637835
Train,1.55707898845063,1.5560760561062
Train,1.78253343107456,1.78261519796782
Train,1.99463927302696,1.99346181064774
Train,2.19490352153171,2.19469197874449
Train,2.3836181001812,2.38350335739238
Train,2.56207124256819,2.56153248298233
Train,2.73107775108345,2.73069841912461
Train,2.89165437654659,2.89148759979592
Train,3.04387222746022,3.0436195942919
Train,3.18862533618351,3.18796716972287
Train,3.32669603920296,3.32660482787277
Train,3.458066060632,3.45763907547932
Train,3.583435393406,3.58334311149615
Train,3.70342045735597,3.70298692880278
Train,3.81794992943887,3.81711564062744
Train,2.12504486247883,2.12574662526607
Train,2.37489199552404,2.37792702939021
Train,2.60767217902113,2.60774840486353
Train,2.8244986217606,2.82500574549488
Train,3.02722669966997,3.02976643693068
Train,3.21744156556698,3.21777429543658
Train,3.39579031130041,3.39614790986963
Train,3.56357351961028,3.56455463781607
Train,3.72191458341093,3.72283974652941
Train,3.8711886297476,3.87179620220931
Train,4.0123415361702,4.01249977321014
Train,4.1460184888255,4.14682858275616
Train,4.27296821072343,4.27346863247014
Train,4.39336241952189,4.39355954102246
Train,4.50784962688509,4.50841146723585
Train,4.617000697633,4.61730768443416
Train,4.72090040077817,4.7213264474951
Train,4.82005198778212,4.82049124530384
Train,4.91490121639626,4.91513674769518
Train,5.00547786237325,5.00554310854833
Train,2.12749913734611,2.12710701469334
Train,2.37925839223504,2.37950586816066
Train,2.61285901515677,2.61311163796376
Train,2.83078537289142,2.82996137646971
Train,3.03428807162891,3.03491929264357
Train,3.22475320633669,3.22460830367267
Train,3.40315267803497,3.40329694084646
Train,3.57105287025575,3.57089091285323
Train,3.7291390736078,3.72912496988675
Train,3.87824731562602,3.87830521367327
Train,4.01892969351737,4.01872339845803
Train,4.15224331228767,4.15245408658837
Train,4.27857991926452,4.27837817891757
Train,4.39847326376307,4.39887876209092
Train,4.51224861884756,4.51216455519728
Train,4.62065821805496,4.62072628003504
Train,4.72393158977961,4.72396037879659
Train,4.82242530335493,4.82247281866041
Train,4.91633511783574,4.91629191774326
Train,5.00621937921477,5.00616012366537
Train,2.12250081614239,2.12215920732739
Train,2.37137815312197,2.37043103610911
Train,2.6035019872609,2.60073904953863
Train,2.81992548588734,2.81897859588155
Train,3.02273494307519,3.02209009503867
Train,3.21266267447096,3.21047758013992
Train,3.39137986178172,3.38999587749567
Train,3.55939585741418,3.55910106471582
Train,3.71785785359595,3.71673176422815
Train,3.86776095855601,3.86621719365851
Train,4.00939607948925,4.00868295622525
Train,4.14379257918816,4.14290112025075
Train,4.27114552784829,4.27045400264137
Train,4.39215851123576,4.39131156958788
Train,4.50744991679182,4.5068567455305
Train,4.61711762343804,4.61633388520993
Train,4.7218475913991,4.72102832405656
Train,4.82169386306172,4.82103424743352
Train,4.91724991121634,4.91684806126886
Train,5.00853741419454,5.00810587467349
Train,3.12589242671175,3.12436046449361
Train,3.18840736762524,3.18643528474749
Train,3.24961871669671,3.24982048144384
Train,3.3093403703835,3.30878710807135
Train,3.36806855125741,3.36744948982965
Train,3.4256092008536,3.42526935275353
Train,3.48199797791098,3.48049915831308
Train,3.53726912765386,3.5361415214873
Train,3.59125075452547,3.59124130001734
Train,3.64438803489498,3.64449611814044
Train,3.69650250230504,3.69531528306612
Train,3.74762340667057,3.74630547346136
Train,3.79758926075564,3.7969218467111
Train,3.8468099525491,3.84671444132114
Train,3.89511830851896,3.89459265382107
Train,3.94253946179539,3.94082398649659
Train,3.98909763074818,3.98749166276155
Train,4.03464322954132,4.03406961718827
Train,4.07954770695401,4.07886896816726
Train,4.1236566866922,4.12130061510851
Train,2.30174952238649,2.30147377545003
Train,2.42563849430021,2.42532206162905
Train,2.54472832004564,2.54494530653548
Train,2.65986408848766,2.6599364456979
Train,2.77096213948657,2.77073608109759
Train,2.8782312120723,2.87846821587605
Train,2.9816079679532,2.98091874883229
Train,3.08179842266637,3.08183788432559
Train,3.17870542979105,3.17865778459922
Train,3.27248779514222,3.27258416891992
Train,3.36306799464951,3.36260715560539
Train,3.45104497922095,3.45096727748196
Train,3.53631602303299,3.53617410168092
Train,3.61900407670275,3.61897161327541
Train,3.69902468544491,3.69823492419457
Train,3.77689263870125,3.77688624732334
Train,3.85250428662077,3.852639372449
Train,3.92595629688816,3.92537596511829
Train,3.99716171304927,3.9964845957006
Train,4.06656796529797,4.06569029284758
Train,3.80127752748531,3.80179694460815
Train,3.88376399142518,3.88409433262975
Train,3.96354427333367,3.96318035106558
Train,4.04074939885598,4.04115194704895
Train,4.11550206946231,4.11543532042076
Train,4.18807501362775,4.18857719349823
Train,4.25825595785258,4.25824739567154
Train,4.32630903701418,4.326212477226
Train,4.39232958027726,4.39278015490764
Train,4.45640730621492,4.45651200987535
Train,4.51862672958719,4.51910274701624
Train,4.57906753323467,4.57892741298067
Train,4.6378049085286,4.63781507312984
Train,4.69490986743565,4.6951048100869
Train,4.75044952892091,4.75055904595082
Train,4.80460531499195,4.80467199025218
Train,4.85719833594022,4.85717348477084
Train,4.90840670928397,4.90845940020757
Train,4.95828440621353,4.95826776378051
Train,5.00688262895638,5.006806827531
Train,4.42405771003172,4.42477744113524
Train,4.4670126291091,4.46772414733188
Train,4.50905801934973,4.50907188008782
Train,4.55049287462654,4.55058824885022
Train,4.59119658831956,4.59133598544289
Train,4.63118834329603,4.63120219778414
Train,4.67035808054275,4.6706902237204
Train,4.70898303512818,4.70916923613299
Train,4.74694964498972,4.74702025604507
Train,4.78427459967259,4.78420123499949
Train,4.82085392069449,4.82101177876602
Train,4.85694540720588,4.85704796210085
Train,4.89244199366787,4.89240572426773
Train,4.92735826855581,4.92758850391437
Train,4.96159589677789,4.9613611197744
Train,4.99539524201747,4.99543515547086
Train,5.02865523458299,5.02873332305611
Train,5.06138868235503,5.06130019074811
Train,5.09350248887403,5.09356257022051
Train,5.12522131481153,5.12481864544989
Train,4.07463428571429,4.07565384113997
Train,4.1424878817734,4.14258558995737
Train,4.20763150318192,4.20782703735882
Train,4.27005571943413,4.27008604924835
Train,4.33025108942232,4.33144070866155
Train,4.38817811066825,4.38816036896507
Train,4.44396262968043,4.44426462693184
Train,4.49772135282087,4.50047774608826
Train,4.54942277315042,4.54945955015529
Train,4.59945231154328,4.59987512160841
Train,4.64775881540354,4.6483508015778
Train,4.69442979071714,4.69438099551497
Train,4.73942502629774,4.73951814856844
Train,4.7830685914796,4.78341939813714
Train,4.8253058575665,4.82555498967799
Train,4.86620371825587,4.86743086044682
Train,4.90582489087089,4.90581412878073
Train,4.94412435061645,4.94423210617101
Train,4.98136829008649,4.98165215277513
Train,5.01750156316566,5.01770214826551
Train,4.11391224174551,4.11354257459714
Train,4.17086899875919,4.17087141098665
Train,4.22654643261608,4.2265439001226
Train,4.28098716752216,4.28105668839694
Train,4.33423195495662,4.3341884774947
Train,4.386319775404,4.38617031881264
Train,4.43728793352601,4.43723838026425
Train,4.48717214726119,4.48710982408111
Train,4.53600663129973,4.53599507182276
Train,4.58382417534343,4.58370603623116
Train,4.63052638339636,4.63043064691676
Train,4.67640571428571,4.67620394795062
Train,4.72135855700427,4.7211455346668
Train,4.76541269530156,4.76549623599379
Train,4.80859481300768,4.80796536808444
Train,4.85093054793016,4.85093170871496
Train,4.89244454261248,4.8924357494855
Train,4.9331604921652,4.93296883557837
Train,4.97310118936505,4.97292681010237
Train,5.01228856720203,5.01208824646757
Train,4.31041569693412,4.30966407719943
Train,4.36150201322049,4.36179103392558
Train,4.4113712724966,4.41153396666798
Train,4.4603569816047,4.45983663696373
Train,4.50833916000455,4.50807365632577
Train,4.55534833281064,4.55545656728812
Train,4.60127684922546,4.60111277549819
Train,4.64642945323015,4.64681488152259
Train,4.69069343394197,4.69060467284508
Train,4.73409476849156,4.73413136327659
Train,4.77653184227533,4.77582815172632
Train,4.81828426118081,4.81829188767691
Train,4.85924606970945,4.85938263940886
Train,4.8994395133602,4.89928343743577
Train,4.93876865029425,4.93877172188631
Train,4.97749098250746,4.97744950152113
Train,5.01550681702997,5.01561522254468
Train,5.05283531438251,5.05288559526175
Train,5.08938584281513,5.08887365505271
Train,5.12539636033461,5.12530381009442
Train,2.13243861956292,2.13318101587546
Train,2.34128924043706,2.34151208941506
Train,2.54147236406507,2.54145393451729
Train,2.73351658577987,2.73448809762122
Train,2.91764908754638,2.9178111434162
Train,3.09484693270104,3.0947844169395
Train,3.26525431926018,3.26601748198131
Train,3.42925423805619,3.4294007685916
Train,3.58720140982669,3.58753473769752
Train,3.73942484636421,3.73977282446043
Train,3.88602325679968,3.88644669396323
Train,4.02770179249685,4.02803605870959
Train,4.1645107136517,4.16487390105797
Train,4.29669683792838,4.2967768504112
Train,4.42449058009706,4.42483404599479
Train,4.54810729238474,4.5484604327083
Train,4.66757958015531,4.66815083166066
Train,4.78343928285984,4.78354942298085
Train,4.89568893908169,4.89587610680092
Train,5.00449468742572,5.00445597692242
Train,2.12760523077417,2.12911813684442
Train,2.34637372309523,2.34667961885959
Train,2.55457813048694,2.55504933262799
Train,2.75296560508509,2.75309581970379
Train,2.94221446468269,2.94268997413352
Train,3.123221454504,3.12323336654802
Train,3.29597824642569,3.29641558298999
Train,3.46129167080254,3.46151174173636
Train,3.61963263821041,3.6198346804972
Train,3.77143315625735,3.77162213535593
Train,3.9170902656182,3.91741141203975
Train,4.05696950766991,4.05713434532259
Train,4.19140798749415,4.19154033707543
Train,4.32071708628142,4.3206057550401
Train,4.44518486907893,4.44531207692357
Train,4.56526444033518,4.56523491891319
Train,4.68082434171382,4.68094104472497
Train,4.7922878682364,4.79195231127042
Train,4.89986903945461,4.89972961779345
Train,5.00376722120807,5.00312858754944
Train,0.881313407493903,0.883260572317129
Train,1.04022533311853,1.04092282287281
Train,1.19485035881755,1.19546872821571
Train,1.34455630837884,1.34409844480715
Train,1.49035156023774,1.49118527078616
Train,1.63162894722668,1.63132132579358
Train,1.76932972330652,1.76967623033503
Train,1.90287082845417,1.90486237893873
Train,2.03278477320619,2.03248576530323
Train,2.15955630663759,2.15961378462187
Train,2.28263671028192,2.28293156102507
Train,2.40282653217886,2.40312471333272
Train,2.51959872791927,2.52037130451975
Train,2.63340110973659,2.63245622755802
Train,2.74464323365736,2.74509055529501
Train,2.85282871803426,2.8535724205559
Train,2.95864722385864,2.95844453531141
Train,3.06162162721572,3.062366253346
Train,3.16240370553857,3.1630068551453
Train,3.26053467173671,3.2600113319892
Train,3.20745703847065,3.20964569966033
Train,3.30170650686263,3.30216927215972
Train,3.39306209800919,3.39358953597001
Train,3.481655078994,3.48185985590138
Train,3.56760889607013,3.56887083122282
Train,3.65103974856348,3.65274540681621
Train,3.73205711297071,3.73313337611031
Train,3.81076422222222,3.81032551727506
Train,3.88725850452219,3.88887206253234
Train,3.96163198568811,3.96299369590567
Train,4.03414958402946,4.03413779380454
Train,4.10453298015473,4.10466324218355
Train,4.17304297401347,4.17372041505046
Train,4.23975338006026,4.23994618886355
Train,4.30473418517441,4.30565712886363
Train,4.36805179357886,4.36770592109534
Train,4.42976925319048,4.43025587811877
Train,4.48994646502365,4.49083385895262
Train,4.54864037710914,4.54910540872058
Train,4.60590516424798,4.60615877901222
Train,3.81322948551779,3.8124532593701
Train,3.90691893116058,3.90700475096444
Train,3.99499599651112,3.99490205200708
Train,4.07829800435941,4.07821800876718
Train,4.15687309776207,4.15619895686774
Train,4.2314241501863,4.23130379254928
Train,4.30195598079178,4.30183220061234
Train,4.36906600413628,4.36854357524328
Train,4.43286309570572,4.43282332106608
Train,4.49345921462985,4.49342423828876
Train,4.55133206798867,4.55118979174904
Train,4.60642880980625,4.60660523281842
Train,4.6591659071363,4.65908266827597
Train,4.7095853832341,4.7095677766936
Train,4.75773519097383,4.75772927650405
Train,4.80395954642162,4.8039943524769
Train,4.84818469075593,4.84830121892544
Train,4.89071654213727,4.89077513408827
Train,4.9314780344064,4.9315757840804
Train,4.97074279761159,4.97078565573631
Train,2.11871101732342,2.11961395010604
Train,2.35639971209534,2.35656462348815
Train,2.57961855820311,2.57986949269937
Train,2.78989134529572,2.78946025900139
Train,2.98785655932474,2.98819246830126
Train,3.17477896625679,3.17479193861328
Train,3.35155747229536,3.35115138109513
Train,3.51899599735828,3.51933250911738
Train,3.67799902481864,3.67751786073418
Train,3.82883959521849,3.82906576924073
Train,3.97229603415125,3.9723494654771
Train,4.10889760260885,4.10895174282478
Train,4.23927485409542,4.23914001313862
Train,4.36355570378415,4.36353887943269
Train,4.48229529172797,4.48198728248726
Train,4.59585613532836,4.59589821688219
Train,4.70456980496575,4.70472710852576
Train,4.80886099985393,4.80891958069672
Train,4.90876211796032,4.90860773667446
Train,5.00465578625424,5.0044925526998
Train,2.12948535332106,2.12941378884567
Train,2.36808451852299,2.36807364432628
Train,2.59186526912554,2.59213363914581
Train,2.80216649499457,2.80221120510295
Train,3.000170504711,2.99975968996215
Train,3.18692526529574,3.18702928865774
Train,3.36336295610416,3.363506260087
Train,3.53031553040329,3.53038045446276
Train,3.68852783291814,3.6880972455836
Train,3.8386687097472,3.83824109975858
Train,3.98117658853724,3.9809584875873
Train,4.11693089856034,4.11659878876962
Train,4.24625164233841,4.24566068743111
Train,4.36958557581574,4.36895877760264
Train,4.48733902625815,4.48679701416502
Train,4.59988236426554,4.59962561820718
Train,4.7075538950272,4.70702949791979
Train,4.8106632549458,4.81045314689475
Train,4.90949438546162,4.90939258397145
Train,5.0043081442292,5.00366427658279
Train,3.80686095628512,3.80677990591399
Train,3.88825780035489,3.8874817557938
Train,3.96735305420407,3.96730455623333
Train,4.04390277421532,4.04376326308041
Train,4.11819219791182,4.11812162702063
Train,4.19048006029031,4.19028123704932
Train,4.26053463553273,4.26036833566995
Train,4.32860849110071,4.32865868343673
Train,4.39493142283059,4.39478003208997
Train,4.45928377012633,4.45906487113012
Train,4.52189070250458,4.52185971245942
Train,4.58282228061717,4.58265897943016
Train,4.64227670641411,4.64224624269956
Train,4.70004978487365,4.69993764404347
Train,4.75633656690906,4.75618474030965
Train,4.81131565928723,4.81154766959471
Train,4.86479384963001,4.86475228909641
Train,4.91694739191074,4.91711309620988
Train,4.96793808513569,4.96791869553425
Train,5.01758310678026,5.01739263673138
Train,3.80679430504339,3.80722732780088
Train,3.88778650624006,3.88752383336002
Train,3.96636833684948,3.96712856431043
Train,4.04264582006686,4.04275281739579
Train,4.11688107377723,4.11704988680652
Train,4.18883926678568,4.1888125959093
Train,4.25877631363443,4.25873496083992
Train,4.32677618926272,4.32630445929003
Train,4.39291828014959,4.39308681616756
Train,4.45727769348714,4.45722703602223
Train,4.52006290390445,4.52015368758781
Train,4.58106298535578,4.58080406885467
Train,4.64048290846607,4.64082904264911
Train,4.69838328726409,4.69817846864665
Train,4.75482167475606,4.75465530057797
Train,4.80985275374445,4.81028113519979
Train,4.86364632096847,4.8637264073562
Train,4.91601337261856,4.91586474586888
Train,4.96712174883294,4.96688675204659
Train,5.01701629032258,5.01685390999351
Train,3.80611972270364,3.80682959684876
Train,3.88731910707581,3.88749961731553
Train,3.96625146411162,3.96630227394625
Train,4.04267301536831,4.04316022637376
Train,4.11702825065274,4.11714426724654
Train,4.18908159294882,4.18917953422913
Train,4.25924659584589,4.2593784473509
Train,4.32729583140517,4.32741463179722
Train,4.39361508479803,4.39390263874124
Train,4.45798494631505,4.45820679948016
Train,4.52076618154539,4.5205083058503
Train,4.58174721307592,4.58232334065127
Train,4.64126618351841,4.64104225521431
Train,4.69911912423919,4.69949527083867
Train,4.75562365370924,4.75589539098309
Train,4.81058316405152,4.81057636676407
Train,4.86429659539017,4.86432948565123
Train,4.91657443783087,4.91652345952235
Train,4.96769858284785,4.96819591325712
Train,5.01748634825444,5.017388196072
Train,3.80623805303049,3.80646814414385
Train,3.88753078020919,3.88801810945536
Train,3.96637498914405,3.96586297239399
Train,4.04271066599911,4.04321307154526
Train,4.11698331648424,4.11716806702115
Train,4.18911552401937,4.18891361336237
Train,4.25919850153353,4.25987534829862
Train,4.32731835193961,4.32683689582655
Train,4.39340995199618,4.39414679443185
Train,4.45784711642854,4.45790384924265
Train,4.52055203115629,4.52099701135032
Train,4.58159362124596,4.58151312788632
Train,4.64090566213999,4.64167475342007
Train,4.69881655337345,4.6997609604906
Train,4.75525002877237,4.75549362098853
Train,4.81026191371953,4.81043071537374
Train,4.86390525603733,4.86399966977079
Train,4.9161146136343,4.91651504684933
Train,4.96717254044537,4.96743323329363
Train,5.01700594790432,5.01649110239645
Train,3.80454649010638,3.80493009981848
Train,3.88620973410509,3.88586531052517
Train,3.96520051675306,3.96530846254581
Train,4.04200080796561,4.04205159380852
Train,4.11652832777307,4.11632769641906
Train,4.18871590068989,4.18912270793865
Train,4.25899516781115,4.2590900855661
Train,4.32712567822561,4.32679285904461
Train,4.39350985115307,4.39390842017547
Train,4.4580647114781,4.45805985554682
Train,4.52072010590495,4.52066078908944
Train,4.58183995535504,4.58182321672121
Train,4.64134236269766,4.64152628782876
Train,4.69915706485423,4.69877609473828
Train,4.7556148422511,4.75579167776627
Train,4.81050863151791,4.81074211078559
Train,4.86414962297946,4.86414927146554
Train,4.91645909771057,4.91651269823218
Train,4.96736826217722,4.9671593383822
Train,5.01716207657154,5.01709503077371
Train,3.80700622888093,3.80809289691538
Train,3.88877427138241,3.89069919632331
Train,3.96800600174478,3.96886918095268
Train,4.04481762614159,4.04535168386571
Train,4.1193183585778,4.1203227776685
Train,4.19176990969564,4.19133904860334
Train,4.26194646769299,4.26339721703393
Train,4.33010297897973,4.33082345444006
Train,4.39632542721955,4.39613765720801
Train,4.46069498446434,4.46153115132152
Train,4.52328834308046,4.52345623989307
Train,4.58417802057164,4.58486128778514
Train,4.64343263984584,4.64309044072533
Train,4.70111718720335,4.70129214671779
Train,4.75729325008537,4.75792129649037
Train,4.81213981254375,4.81213669896833
Train,4.86546810011917,4.86531874750023
Train,4.91745449790918,4.9176842729652
Train,4.96814902518575,4.96808235265512
Train,5.01759924575596,5.01748046229329
Train,3.80596336604268,3.80618025253916
Train,3.88769996513518,3.88735382143299
Train,3.96674161449095,3.96690825877264
Train,4.04355965949606,4.0432627637043
Train,4.11808074467046,4.1181010146337
Train,4.19040637558598,4.19024058962876
Train,4.26047628850373,4.26054593217062
Train,4.32869680202522,4.32875089753374
Train,4.39499247859256,4.39482641347022
Train,4.45944364865415,4.45958369549617
Train,4.52198698971251,4.52160071891182
Train,4.58297654566406,4.58295342322034
Train,4.6423371550814,4.642313647132
Train,4.70013321830006,4.70024891490743
Train,4.75630064541361,4.75623444854578
Train,4.81115082293435,4.81112636445528
Train,4.86461027507873,4.86449912065556
Train,4.91673123242365,4.91668223974171
Train,4.96745026806128,4.96753457167033
Train,5.01704349793831,5.01685757014542
Train,2.12495056724821,2.12501538717717
Train,2.34945777282283,2.34890900112544
Train,2.56222321742098,2.56172817955448
Train,2.7641445707376,2.76338261643521
Train,2.95625223204811,2.95542981272065
Train,3.13882167745276,3.13817465843716
Train,3.31274714406066,3.31189381775429
Train,3.47862832524072,3.47777967419354
Train,3.63701069498069,3.63676295379477
Train,3.78839150003933,3.78791066925338
Train,3.93339306210399,3.93240527007852
Train,4.07208793953699,4.07132539213239
Train,4.20503299368069,4.20381914179469
Train,4.33257851609173,4.33264116071943
Train,4.45504691063629,4.45401043714541
Train,4.57273541460253,4.57249707686407
Train,4.68605019663049,4.68543098250123
Train,4.79497683635959,4.7944720190781
Train,4.89988733030091,4.89929435825175
Train,5.00099977196109,5.00040047924167
Train,3.12057470503998,3.12129702274861
Train,3.25056695041291,3.25238148162739
Train,3.37621872657534,3.37824468820355
Train,3.4977438575222,3.49812152862499
Train,3.61534234937141,3.61851960822738
Train,3.72937877692919,3.73073548488213
Train,3.8396686208536,3.84159831251074
Train,3.94655966910797,3.94788756024258
Train,4.05020664832263,4.05095883194711
Train,4.15075503382182,4.15136768331749
Train,4.24834173087499,4.24875916938003
Train,4.3430956966223,4.34317247747715
Train,4.43513850861546,4.43602720105173
Train,4.52458488524473,4.52560731923891
Train,4.61154316273624,4.61307199420371
Train,4.69624771173823,4.69678568556152
Train,4.77852787647681,4.77993549291301
Train,4.85861100191392,4.85920182312138
Train,4.93658392646145,4.93656244789374
Train,5.01252897163456,5.01254056717144
Train,4.42397364004492,4.42510956433798
Train,4.46683735539606,4.46699701162972
Train,4.50893936539061,4.50924420853385
Train,4.55029979492786,4.55092418895691
Train,4.59081178213107,4.59113305875919
Train,4.6307488212185,4.63089359997116
Train,4.67000050224061,4.67037401429754
Train,4.70858431721445,4.70885857291034
Train,4.74651716792629,4.74680696728843
Train,4.78381539061844,4.78445184228634
Train,4.82038074793771,4.82037971447777
Train,4.8564584459679,4.85667230822806
Train,4.89194731473712,4.89222641815224
Train,4.92686165310814,4.92684475933155
Train,4.9612153006917,4.96188996727123
Train,4.99502165613748,4.99531075656946
Train,5.02819021518429,5.02830840318754
Train,5.06094212110785,5.06085806462743
Train,5.09318441768244,5.09324079440841
Train,5.12492890713027,5.12488588202248
Train,2.12550104692162,2.12550996992515
Train,2.36249646776252,2.36222131553494
Train,2.58505640723356,2.5847021466453
Train,2.79446079096045,2.79468665045846
Train,2.99161351625738,2.99081985847237
Train,3.17799179941986,3.17826693760035
Train,3.3542501589361,3.35394227359922
Train,3.52119104304165,3.52175445118218
Train,3.67953424563131,3.68129606033425
Train,3.82992728112534,3.82893190928649
Train,3.9727875343067,3.97261740956291
Train,4.10898451819272,4.11001563920841
Train,4.23882202114306,4.23840108568875
Train,4.36273529873528,4.36267814962192
Train,4.48112077281812,4.48121211343591
Train,4.59434026797352,4.59490130900614
Train,4.70259797540691,4.70243855667926
Train,4.80645584613463,4.806600123857
Train,4.90605999608534,4.90545884734767
Train,5.00166651130452,5.00125840619618
Train,2.12904881893534,2.12878414265738
Train,2.36467502334078,2.36557650244102
Train,2.5863717544168,2.58727674393595
Train,2.79486546174269,2.79506411340755
Train,2.99152432623126,2.99785348465704
Train,3.17753928220471,3.18370815818782
Train,3.35335162280537,3.36060349495089
Train,3.51996756608778,3.52432331504534
Train,3.67827029863456,3.68734300858691
Train,3.8285242355018,3.84246655770033
Train,3.97149069765597,3.97828862732235
Train,4.10768730780933,4.11697252474409
Train,4.23773203527581,4.24356051563443
Train,4.36174904466134,4.3628425569062
Train,4.48028311048674,4.48059635860434
Train,4.59381959626278,4.59420235527085
Train,4.70241946335215,4.70319797350897
Train,4.8065167131807,4.80678224084384
Train,4.90649997779317,4.90671543329917
Train,5.00238865030275,5.00238445916111
Train,2.12501527018452,2.12521392649207
Train,2.35003051178219,2.3503393729112
Train,2.56320298552501,2.56281324229817
Train,2.76544366309285,2.76583247210811
Train,2.9577821852447,2.95751577445602
Train,3.14052880265688,3.14121984295389
Train,3.31457352501106,3.31446689545463
Train,3.48052343913084,3.48097074001883
Train,3.63893044409494,3.63889086766736
Train,3.79029738299524,3.79044598802689
Train,3.935241980896,3.93555241135062
Train,4.07386039520268,4.07380503531157
Train,4.20670336561969,4.20698173016916
Train,4.3341244713593,4.33419770992873
Train,4.4564490068171,4.45696473499917
Train,4.57397675444721,4.57403170020538
Train,4.68710854989513,4.68731148291001
Train,4.79584736949743,4.79596733968431
Train,4.90055910934902,4.90065267343926
Train,5.00146341314049,5.00128072976616
Train,2.42904274077958,2.43126561009267
Train,2.54128805417005,2.5428411383619
Train,2.65056593256424,2.65091199508692
Train,2.7564785354289,2.75780910498879
Train,2.85942745828435,2.86013200429475
Train,2.95977794398226,2.95968833175487
Train,3.05715430887349,3.05788385450129
Train,3.15214540181046,3.15302429962862
Train,3.24438972506331,3.24465587822586
Train,3.33422175797062,3.33476925170483
Train,3.4219471433464,3.42166438588771
Train,3.50722467475221,3.50759962656186
Train,3.5903563487981,3.59103658894435
Train,3.67161885214673,3.67176883747057
Train,3.75069005228593,3.75176143266832
Train,3.82803125587547,3.82804867351955
Train,3.90333237359765,3.90333892389971
Train,3.9768509209034,3.97782099895403
Train,4.04882379492898,4.04902762442596
Train,4.1189579695916,4.11939850520024
Train,2.12615928244812,2.12631477404302
Train,2.35640561825386,2.35618007726131
Train,2.57396830461773,2.57370009000905
Train,2.77939454680487,2.77917888406715
Train,2.9738957158573,2.9735270059202
Train,3.15853311371012,3.15750891433855
Train,3.33363468544825,3.33342510691014
Train,3.50011217092624,3.49984225266641
Train,3.6587702019829,3.65822135298592
Train,3.80979810691597,3.80998742808929
Train,3.95389951589732,3.95375516112906
Train,4.09154024536951,4.09092941176047
Train,4.22329740527652,4.22339893470162
Train,4.34924873605194,4.34904004115976
Train,4.4699090977705,4.46973331522178
Train,4.58573896656535,4.58518273580507
Train,4.69676532558195,4.69648534589741
Train,4.80340425438494,4.8028226425303
Train,4.90602959692195,4.90551738422917
Train,5.00463488654235,5.00380172619914
Train,3.8059207838499,3.80533244357869
Train,3.88731757973585,3.88745554302079
Train,3.96608546145374,3.96549104764066
Train,4.04267446966147,4.04213787096951
Train,4.11701540571486,4.11694703062122
Train,4.18905248026734,4.18819771307801
Train,4.25918869378173,4.25928613083928
Train,4.32735299829126,4.32688233144664
Train,4.3934865456023,4.39337301357498
Train,4.45795239861141,4.45744157685022
Train,4.52067906156789,4.52046441446657
Train,4.58173597875038,4.58115317969032
Train,4.64106249388532,4.64084727793207
Train,4.69897715218169,4.6991102448475
Train,4.75540930973608,4.75475174031029
Train,4.81029811863013,4.81000425319068
Train,4.86393398522854,4.86385501941875
Train,4.91624761325902,4.91633564596542
Train,4.9671786385632,4.96709052883619
Train,5.01699296006305,5.01630970013878
Train,2.12484842216417,2.12590266498813
Train,2.36660916552662,2.36718903074158
Train,2.59290912964036,2.59196553934934
Train,2.80518545392664,2.80582623543074
Train,3.0047025139173,3.00525516774391
Train,3.19279607615065,3.1928964108316
Train,3.37000616992748,3.36891209484661
Train,3.53744596601947,3.53849475811533
Train,3.69590180059452,3.69488264386817
Train,3.84607783287803,3.84593239657148
Train,3.9886065068177,3.98928250518786
Train,4.12405745422408,4.12478390842344
Train,4.25294510370161,4.2537904339428
Train,4.37573520966739,4.37652465947464
Train,4.49285047613896,4.49287217186245
Train,4.60480662645768,4.60590028283978
Train,4.7116860565606,4.71174612817846
Train,4.81394631719168,4.8136706260651
Train,4.91188052474144,4.91163699530095
Train,5.00575750911989,5.00490555700605
Train,2.11009471883343,2.11276475539309
Train,2.37041039572539,2.37246932217414
Train,2.61099245908694,2.6144685732338
Train,2.83400286718623,2.83558120443366
Train,3.04129889443473,3.0427226438006
Train,3.23425959314538,3.23565738092752
Train,3.41474353528568,3.41596436088842
Train,3.58372500444503,3.58409984010376
Train,3.74226964422779,3.74315413372735
Train,3.89131540652892,3.89168829028924
Train,4.03169112121989,4.03219468192695
Train,4.16413191680804,4.16466610741035
Train,4.28929209795479,4.2898529327423
Train,4.40775595607406,4.40817020986816
Train,4.52004688997203,4.52029140750401
Train,4.62650967206529,4.62690288609819
Train,4.72782502723186,4.72830712477688
Train,4.82424362092163,4.82432495349638
Train,4.91611208106899,4.9162107232295
Train,5.00374507401355,5.00382143379177
Train,2.129067878023,2.12795087036096
Train,2.36787792905186,2.36731014282075
Train,2.59208132754936,2.59188474665949
Train,2.80248393375513,2.80119478371052
Train,3.00055431103668,3.00067584603175
Train,3.18756551755991,3.1868472888104
Train,3.36400289133691,3.36366231700095
Train,3.53093486493978,3.53006895035956
Train,3.68929589731702,3.6888148298021
Train,3.83937516522213,3.83878687750758
Train,3.98197381270913,3.98129973122296
Train,4.11763754094162,4.1161796233316
Train,4.24701295926842,4.24527097434242
Train,4.37023568941752,4.36801001573036
Train,4.48787338357829,4.48619123571531
Train,4.60043042438518,4.59924525632237
Train,4.70797402783647,4.70685594805127
Train,4.81095366343755,4.80986921060003
Train,4.90977083098347,4.90872576138745
Train,5.00444813374043,5.00323589564721
Train,2.36097802441054,2.36223817023302
Train,2.59467270880296,2.59542478084742
Train,2.80991602211101,2.81065017282836
Train,3.00828576076312,3.00890033524241
Train,3.19217654819851,3.19236171937669
Train,3.36266575017569,3.36308039059608
Train,3.52158740602271,3.52270327842311
Train,3.66968650890396,3.67025336897598
Train,3.80821594725934,3.80864223163336
Train,3.9382470175695,3.93945089754989
Train,4.06021325882976,4.0618023726478
Train,4.17514813515164,4.17628569201564
Train,4.28335361077381,4.28455785391073
Train,4.38554006922663,4.38709798830686
Train,4.4823253111259,4.48365339731956
Train,4.57388140873411,4.57548383104562
Train,4.66085324788706,4.66231166298925
Train,4.74335552867245,4.74490869504946
Train,4.8219342682751,4.82312679713091
Train,4.89666225509807,4.89896606879104
Train,3.13066823605367,3.1301272882194
Train,3.2653108264816,3.26503169070361
Train,3.39478865399112,3.39411821166257
Train,3.51898420713781,3.51865510095625
Train,3.63841031814301,3.63802829807902
Train,3.75352574052123,3.75296090467871
Train,3.86419478631816,3.86295555385199
Train,3.97084544861934,3.9699688880635
Train,4.07386216601098,4.0726588898604
Train,4.17309998647914,4.17237887292584
Train,4.26892070629017,4.26848062730003
Train,4.36149783208145,4.36098662762503
Train,4.45114097624998,4.45066539866476
Train,4.53770137997336,4.53695201061746
Train,4.62147332342409,4.62111840971526
Train,4.70272335190628,4.7019366971666
Train,4.7813037669359,4.78080498447044
Train,4.85746953301625,4.85688987495623
Train,4.93145231247699,4.93103485283237
Train,5.00310747339594,5.0020305604909
Train,3.74239489362839,3.74219991249146
Train,3.82910320565476,3.82927376632214
Train,3.91283018968842,3.91237114254158
Train,3.99404431282438,3.99406375322963
Train,4.07270265527586,4.07227963514398
Train,4.14877480179739,4.14872669958833
Train,4.22267517861963,4.22247703213497
Train,4.29435470068976,4.29443363970347
Train,4.36377575593117,4.36375129632302
Train,4.43130764848334,4.43099158420694
Train,4.49689755489048,4.49722065470686
Train,4.56062805510859,4.56049661601319
Train,4.62245567120425,4.62211952016396
Train,4.68270027518888,4.68241399027564
Train,4.74130662485842,4.74169859078651
Train,4.79822877862616,4.79791740497139
Train,4.85375585529207,4.85369413289347
Train,4.90783210332889,4.90772988494968
Train,4.96041026430419,4.96030359783905
Train,5.01175299734479,5.01152519151158
Train,3.8034503864279,3.80316134646663
Train,3.88519629205936,3.88568734783298
Train,3.9642758143468,3.9639153486117
Train,4.04115558955896,4.04149079314071
Train,4.11576116141328,4.11580533297263
Train,4.18819196994992,4.18798262885742
Train,4.25838661498708,4.25818965127656
Train,4.32674812805353,4.32676377948821
Train,4.39320031641299,4.3933984468187
Train,4.45782206902926,4.45775247100371
Train,4.52054925469123,4.52048642486146
Train,4.58173363623279,4.58173765023557
Train,4.64129950786784,4.64131812870719
Train,4.69931025289988,4.69929745745786
Train,4.75570117986209,4.75529271716599
Train,4.81078211704302,4.81107428999043
Train,4.86447917330845,4.86438533879669
Train,4.91684385558621,4.91671771014727
Train,4.9678122675308,4.96773971143486
Train,5.0176594929962,5.01754478681135
Train,0.121912889345683,0.123217884972505
Train,0.321212618614355,0.320557665855268
Train,0.505488365045808,0.505754807970307
Train,0.676377270332567,0.676998468573789
Train,0.835721298201025,0.835746970705774
Train,0.983839788785082,0.983764592552584
Train,1.12225631485193,1.12140677998436
Train,1.25189388522558,1.25187902542648
Train,1.37356202535614,1.37478418186091
Train,1.48797369810938,1.48810549011308
Train,1.59605576012599,1.59597460344299
Train,1.69775822869169,1.69824259565087
Train,1.7938935331152,1.79390066116825
Train,1.88490661293244,1.88401301668503
Train,1.97119622403223,1.97133096909744
Train,2.05312077928406,2.0537153807605
Train,2.13121849731664,2.131410302146
Train,2.20534073366341,2.20537734326057
Train,2.27597809355105,2.27675773652472
Train,2.34337069592827,2.34372849648148
Train,3.00190855643143,3.00126797755976
Train,3.11154383429012,3.11163973823965
Train,3.2174104685491,3.21721291072091
Train,3.31969949299921,3.31979627553732
Train,3.41858924454627,3.41845185306157
Train,3.51442734455197,3.51425489993535
Train,3.60700208859448,3.60631509865071
Train,3.69664654773391,3.69658156492045
Train,3.78349768358196,3.78353500055128
Train,3.86768405323916,3.86748897618294
Train,3.94932644422233,3.94935745320167
Train,4.02853845268934,4.02807081530896
Train,4.10542701078235,4.10533458421539
Train,4.18009286823752,4.17982010302574
Train,4.25263103282269,4.25253994860254
Train,4.3232648426538,4.32307645278343
Train,4.39180798215632,4.39172787757709
Train,4.45847801874026,4.45828768490925
Train,4.52335069787516,4.52318905452606
Train,4.58649773530518,4.58565830363029
Train,2.1230898668007,2.12366754691235
Train,2.35310504958047,2.35348105649803
Train,2.57025444451035,2.57059328192717
Train,2.77558814575459,2.77586860007621
Train,2.97024574076675,2.97055542824089
Train,3.15465746306227,3.15529688526227
Train,3.32979227868022,3.33091256995513
Train,3.49633303012957,3.49723320545524
Train,3.65489714909719,3.65549668564422
Train,3.80604430555556,3.80673407610521
Train,3.95043246607212,3.95118340447352
Train,4.08821917312294,4.088814150231
Train,4.21998349942063,4.22062871473276
Train,4.3461118399746,4.34701669934283
Train,4.46695822719602,4.46760477923439
Train,4.58284764957916,4.58343617087622
Train,4.6941945519255,4.6946256019926
Train,4.80103857268207,4.80145462007076
Train,4.90375409617079,4.9040542338909
Train,5.00257587715067,5.00266243789442
Train,2.12823337150201,2.12847698251441
Train,2.36411077689893,2.36421074977774
Train,2.58556084540345,2.5851160870277
Train,2.79429787321292,2.79407586595621
Train,2.99097959107034,2.99093214846595
Train,3.1770048147638,3.17648984226723
Train,3.35285279077528,3.3527512248721
Train,3.51968113936391,3.51948172087099
Train,3.67800242205579,3.67796291319869
Train,3.82829541577257,3.82805397849573
Train,3.97145202581556,3.97159004907283
Train,4.1076858400867,4.10793822778207
Train,4.23775673214238,4.2374681230526
Train,4.3619445926591,4.36223330949059
Train,4.48051650454393,4.4806371939979
Train,4.5940807056478,4.59385364720687
Train,4.70272168509138,4.70289615105183
Train,4.80696937638016,4.80708221778411
Train,4.90687679564637,4.90670026236642
Train,5.00290915065122,5.00284433777559
Train,2.12649679914649,2.1270745784189
Train,2.35759501184343,2.35847069265761
Train,2.57579871456369,2.57574435759282
Train,2.78171004898345,2.78224932509819
Train,2.97655078179956,2.97657062220657
Train,3.16119033961514,3.16134665672105
Train,3.33660020704182,3.33708501058055
Train,3.50309248504017,3.50335510414504
Train,3.66150276704624,3.66193717621742
Train,3.8124055918898,3.81285957807897
Train,3.95647937588095,3.95665869789231
Train,4.09387710541017,4.09433644250758
Train,4.22519554485524,4.22560740571605
Train,4.35082943708329,4.351019519372
Train,4.47127164782101,4.47169545175765
Train,4.58658493578139,4.58682944667583
Train,4.69721097911515,4.69770192278426
Train,4.8034298752106,4.80371184766274
Train,4.90561165504706,4.90575645777508
Train,5.00376687657177,5.00374597562574
Train,2.12426474177798,2.12455437765175
Train,2.35063717238353,2.35106821551904
Train,2.56487196721311,2.56477944298868
Train,2.7679198323259,2.76765902703092
Train,2.96063471204643,2.96049385421975
Train,3.14378579387147,3.14323640275417
Train,3.31806776936108,3.31816448520796
Train,3.48410963961541,3.48401912044891
Train,3.64248230061874,3.6423753933772
Train,3.79370510124421,3.79397149309024
Train,3.93809071449201,3.93826881330439
Train,4.07640023404386,4.07651469499264
Train,4.20886154281866,4.20916723479493
Train,4.33583788543298,4.3358349207083
Train,4.45766303418754,4.45799171544255
Train,4.5746442187341,4.57458819531515
Train,4.68706471308976,4.68718811678246
Train,4.79518612586059,4.79534546877927
Train,4.8992504326528,4.89912500136462
Train,4.99948178390723,4.9993274311542
Train,2.12069811485206,2.1216914405241
Train,2.35218470385353,2.35261474434057
Train,2.57057755642353,2.57272312907557
Train,2.7769570622838,2.77799722018722
Train,2.97228793269146,2.97292036683308
Train,3.15723568352264,3.15713045945824
Train,3.33298376109513,3.33437029262123
Train,3.50002222658851,3.50128469813863
Train,3.65898286341219,3.6603315447356
Train,3.81043779263866,3.8111408756375
Train,3.95490635331891,3.95532278136745
Train,4.09286105212978,4.09367544446413
Train,4.22473272598362,4.225049033798
Train,4.35091503644363,4.3518606304017
Train,4.47176839471261,4.47182286205132
Train,4.58749844172053,4.588388096882
Train,4.69866391195884,4.7008590852233
Train,4.80541421416605,4.80667026808557
Train,4.90800726291726,4.90811981387536
Train,5.00668126816914,5.00658369947027
Train,4.51947933506468,4.5196176777782
Train,4.55595585406054,4.555982905202
Train,4.5917319627115,4.5917819434721
Train,4.627075703772,4.62717717527081
Train,4.66187178245568,4.66190694713569
Train,4.69613283019948,4.69611342195073
Train,4.72975236329546,4.72981502455911
Train,4.76298150731276,4.76277202988742
Train,4.79571121929055,4.79614954686901
Train,4.8279526748944,4.82773070117602
Train,4.85960491137652,4.8597163220712
Train,4.89090370692284,4.89104955027232
Train,4.92174579971075,4.92157835916357
Train,4.95214111344554,4.9521382817786
Train,4.98199381297,4.98219044060501
Train,5.01152570884951,5.01133159620191
Train,5.04063889265971,5.04071475692483
Train,5.06934220665434,5.06937460275071
Train,5.09754458307822,5.09755805382624
Train,5.12545508269722,5.12534358114203
Train,2.12494654509825,2.12508768177236
Train,2.36598412000708,2.36586868594683
Train,2.59196570528841,2.5918039947476
Train,2.80379698900247,2.80359794008122
Train,3.00298370934386,3.00306243786668
Train,3.19083016455647,3.19064988882494
Train,3.36789057987543,3.36772780768722
Train,3.53525081837902,3.53532347047633
Train,3.69386021820756,3.69380373895152
Train,3.84405824457985,3.8439032251232
Train,3.98665280163087,3.98666817626828
Train,4.122207001394,4.12216914853329
Train,4.25137132222626,4.25129916113942
Train,4.37431687836064,4.37423599738943
Train,4.49161091976608,4.49157699641996
Train,4.60375754775155,4.60367046556262
Train,4.71085249935736,4.71089847550769
Train,4.81334220797438,4.81303635875095
Train,4.91162557614815,4.91148938960013
Train,5.00574879795207,5.00548782633836
Train,3.12543660352992,3.12578372976084
Train,3.25712552680222,3.25745050256875
Train,3.38384356666926,3.38414975933075
Train,3.50620900440506,3.50652787021125
Train,3.62411149096913,3.62456237313639
Train,3.73810966565051,3.7380386119236
Train,3.84808553713416,3.84838921872027
Train,3.95454624135555,3.95464752778557
Train,4.05751308548187,4.05782187159831
Train,4.15701563451543,4.15748047944549
Train,4.25349605830165,4.2538859916565
Train,4.34682758939512,4.34716369882756
Train,4.43741576260776,4.43756598691608
Train,4.52525628961524,4.52553589397861
Train,4.61035273249628,4.61069097542162
Train,4.69306363582991,4.69334807619851
Train,4.77326219556547,4.7735357953042
Train,4.85128003768205,4.85144066394118
Train,4.9269917254398,4.92702268390489
Train,5.00070489880787,5.0008725149851
Train,2.12586216946758,2.12683055559699
Train,2.34810903639221,2.34853721611692
Train,2.55906981011008,2.56040234796187
Train,2.75958289477367,2.760620363598
Train,2.95019087527279,2.95087169064884
Train,3.13201922497898,3.13249360840479
Train,3.30546511329829,3.30582464288057
Train,3.47109513912386,3.4715789396652
Train,3.62942596209123,3.62963147772305
Train,3.78092968593105,3.78152930610322
Train,3.92587471946271,3.92645399282532
Train,4.06499196065997,4.06554224734349
Train,4.19847485952058,4.19905567902991
Train,4.32665891410702,4.32712666082983
Train,4.44985350448167,4.45023586171034
Train,4.56834438574395,4.56884527115908
Train,4.68226681502816,4.682668489302
Train,4.79212856728055,4.79231556774888
Train,4.89802281184461,4.89825142975274
Train,5.00016065846189,5.00013551731441
Train,2.1239034454604,2.12355247524312
Train,2.35911492066316,2.35914159372345
Train,2.58033210952386,2.58043130512612
Train,2.78876785111201,2.78889235094483
Train,2.98549876920964,2.98519246102754
Train,3.1714838731517,3.17136754545843
Train,3.34758019165918,3.34730923431892
Train,3.51455597750929,3.51457671148616
Train,3.6731019122736,3.67324439676046
Train,3.8238406558098,3.82334300686985
Train,3.96717569005629,3.96720961270322
Train,4.10394304643346,4.10381381865303
Train,4.23443871645856,4.23460635504472
Train,4.35908442797437,4.35879470375427
Train,4.47826492668644,4.47859414860944
Train,4.59233194299298,4.59238830419658
Train,4.70160765894359,4.70155948938986
Train,4.80638774730354,4.80625106235125
Train,4.90694404309473,4.90712067451779
Train,5.00352689844212,5.00320990554895
Train,2.12157822752679,2.12213325057978
Train,2.34997161046408,2.35006632824175
Train,2.56589949340802,2.56612971826751
Train,2.77035529952172,2.77049634256065
Train,2.96422962398634,2.96438445039401
Train,3.14851996271753,3.1487409220429
Train,3.3235451646146,3.32346976980304
Train,3.4901648213289,3.49024408064419
Train,3.64897024560068,3.6490353763602
Train,3.80049855744591,3.8005574268966
Train,3.94523875342614,3.94520101114237
Train,4.08363697812071,4.08382508867941
Train,4.21610111752593,4.21609344204785
Train,4.34300481400337,4.34295289547069
Train,4.46469098601581,4.46459809859446
Train,4.58160039291125,4.5815301604436
Train,4.69376757502804,4.693622479438
Train,4.80159108710145,4.80149331049009
Train,4.90531844922459,4.90515658299409
Train,5.00517872577434,5.00502804738981
Train,2.12157822752679,2.12169740621697
Train,2.34997161046408,2.3500156448052
Train,2.56589949340802,2.56580179195431
Train,2.77035529952172,2.77085795402458
Train,2.96422962398634,2.96434838415576
Train,3.14851996271753,3.14842870155626
Train,3.3235451646146,3.32373722203525
Train,3.4901648213289,3.49024008683655
Train,3.64897024560068,3.64890723310107
Train,3.80049855744591,3.80045237653944
Train,3.94523875342614,3.94587363045716
Train,4.08363697812071,4.08416649340314
Train,4.21610111752593,4.21582893512651
Train,4.34300481400337,4.34289000060444
Train,4.46469098601581,4.46468516749858
Train,4.58160039291125,4.58169681864833
Train,4.69376757502804,4.69375078642381
Train,4.80159108710145,4.80144667361062
Train,4.90531844922459,4.90523993413314
Train,5.00517872577434,5.00491506848451
Train,2.8296740501142,2.83068678091985
Train,3.00087003735464,3.00079188920392
Train,3.16277266275112,3.16322755958085
Train,3.31611866365468,3.31620219587137
Train,3.4615689084876,3.46153258932083
Train,3.59971791781557,3.59992799966914
Train,3.73110198672411,3.73096366150574
Train,3.85620614249155,3.85621002495066
Train,3.97547012785809,3.97552085886249
Train,4.08929356546614,4.0891509513916
Train,4.19804043129214,4.19822764517736
Train,4.30204294258438,4.30203000197639
Train,4.401604947801,4.4014904310171
Train,4.49700489141195,4.49719279353854
Train,4.58849841449439,4.58845816337866
Train,4.67632064227137,4.6763733517327
Train,4.76068820169532,4.76078053136677
Train,4.84180100552688,4.84182036667846
Train,4.91984383384104,4.91981075049202
Train,4.99498773929687,4.99492421103857
Train,2.12307251257918,2.12505165374369
Train,2.35964578934866,2.36068470697469
Train,2.58218050412771,2.58344554022807
Train,2.79142720735334,2.79246216411753
Train,2.98897791192864,2.990737218657
Train,3.17537342606459,3.17685667280731
Train,3.35192322830612,3.35492462825676
Train,3.51901641132875,3.52098429253673
Train,3.67756862434833,3.67995704719168
Train,3.82838570779016,3.82963390546202
Train,3.97170145535005,3.97319929564121
Train,4.10836525981417,4.11305909322829
Train,4.23853985576174,4.2413104914468
Train,4.3628148187034,4.36504876365076
Train,4.48171459673084,4.48323480393775
Train,4.59532714951275,4.59718144076745
Train,4.70423982572091,4.70485829814611
Train,4.80850558860764,4.80876425942212
Train,4.90863863853738,4.90868404062269
Train,5.00466535907799,5.00510453260767
Train,2.12031013626789,2.12044850068546
Train,2.36102834848217,2.36085625013819
Train,2.58658898959166,2.5863201741512
Train,2.7983800262081,2.79824958629428
Train,2.99784901303123,2.99740930816687
Train,3.18561792614839,3.1855318152932
Train,3.36288618172805,3.362689617167
Train,3.53051066694614,3.53084991366757
Train,3.68925750488651,3.68887569885071
Train,3.83981376202818,3.83999641724765
Train,3.9829588998068,3.98305134797041
Train,4.11891938268376,4.11909945456305
Train,4.24836903830734,4.24849871121686
Train,4.3717646127021,4.37216394010819
Train,4.48952110602165,4.48962912317887
Train,4.60201643538855,4.6022973102121
Train,4.70971741650357,4.70980468325397
Train,4.81269041611846,4.81270837795431
Train,4.91135181778044,4.91128714128007
Train,5.00596686579683,5.00579247335641
Train,2.12440624434696,2.12397401965845
Train,2.35222798355211,2.35111196906036
Train,2.56759390425402,2.56600059447857
Train,2.77149833019303,2.76997549806115
Train,2.96505326559385,2.96381032781954
Train,3.14860732130058,3.1475053550828
Train,3.32311528269837,3.32192329352568
Train,3.48922979559846,3.48878165267163
Train,3.64754219853314,3.64691429853231
Train,3.7985895563195,3.79816267830551
Train,3.94302608276754,3.94263219340571
Train,4.08095990864761,4.08043472639452
Train,4.2129716824796,4.21211898408732
Train,4.33943477525598,4.33898221428008
Train,4.46069181716834,4.46042936541192
Train,4.57705779753348,4.57665886722658
Train,4.68895122952415,4.68871396702539
Train,4.79637790324853,4.79619025792633
Train,4.8997186923022,4.89922249421879
Train,4.99920235130416,4.99898286037292
Train,2.12622589903915,2.12601534202395
Train,2.35105907196245,2.35000539416723
Train,2.56408052411292,2.56179297966962
Train,2.76596443231534,2.764227349516
Train,2.95800431013222,2.95606674544407
Train,3.14069197335927,3.13968412196205
Train,3.31469435242682,3.31305659265017
Train,3.48061643614247,3.47892241930821
Train,3.63882531876998,3.63684141645869
Train,3.79019624579036,3.7893419333453
Train,3.93499541998522,3.93384476325166
Train,4.07364171657609,4.07162422488556
Train,4.20636535159036,4.20416889101548
Train,4.333832845834,4.33186359591134
Train,4.45620835739143,4.45481863527904
Train,4.57379102778125,4.57268986579578
Train,4.68685701678631,4.68562131123107
Train,4.79553547793856,4.79503730279768
Train,4.90031986812072,4.89929041423993
Train,5.00129839913448,4.99941229547
Train,3.15039381919847,3.1502396067882
Train,3.2382231415356,3.23837213821254
Train,3.32371965065747,3.32398162088093
Train,3.40678219060746,3.40650758122711
Train,3.48788845652993,3.48798970066845
Train,3.56692295565203,3.56705248415241
Train,3.64396406827628,3.64418792806392
Train,3.71908627017166,3.71920470091541
Train,3.79219047864077,3.79206883750808
Train,3.86368795523912,3.86393865690787
Train,3.93346868964079,3.9339227047151
Train,4.00159377995734,4.00164118700088
Train,4.06796711744242,4.06779118305955
Train,4.13295647522878,4.13333717285053
Train,4.19645682270938,4.1965359829333
Train,4.25851875370888,4.25868339391895
Train,4.31919059560865,4.31938391009183
Train,4.37838080622098,4.3784101861128
Train,4.43641200640792,4.43651636577188
Train,4.49318561840907,4.49371214489335
Train,2.1297646112952,2.13031104772212
Train,2.35976321402919,2.36018955915106
Train,2.57660054688476,2.5756808679361
Train,2.78177693703839,2.78296839183987
Train,2.97582693019832,2.97636476384403
Train,3.15999309509978,3.16145068101136
Train,3.33466796457649,3.33458518370013
Train,3.50089346110216,3.50164800738483
Train,3.65911229125799,3.65943004541953
Train,3.80974092004381,3.81012892370853
Train,3.95359590323492,3.95459003151866
Train,4.09085311686547,4.09050771708991
Train,4.2222151261859,4.22372250098429
Train,4.34792955629329,4.34805685500486
Train,4.46823410563742,4.46930356229769
Train,4.58369845487071,4.58366646345763
Train,4.69438990326048,4.69493832853012
Train,4.80080855719805,4.8011085165619
Train,4.90299475843662,4.903066506352
Train,5.00139054318324,5.0015882070281
Train,4.42409585505031,4.42374930083215
Train,4.46699999968875,4.46718031673328
Train,4.50912999588748,4.50900525889795
Train,4.55062343413759,4.55045180958278
Train,4.59126463212535,4.59146179130147
Train,4.63119185597453,4.63105938249586
Train,4.67042375623285,4.67019617811824
Train,4.70897833946524,4.70923583664394
Train,4.74698003120916,4.74659563575677
Train,4.78422975172007,4.78413576048981
Train,4.82085262510907,4.82108852749809
Train,4.85686434244745,4.85667380730484
Train,4.89238013767545,4.89257707796031
Train,4.92721292432008,4.926891294162
Train,4.96147863591879,4.96110901093535
Train,4.99519100856651,4.99552068690227
Train,5.02836333827751,5.02800432605982
Train,5.06110076351569,5.0612915779357
Train,5.09322977271502,5.09299804042978
Train,5.1248561911553,5.12464070940807
Train,3.12219664035665,3.12180455321775
Train,3.24953452024874,3.24735050834498
Train,3.37314604202669,3.37372753809519
Train,3.4928498320296,3.49301355725664
Train,3.60916007451301,3.60955653101362
Train,3.72189627166973,3.71910951539735
Train,3.83153353563189,3.83054662049635
Train,3.937893249733,3.93827090665994
Train,4.04141575955877,4.04165580246208
Train,4.14192507832224,4.14114515793988
Train,4.23983048635145,4.24020340027001
Train,4.33495917628389,4.33517707524124
Train,4.42769256120208,4.42795887111839
Train,4.51786140777872,4.51758666255335
Train,4.60582203826741,4.60487305814077
Train,4.69140906736962,4.69194974733709
Train,4.77495614780948,4.77507384892405
Train,4.85630192241415,4.85526813220464
Train,4.93575949499856,4.93580373670546
Train,5.01317164359974,5.01235050402326
Train,2.12980838791552,2.13133715839021
Train,2.34168333658339,2.34254236869933
Train,2.54414515157146,2.54536556663684
Train,2.73824139127693,2.7415267913573
Train,2.92427150924354,2.92752179875537
Train,3.10272808016657,3.10452849855194
Train,3.27387246115437,3.27395316448883
Train,3.43851371335323,3.43990160959351
Train,3.59683781251713,3.59737634190305
Train,3.74920149103465,3.74973445324121
Train,3.89577051701384,3.89668744342979
Train,4.03718640633585,4.0379045373241
Train,4.17356288687294,4.17380856709908
Train,4.30516461492292,4.30626225559003
Train,4.43209530256108,4.43298210058536
Train,4.55487496931329,4.55501209500086
Train,4.67357034358219,4.67480442520408
Train,4.78838188846819,4.78866977553103
Train,4.89937221252288,4.89963216954823
Train,5.00697080778179,5.00665879196886
Train,2.12537416344365,2.12643207632923
Train,2.34552927409838,2.34613123075487
Train,2.55466956421632,2.55560392475201
Train,2.75404750150743,2.75421661554846
Train,2.94390490216024,2.94440818672739
Train,3.12531404718931,3.1250503898608
Train,3.29843757033248,3.29871820274481
Train,3.4642020484339,3.46446736365965
Train,3.62288854078934,3.62282949618596
Train,3.774770174997,3.77482572585336
Train,3.92060283959894,3.92048669491167
Train,4.0604259611579,4.06072255287124
Train,4.19490563275434,4.19484782804859
Train,4.3241967607628,4.32430391400589
Train,4.44845398107351,4.44834931626006
Train,4.56823507402279,4.56801246224462
Train,4.68351752216831,4.68320259791405
Train,4.79480054880053,4.79475027639664
Train,4.90204659920499,4.90171707023989
Train,5.00570487775376,5.00542886255664
Train,2.13137907626679,2.13103516198753
Train,2.36558251256851,2.36549373995029
Train,2.58611448184891,2.58634700975118
Train,2.79367170301773,2.7930859639293
Train,2.98958625163742,2.98940285614535
Train,3.1748110244684,3.17370304864401
Train,3.35039506155556,3.34984544003721
Train,3.51669708659816,3.51679646778024
Train,3.67461182151582,3.67391049950243
Train,3.82475816738325,3.82289894200872
Train,3.96785686933162,3.96786108658576
Train,4.1040849131936,4.10345081579443
Train,4.23407210575375,4.23351005141521
Train,4.35823770054002,4.35841292282995
Train,4.47709846671157,4.47690315173161
Train,4.59072994667882,4.59026366014189
Train,4.69959280869004,4.69875817017756
Train,4.80398106079469,4.8034661932919
Train,4.90427851305546,4.90378464468553
Train,5.00050274038001,4.99980601258916
Train,1.35217257524446,1.35437815131819
Train,1.47399066892342,1.4743534669167
Train,1.59230603675122,1.59495734968052
Train,1.70788984059983,1.70772219894219
Train,1.82053051413345,1.8206232777335
Train,1.93004279454803,1.930688165109
Train,2.03713200282241,2.03944068491907
Train,2.14159461111633,2.14222169026327
Train,2.24325094712242,2.24240133898368
Train,2.34274872420312,2.34256037478862
Train,2.43989262030807,2.44151933994533
Train,2.53476518976344,2.53472838490112
Train,2.6271948653086,2.62764539371214
Train,2.71776308529764,2.71805837464892
Train,2.80628541222797,2.80603018923335
Train,2.8925965675905,2.89286613862099
Train,2.9772348648877,2.97828399040041
Train,3.0600238295116,3.06038998736424
Train,3.14080449271254,3.14032279808385
Train,3.22007675336816,3.22060485842364
Train,2.13169975329619,2.13215634378974
Train,2.35657563234608,2.35723717965647
Train,2.5697195887708,2.56937438966189
Train,2.77161116287705,2.77246852899501
Train,2.96351242318112,2.96357015906172
Train,3.14577167191889,3.14570733658269
Train,3.3194547591735,3.320068610547
Train,3.48481216801417,3.4848522722555
Train,3.64259090213786,3.64293688863411
Train,3.79345572001115,3.79362205018746
Train,3.93755376827673,3.93751013267013
Train,4.07561483172903,4.07588338175084
Train,4.20773741289214,4.20811734611663
Train,4.33442728443041,4.334612688283
Train,4.45613844345657,4.45664106221593
Train,4.57291703333236,4.57305037515023
Train,4.685289008097,4.68547161686473
Train,4.79327551310105,4.79386795167676
Train,4.89734342494307,4.89729314048043
Train,4.99749465933353,4.99756654129747
Train,2.11800698707624,2.11785027937854
Train,2.34965765577576,2.34920192355196
Train,2.56840930776639,2.56745206328176
Train,2.77488577997022,2.77460730936542
Train,2.9702926005582,2.97006243256755
Train,3.15568719019291,3.15571510849675
Train,3.33145779694166,3.33045492227752
Train,3.49867861621973,3.4985391640801
Train,3.65763083900424,3.65744270409457
Train,3.80906884706775,3.80831070827031
Train,3.95366217337027,3.95338271089866
Train,4.09157969995091,4.09163146158043
Train,4.22340924524784,4.22296253975696
Train,4.34967552568932,4.34958101256567
Train,4.47047351119821,4.47000381995677
Train,4.58639020485336,4.5862098168153
Train,4.69748557725583,4.69676696929344
Train,4.80416453796717,4.80373490340109
Train,4.90679145152063,4.90677396621495
Train,5.00538847860667,5.0045596885965
Train,3.84179557269776,3.84134329727229
Train,3.91920875165838,3.9196765628395
Train,3.99422371956472,3.99398894526071
Train,4.06725350138824,4.06726999418873
Train,4.1382277797835,4.13830108944174
Train,4.20723213202012,4.20742154246693
Train,4.27420779048411,4.27405190222154
Train,4.33951434295091,4.33932630445479
Train,4.40308067966405,4.40333336305666
Train,4.4649754430464,4.46480868424035
Train,4.52513816900946,4.52504558868695
Train,4.58388488439728,4.58410972835099
Train,4.6411453493064,4.64098207541539
Train,4.69697526082213,4.69729267384364
Train,4.75131410345043,4.7511953920166
Train,4.80444192109512,4.80457891923908
Train,4.85629034384653,4.85621523425475
Train,4.90690503639522,4.90730414690534
Train,4.95622646817187,4.95553013413162
Train,5.00450460980597,5.0042289363836
Train,2.12502787527181,2.1244741383761
Train,2.36135204633954,2.36098001990768
Train,2.58362284929565,2.58345497636403
Train,2.79268469363621,2.79251963134901
Train,2.9900326385081,2.98959220044948
Train,3.17629153514919,3.17642437075356
Train,3.35268522941764,3.35225163559338
Train,3.51967841931029,3.51966282786822
Train,3.67828647416271,3.67774868344596
Train,3.82885566655389,3.8281422190779
Train,3.972238578413,3.97197116127249
Train,4.10869287269671,4.1080782087307
Train,4.23894221158223,4.23828939116544
Train,4.36317727847259,4.36277582202593
Train,4.48201832437531,4.48167798077659
Train,4.59560495869248,4.5952035147205
Train,4.7044735138618,4.7043127516851
Train,4.80872436390115,4.80806641974904
Train,4.90882501568616,4.90869958263319
Train,5.00484551569014,5.00444463809495
Train,2.12630598483605,2.12639025649295
Train,2.35539875522112,2.35523397555889
Train,2.57176533308534,2.57164204112793
Train,2.7762152162635,2.77621887082204
Train,2.97012763582966,2.97013269891389
Train,3.154096397871,3.15383955534373
Train,3.32886723508733,3.32890797730672
Train,3.49511312972944,3.49476732510381
Train,3.65327046900327,3.65341224154518
Train,3.8042444465208,3.80408803967865
Train,3.94835614457831,3.94815471865174
Train,4.08606303712706,4.08601629962848
Train,4.21763900232919,4.21774790435662
Train,4.34375987462006,4.34365185588734
Train,4.46462571056548,4.46440036083053
Train,4.58055824708455,4.58053337492416
Train,4.69185348214286,4.69165653463329
Train,4.79866719334719,4.79875368953058
Train,4.90148964649825,4.90128137849673
Train,5.00043192536905,5.00020214429489
Train,2.12756302321726,2.12764949834516
Train,2.34357282068457,2.34370103115398
Train,2.54984329443584,2.54855317050076
Train,2.74656419884556,2.74795755482964
Train,2.9346004194769,2.93392587698014
Train,3.11472246366613,3.11506295029338
Train,3.28702110126639,3.28792485654523
Train,3.4523767881392,3.45272073868756
Train,3.61083401632121,3.61112772799942
Train,3.7629914237032,3.76419287794997
Train,3.90938665371888,3.90930118853165
Train,4.05001495535352,4.05063588420153
Train,4.185367040438,4.18580994207133
Train,4.31588545686173,4.31649595089492
Train,4.44153302115887,4.44189121279652
Train,4.56285822366104,4.5637241024213
Train,4.67980876824761,4.67988663286226
Train,4.79274789655703,4.79280439673095
Train,4.90200518548599,4.90193201182979
Train,5.00751258189677,5.00751599996912
Train,3.80374262174995,3.80417228200056
Train,3.8813644729742,3.88141961160805
Train,3.95697922789834,3.9570066772802
Train,4.03066374022847,4.03076005496884
Train,4.10249098938142,4.1025065458898
Train,4.17241839760179,4.17275816245783
Train,4.24073848405763,4.2406842289347
Train,4.30739922438136,4.30745291793962
Train,4.37246034610359,4.37255214931743
Train,4.43597874424708,4.43611514946445
Train,4.49800864726972,4.49811291268044
Train,4.55860177147655,4.558740440225
Train,4.61780746482474,4.61772038081756
Train,4.67567284096216,4.67573352642754
Train,4.73224290426455,4.73248006541611
Train,4.78747214480045,4.78740908348902
Train,4.84158066204671,4.84165651342544
Train,4.89451729124722,4.89468908277003
Train,4.9463196958571,4.94626511232872
Train,4.99702394247805,4.99699013015314
Train,2.13398817546624,2.13444696705832
Train,2.3603036930206,2.36065560325235
Train,2.57460521573588,2.574933755168
Train,2.77744420913406,2.77745824323767
Train,2.97007708970211,2.97043806197328
Train,3.15291186542403,3.15294839548488
Train,3.3270039647829,3.32874188083458
Train,3.49265432852556,3.49361783556923
Train,3.6507592120268,3.65061662418206
Train,3.80153884200432,3.80257391944932
Train,3.94576178529703,3.94693500820092
Train,4.08358689922918,4.08475217819363
Train,4.21567911599837,4.21682699391053
Train,4.34215029631276,4.34302115772075
Train,4.46358035984785,4.46518414685391
Train,4.58004496573176,4.58094456672154
Train,4.69205361385402,4.69219527179488
Train,4.79965394873103,4.79951432391686
Train,4.90329661362725,4.90354941403559
Train,5.00300750171342,5.00278845113418
Train,2.12692952333918,2.12577108471354
Train,2.35088489207782,2.35079009551138
Train,2.56338939913463,2.56283776949829
Train,2.76487539438893,2.7648135242031
Train,2.95637934571797,2.95635117051643
Train,3.13881695982081,3.13887913641683
Train,3.31245113616632,3.3118655679209
Train,3.4782528902867,3.47821201462438
Train,3.63640671876633,3.63606961466349
Train,3.78758909481047,3.78738164854482
Train,3.93240371759829,3.9323319312242
Train,4.07095177015897,4.07059073123462
Train,4.20377149195949,4.20375986254542
Train,4.33134563589012,4.33098926234294
Train,4.45371995796277,4.4533891934171
Train,4.57145462335721,4.571125689901
Train,4.68456901428786,4.68424103740347
Train,4.79344493329453,4.79296750207371
Train,4.89842727377511,4.89827130210224
Train,4.99950692178822,4.99909088685213
Train,2.12371882685724,2.12391911381103
Train,2.34385229132083,2.34241036440586
Train,2.5529843127808,2.55277024740617
Train,2.75238144534349,2.75131425387884
Train,2.94226652286525,2.94217905988584
Train,3.12372518645314,3.12385926748181
Train,3.29690314324393,3.29660159948271
Train,3.46273958171679,3.46244491126849
Train,3.62150678904842,3.6208791410589
Train,3.77347042690937,3.77320506217788
Train,3.91939789573612,3.9179935385656
Train,4.0593154789097,4.05916379321948
Train,4.1939000881719,4.19375189359057
Train,4.32329993503047,4.32287461519936
Train,4.44766388388869,4.44709188779794
Train,4.56755956828605,4.56693518271187
Train,4.68295388954253,4.68273338812207
Train,4.7943553340357,4.79388722816038
Train,4.90171656914261,4.90128266127445
Train,5.00549551390638,5.00484944373866
Train,0.858570132811861,0.860931294367228
Train,1.04394113124311,1.04559752596378
Train,1.21780985666362,1.21849994266
Train,1.38046476767378,1.38027154925984
Train,1.53365978365212,1.53385228471593
Train,1.67753229485396,1.67995990076858
Train,1.81353329009593,1.81385135554442
Train,1.94169856401498,1.94367154957072
Train,2.0629656558425,2.06230401731095
Train,2.17814266650068,2.17869912832671
Train,2.28717156304968,2.287662896371
Train,2.39101087704773,2.39211792825879
Train,2.48956493941143,2.48932556859502
Train,2.58344419356656,2.584550284975
Train,2.67318127111649,2.67318353059392
Train,2.7586469140583,2.75906649622937
Train,2.84051777871266,2.84136469393575
Train,2.91865223851417,2.91836500403085
Train,2.99364766201722,2.99478000070672
Train,3.06535534516765,3.06708946972344
Train,2.11836488912733,2.11921876506415
Train,2.32413838841679,2.32422053078401
Train,2.52176604908489,2.52225305224302
Train,2.71214490016071,2.71195403775822
Train,2.89546247921265,2.89568448690787
Train,3.07190808450751,3.07242898034468
Train,3.24223961470774,3.24228419162958
Train,3.40640343133022,3.40652727235793
Train,3.56508149230297,3.56517457811994
Train,3.71837330568695,3.7188344614151
Train,3.86638353331531,3.86657969534285
Train,4.00969953745136,4.00961481338366
Train,4.14838636500646,4.1486993711086
Train,4.2825150818542,4.28253909085709
Train,4.41259655644757,4.41261019609454
Train,4.53852985181722,4.53859890950287
Train,4.66078275686764,4.66082198578953
Train,4.77938175725327,4.77937994196182
Train,4.89435981211991,4.89456657135888
Train,5.00612953667992,5.0057847013861
Train,2.80431739155581,2.80637434292512
Train,3.00972497311769,3.01046978066408
Train,3.19814047253609,3.19901101898424
Train,3.37125133976355,3.372244306082
Train,3.53100508559131,3.53211977664686
Train,3.67903463184464,3.67889413466845
Train,3.81631626614119,3.81698070168721
Train,3.94410447092034,3.94429478525459
Train,4.0634679768502,4.06496331428258
Train,4.17499426474688,4.17521015552176
Train,4.2795332183762,4.28001315597241
Train,4.37772154690942,4.37773925439272
Train,4.47021182728672,4.47057916302351
Train,4.5573143354775,4.55749320280027
Train,4.63956750088226,4.63939470476083
Train,4.71744209228868,4.71781694563991
Train,4.79113303528688,4.79086457100303
Train,4.86103761995336,4.86107751240458
Train,4.92750601768001,4.92780550333557
Train,4.9906604504058,4.99046727116134
Train,3.92049435677243,3.91982249110962
Train,3.99145171165559,3.99070424758517
Train,4.06038019918818,4.06046217248396
Train,4.12763122014509,4.12733074092358
Train,4.19313532039386,4.19287585259429
Train,4.2569596945443,4.25672235920215
Train,4.31904504352194,4.31892003852812
Train,4.37970121019443,4.3797655386416
Train,4.43885954180265,4.43814413348796
Train,4.49657484268183,4.49695061004645
Train,4.55278775849454,4.55247380183426
Train,4.60777364208356,4.60795049887639
Train,4.66146558459228,4.6613098348125
Train,4.71390872886511,4.71346595217306
Train,4.76504463981533,4.76497336667738
Train,4.81511972504834,4.81507497371089
Train,4.86406937288452,4.8642179074019
Train,4.91193110299996,4.9113926166452
Train,4.95864800759439,4.95878987327435
Train,5.0044419594387,5.00413928920131
Train,3.84105780659028,3.84164989179042
Train,3.91832834994135,3.91782606346839
Train,3.99339132457357,3.99310334117616
Train,4.06634000132811,4.06740411460556
Train,4.13726246970036,4.13732874984391
Train,4.20624199270175,4.20610300807499
Train,4.27335733295105,4.27402520188343
Train,4.33868305268011,4.33853919801592
Train,4.40228979005651,4.40256560749509
Train,4.46424451397606,4.46454383627362
Train,4.5244936789611,4.52434483671797
Train,4.58333470882261,4.58345906652606
Train,4.64070477073592,4.6407296004674
Train,4.69665834288126,4.69699573750015
Train,4.75124724606848,4.75130167406051
Train,4.80452080381362,4.80414104704459
Train,4.85652599098172,4.85668860983664
Train,4.90730757193771,4.90713328247172
Train,4.95690822905911,4.95712143124162
Train,5.0053686823862,5.00503494582198
Train,2.42834849611159,2.42882587808627
Train,2.48746707092845,2.48768199121022
Train,2.54575788762654,2.54509533493473
Train,2.60303139094534,2.6031010287593
Train,2.65972085298525,2.65853444278814
Train,2.71563287692946,2.71561207554122
Train,2.77078334651799,2.77080713098365
Train,2.82518771572609,2.82408686224261
Train,2.87866785658468,2.87873564003165
Train,2.93162730929852,2.92790034528853
Train,2.98388453553816,2.9838338076444
Train,3.03545341028352,3.03547389629454
Train,3.0861642488899,3.08552955505191
Train,3.13639897887034,3.13612971034381
Train,3.18598480435449,3.18622786251971
Train,3.23493421794094,3.23393429809226
Train,3.28325939359915,3.28353152756924
Train,3.33080041565752,3.32931021957722
Train,3.37791456924576,3.37899477551233
Train,3.42443915374309,3.42382732098674
Train,2.22155204803839,2.22164533833762
Train,2.32922765133009,2.33004477547514
Train,2.43370119229795,2.43474730593951
Train,2.53465579142421,2.5349901243383
Train,2.63270837419855,2.63232894587351
Train,2.72755216680266,2.72801083306614
Train,2.81975806069971,2.82080456197311
Train,2.90902955187261,2.90921023058096
Train,2.9957001972413,2.99588080476574
Train,3.08007276147852,3.08109257918416
Train,3.16186609529202,3.16133246393887
Train,3.241556529746,3.24168599685618
Train,3.31887296567829,3.31913617389649
Train,3.39408991319927,3.39414751920445
Train,3.46745776338033,3.46749455642111
Train,3.53872002406571,3.53903042314402
Train,3.60828044587191,3.60948697635094
Train,3.67589190696518,3.67580793861789
Train,3.74193377307705,3.74188093406741
Train,3.80616796539295,3.80691365306874
Train,2.14209769603856,2.1430164449089
Train,2.21273339531818,2.21253861409885
Train,2.2823769413851,2.281314801203
Train,2.350592547525,2.35055647283943
Train,2.41764641444086,2.41804632089546
Train,2.48378804666712,2.48348584059383
Train,2.54860206011197,2.54868237407728
Train,2.61255260736111,2.61287299488884
Train,2.67523715122211,2.67454129743481
Train,2.73689780398066,2.73540342299693
Train,2.79776203666832,2.79657027271783
Train,2.85744551416636,2.85701637773122
Train,2.91617745975339,2.9163638926568
Train,2.97417352739124,2.97388187245715
Train,3.03106640882577,3.03180678141877
Train,3.08726055967372,3.08587263066656
Train,3.14239942363412,3.14178327052911
Train,3.19669294873118,3.1969918876794
Train,3.25033907813989,3.25077488036207
Train,3.30299653175664,3.30149391984796
Train,1.81999616082544,1.81941427783823
Train,1.89765762313371,1.89812114600178
Train,1.97438270048283,1.97420348359646
Train,2.0497284008324,2.04909067572904
Train,2.12395656593575,2.12409370882608
Train,2.19731456079502,2.19723633467335
Train,2.26937773151438,2.26873499349787
Train,2.3403953394366,2.34048658047728
Train,2.41060313213166,2.4104920936954
Train,2.47959370430812,2.47959080237202
Train,2.54760463611279,2.54712460358573
Train,2.61465664623822,2.61474159855715
Train,2.68097125051267,2.68114804675088
Train,2.74616248280759,2.74618971567261
Train,2.81045360596929,2.81009243800612
Train,2.8740563042733,2.87349401164103
Train,2.93659962558512,2.93677063193716
Train,2.99829693749261,2.99847233012209
Train,3.05935074493537,3.05893005513945
Train,3.11940426712818,3.11919606170572
Train,2.12131051433176,2.12149776395076
Train,2.34157767709187,2.34086990999015
Train,2.55089051954992,2.55131955542645
Train,2.75041997728193,2.75058792111486
Train,2.94047941174105,2.94084964200806
Train,3.12206776781015,3.12198700254933
Train,3.29541318753376,3.2952176741564
Train,3.46137588089574,3.46142002364132
Train,3.62026820396298,3.6203021201355
Train,3.77238947072282,3.77290298972593
Train,3.9184378745978,3.91797355971464
Train,4.05850605266546,4.05856254849451
Train,4.19320723877575,4.19359875760709
Train,4.32272202966428,4.32327119102677
Train,4.44722696284171,4.44697771946756
Train,4.56723312140291,4.56749782940241
Train,4.68276194077873,4.68262109759382
Train,4.79426945759002,4.79463190297626
Train,4.90175901098383,4.90178546382974
Train,5.00563973868193,5.00521087567859
Train,2.11581728312473,2.1152522839825
Train,2.33047865584099,2.32972228596255
Train,2.53578948231645,2.53513851961559
Train,2.73197658332002,2.73121900774841
Train,2.91981227546609,2.91711890239789
Train,3.09981870678823,3.10023240042198
Train,3.27263879538605,3.27224309815601
Train,3.43838038489641,3.43802422536174
Train,3.59762025954928,3.59698857696537
Train,3.75073363400826,3.75117710944181
Train,3.89820705850173,3.89728561510211
Train,4.04007726729951,4.0400122570561
Train,4.17678714525193,4.17682649056394
Train,4.30861321308013,4.30841893813403
Train,4.43593332062855,4.43583667639919
Train,4.55874123514964,4.55841862492751
Train,4.67738517395463,4.67701403290239
Train,4.79207338478934,4.79215401842962
Train,4.90310587350724,4.90310432566131
Train,5.01045046455225,5.01010015256904
Train,2.12340780063026,2.12412809011528
Train,2.33555182157128,2.33642794365877
Train,2.53826171316524,2.53934845997436
Train,2.73252129019331,2.72889573858606
Train,2.91849468018317,2.91787913929826
Train,3.09703969551917,3.0969363336683
Train,3.26826695843802,3.26866278944939
Train,3.4329299474644,3.43239112346247
Train,3.591248371111,3.59170757644958
Train,3.74343716572525,3.74415540525401
Train,3.89012436427303,3.8895301267291
Train,4.03133386362594,4.03155836965353
Train,4.16762609628764,4.16776858172066
Train,4.29912814868422,4.29888963045473
Train,4.42596729516976,4.42539881833952
Train,4.54862072987129,4.54758777158752
Train,4.66706619002326,4.66719754534061
Train,4.78173499906128,4.78124738478589
Train,4.89259322452992,4.89228360852006
Train,5.00003247031494,4.99990895237692
Train,-2.52020399747413,-2.51827163965805
Train,-2.29591448626899,-2.29628987521806
Train,-2.07832454396176,-2.07806323152011
Train,-1.86808267620809,-1.86843506571181
Train,-1.66391071808652,-1.66380107209588
Train,-1.46643689877274,-1.46636337347094
Train,-1.27447895842263,-1.27479771798237
Train,-1.08864441514788,-1.0879365837308
Train,-0.907836374848127,-0.907373622340265
Train,-0.73264157362904,-0.733890736585237
Train,-0.562039432900503,-0.560454175687375
Train,-0.39659609735487,-0.396694207569005
Train,-0.235359490400793,-0.236225785059245
Train,-0.0788755415109268,-0.0778965410923544
Train,0.0737461038603353,0.0736051902329238
Train,0.221979226239904,0.22181289595772
Train,0.366658369217015,0.366689255848119
Train,0.507276431250276,0.507021354895018
Train,0.644617321591916,0.644632790747072
Train,0.778192409141088,0.778713171389764
Train,3.78722333247141,3.78687445190754
Train,3.86835707725558,3.86844130358129
Train,3.94712554082616,3.94697655884995
Train,4.02363066926337,4.02334481645535
Train,4.0979686329837,4.09806893776147
Train,4.17023023004647,4.17000486854134
Train,4.24050125613106,4.24044978910044
Train,4.30886284435454,4.3084645846639
Train,4.37539177775957,4.3753965021268
Train,4.44016077700295,4.43979571185775
Train,4.50341168856786,4.50321977570533
Train,4.56485960942645,4.56482448111666
Train,4.6247441025641,4.62448280817276
Train,4.6831240862016,4.68263998798511
Train,4.74005555482039,4.74018598139208
Train,4.79559175829861,4.79473780757997
Train,4.84978336803594,4.8497566807945
Train,4.90267863115647,4.90243989948911
Train,4.95432351377617,4.95413792128668
Train,5.0047618342289,5.00442736157289
Train,4.06779321762793,4.06784403898542
Train,4.12886362446846,4.12880703652861
Train,4.18843650502565,4.18851580458224
Train,4.24656627409439,4.24645348987577
Train,4.3034897491331,4.30359282572925
Train,4.35888192481813,4.35885528834509
Train,4.41297936164961,4.41285600541534
Train,4.46582693013893,4.46597989411291
Train,4.51746745109716,4.517334940909
Train,4.56794181135225,4.56806285732629
Train,4.61745010965688,4.61741928708708
Train,4.6657040691344,4.66570255247195
Train,4.71290408416591,4.71293863965088
Train,4.75908431150662,4.75899567224313
Train,4.80427744772708,4.80434101040604
Train,4.84851480641581,4.84851846856668
Train,4.89196783246196,4.89196546985246
Train,4.93437948805927,4.93436114960641
Train,4.97592179954134,4.97600005830721
Train,5.01662122515669,5.01652937267297
Train,4.22014920295026,4.22081521208663
Train,4.27001595389997,4.27021042548884
Train,4.31884733509992,4.31887508181833
Train,4.36649106477317,4.36644917009233
Train,4.41334987882338,4.41348360803572
Train,4.45926512455976,4.45922798985626
Train,4.50426501801582,4.50424778776205
Train,4.5483766613159,4.54846691442996
Train,4.59145944968607,4.59147824968249
Train,4.63387492262615,4.63391309382211
Train,4.67547720517421,4.67553971004359
Train,4.71628946103913,4.71627248871894
Train,4.75617962708936,4.75616809615678
Train,4.79548073861762,4.79549665540637
Train,4.83405616692232,4.83417206031001
Train,4.87192582742161,4.8719820896327
Train,4.9091089134031,4.9090726393493
Train,4.9454831181638,4.9455159084117
Train,4.98135040320262,4.98138011939527
Train,5.01658461081217,5.01659983983291
Train,0.0232534855056645,0.0240245926914774
Train,0.324712944071901,0.324518275332444
Train,0.60536286614481,0.6051179024327
Train,0.867286065839493,0.867478397699129
Train,1.11229637454543,1.11196116083111
Train,1.34246542260862,1.34244418773503
Train,1.55818922335934,1.55812809624167
Train,1.76121419379661,1.76100720366046
Train,1.95262957125149,1.9528000129947
Train,2.13340348386394,2.13328637734473
Train,2.30439932758651,2.30441665484127
Train,2.46638955566902,2.4663537845111
Train,2.62006734534397,2.62008787351597
Train,2.76605651343147,2.7658080932678
Train,2.90491998000819,2.90504860611666
Train,3.03744826357064,3.03737809978403
Train,3.16352782107499,3.1635957694935
Train,3.28387356534576,3.28397802613333
Train,3.39886794131181,3.39881108930267
Train,3.50886012159005,3.50889736800733
Train,4.28859561403509,4.2886116517479
Train,4.34205553093081,4.34200346976952
Train,4.39413825412554,4.39398709985049
Train,4.44523806813899,4.44516998594988
Train,4.49521413955049,4.49525761895917
Train,4.54393920473399,4.54388286457581
Train,4.5917797177037,4.59181855232638
Train,4.63844468822171,4.63858857483914
Train,4.68428365944228,4.68438939229186
Train,4.72916704473182,4.72899891767121
Train,4.77297694083089,4.77295663794829
Train,4.81603966114015,4.81597566002114
Train,4.85823186116631,4.8583962558902
Train,4.89944090909091,4.89913983801672
Train,4.93997216624685,4.93997316714304
Train,4.9795747829991,4.97954057092479
Train,5.01854127914636,5.01859968449656
Train,5.05675790632441,5.05663535993435
Train,5.09412023228766,5.09424778024681
Train,5.1309029953917,5.13073506929673
Train,2.58610026583734,2.58539310241719
Train,2.76851465918126,2.76895018803583
Train,2.94272882802608,2.94283241041245
Train,3.10901911744448,3.10870175824751
Train,3.26841993749323,3.26836550050436
Train,3.42110751508397,3.42106568031787
Train,3.56749720103519,3.56702961926026
Train,3.70797077464581,3.70834431611601
Train,3.84266509114177,3.84247269263478
Train,3.97234198581784,3.97213895002421
Train,4.09707757069643,4.09712497181945
Train,4.21714899668871,4.21699443720972
Train,4.3326287426891,4.33294214207167
Train,4.44413033620157,4.44317891045423
Train,4.55168393839327,4.5516199739894
Train,4.65549558435397,4.65554789338504
Train,4.75575721774563,4.75579091420094
Train,4.85249322518756,4.85238005277781
Train,4.9461851749025,4.94601772277089
Train,5.03682941941548,5.03680830198159
Train,2.98775249380128,2.98569866698916
Train,3.12206960094632,3.1206528328563
Train,3.25290130390781,3.25087958245333
Train,3.37993974614198,3.37534808263373
Train,3.50377640960752,3.50264662878161
Train,3.62411220201402,3.62147112936267
Train,3.74150019080705,3.74155060920122
Train,3.85565013384334,3.85194503057677
Train,3.96688702225547,3.96522560248044
Train,4.07550945630258,4.07466336143313
Train,4.18124040876721,4.1807651593821
Train,4.28455202488485,4.28269727461162
Train,4.38517594829115,4.38515998531906
Train,4.48338609932238,4.48227457123813
Train,4.57943510371219,4.57893487294517
Train,4.67306727396642,4.6728381276406
Train,4.76469060628296,4.76405993726395
Train,4.85405759289072,4.8534944496107
Train,4.94155423929131,4.94142624193516
Train,5.02694097839383,5.02607322799632
Train,4.14401671994345,4.14440888762783
Train,4.19751144380353,4.19750649145318
Train,4.24985505831044,4.24994192040873
Train,4.30108432264442,4.30127412188026
Train,4.35123444732833,4.35126583883573
Train,4.40033917493346,4.40006173205414
Train,4.44843085579031,4.44861817845174
Train,4.49554051906142,4.49573544683266
Train,4.54169793950441,4.54157901559027
Train,4.58693170022691,4.58681110740107
Train,4.63126925171151,4.63153998076875
Train,4.67473696736674,4.67475735828558
Train,4.71736019584034,4.717376586284
Train,4.75916331031284,4.7590542525251
Train,4.80016975497286,4.80024625947575
Train,4.84040208886042,4.84046980195388
Train,4.87988202725041,4.87983694264573
Train,4.91863048073583,4.91874986144957
Train,4.95666759215853,4.95660028611135
Train,4.99401277152463,4.99406075966048
Train,3.88106647881116,3.88049060246481
Train,3.95498534175077,3.95448117476077
Train,4.02671478618677,4.02667427108128
Train,4.09670141090502,4.09672041162147
Train,4.16483624467702,4.1644986732237
Train,4.23102517859931,4.23111107626433
Train,4.29567456628328,4.29530854404754
Train,4.35852034698589,4.35837407128897
Train,4.41994505606517,4.41992008987129
Train,4.47984525635399,4.47957683445039
Train,4.53813014425581,4.53785261961875
Train,4.59515032639944,4.59509194980622
Train,4.65080606957692,4.65063037570882
Train,4.70500913105349,4.7049363894068
Train,4.75808209561698,4.75792265069072
Train,4.80979863708371,4.80970221601005
Train,4.86046452629652,4.86024545298222
Train,4.90998639728125,4.91006512957116
Train,4.95828074029674,4.9577872791997
Train,5.00563050217586,5.00532399938831
Train,2.12621823990325,2.126753297441
Train,2.35335536725129,2.35322031696431
Train,2.56848775657863,2.5683989595473
Train,2.77206855266668,2.77220221102506
Train,2.96522830288204,2.96501672137413
Train,3.14896097896573,3.14876122743866
Train,3.32353294524035,3.32360558999076
Train,3.49000016938564,3.48986786359648
Train,3.64854390333541,3.64842186054165
Train,3.79989311823147,3.79971862059044
Train,3.94469562852031,3.94453251699396
Train,4.08304353576476,4.08302103642377
Train,4.21551363640978,4.21560050441918
Train,4.34262124740616,4.34205753685202
Train,4.46440022385062,4.46450546873263
Train,4.5814523120877,4.58126349215729
Train,4.69378410219524,4.69373645923454
Train,4.80180183201991,4.80169807844883
Train,4.9058711871293,4.90577752304009
Train,5.00596980801308,5.00549051674799
Train,3.98151939479087,3.98140995154701
Train,4.08560394980828,4.08610269426901
Train,4.18538760819451,4.18515041186208
Train,4.28149214122652,4.28013320963197
Train,4.3737693593754,4.37405925699671
Train,4.46277764000615,4.46273662751254
Train,4.54836467816459,4.54856206981728
Train,4.63103463127504,4.63024601645183
Train,4.71063354983805,4.71033690767935
Train,4.78761888365643,4.78771588472101
Train,4.86183683844562,4.86181042257628
Train,4.93370436064246,4.93237013286945
Train,5.00306911414454,5.00320077908855
Train,5.07031270660277,5.07039121057836
Train,5.13528519349241,5.13497877268162
Train,5.19833717447293,5.19852381299208
Train,5.25932175401187,5.25851750520288
Train,5.31856218030005,5.31879985026699
Train,5.37591505757774,5.37542947322565
Train,5.43167938954815,5.43078282563171
Train,3.56330827873525,3.5633462037178
Train,3.61943027308644,3.61935704300235
Train,3.67467932599725,3.6746450789321
Train,3.72860979994892,3.72854884401586
Train,3.78149458101501,3.78119604058059
Train,3.83336379059865,3.8333885870878
Train,3.88446551995038,3.88448214065939
Train,3.93438531230801,3.93439803969814
Train,3.98337334956381,3.98340498476307
Train,4.03145547738693,4.03164002264748
Train,4.07885992830399,4.07876711726148
Train,4.12520035364699,4.12494977323419
Train,4.17070699209888,4.17064737902591
Train,4.21540214606916,4.21544844919169
Train,4.25949652745226,4.25952086434144
Train,4.30262920059413,4.30253753298769
Train,4.34501278816023,4.34518392379831
Train,4.38666663622413,4.38680117964675
Train,4.42778591658008,4.42715383282121
Train,4.46803273530061,4.46782299077193
Train,5.37057636424032,5.37033160824183
Train,5.43382141873497,5.43389154759096
Train,5.49501443885656,5.49483150624276
Train,5.55425370004127,5.5542487532169
Train,5.61163130089327,5.61181612867215
Train,5.66723364096217,5.66724998314796
Train,5.72114185484868,5.72111548746551
Train,5.77343220722596,5.77339871070796
Train,5.82417645282135,5.82402999627294
Train,5.87344216493173,5.87351931040353
Train,5.92120404498644,5.92094462414256
Train,5.96770266156324,5.9676110608891
Train,6.01290314905093,6.01297627064488
Train,6.05685912002681,6.05677078556509
Train,6.09962127490142,6.09966350050827
Train,6.14123759700093,6.14126414757029
Train,6.18175353217474,6.18168521708684
Train,6.22121215434194,6.22117014113523
Train,6.25965431824423,6.25971017119201
Train,6.29711880054416,6.2971394717636
Train,3.43469817214436,3.43478127756264
Train,3.71526197914561,3.71517411926946
Train,3.96912085994883,3.96908743144888
Train,4.19970213449115,4.19969137637092
Train,4.41045529222628,4.41038724097447
Train,4.60365386091897,4.60360240600659
Train,4.78140345001849,4.78138841253258
Train,4.94548586823508,4.9454563979387
Train,5.09727810462039,5.09726488475782
Train,5.23837314178011,5.23830390953396
Train,5.36974091204346,5.36973939481442
Train,5.49235381109834,5.49236998014077
Train,5.60695185997092,5.60694421987393
Train,5.71449665703554,5.71438439264737
Train,5.8155254137919,5.8154530877096
Train,5.91061291862125,5.91060789951964
Train,6.00026828715781,6.00012960554985
Train,6.08486476854503,6.08490540115828
Train,6.16496886465042,6.16504027150044
Train,6.24085787471548,6.2410071356979
Train,3.35747576609748,3.35734812702673
Train,3.46979775418912,3.46945740909678
Train,3.57789529176079,3.57800898301437
Train,3.68200230337501,3.6818678658881
Train,3.78212479428875,3.78187669385457
Train,3.87889364851317,3.87888467936942
Train,3.97227749373612,3.9723871721629
Train,4.06245089010111,4.06205971589602
Train,4.14957659815377,4.14953269516554
Train,4.23380655928289,4.23358846726438
Train,4.3151111586512,4.31511675846896
Train,4.39397198583075,4.39394739664348
Train,4.47033614290024,4.47003428848779
Train,4.54432034612779,4.54429623831736
Train,4.61603414828639,4.61611199378635
Train,4.6855804799257,4.68547905180076
Train,4.75291380124137,4.7529146145195
Train,4.81841406116404,4.81834147505955
Train,4.88202044711433,4.88190663623679
Train,4.94381392771371,4.94369706410847
Train,3.95379085585895,3.95373074628872
Train,4.02387689874655,4.02398801636448
Train,4.09202787585003,4.0921717799688
Train,4.15832283624358,4.15824575267804
Train,4.22265524360137,4.22267903414714
Train,4.28546338401749,4.28547733526956
Train,4.34662808607946,4.34661811168714
Train,4.40621302012163,4.40618644360993
Train,4.46427860944328,4.464356745062
Train,4.52088223469157,4.52092491215763
Train,4.57592311844487,4.5758217490217
Train,4.62976750947251,4.62981637027436
Train,4.6823055082136,4.6821269813365
Train,4.73358408906357,4.73370936954117
Train,4.78364800099205,4.78387157607242
Train,4.83253989778802,4.83240317084916
Train,4.88016595915179,4.88020986619725
Train,4.9268370631556,4.92669194133594
Train,4.9724526102253,4.97248832749938
Train,5.0170480101116,5.01693744587983
Train,3.80648225569434,3.80698205542409
Train,3.88819773140044,3.88823835313808
Train,3.9675845776397,3.96788267492977
Train,4.04434546678564,4.044320368783
Train,4.1187993066945,4.11912342271756
Train,4.19123440546412,4.19119996324931
Train,4.26137018770759,4.26198794743229
Train,4.32948904552383,4.32945320255171
Train,4.39584710591179,4.39601601724051
Train,4.46017989826154,4.45988558232409
Train,4.52273921278602,4.52292665776287
Train,4.58359738725435,4.58378273823995
Train,4.64297543427099,4.64279264905057
Train,4.70062906181099,4.70083756995212
Train,4.75677643828702,4.75670612426312
Train,4.81161680267712,4.81180062915251
Train,4.86491994475946,4.86453323218068
Train,4.91688305589834,4.91711518931342
Train,4.96768669976923,4.96760140226392
Train,5.01711383153096,5.01703472566379
Train,3.8066694585454,3.80714222357391
Train,3.88830813858995,3.88834543894781
Train,3.96762431052348,3.96784779679456
Train,4.04432259282697,4.04470287510475
Train,4.11891043444386,4.11908016145769
Train,4.19110358009718,4.19098975170044
Train,4.26137364197484,4.26207847503151
Train,4.32944724323035,4.32932930091155
Train,4.39576388554881,4.39647740123393
Train,4.46006075378851,4.45987351537034
Train,4.52274846433141,4.52325631697008
Train,4.58357440276936,4.58375802780541
Train,4.64292310555896,4.64303753273591
Train,4.70055177180784,4.70052463043651
Train,4.75682130961977,4.75693180797736
Train,4.81149833123813,4.81206885764113
Train,4.86492226818416,4.86510758398355
Train,4.9168687417456,4.91693347982929
Train,4.96765760327812,4.96766307837417
Train,5.01707308206896,5.01720669617976
Train,2.1236001698057,2.12603362830142
Train,2.3312267024633,2.33280161656765
Train,2.53079190975058,2.53354400170769
Train,2.72221107576009,2.72740793746113
Train,2.90649628017563,2.90981326341518
Train,3.08353435789103,3.08660321369368
Train,3.25422961376912,3.25698700420664
Train,3.41844845121932,3.42306285687067
Train,3.57700345480192,3.57885239701885
Train,3.72974665350828,3.73192417272093
Train,3.87741200225108,3.88010308606034
Train,4.01984174897882,4.02168816228301
Train,4.15770198454672,4.15924474412961
Train,4.290828668106,4.29257080861048
Train,4.41982895049952,4.42291187796445
Train,4.54453516025359,4.54605605299167
Train,4.66550296056914,4.66693193364598
Train,4.78256307189015,4.7830817943883
Train,4.89622593620364,4.89680734779215
Train,5.00632220143366,5.00661210936675
Train,2.11929806066128,2.12087960847248
Train,2.33912576422513,2.33955868541026
Train,2.54859528613601,2.54876660154262
Train,2.74780960314826,2.74842011259928
Train,2.93779495529389,2.93856694398151
Train,3.11945687375641,3.11973532303361
Train,3.29279699955795,3.29333366415985
Train,3.45862885425712,3.45916796885848
Train,3.61767431655396,3.61814180005259
Train,3.76987241815197,3.77015276707365
Train,3.91588042011057,3.91714036553317
Train,4.05606843534068,4.05614366468709
Train,4.19098530903493,4.19138417034331
Train,4.32052286055671,4.32118366748679
Train,4.44518840503133,4.4453851944759
Train,4.56543701782796,4.56563883221377
Train,4.6811416941507,4.6813542670512
Train,4.79272714137776,4.79294290435566
Train,4.90057583290482,4.90067502457803
Train,5.00455067461036,5.0046319822791
Train,2.79788184818482,2.79803509884612
Train,2.97335468643221,2.97479250548267
Train,3.13886891715424,3.13917235759996
Train,3.29576238654505,3.29591564808528
Train,3.44444714550587,3.44531063751951
Train,3.58531949114351,3.58602129490488
Train,3.71941916855353,3.71953104485238
Train,3.84701300755902,3.84763743508342
Train,3.96836344940053,3.96888152129888
Train,4.08429867299206,4.08432667984835
Train,4.19499065489583,4.19546424351702
Train,4.30078722298537,4.30145462950219
Train,4.40183938328847,4.40202509385165
Train,4.49877838020913,4.49894591043551
Train,4.5916967674814,4.59217270664689
Train,4.68069257122139,4.68090684565767
Train,4.7662911811145,4.76615434355207
Train,4.84854735918329,4.84873746723952
Train,4.92752249937938,4.92754781882807
Train,5.00366031197705,5.00354138170974
Train,1.49400356488097,1.4944688219526
Train,1.57682794872268,1.57678614305595
Train,1.6584071625663,1.65863459354705
Train,1.73815252095142,1.73814588422402
Train,1.81672692283096,1.81650336791836
Train,1.89356181483551,1.89352732001584
Train,1.96929441392374,1.96932827120607
Train,2.04337531582866,2.04298059500053
Train,2.11641754009361,2.11656771529637
Train,2.1878899089651,2.18792547090672
Train,2.25838261570457,2.25854118324706
Train,2.327381842575,2.32707810584634
Train,2.3954562249571,2.39538159789706
Train,2.46210849074814,2.4619722211996
Train,2.5278868926327,2.52782079270739
Train,2.59230993820457,2.59241639948761
Train,2.65590658789213,2.65601948155873
Train,2.71821040810501,2.71799306069857
Train,2.77973208027049,2.77879803742276
Train,2.8400195506646,2.83937956440232
Train,3.79651087817818,3.79683861956083
Train,3.87628483249643,3.87628955770021
Train,3.95402468652431,3.95408750250851
Train,4.02946536235789,4.02965016254838
Train,4.10287290473821,4.1027417070943
Train,4.1743284105928,4.17453046039283
Train,4.24406620952719,4.24417145208485
Train,4.31184013007536,4.31176133303245
Train,4.37788100216708,4.37804282304699
Train,4.44225446036291,4.4422447859991
Train,4.5051650316377,4.50519838081867
Train,4.56638419583678,4.56645932250385
Train,4.6261141293753,4.62612353086089
Train,4.68440852026206,4.68457983679577
Train,4.74144748054827,4.7413697953791
Train,4.79701879050252,4.79703526608672
Train,4.85130101388361,4.85110587896214
Train,4.90433849078683,4.90444145814454
Train,4.95629108787155,4.95638687098926
Train,5.0069615428495,5.00662055162663
Train,2.11265652053321,2.11319024404638
Train,2.3578566649345,2.3578676842073
Train,2.58709638398645,2.58742622532323
Train,2.80188488942419,2.80243324962157
Train,3.0035469266887,3.00373320911072
Train,3.19300068400244,3.19305456818627
Train,3.37179232928029,3.37214667579406
Train,3.5405745503095,3.54069782107188
Train,3.70016500671517,3.70072598683371
Train,3.85129466049826,3.85167175718003
Train,3.9946189701457,3.99444900562789
Train,4.1307273939857,4.13120497548344
Train,4.26015149340538,4.25949497097211
Train,4.38337187082695,4.38324581308368
Train,4.50082413335532,4.50045857441462
Train,4.61275563701275,4.61281770618705
Train,4.71983010816281,4.71937781034612
Train,4.82222099538286,4.82209755336163
Train,4.92022902122279,4.91986222715033
Train,5.01412970272404,5.01357569430043
Train,2.14401432385432,2.14510436163192
Train,2.38115906837723,2.38076278682133
Train,2.6037154860944,2.60428430982994
Train,2.81248742451155,2.81258524588988
Train,3.00895291571405,3.0092598692722
Train,3.19439187912844,3.19385142630562
Train,3.36928552276897,3.36958362593189
Train,3.53490699190702,3.53488154433714
Train,3.6915961922994,3.69134703632751
Train,3.8402358800163,3.83924938909162
Train,3.9816013822551,3.98259867035285
Train,4.11588896677827,4.11593520654092
Train,4.24377162448729,4.24323181944478
Train,4.36584447361433,4.36596302302589
Train,4.48221255814478,4.48267027686042
Train,4.59353582159029,4.59348764352443
Train,4.6998773243844,4.69976771813754
Train,4.80168739654563,4.80143006454467
Train,4.89936800597654,4.899666902682
Train,4.99293804110241,4.99268061707428
Train,2.1089386522176,2.10972112477053
Train,2.37514073023038,2.37516572840643
Train,2.62060179571228,2.62015603360753
Train,2.84707197075652,2.84704687150498
Train,3.05721315704382,3.05763513542097
Train,3.25222648526667,3.25150785591861
Train,3.43415752082525,3.43372025696602
Train,3.60384084059762,3.604362155982
Train,3.76267811596061,3.76147731197954
Train,3.91187006831308,3.91099239202557
Train,4.05190585526976,4.05152999671023
Train,4.18394524024873,4.18419452302045
Train,4.30833067579597,4.30763369280854
Train,4.42586142983442,4.42588909368901
Train,4.53723364108906,4.53693597260264
Train,4.64264426466738,4.64199732865598
Train,4.74281992770265,4.74299714334237
Train,4.83789302383836,4.83710242006184
Train,4.92847952912802,4.92863966316627
Train,5.01466450809957,5.01370621910496
Train,2.1288000425236,2.12926131245221
Train,2.34823611622065,2.34808006709756
Train,2.55721056391098,2.55724992843595
Train,2.75599004423558,2.75609765018327
Train,2.94552363337288,2.94524994553733
Train,3.12665298750669,3.12665423925776
Train,3.29952074244584,3.29971874609246
Train,3.46506570261306,3.46479730092903
Train,3.6233729771198,3.62325991462944
Train,3.77508423011347,3.77490399810408
Train,3.92077359844153,3.92086968048902
Train,4.06046525202083,4.06006184186947
Train,4.19467901969374,4.19462180481188
Train,4.3238821364358,4.3238524979071
Train,4.44805868915352,4.44800343778782
Train,4.56777660105704,4.56785280250995
Train,4.68300122001707,4.6829601959863
Train,4.79411099883308,4.7941727553111
Train,4.90144833177892,4.90140833309213
Train,5.00495885637076,5.00470251654095
Train,2.12903313037011,2.12950147961249
Train,2.37371497467302,2.37347740775567
Train,2.60247029364738,2.6026339831584
Train,2.81623456115528,2.8165224630868
Train,3.01670163660666,3.01605848369099
Train,3.20532645089991,3.20496283811876
Train,3.38265358908176,3.3825071383898
Train,3.54989189897027,3.54810714835172
Train,3.70809013959052,3.70804386138459
Train,3.8575609457185,3.85696950425587
Train,3.99919673222576,3.99804672256849
Train,4.13359781405886,4.13361029345197
Train,4.26147622394797,4.26149827211236
Train,4.38296867091488,4.38206725188479
Train,4.4986971616588,4.49844559041166
Train,4.60921087066979,4.60620666731868
Train,4.71457055299424,4.71412335279808
Train,4.81526389425394,4.81530921074557
Train,4.91172399174008,4.91176252614898
Train,5.00396334665218,5.00333184349289
Train,2.13040396222976,2.13056587464544
Train,2.37303853282408,2.37265530247223
Train,2.60015547822851,2.60019220523687
Train,2.81263070033132,2.81225786217631
Train,3.01210130581198,3.01210203041125
Train,3.19997617682496,3.19887048866966
Train,3.37676511064571,3.37358368946563
Train,3.54386697152176,3.54339157049504
Train,3.70163413213781,3.70096320122377
Train,3.85102716016077,3.84947769307438
Train,3.99288537720786,3.99279507580877
Train,4.12740371639727,4.12707081268356
Train,4.25530873339397,4.25398683221815
Train,4.37723989298125,4.37697248608196
Train,4.493294071595,4.49269450962978
Train,4.60418353903414,4.60402399411312
Train,4.70996079497985,4.70856314504621
Train,4.81110720463325,4.81002778767366
Train,4.90805066782361,4.90725167902674
Train,5.00079777774893,4.99916434076679
Train,4.03678158433773,4.03694065860907
Train,4.13566729713179,4.1356717696627
Train,4.23097241930034,4.23102773120489
Train,4.32253303108006,4.32250514691784
Train,4.41073584423757,4.41075625165064
Train,4.49592692277096,4.49591515643893
Train,4.57793968546789,4.57791900103466
Train,4.6572551368398,4.65725245601688
Train,4.73370733785268,4.73369670746435
Train,4.80759144513496,4.80761488342414
Train,4.87917329958169,4.87918752427546
Train,4.94829025844663,4.94829651827083
Train,5.01519696033909,5.0150125565623
Train,5.08012355466713,5.08014037205995
Train,5.14291246511713,5.14292494138098
Train,5.20390367316847,5.20388753012436
Train,5.26294356871021,5.2629835825276
Train,5.32023532421494,5.32025206054898
Train,5.37596355005784,5.37591742894818
Train,5.42998106724748,5.42993020926381
Train,2.76429712269479,2.76448175755614
Train,2.99662453130539,2.99638080502782
Train,3.21286783191093,3.21298354938487
Train,3.41419547717616,3.41325332602148
Train,3.60251571015027,3.60199301217302
Train,3.77865864230516,3.77798250181641
Train,3.94413510895602,3.94399517910153
Train,4.09953984965417,4.09914703145568
Train,4.2459277761753,4.24548977382322
Train,4.38421528045004,4.3838827721414
Train,4.51476550454941,4.51434316879397
Train,4.63848546459697,4.63877154549615
Train,4.75563590627726,4.755376592503
Train,4.86685051434591,4.86625234110391
Train,4.97268738411074,4.97252309826322
Train,5.07330223853307,5.07338040672788
Train,5.16928654997398,5.16867343033423
Train,5.26074791253988,5.26088897318057
Train,5.34819410489527,5.34773081420836
Train,5.43169660327504,5.43110897296975
Train,3.80381777795189,3.80401314564809
Train,3.88514324005325,3.88559593048084
Train,3.96402527890594,3.96410426733789
Train,4.04074982268281,4.04061758265938
Train,4.11505901581572,4.11523042172456
Train,4.18723194122482,4.18761456862623
Train,4.25735941480867,4.25696272923505
Train,4.32552717676686,4.32571949672389
Train,4.39197006127829,4.39246320674299
Train,4.45645288468365,4.45638724110249
Train,4.51920628604514,4.51957299401187
Train,4.58029891907628,4.58009671761614
Train,4.63993401138155,4.6399245977472
Train,4.69789341540057,4.6984117913291
Train,4.75437753520853,4.7540290698724
Train,4.80944199021849,4.80946138540518
Train,4.86313963868017,4.86309903348464
Train,4.91564248218195,4.91605438334434
Train,4.96675195093874,4.9663957228219
Train,5.01663835745596,5.01677645106496
Train,3.80664091162018,3.80563555252851
Train,3.88860513026176,3.88768977682686
Train,3.9679995475491,3.96802670678906
Train,4.04494315355178,4.04422208028051
Train,4.11954770383565,4.11579562256366
Train,4.1919182610461,4.19026584378018
Train,4.26215368855679,4.26224413863601
Train,4.33034710106158,4.32990484043816
Train,4.39658627642818,4.39715841103693
Train,4.46095403264424,4.46003969370509
Train,4.52367796994307,4.52347037891476
Train,4.58452912445033,4.58505240117831
Train,4.64373103384914,4.64339722857013
Train,4.70134985075786,4.70120561947976
Train,4.75744823655694,4.75627235021441
Train,4.81208558870454,4.81203237118284
Train,4.86531825051979,4.86490346290907
Train,4.91719970499118,4.917569973503
Train,4.9677807540116,4.96769183779644
Train,5.01710968430264,5.01674895370632
Train,1.61461103702992,1.61507325848735
Train,2.00542657563896,2.00549120882797
Train,2.35758061384121,2.35756911250597
Train,2.67595499157941,2.67557129430561
Train,2.96545351484543,2.96497448417473
Train,3.23007786762063,3.22962908117754
Train,3.47245396223694,3.47313341067009
Train,3.69568666082168,3.69739285989358
Train,3.90157605727133,3.90360474698689
Train,4.09224436676495,4.09276535776744
Train,4.26948383431432,4.27086572468067
Train,4.43435795345876,4.43488484098019
Train,4.58826026605805,4.58924302805651
Train,4.73238495656922,4.73237106495821
Train,4.86738295180506,4.86705516102503
Train,4.99433137694464,4.99339598387664
Train,5.11370594655759,5.11322095183093
Train,5.22627002247981,5.22593432839072
Train,5.33268984781122,5.33234885169792
Train,5.4332664421867,5.43297900433823
Train,1.18428791394519,1.18439672427519
Train,1.63622234477721,1.63621327299694
Train,2.03966537388795,2.03949582656559
Train,2.40202412271444,2.40200803875654
Train,2.72927020845774,2.72898674735258
Train,3.02627142594558,3.0262654947291
Train,3.29703552707117,3.2967753732271
Train,3.54489212669147,3.54461018540296
Train,3.77263031285526,3.7724576773427
Train,3.98260405466821,3.98254160891527
Train,4.17681386944818,4.1764117991517
Train,4.35697076170014,4.35681078959885
Train,4.52454676694965,4.52422551999811
Train,4.68081526395373,4.68072087534764
Train,4.82688339281796,4.82656166754258
Train,4.96371832551304,4.96341514785672
Train,5.09216870721911,5.09187527854032
Train,5.21298227338585,5.21270780438407
Train,5.32682041531893,5.32663244800978
Train,5.43427029363221,5.43391359403485
Train,2.11854974520265,2.11950143065983
Train,2.36965329953032,2.36973986326541
Train,2.60291369662723,2.60295209373549
Train,2.82074288747963,2.82170127786086
Train,3.02408366216741,3.02406364666035
Train,3.21483992653704,3.21541540941848
Train,3.39366947362023,3.39413093337218
Train,3.56210365267221,3.56241602201569
Train,3.72060116765344,3.72152745165824
Train,3.87041413984253,3.87051326830844
Train,4.01185999458537,4.01274427413644
Train,4.14597750162666,4.14607740002904
Train,4.27298251658091,4.27359390814743
Train,4.39374797378785,4.39395064802896
Train,4.5084159270133,4.5092436663873
Train,4.61772841628796,4.61779363129686
Train,4.72177341797621,4.72259179454899
Train,4.82118822113108,4.82107911179839
Train,4.91602092961166,4.91598408517664
Train,5.00682395082493,5.0068765033315
Train,4.12029750582454,4.1214851464969
Train,4.17735496874578,4.17797758712583
Train,4.23298871820292,4.23371274375008
Train,4.28755224265169,4.28779047099973
Train,4.34078056588744,4.34154341269139
Train,4.39301016246763,4.39314623460055
Train,4.44398575846483,4.44464889598396
Train,4.49402803643194,4.4949186830439
Train,4.54302639095992,4.54339049113242
Train,4.59088048913341,4.59184497589155
Train,4.63788935800581,4.63856351085863
Train,4.68381995465423,4.68432658319953
Train,4.72895809292725,4.72919845435117
Train,4.77320123589407,4.77344529760787
Train,4.81645576932464,4.81699261244531
Train,4.85898929060412,4.85976810389098
Train,4.90058839484491,4.90053220947175
Train,4.94150950752117,4.94186147985185
Train,4.98154643049578,4.98153234717096
Train,5.02094511455809,5.02084614286268
Train,2.13108253715747,2.13185315361126
Train,2.3634225107439,2.36382354933023
Train,2.58234426957046,2.58208422500365
Train,2.78872206994565,2.7887011317172
Train,2.98408712843775,2.98483500724326
Train,3.16906850956499,3.16934218228865
Train,3.34447262355661,3.34396475554944
Train,3.51102448520961,3.5116805553206
Train,3.66918121602325,3.66889378500588
Train,3.81993600410763,3.81931892666358
Train,3.96361774986868,3.96408405719452
Train,4.10071281829953,4.10095102197528
Train,4.23150110558036,4.23139407321131
Train,4.35671938119378,4.35665772215587
Train,4.47656656134204,4.47648042306321
Train,4.59138097054597,4.59133409450285
Train,4.70147310298635,4.70155556038252
Train,4.80699671021597,4.80685091666931
Train,4.90848328994059,4.90857599836434
Train,5.00603822010173,5.00592080812685
Train,3.04119409913443,3.04132669583815
Train,3.19008903585689,3.19008260896956
Train,3.33178815602225,3.3317984749643
Train,3.46656537724521,3.46682500503537
Train,3.59536463091558,3.59530051300068
Train,3.7183597587099,3.71834067799662
Train,3.83593444559867,3.83611014467387
Train,3.94843928740004,3.94861481698145
Train,4.05600691507524,4.0560037606068
Train,4.15931622960259,4.15940700424552
Train,4.25844130188877,4.258270924897
Train,4.35363129196219,4.3537328593404
Train,4.44495577097793,4.44504459661095
Train,4.53295339705236,4.53294504390367
Train,4.61765389777833,4.61762694983054
Train,4.69923917216988,4.69930633613786
Train,4.77787798061389,4.77787868304815
Train,4.8535940634255,4.85368357245739
Train,4.92680396804945,4.92671397800674
Train,4.99750567947043,4.99743143043347
Train,2.12952051089091,2.12977071346401
Train,2.3669523637525,2.36706834434728
Train,2.58984900460194,2.58861317240626
Train,2.79950552654577,2.79947066945068
Train,2.99706760274245,2.99671479715602
Train,3.18355243123405,3.18413695843196
Train,3.35986625274271,3.35982121884297
Train,3.52681907826002,3.52757632748538
Train,3.68513713151105,3.68449918975451
Train,3.83547340951763,3.83565789337716
Train,3.97841668516907,3.97860828874651
Train,4.11449921352282,4.11458159412534
Train,4.24420335448835,4.24420335769422
Train,4.36796728559095,4.36797411458721
Train,4.48618994740472,4.486383227188
Train,4.5992353392663,4.5991715707295
Train,4.7074362627208,4.70767829314143
Train,4.81109759379642,4.81128862398992
Train,4.9104991518747,4.91062235554556
Train,5.00589822200829,5.00600243321524
Train,3.86767499240352,3.86784609586852
Train,3.93988814312301,3.93990576917446
Train,4.0101984399561,4.01019932051108
Train,4.07901616013599,4.07887318106085
Train,4.14622331643736,4.14636617380082
Train,4.21171516262025,4.21170702756794
Train,4.27586994226197,4.27589685131504
Train,4.33857416610701,4.3386552124691
Train,4.39972643404632,4.39961051668273
Train,4.45967663300769,4.45969396861979
Train,4.51831577123988,4.518236524585
Train,4.57568639126128,4.57582907007956
Train,4.63169173067754,4.63164689883565
Train,4.68664865034855,4.68654088521992
Train,4.7404540428401,4.74053581092241
Train,4.79301465417683,4.79300575465497
Train,4.84462560898169,4.84476120306866
Train,4.89518807231036,4.89512352313749
Train,4.94461226602947,4.94470834364964
Train,4.99317378018728,4.99296223593066
Train,2.13029736085885,2.13039712200615
Train,2.36488484898228,2.36432462500241
Train,2.5852044874433,2.58465332967313
Train,2.79302233464975,2.79229352015567
Train,2.98889740163149,2.98799083608877
Train,3.17427966419733,3.17360919405907
Train,3.34956388030625,3.34845398180429
Train,3.51595707532843,3.5153739412891
Train,3.67392665456806,3.67336304730844
Train,3.82391386438706,3.82289446928045
Train,3.96685640371195,3.96620024942593
Train,4.10290718919506,4.10188218985215
Train,4.23286926881838,4.23123570067516
Train,4.35699086341235,4.35628333317002
Train,4.47551231208091,4.47478013533214
Train,4.58908113602055,4.58844884093113
Train,4.69773558542738,4.69720486322484
Train,4.80204241739314,4.80158062632548
Train,4.90201266315861,4.90124593616187
Train,4.99814603642864,4.99711642184904
Train,2.12135140905587,2.12165411348287
Train,2.3581271563838,2.35736698323908
Train,2.58082347541767,2.58015447084994
Train,2.79014316886457,2.7896378363919
Train,2.98749947850021,2.9860111291192
Train,3.17411978402841,3.17231691490333
Train,3.35042062414992,3.34943033156015
Train,3.51764780114237,3.51668174689225
Train,3.67609155608704,3.67502523385382
Train,3.82661231789763,3.82589281378283
Train,3.96996736034316,3.96911154030988
Train,4.10631792695103,4.10545165149209
Train,4.2363261944277,4.2345232950614
Train,4.36057871671653,4.35909814606269
Train,4.47915454082872,4.47792010912312
Train,4.5927157035838,4.59188682569729
Train,4.7013034034086,4.70032070662202
Train,4.80536659178628,4.80310684788629
Train,4.90530652005249,4.90438637768373
Train,5.00112464163372,5.00033357732516
Train,2.11977512070295,2.1203545595906
Train,2.35543592062117,2.35599889136345
Train,2.57728379397804,2.5771299775338
Train,2.78597788921882,2.78625761557166
Train,2.98314523520744,2.98323396487445
Train,3.16925003574032,3.16707067498
Train,3.34563771372171,3.34496138983744
Train,3.51263198312321,3.51173197349374
Train,3.67136005374403,3.67135722849916
Train,3.82204322514936,3.82075058921012
Train,3.9656369708923,3.9653655366275
Train,4.10228723103854,4.10231555529402
Train,4.23281242014042,4.23336332690941
Train,4.35730261727197,4.35680487549698
Train,4.47646546379672,4.47622229962104
Train,4.59034940695082,4.59072519986153
Train,4.69957152779093,4.69914412319079
Train,4.80414914034005,4.80390265409105
Train,4.90462451282397,4.90445091667048
Train,5.00099164739789,4.99993857907654
Train,2.12804897949919,2.12815477120489
Train,2.35914572896653,2.35891078463334
Train,2.57710276155572,2.57617726380865
Train,2.78300974754792,2.78231525862518
Train,2.97783911053135,2.97675426385506
Train,3.16246138375598,3.1610300478213
Train,3.33765821454383,3.33727003518679
Train,3.50413342654931,3.50363795038751
Train,3.66252247004433,3.6608814965028
Train,3.81340052777421,3.81335200646282
Train,3.95728949435615,3.95559256590347
Train,4.09466400771843,4.09417255130499
Train,4.2259566794682,4.22492381447944
Train,4.35156264562758,4.35146228083479
Train,4.47184353858334,4.47114503224193
Train,4.58713096434958,4.58714921287698
Train,4.697729555561,4.69687020187204
Train,4.80391965938697,4.8034364311896
Train,4.90595971030359,4.9057489879726
Train,5.00408833000427,5.00338110063954
Train,2.12104874676721,2.12213974777963
Train,2.34903509161392,2.34909511675774
Train,2.56480918105226,2.56486104560091
Train,2.76889724478091,2.76940130178596
Train,2.96242686686407,2.96222360025893
Train,3.14639019060585,3.14654728291773
Train,3.32111104645295,3.32111086986192
Train,3.48744392435907,3.48742504245252
Train,3.64614588497367,3.64628183193389
Train,3.79741081622558,3.79737362726711
Train,3.94190181739046,3.94197328184084
Train,4.08006394730618,4.08016464276907
Train,4.21244385637252,4.21233677624318
Train,4.33912900985612,4.33918265360525
Train,4.4606074234926,4.46064146008192
Train,4.57731699312864,4.57719721129467
Train,4.68929586349491,4.68942198169049
Train,4.79693976588629,4.79680527994239
Train,4.90060535136465,4.90067967088082
Train,5.00029769645624,5.00025360109606
Train,2.58725567566457,2.58734502814344
Train,2.70154279218157,2.70088186070666
Train,2.8119908417709,2.81223506314649
Train,2.91879006872852,2.91855215622378
Train,3.02187803688052,3.02216485458766
Train,3.12190950100178,3.12185334361394
Train,3.21879218484894,3.21828340907421
Train,3.31267246016338,3.3126905548224
Train,3.40368776495202,3.40365904213675
Train,3.49196727482679,3.49209766938696
Train,3.57743298806315,3.57735210273459
Train,3.66060417040359,3.65935129078427
Train,3.74138311732907,3.7415667812758
Train,3.81987157661885,3.81914902916782
Train,3.89616560659639,3.8960657929103
Train,3.97035596832019,3.97044591628354
Train,4.04236018004115,4.04247097761376
Train,4.11260055730009,4.111971493124
Train,4.1809810485133,4.17989671164542
Train,4.24757455997282,4.24766637126029
Train,3.80664009908338,3.80784169929566
Train,3.88748447184076,3.88754252386885
Train,3.96611514799725,3.96636921697556
Train,4.0422824060348,4.0427135557502
Train,4.11626428105104,4.11655307656258
Train,4.18831347492961,4.18839515605182
Train,4.25819315247365,4.25903867579319
Train,4.32615063881179,4.32613350906737
Train,4.39241138017627,4.39256631686452
Train,4.45675108578473,4.45703626053332
Train,4.51939116947626,4.51947520733224
Train,4.5803981000977,4.58048436411968
Train,4.63996736368178,4.64002230477312
Train,4.69789058285393,4.69822877044732
Train,4.75436050542579,4.75435005772174
Train,4.80955391802398,4.80953570852902
Train,4.86327366852856,4.86328228202523
Train,4.91569450904407,4.91589381766077
Train,4.96697710872871,4.96681178352992
Train,5.01693489562961,5.01719108638096
Train,3.80622059177964,3.80749858406242
Train,3.8873288589235,3.88779865876245
Train,3.96601881127915,3.96668034482791
Train,4.04239701643749,4.04187686616725
Train,4.11640392475877,4.11693510876195
Train,4.18845862756364,4.18861709464701
Train,4.25848579499905,4.2587576864336
Train,4.32656981845119,4.32705264709387
Train,4.39279046993933,4.39351901787128
Train,4.45722321391436,4.45740290476591
Train,4.51980408338386,4.51947494023766
Train,4.58087512371354,4.58138879875318
Train,4.64036142544034,4.64049894163848
Train,4.69832388230876,4.69824200678541
Train,4.75482030771955,4.75503518812529
Train,4.80990562707344,4.81019266669943
Train,4.86351593951924,4.86325075886524
Train,4.9159359608391,4.91591885075504
Train,4.967093940438,4.96723655653086
Train,5.01703491275559,5.01693716245559
Train,3.8062145422959,3.80475693515973
Train,3.88739885079821,3.88754901951274
Train,3.9661491602232,3.96434723805674
Train,4.04257331506356,4.04252758290237
Train,4.11677288144057,4.11582293154295
Train,4.18884359743401,4.18778726129467
Train,4.25887578519916,4.25826422165058
Train,4.32695472860115,4.32560537892435
Train,4.39316101968649,4.39351434181354
Train,4.4575708769512,4.45716760617788
Train,4.52025643804822,4.51944564757272
Train,4.58128602929732,4.58102710950535
Train,4.64072441411457,4.63629754384692
Train,4.69863302226005,4.69700227149992
Train,4.75507016160996,4.75468687489677
Train,4.81009121398775,4.81033385135993
Train,4.86374881643681,4.86245511580409
Train,4.91609302918206,4.91613132524748
Train,4.96717149140691,4.96735658517582
Train,5.01702956586459,5.01524932366028
Train,1.47921976864386,1.47887929357097
Train,1.61425948358227,1.61429368967231
Train,1.74472348591131,1.74433170474245
Train,1.87084046764482,1.87067795744827
Train,1.99282413063477,1.99294217948509
Train,2.11121399002517,2.11056082467582
Train,2.22550739656884,2.22565633083886
Train,2.33623066738517,2.3363164239662
Train,2.44354850832307,2.44338781286978
Train,2.54761564721408,2.54736171647501
Train,2.64857757819521,2.64877090401663
Train,2.74657124038271,2.74619712942491
Train,2.84172563755433,2.84119930553975
Train,2.93416240473665,2.93461441047261
Train,3.02399632693052,3.02369614949991
Train,3.11158763745007,3.11133428876607
Train,3.1965283137682,3.19686047506425
Train,3.27917423913044,3.27879502400582
Train,3.35961716637309,3.3592561498149
Train,3.43794402116728,3.43772256147188
Train,3.80709435417755,3.80437464662351
Train,3.88895848836872,3.8862410156232
Train,3.9684383660783,3.96663597856657
Train,4.0452913543107,4.04140427262137
Train,4.11981218005613,4.11404022452399
Train,4.19210541355431,4.18932968420046
Train,4.26242693353728,4.26053005500178
Train,4.33054996456339,4.3257560240622
Train,4.39672409915869,4.39570802569825
Train,4.46103179034476,4.45536554267435
Train,4.52369133231124,4.52047311667803
Train,4.5844916386426,4.57834527140277
Train,4.64364672846964,4.63385208355618
Train,4.70122248809531,4.69788149952125
Train,4.75740734281136,4.75423689069162
Train,4.81200518427256,4.80835985154558
Train,4.86520153396366,4.85933555776139
Train,4.91704967116202,4.91457027309697
Train,4.96771391344005,4.96502121024814
Train,5.01701216782744,5.01574604455048
Train,2.12766243390009,2.12779070634458
Train,2.35796193148441,2.35776572503122
Train,2.57555122907879,2.57501723433672
Train,2.78097702930455,2.78059265194767
Train,2.97568291358558,2.97451239090835
Train,3.16005768113608,3.15975027871641
Train,3.33530918134515,3.33477068250089
Train,3.50171055742646,3.50088682373529
Train,3.66009982418037,3.65963826378182
Train,3.81121792669311,3.81079467199836
Train,3.95521826045487,3.95455665080077
Train,4.09291271982939,4.09194762602944
Train,4.22439945915351,4.22421864506061
Train,4.3502356980954,4.34898326990231
Train,4.47091882709077,4.47053376435813
Train,4.58648866250055,4.58630076441146
Train,4.69752254819782,4.6966028782297
Train,4.80403300530759,4.80367049122125
Train,4.90653031990999,4.90614004548594
Train,5.00500636182361,5.00327414665803
Train,3.08679121425573,3.08672150474957
Train,3.24633859421611,3.2462640774591
Train,3.39517634891969,3.39425940725935
Train,3.53434778838563,3.53408090230992
Train,3.66456023306791,3.66341769027438
Train,3.78703626284991,3.78692637475783
Train,3.90226379998657,3.90139840415102
Train,4.01086783096387,4.01024364004821
Train,4.11340349872762,4.11307082300385
Train,4.21036559396694,4.2097836891956
Train,4.30205163687515,4.30171766133347
Train,4.38915561187569,4.38895926301731
Train,4.47188161130028,4.4710305108213
Train,4.55055160906844,4.54979231886375
Train,4.62545676222388,4.62457055584177
Train,4.69686101171854,4.696248336013
Train,4.76489626509146,4.76458220509028
Train,4.8300015519113,4.82976981096943
Train,4.89226320933295,4.89203574608503
Train,4.95186355917643,4.95169035280666
Train,2.12241780512704,2.12283254526311
Train,2.35135539584207,2.35149701822135
Train,2.56739830893723,2.56769193798249
Train,2.77206150249708,2.77231047155289
Train,2.96600456138248,2.96604713048643
Train,3.14984305289255,3.14998476372349
Train,3.32473655160042,3.32484994680938
Train,3.49113632416393,3.49109762507899
Train,3.64946938341394,3.64928626904445
Train,3.80064609238498,3.80088166858592
Train,3.94497923240077,3.94500429201947
Train,4.08292321703611,4.08301826446578
Train,4.21474537094069,4.21467118948904
Train,4.34112721413172,4.34121543796226
Train,4.46226276825089,4.46234523107016
Train,4.57834180019962,4.57892426655601
Train,4.6899244923032,4.68995712653771
Train,4.79714664378861,4.79707057112144
Train,4.90014324531993,4.90002830988801
Train,4.99938189771693,4.99908643322915
Train,4.51931776847356,4.51996183537492
Train,4.55567673384203,4.55759198023727
Train,4.59146817615258,4.59137081288575
Train,4.6267052801126,4.6272912027072
Train,4.66152647465309,4.66190409148804
Train,4.69569094135459,4.69630003428485
Train,4.7293382964878,4.72885749014034
Train,4.76248019232878,4.76360542532909
Train,4.79512793367652,4.79512028994338
Train,4.82729249070953,4.82774097221761
Train,4.85909932288176,4.85958970823996
Train,4.89032747595552,4.89016879384395
Train,4.92110350386524,4.9214923403963
Train,4.95143715493046,4.95182053470179
Train,4.98133789922444,4.98132437135413
Train,5.01081493843122,5.0109000026261
Train,5.03998253307041,5.03993557749334
Train,5.06863727402527,5.06880619445772
Train,5.09689442747473,5.0968798955948
Train,5.12476221125896,5.12469721005351
Train,2.13189221657788,2.13263167186406
Train,2.36766544456705,2.36786720152745
Train,2.58921296683259,2.58923998261092
Train,2.7977845711513,2.79810602822831
Train,2.99426480936508,2.99431789877145
Train,3.18009684912226,3.18020502202568
Train,3.35592348227075,3.35632307473811
Train,3.52253157937561,3.52262392810885
Train,3.68062760799323,3.68079716329568
Train,3.83084764641597,3.83114461646623
Train,3.9736032197814,3.97387338233324
Train,4.10974713564277,4.10998820126332
Train,4.23958008064822,4.23998530884939
Train,4.36353093337985,4.3638981051176
Train,4.48199057245654,4.48215168571736
Train,4.59531599397164,4.59543558612366
Train,4.70370996237847,4.70377120692902
Train,4.8077250215466,4.8078483883949
Train,4.90750700734156,4.90755248564391
Train,5.00330917483839,5.00325203509134
Train,2.12839164602064,2.12888487457194
Train,2.36247316665261,2.36235518642292
Train,2.58301480421574,2.58271731776111
Train,2.79067067804873,2.79057700474767
Train,2.9869981285103,2.98707840419137
Train,3.17246333417267,3.17237593813582
Train,3.34835629682222,3.34826061762628
Train,3.51500690889576,3.51438238271393
Train,3.67331105438731,3.67245275525082
Train,3.8240578461484,3.82356432958426
Train,3.96743748779582,3.96654960030605
Train,4.10429937019524,4.10371435357128
Train,4.23476980815697,4.23441278995689
Train,4.35943325315064,4.35892493205948
Train,4.47880981867035,4.47846876456927
Train,4.59295876151782,4.59199424439666
Train,4.70247458147216,4.70231347192954
Train,4.80738530232696,4.80735998305041
Train,4.90821357881677,4.90763550936897
Train,5.00496385103977,5.00470373938905
Train,2.12201620608503,2.1246813751121
Train,2.36450349956983,2.36455041240125
Train,2.59116977482313,2.59215576770298
Train,2.80395560508875,2.80654887406437
Train,3.00389018829859,3.00735233683217
Train,3.1919080162322,3.19324568000186
Train,3.36941267015483,3.37221420011452
Train,3.53708711964804,3.54224771514781
Train,3.69556068002169,3.69558709531417
Train,3.84588366653932,3.84871740664737
Train,3.98852006558705,3.99183913883098
Train,4.1240447463273,4.12483468598606
Train,4.25284195876933,4.25376608637519
Train,4.37565704931787,4.37623612581814
Train,4.49277464891498,4.49364538885979
Train,4.60446523917708,4.60436822307832
Train,4.71132106651224,4.71140057764627
Train,4.81354216413267,4.81367187224221
Train,4.91132109330327,4.91129872346203
Train,5.00513782515033,5.00535594516689
Train,2.12305847928144,2.12536479188969
Train,2.35226514714969,2.35292806917841
Train,2.56881436200018,2.57099556704702
Train,2.77372642346124,2.77515892109349
Train,2.96791484066613,2.9696278910574
Train,3.15198039802484,3.15314430985473
Train,3.32711172043142,3.32873001127406
Train,3.4937447500178,3.49410980681892
Train,3.65248340688745,3.65377276267399
Train,3.80387571286322,3.80466135433141
Train,3.94842011258447,3.94964693267622
Train,4.08657095581079,4.08743835202431
Train,4.21874326797939,4.21959002024852
Train,4.34531691453664,4.34598425916062
Train,4.46664024705632,4.46749197647689
Train,4.5828939027359,4.58329589242362
Train,4.694656728845,4.69484096213078
Train,4.80205504924403,4.80220587625415
Train,4.90533962829596,4.90538759362812
Train,5.00474238101145,5.00453986165853
Train,2.12305305977826,2.12323033972003
Train,2.35927087394167,2.35889923653798
Train,2.58108208550189,2.57907255561093
Train,2.79022005828889,2.78834047186287
Train,2.98752570765147,2.98628069010789
Train,3.17377250611526,3.17341011000206
Train,3.35024923196853,3.34658678343191
Train,3.51733983974209,3.51345869106798
Train,3.67612005116997,3.66297353462006
Train,3.82702973356129,3.82455178184194
Train,3.97048299923083,3.96853989634931
Train,4.10731814410908,4.10363826201651
Train,4.23783980035548,4.23717217283745
Train,4.36233864022949,4.36197169650909
Train,4.48148288908426,4.4814417742114
Train,4.59536069313629,4.59496189473389
Train,4.70455288144413,4.70446686220333
Train,4.80922783284459,4.80881235622892
Train,4.90954999146692,4.90942381349986
Train,5.00599688376397,5.00555207331076
Train,2.12239698054196,2.12334367124271
Train,2.34457611443719,2.34451737332745
Train,2.55538573492275,2.55569778029881
Train,2.75609528560321,2.75650013826912
Train,2.94721380312319,2.94700142121734
Train,3.12941271557673,3.12928291074549
Train,3.30312046673219,3.3035560435842
Train,3.46926432297417,3.46949434954236
Train,3.62816129811696,3.62829024334993
Train,3.7802754151496,3.7806226296824
Train,3.92587927429142,3.9257696056528
Train,4.06567474782217,4.06609971704381
Train,4.19986173892056,4.19969259852202
Train,4.32877112211096,4.32876385031859
Train,4.45257824775527,4.45259714696626
Train,4.57183022717752,4.57168218965371
Train,4.68665319451203,4.6868424480847
Train,4.79728939124619,4.79711283806899
Train,4.90385166000563,4.90385801809838
Train,5.00677707587938,5.00675378793389
Train,3.42901042692851,3.43034721313995
Train,3.54044545959411,3.54090111931166
Train,3.64742769048059,3.64799279024004
Train,3.75056023575532,3.75091834218334
Train,3.84971744934167,3.85017604437168
Train,3.94544197875907,3.94592665368703
Train,4.0376023406599,4.03815924607992
Train,4.12668930102519,4.12597985026472
Train,4.21271091252278,4.21292567579057
Train,4.29568468936691,4.29621074110771
Train,4.37603641438931,4.3767143328037
Train,4.45362983495513,4.45338814520221
Train,4.52885432743004,4.52945030357106
Train,4.60169534846567,4.60210444166567
Train,4.67214706252256,4.67232918364658
Train,4.74055240657206,4.7403864476464
Train,4.80677826409416,4.80714167846796
Train,4.87114110577564,4.87106186743183
Train,4.93351023112156,4.9334573216949
Train,4.99417861336703,4.99418203096723
Train,4.08017278688525,4.079643795969
Train,4.14017484907005,4.13977090634478
Train,4.19862253152457,4.19800827277262
Train,4.25587590740224,4.25564990539836
Train,4.31182352798814,4.31165219122946
Train,4.36636575334579,4.36625270106463
Train,4.41983558087884,4.41978316467644
Train,4.47212624629398,4.47121852534427
Train,4.52314177230391,4.52257265423165
Train,4.57319107759054,4.57288936628352
Train,4.62217196420917,4.62146729710937
Train,4.67011828266798,4.66908267443944
Train,4.7169389182248,4.71639876717707
Train,4.76291460740113,4.76241113329695
Train,4.80794900029676,4.80747502678134
Train,4.85195455279491,4.85141043728748
Train,4.8951933685157,4.89437696832776
Train,4.93757327636441,4.9373576787397
Train,4.97901020524745,4.97848588593381
Train,5.0197494529876,5.01752452598333
Train,2.15559069773346,2.15775893102288
Train,2.43250552074585,2.43338376934269
Train,2.68433813089823,2.68451370350881
Train,2.91379628361804,2.91447106872482
Train,3.12398781810597,3.12425523637948
Train,3.31724156644519,3.31805183493747
Train,3.4957411310791,3.49614526916906
Train,3.66071413121474,3.66062192369213
Train,3.81382731707758,3.81445450886201
Train,3.95631520711583,3.9565835796179
Train,4.08940832198007,4.08959711784927
Train,4.21370335097722,4.21429319299453
Train,4.33018642833708,4.33017519885806
Train,4.43957158810882,4.4400120494529
Train,4.54261404052913,4.54279571335254
Train,4.63961269455973,4.63987739462439
Train,4.73119591141636,4.73149912893488
Train,4.81780489097946,4.81810505277515
Train,4.89993462386474,4.90060319412907
Train,4.97773299206552,4.97768715310283
Train,3.80678547672767,3.80641502896328
Train,3.88830552120323,3.88801115977898
Train,3.96732731396479,3.96717460431965
Train,4.04396396346085,4.04363500012186
Train,4.1183218516675,4.11796707898973
Train,4.19065777786382,4.19074494657985
Train,4.26074831360627,4.26056244993642
Train,4.3288437833466,4.32853214106487
Train,4.39502817350667,4.39547584055231
Train,4.45938082163388,4.45910083826166
Train,4.52197673367046,4.52137798436161
Train,4.58288687558949,4.58286103019418
Train,4.64217844178192,4.64244499868753
Train,4.69991510232846,4.69938877740459
Train,4.75615723106922,4.75588695837622
Train,4.81108128602305,4.8111443540111
Train,4.86450033679016,4.864557493356
Train,4.91658833834603,4.91621158226091
Train,4.96739442739898,4.96747860696463
Train,5.01696535149724,5.01649208532452
Train,3.80739449478882,3.80675523475853
Train,3.88848464895535,3.89020342974542
Train,3.96731062372242,3.96695907398329
Train,4.04363704974116,4.04462700413781
Train,4.11773988575936,4.11721929841066
Train,4.18971490526765,4.18927044635396
Train,4.2598029955438,4.26061334744058
Train,4.32778421916422,4.32783797526119
Train,4.39389406630724,4.39380624677401
Train,4.45820876027913,4.45812054802481
Train,4.52093526877318,4.52151773698061
Train,4.58186871909127,4.58130455786142
Train,4.64121237777854,4.64255640367323
Train,4.69902766161321,4.69921233030346
Train,4.75549432106236,4.75546265107128
Train,4.81042177795929,4.8099665783541
Train,4.86398725208032,4.86393754249757
Train,4.91624078070771,4.91640691488074
Train,4.9673399600617,4.96724127338617
Train,5.0171075550939,5.01666701941766
Train,2.12690503882029,2.1265504712926
Train,2.35784755001863,2.3571578067392
Train,2.57544108542503,2.57395040518389
Train,2.78127891202186,2.78005702240036
Train,2.97606629377245,2.9743992758451
Train,3.16045931759117,3.15668563449335
Train,3.33566791021446,3.33264597476456
Train,3.50217114428338,3.50021088933076
Train,3.66042106562472,3.6594062036884
Train,3.81136132934809,3.80994450544211
Train,3.95532199883044,3.95420808315233
Train,4.09277624686765,4.09198321851817
Train,4.22400497651647,4.22322536729264
Train,4.34970955395323,4.34822420611399
Train,4.47009338183143,4.46958439620107
Train,4.58535495467794,4.5843768382186
Train,4.69606819125944,4.69463039837366
Train,4.8023748897889,4.80163641321266
Train,4.90441570468925,4.9034203531204
Train,5.00266786477395,5.00175120687431
Train,2.12908150441046,2.1295875716476
Train,2.3557228052369,2.35596739462975
Train,2.56988514109415,2.56990818319211
Train,2.77301969809914,2.77335029510592
Train,2.96553069061696,2.96582165471754
Train,3.14863477783601,3.1493009868899
Train,3.32261934759476,3.32289629101726
Train,3.48851608253403,3.4884755071989
Train,3.64670065554545,3.6467118371855
Train,3.79753131688409,3.79774467132808
Train,3.9418289176121,3.94139373708303
Train,4.07970247293019,4.07991215917997
Train,4.21186471251341,4.21171830780219
Train,4.33852246744661,4.33849389454958
Train,4.45987767350149,4.45956625020722
Train,4.57651548003581,4.57656765734614
Train,4.68845636146453,4.68844727588079
Train,4.79621789742696,4.79617876097753
Train,4.89979895371093,4.89964142313531
Train,4.99966023770793,4.99937070710796
Train,3.79879635434255,3.79931365733491
Train,3.87892305621105,3.88015049207527
Train,3.95675120769345,3.95712720421506
Train,4.03237831608655,4.03198369715135
Train,4.10589645041598,4.10558241725499
Train,4.17724601452383,4.17796647611197
Train,4.24680644424389,4.24657590973706
Train,4.31450490970812,4.3148675035866
Train,4.38041518396485,4.38032968198933
Train,4.44460719357199,4.44533064414502
Train,4.50714726606388,4.50744141915084
Train,4.56809835855585,4.56802163397432
Train,4.6275202691425,4.62723082080719
Train,4.6854698325821,4.68582470067573
Train,4.74200110161298,4.74213832671179
Train,4.79705221183331,4.79710999782258
Train,4.85090144162714,4.85098836876026
Train,4.90347937076666,4.90322379998967
Train,4.95483049431226,4.95486481343299
Train,5.00499725485495,5.00481180248074
Train,4.68701658202835,4.68665728050717
Train,4.72093289360058,4.72075354862481
Train,4.75422002740472,4.75399574360039
Train,4.78678212727875,4.78662522835794
Train,4.81886436652009,4.81884972867495
Train,4.85036754599872,4.85015416235885
Train,4.88130720287331,4.88129432241653
Train,4.91169832337872,4.91150128154555
Train,4.94145188588581,4.94119789839724
Train,4.97079060327525,4.97072405979322
Train,4.99962262695463,4.99935399380033
Train,5.02796097081072,5.02787799757471
Train,5.05572162787799,5.05555972943732
Train,5.08311152384989,5.08287177541969
Train,5.11004416345865,5.10967935472465
Train,5.13653090231005,5.13642996509711
Train,5.16258272308677,5.16258482428722
Train,5.18812137115213,5.18788523937107
Train,5.21333631738599,5.2126491132156
Train,5.23814717001802,5.23773987741286
Train,2.12764774870194,2.12874242678915
Train,2.35445726966236,2.35474559394036
Train,2.56906504774185,2.56885700835531
Train,2.77267025255495,2.7731732897497
Train,2.9656410532022,2.96490713847351
Train,3.14900600969598,3.14872203960522
Train,3.32346495394999,3.32178390160475
Train,3.48965134817074,3.48807561053771
Train,3.64832785115024,3.64843445633588
Train,3.7996330281429,3.80032045368979
Train,3.94424017460211,3.94306552569316
Train,4.08258442531832,4.0821974855109
Train,4.21522138721336,4.21489297009209
Train,4.34219504590622,4.34117917460867
Train,4.46400509765697,4.46370477481585
Train,4.58096024619998,4.58038934651244
Train,4.69334506846879,4.69341108782329
Train,4.80155097156812,4.80125554886896
Train,4.90555887087389,4.90503449325096
Train,5.00572752505852,5.00514271993069
Train,2.12941596662493,2.12962429924487
Train,2.34949356155513,2.3501263666965
Train,2.55891641585048,2.55919539987122
Train,2.75796351705586,2.75816930740559
Train,2.94761383641213,2.94772733463655
Train,3.12873402319509,3.12912123353033
Train,3.30147273061752,3.30140297932379
Train,3.46659612985834,3.46684756253608
Train,3.6247863965345,3.62488544798127
Train,3.77610783927268,3.77614166128512
Train,3.92117211554736,3.9213403560141
Train,4.06035946613775,4.06014131354315
Train,4.19418047804422,4.19447328945176
Train,4.32263065959233,4.32272771007678
Train,4.44617522540063,4.44615549124751
Train,4.56523292878498,4.56511766111872
Train,4.67976803848911,4.67994058579349
Train,4.79016605540284,4.7903088201833
Train,4.8967753291825,4.8968003988141
Train,4.99953990729427,4.99959257568577
Train,2.11978876680852,2.12151396366732
Train,2.34642393125933,2.34665588436645
Train,2.56095978271401,2.56252732211369
Train,2.76434004436675,2.76448920909067
Train,2.95741278165482,2.9575094707453
Train,3.14094222280755,3.14108653456395
Train,3.31561886885405,3.31567844207804
Train,3.48206817507465,3.48200117945747
Train,3.64085803397725,3.64095778087524
Train,3.79250524848166,3.79239070651497
Train,3.93765384651862,3.93739476468626
Train,4.07638183772122,4.0764147260862
Train,4.20926418338778,4.20855246878481
Train,4.3366627406525,4.33640716414595
Train,4.45891010421156,4.45904259790654
Train,4.57631250567816,4.57610413434664
Train,4.68915237491036,4.68880665853295
Train,4.79769060841322,4.79764895999054
Train,4.90216858316797,4.90164285044437
Train,5.0028099486075,5.00237071624017
Train,2.0913519187303,2.09243452878851
Train,2.18518955500076,2.18713792139383
Train,2.27669018024772,2.27800774963718
Train,2.36594002500987,2.366158465104
Train,2.45302112908076,2.45454154116962
Train,2.53801159303689,2.53813107425947
Train,2.62098581186477,2.62092062751968
Train,2.70201469215569,2.70209391779827
Train,2.78116585420106,2.78133825205868
Train,2.85850382019889,2.85987573847021
Train,2.93409018967254,2.9338266606719
Train,3.00798380310384,3.00848661449742
Train,3.08024089469435,3.08011986290488
Train,3.15091523508813,3.15161859547657
Train,3.22005826481735,3.2198386477796
Train,3.28771921916669,3.28839975718525
Train,3.35394524509352,3.35441574720238
Train,3.41878151078733,3.4190354696792
Train,3.48227130840343,3.48291058936148
Train,3.54445615046195,3.54435715898207
Train,2.11667232262277,2.11730165342185
Train,2.32251209751356,2.32234174568816
Train,2.52020787161841,2.5206558352654
Train,2.71079801030086,2.70966626439664
Train,2.89411376355215,2.89451312235906
Train,3.07108825770395,3.07007120796835
Train,3.24153777822092,3.24059324709764
Train,3.40630524445251,3.406703249869
Train,3.56543332961945,3.56514769704355
Train,3.71897830160098,3.71883808326365
Train,3.86767023431075,3.86731424921149
Train,4.01130762381448,4.01038855793813
Train,4.15055740140867,4.15031870586397
Train,4.28541662788122,4.28487620926078
Train,4.41589539942372,4.4150156401385
Train,4.54258020678892,4.54249680608053
Train,4.66526811791512,4.66438099396962
Train,4.78449983652832,4.78369700649582
Train,4.90007440926561,4.8996825959326
Train,5.01249192947453,5.01110386954298
Train,3.11073868583817,3.10925023124784
Train,3.24479919142761,3.24425825445058
Train,3.37386907178902,3.37363477545962
Train,3.4982219110929,3.49769925070777
Train,3.61811165532263,3.61764932369005
Train,3.73362444047771,3.7332577678342
Train,3.84528490360992,3.84363140439726
Train,3.95314245155855,3.95235865086704
Train,4.0573881100275,4.0562830525053
Train,4.15820032143129,4.1567858696954
Train,4.25574596422045,4.25526554845452
Train,4.35018127470054,4.34937563761634
Train,4.44165268205579,4.44124727983078
Train,4.53029756596447,4.52929946232477
Train,4.61624494505053,4.61579631709417
Train,4.69950776136667,4.69875733281468
Train,4.7804199956169,4.77960592673123
Train,4.85897747050863,4.85884047759204
Train,4.93528150625834,4.93409397039375
Train,5.00942769248706,5.00848878051385
Train,2.12404225021414,2.12515372124113
Train,2.34964960435225,2.3510649728556
Train,2.56328204585033,2.56378958816396
Train,2.76586834249329,2.7663011054715
Train,2.95824363628126,2.95905981569064
Train,3.14116095102361,3.14164236169577
Train,3.31530104336949,3.31607432289311
Train,3.48128086897002,3.48181186805005
Train,3.63966088570605,3.64065104964806
Train,3.79095137617817,3.79130936120436
Train,3.93561793974694,3.93616894612943
Train,4.07408627865554,4.07449780742316
Train,4.20674638187165,4.20712055828431
Train,4.33395619325473,4.33454641544302
Train,4.45604483670774,4.45656283225167
Train,4.57331545950356,4.57368466320422
Train,4.68604774550388,4.68597599795235
Train,4.7945001421344,4.79465610163865
Train,4.89891183844338,4.89899552713419
Train,4.99950452610901,4.99937435133487
Train,3.74189266374406,3.74142649437296
Train,3.82778636035636,3.82731046123428
Train,3.91099959666898,3.91104436278384
Train,3.99165591751737,3.99112005051925
Train,4.069871390228,4.07020794548603
Train,4.14589282419531,4.1456750439853
Train,4.21954361602458,4.21918032897911
Train,4.29106240194903,4.29062725786771
Train,4.36054043553201,4.36068890767597
Train,4.42806383584355,4.42755214790342
Train,4.49371394357418,4.49384771778012
Train,4.5575676479155,4.5572406481367
Train,4.61969768696932,4.61947851664973
Train,4.68017292415302,4.68025788402789
Train,4.73905860280948,4.73874780086815
Train,4.79652083991859,4.79654277918954
Train,4.85240715410266,4.85230067390314
Train,4.90688027866776,4.90677577576787
Train,4.95999314705382,4.95992957747313
Train,5.01179608168382,5.01167659103765
Train,3.26389504820393,3.26519157827818
Train,3.38948504564324,3.39013736156705
Train,3.50992282864683,3.51023452211146
Train,3.62551907194806,3.6266647556266
Train,3.73655996449524,3.73663247326868
Train,3.84330957514337,3.84391590288777
Train,3.9460119492718,3.94677636717
Train,4.044892971369,4.04559939913108
Train,4.14016202350526,4.14043755316479
Train,4.23201346532108,4.23259080788676
Train,4.32076813562063,4.32153389265383
Train,4.40630901368748,4.4069491758943
Train,4.4889380334595,4.48947615962243
Train,4.56880138855577,4.56929273346625
Train,4.64603564722659,4.6461625698167
Train,4.72076853169191,4.72103821362847
Train,4.79311962296542,4.79330762711464
Train,4.86320099934581,4.86331044534703
Train,4.93111781574609,4.93119036394647
Train,4.99696883015901,4.99692104015078
Train,3.80599805069466,3.80561309394979
Train,3.88733191940926,3.88711022593583
Train,3.96636870253196,3.96644806082126
Train,4.04287758668489,4.04267303412954
Train,4.11729416407471,4.11728568477822
Train,4.18939502392284,4.18942667613918
Train,4.25958499197496,4.25941415486772
Train,4.32764809200477,4.327779124648
Train,4.39396157624627,4.39375853042328
Train,4.45831684372526,4.45839725216514
Train,4.52106633873803,4.52125747817983
Train,4.58200871084584,4.58169214180809
Train,4.64147400341201,4.64155865248408
Train,4.6992679457908,4.69932663175999
Train,4.75570028487941,4.75565082486243
Train,4.81058362762101,4.8106594098455
Train,4.86420927229291,4.86406088504434
Train,4.91639648069518,4.9160516181278
Train,4.96741973156524,4.96757243708614
Train,5.01710470649286,5.01692953793482
Train,1.02091656230163,1.02087078099288
Train,1.41009072482468,1.4102295411725
Train,1.76365378241522,1.76425551650169
Train,2.08689965460262,2.08654402695166
Train,2.38328213060095,2.38338894148912
Train,2.65575369120077,2.65551788944492
Train,2.90758115447517,2.90735275677005
Train,3.14079945882144,3.14128369584813
Train,3.35718831570746,3.35658866696743
Train,3.55889639217026,3.55933593896932
Train,3.74718584148771,3.74697749858716
Train,3.92335256958997,3.92343416912075
Train,4.08837030369103,4.08765352120491
Train,4.24356665535119,4.24341691344916
Train,4.38965066465061,4.38927352517839
Train,4.5272677594567,4.52684375172933
Train,4.65738691864815,4.65728709761529
Train,4.78048435420709,4.78034378143066
Train,4.89699960173085,4.89660212336993
Train,5.00766300985782,5.00706490180545
Train,2.12286196379505,2.12365806599243
Train,2.35404628500258,2.35408851949999
Train,2.57187871414686,2.57108122163507
Train,2.77793188808856,2.77781240703628
Train,2.97292325093331,2.97038292083839
Train,3.15751874926084,3.15656240733136
Train,3.33291068010133,3.33244087011597
Train,3.49940627882133,3.49896970976231
Train,3.65801200821964,3.65651711653743
Train,3.80911024170722,3.80797292777475
Train,3.95306404674862,3.95076794674945
Train,4.09066942363462,4.0902952976345
Train,4.22219299809946,4.22194791943502
Train,4.34789138183509,4.34662758924828
Train,4.46840717831192,4.46846771825938
Train,4.58380085794655,4.58315045592488
Train,4.69463516894196,4.69406136241628
Train,4.80105810017695,4.80049160308458
Train,4.90321559078414,4.90087920837214
Train,5.00157494290319,5.00053549785969
Train,2.12194975275501,2.12307291642149
Train,2.34457216482315,2.34495986565954
Train,2.5558260826583,2.55645762988043
Train,2.75656064483741,2.75644111968701
Train,2.94754247880768,2.94832639459638
Train,3.12925847668646,3.12956535267868
Train,3.30276173438749,3.30316035997518
Train,3.46840770170272,3.46898785777814
Train,3.62671830009497,3.62718274102408
Train,3.77817022742651,3.77915503358268
Train,3.92319975228832,3.92358296679936
Train,4.06220691107433,4.06245165983213
Train,4.19555919283872,4.1963615524678
Train,4.32359478341279,4.32426514232019
Train,4.4466254290817,4.44668098241893
Train,4.56480371678054,4.5649951804435
Train,4.67867137915612,4.67892244415958
Train,4.7883343713768,4.78846932269713
Train,4.89402136359219,4.89407213147853
Train,4.99594473962073,4.9958215330778
Train,2.11837286660064,2.1182654451618
Train,2.34737861520036,2.34679605787972
Train,2.56359489635411,2.56285514368554
Train,2.76850151013485,2.76771762571735
Train,2.96254748643875,2.96166045448558
Train,3.14696831484299,3.14624867931201
Train,3.32208714436454,3.32155903141356
Train,3.48894765233596,3.48823765165108
Train,3.64777942233377,3.64703550972168
Train,3.79947342694146,3.79885397546489
Train,3.94418908795118,3.94377832138243
Train,4.08269426751685,4.082163962624
Train,4.21509539527555,4.21464588190244
Train,4.3420599402401,4.34185033635819
Train,4.46365408140939,4.46347305786635
Train,4.58046256134503,4.5800211259379
Train,4.69252086085267,4.69226219758153
Train,4.80034489956636,4.80008359817042
Train,4.90394668693518,4.90368671784111
Train,5.00378438193365,5.00347119026917
Train,2.12442338288073,2.1242638780528
Train,2.35579920812511,2.35556684708207
Train,2.57400061982387,2.5739419768569
Train,2.78012168606061,2.77958895070117
Train,2.97513859561976,2.97497746756336
Train,3.15992511755526,3.15960166577009
Train,3.3352656899645,3.33534483888226
Train,3.5018665515638,3.50205567060901
Train,3.66036524920537,3.66051873970474
Train,3.81133879120879,3.81138791582887
Train,3.95515066960552,3.9546776924193
Train,4.09260408140797,4.09261970262038
Train,4.22396522548211,4.22431374412783
Train,4.34963035641259,4.34960796181383
Train,4.46996209365094,4.4696747649185
Train,4.58529291615545,4.58559961749193
Train,4.69592823019507,4.69601311351989
Train,4.80214906992685,4.80212949448961
Train,4.90421448102826,4.90414629384964
Train,5.00236362994877,5.00234631261865
Train,2.13069270995709,2.13057962693451
Train,2.34358357852775,2.34469365157372
Train,2.5471615972976,2.54731655242925
Train,2.74157539729887,2.74266837304707
Train,2.92764474999873,2.92704742180675
Train,3.10610162030767,3.10710158353203
Train,3.27700822256989,3.27640178268701
Train,3.44121293343616,3.44257336567192
Train,3.59873746818549,3.59804618973602
Train,3.75015634493236,3.75060579099791
Train,3.89598649835701,3.89611314590938
Train,4.03620653888343,4.03637151302853
Train,4.17129038082635,4.17177008468152
Train,4.30166613350094,4.30182941707658
Train,4.4272840941308,4.42717140312145
Train,4.54868113466339,4.54881558836131
Train,4.66579443445186,4.66557519994401
Train,4.77897796013771,4.77927612213035
Train,4.88855332920334,4.88836874029131
Train,4.99444418315484,4.9940528171183
Train,2.12808034893737,2.1279845035836
Train,2.35112466218989,2.351321627027
Train,2.56271668654416,2.56235752353754
Train,2.7634951875332,2.76329841013377
Train,2.95468917425529,2.95418616896316
Train,3.13676800551006,3.13660223681465
Train,3.31036835099227,3.31011007010798
Train,3.47606893652864,3.47613548556114
Train,3.63422226056738,3.63453822558898
Train,3.78566663529134,3.78591490067134
Train,3.93065965892099,3.93039507342585
Train,4.06960496419778,4.06962785969274
Train,4.20272585421643,4.20280372332826
Train,4.33066382949492,4.33093846637021
Train,4.45357956101408,4.45388740154129
Train,4.57176308066675,4.57219662543907
Train,4.68548250986946,4.68596851421812
Train,4.79486478544858,4.7952128552898
Train,4.90038706285921,4.90063256204313
Train,5.00213714460938,5.00173466872256
Train,2.11491407524425,2.11559066888903
Train,2.31671594501718,2.31771215154038
Train,2.51134675777038,2.5107969131701
Train,2.69918207738369,2.70028636432738
Train,2.88057169224501,2.88172584328032
Train,3.05561445754979,3.05496821925032
Train,3.22507705928698,3.22543383766029
Train,3.38900898775053,3.38956409262821
Train,3.54767664873223,3.54702717423063
Train,3.70132960848083,3.70155984622792
Train,3.85020190354028,3.85080057503416
Train,3.99451323020027,3.99466243860434
Train,4.13447002627336,4.13492223300621
Train,4.2702664564011,4.27008870616542
Train,4.40208531077922,4.40165387461363
Train,4.52993237727082,4.53047491051174
Train,4.6543076903439,4.65400995125235
Train,4.77519322043309,4.7756359326371
Train,4.89273381251369,4.89245959844695
Train,5.00706640514168,5.00641155237255
Train,1.52995030013884,1.53191482938949
Train,1.64415782390322,1.64559257455344
Train,1.75485116068289,1.75614037341221
Train,1.86272764456143,1.86332294026898
Train,1.96763054096679,1.96807563915712
Train,2.06968112766221,2.07007480107064
Train,2.16874611420499,2.16892694280699
Train,2.26543684175608,2.26571993228678
Train,2.35960148775745,2.36248590368136
Train,2.45133776802094,2.45264036171068
Train,2.54051496586932,2.54197412215092
Train,2.62767365441654,2.62957411259034
Train,2.71266829127092,2.71631715253565
Train,2.79557848457756,2.80528748524322
Train,2.87627764601249,2.87653128141009
Train,2.95524739250586,2.95584674001986
Train,3.03234911272936,3.03300225692456
Train,3.10764831402885,3.10939187783462
Train,3.18102339679048,3.18112060800936
Train,3.25290632628511,3.2569912113076
Train,2.12554648004325,2.12605387286455
Train,2.3577430645608,2.35798776830934
Train,2.57660865979447,2.57650868853817
Train,2.78325927760292,2.78341551181934
Train,2.97848011559794,2.97905312078222
Train,3.16359101040625,3.16360519348335
Train,3.33916858560766,3.33932990999436
Train,3.50593081060285,3.50563527766626
Train,3.6645253251217,3.66448124335717
Train,3.81553784492369,3.81562576313827
Train,3.95934436881433,3.95936490650009
Train,4.09674449501847,4.09642443254784
Train,4.22801525761179,4.22807778700683
Train,4.35355785065996,4.35335861187436
Train,4.47373920259712,4.47365491895472
Train,4.58889555799368,4.58880775509002
Train,4.69921634588595,4.69918656842885
Train,4.80522877554046,4.80538522223766
Train,4.90707013992005,4.90720234978785
Train,5.00498185595562,5.0050906792778
Train,2.12517767595753,2.12729606803871
Train,2.36120353977032,2.36248598543484
Train,2.58320927773569,2.58416985806662
Train,2.79195992332138,2.79293084393812
Train,2.98881916463409,2.98994040601407
Train,3.17477494695386,3.17558029500236
Train,3.3508978835555,3.35190985002031
Train,3.51758879965555,3.51843731395479
Train,3.67575563874661,3.67690987623741
Train,3.82603594367509,3.82684007356219
Train,3.96915935556266,3.97034523953106
Train,4.10533122499744,4.10613971072416
Train,4.23518593091057,4.23640116723277
Train,4.35915309821122,4.36012613932847
Train,4.47775225987151,4.47841479170498
Train,4.59107948651038,4.59188280597697
Train,4.69959582591217,4.70024268085224
Train,4.80360125347652,4.80390041017171
Train,4.90347930910433,4.90357659752162
Train,4.99926328363442,4.99925933287239
Train,3.80397153353049,3.80450813153827
Train,3.88549905352172,3.88540158827411
Train,3.96439451241222,3.96478895866921
Train,4.04109836128839,4.04095692978073
Train,4.11554705236603,4.11570275103835
Train,4.18783860010102,4.18828522087098
Train,4.25792089821145,4.25814144912461
Train,4.32617424255073,4.32624585426789
Train,4.39253227066793,4.39279011557727
Train,4.45707284755318,4.45701230178187
Train,4.51974029825615,4.51949366104491
Train,4.58086644253112,4.58126837422005
Train,4.6403844502267,4.64036618226664
Train,4.69835695886223,4.69890485386049
Train,4.75472697723642,4.75481939039544
Train,4.80978668613821,4.80965607165794
Train,4.86347022912095,4.86360645489347
Train,4.91582856334116,4.91588025799094
Train,4.9668048161818,4.96690241509562
Train,5.01665833605347,5.01643058399119
Train,3.11921770338445,3.11941803445311
Train,3.25694889014861,3.25726762475417
Train,3.38892613912794,3.38902963923186
Train,3.51550264249553,3.51535358876087
Train,3.63700326550487,3.63723478255204
Train,3.75372733053275,3.75376410469583
Train,3.8659510791042,3.86606448289662
Train,3.97392985453209,3.97428388085673
Train,4.07790004147265,4.07774663085018
Train,4.17808079340616,4.17826719364769
Train,4.27467557461214,4.27476499605151
Train,4.36787353947091,4.36783123859882
Train,4.45785076876746,4.45796539106481
Train,4.54477137999981,4.54493748084175
Train,4.62878852642228,4.62896717858405
Train,4.71004529761849,4.71001023651832
Train,4.78867553274412,4.78895934767532
Train,4.86480455616247,4.86491411249005
Train,4.93854984397785,4.93861526055387
Train,5.01002162892301,5.01004911450184
Train,2.12639329274567,2.12739851892651
Train,2.3490875059615,2.34948036973454
Train,2.56026436168063,2.56081849433431
Train,2.7612285875963,2.76165059174727
Train,2.95249648343076,2.95313374132982
Train,3.13455619083396,3.13464977599665
Train,3.30843299542765,3.30904876665088
Train,3.47430665113683,3.47506593751081
Train,3.63306088750707,3.63369058408221
Train,3.78497954505791,3.78534078498365
Train,3.93033705105284,3.9306562672948
Train,4.06985185861098,4.07017440696749
Train,4.20372380871544,4.20372377364142
Train,4.33214890836769,4.33246643668239
Train,4.45572111535878,4.4561808432826
Train,4.57445194751556,4.57461963371139
Train,4.68886893282057,4.68925554330393
Train,4.79908297058058,4.7992871179713
Train,4.90520593710802,4.90517089445283
Train,5.00768424404255,5.00768067468319
Train,2.12306683064063,2.12394740321625
Train,2.33869818119025,2.33831528728737
Train,2.54470257457936,2.54459551071407
Train,2.7411965484669,2.74157220497018
Train,2.9293146528236,2.92881843429968
Train,3.10911040135459,3.10907101416578
Train,3.28157451613356,3.28107393782889
Train,3.44671361556348,3.44652145723958
Train,3.60519185160221,3.60478645544928
Train,3.75760371949205,3.75612780556846
Train,3.90390703121558,3.90377438396172
Train,4.04483059373848,4.04389685565126
Train,4.18030995646588,4.17967893384235
Train,4.31082557486255,4.31022093153705
Train,4.43681051502507,4.43609008659062
Train,4.55817758578735,4.55756342816344
Train,4.67548360745169,4.67478269597623
Train,4.78863139998403,4.78818726887265
Train,4.89812539860234,4.89751198691449
Train,5.00386145733355,5.00272704080872
Train,3.37418207933184,3.37499549703896
Train,3.48771316086674,3.48775264971641
Train,3.59740949207486,3.59818513490102
Train,3.70374658654003,3.70376583078321
Train,3.80673822284573,3.80696306998476
Train,3.90653983255267,3.90657678673394
Train,4.0031677275453,4.00363467480955
Train,4.09702222950947,4.09720378959468
Train,4.18809872423923,4.18801841736547
Train,4.27651875268608,4.2768585039049
Train,4.36228170389985,4.36229772055263
Train,4.44572920586415,4.44591900891729
Train,4.52684473954759,4.5267664697402
Train,4.60572470937067,4.6060334861333
Train,4.68235729320513,4.68220287130978
Train,4.75703747718801,4.75722759873102
Train,4.82974113055596,4.82970261031947
Train,4.90054569654937,4.90056369856122
Train,4.96943198418893,4.96952381432909
Train,5.03665732809543,5.03667185255625
Train,1.47906637796318,1.47924116445422
Train,1.54847132110152,1.54921604713887
Train,1.61668827204686,1.61636708401022
Train,1.68374747394573,1.68379597806749
Train,1.74992672169434,1.7501260185262
Train,1.81475299492386,1.81497859251724
Train,1.87850641097442,1.87847448101016
Train,1.94121338450977,1.94114300242021
Train,2.00289947011669,2.0027781744984
Train,2.06358939702812,2.06384999383736
Train,2.12353234011451,2.12349543008679
Train,2.18229743436358,2.18225117925502
Train,2.24013601222948,2.24045663440937
Train,2.29706981412639,2.29712653156568
Train,2.35311990557129,2.35295691879253
Train,2.40830670317121,2.40833942060881
Train,2.46285504285922,2.46309421061753
Train,2.51637093142627,2.51725538244073
Train,2.56908119458516,2.56945557622028
Train,2.62100388819452,2.62136842659128
Train,2.12316287095229,2.12279109810977
Train,2.35733488356204,2.35689462762282
Train,2.57774453589439,2.57782818701954
Train,2.78557042192426,2.78464886681304
Train,2.98166887104452,2.98166667759632
Train,3.16736750034535,3.1670161843924
Train,3.34330017341102,3.34296502217072
Train,3.51021754427218,3.50963128018214
Train,3.66879525741862,3.66894603471122
Train,3.81964308866274,3.81879440716527
Train,3.96317210430354,3.96298667136845
Train,4.10017057426975,4.1003288013042
Train,4.230945912449,4.23046251219567
Train,4.35591272906889,4.35583203349322
Train,4.4754496038413,4.47539703897755
Train,4.58990291664978,4.58947088713103
Train,4.69948247075727,4.69967540688321
Train,4.80469970018842,4.80480419235938
Train,4.90571057777323,4.90571212963298
Train,5.00276240125249,5.00224078899641
Train,3.8399474919057,3.83930808424664
Train,3.91797041366502,3.91796743014128
Train,3.99373156779974,3.99381983966299
Train,4.06732789708,4.06702492066666
Train,4.13885088216309,4.13861229572091
Train,4.20838692094431,4.20866073257441
Train,4.2760176767254,4.27573148522407
Train,4.34182039815031,4.34206881179237
Train,4.40586821354372,4.4056066313948
Train,4.46823040201005,4.46829435698702
Train,4.52897264340603,4.5287112258059
Train,4.58815724908277,4.58790813180349
Train,4.64584337510152,4.64601169056642
Train,4.70208721945693,4.70174915594123
Train,4.75694220468976,4.75747465902736
Train,4.81045914713663,4.81016281499411
Train,4.86268641394373,4.8629383156429
Train,4.91367006886434,4.91363824215188
Train,4.96345400776392,4.96331314822621
Train,5.01208008467049,5.01197332036598
Train,3.94041200594176,3.9405714205121
Train,4.01103845336588,4.01116887003361
Train,4.07976040964551,4.07968466790912
Train,4.14651807034064,4.14685413839715
Train,4.21165862267943,4.21160851172811
Train,4.27511085796261,4.2749371431979
Train,4.33693957334793,4.33707420967364
Train,4.39720629201451,4.39725133660896
Train,4.45585006067793,4.45590386558574
Train,4.51316818961715,4.51309188285451
Train,4.56909110919117,4.56910868374548
Train,4.62366914908778,4.62363202539825
Train,4.67684191507672,4.6770374460296
Train,4.72887428637699,4.7286828899714
Train,4.77969887961256,4.77973069403191
Train,4.82935726482975,4.82951135170215
Train,4.87788912600241,4.87778974447999
Train,4.92523583959125,4.92521074014308
Train,4.97162881144193,4.97175310752966
Train,5.01700394805863,5.01683130664722
Train,2.11915873517799,2.11976663524227
Train,2.35727870532536,2.35703099021586
Train,2.58087633180816,2.58110860998272
Train,2.79124082412194,2.79136043074079
Train,2.98932924530374,2.98917621932693
Train,3.17653308654593,3.17660004039278
Train,3.35356077231393,3.35399583474483
Train,3.52122009115745,3.52115602193501
Train,3.68023553866835,3.68081743630372
Train,3.83125878335402,3.83131670337604
Train,3.97474378092154,3.97518508594331
Train,4.11149599516865,4.1117169744711
Train,4.24185667813914,4.24258788577006
Train,4.36626368901568,4.36659798544842
Train,4.48511578515851,4.48557793139009
Train,4.59877689163794,4.5994460803166
Train,4.70747812334787,4.70760511750894
Train,4.81173205104633,4.81224160401958
Train,4.91171246547347,4.91196233514871
Train,5.00767685508978,5.00783857942301
Train,2.12097484995748,2.12103742153577
Train,2.3570244066971,2.35700693883576
Train,2.57917724510196,2.57921524007866
Train,2.78827183761761,2.78824226052772
Train,2.9857602457956,2.98563532235203
Train,3.17226676546705,3.17275857179399
Train,3.34898158544675,3.34973580741148
Train,3.51637211032389,3.51695859276612
Train,3.67542680844879,3.67596422136818
Train,3.8264965960216,3.82700148359566
Train,3.97041214690829,3.97060983963951
Train,4.10743686740182,4.10797789968786
Train,4.23827627485483,4.23825234473605
Train,4.36312736322162,4.3637302449665
Train,4.48259512680321,4.48276226334826
Train,4.59682571375125,4.59698863667072
Train,4.7063424534687,4.70670777194927
Train,4.81125227227238,4.81128626975498
Train,4.912011459775,4.91200463556882
Train,5.00869649437444,5.00853247733395
Train,3.74221786854835,3.7422303827755
Train,3.82759592391708,3.82810258418031
Train,3.91031966929254,3.91037417461377
Train,3.99051098941804,3.99009231551677
Train,4.06814015703655,4.06905651846537
Train,4.14360767996845,4.14379568035764
Train,4.21686628168486,4.21613416830642
Train,4.28801154544047,4.2881733446274
Train,4.35713361819891,4.35762675028688
Train,4.42431759170031,4.42410850552848
Train,4.48952252467707,4.48964189984933
Train,4.55307035924607,4.55306804150331
Train,4.61490826097532,4.61493695389404
Train,4.67510432947241,4.67467570989236
Train,4.73372309555121,4.73405966980711
Train,4.79082575198911,4.79054382593082
Train,4.84636690986774,4.84684959242326
Train,4.90061121442188,4.90067081014297
Train,4.95350491488309,4.9533166699881
Train,5.0050978331145,5.00513609229437
Train,2.12790953015028,2.12814592191181
Train,2.35906158917739,2.35811471087705
Train,2.57705395297792,2.57725160832879
Train,2.78297930772664,2.78221938904868
Train,2.97781262592478,2.97828408409789
Train,3.16242660211071,3.16285136456273
Train,3.33760472175379,3.33832662604455
Train,3.50405237617955,3.50490845808701
Train,3.66240635607351,3.6623919621449
Train,3.81324299296503,3.81337362130361
Train,3.95695494556972,3.95767346564455
Train,4.09428398088022,4.09555305392242
Train,4.22552700135128,4.22644359076062
Train,4.35107980776958,4.35113477235771
Train,4.47130460822062,4.47220855721076
Train,4.58653350792196,4.58621515716967
Train,4.69707157285524,4.6974899715852
Train,4.80319952671123,4.80291969218407
Train,4.90517613135008,4.90531716096607
Train,5.00324029327474,5.00325488818155
Train,2.42575801110583,2.42373783681288
Train,2.51860536917424,2.51932449115516
Train,2.60921960482224,2.60848089817567
Train,2.69810539310535,2.69783212100433
Train,2.78510255816765,2.7842935432039
Train,2.870066605187,2.86831358123898
Train,2.95346695108527,2.95341513542591
Train,3.03495417042908,3.03497645866355
Train,3.11497623469144,3.11284152967729
Train,3.1933836937102,3.19264700580656
Train,3.27004072382629,3.26828217760734
Train,3.34536582016967,3.34444736872721
Train,3.4192156942979,3.41799670817508
Train,3.49145961481836,3.49123071879576
Train,3.56248946779936,3.55914041352694
Train,3.63200077714586,3.63120233681812
Train,3.70036910666572,3.6992947699602
Train,3.76746090138273,3.76540104878767
Train,3.83315360919314,3.83131842256728
Train,3.89780018236408,3.89684644034986
Train,3.84147967601678,3.84102524790056
Train,3.91874691650185,3.9179205732122
Train,3.99379963922919,3.99383738425945
Train,4.06673170295911,4.06678708355055
Train,4.13763173627338,4.1371083740252
Train,4.20658349687749,4.20627625827965
Train,4.2736662016842,4.2739877773424
Train,4.33895483041375,4.3389217297785
Train,4.40252040515677,4.40234612342602
Train,4.46443024809127,4.46448419968448
Train,4.52474821931997,4.5243096854726
Train,4.58353493659396,4.58345163806852
Train,4.64084797851232,4.64088230031667
Train,4.69674207262926,4.69655115725063
Train,4.75126926976078,4.75117205329672
Train,4.8044791056577,4.80401118463566
Train,4.85641875110067,4.85673768662322
Train,4.90713315137299,4.90698051190325
Train,4.95666515597815,4.95635850668439
Train,5.00505563938889,5.00475480600438
Train,2.13093431136139,2.13158316213058
Train,2.36173253263277,2.36184957584672
Train,2.57960416579599,2.58025621953871
Train,2.78522381368925,2.78418228430149
Train,2.97995773098067,2.98039799295127
Train,3.16430526142737,3.1643430930815
Train,3.33940086214668,3.33836372285841
Train,3.50561446880442,3.50629151534684
Train,3.66375221540188,3.66298918816476
Train,3.81452904290541,3.81433733846453
Train,3.95817924027155,3.95828018403582
Train,4.09545203176414,4.09603229724794
Train,4.22651813315897,4.22674138378868
Train,4.3519060733678,4.35236621464346
Train,4.47208916050811,4.47233152493117
Train,4.58716968009763,4.58756047172326
Train,4.69767208671587,4.69799529502269
Train,4.80366586042009,4.80361273284971
Train,4.90561185767913,4.90592160120787
Train,5.0035541492979,5.00369017064064
Train,2.19008209802406,2.19085084767074
Train,2.28752949738916,2.28764839989631
Train,2.38249714478179,2.38363431796188
Train,2.47459700787344,2.47444667784685
Train,2.56418993112239,2.56470689706821
Train,2.65160444600734,2.65147917467123
Train,2.73647509780624,2.73623328816779
Train,2.81912628733712,2.81978843457049
Train,2.89985420627631,2.90035714913754
Train,2.9783145823319,2.97777064102033
Train,3.05480064598804,3.05594550141527
Train,3.12938599127602,3.12975236594844
Train,3.20233070358334,3.2026451930049
Train,3.27331658037968,3.2741408749707
Train,3.34260186799083,3.34232895106367
Train,3.41042378539512,3.41108137515782
Train,3.47648211846914,3.47665740751517
Train,3.5410128529697,3.54041789331089
Train,3.60423327360308,3.60537120868152
Train,3.66585988561657,3.6656301176757
Train,-3.00972532222686,-3.00838282198929
Train,-2.77027516152536,-2.77065975670174
Train,-2.53798792711913,-2.53802335203311
Train,-2.31254694717572,-2.31179123908431
Train,-2.09365394545574,-2.09388580614479
Train,-1.88102772467469,-1.88133906811694
Train,-1.67440296135268,-1.67441990619875
Train,-1.47352910129147,-1.47295402873301
Train,-1.27816934601103,-1.27908191911137
Train,-1.08809972152453,-1.08745530691563
Train,-0.902674695665418,-0.902705088806455
Train,-0.722571847995917,-0.723111005729525
Train,-0.547155482550075,-0.546881170227661
Train,-0.376245027227549,-0.376164287294013
Train,-0.209669068984317,-0.209467978722854
Train,-0.0472647803921919,-0.0470072152438447
Train,0.111122611251297,0.110751824767367
Train,0.265640315901262,0.26598592983143
Train,0.416428437119278,0.416743666725798
Train,0.563620395776271,0.564370596721391
Train,3.17029914725127,3.17087887180315
Train,3.3047494477121,3.30581732258364
Train,3.43345762907231,3.43309184391574
Train,3.55678385305505,3.55734728383821
Train,3.67505877776957,3.67462723936627
Train,3.78858651816742,3.78882631888937
Train,3.89764725704139,3.89820375475282
Train,4.0024995537644,4.00331952982959
Train,4.10338239081813,4.10423022852987
Train,4.20051699220949,4.20067491190002
Train,4.29398576367971,4.2943423412842
Train,4.38422881043541,4.38425676456683
Train,4.47129586031017,4.47189110393927
Train,4.55535167712919,4.55608691622406
Train,4.6365498216616,4.63703306633685
Train,4.71503358788966,4.71551096560757
Train,4.79093684692594,4.79085023782512
Train,4.86438480903404,4.86516086254856
Train,4.93549471287743,4.93526734170011
Train,5.0043764499773,5.00438967091374
Train,2.12071369414638,2.12059176167935
Train,2.34870241554951,2.34893288762571
Train,2.56436405004535,2.56411742760319
Train,2.76867204799779,2.76818361347965
Train,2.96232299068296,2.96204253219353
Train,3.14646582700934,3.14506432882815
Train,3.32162366240465,3.32157794493399
Train,3.48843845168318,3.48888166946013
Train,3.64749241756996,3.64685575418434
Train,3.79931484014471,3.79809979413941
Train,3.94425499664599,3.94403405676203
Train,4.08302477317747,4.08283001350326
Train,4.21588794523717,4.21592914127341
Train,4.34321376788951,4.34309710411905
Train,4.46534134554679,4.46515648457458
Train,4.58258264775804,4.58281584248452
Train,4.69512166931357,4.69501188371966
Train,4.80343473072028,4.80342176494299
Train,4.90765950913735,4.90751441886291
Train,5.00802318580937,5.00802309337765
Train,2.12719927447224,2.1289587128861
Train,2.30685326115167,2.30666609598596
Train,2.48268867789443,2.48245869610957
Train,2.65482599077466,2.65526708429091
Train,2.82338065140398,2.82357149822201
Train,2.98846335515627,2.98809408410642
Train,3.15018028359814,3.15043204746202
Train,3.30863333224064,3.30853895029012
Train,3.46392032463882,3.46394949667967
Train,3.61613521378453,3.6164240721134
Train,3.76568200473302,3.76502992222067
Train,3.9120139441336,3.91209906648447
Train,4.055534430743,4.05567252518244
Train,4.19632371762419,4.19643504590776
Train,4.33445903219222,4.33393422047255
Train,4.47001471747151,4.4702610693444
Train,4.60306236551262,4.60252983310912
Train,4.7336709434715,4.73372379115997
Train,4.86190691281768,4.86177985746384
Train,4.98783434210451,4.98668581161525
Train,2.03977337980033,2.04051775400258
Train,2.11207904966116,2.1115533140461
Train,2.18344460985997,2.18376338973427
Train,2.25342893898317,2.25463698670489
Train,2.32252158183652,2.3235465198106
Train,2.39029459078425,2.39195382577072
Train,2.4572211976065,2.45693932475815
Train,2.52288606257122,2.52161309090259
Train,2.5877469169,2.58806018325433
Train,2.65140049378057,2.65119176121264
Train,2.71428978273273,2.71393261747888
Train,2.77602308378297,2.77665362271922
Train,2.8370293543787,2.83793746625859
Train,2.89692798236151,2.89569886084353
Train,2.9561345574659,2.95633250235042
Train,3.01427910166795,3.01413300741974
Train,3.07176445965856,3.07266725756744
Train,3.12823085761803,3.12734601221399
Train,3.18406897941634,3.18452710008782
Train,3.23892884777766,3.23813457793169
Train,1.82605402176371,1.82649860084854
Train,1.90392792857126,1.90372132369937
Train,1.98038557732879,1.98033542028756
Train,2.05591581690099,2.05608739553703
Train,2.13008960468624,2.129973374545
Train,2.20338040846053,2.20370776546507
Train,2.27537115960175,2.27510585138492
Train,2.34652066864817,2.34697703446136
Train,2.41663300600877,2.41598404505174
Train,2.48552406234811,2.48547289687629
Train,2.55363191166574,2.55416255679179
Train,2.62056737302902,2.62017600744765
Train,2.68675548322066,2.68656659437775
Train,2.75201263230251,2.75245283073509
Train,2.81616586172225,2.81630232013673
Train,2.87962172076681,2.87926740346914
Train,2.94201626748627,2.94251838294818
Train,3.00374440170931,3.00339124191258
Train,3.06445160527657,3.06435404881857
Train,3.12452162783985,3.12474149242242
Train,0.829690155850197,0.829862236500129
Train,0.915686692859388,0.917127586684556
Train,0.998760478063029,1.00114977890365
Train,1.07905802441517,1.07800974438969
Train,1.15671621319135,1.15686035405436
Train,1.23216855556595,1.2322884739365
Train,1.30491432142434,1.30402952576751
Train,1.37538145627047,1.37656753988174
Train,1.44367537027361,1.44357348211053
Train,1.50989507059576,1.50991338116711
Train,1.5741336402972,1.57450769724454
Train,1.63647867489251,1.63642114047979
Train,1.69701268086281,1.6973610297745
Train,1.75581343993658,1.75579836221591
Train,1.8129543425212,1.81358677322433
Train,1.86873103238866,1.86901799474641
Train,1.92275015972049,1.9216688970026
Train,1.97530643525357,1.97506700597471
Train,2.0264584867622,2.02783619288449
Train,2.07626185043145,2.07709924495976
Train,2.12059914974408,2.12151070553434
Train,2.34328037761278,2.34295658120765
Train,2.5549366972347,2.55625716109449
Train,2.75599889067898,2.7564832175293
Train,2.9474179653071,2.94760844457821
Train,3.13003855830087,3.13058789944902
Train,3.30413429750203,3.30417902198464
Train,3.47044079606479,3.47108548400511
Train,3.6296152801069,3.62896879525211
Train,3.78182725424777,3.78142932841293
Train,3.92765751382965,3.92651048413715
Train,4.06749916250778,4.0671131281341
Train,4.20183703672248,4.20222173291523
Train,4.33075252997693,4.33081453773976
Train,4.45468129831863,4.45534373667504
Train,4.57401691742505,4.57398179622413
Train,4.68879861220041,4.68888106849494
Train,4.79938387393273,4.79960947556012
Train,4.9060969212841,4.90661035968836
Train,5.00894794641336,5.00917006593633
Train,2.11765116113951,2.11726645117427
Train,2.331076120331,2.33085516972203
Train,2.5350821757667,2.53824226019371
Train,2.73027938076781,2.73094875786624
Train,2.91722621861503,2.91734556462644
Train,3.09643493902598,3.09622700804568
Train,3.26837624540536,3.26887015756052
Train,3.43348342318464,3.43448518023227
Train,3.59215598548838,3.5919299829126
Train,3.74476290070689,3.74582918119999
Train,3.89178524844331,3.89217174661715
Train,4.03325450148473,4.03274202132931
Train,4.16960912000323,4.1697746468608
Train,4.30112154837743,4.30153247927632
Train,4.42804521861775,4.42936430875702
Train,4.55061618038728,4.55039350184628
Train,4.66905456615047,4.66953800045052
Train,4.78356591058269,4.78365202586294
Train,4.89434234087785,4.89415861866826
Train,5.00156365245528,5.00140828752005
Train,4.2984075219197,4.29816033488755
Train,4.34970196264881,4.34986217254454
Train,4.39988860711867,4.39986728394975
Train,4.44900295924065,4.44902418928587
Train,4.49707902180318,4.49697618571246
Train,4.54398707631752,4.54401331146271
Train,4.59008629395852,4.59006802474988
Train,4.63524088247894,4.63541811729226
Train,4.6794795823174,4.67922319410024
Train,4.72282997971035,4.72285311810789
Train,4.76531856405638,4.76528292903036
Train,4.806970781893,4.8069914126555
Train,4.84781108771691,4.8478291628619
Train,4.88786299186117,4.8878323926557
Train,4.92714910562606,4.92717249311496
Train,4.96555815818128,4.96551898217218
Train,5.00337962345558,5.00346791873703
Train,5.04049808296363,5.04042822955411
Train,5.07693295687885,5.07687353797721
Train,5.11270295660467,5.11266280685442
Train,3.11238807213922,3.11231178407035
Train,3.16919694430401,3.1692041883012
Train,3.22492402378291,3.22486979409534
Train,3.28006627690833,3.28011249021132
Train,3.33440088330287,3.33441451238658
Train,3.38771829142044,3.38767850876885
Train,3.44049320797784,3.44047300251465
Train,3.49251174515677,3.49249101666048
Train,3.54357246262938,3.54360798319703
Train,3.59412928383372,3.59413447304665
Train,3.6439767440968,3.64401181036871
Train,3.69312966893727,3.69311201369471
Train,3.7413967519174,3.74140521260068
Train,3.78920627276411,3.78917152757994
Train,3.83636327141016,3.83633144280401
Train,3.88268356402146,3.88270487274712
Train,3.92857761543065,3.92865477378654
Train,3.97385783645987,3.97381223636086
Train,4.01834678893248,4.01827348747331
Train,4.0624382207582,4.06247504410571
Train,4.55922120239093,4.55917392966248
Train,4.72110733269788,4.721152046866
Train,4.87180306698566,4.87175001280388
Train,5.01268853560669,5.01274279331187
Train,5.144570098747,5.14449027439345
Train,5.2681703274234,5.26823438718749
Train,5.38445959846425,5.38441445110207
Train,5.49386587381854,5.49386997979199
Train,5.59717321056753,5.59717999876225
Train,5.69478749151531,5.69476462576139
Train,5.78708131723367,5.78706737665447
Train,5.87463998688025,5.87470589015743
Train,5.95774177529795,5.9576447592673
Train,6.03664538871303,6.03665994995013
Train,6.11180031203641,6.11179617664103
Train,6.18333462263282,6.18330303016838
Train,6.25163043831265,6.25165934435302
Train,6.31684219420673,6.31680064356223
Train,6.37911629093982,6.3791180680288
Train,6.43875761669118,6.43888749159354
Train,4.04506807141098,4.04505146282693
Train,4.10858879478827,4.10850042050779
Train,4.1701996903519,4.17020975927433
Train,4.23037661612313,4.23039675963105
Train,4.28897724916576,4.28896013706021
Train,4.34606272363447,4.34605794933019
Train,4.40150979637571,4.40152719684742
Train,4.45574060858136,4.45572441020663
Train,4.50862154227834,4.50858431337612
Train,4.56020237837136,4.56022599441849
Train,4.61036639081713,4.61037630711937
Train,4.65949076115278,4.65945385145317
Train,4.70745029988105,4.70749276784129
Train,4.75428595209553,4.75424368133277
Train,4.7998875163024,4.79987746009315
Train,4.84459415011638,4.8446219893897
Train,4.88828866414124,4.8882751277534
Train,4.9310050439588,4.93097864027803
Train,4.97263943418284,4.97267145125065
Train,5.01349853460424,5.01344533321832
Train,4.72294694016069,4.72287745104337
Train,4.75454734386273,4.7544553581345
Train,4.78575104926538,4.78579073209337
Train,4.81656547975132,4.81655808856549
Train,4.84699787463386,4.84699924177173
Train,4.87705529482699,4.87705462676394
Train,4.9067446283071,4.90680915895908
Train,4.93607259537537,4.93601821025845
Train,4.96504575372901,4.9650887055912
Train,4.99367050334968,4.99357818141953
Train,5.02208632702543,5.02203267525442
Train,5.05003127323255,5.05016166151555
Train,5.07764613853987,5.07750567805694
Train,5.10493673689893,5.10501771901378
Train,5.13190874651787,5.13187913882888
Train,5.15856771380009,5.15867484305235
Train,5.18491905714653,5.18471522686479
Train,5.21096807062713,5.21099030927657
Train,5.23671992752663,5.23618416567149
Train,5.26217968376971,5.26179127429964
Train,2.12825209006589,2.12736608232819
Train,2.37288651948368,2.37297330799671
Train,2.6015996243621,2.60162321084043
Train,2.81528600769792,2.81516834793359
Train,3.01595153015302,3.01592614450184
Train,3.20421201232764,3.20386472542471
Train,3.38169017706613,3.38179296377848
Train,3.54880712329803,3.54886098840457
Train,3.70667035232721,3.70624451903009
Train,3.85624211049127,3.85593913297221
Train,3.99775202123379,3.99766704181461
Train,4.13222031585773,4.13220662053232
Train,4.25979250843669,4.25971751620932
Train,4.38116010379978,4.38108275845716
Train,4.49693146052466,4.49698315174641
Train,4.60716695077571,4.60704119430556
Train,4.71255743600543,4.71233073142517
Train,4.81312507730122,4.81301058281094
Train,4.90947085848767,4.9094633957255
Train,5.00158892011668,5.0013163845713
Train,3.33837507438564,3.33872024899463
Train,3.46058512059142,3.46060673413928
Train,3.57758834194159,3.57804900479062
Train,3.68971055696617,3.6891555400314
Train,3.7970389887063,3.79721456658491
Train,3.90028120103303,3.90020200940529
Train,3.99946994956018,3.99987930844019
Train,4.09483935702305,4.0948726743499
Train,4.18660585657113,4.18657466477514
Train,4.27496983150741,4.27522737823092
Train,4.3599488657098,4.35988974703013
Train,4.44205784887757,4.44248953190109
Train,4.52128268956086,4.52106946068384
Train,4.5977727265908,4.59798629119119
Train,4.67166716352079,4.67181811280749
Train,4.74309591410339,4.74312254327064
Train,4.81204363813467,4.81227644964409
Train,4.87890171475166,4.87879211802675
Train,4.94363516172037,4.94366580261198
Train,5.00634367040845,5.00645616574504
Train,3.87523881948464,3.87642614747067
Train,3.95404801755029,3.95405257274694
Train,4.02974677351441,4.03048450361622
Train,4.10292194731429,4.10401736093861
Train,4.17350044387368,4.17333700398647
Train,4.2416180711961,4.2418842895798
Train,4.30721815852196,4.30733913314988
Train,4.37079114225444,4.3707470750494
Train,4.43225758817814,4.43238368676019
Train,4.49172049239818,4.49250442864711
Train,4.54911580420057,4.54892116877096
Train,4.60485973229656,4.60514734949371
Train,4.65887127083764,4.65882930801252
Train,4.71122994200335,4.71140959569833
Train,4.76186878193004,4.76179362758003
Train,4.81114564194774,4.81136416102443
Train,4.85898064890606,4.85923041441402
Train,4.90543617377345,4.90557545391707
Train,4.95044499285234,4.95041461609253
Train,4.9943182385265,4.99445907891008
Train,2.12311179524227,2.12272590334592
Train,2.36751726846775,2.36769690658575
Train,2.59550603933668,2.5944830482933
Train,2.80928385868297,2.80926835591552
Train,3.00985405698779,3.00959295777646
Train,3.19813614601615,3.19778957676968
Train,3.37573022364217,3.37516338351956
Train,3.54304395578921,3.54249559932643
Train,3.70139536231884,3.7014113078226
Train,3.85127174548446,3.85026654752005
Train,3.99313316542645,3.99318866165651
Train,4.12799027670336,4.1274025048629
Train,4.2561659178122,4.25598748174058
Train,4.37797035217499,4.37786516814011
Train,4.49419907105336,4.4938097695263
Train,4.60490884462151,4.60486219571883
Train,4.7107863806475,4.71070326317976
Train,4.81199606506584,4.81184995144081
Train,4.90870119118297,4.9082789796875
Train,5.0014615561532,5.00131120446138
Train,4.21460060524327,4.21650935908253
Train,4.27184610746874,4.27171753853716
Train,4.32756432777398,4.32925984667092
Train,4.38216518189821,4.38218620761478
Train,4.43533869979944,4.43707933719298
Train,4.48747402996703,4.48880481219739
Train,4.53827327651232,4.54005515437936
Train,4.58810638819991,4.58783318690993
Train,4.63668690777751,4.63890866710632
Train,4.68436699623143,4.68444762048509
Train,4.73087103717317,4.7311720682669
Train,4.77653467911823,4.77671148924036
Train,4.82109258463286,4.82079288661083
Train,4.86486504466356,4.86491140681152
Train,4.90759647274213,4.90765422037696
Train,4.94959285071009,4.94950671142484
Train,4.99060784704465,4.99058495168451
Train,5.03093408857086,5.03092847555541
Train,5.07033403274121,5.07017868312595
Train,5.10908782153109,5.10901964043158
Train,2.12263903924964,2.12337745004548
Train,2.35807015296182,2.3580782760059
Train,2.57974484642919,2.58009979622341
Train,2.78837739364784,2.78834295053871
Train,2.98530132159036,2.98537052367956
Train,3.17167952933067,3.1718115420983
Train,3.34794984921552,3.34807645635177
Train,3.51527966341244,3.51538355855117
Train,3.67398325661824,3.67413189031096
Train,3.82487657295672,3.82507815570195
Train,3.96868036886023,3.96879879332269
Train,4.10558113118152,4.10556533902962
Train,4.23620791477005,4.23650395950481
Train,4.36111986584978,4.36116065314236
Train,4.48042067206134,4.48041272514469
Train,4.59473184480475,4.59484724582708
Train,4.70411834186003,4.70417026960534
Train,4.80900732241856,4.80903501187076
Train,4.90978177642934,4.90977506916224
Train,5.00646528238212,5.00675646326758
Train,2.12978706987508,2.12999975188495
Train,2.36882069850899,2.36864873776073
Train,2.59261215430348,2.59266864519605
Train,2.80313151282221,2.8030256357053
Train,3.00099948610341,3.00123569773254
Train,3.18781862874191,3.18751232482137
Train,3.36402009506598,3.36396112424886
Train,3.53092731925708,3.53091383980381
Train,3.68904603490195,3.6889755989509
Train,3.83885289774519,3.83876222855296
Train,3.98136579636856,3.98135646861388
Train,4.11674306531189,4.11672348497449
Train,4.24585155992919,4.24569958577888
Train,4.36895225977064,4.36905959010704
Train,4.48629809260513,4.48616089911298
Train,4.59858307454001,4.59857589771989
Train,4.70584033135645,4.7058594547506
Train,4.80867487629262,4.80868659161101
Train,4.9070908218437,4.90700928836621
Train,5.0016197234077,5.00151996672286
Train,3.01705252024819,3.01696452725161
Train,3.12032357990782,3.12005669128612
Train,3.22038247139588,3.22041797887565
Train,3.31686011162121,3.31684194841458
Train,3.41044335856909,3.41048562111631
Train,3.50077652363319,3.50078254706362
Train,3.58849302349511,3.5881039652877
Train,3.67325055883843,3.67332646976853
Train,3.75541534497091,3.75534471020075
Train,3.83531783454091,3.8349949620139
Train,3.91263541315482,3.91265071851727
Train,3.98789265358023,3.98794614188885
Train,4.06077964596225,4.06057131878733
Train,4.1315955694541,4.13149737210743
Train,4.20061187697461,4.20070048454658
Train,4.26753690378768,4.26724396221064
Train,4.33281256516588,4.33281801472321
Train,4.39615877849211,4.39620828158474
Train,4.45798986844476,4.45775166843664
Train,4.51803684629886,4.51767755613764
Train,2.12435123144132,2.1240243328421
Train,2.38506153637641,2.38484205072247
Train,2.62609199254129,2.62595671134989
Train,2.8490559046886,2.84868205797222
Train,3.05615884325127,3.05605132348562
Train,3.24903512992055,3.24862862086892
Train,3.42931825626768,3.42915478330366
Train,3.59779709538334,3.5978813397779
Train,3.75578404828765,3.75557049966437
Train,3.90422958107013,3.90404918970861
Train,4.04414122005214,4.04403396765034
Train,4.17591596121601,4.17609914186615
Train,4.30039365297306,4.29992372643076
Train,4.41816407872983,4.41805556382212
Train,4.52989011171437,4.52978476257621
Train,4.63576888778802,4.63562560313822
Train,4.73636936325297,4.73642203274977
Train,4.83207664209496,4.83207803051993
Train,4.92334980841375,4.92331271852647
Train,5.01027888515012,5.01018297562295
Train,3.11173865344614,3.11184707118145
Train,3.24201294778975,3.2426420493158
Train,3.36799787365329,3.36753365157558
Train,3.48990184544406,3.48998088601711
Train,3.60774586783278,3.60778357888779
Train,3.7220664898684,3.72195910062464
Train,3.83285550280785,3.83254466540679
Train,3.94027406583884,3.94053915380887
Train,4.04447367942224,4.04457028214121
Train,4.14559689820399,4.14563457474894
Train,4.24363292184211,4.24351710179124
Train,4.33900255930691,4.33912682755787
Train,4.43167584960844,4.43157518238138
Train,4.52176554790441,4.52183826542222
Train,4.6093782088937,4.60943342180512
Train,4.69461460724415,4.6944147511962
Train,4.77744741477016,4.77756251848264
Train,4.8582156134013,4.85824121844136
Train,4.93687878459299,4.93691486693462
Train,5.01351816340897,5.01318164746499
Train,3.11038299446124,3.11014921762075
Train,3.24251381050943,3.24246004629737
Train,3.37001630594949,3.37028536797792
Train,3.49312947838734,3.49284513355512
Train,3.61207614870286,3.61210803862431
Train,3.72689245643938,3.72677155313251
Train,3.8381220550937,3.83799228471907
Train,3.94576909947967,3.94609366760858
Train,4.05000393018696,4.04981011600714
Train,4.15098625732076,4.15076048342123
Train,4.24886597703618,4.24877903203267
Train,4.34378391394922,4.34400272126932
Train,4.43587249715733,4.43588326230782
Train,4.5252563766945,4.52539603422171
Train,4.61205298645539,4.61190672917211
Train,4.6962467383612,4.69617824875909
Train,4.77819830456011,4.77789129461327
Train,4.8578763944213,4.85793289015256
Train,4.93537431881503,4.93565674462789
Train,5.01078035115356,5.01051143241197
Train,2.12717572834508,2.12818978769312
Train,2.34656196174529,2.34682915909428
Train,2.55533954832282,2.55598887308396
Train,2.75425981062326,2.7541357308504
Train,2.9440047608186,2.94381809265332
Train,3.12495162852631,3.12515836316354
Train,3.29816338632991,3.29809270636383
Train,3.46390243918338,3.46412818950048
Train,3.62264215738028,3.62294893648244
Train,3.77481675614259,3.77469353049716
Train,3.92082526201542,3.92094539777146
Train,4.06103500668285,4.06117959024272
Train,4.19578471261601,4.19582957864639
Train,4.32538722512265,4.32571727875133
Train,4.45013193718625,4.45009165007821
Train,4.57012493075912,4.57023002246736
Train,4.68594476426799,4.68592035935999
Train,4.79765438822268,4.79780107087594
Train,4.90546878245043,4.90550819120749
Train,5.00958819131908,5.00953042439438
Train,3.8077383077291,3.80796195802763
Train,3.88956870088414,3.8884851525204
Train,3.96883780908673,3.96900055377633
Train,4.04586049738461,4.04553696691434
Train,4.12034912875369,4.12017978013054
Train,4.19261091250044,4.19266015339609
Train,4.26274423583776,4.26269982173661
Train,4.330841774137,4.33079115721712
Train,4.39716025110821,4.39549583313624
Train,4.46143866296428,4.46171072962825
Train,4.5239291575605,4.52335057596393
Train,4.58470530859315,4.58427277081874
Train,4.64398821207787,4.64430924630954
Train,4.70153671594073,4.70092194298982
Train,4.75756890434818,4.75744777939891
Train,4.8121439269539,4.81207581207079
Train,4.86531789642492,4.86537397558976
Train,4.91727698397285,4.91654060539329
Train,4.96780267936954,4.96762365888009
Train,5.01707941296385,5.01652947152403
Train,2.12451639919632,2.12439113398681
Train,2.37095652419414,2.37110581896248
Train,2.60086088926851,2.60089887179814
Train,2.81583975804045,2.81598478118634
Train,3.01702488381918,3.01655469740597
Train,3.20622096492552,3.20673153775594
Train,3.38422383841342,3.38402342343124
Train,3.55199828304379,3.55242928023506
Train,3.71040129767525,3.71050277414817
Train,3.86019674307784,3.86008377981387
Train,4.00187229445328,4.0019362083968
Train,4.13644125644717,4.13666672177343
Train,4.26424865589965,4.26410925546704
Train,4.38579161654852,4.3861901507211
Train,4.5015196951498,4.50127530277614
Train,4.61184043783561,4.61208718261288
Train,4.71697865411628,4.71729322112061
Train,4.81756907862544,4.81754222191229
Train,4.91376716590751,4.91387838436299
Train,5.00585445987398,5.00596446672894
Train,3.80662470609681,3.80662860996349
Train,3.88834139484332,3.88802833952613
Train,3.96752945990506,3.96780110940782
Train,4.04430448083083,4.04405164485869
Train,4.11877509892742,4.11877344268114
Train,4.19123039931236,4.19141814111432
Train,4.26138749685472,4.26136537213084
Train,4.32952962685583,4.32966758765319
Train,4.39574236757914,4.39584304815547
Train,4.46010651877933,4.45998535079277
Train,4.52269843063781,4.52264836431131
Train,4.58359030589586,4.58382715698993
Train,4.64285047769928,4.64280535090006
Train,4.70054366540238,4.70050076430582
Train,4.75673121034444,4.75695789303781
Train,4.81161311274734,4.81147142321277
Train,4.86495737130899,4.86504521011942
Train,4.91696197120851,4.91704127765631
Train,4.96767675181377,4.96752561121374
Train,5.01714911054099,5.01721497871199
Train,3.88622426022213,3.88499552693845
Train,3.96164668389391,3.96096222925352
Train,4.0348601358272,4.03490777075921
Train,4.10596025994981,4.1056744116241
Train,4.17503725716661,4.17492074554983
Train,4.24236220699547,4.24187967474629
Train,4.30763854938547,4.30755821708765
Train,4.37113357939236,4.37080635821057
Train,4.43291923031841,4.4330722373405
Train,4.49306361380875,4.49281765580902
Train,4.55163127031993,4.55165186478784
Train,4.60868340014465,4.60852314125333
Train,4.66427807673126,4.6642337114391
Train,4.71847044386108,4.71847969295099
Train,4.77131289809084,4.77132876441497
Train,4.8229982536463,4.82283832039718
Train,4.87328446117769,4.87338811008134
Train,4.92236321499513,4.92208579939423
Train,4.9702774885615,4.97016926057637
Train,5.01706824000553,5.01696350251835
Train,3.80644674670169,3.80611215112168
Train,3.88847600875965,3.88848590625523
Train,3.96773063373205,3.96765774977863
Train,4.04474016867335,4.04491920689378
Train,4.1194079399054,4.11950565068658
Train,4.19183916285478,4.19147134530003
Train,4.26195387879296,4.26208659512371
Train,4.33020842950115,4.33010573102038
Train,4.39650636424915,4.39659078542845
Train,4.46093062803061,4.46105253041697
Train,4.52339996024945,4.52320679886942
Train,4.58431189892117,4.58436648732055
Train,4.64357233269813,4.64385569341224
Train,4.70124752908323,4.70096474677751
Train,4.75725706973349,4.7574895184292
Train,4.81195053374266,4.81191371831277
Train,4.86523732333805,4.86543313282945
Train,4.91717101741401,4.91702976180378
Train,4.96767331329048,4.96774752964182
Train,5.01705415131406,5.01681913804511
Train,3.88561095913345,3.88514951824377
Train,3.96119177124388,3.96089946269189
Train,4.03473624895416,4.03496080212091
Train,4.10593930375339,4.1057855786655
Train,4.17509750447742,4.17554542474737
Train,4.24247968764583,4.242341454577
Train,4.30779880974293,4.3075185148478
Train,4.37131959580068,4.37121868790198
Train,4.43328276073025,4.43344650459778
Train,4.49341826626526,4.49330138830551
Train,4.55196386760316,4.55197680896037
Train,4.60898179459056,4.60856032610016
Train,4.66468170843888,4.664696344545
Train,4.71881455058613,4.71863210313657
Train,4.77158811550613,4.77171599048315
Train,4.82319259471207,4.82291783925292
Train,4.8733934161917,4.87322580954095
Train,4.92237948905449,4.92253534834763
Train,4.97032416257258,4.97005935982125
Train,5.0170063243159,5.01670283404421
Train,2.04995207767634,2.05162359860568
Train,2.36853908008567,2.368595370044
Train,2.65218403000353,2.65127991152129
Train,2.90697799059126,2.91044907442674
Train,3.13681895400483,3.13776358818983
Train,3.34493759146171,3.34654050940885
Train,3.53475567764635,3.53510872400695
Train,3.70814353059593,3.71346885487099
Train,3.86755159856861,3.86836594019397
Train,4.01441735876953,4.01856132392587
Train,4.14999157374313,4.14793650858844
Train,4.27585004088018,4.27442329682417
Train,4.39285082733998,4.39366016168777
Train,4.50175732771425,4.5005064856198
Train,4.60364289826535,4.60232518529704
Train,4.69891970599052,4.70065095272478
Train,4.78844078951357,4.78882247415115
Train,4.87260377911667,4.87188186082676
Train,4.95177352323288,4.95157962403661
Train,5.02657446774441,5.02691780958138
Train,3.79776981423491,3.79820241811768
Train,3.87866391563431,3.87870988529674
Train,3.95733255148876,3.95733402570639
Train,4.03349598599817,4.03378284654856
Train,4.10745087021112,4.10742078024647
Train,4.17946630826417,4.17959940603236
Train,4.24927794713938,4.24911279645366
Train,4.31731451379763,4.3177397955619
Train,4.3833215856408,4.38310351885061
Train,4.44754411235117,4.44799130048741
Train,4.51020540375935,4.50980073687057
Train,4.57106532148577,4.57112590378299
Train,4.63034402714585,4.63051735249566
Train,4.68824278619348,4.68815806563787
Train,4.74453495022828,4.74467905325485
Train,4.79955297006165,4.79928974652382
Train,4.85307873738572,4.85325948307357
Train,4.90529873932715,4.90537222595486
Train,4.95638418598853,4.95615796000211
Train,5.00612909016259,5.00611408714403
Train,4.42407979305922,4.42505720737101
Train,4.46691166169733,4.46651935879942
Train,4.50912477111424,4.50942752834239
Train,4.55044429854992,4.55067646738614
Train,4.59117995517835,4.59068166447565
Train,4.63106584876699,4.63116832843309
Train,4.67040028310135,4.67115876488619
Train,4.7089258818307,4.70840197204824
Train,4.74679841304018,4.74668140160779
Train,4.78416389339247,4.78396051435447
Train,4.82077698868006,4.82094851124723
Train,4.85691013934685,4.85669328356792
Train,4.89232559324423,4.8920141197049
Train,4.92716514174534,4.92718503553553
Train,4.9615620179239,4.96177989894958
Train,4.9952892112185,4.99457858274139
Train,5.02859656183774,5.02843265502272
Train,5.06126383485798,5.0612865557624
Train,5.09353261837211,5.09342458813988
Train,5.12518916146475,5.12474952473996
Train,3.30379708995377,3.30345905873528
Train,3.37063607511235,3.37088851320683
Train,3.43594095318669,3.43575842689297
Train,3.50021101875945,3.50033897147115
Train,3.56324967428117,3.56311731874355
Train,3.62487627902781,3.62512607285267
Train,3.68555999675628,3.6855420362117
Train,3.74511346377582,3.74496938924781
Train,3.80336403233353,3.80333204362073
Train,3.86075342218445,3.86084706726858
Train,3.91710293691303,3.91725690122913
Train,3.97244058600369,3.97254586622654
Train,4.02660369597233,4.02648821068756
Train,4.08000102968489,4.08008891132092
Train,4.13246463090554,4.13234152463296
Train,4.18383881813632,4.18366469411939
Train,4.23451003727776,4.23446833342123
Train,4.28431781539126,4.28450989024914
Train,4.33311307090034,4.33305991859141
Train,4.38126173574197,4.38073200180578
Train,2.12773036473068,2.12741909756481
Train,2.3649065243032,2.36493827502013
Train,2.58760154553829,2.58728243242372
Train,2.79710239047386,2.79671471005561
Train,2.99454790960518,2.99419024416551
Train,3.18094955298383,3.18058407729316
Train,3.35720870051651,3.3571953424677
Train,3.52413123825805,3.5234448167835
Train,3.68243987811222,3.68206761754591
Train,3.83278461826202,3.8327580750573
Train,3.97556294397721,3.97500153503344
Train,4.11169127601103,4.11180508370522
Train,4.24145180712177,4.24107608831722
Train,4.36528113452564,4.36550441024415
Train,4.48357683453216,4.48334143532656
Train,4.59670172663849,4.59669729899879
Train,4.70498759042142,4.70510322137931
Train,4.80873841543619,4.80848031032059
Train,4.90823325117055,4.90813690163077
Train,5.00372871332178,5.00389100529589
Train,2.94396057417874,2.9436418768933
Train,3.02904204492581,3.02976567045362
Train,3.11249314466046,3.11115689617901
Train,3.19385305171646,3.19428198575734
Train,3.27369338257743,3.27220122383053
Train,3.35157067143682,3.35249656507829
Train,3.42802961105894,3.42373400832164
Train,3.50264320083869,3.50163576225669
Train,3.57570375000409,3.57512577908994
Train,3.64748194003505,3.64768479506593
Train,3.71757390075242,3.7173923720707
Train,3.78646493188244,3.78690676970346
Train,3.85376562625473,3.85150530692975
Train,3.91973486482703,3.91923374801752
Train,3.98461316037663,3.98504554293696
Train,4.0480314553435,4.04660247980243
Train,4.11042501092023,4.11084847197367
Train,4.17143751496782,4.17185832421948
Train,4.23148638807138,4.23094652512117
Train,4.29022744655551,4.28883270609366
Train,2.12761174416641,2.12821574292231
Train,2.36279442088078,2.36323984060369
Train,2.58395732298534,2.58383107127396
Train,2.79231779223193,2.7927019396569
Train,2.98895619854973,2.98864911997522
Train,3.17508165318044,3.17543155012255
Train,3.35104687070944,3.35109208879329
Train,3.51788324992824,3.51791265618286
Train,3.67628321749673,3.67629675184335
Train,3.82687089911298,3.82685954818465
Train,3.970210338345,3.96994453897813
Train,4.10681255656116,4.10654391641435
Train,4.23714164022874,4.23728370059384
Train,4.36162000840189,4.36110473646241
Train,4.48063298638124,4.48033389636452
Train,4.59468504368087,4.59479236815787
Train,4.70378792393856,4.70370574026722
Train,4.80839661537336,4.80829635413467
Train,4.90878320246356,4.90904617358532
Train,5.0051982409802,5.00455770040064
Train,2.12564260553235,2.12593210548531
Train,2.3692842087651,2.36915420118412
Train,2.5970195011085,2.59703799832227
Train,2.81035692451563,2.8098508844431
Train,3.01062003217446,3.0102203704801
Train,3.19897497342765,3.19868716887241
Train,3.37645321728042,3.37623188936237
Train,3.54397044982052,3.5438782872446
Train,3.702342376625,3.70204920436931
Train,3.85229800582354,3.85141378232721
Train,3.99449086828511,3.99433827339649
Train,4.1295085392597,4.12972585297661
Train,4.25788075407853,4.25681412077343
Train,4.38008635429281,4.38005451809201
Train,4.49655925627669,4.49646862797488
Train,4.60769359911385,4.60674859669789
Train,4.71384820047982,4.71363831979673
Train,4.81535042666837,4.81517699918335
Train,4.91249956470073,4.91199344086997
Train,5.00556976968764,5.00482933227905
Train,2.12332372125674,2.1241452617662
Train,2.35597412277977,2.35621842063832
Train,2.57527205640544,2.57569421691898
Train,2.78233495980589,2.78240399467576
Train,2.97793134939884,2.97809507391519
Train,3.16341918459217,3.16291684878406
Train,3.33935720074798,3.33970732773651
Train,3.50646439603735,3.50615931773087
Train,3.66538935861286,3.66477281533333
Train,3.81671867952971,3.816842555324
Train,3.96081584539365,3.96066112146539
Train,4.09850844309289,4.09845695994133
Train,4.23006024014663,4.22997599093213
Train,4.35587307616933,4.3558138769624
Train,4.47631447861992,4.47648694735105
Train,4.59172124855168,4.59141467890051
Train,4.70227307418351,4.70228873367508
Train,4.80851856973015,4.80841652648956
Train,4.91058478884492,4.91052906905722
Train,5.00871356929856,5.00867729233356
Train,2.13048260114339,2.13111675506335
Train,2.36141822993024,2.3617197805999
Train,2.57944345882077,2.57920832150783
Train,2.78512743558809,2.78465452024261
Train,2.97971772296535,2.98000395635376
Train,3.16430534752431,3.16384849745143
Train,3.33922968627402,3.33878132867106
Train,3.50562174580382,3.50566850565275
Train,3.66371758572177,3.66339187082869
Train,3.81430002114748,3.8139705595859
Train,3.95806182042704,3.95814080924497
Train,4.09513188791548,4.09469166012253
Train,4.22612142233379,4.22623146224807
Train,4.35157447540485,4.35124376134279
Train,4.47155056615015,4.47157391719028
Train,4.58667274847743,4.58656568431833
Train,4.69696821929686,4.69687528407285
Train,4.80285956120148,4.80287497653183
Train,4.90472601682359,4.90451197892823
Train,5.00256052426806,5.00228969011193
Train,4.29923127466113,4.29933581313177
Train,4.37593472586425,4.37590492820806
Train,4.45007638384635,4.44954136565904
Train,4.52208960493034,4.52185665656896
Train,4.59191509940888,4.59229559768092
Train,4.65950632982142,4.6591898330496
Train,4.72524942079411,4.72549897933083
Train,4.78908225473821,4.78910854456299
Train,4.85095431879322,4.85034185159765
Train,4.91121191789884,4.91108883032853
Train,4.96979172171991,4.96972865762443
Train,5.02676284216546,5.02660283755859
Train,5.08207203793809,5.08215845693576
Train,5.13602154890217,5.13521212371171
Train,5.18854810300832,5.18853388215373
Train,5.23959773178527,5.23952747974741
Train,5.28944500655008,5.28906198189304
Train,5.33802752592299,5.33785262295597
Train,5.38529136179834,5.38388337913522
Train,5.43148710977632,5.43087815239271
Train,3.80440535788305,3.8047011800054
Train,3.88609514022405,3.88591806582388
Train,3.96528315492449,3.96536135929865
Train,4.04208259449204,4.04180809147652
Train,4.11659992436134,4.11702109761991
Train,4.18893537531834,4.18897959825008
Train,4.25918339329396,4.25902990100181
Train,4.32743305077164,4.32744653010004
Train,4.39376842357708,4.39383820826513
Train,4.45826893640157,4.45844259798882
Train,4.52100968004451,4.52067050740648
Train,4.58206170303944,4.58218193659786
Train,4.64149228004463,4.64163590318662
Train,4.69936515912984,4.69939739893198
Train,4.75574078987013,4.75586465010288
Train,4.81067653396255,4.81049184400662
Train,4.86422685990817,4.86452094436384
Train,4.91644352314866,4.91628675245917
Train,4.96737573290946,4.96732637247855
Train,5.01707030688033,5.01719321172714
Train,3.80280800392127,3.80206052498079
Train,3.88500313680383,3.8850036187375
Train,3.96462254200146,3.96358626928799
Train,4.04178542414326,4.03822821116083
Train,4.11660374389121,4.11482257678148
Train,4.18918275996791,4.18649299177945
Train,4.25962152323343,4.25886594652837
Train,4.3280133276884,4.32504468159073
Train,4.39444612272151,4.39124402311643
Train,4.45900289043215,4.45852990613517
Train,4.52161773197884,4.52186610098998
Train,4.5826571574904,4.58297960923535
Train,4.64204285768417,4.64069078823472
Train,4.69984114025796,4.69932101590274
Train,4.75611481476927,4.7551479652256
Train,4.810923420318,4.8101463958798
Train,4.8643234356747,4.86293330171476
Train,4.91636847341338,4.91617456497468
Train,4.96710945945157,4.96515667308897
Train,5.01659479926165,5.01520166273533
Train,1.44204620238152,1.44268007708176
Train,1.54499419923156,1.54560088030475
Train,1.64543580189771,1.64534728439629
Train,1.74346144137553,1.74342774951355
Train,1.8395167720947,1.83935579336991
Train,1.9329564411699,1.93336775022934
Train,2.02422693088534,2.02447308207222
Train,2.1134029099952,2.11325076400879
Train,2.20055565907522,2.20045589158196
Train,2.28575326054506,2.28635937234528
Train,2.36937400784446,2.3691333071605
Train,2.45084680904313,2.45064896309494
Train,2.53055145851384,2.53088775156154
Train,2.60854489795918,2.60877032967734
Train,2.6848816500424,2.68453474683946
Train,2.75961394549668,2.75978133215165
Train,2.83306718070384,2.8330092775486
Train,2.90473303721677,2.90479008303145
Train,2.97493870467927,2.97531591723325
Train,3.04372835998313,3.04394520688794
Train,2.12339852599247,2.12343086842073
Train,2.37271606636546,2.3726661446035
Train,2.6051295613652,2.60473665067509
Train,2.82173155304113,2.8218626562392
Train,3.02434872715534,3.02431002810336
Train,3.21429311425399,3.21402777167985
Train,3.39295298198351,3.39267174497392
Train,3.56086107035745,3.56113007159459
Train,3.71916840218757,3.71869174218657
Train,3.86867552762641,3.86869921025116
Train,4.01028359872553,4.01010569480652
Train,4.14424724555703,4.14404832376565
Train,4.27133734096803,4.27102804727596
Train,4.39206966622313,4.39184260913885
Train,4.50706208430027,4.50685957699167
Train,4.61642365268879,4.61619364663169
Train,4.72069636620039,4.72068138247945
Train,4.82022734355424,4.81994532986566
Train,4.91545935003735,4.91529003449862
Train,5.0064226522255,5.00622824476138
Train,2.12910230615172,2.12881841241636
Train,2.38291006667188,2.38277818238654
Train,2.61827066256745,2.618152742703
Train,2.83741639544739,2.83680713101561
Train,3.04142214561449,3.04142780451763
Train,3.23205864293634,3.23150378933089
Train,3.4105983963277,3.41043360749799
Train,3.57815738802642,3.57818741035739
Train,3.7359295471496,3.7355196356421
Train,3.88434948784635,3.884235557669
Train,4.02441245639959,4.02417798358303
Train,4.15680495054935,4.15650616742283
Train,4.28230877565294,4.28201307205884
Train,4.40112793004536,4.40100602735092
Train,4.51393418368952,4.51362823523511
Train,4.62117270132084,4.62076350540635
Train,4.72324576235384,4.72326648590928
Train,4.82064899338996,4.82037442054815
Train,4.9134449975405,4.91339001324955
Train,5.00207252958786,5.00164936311456
Train,2.11638447506989,2.11720534282133
Train,2.36806330015287,2.36844491500732
Train,2.60208647853893,2.60235704761887
Train,2.82024890795233,2.82067440759046
Train,3.02411016473525,3.02462027127456
Train,3.21503184491851,3.21526251821683
Train,3.39420801361869,3.39434447731287
Train,3.56269020239473,3.5630322170742
Train,3.7214080604634,3.7217322779544
Train,3.87118651652451,3.87136076987515
Train,4.01276012021567,4.01309618535724
Train,4.14678508952929,4.14699050672598
Train,4.27384948118426,4.27406741087702
Train,4.39448181651128,4.39470927191632
Train,4.50915842973614,4.50934980375208
Train,4.61830975410945,4.61846462607087
Train,4.7223257207859,4.72249449467306
Train,4.82156041319686,4.82176070316667
Train,4.91633609400439,4.91650458278477
Train,5.00694670114171,5.00705295381577
Train,2.73194750145983,2.73243450060977
Train,2.83756888193852,2.83775099489333
Train,2.94019821728092,2.94012336558841
Train,3.03996086994695,3.03985737920212
Train,3.13697529551304,3.13712988131285
Train,3.23162571138575,3.23165241550687
Train,3.32346648187123,3.32296992999295
Train,3.41287774329284,3.41289190492676
Train,3.49995464068828,3.50012505322361
Train,3.58478741498906,3.5846836419904
Train,3.66746171496911,3.66782048491695
Train,3.74805888568102,3.74793487112788
Train,3.82665623542172,3.82679859479854
Train,3.90332728306944,3.90304879726596
Train,3.97814198745518,3.97836522315446
Train,4.05137792223462,4.05143497362843
Train,4.12267166838888,4.12248969452266
Train,4.19229981504695,4.19256364944276
Train,4.26032005709038,4.26042121157153
Train,4.32678745515108,4.32617574945281
Train,4.42433949203684,4.4247888566103
Train,4.46726370337328,4.46761286727081
Train,4.50941354452157,4.50953953367904
Train,4.55080978308231,4.55077807353377
Train,4.59147245062257,4.59160151577558
Train,4.63142087499709,4.63155533768994
Train,4.67067371098119,4.67058866241658
Train,4.7092489693173,4.70963437444936
Train,4.74716404427015,4.74632803272501
Train,4.78443573977929,4.7834605356048
Train,4.82120060968204,4.82122672457463
Train,4.857231720581,4.8570331022498
Train,4.89266661349976,4.89258871175222
Train,4.92751996570969,4.92772760513986
Train,4.9618059766503,4.96161782108698
Train,4.9955383872175,4.99554036998783
Train,5.02873049812514,5.02862192542242
Train,5.06139518739115,5.06107695344925
Train,5.09354492699682,5.09325437315804
Train,5.12519179876422,5.12445769532458
Train,4.31090793132855,4.31084068817602
Train,4.36374862530706,4.36387595604265
Train,4.41544374948998,4.41544109363062
Train,4.46603015778154,4.46608212224678
Train,4.51554314003183,4.5154121321107
Train,4.56388176850847,4.56362650107401
Train,4.61135070252854,4.61128770526993
Train,4.65784340604492,4.65769582408059
Train,4.70338968779305,4.70298386339604
Train,4.74801815514197,4.74801026218713
Train,4.79175627401314,4.79145845137122
Train,4.83463042524858,4.8341168214561
Train,4.87666595767126,4.87605771919608
Train,4.91788723806207,4.91733461796536
Train,4.95831769826044,4.95792078760435
Train,4.99786952455175,4.99789302731696
Train,5.03678718722075,5.03570519754124
Train,5.07497908978046,5.07453912774952
Train,5.11246534630136,5.11241459185517
Train,5.14926533438925,5.14813926280077
Train,4.308190724255,4.30862347223867
Train,4.3521783700908,4.35200414354874
Train,4.39537752787371,4.39594386629507
Train,4.4378092100058,4.43769507272057
Train,4.4794936888508,4.47958429740944
Train,4.52058585633077,4.52055887852536
Train,4.56083161368657,4.5608393335706
Train,4.60038691902989,4.60046467657998
Train,4.63926938922814,4.6392085793171
Train,4.67749604687772,4.67778115919015
Train,4.71508334515268,4.71515668046541
Train,4.7520471914169,4.75199817673962
Train,4.78840296967105,4.78844035956802
Train,4.82416556190072,4.82419043856673
Train,4.85934936838812,4.85935802772798
Train,4.89408279421208,4.89412224414488
Train,4.92814858322893,4.92814814968108
Train,4.96167612876043,4.96171638978514
Train,4.9946780872855,4.99470592476683
Train,5.02716672155627,5.02725053102594
Train,3.00160651401106,3.00221199655307
Train,3.15463679628811,3.15568595682327
Train,3.30007029819874,3.29999555463799
Train,3.43869343102216,3.43876513986697
Train,3.57052615090931,3.5704575158619
Train,3.69626818327652,3.69693822093912
Train,3.81633208380699,3.81655725982449
Train,3.93109397132671,3.9310188219213
Train,4.04108396939694,4.04142854521364
Train,4.14623581497797,4.1460957417253
Train,4.24703279551337,4.2473948361252
Train,4.34373995773457,4.34371625574193
Train,4.43675927405157,4.43696764113059
Train,4.52599357082417,4.52614868386211
Train,4.61181503568939,4.61176551936479
Train,4.69441578427859,4.69461094239392
Train,4.77397377833914,4.77422123076741
Train,4.85078481946625,4.85068624517568
Train,4.92473623450318,4.92497155042473
Train,4.99610622931943,4.99618234883473
Train,0.997575222013758,0.998592496045339
Train,1.16186758910368,1.16256274737988
Train,1.32074799826293,1.32030828092817
Train,1.47366138911936,1.47355289969953
Train,1.62172490413065,1.62206695238894
Train,1.7644018410866,1.76444404091852
Train,1.90271667770345,1.90237248348676
Train,2.03615169078058,2.03571219775268
Train,2.16530458872005,2.16593154869068
Train,2.29071273714249,2.29028509800742
Train,2.4118870891156,2.41169164333363
Train,2.52966583099353,2.53000347728575
Train,2.64357876846181,2.64301889568235
Train,2.75410785744556,2.75492297418464
Train,2.86168895070688,2.86124664986538
Train,2.96587925882376,2.96593308844514
Train,3.0673778286487,3.06823385415416
Train,3.16575941829679,3.16495095739232
Train,3.26167710851068,3.26204208218882
Train,3.35472254747568,3.35458423998454
Train,3.11903672464875,3.11806543209581
Train,3.26469583275668,3.26466099858713
Train,3.4027201251646,3.40221275956478
Train,3.53415755936693,3.53329758708005
Train,3.65924732761896,3.65892029425178
Train,3.77822795870944,3.77766009467443
Train,3.89193758405085,3.89145872107458
Train,4.00033447689783,4.00036961192316
Train,4.10414919275386,4.10339151182546
Train,4.20349002559976,4.20371652989823
Train,4.29847163878961,4.29738300065385
Train,4.38969750662139,4.38926568439826
Train,4.47723057370719,4.47585659649194
Train,4.56114162020212,4.56057867200028
Train,4.64193705712467,4.64042877461237
Train,4.71951117742665,4.71834463465855
Train,4.79431800787612,4.79336637502156
Train,4.86637477917787,4.86586444457097
Train,4.93570706635376,4.93472953571755
Train,5.00270422355668,5.00159173849869
Train,2.16876670265954,2.17058157622949
Train,2.43537916696171,2.43754984301929
Train,2.67931790010512,2.6786385002639
Train,2.90292346700431,2.90450425623187
Train,3.10903604531345,3.10797287296353
Train,3.29926082160365,3.30083689324081
Train,3.47570979101645,3.47542337917595
Train,3.63950735375726,3.63999919433512
Train,3.79226492423301,3.79214352160393
Train,3.93478337966086,3.93530943396326
Train,4.0683197627375,4.06819206904625
Train,4.19345188202423,4.19318157382831
Train,4.31117944973751,4.31097084562155
Train,4.4219232426661,4.4219548515916
Train,4.52649190421331,4.52630777379416
Train,4.62519368350649,4.62526798594944
Train,4.71869254049011,4.71852995060406
Train,4.80721484657521,4.80728604788613
Train,4.89131307272175,4.89108773026492
Train,4.97115322691084,4.97119560117094
Train,2.12940269889565,2.13010701156335
Train,2.35953685250925,2.35956667601249
Train,2.57652258375496,2.5767991798148
Train,2.78192907181291,2.78251153123223
Train,2.97643410182638,2.97643671923388
Train,3.16066994155131,3.16017173149844
Train,3.33583370480199,3.33611616016491
Train,3.50219360252866,3.50157577337224
Train,3.6607639709942,3.66088325913534
Train,3.81190399768766,3.81140482013563
Train,3.95595681914466,3.95575556709459
Train,4.09372879004296,4.09288919738015
Train,4.22546880089746,4.22532042017291
Train,4.35141812517153,4.35108509293631
Train,4.47223072861984,4.47218682247333
Train,4.58794513229911,4.58786128919905
Train,4.69913564763078,4.69857810671966
Train,4.80593807049328,4.80562579749012
Train,4.90848769987926,4.90828670636069
Train,5.00726329210842,5.00668319260678
Train,2.13549878782615,2.13530394048878
Train,2.36261445382408,2.3621275266074
Train,2.57706670235827,2.57681037814029
Train,2.78036122066628,2.77997005222327
Train,2.97289495250553,2.97235024486416
Train,3.15592876567196,3.15493390510831
Train,3.32974047258084,3.32887654144936
Train,3.49539823950988,3.49443420511848
Train,3.6532770662603,3.65245196007616
Train,3.80373540381063,3.80307815011179
Train,3.94762223590932,3.94660569079108
Train,4.08503514632217,4.08381835649762
Train,4.21671091636138,4.21545787133913
Train,4.34285280547558,4.34149024371416
Train,4.46366010513296,4.46222106563596
Train,4.57973738250479,4.57819133657176
Train,4.69109415890515,4.68958658122569
Train,4.79826506057782,4.79671295775469
Train,4.90123842129323,4.89982734194699
Train,5.00049004351434,4.99850648202022
Train,3.43233189858258,3.4328139435091
Train,3.54297691166042,3.5418092466357
Train,3.6494692081052,3.65032928454671
Train,3.75222680270983,3.7524221035111
Train,3.85107875250637,3.84813314589075
Train,3.94641845689116,3.94657354970449
Train,4.03842983551685,4.03730438252054
Train,4.12728418700284,4.12729692675278
Train,4.21329931753722,4.21290808388605
Train,4.29630304238441,4.29472011237716
Train,4.37659828816552,4.37615340476617
Train,4.45431549648567,4.45399013976413
Train,4.52971557309727,4.52865950617337
Train,4.60263141578898,4.60227105833958
Train,4.67331378365666,4.67180519493068
Train,4.74186374861585,4.74102680507371
Train,4.80837637476763,4.80767800759088
Train,4.87306029240632,4.87292007462771
Train,4.93575814948735,4.93486377999588
Train,4.99667216970627,4.99545101870131
Train,3.80276334554978,3.80311245192564
Train,3.88462691319972,3.88459508887985
Train,3.96379935970237,3.9638906246533
Train,4.04075597172001,4.04044830540122
Train,4.11542037466245,4.11557804958842
Train,4.18773080868589,4.18791340775747
Train,4.25811235670846,4.25811650011837
Train,4.32648713053531,4.32656589106683
Train,4.39279050206204,4.39287046575414
Train,4.45740500969366,4.45744002491895
Train,4.52025268608374,4.52032857136639
Train,4.58140502264334,4.58149966507752
Train,4.64079591398827,4.64082231404306
Train,4.69876056352692,4.69872469040606
Train,4.75522235865604,4.75538471146163
Train,4.81011527592982,4.81011741022024
Train,4.8637446498106,4.86387452260876
Train,4.91603558359532,4.91601456051507
Train,4.96692281636916,4.96693600599914
Train,5.01668570127464,5.01655399288256
Train,3.80580373453581,3.80489190208521
Train,3.88786162856758,3.88713149000372
Train,3.96716955468882,3.96701122341624
Train,4.04421005131988,4.04365714224006
Train,4.11891007174364,4.11862496854121
Train,4.19121132764483,4.19081082715802
Train,4.26154415830862,4.26129079494367
Train,4.32983334757356,4.3294875087267
Train,4.39601706843497,4.3953075915801
Train,4.46048160205608,4.46032508784303
Train,4.52315118130179,4.52271652904826
Train,4.5840997450206,4.5839346002774
Train,4.6432633676977,4.64299281519185
Train,4.7009795145738,4.70062428196854
Train,4.75717333648196,4.75705021760914
Train,4.81178066296121,4.81151741894814
Train,4.86510827234475,4.86476569938551
Train,4.91708280168147,4.91697565555354
Train,4.96764059775644,4.96713775708971
Train,5.01706182334771,5.01663244582485
Train,-0.289166347486342,-0.287915495473673
Train,-0.038635989254015,-0.0390796713313615
Train,0.198987934421492,0.200827491245484
Train,0.423730775442445,0.423089469190626
Train,0.637059907039239,0.638133820529812
Train,0.840250342291749,0.841247217286613
Train,1.03319354113932,1.0332223512599
Train,1.21703207455347,1.21756483280081
Train,1.39276554449284,1.39405986498019
Train,1.56021030850831,1.55970094710392
Train,1.72027629928379,1.72055056010588
Train,1.87344074150816,1.8744365690081
Train,2.020450721041,2.020666340311
Train,2.16107407838061,2.16100804995887
Train,2.29600276321256,2.29605999212228
Train,2.42585011658558,2.42687001023595
Train,2.55036964780297,2.54992168376984
Train,2.67013560427102,2.66995789590952
Train,2.78565940191339,2.78602752055909
Train,2.89669098080092,2.89774397302942
Train,1.46654665383069,1.46439325585194
Train,1.60487607548111,1.60503917660942
Train,1.73837542115043,1.73814246759477
Train,1.86729332905194,1.8662738022037
Train,1.99186165972811,1.99210501990664
Train,2.11264317866532,2.11277271152996
Train,2.22913643824374,2.22802035964112
Train,2.34188882264016,2.34108836597408
Train,2.45107767694597,2.45085928048853
Train,2.55686931068677,2.55695405349392
Train,2.65941984305435,2.65928232993365
Train,2.75887597162545,2.75841248737347
Train,2.85537567252784,2.85546042176672
Train,2.94904883908154,2.94852809776811
Train,3.04001786513155,3.03984192482436
Train,3.12865291298487,3.12828588826062
Train,3.21454636739516,3.21453959130041
Train,3.29806327362749,3.29798691027691
Train,3.37930091927607,3.37960976974294
Train,3.45835135326626,3.45745078933746
Train,1.26401216555,1.26392678842376
Train,1.40422897999426,1.40419791863794
Train,1.5397028599546,1.5395984358657
Train,1.67067045279697,1.67078957558019
Train,1.79735292016857,1.79727938727647
Train,1.92030988935585,1.92038000522657
Train,2.03901867514578,2.03893504230886
Train,2.15402530432285,2.1538158184789
Train,2.2655003058233,2.26545225344071
Train,2.37360389374036,2.37346765832356
Train,2.47848673560325,2.47862170220404
Train,2.58029065299588,2.58032360905468
Train,2.67914926136628,2.67903212943064
Train,2.77518855509646,2.77503977392746
Train,2.86852744321989,2.86859334383518
Train,2.95953990433454,2.95940606734998
Train,3.04780167532275,3.04775504715641
Train,3.13368225524882,3.13367345073238
Train,3.21727672383665,3.21701977283086
Train,3.29867516532052,3.29856744880257
Train,3.87900242188409,3.87886309526441
Train,3.93759949513966,3.93744791534255
Train,3.99495743347672,3.99492822240097
Train,4.05142191865217,4.05120594319206
Train,4.10686211753859,4.106949319293
Train,4.16130565099826,4.16085052301228
Train,4.21463355556371,4.21466727157124
Train,4.26716528716114,4.2671498943225
Train,4.31877741502651,4.31902374341792
Train,4.3694938770694,4.36929534214881
Train,4.41920202843064,4.41917294873291
Train,4.4681980188624,4.46820822030059
Train,4.51636529558682,4.51611295783425
Train,4.56372470746795,4.56384394195161
Train,4.61016952671442,4.61006078498825
Train,4.65597509431825,4.65605985260288
Train,4.7010312444799,4.70099614885225
Train,4.74535621961414,4.74508125534809
Train,4.78884882483664,4.78902012703563
Train,4.83176574170551,4.83152695511422
Train,3.78704646554857,3.78775009115336
Train,3.86521842768102,3.86515222606433
Train,3.94153198296837,3.94192794092978
Train,4.01605262366938,4.01572925932886
Train,4.0888428004159,4.0886823465647
Train,4.15996209676235,4.16027475077978
Train,4.22946739185135,4.23002646462468
Train,4.2974130121289,4.2973390636762
Train,4.36385087295954,4.36486256255099
Train,4.42883061091743,4.42883323320213
Train,4.49226563380934,4.493688881107
Train,4.55447239490796,4.55426344151096
Train,4.61535737682637,4.61561152091448
Train,4.67496226475994,4.67601619807015
Train,4.73332700929397,4.73318676069748
Train,4.79048991570074,4.79060344358013
Train,4.84648772777645,4.84654612330708
Train,4.90135570660357,4.90122549187397
Train,4.95512770459337,4.95445082529904
Train,5.00783623513536,5.00775393572472
Train,3.12613944878982,3.12708579095911
Train,3.26158071985582,3.26190594641175
Train,3.3917613131307,3.39246781581812
Train,3.51661005857919,3.5169072499687
Train,3.63680473185573,3.63742571728581
Train,3.7522567061369,3.75310291343805
Train,3.86357192718626,3.86391980633013
Train,3.97064944621926,3.97109622202181
Train,4.07403405143818,4.07433652628303
Train,4.17361633549054,4.17392214769934
Train,4.2698886334348,4.27015551763345
Train,4.36273599565,4.36342893081816
Train,4.45260546455716,4.4529274413442
Train,4.53937875372946,4.53969205873726
Train,4.62346355046167,4.62408876555586
Train,4.70473989989033,4.70505131352559
Train,4.78358109418154,4.78381970572034
Train,4.85986677020062,4.8601404249782
Train,4.93393999711208,4.93410677876131
Train,5.00568095185321,5.00562384172924
Train,2.87421438121072,2.87466242427745
Train,3.04263861807118,3.04495509952713
Train,3.20199389016095,3.20302559230465
Train,3.35299348434731,3.35432751814612
Train,3.49627779711737,3.49579526252275
Train,3.63263018748448,3.63269816373678
Train,3.7621477064373,3.76230765625691
Train,3.88551887791609,3.88687205559592
Train,4.0031710801912,4.00340289036429
Train,4.11549296618303,4.11619327559747
Train,4.22283875250148,4.22372446605204
Train,4.32553195079798,4.3261109998406
Train,4.42386862423514,4.42433822748119
Train,4.51812023811989,4.51868319259436
Train,4.60853616250618,4.60901625931522
Train,4.69547839229914,4.6952031777197
Train,4.77888829283891,4.77932281392453
Train,4.85909910884228,4.85927537835888
Train,4.9362914227516,4.93685979518492
Train,5.01063247662664,5.01070445464094
Train,2.12884689355539,2.12817996708884
Train,2.36615130434783,2.36567592041532
Train,2.58919757435144,2.58887628373654
Train,2.79874171741578,2.79743859424931
Train,2.99643653980588,2.99605629779583
Train,3.18282153138155,3.18223938738495
Train,3.35925392062249,3.35850142696411
Train,3.52611746281569,3.52544554352638
Train,3.68435589729504,3.68385538536571
Train,3.83479802059246,3.83409098508931
Train,3.97766925495038,3.97715351307799
Train,4.11384744793386,4.11350531632946
Train,4.24348609288458,4.24300287015616
Train,4.36719093030841,4.36711510815327
Train,4.48549976718799,4.48500217103382
Train,4.59849094691884,4.59844908505267
Train,4.70677052103431,4.70658348712824
Train,4.81038194189409,4.8099702948953
Train,4.90985556970815,4.90996517489475
Train,5.00520853998989,5.00476790260386
Train,2.12168894142507,2.12181053276882
Train,2.35903646406905,2.35912618466016
Train,2.58169705379614,2.58161782389542
Train,2.79149847291344,2.79118800001746
Train,2.98928432976782,2.98895999677138
Train,3.17605810615937,3.1759929621145
Train,3.3525010564956,3.35244898033859
Train,3.51985170461805,3.51970585327494
Train,3.67860271010408,3.67857018151917
Train,3.82940033264978,3.8295632510372
Train,3.97265383774693,3.97187076630395
Train,4.10924651280638,4.10802310940217
Train,4.23947406938949,4.23870942520613
Train,4.3637712919567,4.36313899514063
Train,4.48238999665366,4.47988167385978
Train,4.59598646652545,4.59531849095586
Train,4.70474058418434,4.70386167257188
Train,4.80895551525773,4.80850849637227
Train,4.90878800418509,4.90770287181969
Train,5.00474220750618,5.00460210369677
Train,2.12326987459695,2.12387510527879
Train,2.35046379035817,2.35260801615428
Train,2.56518125285028,2.56529834858845
Train,2.76882941117277,2.76880414993884
Train,2.96204914607699,2.9648475275578
Train,3.14543771658306,3.14496545233969
Train,3.32007644790049,3.32288162490754
Train,3.48640999199256,3.48603929822356
Train,3.64485797321563,3.64535163535608
Train,3.79627180097835,3.79662008634594
Train,3.94096423757318,3.94061132009437
Train,4.07937311764745,4.07976126052554
Train,4.21176588146603,4.21175365265552
Train,4.33878163210758,4.3387816624583
Train,4.46061869799635,4.46066408346275
Train,4.57746977514261,4.57760755735303
Train,4.68986088903145,4.68963722517176
Train,4.79793360765224,4.79806230342549
Train,4.90182736363478,4.90178341161456
Train,5.00198165120171,5.00185037681628
Train,2.13145586051408,2.13206224132548
Train,2.34790586645907,2.34875656054131
Train,2.55420283454264,2.55526231779332
Train,2.75104476816105,2.75046218417887
Train,2.9388644598026,2.94000226821466
Train,3.11865577712709,3.11953476559891
Train,3.29073674887468,3.29117259878778
Train,3.45559295003958,3.4556450382009
Train,3.61367002049273,3.61354825054114
Train,3.76537768774906,3.7666018833597
Train,3.91093582569427,3.9109176701863
Train,4.05101357899951,4.05050596129176
Train,4.18576875207896,4.18598455814187
Train,4.31549905458074,4.31556703208754
Train,4.44048040000646,4.43995917628117
Train,4.56096886455336,4.56155156858476
Train,4.67707654705726,4.67680407282345
Train,4.78928103420043,4.78893068351172
Train,4.89765824893007,4.89786150947226
Train,5.00240072877263,5.00215884049598
Train,2.11609585494351,2.11760040662653
Train,2.35799736935475,2.35849056998577
Train,2.58453388305162,2.58430933067023
Train,2.79712425641571,2.79780248053269
Train,2.99701786962423,2.99745465330016
Train,3.18531919401391,3.18542295841272
Train,3.36300820905686,3.3635851870433
Train,3.53095746195695,3.53081000681693
Train,3.6899463967891,3.69088024299918
Train,3.84067344979145,3.84061191687384
Train,3.98360580835531,3.98423364477216
Train,4.11963797271371,4.11956875110813
Train,4.24911218798108,4.24981484149378
Train,4.37249151866849,4.3728870156545
Train,4.49019643512087,4.49015183018172
Train,4.60260960086398,4.60317806465876
Train,4.7100800284612,4.70990810845912
Train,4.81292669897145,4.81309789934315
Train,4.91144172407944,4.91137647791046
Train,5.00589311692319,5.00583440087911
Train,3.83902217308907,3.8381801858014
Train,3.91331960759849,3.91149960287905
Train,3.98596978649989,3.9861813413801
Train,4.05667613975288,4.05454200056225
Train,4.12585677430994,4.12626668399854
Train,4.19322625011142,4.19222439973102
Train,4.2591800775171,4.25917248924647
Train,4.32344344091015,4.32294658500735
Train,4.38639107183842,4.38525332838449
Train,4.44775828960431,4.44785032629783
Train,4.50790067311738,4.5072337644663
Train,4.56656320519221,4.566817048704
Train,4.62408377132825,4.62122867073751
Train,4.68021656581554,4.67949935033158
Train,4.73528309397901,4.73551158573984
Train,4.78904632954425,4.78809570909994
Train,4.84181258278146,4.84212817475834
Train,4.89335319497542,4.89198553644445
Train,4.94396035365885,4.94268915765547
Train,4.99341337579618,4.99189491728347
Train,2.12932433413457,2.12785240052397
Train,2.36688147086949,2.36643934648841
Train,2.58984757480893,2.58949755361551
Train,2.79952688894545,2.79892741209266
Train,2.99707271127515,2.99658852321459
Train,3.18330224037153,3.18260291552461
Train,3.35955095901933,3.35893615230422
Train,3.52641499522416,3.52536340555046
Train,3.6846244673844,3.68400804236231
Train,3.83483567173847,3.8342571062854
Train,3.97764018252018,3.97664307436237
Train,4.11357263835793,4.11227676637873
Train,4.24311743099134,4.2426941985208
Train,4.36671447269685,4.36573841916878
Train,4.48476418714616,4.48330095403939
Train,4.59750611052085,4.59681676516834
Train,4.70553093946844,4.70519792417852
Train,4.80901307310064,4.80841980865655
Train,4.90823315687631,4.90808964587731
Train,5.0034491851954,5.00286501189945
Train,2.12495028001534,2.12583905698399
Train,2.36374329707051,2.36631273803813
Train,2.58770839833069,2.58821690432371
Train,2.79818510973865,2.7997585902202
Train,2.99657923720489,2.99797143269346
Train,3.18348098598039,3.18626094051848
Train,3.36005944702231,3.36120772843257
Train,3.52714692575984,3.52830386847795
Train,3.68548859742229,3.68567312631597
Train,3.83575361782611,3.83568965809779
Train,3.97870591550919,3.97856299278753
Train,4.11455917615633,4.1144974806427
Train,4.24397555506753,4.24358198193884
Train,4.36740194524148,4.3666230050424
Train,4.48524480683546,4.48509559506281
Train,4.59787463874721,4.59713375123697
Train,4.70575202577669,4.7058423946421
Train,4.80893729039859,4.80855245450232
Train,4.9078420789771,4.90784380825432
Train,5.00272733223452,5.00199564410319
Train,3.80651519897803,3.8061456827318
Train,3.88807078252951,3.88712645516662
Train,3.96713069035404,3.96700007758903
Train,4.04364321071277,4.04321143315904
Train,4.11804840206236,4.118007300665
Train,4.19027658152484,4.18995003115243
Train,4.26042191684389,4.26010549956362
Train,4.32857322192667,4.32811647828457
Train,4.39467203400802,4.39421831273485
Train,4.45908605583843,4.45867609109793
Train,4.52174380642785,4.52156220527474
Train,4.58271614777852,4.58253176856112
Train,4.6419425810658,4.64181251840393
Train,4.69974521040031,4.69969044700572
Train,4.75605328519805,4.75606362358929
Train,4.81092403082604,4.81081764329684
Train,4.86441178798037,4.86405366696789
Train,4.91645597281461,4.91625521087553
Train,4.96733286268282,4.96723997956663
Train,5.01697410883087,5.01671379515613
Train,3.80728206211371,3.8077905210783
Train,3.88842073279314,3.88909336140158
Train,3.96712075845751,3.96832274500215
Train,4.04349045262832,4.04380494159939
Train,4.11778959936226,4.11841614861984
Train,4.18979423712496,4.1901695156053
Train,4.25975752844971,4.26024103237412
Train,4.32776506890379,4.3302289153172
Train,4.39389773454921,4.39424109730225
Train,4.45823200279573,4.45843129811547
Train,4.52097365260648,4.52155032674741
Train,4.58192090706111,4.58267450960058
Train,4.64127577629868,4.64138164951043
Train,4.69909986258143,4.69926889236527
Train,4.75545163113625,4.75666071453809
Train,4.81038660733243,4.81037948530074
Train,4.86407182365417,4.86408448094851
Train,4.91632614568077,4.91636644418737
Train,4.96731447182039,4.96753893354124
Train,5.01708225944127,5.01683714358962
Train,2.122132055305,2.12400361255469
Train,2.36916131608526,2.36971816676248
Train,2.59930353707909,2.60008767062188
Train,2.81472191749938,2.814656136833
Train,3.01632638848282,3.01709635476882
Train,3.20583532514127,3.20629827294125
Train,3.38389914390656,3.38397933454527
Train,3.55190698314483,3.55270798515045
Train,3.71050605209104,3.71079681063362
Train,3.86029396742171,3.86079331850811
Train,4.00230941877655,4.00228629287287
Train,4.13683382320392,4.13699137805896
Train,4.2647370996202,4.2651091022361
Train,4.38635685171037,4.38634458691332
Train,4.50201236869135,4.50216001254805
Train,4.61238469461506,4.61245997917085
Train,4.71758596168047,4.71770899132211
Train,4.81820196999331,4.81821432950104
Train,4.91430499582718,4.9143802803203
Train,5.00640340298282,5.00626659241943
Train,2.12283645584247,2.12329849766756
Train,2.36007090439505,2.36012970455743
Train,2.58286729539039,2.58316985493914
Train,2.79225542179532,2.79194126142042
Train,2.98988040521396,2.98994210848083
Train,3.17648371349875,3.17634325104299
Train,3.35296236216991,3.35313693051708
Train,3.52011859778538,3.51990617725931
Train,3.67848277949649,3.67835268262627
Train,3.82909036340494,3.82925086258476
Train,3.97232605035136,3.97232395915296
Train,4.10871816641636,4.10804811921708
Train,4.23859009636088,4.23831537809318
Train,4.36269545702973,4.36289981378203
Train,4.48126764986463,4.48128857317483
Train,4.59466864550904,4.59455945691328
Train,4.70322951570088,4.70314265703457
Train,4.80712884133085,4.8069463151945
Train,4.90689988168367,4.90700088436791
Train,5.00266867204802,5.00242035300361
Train,3.4258078853734,3.42681735816681
Train,3.46669307564727,3.4672303552804
Train,3.50726152086697,3.50767879804199
Train,3.54715024630265,3.5467339367557
Train,3.58655544907872,3.58722472390586
Train,3.62566418507938,3.62572211094063
Train,3.66412622032491,3.66385083719402
Train,3.70230445245403,3.70262699247888
Train,3.73985678163678,3.73990338591695
Train,3.77696732230424,3.77671372127098
Train,3.8138118482927,3.81434665679721
Train,3.85005993548612,3.85006781582316
Train,3.8858889841592,3.88561185523614
Train,3.92146848965713,3.92145379264391
Train,3.95647912068525,3.95683638560797
Train,3.99125052323192,3.99115008730248
Train,4.02547046154487,4.02573085404686
Train,4.0593059390152,4.05907506690606
Train,4.09291671518999,4.09282963873934
Train,4.12600075798107,4.12671678593182
Train,3.80635286570417,3.80621236191727
Train,3.88803823971042,3.88704668909695
Train,3.96720059662091,3.96819638113248
Train,4.04411655704676,4.04466480167748
Train,4.11856652379885,4.11832554027203
Train,4.19081884417673,4.19155714927083
Train,4.26096940951611,4.26090259223869
Train,4.32910861234492,4.32891101326004
Train,4.39546121217612,4.39550164054421
Train,4.45982492227979,4.46007303406095
Train,4.52241933920705,4.52171343170394
Train,4.58331642795063,4.58311229722551
Train,4.64270924600566,4.6423475409399
Train,4.70040914821605,4.70030352944855
Train,4.75660563733541,4.75663995990927
Train,4.81135671649584,4.81119701784685
Train,4.8647174429583,4.86461724232222
Train,4.91684987569653,4.91644274688953
Train,4.96758149327971,4.96737117690954
Train,5.01707213255279,5.01649812687563
Train,2.11989751072107,2.12080564491759
Train,2.35242041142136,2.35210476042579
Train,2.57161454849247,2.5716582127144
Train,2.77837437334599,2.77834492401326
Train,2.97414429498144,2.97401577748499
Train,3.15958043294359,3.15952371327988
Train,3.33547995637601,3.3356433131667
Train,3.50256009628174,3.50237783996344
Train,3.6612986784715,3.66161090225047
Train,3.81262745048163,3.81280983547365
Train,3.95689932860896,3.95746308853457
Train,4.09459669028098,4.09453751152674
Train,4.2260184974925,4.22626855699038
Train,4.3518527570029,4.35204492844649
Train,4.47231947569886,4.47246014059808
Train,4.58775491567232,4.58788681528489
Train,4.69846782566558,4.69862103147341
Train,4.80462850173758,4.8047870268286
Train,4.90673043199547,4.90694357958829
Train,5.00489673882123,5.00509978052567
Train,2.12610031651882,2.12645996863721
Train,2.35566929304389,2.35561685799262
Train,2.57269921923504,2.57275700375259
Train,2.77774545185462,2.77774113025969
Train,2.97219472666659,2.97210142468969
Train,3.1564477024956,3.15657950963395
Train,3.33166562328908,3.33169995532218
Train,3.4981351671716,3.49811194389732
Train,3.65666761488349,3.65683980107764
Train,3.80798179269646,3.80793901445241
Train,3.95224548285089,3.95231774440418
Train,4.09024016583838,4.09054129450501
Train,4.22207832124006,4.22320239525922
Train,4.34830030118167,4.350248066835
Train,4.46938937073266,4.47013243922906
Train,4.58539909567401,4.58630095594313
Train,4.69688536710317,4.69739946009709
Train,4.80387390334524,4.80485060887089
Train,4.90685601471269,4.9073289815063
Train,5.00583615499794,5.00634536892884
Train,3.12498922093813,3.12584093470167
Train,3.25775809046625,3.2579231245873
Train,3.38561382311721,3.38586941482637
Train,3.5088241819059,3.50915270171816
Train,3.62763781977791,3.62813588560026
Train,3.74213332437832,3.74261622340012
Train,3.85283645428167,3.85321789277784
Train,3.95978980346664,3.95997136735674
Train,4.06318072007727,4.0634372210817
Train,4.163184276214,4.16345773845867
Train,4.2599642572173,4.26013201447458
Train,4.35367405680106,4.35424411133444
Train,4.44445748832653,4.44454566053054
Train,4.53244952124125,4.53283276150222
Train,4.61777695061478,4.61801754066776
Train,4.70044850677974,4.70056805538726
Train,4.7808006351125,4.78094151015769
Train,4.8588251926334,4.85894879191354
Train,4.93462187004641,4.9346369587167
Train,5.00828474513783,5.00825981165974
Train,4.42390794963588,4.42300864073586
Train,4.46697631783282,4.4666346387929
Train,4.50925459024382,4.50813918879931
Train,4.55076431089625,4.54994558138752
Train,4.59152624760039,4.59160453160282
Train,4.63143643314661,4.6308815370446
Train,4.67076435640498,4.67116773033117
Train,4.70940242199662,4.70870424132822
Train,4.74736862347034,4.74699676304885
Train,4.78468033400134,4.78428560524336
Train,4.82135433289893,4.8211368094977
Train,4.85740683076662,4.85749772934029
Train,4.89285349339383,4.89260690636822
Train,4.9277094644531,4.92789286575086
Train,4.96198938707212,4.96105622141828
Train,4.99560291635719,4.99540779632531
Train,5.02877446304548,5.02854966290517
Train,5.06141104680405,5.06149661325364
Train,5.09352550526689,5.09321891888414
Train,5.12513026857055,5.12466629682428
Train,3.88016110686573,3.88192550034681
Train,3.95536563569093,3.95603025050425
Train,4.02833756226135,4.02893249711293
Train,4.09917485156568,4.0995503607105
Train,4.16781139556268,4.16944880874371
Train,4.23465558184553,4.23517825303662
Train,4.29962651764113,4.30021861269163
Train,4.36280185916166,4.36324851143979
Train,4.42425502877288,4.4250354456056
Train,4.48405549965283,4.48450309016227
Train,4.54213484531608,4.54215367365242
Train,4.59882732288789,4.59941102363278
Train,4.65405421051519,4.65431872085871
Train,4.70787161469405,4.70855004502598
Train,4.76033281414033,4.76060243380342
Train,4.81148843572382,4.8117081521291
Train,4.86127146244878,4.86162933012208
Train,4.90996078374859,4.91015630558069
Train,4.95748196854741,4.95750844967247
Train,5.00387655679908,5.00370837932244
Train,2.12769317906464,2.12792195951155
Train,2.36390161415898,2.36372516298199
Train,2.58562185762895,2.58546300200903
Train,2.79464475158075,2.7949754418458
Train,2.99179519351995,2.99201377516362
Train,3.17805677825856,3.17773846940092
Train,3.35409691643887,3.35464368816708
Train,3.52113335560815,3.52100276340968
Train,3.67964974095875,3.67996009917346
Train,3.83028173636688,3.83018753827606
Train,3.97343171348775,3.97312794651885
Train,4.10997046470525,4.10993015136509
Train,4.24018928780956,4.24014004528357
Train,4.36451705028823,4.36482993681503
Train,4.4832020946795,4.48314916488289
Train,4.59689276717836,4.59701876581416
Train,4.70576682712876,4.70539197007359
Train,4.81012401562257,4.81043942073662
Train,4.9101193604267,4.91011639365338
Train,5.0062517405904,5.00610717025202
Train,2.12650841334914,2.12674839326937
Train,2.36434938779084,2.36418278828497
Train,2.58759476286287,2.58720100316081
Train,2.79733935638551,2.7969699831352
Train,2.99516529710068,2.99474956334298
Train,3.18187422137519,3.1813315689878
Train,3.35837761522866,3.35811093017418
Train,3.52548997165255,3.52490027182882
Train,3.68378321289555,3.6836486068945
Train,3.83423782109083,3.83391733761889
Train,3.97727881422506,3.97700062822724
Train,4.11344097288535,4.11329382466281
Train,4.243079010143,4.243064944926
Train,4.36689858265792,4.36639895659606
Train,4.48516417688475,4.48494629674543
Train,4.59824128467914,4.59802923376637
Train,4.70646401692559,4.70620517067255
Train,4.81003440688476,4.81008650558184
Train,4.90944551216138,4.90947068877311
Train,5.00484702838629,5.00436432932076
Train,2.13783291267389,2.13785641834707
Train,2.37395814931301,2.37364101109781
Train,2.5960497672077,2.59583509834025
Train,2.80488507339801,2.80438542062068
Train,3.00182261398242,3.00132350548535
Train,3.1880461009014,3.18671999040597
Train,3.36403695641809,3.36364791980232
Train,3.53096607137094,3.53101154520097
Train,3.6891828863548,3.68869674458028
Train,3.83950998918753,3.83956605576261
Train,3.9826736898442,3.98335640946886
Train,4.11888698121908,4.11905151664097
Train,4.24878067232548,4.24905017851127
Train,4.37291532114759,4.3711752873126
Train,4.49141543921868,4.49194409517479
Train,4.60489522090665,4.60498247867329
Train,4.71343769892355,4.71398113377441
Train,4.81746794767962,4.81744746937597
Train,4.91736706323598,4.91681754025282
Train,5.01317359845264,5.01290103095521
Train,2.12973519737458,2.13233249947761
Train,2.34693223809566,2.34764387263412
Train,2.5537827245844,2.55480391514468
Train,2.75100877109727,2.75171114546669
Train,2.93926682188742,2.94077826855094
Train,3.11894251808914,3.11973725111254
Train,3.29101591273333,3.29211675705532
Train,3.45576441896453,3.45700162236202
Train,3.61364600247671,3.61422164796355
Train,3.76508123119673,3.76551317513382
Train,3.91045701631707,3.91143528568022
Train,4.05012991306222,4.0504929953987
Train,4.18442904047433,4.1853619342189
Train,4.31365867055238,4.31454434878641
Train,4.43810052961983,4.43925080914366
Train,4.55787365416001,4.55859708263435
Train,4.67351003348212,4.67413187124022
Train,4.78508771463573,4.78525098344008
Train,4.89281669543899,4.8929387997666
Train,4.99689273222612,4.99695999232244
Train,2.12944251813937,2.12993517068211
Train,2.36258742963163,2.36278882559371
Train,2.58217601405236,2.58150227301254
Train,2.78935722718863,2.79017609486559
Train,2.98494380580783,2.98525798529439
Train,3.17028002028445,3.17029072774819
Train,3.34596214273818,3.34601408698219
Train,3.51272534272185,3.51260948647061
Train,3.67123199237962,3.6715314677025
Train,3.82208045938805,3.82203515289018
Train,3.96565791946239,3.96587702815556
Train,4.10277285462389,4.10245438472692
Train,4.23371064372566,4.23374751691247
Train,4.35887951977772,4.35889116491758
Train,4.47865251894029,4.47888092124551
Train,4.59337119372083,4.593402617857
Train,4.70323011432451,4.70325860978041
Train,4.80875949195975,4.80877827336849
Train,4.91010062783055,4.91007824568507
Train,5.00749800435924,5.00708469290146
Train,2.13127603328011,2.13126846492817
Train,2.36007196669116,2.3602536240962
Train,2.57639609124244,2.57642205051942
Train,2.7807862072374,2.78075308814575
Train,2.97441846338933,2.97459647605332
Train,3.15812042375489,3.15813398589125
Train,3.3328313478764,3.33279356321159
Train,3.49882509191766,3.49881973556164
Train,3.65691426441176,3.65680379779966
Train,3.80765035442331,3.80773198973728
Train,3.95169541278685,3.95163746618942
Train,4.08917776891722,4.08925678532919
Train,4.22068270555645,4.22054038568793
Train,4.34659175548018,4.34649304079444
Train,4.46738968179708,4.46714577040099
Train,4.58312216995324,4.58310042433505
Train,4.69422551729655,4.69405120163172
Train,4.80097201707506,4.80087143129783
Train,4.90372806329322,4.9035801232987
Train,5.00249164357716,5.00214239220618
Train,3.74212698727728,3.74133864457233
Train,3.82795253145181,3.82632349621099
Train,3.91111746774402,3.91195538511505
Train,3.99174362677898,3.99135464066623
Train,4.06980286768288,4.06966692246578
Train,4.14569239525475,4.14404056814179
Train,4.21936661936617,4.21946605089551
Train,4.29092114552115,4.29044792295811
Train,4.36044615586632,4.36101354989937
Train,4.42802678837315,4.42714330296305
Train,4.49362346226042,4.49343178296073
Train,4.55755553008452,4.5573313437731
Train,4.61977157804481,4.62015772572084
Train,4.68033978149179,4.67938733055747
Train,4.73932475161255,4.73927762249775
Train,4.79678776534111,4.79688387498675
Train,4.85268459388378,4.85242363064339
Train,4.90727779343434,4.9071314274587
Train,4.96051481179055,4.96048925261933
Train,5.01244556349468,5.01179653454025
Train,2.06775960739239,2.06896503002647
Train,2.33537302512907,2.33559045021296
Train,2.58183561670268,2.58177984173269
Train,2.80905400802637,2.80947757949599
Train,3.01943123996932,3.01963597559522
Train,3.21477277353868,3.21443183006758
Train,3.39683788380617,3.39723397190077
Train,3.56655596424399,3.56659316265445
Train,3.72531913927744,3.72507243155534
Train,3.87415491757298,3.87427592954668
Train,4.01412292998609,4.01421062641133
Train,4.14569727085948,4.14566441854529
Train,4.26975007183713,4.26974076829637
Train,4.38690837155735,4.38682211102828
Train,4.49785604627757,4.49805479514894
Train,4.60283765460804,4.60281784417809
Train,4.7024338187161,4.70265549564422
Train,4.79704857653756,4.79707898904544
Train,4.88714803790167,4.88729692606745
Train,4.97285429252283,4.9731402185477
Train,2.82556355354427,2.82597695428748
Train,2.98792999332475,2.98814887155863
Train,3.14289600246491,3.14291860140775
Train,3.29095625920367,3.29114291420944
Train,3.43256231402501,3.43275094808827
Train,3.56812718943482,3.5680984592063
Train,3.69802940332793,3.69817665177099
Train,3.82261649849118,3.82277908080816
Train,3.94220814754943,3.94219293174712
Train,4.05709889176424,4.05721993538353
Train,4.16769251188528,4.16775666932792
Train,4.27397143696865,4.27407628989245
Train,4.37630544764867,4.37627618489079
Train,4.47491018573962,4.47510809335077
Train,4.56998585740224,4.57007700401759
Train,4.66171858996953,4.66165479656297
Train,4.75028164812387,4.75042002860212
Train,4.83583652614616,4.83597987900406
Train,4.9185339307239,4.91838079356442
Train,4.99851466690141,4.99870678923812
Train,2.12618448920161,2.12339602451749
Train,2.36018367315486,2.35991549967449
Train,2.58041070802632,2.57843864114614
Train,2.78804668782429,2.78660873196954
Train,2.98435252379794,2.98244642623736
Train,3.16983096420754,3.16837026179193
Train,3.34554291288489,3.34456332615405
Train,3.5122399734953,3.51077293953875
Train,3.67059855665392,3.66936337486792
Train,3.82122905370021,3.82012434330544
Train,3.9648387757476,3.96360583745934
Train,4.10161128164104,4.10029706800248
Train,4.23216455446367,4.23129222099645
Train,4.35691335979793,4.35673260888577
Train,4.47623638388567,4.47562636615308
Train,4.59048007318574,4.58975496345474
Train,4.70008070678024,4.69990944706359
Train,4.80508769499449,4.80465738937342
Train,4.90589312878991,4.9054244436332
Train,5.00274423197138,5.0019243562278
Train,2.01551279585143,2.01492145253004
Train,2.29286043451065,2.29227187488609
Train,2.55001516212107,2.54965261421261
Train,2.78910480283114,2.78870632670749
Train,3.01217090119193,3.01175549162759
Train,3.22039290160047,3.21992796678475
Train,3.41538216713398,3.41516456595817
Train,3.59836128159368,3.59789469725945
Train,3.77040672102396,3.77026773017399
Train,3.93247004672183,3.93325588434314
Train,4.08553531602062,4.0853838623031
Train,4.23006702167173,4.2299171288071
Train,4.36688454474247,4.3666924391375
Train,4.49658943279684,4.49636499052527
Train,4.61972227348993,4.61971535180529
Train,4.73677022574812,4.73668505340706
Train,4.84827573278228,4.84811241649389
Train,4.95442820875158,4.95443581903471
Train,5.05569703774393,5.05549293803775
Train,5.15241165704906,5.1522676809828
Train,2.32873264544486,2.32969815365475
Train,2.38449831992033,2.38506901748848
Train,2.43938170270433,2.44003552325305
Train,2.49340356810746,2.49341212516955
Train,2.54636139325193,2.54658990426059
Train,2.59872341108727,2.59876413948744
Train,2.65028237206533,2.6503433622606
Train,2.70105660987561,2.70096319946993
Train,2.75106390434794,2.75102127827409
Train,2.80032150221081,2.80151293577885
Train,2.84864290857491,2.84881320489992
Train,2.89645380998679,2.89645494754499
Train,2.94356368479989,2.94362498967205
Train,2.98998783898982,2.99065762691962
Train,3.03574113617102,3.03554341905948
Train,3.08083801346312,3.08156221185053
Train,3.12510625537951,3.12475017643764
Train,3.16893459849484,3.16943310577206
Train,3.21214736769743,3.21218985324529
Train,3.25475744125418,3.256718058784
Train,3.56004569290789,3.5602553452689
Train,3.63981717515835,3.63952106963235
Train,3.71704564595918,3.7172548081374
Train,3.79215805722753,3.7919830682964
Train,3.86509031487225,3.86514575612899
Train,3.93579079456096,3.935823429984
Train,4.00464221717891,4.00459444962469
Train,4.07144130508955,4.07151919779467
Train,4.13654506296769,4.13651265323811
Train,4.19988691351634,4.19997043786761
Train,4.26141096190037,4.26110642442547
Train,4.32144029626708,4.32175129928093
Train,4.3799083869084,4.37986512525901
Train,4.4367584420021,4.43683603733453
Train,4.49228431814828,4.4922803219444
Train,4.54630912005329,4.54637049023036
Train,4.59910940874723,4.59891215583623
Train,4.6506202378172,4.65074912225435
Train,4.7007850239268,4.70074900235532
Train,4.74985715319459,4.74981027696199
Train,2.2572648626249,2.25924912030159
Train,2.34607341327384,2.34587573745573
Train,2.43309478178628,2.43350535894215
Train,2.51785910581673,2.51901044844243
Train,2.60096223625691,2.60062484369987
Train,2.68195242850527,2.68255194751263
Train,2.76139612129789,2.76413500288293
Train,2.8388587499106,2.83857600292912
Train,2.91464596919438,2.91483142283956
Train,2.98904011874727,2.98937339889205
Train,3.06163075024979,3.06276087786699
Train,3.13291980817609,3.13322606208619
Train,3.20251191030356,3.20262161780791
Train,3.27067613539832,3.27198732322483
Train,3.33766190039194,3.33722017963083
Train,3.40309500042276,3.40375876436724
Train,3.46742347237164,3.46752220356516
Train,3.53028636105219,3.53083981534509
Train,3.59211258131978,3.59261474738265
Train,3.65255377507985,3.65220165885082
Train,2.12990039761091,2.13087447728356
Train,2.35479666087574,2.35461256544908
Train,2.56764181330797,2.56806663468314
Train,2.76978336194458,2.76999564175873
Train,2.96181638017785,2.9626159965983
Train,3.14429765023518,3.14455056388802
Train,3.31827101272817,3.31875498838531
Train,3.48415131556952,3.48425488984726
Train,3.6423315689734,3.64244279677553
Train,3.79363932600679,3.79385671567162
Train,3.93836736880642,3.93847883497745
Train,4.07693574886826,4.07715074030107
Train,4.20959600713684,4.20971656473217
Train,4.3369741436038,4.33712218363154
Train,4.45925625469796,4.45934420232158
Train,4.57662389961421,4.57670457790361
Train,4.68959485291794,4.68975970250872
Train,4.7983019584441,4.79848945553017
Train,4.9028766539762,4.90274909166835
Train,5.00375340276404,5.00384299266472
Train,2.12842946653502,2.12796969260238
Train,2.35910033691548,2.35896315342511
Train,2.57687133472544,2.57675066466268
Train,2.78239793936068,2.78236494441717
Train,2.97687224821104,2.97651858850812
Train,3.16134064482579,3.16124744600272
Train,3.33621728887425,3.33619234076981
Train,3.50255292155652,3.50204698565461
Train,3.66065175353165,3.66054891502525
Train,3.81125662124315,3.8110294508909
Train,3.95502734303515,3.95491135753041
Train,4.09215241056984,4.09195945544709
Train,4.22320927731757,4.22302284546662
Train,4.34871384122617,4.34824465083892
Train,4.46877805243446,4.46875783543408
Train,4.58397180285985,4.5839397056105
Train,4.69437060253124,4.69395305132065
Train,4.80037074780407,4.80039095828273
Train,4.90232916285204,4.90238854210736
Train,5.00028173544128,4.99997897702002
Train,2.12784567274977,2.12926572586975
Train,2.35484616147948,2.35573875732815
Train,2.56933435091723,2.5683802888315
Train,2.7727449088423,2.77253628049414
Train,2.96571083793611,2.96366709001291
Train,3.14901646046436,3.1493450986771
Train,3.32318559480437,3.32223814143514
Train,3.48923491637245,3.4886951698689
Train,3.64755187676198,3.64765377545939
Train,3.79866429193418,3.80009062384809
Train,3.94290038097987,3.94387806842998
Train,4.08101095571973,4.08212507498393
Train,4.21323798880881,4.2134033914465
Train,4.3399495995671,4.34095447459603
Train,4.46135511794328,4.46077415149855
Train,4.57802802580031,4.57920404765129
Train,4.69012076815346,4.69088237246915
Train,4.7978978547793,4.79780130599937
Train,4.90149381316999,4.9013267594104
Train,5.00135907815631,5.00093220704669
Train,2.4198740384319,2.41916917688664
Train,2.50139218192443,2.50137315010926
Train,2.58136051570873,2.58153133769421
Train,2.65937707085773,2.65693657498515
Train,2.73572919864248,2.73494115376437
Train,2.8106827113128,2.81064517394929
Train,2.88385745996966,2.88312097656841
Train,2.95572391030835,2.95576500098825
Train,3.02591557102342,3.02544115009289
Train,3.09468565130097,3.09488860940024
Train,3.16226916336365,3.16047945951183
Train,3.22831884874349,3.22775477758254
Train,3.29307031720138,3.29275437901388
Train,3.35674265710888,3.35589646262588
Train,3.41900646226232,3.41862808008859
Train,3.48025586699971,3.480480127245
Train,3.54017266275737,3.53985100451217
Train,3.59896700316905,3.59921119589035
Train,3.65683488080912,3.65650140349936
Train,3.7134738918094,3.71218943143857
Train,2.42854043178117,2.42786434012085
Train,2.53900746604855,2.53952580087165
Train,2.64680584840788,2.64571881459903
Train,2.75158750287432,2.75195758827917
Train,2.85369247863248,2.8537542315602
Train,2.95343247890253,2.95275006587849
Train,3.05047765717715,3.05040024582664
Train,3.14533553120596,3.14546136738429
Train,3.23768791127301,3.23769289152693
Train,3.32782285607784,3.32796022969025
Train,3.4160054702483,3.41578179697151
Train,3.50193425021025,3.50176677386586
Train,3.58587160353833,3.58590961655042
Train,3.6680595687953,3.66729568348576
Train,3.74821236356141,3.7483960643187
Train,3.82673594672038,3.82632758678845
Train,3.9033544889321,3.90336940916557
Train,3.97829469540439,3.9779321425372
Train,4.05176640483454,4.05164735904567
Train,4.12350793647515,4.12254846979316
Train,3.74139660136355,3.74168319153266
Train,3.82753447976949,3.82720110799646
Train,3.91080843698549,3.91149248928759
Train,3.99166296106769,3.99132577958419
Train,4.07005395917321,4.07054950503349
Train,4.14594912086399,4.14600577597585
Train,4.21974341463277,4.21913048470541
Train,4.29125251104537,4.29108507707196
Train,4.36084287761804,4.36096277189404
Train,4.42846289161257,4.42858671125977
Train,4.49407113470028,4.49433080062241
Train,4.55799682903202,4.55767559220888
Train,4.62018625108409,4.62063506457171
Train,4.68059501580697,4.68020695276674
Train,4.73952057163948,4.73994419935907
Train,4.79679997804304,4.79663866919258
Train,4.85271203185112,4.85294692894207
Train,4.907201961366,4.90715331690003
Train,4.96022304544931,4.95989902998298
Train,5.01202926980227,5.01210021908765
Train,2.88911557643573,2.88978961386003
Train,3.05962748130459,3.05968192429658
Train,3.22047308152307,3.22054425971799
Train,3.3720631289335,3.37241344057562
Train,3.51554106395864,3.51551458364018
Train,3.65119283043496,3.65218376909198
Train,3.77997154483437,3.7797429118659
Train,3.90207275902964,3.90239098553352
Train,4.01830075138574,4.01843081307531
Train,4.12878494634839,4.12937273699678
Train,4.2342115099948,4.23422275692446
Train,4.33466110413301,4.3347564750917
Train,4.43072491929808,4.43083637622304
Train,4.52244744600113,4.52273529164626
Train,4.61034258453423,4.61035280170206
Train,4.69442789027478,4.69482847810435
Train,4.7751536771242,4.77553177269304
Train,4.85251740939255,4.85235548619115
Train,4.92691656631781,4.92703131898252
Train,4.99833363775753,4.99847631258695
Train,2.11698502778085,2.11695415024881
Train,2.34789472361745,2.34784968152525
Train,2.56563727722163,2.56529563010644
Train,2.77174753904404,2.7720955127098
Train,2.96671592425451,2.96631340159046
Train,3.15181768197495,3.15198212429884
Train,3.32740680896714,3.327117023146
Train,3.4945559013555,3.49476934378872
Train,3.65351794601538,3.65328486300659
Train,3.80520503511604,3.8051407087058
Train,3.94979465214421,3.9493889601113
Train,4.08807009533258,4.08819155735489
Train,4.2201519681196,4.22008531239787
Train,4.3467189871561,4.34662356519816
Train,4.46784863765661,4.46786572195474
Train,4.58413379296975,4.58394729133377
Train,4.69561909861594,4.6955668793654
Train,4.80282626612044,4.80281228245159
Train,4.90577485144478,4.90567040010577
Train,5.00492703790887,5.00476814313945
Train,2.0285747208774,2.02933459204863
Train,2.34161043339605,2.34146966946894
Train,2.62161281605078,2.62155920086829
Train,2.87402753936587,2.87380898988885
Train,3.10230512409291,3.10216294482892
Train,3.3101459755133,3.30996675939462
Train,3.49981375741039,3.4996581481713
Train,3.67392536081534,3.67377436898904
Train,3.83401158731738,3.83391353331218
Train,3.98198565608937,3.98182157152265
Train,4.11890814455753,4.11870577802689
Train,4.2462177259299,4.24610248031026
Train,4.36466349270322,4.36452159319351
Train,4.47535367181874,4.47521457315988
Train,4.57882541247595,4.57861455780648
Train,4.67595040343839,4.67588988252649
Train,4.76711825971212,4.76694108925446
Train,4.85302723982855,4.85289906247301
Train,4.93396224152703,4.93390102414931
Train,5.01049165501075,5.01010245642238
Train,3.83998478964401,3.83964207137825
Train,3.91735431805658,3.91737383359039
Train,3.99249765536527,3.99231314601352
Train,4.06565404850459,4.06566703300109
Train,4.13661985190469,4.13666486231742
Train,4.20562825988225,4.20569096748691
Train,4.27275915477953,4.27192304078137
Train,4.338088130555,4.33785436567733
Train,4.40181279025241,4.40226820862192
Train,4.46374568120263,4.46321372335513
Train,4.52408056070796,4.52442290733323
Train,4.58287848958547,4.58258114832273
Train,4.64031110479769,4.64052051294784
Train,4.69620341304164,4.69635387484245
Train,4.75072437417168,4.75068381977954
Train,4.80392384661809,4.80394375712133
Train,4.85584930079682,4.85573154341515
Train,4.90664655398535,4.90623889385053
Train,4.95615518841342,4.95626915241716
Train,5.00451933239256,5.00435132752722
Train,3.8413016720303,3.84094883688153
Train,3.91877116735842,3.9182532485795
Train,3.99385238120107,3.9936570090487
Train,4.06693453708367,4.06706559229666
Train,4.13795952610887,4.13784338996476
Train,4.20688026002873,4.20667272098332
Train,4.27404679753858,4.27402781330555
Train,4.33939923224341,4.33935263210181
Train,4.40288773185486,4.40238712217608
Train,4.4648288925544,4.46446518509449
Train,4.52516218105871,4.52503863556306
Train,4.58394940107347,4.58375998521987
Train,4.64113894360831,4.64092800423251
Train,4.69700986172568,4.69688134648654
Train,4.75150202410989,4.75102259830186
Train,4.80456347262778,4.80463735622101
Train,4.85644938898578,4.8564553244917
Train,4.90710056535766,4.90673019087686
Train,4.95646527679404,4.95653722313826
Train,5.004777820559,5.00411977619122
Train,2.53021971250433,2.53082636644488
Train,2.76895151406682,2.76926498559212
Train,2.98635448432316,2.98641630986653
Train,3.18553741246981,3.18566653261732
Train,3.36852679966304,3.36877839381605
Train,3.53706183927051,3.5371355904998
Train,3.69308345281889,3.69320450228601
Train,3.83766253096543,3.83796427932102
Train,3.97226711670387,3.97229856374773
Train,4.09777628737314,4.09788229082439
Train,4.21497087460185,4.21510558865514
Train,4.32485850597542,4.32496784646378
Train,4.42800401903014,4.42818449006173
Train,4.52491743115182,4.52498718790254
Train,4.61632041254969,4.61660722239194
Train,4.70250591207801,4.70261452359944
Train,4.78406325604814,4.78416326771163
Train,4.86128191328156,4.86137551309728
Train,4.93442940909931,4.9344989369861
Train,5.00395183231247,5.00402976415406
Train,2.1256789941219,2.1253449259313
Train,2.34147672774837,2.34128345561392
Train,2.54717971470107,2.54706750253675
Train,2.74388678450879,2.74297198294707
Train,2.93198044309296,2.93137219574251
Train,3.11201431559259,3.11154063474662
Train,3.28431688145789,3.28379385302472
Train,3.44971829454415,3.44942034925462
Train,3.60846017031838,3.60810618418253
Train,3.76093676996648,3.7606873651117
Train,3.90735972793643,3.90694627074134
Train,4.04837509909494,4.04821430280106
Train,4.18413580889384,4.18392656850031
Train,4.31493019219789,4.31474945625195
Train,4.44089482707496,4.44050074632073
Train,4.56254510741394,4.56237818716227
Train,4.67997665125368,4.67998631117758
Train,4.79340517192868,4.7931590928829
Train,4.90291785763055,4.9030433072146
Train,5.00893455248677,5.00839863240913
Train,2.12234235156832,2.12493765670642
Train,2.33432837449666,2.33364015715386
Train,2.53734969957332,2.53817463618007
Train,2.73155234538943,2.73217903593197
Train,2.9176952191061,2.91964089569772
Train,3.09645878478206,3.09725999106561
Train,3.26791011726104,3.26761259922561
Train,3.4326630441845,3.43396478803158
Train,3.59127041195518,3.5911725030601
Train,3.74374640473846,3.74308780616689
Train,3.89059522592537,3.89157149654277
Train,4.03212274015086,4.03262924137207
Train,4.16875781139799,4.16992978461197
Train,4.30047010063914,4.30026804105617
Train,4.42765571561123,4.42855579797316
Train,4.55067453693822,4.55080661014709
Train,4.66947550784439,4.66976196819178
Train,4.78439377206992,4.78429986155871
Train,4.89573479151293,4.89557520016719
Train,5.00343392980118,5.00338917850587
Train,2.12151842484861,2.12172316710783
Train,2.3483905995244,2.34881814741932
Train,2.56309847992403,2.56383918298261
Train,2.76659484975689,2.76745206199752
Train,2.95991426868961,2.96069379303325
Train,3.14346135033684,3.14428822270543
Train,3.31812044395086,3.31886724132569
Train,3.48452186933008,3.48497409236182
Train,3.64323772118086,3.6435685729626
Train,3.79478844046019,3.79539046379042
Train,3.9397830447989,3.93969234429069
Train,4.07838022499195,4.07847245204758
Train,4.21111745932066,4.21133200084509
Train,4.33835869524785,4.33892897883101
Train,4.46043835296429,4.46061357298826
Train,4.57766426031683,4.57757313811205
Train,4.69042514292907,4.69046191975926
Train,4.79876935204435,4.79884506401058
Train,4.90304843110461,4.90304564853997
Train,5.00348695564886,5.00355167507722
Train,1.50644750280794,1.50849649210114
Train,1.62208970787843,1.6219402825904
Train,1.73435267572872,1.7344696043413
Train,1.84338239289296,1.8424343136279
Train,1.94931655625397,1.95011692626619
Train,2.05253769994081,2.05263998042497
Train,2.15265661642001,2.15309353186462
Train,2.25004917866215,2.24918579803948
Train,2.34482525345006,2.34543868560375
Train,2.43708888258762,2.43696573368941
Train,2.52693866388988,2.52765340961051
Train,2.61446810265634,2.61347195071275
Train,2.6997659362613,2.70062505779548
Train,2.78291643422989,2.78226523341469
Train,2.86399967593308,2.86427360812749
Train,2.9432861327958,2.94243798079358
Train,3.02045492155443,3.02082165247174
Train,3.09577419901031,3.09563893073593
Train,3.16930966890538,3.16887245047593
Train,3.24112395924308,3.24068172106926
Train,2.11507480032924,2.1158059537798
Train,2.28057692284563,2.28076127014241
Train,2.43949489392366,2.43971116711826
Train,2.59249640756329,2.59266988347164
Train,2.73963347605055,2.73995367877148
Train,2.8814990106399,2.881723485908
Train,3.0181182667804,3.01836920910684
Train,3.15002081423819,3.15038094872404
Train,3.2773288183394,3.27754109012799
Train,3.40016443968929,3.40036323989346
Train,3.51897912727278,3.51920507150137
Train,3.63375421639971,3.63399211905616
Train,3.74489804107146,3.7450878704447
Train,3.85248042892122,3.85273059936592
Train,3.95657330072061,3.95675075403667
Train,4.05753077339021,4.05760898440108
Train,4.15531078314181,4.15561571194877
Train,4.25023697135582,4.25028366342283
Train,4.34226146635304,4.34247343530424
Train,4.43168113773658,4.43201002497333
Train,-2.35092337062336,-2.35075033030819
Train,-2.12971461454833,-2.13022983931536
Train,-1.91459454437282,-1.91432240818072
Train,-1.70531518963749,-1.70445977464756
Train,-1.50164186480364,-1.50224905652993
Train,-1.30335229134357,-1.30294574973274
Train,-1.1102357885409,-1.11063178671402
Train,-0.922092526807722,-0.92221664606424
Train,-0.738732837955355,-0.738573458206335
Train,-0.55997657741414,-0.559585561665417
Train,-0.385243607971775,-0.385258596704613
Train,-0.21519891008935,-0.215593848731972
Train,-0.0492682992833693,-0.0490118890217581
Train,0.112695745142354,0.112312495865207
Train,0.270833774232827,0.271712040239918
Train,0.425279776180655,0.42500486884239
Train,0.576161554961111,0.576260732518196
Train,0.723601083052447,0.72394602014209
Train,0.867714830287349,0.866889922127415
Train,1.00861407069894,1.00867785838912
Train,2.82455408199376,2.82441821845558
Train,2.98964563638818,2.98987082923159
Train,3.14673665638075,3.14651133873634
Train,3.29673425362447,3.29701993952864
Train,3.43994580343475,3.43961080107032
Train,3.57666653071268,3.57697653123329
Train,3.7076246190961,3.70745279949031
Train,3.83289215517622,3.83245136139946
Train,3.95310475024759,3.95337598134285
Train,4.06843118382072,4.06837944070404
Train,4.17903766857006,4.1788714489666
Train,4.28544974735908,4.28560512139278
Train,4.38778506079614,4.38793868757142
Train,4.48616150289017,4.4861156774899
Train,4.5810200400195,4.58116451366602
Train,4.67233784312079,4.67234082989464
Train,4.76051006172916,4.76053121688893
Train,4.84559943555379,4.84554522281756
Train,4.92767129396024,4.92752949250625
Train,5.00706408970801,5.0068436150011
Train,2.12639289157931,2.12560371733129
Train,2.34908337291617,2.34905838943202
Train,2.56031288618356,2.55969324763877
Train,2.76134265872727,2.76141438882079
Train,2.9527037789803,2.95216219997593
Train,3.13489622142483,3.13414948617006
Train,3.30890919060546,3.3079894670928
Train,3.47495058616417,3.47494059887936
Train,3.63387193050624,3.63347713993669
Train,3.78596994998897,3.78582044844556
Train,3.93152973800508,3.93074597772455
Train,4.07124221730126,4.07077792472389
Train,4.20531894425078,4.20411302949106
Train,4.33396576648384,4.33355822774956
Train,4.45775278579726,4.45749371373473
Train,4.57671242593098,4.57624594974728
Train,4.69135039128198,4.68984657312583
Train,4.80178752794454,4.80098962370188
Train,4.90814422853262,4.90793696845672
Train,5.01084765387236,5.01017683317255
Train,2.12007856582921,2.12104213960427
Train,2.34243320221836,2.34510378366211
Train,2.55358639444492,2.55425657308419
Train,2.75436378016118,2.75517022856308
Train,2.94551180118739,2.94663569945011
Train,3.1278793841406,3.12789089745067
Train,3.30172851121384,3.30145272238117
Train,3.46779950793909,3.46812165424752
Train,3.62660295094828,3.62618419802428
Train,3.77860568630502,3.77871269926216
Train,3.92423541322608,3.92415817234724
Train,4.06388470309687,4.06403969688005
Train,4.19791453331384,4.19773864293231
Train,4.32665740293744,4.32689084813172
Train,4.45042008677481,4.4501701584779
Train,4.56959925868044,4.56987072746218
Train,4.68422675243362,4.68422165297016
Train,4.79466334310539,4.79480241840884
Train,4.9011347404128,4.90099089859747
Train,5.00385073183236,5.00424122496548
Train,1.82145424255091,1.8218744807895
Train,1.9003363174597,1.90066566578537
Train,1.9776991889143,1.97764520181279
Train,2.05402941585559,2.05417296026311
Train,2.12890966337589,2.12857634710238
Train,2.2028098984058,2.20330737402106
Train,2.27532513644714,2.27485406731421
Train,2.34690959879145,2.34698831640418
Train,2.41717012809494,2.41671713903422
Train,2.48654598917055,2.48721829432612
Train,2.55465535654564,2.5547911705913
Train,2.6219232752941,2.62219003998812
Train,2.68797878276292,2.68734473884912
Train,2.75323339291977,2.75313984001036
Train,2.81732656148809,2.81765530152227
Train,2.88065691574832,2.88097333977324
Train,2.94287390845139,2.94245491969915
Train,3.00436388391471,3.00426718327476
Train,3.06478589225009,3.06561346561946
Train,3.12451456102766,3.12392225194367
Train,1.81901523993668,1.81881640848217
Train,1.89812677768063,1.89797623752001
Train,1.97571171263014,1.9754424309625
Train,2.052270255216,2.05250260593058
Train,2.12737149670813,2.12755101263536
Train,2.20149866077354,2.20084439297581
Train,2.27423359221494,2.27431454222832
Train,2.346043390677,2.34648582733066
Train,2.41673337978685,2.41636198060453
Train,2.4861215404836,2.48605146622989
Train,2.55465226736227,2.55451741976549
Train,2.62193699294537,2.62184186455308
Train,2.68840590162665,2.68835571043233
Train,2.75387713510043,2.75375133677924
Train,2.81818016630319,2.81770193595905
Train,2.88172511531986,2.88228077026977
Train,2.94415004660397,2.94370572971065
Train,3.00585248984949,3.00548389568431
Train,3.06648041642699,3.06694092591987
Train,3.12641934376298,3.12579491531639
Train,-0.008591696,-0.00853057772810062
Train,-0.595243713,-0.595087322058094
Train,-1.172871245,-1.17229859362456
Train,-1.741680939,-1.74146698431257
Train,-2.301873179,-2.30157572053016
Train,-2.853642325,-2.85358655789718
Train,-3.397176934,-3.39709975779521
Train,-3.932659979,-3.93271937319436
Train,-4.460269049,-4.4602138991137
Train,-4.980176551,-4.98030996519521
Train,-5.492549894,-5.4927531149082
Train,-5.997551669,-5.99771888995233
Train,-6.495339825,-6.49566475143366
Train,-6.986067826,-6.98639605343285
Train,-7.469884819,-7.46974071160743
Train,-7.946935775,-7.94688159393162
Train,-8.417361639,-8.41764329250218
Train,-8.881299472,-8.88129766153939
Train,-9.338882575,-9.33945877314946
Train,-9.790240625,-9.78897434798124
Train,0.304775769,0.303430235017305
Train,-0.306968618,-0.306524032802294
Train,-0.895768706,-0.896312256685906
Train,-1.46289157,-1.46267904475464
Train,-2.009512672,-2.00930959083251
Train,-2.536723998,-2.53750767189468
Train,-3.045541335,-3.04431978898773
Train,-3.536910807,-3.53692816899746
Train,-4.011714742,-4.01208698987014
Train,-4.470776965,-4.46898484196972
Train,-4.914867564,-4.91534225664837
Train,-5.344707203,-5.34416241859855
Train,-5.760971024,-5.76044042259471
Train,-6.164292185,-6.16441361264756
Train,-6.555265073,-6.553309216802
Train,-6.93444823,-6.93614754271627
Train,-7.30236701,-7.30107987287275
Train,-7.659516014,-7.65986508754486
Train,-8.0063613,-8.00610793882024
Train,-8.343342422,-8.34177205059699
