Dataset,log10(VaporPressure)[Pa],PredictedValues
Train,3.98175463770349,3.98164559622481
Train,4.04932305858101,4.04891590006835
Train,4.11477137842338,4.11471481239667
Train,4.17860035723072,4.17910136852541
Train,4.24067221089411,4.24074131319893
Train,4.30086758489531,4.30017828466615
Train,4.35964114957729,4.35965126035106
Train,4.4166798729731,4.41677285596623
Train,4.4724112241305,4.47162180371768
Train,4.52670703628025,4.52674766174121
Train,4.57945461972669,4.57887005449109
Train,4.63104506247912,4.6313099544316
Train,4.68135601189175,4.68111745538434
Train,4.73027910181263,4.73089532262773
Train,4.77817357460061,4.77784554951021
Train,4.82477472651115,4.82428268686297
Train,4.87042273192382,4.87047593076958
Train,4.9150046382442,4.91486500095587
Train,4.95841937623246,4.95778908847959
Train,5.00098128055359,5.00039966069406
Train,4.30010560133218,4.30076278000732
Train,4.34427184483812,4.34446619513281
Train,4.38778768455022,4.38789119326637
Train,4.43030624680307,4.42989812063414
Train,4.47203699184417,4.47252528711059
Train,4.51317506335072,4.51401166387612
Train,4.55339132856532,4.5531897305448
Train,4.59304985209152,4.59295860281807
Train,4.63183261108566,4.63288799389219
Train,4.66992863791146,4.66945345101365
Train,4.70751454903432,4.70771469885611
Train,4.74428797613294,4.74458883281867
Train,4.78042712158626,4.78050224868301
Train,4.81609875182695,4.81594698740472
Train,4.85101505180784,4.85106524290703
Train,4.88548978014872,4.88565202250564
Train,4.9192442673934,4.91917127313744
Train,4.9524406518283,4.95228951066045
Train,4.98523105115627,4.98524533341359
Train,5.01734972614166,5.01712664801406
Train,2.40723462755712,2.40560147503519
Train,2.56513503874003,2.56472548277478
Train,2.71499584705765,2.71459643091319
Train,2.85809116491507,2.85737531505245
Train,2.99422238692747,2.99446740394004
Train,3.1245013548171,3.12394161444925
Train,3.24870689808873,3.24833532074652
Train,3.36781737092902,3.3679512365018
Train,3.48186872181456,3.48161477110651
Train,3.59091739404102,3.59087087482866
Train,3.6957820955895,3.69577949968178
Train,3.79622041181391,3.79614899091783
Train,3.89296534689602,3.89250650295824
Train,3.98599522177954,3.98616103744669
Train,4.0753073026763,4.07527715206041
Train,4.16152919933199,4.16140914526139
Train,4.24442277125436,4.24593314973416
Train,4.3245575718585,4.32430711683654
Train,4.40170049422835,4.40147614114929
Train,4.47637078102655,4.47550002215965
Train,4.10463697882894,4.10519795040844
Train,4.17074900920869,4.17070382897171
Train,4.23497660616162,4.23509421629959
Train,4.29770749095443,4.29778926372481
Train,4.35884230168902,4.358897395676
Train,4.41844118701092,4.41854005987651
Train,4.47641816646144,4.47643384594656
Train,4.53311737727362,4.53318244839855
Train,4.58844379215196,4.58870562398468
Train,4.64244667175736,4.64232624008972
Train,4.695043011095,4.69509124626009
Train,4.74654044024681,4.74665659389237
Train,4.79684857287659,4.79683005550422
Train,4.84600813762163,4.84591919618495
Train,4.89393954830248,4.89400346185383
Train,4.94091954065217,4.94080479578068
Train,4.98686243565959,4.98716404591349
Train,5.03180219976478,5.03169726178411
Train,5.07566286465291,5.07559836055978
Train,5.1186947810147,5.11864792408258
Train,2.12634095170165,2.12752384994772
Train,2.34917905981492,2.35050866404734
Train,2.56035803075609,2.56356067166442
Train,2.76139026157764,2.77362392289459
Train,2.95239751108316,2.96056219000846
Train,3.13467488148997,3.14090395556949
Train,3.3082685004719,3.31617837379989
Train,3.47429827157139,3.4807052533545
Train,3.63275550535709,3.63927036946942
Train,3.78461713835079,3.78779755529493
Train,3.92983478763237,3.93246798692806
Train,4.06926744332494,4.07259160058701
Train,4.20283811938457,4.20702576850843
Train,4.33130752773176,4.33453570377268
Train,4.45457827495476,4.4585349011434
Train,4.57332843424736,4.57831869771715
Train,4.68744629981927,4.68989277201425
Train,4.79753987412685,4.79878229486011
Train,4.90348769403999,4.90482980315236
Train,5.00583788977193,5.00599417218135
Train,2.88046290086084,2.88089160827465
Train,3.04228836074974,3.04220522638596
Train,3.19628974068213,3.19661091030528
Train,3.34302107544689,3.3427794739512
Train,3.4832325498699,3.48342777756287
Train,3.61687622512777,3.61685830702143
Train,3.74462833676121,3.74482861406821
Train,3.86687006926299,3.8667894084322
Train,3.98395041779922,3.98417148255638
Train,4.09618951576602,4.09625804314809
Train,4.20407234771843,4.20395214577391
Train,4.30748066459877,4.30765323545737
Train,4.40686293198251,4.40694831017416
Train,4.50244978259969,4.50241448729892
Train,4.59445456348642,4.59449294197501
Train,4.68307492563127,4.68313889324444
Train,4.76864591200637,4.76871668547054
Train,4.85102920804275,4.85098160260194
Train,4.93054057642846,4.93060147860914
Train,5.00732761990619,5.00739510413794
Train,4.27199914054099,4.27154841494874
Train,4.31623598492297,4.31387904076499
Train,4.35964691208702,4.35997443085606
Train,4.40207129247597,4.40265021095937
Train,4.44390164282583,4.44247288415162
Train,4.48497225214198,4.48529604437889
Train,4.52530363227296,4.52346832959691
Train,4.56491556326831,4.56532676485611
Train,4.60365943419434,4.60202339956257
Train,4.64189196601387,4.64204600678594
Train,4.67946023719595,4.67957648960536
Train,4.71638141017,4.71543485881947
Train,4.75251561722666,4.75238472385925
Train,4.78819439904288,4.78850328742945
Train,4.82327408468699,4.82312024215597
Train,4.85776963800905,4.85604586917569
Train,4.89169552863041,4.89157138175168
Train,4.9249218473152,4.92491641743644
Train,4.95775227308045,4.95749634947814
Train,4.99005362107623,4.98902865184599
Train,3.09879131504472,3.09964517595316
Train,3.20688447920261,3.20723739456688
Train,3.31154306993914,3.31198249716207
Train,3.41246156356073,3.41249405585066
Train,3.51006148459059,3.50998918480426
Train,3.60472197691417,3.60509535943519
Train,3.69615073797291,3.69624434315145
Train,3.78471441620538,3.78482410212408
Train,3.87074397403632,3.87095834387245
Train,3.95396123584687,3.95410480093804
Train,4.03468789935892,4.03481460957508
Train,4.11303412722585,4.11314322973729
Train,4.18927964615201,4.18930017962365
Train,4.26316533524953,4.26352295119094
Train,4.33496466732952,4.33499506968318
Train,4.40492634634553,4.40519110040285
Train,4.47280519298641,4.47272694691154
Train,4.5388452472855,4.53899792050314
Train,4.60326908747275,4.60344920921151
Train,4.66584492516523,4.66596197816787
Train,3.96385879113756,3.96392335560475
Train,4.03116913998356,4.03142271526693
Train,4.09679254901116,4.09692249040771
Train,4.16097275339707,4.16090673794341
Train,4.22340271714688,4.22332601219776
Train,4.28432479424751,4.28441302595846
Train,4.34379296336818,4.34405167477624
Train,4.40185865715212,4.40213041151245
Train,4.45873151067894,4.4584409669881
Train,4.51413342027608,4.51419384296995
Train,4.56827343444891,4.56837525746622
Train,4.62119418122334,4.62135910300666
Train,4.6730829929364,4.6727550680628
Train,4.72368238792407,4.72393411707552
Train,4.77317952343501,4.77305390553036
Train,4.82161002889709,4.82180015020666
Train,4.86900801452666,4.86925753611675
Train,4.91553769119185,4.91546974143083
Train,4.96096455506777,4.96065135245979
Train,5.00545297515671,5.00552096544951
Train,2.12788403567532,2.12807595940493
Train,2.36819302921465,2.36808235068409
Train,2.59329395614837,2.5931263525238
Train,2.80429609638261,2.80398131570499
Train,3.00302950148803,3.00250295524555
Train,3.19027589677673,3.19022872145823
Train,3.36700325018103,3.36675401751953
Train,3.53407374488209,3.5336532150798
Train,3.69203973961787,3.69188289821276
Train,3.8420392282288,3.84169456678163
Train,3.98446298509171,3.98328470412187
Train,4.11987079334068,4.11950650166208
Train,4.24859041874655,4.24763133711193
Train,4.37144496325803,4.37120250072283
Train,4.4886637951177,4.48842214505956
Train,4.60062601017576,4.59947698269051
Train,4.70767744922746,4.70593854678399
Train,4.80999225329507,4.80790942452976
Train,4.90814993845898,4.90730229259887
Train,5.00226797724252,5.0008210596973
Train,2.45586800616354,2.45690346306609
Train,2.57251913549492,2.57295560252922
Train,2.68671202655411,2.68694295746926
Train,2.79803906105356,2.79845789805066
Train,2.90684243391766,2.90742961858294
Train,3.0132069963619,3.01348987350892
Train,3.11743988539512,3.11770134123461
Train,3.21916161152615,3.21967686964152
Train,3.31867748144247,3.31888600877963
Train,3.41605847717184,3.4165342012532
Train,3.51157982113161,3.51193288864696
Train,3.60488779021973,3.60551070910541
Train,3.69625650938333,3.69667237890488
Train,3.78574581293894,3.78596124525601
Train,3.87360380836359,3.87363622734509
Train,3.95950033618228,3.95963356867677
Train,4.04368293011242,4.04376096515287
Train,4.12620238181459,4.12633232320903
Train,4.20728356602196,4.20750512534531
Train,4.28661786079396,4.28712967827986
Train,2.12510320565132,2.12542285154294
Train,2.36450590744654,2.36450090149836
Train,2.5892783729484,2.58924162138672
Train,2.80015256765738,2.80024497273215
Train,2.99891425619126,2.99904126644495
Train,3.1860716610347,3.18602612740895
Train,3.3630898001018,3.36317326954694
Train,3.53031782869707,3.53043031091173
Train,3.68897477126427,3.68904623601364
Train,3.83929528336276,3.83929592466692
Train,3.98230653579164,3.98230192104191
Train,4.11815993437227,4.11822855418385
Train,4.24773075530079,4.24775154716579
Train,4.37110940301977,4.37099365231942
Train,4.48904925728639,4.48920408296934
Train,4.60159577372393,4.60158309650095
Train,4.70940330455624,4.7094312025113
Train,4.8124840750195,4.81242821269214
Train,4.91141108866208,4.91153326310112
Train,5.00617198264477,5.0061434365455
Train,4.41854245835269,4.4175486481802
Train,4.45312992100964,4.45111380486586
Train,4.48741672547849,4.4869678590151
Train,4.52110957024481,4.52120650009263
Train,4.55436901596237,4.55506006159365
Train,4.58734772379609,4.5864876053204
Train,4.61976325975854,4.61847049496672
Train,4.65176973147504,4.65237838479178
Train,4.68351379848467,4.6817473676604
Train,4.71472330752752,4.71508068350912
Train,4.74554629886374,4.74507920020213
Train,4.77598990861288,4.77573582470021
Train,4.80619333922419,4.80729279406322
Train,4.83589729811518,4.83423317146324
Train,4.86524228622075,4.86336202862393
Train,4.89436228311218,4.89477143955836
Train,4.92300706156931,4.9221170916974
Train,4.95131184176319,4.95047031512903
Train,4.97940567258973,4.97987633682741
Train,5.00704692919741,5.00509337082284
Train,2.12870689177883,2.1290416026134
Train,2.35840003678672,2.35818334163585
Train,2.57506222723586,2.57486658052611
Train,2.78026925143138,2.78033837303181
Train,2.97443371611683,2.97464163263456
Train,3.15887135126489,3.15862425088952
Train,3.33386880351584,3.33400343096244
Train,3.50053789724489,3.50027317077573
Train,3.6592657938012,3.65925129614723
Train,3.81042252309549,3.81040717573731
Train,3.95488893636085,3.95484760804928
Train,4.09276268893165,4.09260658631345
Train,4.22480683422564,4.22502430414559
Train,4.351228887892,4.35098834937915
Train,4.47223250935706,4.4723142872065
Train,4.58844237165059,4.58830539292493
Train,4.69986492072681,4.6998609062687
Train,4.80705183205883,4.8070011726052
Train,4.90998781878905,4.91008699242619
Train,5.00916328085571,5.00898028113832
Train,2.12358485252895,2.12404216079111
Train,2.35687510462215,2.35685097968625
Train,2.57630097507879,2.5766923180602
Train,2.7835463975625,2.78398110734659
Train,2.97914002944791,2.97956594660016
Train,3.16447083208418,3.16594982720224
Train,3.33991431861208,3.34056350079144
Train,3.50663138991981,3.50723352469166
Train,3.66507127915407,3.66622350594506
Train,3.81565865143579,3.81593877277581
Train,3.95930000469031,3.95987631052802
Train,4.09614307690385,4.09647674663236
Train,4.22696645354881,4.22757223812758
Train,4.35201155667451,4.35269705633644
Train,4.47151224480521,4.47202344583301
Train,4.58609866651922,4.58668397196405
Train,4.69580904864332,4.69610144388233
Train,4.80119612694177,4.80127929971448
Train,4.90227187880251,4.90232672460505
Train,4.99952458775658,4.99962245601299
Train,3.54158992248062,3.54162810869119
Train,3.64932670739794,3.6489235271404
Train,3.75211986612313,3.7520217234235
Train,3.85070847423054,3.85091863981168
Train,3.94514966718438,3.94511085834191
Train,4.03551265646732,4.03542486113682
Train,4.12241475598331,4.12246853489731
Train,4.20587791784939,4.20578818619495
Train,4.28593634000573,4.28583867392107
Train,4.36311315704935,4.36330861894774
Train,4.43740690585964,4.43735949205828
Train,4.50897617693706,4.50887679835094
Train,4.57782520133718,4.57785279523185
Train,4.64438162176282,4.64432316214905
Train,4.70862447931945,4.70868323658604
Train,4.77054367453595,4.7705995290128
Train,4.83051144087317,4.83043258291972
Train,4.88849790715506,4.88845216725557
Train,4.94448323047384,4.94454705035267
Train,4.99879439946019,4.9988360025566
Train,2.96861348794602,2.96650369485386
Train,3.12006243081936,3.11968321744306
Train,3.26476624008512,3.26355914081458
Train,3.40266121368909,3.40295019965223
Train,3.53445711150059,3.53419926450832
Train,3.66054982043774,3.65887876081641
Train,3.78152260636192,3.78009332267928
Train,3.89725686105017,3.89735379996663
Train,4.00828840077774,4.0079913587945
Train,4.11489815131868,4.11401375075755
Train,4.21753284398514,4.21361393251235
Train,4.31604901785331,4.31605949598841
Train,4.41086311100029,4.41025523119268
Train,4.50217995229034,4.50112561648374
Train,4.59035105331564,4.59022678808495
Train,4.67522415541327,4.67522157182637
Train,4.75713090727361,4.75579547861369
Train,4.83622415071686,4.83583639935776
Train,4.91278683353426,4.91229208209214
Train,4.9866665259708,4.98552691735339
Train,3.73112152025016,3.73110824268614
Train,3.78505566398762,3.78495999620307
Train,3.83767877916289,3.83765564161539
Train,3.88948073095055,3.88949414669722
Train,3.94004384196557,3.94002502230822
Train,3.98983758678971,3.98985116526845
Train,4.03845933128003,4.03850662186986
Train,4.08635942430598,4.086237538588
Train,4.13335100761955,4.13337430012715
Train,4.17926194807307,4.17918354496604
Train,4.22451603560118,4.22457415723719
Train,4.26874498367226,4.26875298091571
Train,4.31235618914258,4.31221246860176
Train,4.3551776152622,4.35525577717297
Train,4.39705010271392,4.39707471558021
Train,4.43835819269686,4.43835340758622
Train,4.47876383934296,4.47882975847122
Train,4.51863742212504,4.51839858761767
Train,4.55765197739223,4.55781118991971
Train,4.59616450056517,4.59610013386944
Train,3.37596356618039,3.37616651558736
Train,3.43385252019318,3.43391088649176
Train,3.49038089165988,3.49018723483849
Train,3.54607214981692,3.54598975540674
Train,3.60070894756255,3.60101949801563
Train,3.65409103245976,3.65414142662147
Train,3.70671106027392,3.70635403459554
Train,3.75814070601598,3.75840732558234
Train,3.80885360351466,3.80890504642983
Train,3.85864962627429,3.85858085596945
Train,3.9073436005585,3.90740869434038
Train,3.95538263564551,3.95553748930641
Train,4.0025760387495,4.00264577024453
Train,4.04874695189893,4.04881910628709
Train,4.09431815382023,4.09422586233657
Train,4.13891553375531,4.13939462964143
Train,4.18294676083556,4.18326189573807
Train,4.22623552293009,4.22592611197277
Train,4.26861771268798,4.26841340705531
Train,4.31047981209282,4.31086108255502
Train,3.80648744678725,3.80993575266283
Train,3.88817414648541,3.88915873631439
Train,3.9673419079164,3.96930023804842
Train,4.04410547507773,4.04614566887566
Train,4.11857272703358,4.12003451656736
Train,4.19084518374526,4.19209562963468
Train,4.2610184678258,4.26318700977962
Train,4.32918272663514,4.33086738775845
Train,4.39542301863376,4.39697648268728
Train,4.4598196674767,4.46029782533541
Train,4.52229338230476,4.5232613514493
Train,4.58323054925241,4.58452321937901
Train,4.64253958882269,4.64305696326145
Train,4.70028489160498,4.70105252413149
Train,4.75652749693512,4.7569324506442
Train,4.81132530811805,4.81197433689912
Train,4.86473329127436,4.86524941234919
Train,4.91680365924644,4.9168858672895
Train,4.96758604185765,4.96736325460032
Train,5.01712764369139,5.01700315289443
Train,3.95502014602191,3.95630361373722
Train,4.02500081959128,4.02464845802413
Train,4.09305442226825,4.09263225788553
Train,4.15907340829941,4.15776164014486
Train,4.2235091680474,4.22319132789224
Train,4.28624086887074,4.28568514200404
Train,4.34733522654095,4.34709156205307
Train,4.40685551903343,4.40629551543342
Train,4.46469864100186,4.4622006442917
Train,4.52125203507968,4.52145047923503
Train,4.57640252576081,4.57595037003583
Train,4.63020167561379,4.63046181277267
Train,4.68255079228133,4.68223887330922
Train,4.73379562519591,4.73382882235117
Train,4.78382929000936,4.78339541036647
Train,4.83269422403237,4.83247044331464
Train,4.88043090488689,4.87977172522759
Train,4.92694657720347,4.92733283004444
Train,4.9725438458373,4.97171312746312
Train,5.01712351890589,5.01646256092889
Train,4.29841779401732,4.29998516567528
Train,4.37576636230952,4.3777460837994
Train,4.45075305317021,4.45104875403584
Train,4.5231857571375,4.52386420700012
Train,4.5933367703075,4.59351765576529
Train,4.66131223366984,4.66144972220016
Train,4.72734756112364,4.72739325045794
Train,4.79126085126198,4.79118095429684
Train,4.85328020296701,4.85328032775968
Train,4.9134885715682,4.91345283104991
Train,4.97208470727067,4.97214785295026
Train,5.02889781816455,5.02895663247571
Train,5.08412163022613,5.08414552277489
Train,5.13782191247937,5.1376186648088
Train,5.19016865083657,5.19025056123454
Train,5.24100222806338,5.24069009603071
Train,5.29048916075971,5.29056422567763
Train,5.33868226082581,5.33849864663742
Train,5.38572856464135,5.38586816496926
Train,5.43147925079419,5.43124766775535
Train,3.80634689857586,3.80709097803291
Train,3.88818389374431,3.88863332301506
Train,3.96747550726277,3.96775418334826
Train,4.04433867437772,4.0445788712498
Train,4.11888327566754,4.11916676831268
Train,4.19121266114529,4.19177790412167
Train,4.26142412832175,4.26161631292442
Train,4.32960935887922,4.32989129850128
Train,4.39585481807703,4.39663105189928
Train,4.46024212054759,4.46040220372041
Train,4.52300872452169,4.5234329064954
Train,4.58390245932309,4.58426420877757
Train,4.64315717150108,4.6437825135329
Train,4.70083815648239,4.7009883750109
Train,4.75700728682593,4.75740797842107
Train,4.81172323361019,4.81190853369143
Train,4.86504167085719,4.86539308835589
Train,4.91701546449018,4.91717024061316
Train,4.96769484717344,4.96761324369826
Train,5.01712758024944,5.01667987322097
Train,2.12720289941401,2.12695231059868
Train,2.36895047556817,2.36882447595079
Train,2.59548052387839,2.59527840393665
Train,2.80765710218812,2.80751344222179
Train,3.00729918255065,3.00715650638111
Train,3.19501675556925,3.19473506499733
Train,3.37228899382507,3.37188749819714
Train,3.53954566493507,3.53929876155988
Train,3.69780982440076,3.69742695420817
Train,3.847975427811,3.84781342229352
Train,3.99029174654648,3.99009094609599
Train,4.12569721510124,4.12542357599549
Train,4.25436026838331,4.25429933641525
Train,4.37692578806624,4.37684245138033
Train,4.49396396148388,4.49386849946703
Train,4.60555980148241,4.60540986552613
Train,4.71235215167378,4.71242043871851
Train,4.81438775880535,4.81423223748814
Train,4.91222314216942,4.91224870182876
Train,5.0058764458363,5.00556999083736
Train,2.12577628543865,2.12529469332029
Train,2.35910542133341,2.35915144942945
Train,2.57855324877811,2.5786178812671
Train,2.78578953414083,2.78568575161288
Train,2.98136385622422,2.98114588689012
Train,3.16665168472096,3.16656981238001
Train,3.34204667520501,3.34140208881243
Train,3.50869701698244,3.50775665731297
Train,3.66706131847468,3.66430211222567
Train,3.81757200684407,3.81191884188982
Train,3.96112407600752,3.95627900292701
Train,4.09787862599108,4.08891864095884
Train,4.22860351212244,4.21865952110628
Train,4.35354693058741,4.34271443403512
Train,4.4729484448728,4.45674451902986
Train,4.58742855121314,4.5601196865139
Train,4.69703584038648,4.6920176776878
Train,4.80231404988286,4.79800043507956
Train,4.90328461943615,4.89947134570346
Train,5.00042743712401,4.99353065536369
Train,2.1252327531892,2.13249778635171
Train,2.35262959634089,2.36433043198147
Train,2.56774878669824,2.57799258522235
Train,2.77155853240541,2.78645059540239
Train,2.96511758587159,2.99373219006182
Train,3.14881931227696,3.1529179352913
Train,3.32356945527173,3.32632266582758
Train,3.49000675358271,3.49486698984063
Train,3.64871058829585,3.65217999583936
Train,3.8002077213954,3.80141960373683
Train,3.94512068778491,3.94568601010204
Train,4.08359654600292,4.0839846556012
Train,4.21618537723349,4.21681054793251
Train,4.34325478055089,4.34380361351603
Train,4.46514237411475,4.46561317918193
Train,4.5821587906009,4.58264381806319
Train,4.69470132429505,4.69495638559991
Train,4.80280802993744,4.80290969158185
Train,4.90683873015391,4.90685488459374
Train,5.00701967939389,5.00689294689463
Train,2.12563825515184,2.12582174995285
Train,2.35957580661594,2.35954573675943
Train,2.58003484437923,2.57990980874118
Train,2.78760067177418,2.78786740787862
Train,2.98388817134336,2.98371152870485
Train,3.16930290688473,3.1692608517881
Train,3.34518694965435,3.34508716847293
Train,3.51181632770522,3.51203203582216
Train,3.67011147006798,3.67006097444053
Train,3.82088143765786,3.82080785500537
Train,3.96427068415346,3.96425604894128
Train,4.10116975320082,4.10124275933439
Train,4.23166360433955,4.23160525070515
Train,4.35635636626489,4.35643415477196
Train,4.47578455163636,4.47578878041193
Train,4.58997152137304,4.58984053080738
Train,4.69954497021306,4.69962028984108
Train,4.80450006980822,4.8044924852841
Train,4.90539009692318,4.90539282626949
Train,5.00218930263703,5.00212044750177
Train,2.12939867670262,2.12964522021892
Train,2.34317312485391,2.34330183219234
Train,2.54732380204281,2.54755015970685
Train,2.74248627156825,2.74250201807834
Train,2.9292413378717,2.9291023193039
Train,3.10812081958014,3.10833627561468
Train,3.27961260727194,3.27948476081318
Train,3.44416510726636,3.44436221192544
Train,3.60219115666688,3.60211997963441
Train,3.75407148162967,3.75419371363776
Train,3.89996118436959,3.89994626516662
Train,4.04058605359105,4.04054039776045
Train,4.17604326244209,4.17608948927617
Train,4.30661252207658,4.30671189928788
Train,4.43255371475526,4.43253540347749
Train,4.55410862035029,4.55389970210334
Train,4.67150246554501,4.67148026622843
Train,4.78494531661465,4.78501114032068
Train,4.89463333390844,4.89458632544509
Train,5.00074990379376,5.000616450325
Train,4.29664048019049,4.29679399389377
Train,4.37365588780181,4.37366317842342
Train,4.44823768943357,4.44822528276953
Train,4.5203392141586,4.52027276898687
Train,4.59039238254246,4.59043726912595
Train,4.65833204598888,4.65822423540183
Train,4.7242524298127,4.72431771066866
Train,4.78824224028073,4.78812948133808
Train,4.85024711697362,4.85043263564538
Train,4.91062567773854,4.91091226490633
Train,4.96931032269479,4.96927354618336
Train,5.0263713497548,5.02627647931175
Train,5.08175191326154,5.08171841188986
Train,5.13576480681074,5.13585372344486
Train,5.18834283744974,5.1882898584702
Train,5.23954243180047,5.23961309434916
Train,5.28941709609736,5.28931948807102
Train,5.33790953720273,5.3377986091621
Train,5.38528680582464,5.38543721563136
Train,5.43148383603301,5.43116689238767
Train,4.29937141013488,4.29933489291242
Train,4.37682219789931,4.37678859028918
Train,4.45173384738423,4.45172196760203
Train,4.52422920908456,4.52426403145026
Train,4.59442333415318,4.59435323231108
Train,4.66242408367159,4.66245915270364
Train,4.72833268168494,4.72830858609476
Train,4.79224421796532,4.7922879453802
Train,4.85424810575537,4.85417485692259
Train,4.91442849912591,4.91441116050945
Train,4.97286467404463,4.97288487486029
Train,5.02963137678428,5.02964323386212
Train,5.08479914289027,5.08474043763661
Train,5.13843458956968,5.13844853026629
Train,5.19060068405011,5.19061205399001
Train,5.24135699018136,5.24133564853063
Train,5.29075989531044,5.2908239955689
Train,5.33886281924671,5.33882720143837
Train,5.38571640694519,5.38569759556802
Train,5.43136870636914,5.43137855964258
Train,3.80292719277638,3.80480907798872
Train,3.88437856516371,3.88628360324609
Train,3.96337632575466,3.96401620101486
Train,4.04002969703647,4.04076274862408
Train,4.11444151356633,4.11375461906963
Train,4.18687393367971,4.18320713367965
Train,4.25708319310227,4.25669244221015
Train,4.32532567877965,4.32530957767111
Train,4.39168289208522,4.39158862249704
Train,4.45623189261983,4.45516655929922
Train,4.51904559673657,4.51865327405929
Train,4.58019305230894,4.58117732366034
Train,4.63973969191895,4.64021683681884
Train,4.69774756641705,4.69721969331684
Train,4.7542755606066,4.75386398154322
Train,4.80950583020654,4.80930392771214
Train,4.86323591520112,4.86237669243954
Train,4.91564581305726,4.91514956822747
Train,4.96678359019412,4.96593181018787
Train,5.01669500762288,5.01625749907933
Train,3.80561764372524,3.80688116688933
Train,3.88720640513784,3.88812583782081
Train,3.96647764657886,3.96744049257203
Train,4.04316928642668,4.04392426907387
Train,4.11757872739867,4.11844304811919
Train,4.18997538778694,4.19058806616184
Train,4.26011091214848,4.26079564985074
Train,4.32824858438096,4.32863637958897
Train,4.3946276582346,4.39530686945025
Train,4.45901319711333,4.45975720882078
Train,4.52163988787521,4.5220549994813
Train,4.58257883023192,4.58288970423408
Train,4.64203636402681,4.64233068941056
Train,4.69979460762681,4.6999941092038
Train,4.7560568274691,4.75632376552338
Train,4.81100895772219,4.81110417097469
Train,4.8644451496216,4.8645321265615
Train,4.91654906803902,4.916598184773
Train,4.96748914879306,4.96762919168058
Train,5.01707087650369,5.01720421811868
Train,4.29926837072573,4.30226690064254
Train,4.3765189847937,4.3781203581132
Train,4.45140841274446,4.45204985579429
Train,4.52376583722763,4.52434129120619
Train,4.59398556820681,4.59415664006909
Train,4.66190041917752,4.6621139697493
Train,4.72787398891343,4.72812496119539
Train,4.79174320336244,4.79151297974412
Train,4.85372563062882,4.85385615395743
Train,4.91401903176114,4.91433407336834
Train,4.97246704161038,4.97227077248343
Train,5.02937065399834,5.0294301077777
Train,5.08457816591872,5.08468290422414
Train,5.13826701551487,5.13846248208964
Train,5.19059925354224,5.190657784053
Train,5.2414302435442,5.24137645528779
Train,5.29101341218977,5.29121627805242
Train,5.33920880350811,5.33918333174032
Train,5.38625396759431,5.38632992417505
Train,5.43201355690896,5.43230428761697
Train,2.12722064098751,2.1272889046052
Train,2.36648512160242,2.3664886714071
Train,2.59108522115809,2.59139132855879
Train,2.80176800019963,2.80176291981141
Train,3.00031560119314,3.00032409155054
Train,3.18724847838958,3.18697262544837
Train,3.36402723453242,3.36439481169171
Train,3.53101118752063,3.53059293208597
Train,3.6894145845325,3.68972797902487
Train,3.83948070424567,3.83938802663423
Train,3.98223183490613,3.98230757515947
Train,4.11782682944623,4.11765430699987
Train,4.2471361282419,4.2473242452509
Train,4.37025666284832,4.37027198097738
Train,4.48793711199598,4.48799160222942
Train,4.6002287231584,4.60019623548968
Train,4.70778133097119,4.70781110081251
Train,4.81061235358852,4.81075814462045
Train,4.90929048465327,4.90914561207709
Train,5.00380805803415,5.00391938956116
Train,1.39319080042102,1.39317822984256
Train,1.50113012877037,1.50079906131967
Train,1.6063474017394,1.60631013709306
Train,1.7089443058975,1.70879575585085
Train,1.80939333433093,1.80952574325446
Train,1.90702577795434,1.90662042097782
Train,2.00231441553937,2.00269747628434
Train,2.09534264564486,2.09492488462664
Train,2.18618995650004,2.18658846118732
Train,2.27493215252998,2.27446482052281
Train,2.36196746862453,2.36186573488183
Train,2.44670581466237,2.44695462674671
Train,2.52954664049928,2.52953845676919
Train,2.61055297632279,2.61026345904637
Train,2.68978509131488,2.6898907976977
Train,2.76730064319489,2.76739925697283
Train,2.84344013462197,2.84306981149374
Train,2.91767976021737,2.91772285340656
Train,2.99036167092162,2.99034949781734
Train,3.06153438429168,3.06145098522782
Train,1.56109793891969,1.56094874885119
Train,1.6656878982115,1.66589129305456
Train,1.7675620934572,1.76736837213346
Train,1.86682494454299,1.86719935974932
Train,1.96393878639749,1.96368565661786
Train,2.05826237692066,2.05819227157579
Train,2.15025779863353,2.15024363081855
Train,2.24001019922683,2.24026893294311
Train,2.32760062427873,2.32770069242932
Train,2.41310626134646,2.41288147646654
Train,2.49691438833093,2.49714639871334
Train,2.57846044761871,2.57819509104255
Train,2.65813257280663,2.65791229312552
Train,2.73599462483371,2.7363055534627
Train,2.81210759551406,2.8129776663084
Train,2.88652976687614,2.88645367377856
Train,2.95959056535686,2.9596029607749
Train,3.03078996389235,3.03068476376601
Train,3.10045878079482,3.10029154779866
Train,3.16864584584779,3.16903489789937
Train,0.344694174001131,0.345022859237619
Train,0.552936784146457,0.553253117639801
Train,0.752101096541526,0.751594588084376
Train,0.943651842395905,0.943488421380865
Train,1.12759071777016,1.12796338235447
Train,1.30436260562312,1.30444044331333
Train,1.47398504689747,1.47346546634461
Train,1.63763938489299,1.6377469107504
Train,1.79526894815214,1.79519365825061
Train,1.94720041775546,1.94728938521829
Train,2.0933977916145,2.09349129648425
Train,2.23483408583172,2.23471870245365
Train,2.37142042321581,2.3715124644771
Train,2.50340206172452,2.50305714718368
Train,2.63071201679654,2.63088556915708
Train,2.7541658816878,2.75392268345994
Train,2.87365796546413,2.87369389379117
Train,2.98937596382693,2.98959345930442
Train,3.10123556800639,3.10108396791864
Train,3.20993059716851,3.20994748634647
Train,2.12448753889449,2.12586478714028
Train,2.37622797953964,2.37666884903982
Train,2.61047112295244,2.61043437281868
Train,2.82839227543483,2.82944947374588
Train,3.03191388259147,3.03164166907326
Train,3.22267470115968,3.22235683657007
Train,3.40135497169036,3.40151239135256
Train,3.56952092643052,3.56893837691703
Train,3.72764548591893,3.72761789131281
Train,3.87680367195223,3.87658499707712
Train,4.01792824162725,4.01768617935548
Train,4.15128883999401,4.1512716108812
Train,4.27768033745126,4.27696151821536
Train,4.39779814126922,4.39685118279548
Train,4.51178767973404,4.51201236278237
Train,4.62040118807866,4.61986829535116
Train,4.72372854541256,4.72351655525225
Train,4.82228049245842,4.8221584941314
Train,4.91650887796888,4.9164744390985
Train,5.00644653975295,5.00632939683809
Train,2.12456826023267,2.12577085471665
Train,2.3749758235058,2.37612718867266
Train,2.60820303671835,2.60916064781148
Train,2.82539770045133,2.8266927006446
Train,3.0286826549981,3.02974532390025
Train,3.21885977897169,3.22026686402049
Train,3.39761953264523,3.39940544620575
Train,3.56552411775455,3.56702622145193
Train,3.72373817524218,3.72709361092373
Train,3.87327114474478,3.87439453768846
Train,4.01445090612998,4.01633912948845
Train,4.14830597617044,4.15046867585287
Train,4.27506151192992,4.27599655158363
Train,4.3954242957991,4.39602704492816
Train,4.51001527665339,4.51228774114523
Train,4.61895534132228,4.61907865489437
Train,4.72292328045329,4.7231415211102
Train,4.82199282961842,4.82192123318626
Train,4.91674931430864,4.91669492864119
Train,5.00723153652459,5.00732448414445
Train,4.29777857691016,4.29743634108698
Train,4.3428579851726,4.3402087222751
Train,4.3871174397523,4.38619962815963
Train,4.43043972127265,4.42524725339561
Train,4.47312746448745,4.47211100803932
Train,4.51505935637664,4.51365922049107
Train,4.55625529601209,4.55684325225255
Train,4.59673449003953,4.59637378668075
Train,4.63638784818747,4.63589655856439
Train,4.67549072235413,4.67420407166017
Train,4.71393055226305,4.70839945696597
Train,4.75172406041017,4.75044658028881
Train,4.78876814134699,4.78780683430913
Train,4.82531893001252,4.82215696335723
Train,4.86127026145525,4.85964896171598
Train,4.8966367629717,4.89358571372239
Train,4.93143258980558,4.9311194263394
Train,4.96556152266146,4.96524630952289
Train,4.99925840982208,4.99769662179122
Train,5.03242439924131,5.03139791679522
Train,4.11319932305378,4.11429834042454
Train,4.17075527596145,4.17188740872033
Train,4.22703769537236,4.2287240541157
Train,4.28208838774211,4.2836933127949
Train,4.33594734948429,4.33987913406989
Train,4.3886528638804,4.391400568504
Train,4.44024159182955,4.4454448377185
Train,4.49074865688979,4.49298720678442
Train,4.54020772502586,4.54407788820052
Train,4.58865107944364,4.59178364177595
Train,4.63623981531012,4.63814549347106
Train,4.68274080267558,4.6833953020653
Train,4.72831538864822,4.72896999082539
Train,4.77299098409923,4.77601963202713
Train,4.8167939290642,4.81850721368054
Train,4.85974954452899,4.85990839059767
Train,4.90188218123922,4.90343217727448
Train,4.94321526573096,4.94328695979155
Train,4.98377134376546,4.98420984032808
Train,5.02357212133719,5.0242175148708
Train,5.34085887621603,5.34093673979467
Train,5.36721410677892,5.36723720086983
Train,5.39309427560669,5.39287814483058
Train,5.41869783892018,5.41875396515778
Train,5.44393691019073,5.44394062207383
Train,5.46872871561533,5.46873592002911
Train,5.49326303674949,5.49323888109601
Train,5.51736737991601,5.51736985888809
Train,5.54122606221557,5.54132357560983
Train,5.56475674883235,5.56482263470778
Train,5.58788171936932,5.58772249133861
Train,5.61077752604846,5.61072879850352
Train,5.63336492605065,5.63342623093584
Train,5.65556902245966,5.65565200762311
Train,5.6775590877445,5.67754022334364
Train,5.69917984269011,5.69909418046544
Train,5.7205959589905,5.72071832896862
Train,5.74173298466496,5.74152212377183
Train,5.76252041036768,5.7624976870541
Train,5.78311634976733,5.78314134652854
Train,4.29084151725906,4.29055168400763
Train,4.33470010483652,4.33427735554531
Train,4.37773721269599,4.37792591293354
Train,4.41997570640715,4.41986872537771
Train,4.46143761073512,4.46173499017849
Train,4.50214414793565,4.5020720328578
Train,4.54211577397613,4.54181813994026
Train,4.58137221281241,4.58157607431011
Train,4.61993248884198,4.61947698387329
Train,4.65781495764588,4.65804222596879
Train,4.69503733512348,4.69481488169939
Train,4.73161672511755,4.73177858526131
Train,4.76756964561985,4.76734852904
Train,4.80291205364186,4.80275886242115
Train,4.8376593688291,4.83769609254913
Train,4.87182649589264,4.87199274092225
Train,4.90542784592618,4.90548477235669
Train,4.93847735667297,4.93829522466357
Train,4.97098851180219,4.97095237367856
Train,5.00297435925108,5.00262838726875
Train,2.12575379185299,2.1257049184899
Train,2.36184053442118,2.36161493339412
Train,2.58347892805492,2.58357201530842
Train,2.7924929982796,2.79234245280921
Train,2.9896772068128,2.98965348250593
Train,3.17600824102762,3.17586388704902
Train,3.35213082445846,3.35208672520483
Train,3.51929238149203,3.51921911401976
Train,3.6779546371834,3.67769371377315
Train,3.82874973914072,3.8284752120201
Train,3.97206318977672,3.97182079213624
Train,4.10879162028897,4.10842316678853
Train,4.23920961072463,4.2390198473843
Train,4.36374417654053,4.3633707323136
Train,4.48263045988161,4.48235281719488
Train,4.5965391637794,4.59638928121084
Train,4.70563476099865,4.70491384145524
Train,4.81021599991231,4.81028590481972
Train,4.91042719373235,4.90986572102364
Train,5.00678659759685,5.00635582692874
Train,2.12996243104071,2.13292911731358
Train,2.36380029922344,2.36464148813346
Train,2.58364577230244,2.58426599067414
Train,2.79111200653752,2.79171797664847
Train,2.98702950983806,2.98938260717503
Train,3.17216022997999,3.17149859288137
Train,3.34770506440688,3.34852681804867
Train,3.51407231242874,3.51395411617367
Train,3.67226467345,3.67280335917556
Train,3.82272654759459,3.82262503244809
Train,3.96587434985148,3.96608992444479
Train,4.10248942550304,4.10251311382698
Train,4.23288425011461,4.23297715351171
Train,4.35735511051347,4.35742460717691
Train,4.47652448724171,4.47661361595627
Train,4.59050556296247,4.5905695291697
Train,4.69983909093505,4.69986980786442
Train,4.80470308896046,4.80470165604155
Train,4.90526970660568,4.90533352931041
Train,5.0019830391867,5.0020517606429
Train,2.8140817237395,2.81427037724305
Train,2.97068681228013,2.97040559365658
Train,3.1209826968802,3.12076627851301
Train,3.26579719494306,3.26527443753392
Train,3.40520539118592,3.40368322135717
Train,3.53950448495652,3.53826683804462
Train,3.66876686011091,3.66767285173072
Train,3.7936627984433,3.7926189688117
Train,3.91421987871646,3.91356265078892
Train,4.03066033720511,4.02963846642186
Train,4.1430144555583,4.14240364741662
Train,4.25183571848964,4.25112481428031
Train,4.35712206066402,4.35677901873376
Train,4.45904297040337,4.45878653878416
Train,4.55760180901993,4.55753705661872
Train,4.65326326365141,4.65158052784344
Train,4.74600677289787,4.74568815288902
Train,4.83596383955697,4.83361817588983
Train,4.92312057439473,4.92185428530164
Train,5.00787267668211,5.00719388904352
Train,2.75198417435638,2.75180855465831
Train,2.93176011806198,2.93158020700165
Train,3.10151818265004,3.10150285163789
Train,3.26186363350618,3.26201294750743
Train,3.4139548263443,3.41402236092498
Train,3.55822434517798,3.55801247259322
Train,3.69526043797068,3.69470040236436
Train,3.82559380780036,3.82601222583279
Train,3.94954207967051,3.94953676670801
Train,4.06787280033881,4.06685201424651
Train,4.18081116729331,4.18073753098386
Train,4.28871756503328,4.289075555844
Train,4.39178563246932,4.39178580492106
Train,4.4905926500313,4.49001521017297
Train,4.58527299341893,4.5853597832286
Train,4.6760799001637,4.67613999519043
Train,4.76324630290442,4.76288475014397
Train,4.84687677479604,4.84711365683714
Train,4.92739369372744,4.92710168900911
Train,5.00486566914305,5.0043682529761
Train,3.8417176507736,3.84120289476076
Train,3.91584784032434,3.91564953076548
Train,3.98835474569483,3.98853338541474
Train,4.05893737521305,4.05884191802423
Train,4.12784305434423,4.12762912148563
Train,4.19513084467693,4.19521902674413
Train,4.2610215263498,4.26096574969077
Train,4.32523616459041,4.3252760502767
Train,4.38799439595774,4.38778108187788
Train,4.44934521247906,4.44932538266247
Train,4.50948561884176,4.50959723798977
Train,4.56815673274474,4.56796511845849
Train,4.62555494466262,4.62546863704873
Train,4.68172123451424,4.68177380505611
Train,4.73683253413611,4.73674586465885
Train,4.79064817149392,4.79063621024787
Train,4.84334483339475,4.84336230274883
Train,4.89495706061632,4.89467179578449
Train,4.94564468222251,4.94571228410885
Train,4.99518356304237,4.99485735068109
Train,3.98253890065541,3.98257289763959
Train,4.08761369672928,4.08741096635302
Train,4.18854649511616,4.18883033997216
Train,4.28521546873796,4.284614546614
Train,4.37823206549898,4.37832404469035
Train,4.46746501188722,4.46746482699772
Train,4.55346149080236,4.55337461521802
Train,4.63608455940227,4.63562893200677
Train,4.7156775834943,4.7154638207833
Train,4.79254802685745,4.79235310718312
Train,4.866555381053,4.86598128681024
Train,4.93812420924155,4.93734620138665
Train,5.00711390613794,5.00723320267233
Train,5.07378616767312,5.07194488501071
Train,5.13837683026624,5.13816157370119
Train,5.20074737278202,5.20012809613789
Train,5.26123676121662,5.26106335335888
Train,5.31970887196367,5.31856783863285
Train,5.37647556806557,5.37595884174178
Train,5.43140365366362,5.43033526069147
Train,2.57541751153218,2.57524077580846
Train,2.66773351037141,2.66717278679087
Train,2.75724372216523,2.75742491507507
Train,2.84457538205123,2.84455805879796
Train,2.92956155818734,2.92913197748956
Train,3.0120574683691,3.01219176916883
Train,3.09263369745496,3.092284039911
Train,3.17112960087315,3.17088397737487
Train,3.24740453320948,3.24744645940908
Train,3.32197990350572,3.32154819513042
Train,3.39470159682592,3.39440100248274
Train,3.46563787842457,3.46603308246657
Train,3.53465434688069,3.53406559499516
Train,3.60221630237717,3.60155238283577
Train,3.66817838554342,3.66734981437574
Train,3.73241114170206,3.73285224521195
Train,3.79534363890809,3.7947886430741
Train,3.85683695974665,3.85662055597303
Train,3.91676666194235,3.91631735869695
Train,3.9755297286727,3.97481687015923
Train,3.80579671084509,3.80573039971594
Train,3.88761316313648,3.88739397076668
Train,3.96672438214273,3.96698181832861
Train,4.04359978103431,4.04341511369811
Train,4.11816832579792,4.11810559405083
Train,4.19037317230911,4.19043259648268
Train,4.26063355140795,4.26055436597042
Train,4.32872618057114,4.32882012019062
Train,4.39504124743278,4.39489542100299
Train,4.45950510390379,4.45958680646098
Train,4.52205618977385,4.52201831525261
Train,4.58304654219205,4.58294497360137
Train,4.64240270334928,4.6425649312844
Train,4.70006219848319,4.69997382086538
Train,4.75634433085773,4.75636077063635
Train,4.81105583117705,4.81100896632077
Train,4.86449670167471,4.86451520729705
Train,4.9165954840518,4.91661883824807
Train,4.96729010380623,4.96728171720705
Train,5.01685478030241,5.01687652679928
Train,3.98188350097481,3.98304245917487
Train,4.08680313198991,4.08942762418545
Train,4.18743392569821,4.18910859358974
Train,4.28403358940905,4.28464636456582
Train,4.37683958905783,4.37992180064274
Train,4.46621432301762,4.46710525921324
Train,4.55206859007462,4.55441365000687
Train,4.6347388523018,4.63507558112568
Train,4.71439900882862,4.7144965187438
Train,4.79121052153352,4.79146471683296
Train,4.86532350740154,4.86547969972551
Train,4.93687771773986,4.93695806032
Train,5.00600341769128,5.00607249368867
Train,5.07282217769136,5.0729457435921
Train,5.13744758698589,5.13774108780152
Train,5.20008659660723,5.19986473366979
Train,5.26063413302367,5.26081626007752
Train,5.31928749055971,5.31944011174736
Train,5.3761341869516,5.37593309371394
Train,5.43125643020805,5.43142505753738
Train,3.80668383142648,3.80636171729955
Train,3.88882324463649,3.88860497780505
Train,3.96818513953141,3.96753820551047
Train,4.0452662335182,4.04481366657663
Train,4.11998889692586,4.11960729646333
Train,4.19229098888572,4.19178730070078
Train,4.26261526232672,4.2622859143269
Train,4.33088218963967,4.33067648995737
Train,4.39702627130198,4.39675772895524
Train,4.46144474884924,4.46116539383027
Train,4.52405781885642,4.52368534066435
Train,4.58494033062171,4.58474765572126
Train,4.64402494988882,4.64393195835536
Train,4.7016585324601,4.70136724922876
Train,4.75776254791856,4.75766569295618
Train,4.81226961763522,4.81202845883334
Train,4.86549494651916,4.86519372634601
Train,4.91736174083572,4.91715936718927
Train,4.96780333482289,4.96756176788429
Train,5.01710749632245,5.01672347973752
Train,3.8065923949056,3.80760533733363
Train,3.8886064197217,3.88874478907045
Train,3.96786976195571,3.96814160655439
Train,4.0448689179732,4.0454087607034
Train,4.11935854780802,4.11953593705792
Train,4.19178912752817,4.19214675707579
Train,4.26192366820588,4.26193988154072
Train,4.33018053607644,4.33044022127823
Train,4.39633105603756,4.39662339958548
Train,4.46076484849178,4.46090517607471
Train,4.52326142725459,4.52334978196839
Train,4.58418457612679,4.58422506342712
Train,4.64332181158807,4.64346165420673
Train,4.70101360927798,4.70111062346794
Train,4.75705526032968,4.75752187460265
Train,4.81176613996812,4.81159874055837
Train,4.86494905877313,4.86523086209152
Train,4.91690422774519,4.91697644855256
Train,4.96744170531372,4.96758514399361
Train,5.01684424331222,5.0166710293818
Train,3.80598169005923,3.80632726291904
Train,3.88779166806166,3.8878720066098
Train,3.96724349491768,3.9672310799181
Train,4.04408185478775,4.04419094661378
Train,4.11860531520063,4.11859935505734
Train,4.19091693476019,4.19075678215839
Train,4.26127611010044,4.26148085534467
Train,4.32944489962584,4.32938319848862
Train,4.3956767528864,4.39567657172691
Train,4.4600530671393,4.46027700314542
Train,4.52279565009858,4.52256935943686
Train,4.58368347116849,4.58369924347452
Train,4.64293431625981,4.64289390178991
Train,4.70061332515475,4.70081968611001
Train,4.75691234861754,4.75676205982407
Train,4.8116263403641,4.81172088373231
Train,4.86494444162969,4.86487209389114
Train,4.91691939854648,4.91709019596991
Train,4.96771882120041,4.96757974296296
Train,5.01715252220658,5.01699473993748
Train,3.80611745251136,3.80667035182367
Train,3.88797624132592,3.88763347766897
Train,3.96729311878952,3.96736076900223
Train,4.04401258563774,4.04380979841179
Train,4.11859352704821,4.11845772683981
Train,4.19096154830705,4.19069031772622
Train,4.26121370022128,4.26156512624246
Train,4.32944144029445,4.32898303189384
Train,4.39558250687602,4.39525525809975
Train,4.46001950625772,4.4599418705441
Train,4.52267654508243,4.52287537710461
Train,4.58362637107861,4.58354953735787
Train,4.64280482988252,4.64279991721222
Train,4.70054659279845,4.70094430703856
Train,4.75677680023322,4.75639163869735
Train,4.81155403926451,4.81137418043753
Train,4.86493390785072,4.86545250702719
Train,4.91685242712222,4.91658166089863
Train,4.96759620615572,4.96764171396743
Train,5.01709318144252,5.01680222442909
Train,2.13110503377716,2.13425642769679
Train,2.35756594039655,2.35792116813198
Train,2.57210037883986,2.57252133299724
Train,2.77517082443318,2.77576984297437
Train,2.96810411893084,2.96895620769309
Train,3.1512295209872,3.15034389176825
Train,3.32566733230252,3.32556445448089
Train,3.49164818564297,3.49234541531431
Train,3.65012812832061,3.6497352246918
Train,3.80126413950996,3.80053795281518
Train,3.94587996244982,3.94477183700318
Train,4.08407718700531,4.08451971123239
Train,4.21657174553676,4.2151032353834
Train,4.34342335170367,4.34132856128807
Train,4.46525915279511,4.46520130065281
Train,4.5821070869374,4.58054917906364
Train,4.69452047452633,4.69487322626472
Train,4.80250309683787,4.80196277603344
Train,4.90654633848788,4.90641711446759
Train,5.00663561660344,5.00564993278775
Train,2.12542718901151,2.12511884752556
Train,2.35680946642296,2.35652289518865
Train,2.57479096064832,2.57440557621547
Train,2.78093242996199,2.78047258512769
Train,2.97596930016715,2.97562275641784
Train,3.16058243735891,3.16026509458269
Train,3.33595177927774,3.33559427089884
Train,3.50240607310473,3.50214519373211
Train,3.66093959731246,3.66066170860384
Train,3.81194632167764,3.81171071430097
Train,3.95579907932705,3.95542467572912
Train,4.09328230255759,4.09311373495101
Train,4.22467195265162,4.22437063214264
Train,4.35023256725699,4.35004637832415
Train,4.4705959788426,4.47036276297539
Train,4.58583598150907,4.58566465529683
Train,4.6965051107009,4.69621554632275
Train,4.8027582378426,4.80264638326142
Train,4.90474721886879,4.90462185757886
Train,5.00292996845484,5.00263793859293
Train,3.09471856431002,3.09762001054722
Train,3.23500323401663,3.23644728799653
Train,3.36948600584679,3.37028009209851
Train,3.49814142093172,3.49929463496327
Train,3.62152099346461,3.62376726754545
Train,3.74011669859572,3.74103931722883
Train,3.85386675800813,3.85534352968924
Train,3.96338341441379,3.96439838964969
Train,4.06858886865565,4.06946226430253
Train,4.16988148579777,4.1702684047016
Train,4.26761921468376,4.26837272452784
Train,4.36170860181815,4.36183892110083
Train,4.4524835826098,4.45307801433617
Train,4.54024536245122,4.54054851147183
Train,4.62489176091581,4.62521586253959
Train,4.70682671634155,4.70771022559737
Train,4.78594487316106,4.78607252119062
Train,4.86250170191183,4.86278896047978
Train,4.93672894857503,4.93690367870684
Train,5.00851923481957,5.00857648717309
Train,3.12102400733333,3.12114171281817
Train,3.2516600495853,3.25012103216094
Train,3.37764850734976,3.3776439631877
Train,3.49961886205335,3.49832005441957
Train,3.61738623568338,3.61660802212671
Train,3.73152542089861,3.73038303391903
Train,3.84185090945959,3.84101081023644
Train,3.948889628503,3.94813152984378
Train,4.05245698182108,4.05115715738455
Train,4.1530377787631,4.15201148113946
Train,4.25044947762383,4.24993428653059
Train,4.34513964281639,4.34482621241139
Train,4.43692862425731,4.43643129233922
Train,4.52623089738912,4.52527114838839
Train,4.61287030698899,4.61184540911589
Train,4.69723180404271,4.69604203913721
Train,4.77914315195154,4.77357562107162
Train,4.85896285064671,4.85558737803902
Train,4.93652286807139,4.93383083352481
Train,5.01215791623429,5.00945145668473
Train,2.12802222313387,2.12814333341911
Train,2.36490506830686,2.36487669600709
Train,2.58741701361465,2.58734901477536
Train,2.79682731094542,2.79675491399783
Train,2.99426001799898,2.99421072382782
Train,3.18050290524228,3.18053893584537
Train,3.35688074995192,3.35690095403359
Train,3.5239672003733,3.52382239004899
Train,3.68247760551795,3.68253467666753
Train,3.83305571837262,3.83307609647116
Train,3.97628243440013,3.97626372816402
Train,4.11268328066721,4.11255968689173
Train,4.2427348591471,4.24274292566068
Train,4.36687041070761,4.3668699237717
Train,4.48548463667067,4.48543762582657
Train,4.59880853452407,4.59879901398043
Train,4.70743593043426,4.70739985203207
Train,4.81153385241181,4.81149132258386
Train,4.91137981519434,4.9113502166986
Train,5.00722911664882,5.00718507078662
Train,1.81038368656383,1.81084257935825
Train,2.02548317459678,2.02565420185809
Train,2.22448315080535,2.22462713729718
Train,2.40912590843956,2.40878501953219
Train,2.58091109202867,2.58116388333682
Train,2.74113651813628,2.7410188145407
Train,2.89093102363444,2.89106861270219
Train,3.03128110080254,3.03110462364228
Train,3.16305264842496,3.16311485103168
Train,3.28700885272938,3.28662273438775
Train,3.4036290244048,3.40400218696985
Train,3.51391553922327,3.51405622230621
Train,3.61819508414626,3.61793279107613
Train,3.71694542006264,3.71672192743816
Train,3.81059495178111,3.81083236744988
Train,3.8995289411069,3.89923336552991
Train,3.98409480442473,3.98425711539702
Train,4.06460664839623,4.06448507008853
Train,4.14134916861401,4.14117177664255
Train,4.21458101321029,4.21496256347408
Train,3.63871956291818,3.63868593150645
Train,3.68443844465506,3.68467860380432
Train,3.72943380900986,3.72921161951334
Train,3.77372269602578,3.77391731038759
Train,3.81732161481877,3.81729541715711
Train,3.86024656409576,3.86047894034371
Train,3.90251305172862,3.90281336892466
Train,3.94413611343421,3.94392503448424
Train,3.98513033060777,3.98474876394565
Train,4.02550984735411,4.02595501923887
Train,4.06512318277353,4.06475914203864
Train,4.10431649407969,4.10441231423127
Train,4.14293501937491,4.14287622643704
Train,4.18099131082732,4.18103937978984
Train,4.21849755776087,4.21873874858673
Train,4.25546559967218,4.25582810571021
Train,4.29190693869096,4.2915894399014
Train,4.3278327515116,4.32786563376092
Train,4.36325390082198,4.36297378370026
Train,4.39818094625394,4.39809922023804
Train,2.12394485879005,2.12361041683133
Train,2.36253145342356,2.3619161375066
Train,2.58639664325875,2.58632322592556
Train,2.79686217341245,2.79653733205876
Train,2.99509615828359,2.99462412010715
Train,3.18213477249621,3.18178210650175
Train,3.35890036774416,3.35887469110847
Train,3.52621668424383,3.52598180429439
Train,3.68482168623649,3.68462006502912
Train,3.83537844351841,3.83524807150778
Train,3.97865648210298,3.9784128686263
Train,4.11484315904178,4.11448406181833
Train,4.24460817712452,4.24361427996726
Train,4.36839527853357,4.36824277179793
Train,4.4866082419962,4.485754054924
Train,4.59961528261212,4.59879061746713
Train,4.70775288291926,4.7067398328766
Train,4.81132913916585,4.81085424730216
Train,4.9106266928821,4.91045350882294
Train,5.00590530649725,5.00524644608621
Train,2.12454614480475,2.12447522625397
Train,2.36124242760022,2.36146691956336
Train,2.583596571022,2.5832592751797
Train,2.79287379339299,2.79257201689714
Train,2.99019474602229,2.98999069042864
Train,3.17634440962545,3.17610493539204
Train,3.35264488666534,3.35276526554324
Train,3.51966784244275,3.51935409086244
Train,3.67812682368655,3.67787774251727
Train,3.82866403305453,3.8286923284434
Train,3.97185902836873,3.97164343486318
Train,4.10823617927866,4.10812615927378
Train,4.23827108360367,4.23858676323678
Train,4.36239610883781,4.36220753655315
Train,4.4810051948849,4.48088096109521
Train,4.5943286719227,4.59456803803576
Train,4.70295978316444,4.70283757068345
Train,4.80706504866697,4.80704072244069
Train,4.90692153400672,4.90700426758511
Train,5.00278414163215,5.00259889090038
Train,3.61781769545303,3.61560381695407
Train,3.71311090183243,3.71076913243113
Train,3.8052118033507,3.80265788227215
Train,3.89461685899784,3.89384788578562
Train,3.98127783886077,3.97978825245471
Train,4.06515968127861,4.06060749181441
Train,4.14670308777205,4.14654737538902
Train,4.22570352652498,4.22443814729584
Train,4.30256964684118,4.30233711479767
Train,4.37724455012331,4.3767013660511
Train,4.44968274008806,4.44917455923522
Train,4.52025102506863,4.5199546205952
Train,4.58889006716147,4.58820574494556
Train,4.65555096029226,4.65559594408504
Train,4.72056486130055,4.7193739483885
Train,4.78375096267509,4.78318563304154
Train,4.84541951261419,4.84465818265406
Train,4.90550990522963,4.90525120131159
Train,4.96397052250287,4.96306968040543
Train,5.02108382208846,5.01925409240019
Train,3.80529054130264,3.80562741910061
Train,3.88679681874998,3.88697785675712
Train,3.96582059737692,3.96593159947614
Train,4.04247359291613,4.04274192150868
Train,4.11702058066718,4.11691196517157
Train,4.18923660522049,4.18937075585953
Train,4.2593794489494,4.2597345592915
Train,4.32753712397606,4.32759266649035
Train,4.39379273013306,4.393767114638
Train,4.45822479296398,4.45839337962051
Train,4.52104228020264,4.52102084362949
Train,4.58204247929134,4.58231363683834
Train,4.64143038938043,4.64148789689014
Train,4.69926909806741,4.69940601827355
Train,4.75561844390338,4.75561731928272
Train,4.81053522289395,4.81060915588413
Train,4.86418855309537,4.86442365927749
Train,4.91639651904905,4.91650234517536
Train,4.96732599419534,4.96738800928532
Train,5.01702337281038,5.01690759817965
Train,3.80736096473406,3.80818388389551
Train,3.88858403413005,3.88906401733064
Train,3.96735867808067,3.96822124560666
Train,4.04379396240969,4.04362228618655
Train,4.11799256989397,4.11896979943802
Train,4.18989753363257,4.19080895672622
Train,4.25991190495825,4.26034893930435
Train,4.32796357812471,4.32830408024555
Train,4.39413394220815,4.39438391795219
Train,4.45849994758805,4.45862284740386
Train,4.5211344044673,4.52159829836117
Train,4.58210625762007,4.58240212702029
Train,4.64148083954705,4.64129943356628
Train,4.69932010399234,4.69966173451056
Train,4.75568284157655,4.75645055081648
Train,4.81050745255944,4.81021354996145
Train,4.86408474244579,4.86446676667791
Train,4.91634471224362,4.91655721037776
Train,4.96733535591866,4.96721857387118
Train,5.01710236398957,5.0169749758318
Train,2.61222951173734,2.61259258348972
Train,2.80811446214001,2.80775313339498
Train,2.99245153987645,2.98973466558917
Train,3.16576291100847,3.16181998503115
Train,3.3294516305902,3.32567053132178
Train,3.48387819132424,3.4789425506572
Train,3.63020333715609,3.62615010774997
Train,3.76867178625001,3.76518420134042
Train,3.90025659835759,3.89724836198392
Train,4.02511866849551,4.02026013719686
Train,4.14408337770664,4.14079576062457
Train,4.25725040133072,4.25344405888999
Train,4.36532726481494,4.36186248705443
Train,4.46836864157228,4.46479137485975
Train,4.56698679313312,4.56333507095067
Train,4.66120317185336,4.65756611113855
Train,4.75155213950906,4.74723952774028
Train,4.83803057829081,4.8362363076997
Train,4.92110847417142,4.91805305271945
Train,5.0007645517408,4.9980367128849
Train,2.41282712050804,2.41354151203658
Train,2.63109429546865,2.63145251704217
Train,2.83499448716023,2.83420612425496
Train,3.02637901735132,3.02468343230092
Train,3.20614058019622,3.20596413126285
Train,3.37530678295193,3.3758746996721
Train,3.53458766572841,3.53471893821214
Train,3.68520263962307,3.68460631860606
Train,3.82766101707114,3.82745166786143
Train,3.96260791403029,3.96244524854072
Train,4.09046122106435,4.09004849327565
Train,4.21207163177726,4.21127347317477
Train,4.32773961627218,4.32738223432924
Train,4.43789034675677,4.43728444305842
Train,4.54277702375156,4.542020087971
Train,4.64302076594095,4.64258124120196
Train,4.73880211646381,4.73793913838407
Train,4.83041255545816,4.83057223418681
Train,4.91800795756756,4.9187982552069
Train,5.00205880059445,5.00124618188082
Train,3.80573082075371,3.8040923918127
Train,3.88773727770744,3.88712459323532
Train,3.96701709542473,3.96560836456436
Train,4.04402828289242,4.04316592754575
Train,4.11855134446702,4.1178332672537
Train,4.19101016451579,4.19050873028417
Train,4.26119208402135,4.26051407822186
Train,4.32949058491133,4.32879134772182
Train,4.39569993085284,4.39465762837452
Train,4.46018640179187,4.45968639319134
Train,4.52275117028072,4.52241532526048
Train,4.58373608070372,4.58350306639867
Train,4.64294912850176,4.64270162135316
Train,4.70071012561216,4.70028676729661
Train,4.75683375293796,4.75629993232386
Train,4.81161988722901,4.81153227717394
Train,4.86488972160738,4.86481366920296
Train,4.91692503600415,4.91661911560758
Train,4.96755333844134,4.96748660179972
Train,5.01703993013606,5.01680856458214
Train,3.80679963017006,3.80641413520451
Train,3.88853619945631,3.88858446373732
Train,3.96790495497618,3.96764436279435
Train,4.0446788190934,4.04482647362991
Train,4.11914158398224,4.11896767381066
Train,4.1913960576722,4.19141632924974
Train,4.26168896550085,4.261346741969
Train,4.32980739164389,4.32989387378282
Train,4.39599177344604,4.39601869931747
Train,4.46032332614735,4.46025257453974
Train,4.52301259847589,4.52282501682592
Train,4.58386088680499,4.58389298627688
Train,4.64307442647552,4.6431064072788
Train,4.70071822294743,4.70064896499051
Train,4.75697405317594,4.7567913943897
Train,4.81165690988026,4.81170870775194
Train,4.86494560966168,4.86490068531956
Train,4.91689279812694,4.91680381908035
Train,4.96765701656937,4.96773491432785
Train,5.01706616086291,5.01675890585128
Train,2.1264630479748,2.12628267162316
Train,2.37653488173815,2.37656514098879
Train,2.60914260244254,2.60929430350032
Train,2.8260539302984,2.82601526767783
Train,3.0288058003377,3.02866650130844
Train,3.21851318760073,3.21854638721223
Train,3.39682319959956,3.3968823157741
Train,3.56453123581615,3.56448815318825
Train,3.72255555733417,3.72271190388372
Train,3.87171135732841,3.87163664889184
Train,4.01272482711095,4.01263771250914
Train,4.1462449798098,4.14639190556435
Train,4.27285363793612,4.2726175075043
Train,4.39307390910113,4.39325510954612
Train,4.50737741030857,4.50737093873275
Train,4.61605901206237,4.61604876081063
Train,4.7197740013585,4.71969972441392
Train,4.81873533550023,4.81885330735193
Train,4.91326250996789,4.9132340262261
Train,5.00364701636392,5.00357858631131
Train,2.12529399055227,2.12762672334455
Train,2.3610535701869,2.36261860061157
Train,2.58268886024907,2.58375829613604
Train,2.79143221890031,2.79268741364311
Train,2.98837669011927,2.98930087925354
Train,3.17428418293765,3.1771483250889
Train,3.35045654353513,3.35256618978409
Train,3.51744905314268,3.51759981953026
Train,3.6759609975407,3.67521782080829
Train,3.82662239611984,3.82550300574465
Train,3.97000237094471,3.96941703342262
Train,4.10661633102428,4.10693534923147
Train,4.23693216296233,4.23649237033922
Train,4.36137558470172,4.36167900166427
Train,4.48033479145105,4.47961480218172
Train,4.5940346890195,4.59387104892474
Train,4.70306509449464,4.70203133714338
Train,4.80758836390749,4.80687946611968
Train,4.90787831398354,4.90755277499219
Train,5.00418702186823,5.0031211821445
Train,2.89537513363056,2.89595730306999
Train,3.0536379441106,3.05380955540412
Train,3.20420484140988,3.20497769279999
Train,3.34802429362926,3.34835547000356
Train,3.48515656987851,3.48542629657848
Train,3.61642334737393,3.61711934873555
Train,3.74184210854682,3.74226600043429
Train,3.86213073069763,3.86233185953123
Train,3.97727516498583,3.97806513923232
Train,4.08790741579409,4.08850742042367
Train,4.19399024030099,4.19432654110668
Train,4.2960839175057,4.2967675496441
Train,4.39413423522894,4.39433416108321
Train,4.48864103584654,4.48897765116661
Train,4.57953781612972,4.57975744940294
Train,4.66727308145552,4.66765792072354
Train,4.75177157289784,4.7520807493095
Train,4.83343786296961,4.83373277801391
Train,4.91219062008994,4.91229469792987
Train,4.98839656101453,4.9881959458983
Train,2.12906418543011,2.1294973689185
Train,2.35308141300262,2.35317310860799
Train,2.56542882672524,2.56550090149929
Train,2.76699515810088,2.76711851766985
Train,2.95858112928632,2.95863989082526
Train,3.14110098486479,3.14124388059671
Train,3.31481911535804,3.31499878724233
Train,3.48053063417806,3.48059120455244
Train,3.63877660574406,3.63877452592377
Train,3.79005041695326,3.79010902145481
Train,3.93480291554596,3.93478827846073
Train,4.07344689795771,4.07369230976863
Train,4.20636104075348,4.20622532690712
Train,4.33389335449844,4.33406488122663
Train,4.456364226402,4.45642524244275
Train,4.57419294059069,4.57424933112296
Train,4.68740004454056,4.68753427313303
Train,4.79636676456226,4.79611311132274
Train,4.90132696795993,4.90138813202455
Train,5.00249763470914,5.00250779931619
Train,2.11327924112793,2.11445075702457
Train,2.35658173031271,2.35751272466976
Train,2.58402546934839,2.58467473697627
Train,2.79756895725251,2.79848929332755
Train,2.99823329121516,2.99901628410979
Train,3.18714950788917,3.18766562443878
Train,3.36512869458639,3.36558200382231
Train,3.53345533466973,3.5342477893976
Train,3.6927224139305,3.69369061551359
Train,3.84364216199312,3.84413467177027
Train,3.98669984920483,3.98740272633975
Train,4.12278726264177,4.12308320004039
Train,4.25226189343012,4.25282271990389
Train,4.37559430295279,4.37599054933188
Train,4.49308448494283,4.49355888533708
Train,4.60538031108931,4.60568287115555
Train,4.71270265088896,4.71298427659738
Train,4.81537475333231,4.81558852777769
Train,4.91358611179845,4.91375745521171
Train,5.00782502962246,5.00796279507293
Train,2.11931570564177,2.11971288277371
Train,2.3406265962765,2.34073469071544
Train,2.55116795758867,2.55132035951491
Train,2.75129450116235,2.75130009348166
Train,2.94195662315319,2.94195958345907
Train,3.12399779507719,3.12418484312028
Train,3.29763110619184,3.29747428276122
Train,3.46376840277535,3.46409001417877
Train,3.62255649902256,3.62244433501863
Train,3.77462943147285,3.77461294788762
Train,3.92055509928084,3.9207058324503
Train,4.0604092681375,4.06040586411499
Train,4.19470191116971,4.19456185582047
Train,4.32389192490515,4.32416860734182
Train,4.44800740475618,4.44790032432892
Train,4.56758893748675,4.56762749288126
Train,4.68264181646858,4.68284194792458
Train,4.79353331726023,4.79336438295676
Train,4.90059612973595,4.90058470194006
Train,5.00381083553416,5.0037755774504
Train,2.12839386717379,2.12866748273908
Train,2.365771339067,2.36576140392234
Train,2.58861642001629,2.58853935524192
Train,2.79822399569451,2.79822971151978
Train,2.99595677854541,2.99613502986566
Train,3.18238533043354,3.18218340120464
Train,3.35864594203122,3.35894770764233
Train,3.52554838030815,3.52528989387455
Train,3.68381865018817,3.68388266494393
Train,3.83410955193628,3.83412080695806
Train,3.97716753219631,3.9770573142271
Train,4.11320149800927,4.11333925906755
Train,4.24285952041615,4.24290226904512
Train,4.36657959778536,4.36650976558693
Train,4.48476050856266,4.4848031041004
Train,4.59776610501519,4.59787854057166
Train,4.70604892226684,4.70595370733307
Train,4.80966900378909,4.80978308645379
Train,4.90903120470013,4.90892667977849
Train,5.00439268407793,5.00441098301625
Train,3.72531940591216,3.72526011724793
Train,3.81355006248276,3.81387326104985
Train,3.89910370578193,3.89920758979523
Train,3.98176646028418,3.9816283031071
Train,4.06200497426463,4.06222208581702
Train,4.1396107291213,4.13972092370048
Train,4.21501447792363,4.21506908647669
Train,4.28801348777979,4.2880948581699
Train,4.35900664635875,4.35899971206917
Train,4.42779725741733,4.4279667180056
Train,4.49475579342107,4.49479197186546
Train,4.55969171397872,4.55983040197706
Train,4.62295004665311,4.62290483526548
Train,4.68434642897675,4.68441834361537
Train,4.74420301403268,4.74426010370033
Train,4.80234156827577,4.80238238132395
Train,4.85906360552771,4.859282246802
Train,4.91419692076629,4.91413735472841
Train,4.96802434118798,4.96800657620432
Train,5.0203795533777,5.02041743862745
Train,2.12342114714285,2.12448287069518
Train,2.34787688663283,2.34808905445633
Train,2.56067714470089,2.56040900518954
Train,2.76270681057394,2.76292936017515
Train,2.95454483116554,2.95443940168142
Train,3.13735944970684,3.13737401763163
Train,3.31157383725271,3.311300558966
Train,3.47778092391275,3.47771065777877
Train,3.63652035933355,3.63640633957064
Train,3.78828436590831,3.78832493241888
Train,3.93335700316597,3.93349062997393
Train,4.07248886439546,4.07239636811963
Train,4.20588483348326,4.20591086956509
Train,4.33389245095729,4.33387240869004
Train,4.4568317363142,4.45719117865909
Train,4.5749978593045,4.57500736984028
Train,4.68853339679662,4.68875280728051
Train,4.7979556877325,4.79777741527895
Train,4.90336333270543,4.90338765323057
Train,5.00497329444606,5.00470990355487
Train,2.1208704296624,2.12105747960985
Train,2.34465519429434,2.34214743229339
Train,2.55717767725885,2.55584561139065
Train,2.75878680337357,2.75794617327873
Train,2.95075851920009,2.95005117330246
Train,3.13333216068679,3.13329461638594
Train,3.30759612221184,3.30697486645321
Train,3.47370835082017,3.47343861117796
Train,3.63260634091391,3.63285144406499
Train,3.78438719218116,3.78439292817737
Train,3.92986554903779,3.92996357024484
Train,4.06909280128947,4.06926064913231
Train,4.20278250003747,4.20295892635139
Train,4.3309515951509,4.33101359987293
Train,4.45422962792305,4.45431474849127
Train,4.57260757488032,4.57273480723623
Train,4.68664453331732,4.68662936542777
Train,4.79631191747419,4.7965335086158
Train,4.90210926517572,4.90203517408762
Train,5.00399331640657,5.00407876813213
Train,2.12924931223767,2.12974844852241
Train,2.35912135883691,2.35910284609079
Train,2.57606560891658,2.57673280608677
Train,2.78134971765133,2.78156904234155
Train,2.97549677801343,2.97588871323049
Train,3.15957488024274,3.15997609163995
Train,3.33434752821244,3.33466173601872
Train,3.5005029360257,3.50061790588032
Train,3.65882320039333,3.65914040448505
Train,3.80954418524963,3.80986216030968
Train,3.95334573313776,3.95368910215282
Train,4.09069364756216,4.09094296391075
Train,4.22214607077486,4.22276096568047
Train,4.34781929167818,4.34807366689737
Train,4.46820830188515,4.46856418464111
Train,4.58363951855301,4.5838494384482
Train,4.69441301658393,4.69463735865091
Train,4.80091331381728,4.80116089128959
Train,4.9031747958769,4.90333153890632
Train,5.0015455379266,5.00155827025836
Train,2.12268676356649,2.12306644548906
Train,2.35437024298205,2.35406646263098
Train,2.57261457400547,2.57288392210856
Train,2.77900928900267,2.77862145064526
Train,2.97427889183946,2.97440308463073
Train,3.15929927688799,3.15932762606488
Train,3.33466344003837,3.33425585306785
Train,3.50147538002271,3.50142344896111
Train,3.66017057548459,3.65992330688121
Train,3.81132737330689,3.81103034816286
Train,3.95531135041539,3.95539339433552
Train,4.09292492768439,4.09249772768479
Train,4.22443618249143,4.22428582407545
Train,4.35024221157688,4.35036919230723
Train,4.47057315835938,4.47015315015986
Train,4.58603412447468,4.58609904130234
Train,4.69679208283185,4.69676409799675
Train,4.80312864558078,4.80294526173046
Train,4.90519018636411,4.90495292130462
Train,5.00344703892792,5.00316465677705
Train,2.12265009782257,2.12304747115948
Train,2.35572979025563,2.35576252238778
Train,2.5750598392882,2.57493966468272
Train,2.78228252437193,2.78226870113238
Train,2.97815509591462,2.97825720907375
Train,3.16337869508461,3.16353255370294
Train,3.33919032227398,3.33909391042497
Train,3.50610313654632,3.50626950700488
Train,3.66459901773056,3.66464276941795
Train,3.81563599656026,3.81586391488625
Train,3.95956741881483,3.95932642566575
Train,4.09688318371382,4.09712419019732
Train,4.22788248146663,4.22771609690634
Train,4.3532717463446,4.35334562977031
Train,4.4732692247139,4.47301008835737
Train,4.5880866177951,4.58815486458141
Train,4.69829906504583,4.69844714144372
Train,4.80405938971801,4.80405959440057
Train,4.90551810405756,4.90544078134943
Train,5.0031513190045,5.00305829947709
Train,2.12003463554383,2.12036471337732
Train,2.35714783650814,2.35720219921157
Train,2.57988878253158,2.57987938346585
Train,2.78952576432176,2.78988121998217
Train,2.98718210835904,2.98723556533176
Train,3.17385631307468,3.17418317637592
Train,3.35043891934648,3.35059280911472
Train,3.51772671694906,3.51826260957413
Train,3.67643476517014,3.67689238505799
Train,3.82720661015239,3.82759099272906
Train,3.97076419218273,3.97116650416527
Train,4.10734393666354,4.10766284193622
Train,4.23757068763201,4.23793882730777
Train,4.36187763354051,4.36215312125231
Train,4.48065945461069,4.48088325494271
Train,4.59427650878617,4.59470709375117
Train,4.70305848327393,4.7031550613722
Train,4.80730758961421,4.80765782107145
Train,4.9073013674932,4.90744306721561
Train,5.00329515207782,5.00333395981241
Train,3.80508631483291,3.80479828235937
Train,3.88654810933985,3.88680288573622
Train,3.96554137244398,3.96503337451967
Train,4.04217663505703,4.04202237825328
Train,4.11655792629238,4.11679225458309
Train,4.18878324460844,4.18839106736076
Train,4.25894498856847,4.25862711580365
Train,4.32713035119821,4.32729360040347
Train,4.39342168148047,4.39286792762531
Train,4.45789681613797,4.45812537394184
Train,4.52062938451491,4.52039295044623
Train,4.58168908906809,4.58144512990501
Train,4.64114196371404,4.64120636065153
Train,4.69905061204529,4.69879719393456
Train,4.75547442722233,4.75537903014291
Train,4.81046979516499,4.8103347958643
Train,4.86409028250449,4.86409619623399
Train,4.91638681061312,4.91625185303227
Train,4.96740781690015,4.96744909493671
Train,5.01719940444774,5.01657856219052
Train,3.18919590616482,3.18919638318428
Train,3.35110363820856,3.35105531169055
Train,3.50017321443827,3.50009645567869
Train,3.63809633302091,3.63769979934685
Train,3.76566391271009,3.76582195933978
Train,3.88419202512317,3.88344991941657
Train,3.99460860156457,3.99471523089986
Train,4.09771876847839,4.09715118768171
Train,4.19438176813094,4.19471605847892
Train,4.28488832998997,4.28429662907391
Train,4.36994699884477,4.37026938428997
Train,4.4500352933538,4.44888570822903
Train,4.52570006680876,4.52572058137983
Train,4.59706403329089,4.59694948240602
Train,4.66459410755469,4.66441355961095
Train,4.72859116050274,4.72858347449463
Train,4.78932538379668,4.78934958029666
Train,4.84713484658777,4.84714960919181
Train,4.90204523927743,4.90123080805305
Train,4.95435506960501,4.95420733462041
Train,2.12396630538222,2.12447195393568
Train,2.35179801990334,2.35206121496984
Train,2.56719130228627,2.56747559374733
Train,2.77113769693759,2.77122353545227
Train,2.96472585072628,2.96518373729149
Train,3.14834545487138,3.14833489864785
Train,3.3229274537559,3.32323150675464
Train,3.48912305658993,3.48972224247362
Train,3.64752237575987,3.64751902897504
Train,3.79866142779374,3.79897551925049
Train,3.94317785281554,3.94343027585663
Train,4.08121105218151,4.08158194663364
Train,4.21332460613861,4.2135650371022
Train,4.33989132251716,4.34020267800614
Train,4.46125334785472,4.46156808441109
Train,4.57772525603336,4.57801701036468
Train,4.68971305924139,4.68972074113506
Train,4.79724700049699,4.79737675911409
Train,4.90069504887542,4.90070543938444
Train,5.00028573597156,5.00024719803722
Train,2.12959268598176,2.13007695412333
Train,2.34922797403016,2.34974593383621
Train,2.55808462116416,2.55828743369446
Train,2.75693707001518,2.75761117848404
Train,2.94648730718673,2.9463611161157
Train,3.12737314322413,3.12759081821085
Train,3.300175382515,3.30053410635108
Train,3.46542405295298,3.46583065575058
Train,3.62360383613738,3.62412032020464
Train,3.77515881529847,3.77535661151004
Train,3.92049663890815,3.92070767392241
Train,4.05999218218508,4.06031750833452
Train,4.19399077574487,4.19420301545714
Train,4.32281105994149,4.32325347671238
Train,4.44674751456767,4.44697878475953
Train,4.56607270619007,4.56638846880768
Train,4.68103928921828,4.68121891867148
Train,4.79188179162676,4.79208116732142
Train,4.89881821189066,4.89884112441749
Train,5.00205145001714,5.00200315417559
Train,2.12566445510026,2.12732299790904
Train,2.3510771857013,2.35197433981765
Train,2.5643697422057,2.56498020578536
Train,2.76693524240595,2.76722704099328
Train,2.95935288700232,2.95999268041877
Train,3.14216688607041,3.14256028481421
Train,3.31645903249907,3.31633157428249
Train,3.48262977900552,3.4840295595898
Train,3.64106046988412,3.64112707873236
Train,3.79261081227122,3.7938539763384
Train,3.93756061359706,3.93775845759618
Train,4.07633189810952,4.07768922867789
Train,4.20916581699346,4.21020518794492
Train,4.33671472675721,4.33776706462621
Train,4.45915344895581,4.46038873330352
Train,4.57665406274027,4.57711979654804
Train,4.68975735968976,4.6908679281153
Train,4.79858602189858,4.79858344203629
Train,4.90326284345048,4.90307364369463
Train,5.00424258269513,5.00360599088552
Train,0.883406418023391,0.884218227682399
Train,1.16053240111596,1.16003932880656
Train,1.415347312742,1.41570886304206
Train,1.64968499032115,1.65011773844552
Train,1.8662672181082,1.86628412593226
Train,2.06736284559467,2.06748437658487
Train,2.25397073943433,2.25391390044777
Train,2.42788327684906,2.42748746789246
Train,2.59061699747766,2.59096973143122
Train,2.74272144222805,2.74248894276051
Train,2.88543657785304,2.8857775503241
Train,3.01960576818161,3.01919040371675
Train,3.14618016407275,3.14607182860735
Train,3.26539767298131,3.26520393356285
Train,3.37806498066384,3.37833465802786
Train,3.48488162631605,3.48482495742454
Train,3.58596105495869,3.58604430830408
Train,3.6819099195626,3.68150645881204
Train,3.77325840106972,3.77300766792567
Train,3.86004507831147,3.86046492542326
Train,2.1277819703467,2.12773065865284
Train,2.3553920426656,2.35555722600501
Train,2.57056746525497,2.5706590437442
Train,2.774510200992,2.77438699997973
Train,2.96767848696358,2.9678071269266
Train,3.15109327755476,3.1509078298225
Train,3.32547509579793,3.32550143093639
Train,3.49147520042057,3.49108593823283
Train,3.64984737003697,3.6497524619447
Train,3.80079286731003,3.8011111760973
Train,3.9449711958806,3.94491438417416
Train,4.0828274556459,4.0825998370822
Train,4.21490531602045,4.21517658179463
Train,4.34129827692849,4.3410101606244
Train,4.46249118487946,4.46272826249723
Train,4.57879848197566,4.57870943139668
Train,4.69050975921922,4.69024410974478
Train,4.79800371026766,4.79809926957776
Train,4.90129987929587,4.90129481881403
Train,5.00074266561156,5.00061385309917
Train,2.1202359420544,2.1217605401146
Train,2.35623760001112,2.35736288952129
Train,2.5780921314055,2.57913723314076
Train,2.78703459336688,2.78795261596341
Train,2.98416034608739,2.98582021321298
Train,3.17044426101161,3.17129487437731
Train,3.34675684452105,3.34826410057966
Train,3.51387783992243,3.51452402808016
Train,3.67250775616745,3.67363874862739
Train,3.82327768285522,3.82439668477699
Train,3.96675768152906,3.96778247094724
Train,4.1034639885138,4.10403641810652
Train,4.23386522114016,4.2360513162387
Train,4.35838774460766,4.36012090171815
Train,4.4774203290061,4.47915198304352
Train,4.59131820366708,4.59317512772057
Train,4.70040659791529,4.70251946257148
Train,4.80498384255612,4.8056052150171
Train,4.90532409438881,4.90541073157172
Train,5.00167973614037,5.00175297241029
Train,3.74273550016899,3.74289922890265
Train,3.82874242906088,3.82882555885252
Train,3.91204548926235,3.91227844803896
Train,3.99277021307129,3.99296031756629
Train,4.07103448043977,4.07111922010907
Train,4.14694909332201,4.14706950435019
Train,4.22061829905803,4.22073917885089
Train,4.29214026799212,4.29218997641536
Train,4.3616075299277,4.36167945527658
Train,4.42910737349907,4.42936957976443
Train,4.49472221208447,4.49495824328577
Train,4.55852991948575,4.55855726940743
Train,4.62060413824944,4.62073059804632
Train,4.68101456319575,4.68131551528885
Train,4.73982720245054,4.73978465185454
Train,4.79710461803561,4.7972478047416
Train,4.85290614786091,4.85309968741447
Train,4.90728811077458,4.90736229452549
Train,4.96030399616043,4.96035676588898
Train,5.01200463942448,5.01206233138172
Train,3.79693439556105,3.79724692743574
Train,3.87713520306871,3.8772399225675
Train,3.9550573806178,3.95513603136013
Train,4.03066236005442,4.03084704003075
Train,4.10431291925466,4.10443851419794
Train,4.17595643483801,4.17608830819907
Train,4.24567384459165,4.24562927889591
Train,4.31354179207023,4.31385523182351
Train,4.37951559202317,4.37969545027252
Train,4.44390176439146,4.44403309290309
Train,4.50664522886314,4.50656432020722
Train,4.5678080600802,4.56796212122962
Train,4.62734330767854,4.62745108244079
Train,4.68552151860691,4.68569979206612
Train,4.74228743974852,4.74226319824473
Train,4.79769187990683,4.79792325324914
Train,4.85178323955669,4.85201956990594
Train,4.90451375460769,4.90451393216452
Train,4.95611737794341,4.95614827620401
Train,5.00653996048326,5.0066592214246
Train,2.1221828949409,2.12234756999195
Train,2.33175225558076,2.332118908784
Train,2.5328438757832,2.53278237531439
Train,2.72558592830184,2.72586450764746
Train,2.91066809938173,2.91088584076741
Train,3.08853811646379,3.08870553668774
Train,3.25977644433965,3.26007921876979
Train,3.42442543521786,3.42451222671324
Train,3.58301291669796,3.58280677003157
Train,3.73586756797782,3.73616225474351
Train,3.88343881385723,3.88355414523929
Train,4.02571753041377,4.0256729841897
Train,4.1631175952725,4.16326449083525
Train,4.29588570789803,4.29591987210395
Train,4.42437781882477,4.42452892478858
Train,4.54855396622357,4.54862569119385
Train,4.66874551509666,4.66889883762295
Train,4.78514122530234,4.78515810724301
Train,4.89802858904853,4.89806929639261
Train,5.00734949443841,5.00726308718393
Train,2.127363861585,2.12694755423243
Train,2.36120034487585,2.36110764804133
Train,2.58131109369605,2.58118237481929
Train,2.78887016057013,2.78864812101191
Train,2.98473759057274,2.98438288163405
Train,3.1702220432636,3.16973128595808
Train,3.34596255326694,3.34621462737803
Train,3.51270727830512,3.51231500957172
Train,3.67112969428027,3.67094825238408
Train,3.82183768690393,3.82141319599421
Train,3.96524621173849,3.96531085286941
Train,4.10213074547067,4.10202088151371
Train,4.23280324799678,4.23274176967633
Train,4.35767720435445,4.3575957855758
Train,4.47713019960063,4.47719995208562
Train,4.59150773221558,4.5912538245432
Train,4.70102304081977,4.70095640563185
Train,4.80617825226882,4.80618255883408
Train,4.90713312034883,4.90710179847909
Train,5.00413438630347,5.00399652986042
Train,2.12697172194735,2.12701441002381
Train,2.34708100812815,2.34679389730107
Train,2.55662844887172,2.55623279513046
Train,2.75589571631045,2.7548500171072
Train,2.94584034493259,2.94482822411763
Train,3.12710161436918,3.12644774152094
Train,3.30046199925953,3.29953968806902
Train,3.46604339843245,3.46537837593886
Train,3.62454114621304,3.62440281190746
Train,3.77640028600461,3.7751861344116
Train,3.92219814783348,3.92158864946058
Train,4.06196608943863,4.06156476058485
Train,4.19622609537134,4.19528172435483
Train,4.32529745712326,4.32489122369978
Train,4.44961942211055,4.44935756789008
Train,4.56917146386033,4.56876564123039
Train,4.68435652012277,4.68414607860567
Train,4.79540957440937,4.79492780325771
Train,4.90267360385345,4.90226979613024
Train,5.00609851481497,5.00544124930119
Train,2.12679631226947,2.12673560469946
Train,2.35941052263164,2.35996668926626
Train,2.57855838927712,2.5781615265262
Train,2.7853763926517,2.78525056710012
Train,2.9807093859723,2.980880288171
Train,3.16580492170389,3.16458932312915
Train,3.34129673264503,3.34009130629082
Train,3.50791335586963,3.50725718938
Train,3.66631145689403,3.66638080025976
Train,3.81708447918541,3.81672072714381
Train,3.9606466690095,3.96022389032831
Train,4.0977387037355,4.09702775314171
Train,4.22867562454959,4.22835635546315
Train,4.35386285562561,4.3537632347109
Train,4.47367098020691,4.47317764143762
Train,4.58843940454499,4.58821435689996
Train,4.69838477973748,4.69811664122634
Train,4.80398676873918,4.80376062330859
Train,4.90541021219951,4.90528306952573
Train,5.00289830872002,5.00275048757274
Train,2.11959601515214,2.11961518916022
Train,2.35722643235063,2.35728024776862
Train,2.58036662613676,2.58025642251258
Train,2.79030275957965,2.7901113972587
Train,2.98817315549093,2.98814279056049
Train,3.17512527668088,3.17499051012809
Train,3.35178037342223,3.35167375202244
Train,3.51908850969932,3.51884089210606
Train,3.67777239842959,3.67780289852479
Train,3.82848211710734,3.82834650648536
Train,3.97180400931826,3.97159444950765
Train,4.10826830850856,4.10825617599429
Train,4.23835569298829,4.23814772578433
Train,4.36250294297825,4.36245451472886
Train,4.48110784000778,4.48094754354341
Train,4.59461671815349,4.59453226287977
Train,4.70319147943707,4.70298969596868
Train,4.80722338508463,4.8072228326021
Train,4.90699170771931,4.90688806844654
Train,5.0027532885297,5.0026341237938
Train,2.12039105261456,2.12087626773817
Train,2.3519822061585,2.35243594288139
Train,2.57043058964956,2.57054317697137
Train,2.77682410972723,2.77781536355568
Train,2.97213382689387,2.97188997603033
Train,3.15722923256873,3.15754738101922
Train,3.3328911903418,3.33291401389241
Train,3.49982294773069,3.50018945157015
Train,3.65865954593095,3.65877330874744
Train,3.80997589302896,3.80979909344413
Train,3.95429371703377,3.95433187296684
Train,4.09208757596232,4.09226184941898
Train,4.22379007087277,4.22378634627629
Train,4.3497963825008,4.34996426872047
Train,4.47046823172203,4.47055591737106
Train,4.58613734744369,4.58632474844879
Train,4.69710851194662,4.69728943339968
Train,4.80366224254902,4.80375574355665
Train,4.90605715927261,4.90610792391479
Train,5.00453208058388,5.00454315082996
Train,3.22398001027772,3.22352397789317
Train,3.29707425894986,3.29792655926966
Train,3.36821696589716,3.36822945892007
Train,3.43748525777209,3.43701125870237
Train,3.50495224991938,3.50493529632175
Train,3.57068730381067,3.5711345212151
Train,3.63475626490474,3.63390453005221
Train,3.69722168264786,3.6977942678025
Train,3.75814301415965,3.75800424479192
Train,3.81757681299849,3.81740390041913
Train,3.87542571072129,3.87564633412356
Train,3.93204693596976,3.93206973978912
Train,3.98733443150319,3.98769337037473
Train,4.04133477336249,4.04146591455745
Train,4.0940923938599,4.09413017876458
Train,4.14564970351116,4.14534204396139
Train,4.1960472047389,4.19569995620648
Train,4.24532359798794,4.24602473883377
Train,4.29351588083683,4.29299154855497
Train,4.34065944063894,4.34068550097826
Train,2.41237842794327,2.4129582133285
Train,2.51041837603494,2.50973304111929
Train,2.60552362221936,2.60596094246674
Train,2.69824767652747,2.69803691839869
Train,2.78826511213988,2.78893212522624
Train,2.87609419753086,2.87620576891303
Train,2.96142144075541,2.9605170592661
Train,3.04473318691561,3.04473633979458
Train,3.12572747707103,3.12650445488933
Train,3.20486164527284,3.20454159204044
Train,3.28184484139847,3.28259472817834
Train,3.35710795500672,3.35681903168396
Train,3.43037080987208,3.42981888047896
Train,3.50204012163821,3.50261157199228
Train,3.57184595081877,3.57163840128877
Train,3.64017285519684,3.64071910178999
Train,3.70676069880167,3.70697651209437
Train,3.77197367779375,3.77180116969638
Train,3.83556103484577,3.83585087115015
Train,3.89786821011268,3.89770545070886
Train,2.11374944733475,2.11407038729183
Train,2.34061683915293,2.34078545981564
Train,2.5556287583463,2.55605604177643
Train,2.75929575866743,2.75959323317173
Train,2.95267995739892,2.95289773121138
Train,3.13654092174186,3.13687413373217
Train,3.31173517103357,3.31205028594948
Train,3.47853700265252,3.47884125091903
Train,3.63768985289354,3.63797098742751
Train,3.78970806428591,3.78999940761085
Train,3.93520233142538,3.93550830251141
Train,4.07431271148091,4.07468749467469
Train,4.20757997417101,4.20793402367807
Train,4.33536469354172,4.33576551791001
Train,4.4581179357134,4.45851833509758
Train,4.57590120583772,4.57626655019365
Train,4.68912065863185,4.68948906937684
Train,4.79803650811661,4.79826177034946
Train,4.90299193878839,4.90314437873556
Train,5.00400163362495,5.00400727997138
Train,3.84189218210925,3.84112713098537
Train,3.91914570888167,3.91878744725207
Train,3.99404245335493,3.99377655407833
Train,4.06697075439214,4.06663774785946
Train,4.13773209783996,4.13769715344486
Train,4.20668850268692,4.20608643680706
Train,4.2736477309011,4.27340111814218
Train,4.33894810605683,4.33871667110023
Train,4.40240362912144,4.40171953427151
Train,4.46433121481758,4.46403404055698
Train,4.52455101246306,4.52417139749403
Train,4.58336052897372,4.58327915808721
Train,4.64058593291853,4.63978386182524
Train,4.69650708194124,4.69630289707519
Train,4.75095600778627,4.75075501558266
Train,4.80419647036785,4.80411945798213
Train,4.8560661902854,4.85603725601348
Train,4.90681420376901,4.90644727759016
Train,4.95628373434393,4.95567842472181
Train,5.00471031572566,5.00444687586813
Train,3.17326917347123,3.17328065815335
Train,3.31114591244312,3.31084504162962
Train,3.44256973444773,3.44309923579229
Train,3.56798329569134,3.5676019794594
Train,3.68794945837806,3.68774560476257
Train,3.80250955511672,3.80291885279829
Train,3.91216706133744,3.91198262292554
Train,4.01723009311391,4.01713666593085
Train,4.11798147716839,4.11751673502684
Train,4.21468129330634,4.21398884286126
Train,4.3076933378866,4.30797378698142
Train,4.39698546294538,4.39758940206619
Train,4.48289119812497,4.4832375769586
Train,4.56559960089773,4.56573003194015
Train,4.64528591275479,4.64502097070752
Train,4.72211279862145,4.72237647314276
Train,4.79633078743111,4.79642531943344
Train,4.86787852528508,4.86803246209118
Train,4.93699006652049,4.93722415086475
Train,5.00378775675194,5.00334942726139
Train,2.42746433646033,2.42785266211675
Train,2.48640199061086,2.48578812635631
Train,2.54435298802687,2.54439217182179
Train,2.60174376549108,2.6024145390077
Train,2.65838252697084,2.65820290498621
Train,2.71408770691495,2.71281041277351
Train,2.76926864099013,2.76972862280334
Train,2.82354918999678,2.8233103091591
Train,2.87732786557413,2.87758985942881
Train,2.9304241777447,2.93040459643479
Train,2.98266694162148,2.982042217682
Train,3.03443921864485,3.03494682845147
Train,3.08556684506708,3.08465431781613
Train,3.1358844595936,3.13522938065242
Train,3.18576056252825,3.18532473792974
Train,3.23485397289149,3.235377083631
Train,3.2835239492721,3.28294972404209
Train,3.3316061741713,3.33207511524623
Train,3.3789443720149,3.37882372247649
Train,3.42588457504986,3.42479183210188
Train,1.82646787689097,1.82663508446084
Train,1.90525791844439,1.90559296767995
Train,1.98270267548582,1.98295159839862
Train,2.05883631103993,2.05879658262373
Train,2.13391473999949,2.13419952398934
Train,2.20752038594211,2.20719333794503
Train,2.27991079699546,2.27957080349396
Train,2.35111582218725,2.35183662308217
Train,2.42116434093403,2.42091585413098
Train,2.49008430209492,2.49037210672057
Train,2.55810478786715,2.55794301509403
Train,2.62484475181526,2.62499338684964
Train,2.69053485946431,2.69055518603662
Train,2.75519968971901,2.75522394785029
Train,2.81886306018045,2.81863409197493
Train,2.88154805639523,2.88161572515336
Train,2.94346101440315,2.94370579238992
Train,3.00425295518589,3.00437767846987
Train,3.06413172113584,3.06422386198782
Train,3.12311773449742,3.12309677312104
Train,2.12516466065827,2.12565859235136
Train,2.33716114908949,2.33710403888498
Train,2.53996805982947,2.54019206721231
Train,2.7341702387169,2.73412153632333
Train,2.92030393462083,2.92065921182464
Train,3.09886174434207,3.09829780585668
Train,3.27029696576513,3.27063227118586
Train,3.4350274402613,3.43494445307832
Train,3.59343895291489,3.59360239997867
Train,3.74588824882124,3.74588473917928
Train,3.89270571509763,3.89251364287
Train,4.03419777104592,4.03445398797001
Train,4.17064900285793,4.17045187922148
Train,4.30232407415955,4.30236407600413
Train,4.42946943938306,4.429274724924
Train,4.55231488330608,4.55254795489262
Train,4.67107490699119,4.6708963171225
Train,4.78594997771227,4.78600751740695
Train,4.89712765818979,4.89721138091071
Train,5.00478362851573,5.00448742297548
Train,-2.74344279740449,-2.74479238746036
Train,-2.49832366551957,-2.49785618887446
Train,-2.2603346184739,-2.26144976748375
Train,-2.03018457327557,-2.03005542283401
Train,-1.8070023949338,-1.80772023117217
Train,-1.5899992113954,-1.5898134709748
Train,-1.37984986589535,-1.38042307313637
Train,-1.1753363876652,-1.17549737386045
Train,-0.977110728950478,-0.977112438780492
Train,-0.78446379399358,-0.786655669831558
Train,-0.596750155832868,-0.597651241772579
Train,-0.414587902391232,-0.413807340988311
Train,-0.237344491965689,-0.2372054987388
Train,-0.0644425461914411,-0.0655634856700236
Train,0.103532628297502,0.102323881026936
Train,0.267510008998287,0.267863983415995
Train,0.426925364204251,0.426843495366742
Train,0.58230854151931,0.582158279368999
Train,0.734145301036514,0.732859646796245
Train,0.881901677704193,0.880294399798262
Train,4.22114307401785,4.22108017249801
Train,4.27092915387103,4.27119011162384
Train,4.31968659154348,4.31979975493985
Train,4.36744694060283,4.36744121233304
Train,4.41405882320019,4.41404311151954
Train,4.45991823203486,4.46000193744502
Train,4.50486769302297,4.50513479861209
Train,4.54893402305271,4.54897371140786
Train,4.59214299550984,4.59211764980526
Train,4.63451939054477,4.6347054965411
Train,4.67592558152676,4.67602758343517
Train,4.71671046143182,4.71682586382329
Train,4.75673152064307,4.75671262309723
Train,4.7960100173901,4.79607551688631
Train,4.83456642829078,4.83481335431523
Train,4.87242048394644,4.87262118416791
Train,4.9094467456612,4.90945222986582
Train,4.94595503797459,4.9460292717379
Train,4.98181595037012,4.9816940360727
Train,5.01704655092553,5.01699385982309
Train,4.11470868154158,4.11389136459573
Train,4.17185788001603,4.1716040610593
Train,4.22786464747821,4.22787646668101
Train,4.28235986950848,4.28227157221071
Train,4.33559920371485,4.33487404109863
Train,4.38762557000765,4.38730825636256
Train,4.43866756461441,4.43801301488955
Train,4.48838497194864,4.48839006447477
Train,4.53700712917677,4.53678074587905
Train,4.58456983373308,4.58446616047539
Train,4.63127910889496,4.63096155233169
Train,4.67682056651814,4.67639662745595
Train,4.72140114312707,4.72153700531297
Train,4.76505093175444,4.7645674345952
Train,4.80795663467098,4.80758774839004
Train,4.84982700370102,4.84929336823942
Train,4.89084974959399,4.89093629626976
Train,4.93105035333707,4.9300832761476
Train,4.97059884652402,4.97036446134396
Train,5.00922476797889,5.00692488111625
Train,4.21992064579747,4.2197059614812
Train,4.26974022623536,4.26958160665189
Train,4.31871438741194,4.31845283571991
Train,4.36649107150088,4.36641249239281
Train,4.4132949956313,4.41324922654556
Train,4.45915556930988,4.45886457709665
Train,4.5042762066365,4.5042346519588
Train,4.54833022727626,4.54817683831451
Train,4.59152241289011,4.59141939277132
Train,4.63387780879594,4.63368172860308
Train,4.67558247784803,4.67554797805159
Train,4.71633256765756,4.71625864044134
Train,4.75631550314629,4.7562752922934
Train,4.79555274577615,4.79540845306136
Train,4.83421518048099,4.83412237393739
Train,4.87201954791835,4.87199663821619
Train,4.90913806551148,4.90906668752385
Train,4.94558922959314,4.94556197523733
Train,4.98153056800724,4.98150207030656
Train,5.01669745030281,5.01656997203489
Train,2.87111866873502,2.8712378327439
Train,3.03689672073881,3.03674199652986
Train,3.19420326832043,3.19409436564846
Train,3.34367149289273,3.34363789026637
Train,3.48587300900729,3.48584297738515
Train,3.62132516977263,3.62140478547034
Train,3.75049735616833,3.75050570490956
Train,3.87381641140306,3.87392649061465
Train,3.99167135290364,3.99177258023363
Train,4.10441747153266,4.10455671405024
Train,4.21255285242099,4.21274397712503
Train,4.31602262236003,4.31623916448396
Train,4.41528112076258,4.4153894671147
Train,4.51058032119914,4.51089001442259
Train,4.6021524884946,4.60229116728832
Train,4.69021206873172,4.69035671619011
Train,4.77495736585336,4.77511943371454
Train,4.85657203245544,4.85666711385082
Train,4.93522639835917,4.93514000875828
Train,5.01107865718984,5.01103542682202
Train,4.3100877782714,4.3099944375247
Train,4.36115770628312,4.36203160546964
Train,4.41115580696383,4.41163545562839
Train,4.460115472284,4.46525763418711
Train,4.5080687214016,4.5078500130733
Train,4.55504627049331,4.55871511487593
Train,4.60107759836611,4.60056864592142
Train,4.64619100814373,4.64510629285022
Train,4.69041368529927,4.69090700380574
Train,4.73377175228393,4.73427668132016
Train,4.77615180588331,4.77613399197824
Train,4.81785766561425,4.81778175917524
Train,4.85877132938857,4.85855270376149
Train,4.89891515630077,4.89875601838529
Train,4.93831067186441,4.93822102721268
Train,4.97697860649986,4.97613505879079
Train,5.01493893190909,5.01481151341821
Train,5.05221089547164,5.05239867610752
Train,5.08881305278621,5.08858453819656
Train,5.12476329847349,5.12493942762038
Train,2.12016464815695,2.12159230751812
Train,2.35326866958822,2.35366457188164
Train,2.57297468503133,2.57327757388365
Train,2.78040553206236,2.77998950874852
Train,2.97656199015734,2.975902826973
Train,3.1623389273006,3.16100706738897
Train,3.33853894949054,3.33707077896932
Train,3.50588399236667,3.50330923097161
Train,3.66502520805289,3.66562952877965
Train,3.81655143272875,3.81407690452423
Train,3.96120987843632,3.96026240403833
Train,4.09904913656665,4.09771066088823
Train,4.23073462779915,4.23136020738119
Train,4.35666945194845,4.35404256847349
Train,4.47722225462845,4.47611068260111
Train,4.59273083137362,4.59202467382082
Train,4.70350528861566,4.70276521928853
Train,4.80983082380676,4.80833083648421
Train,4.91197017717116,4.9104216219387
Train,5.01016579946084,5.00668374656769
Train,2.12744169858149,2.12755430471978
Train,2.37097148215785,2.37079823387856
Train,2.59827525324982,2.59824903867801
Train,2.81148519853475,2.81124316987942
Train,3.01160754951304,3.01172416469152
Train,3.1995623451935,3.19950743495091
Train,3.37689595906516,3.37669052360823
Train,3.54403966517891,3.54403166399814
Train,3.70226675376502,3.70208705660142
Train,3.85207286361524,3.85216650772444
Train,3.99392406399412,3.9936016341201
Train,4.12879595120404,4.12871377552463
Train,4.25702028443094,4.25681675797049
Train,4.37891419273124,4.37873678012355
Train,4.49524483898669,4.49508546535461
Train,4.60608839289181,4.60583598802285
Train,4.71210664365114,4.71207771535799
Train,4.81347243784163,4.81326796600141
Train,4.91035593674023,4.91021546374785
Train,5.00329603149841,5.00301664638053
Train,2.12923639582564,2.1293498275011
Train,2.36858506485633,2.3687519469643
Train,2.59262964289315,2.59264444552199
Train,2.80336348937816,2.80353385046718
Train,3.00166886516516,3.00180490805022
Train,3.18861376921444,3.18888333983731
Train,3.36490720732054,3.3651458884963
Train,3.53188827249751,3.53203561150829
Train,3.69006001258038,3.69017507698689
Train,3.84010163414292,3.84022871403093
Train,3.98242992542413,3.98274243944278
Train,4.11799433987357,4.11757929072727
Train,4.2470892381035,4.24496003960329
Train,4.37016694240817,4.36888529524393
Train,4.48747801001475,4.4860176418263
Train,4.59972512910831,4.59919974721223
Train,4.70708208102682,4.70433951151452
Train,4.80986162114214,4.80842030162993
Train,4.90821551623668,4.90648719260597
Train,5.00268217420648,5.00067284066998
Train,3.3581303555405,3.35720964827877
Train,3.48552923692209,3.48529835848265
Train,3.60621066552336,3.60565977994364
Train,3.72112022082648,3.72032778361998
Train,3.83045774514167,3.83029146511061
Train,3.93442447594735,3.93379900975222
Train,4.03377730617876,4.0330821190112
Train,4.1284616362552,4.12804858905682
Train,4.21913759707876,4.21901529599225
Train,4.3058916975546,4.30544906596723
Train,4.38881749164177,4.38886976385791
Train,4.46846075943748,4.46802466423495
Train,4.54486908582568,4.54447386499331
Train,4.61809814921101,4.6177942024481
Train,4.68860634215515,4.6886050559954
Train,4.75628783390436,4.75577563879441
Train,4.82155383094727,4.82151566064229
Train,4.8844130678437,4.88347016047581
Train,4.94488251793182,4.94506866548571
Train,5.00331509993132,5.00259730280621
Train,2.11970819002408,2.11986422877479
Train,2.35439695283502,2.35422373607824
Train,2.57501694188082,2.57508483629161
Train,2.78331881898011,2.7831899556152
Train,2.98005861875957,2.9800473116741
Train,3.16593902633131,3.16600190018315
Train,3.34227827471404,3.34200904286652
Train,3.50958157912856,3.50982457805029
Train,3.66832588576851,3.66840506819088
Train,3.81953245900865,3.81931006720359
Train,3.96354374363294,3.9637952748856
Train,4.10086139436776,4.10072523545776
Train,4.23177597874857,4.23185296557156
Train,4.35704135783907,4.35693204696534
Train,4.47686373351261,4.47696053552162
Train,4.59144524669837,4.59165222449181
Train,4.70140033199095,4.70120008338953
Train,4.80686990281105,4.80690749345766
Train,4.90799473991276,4.90796568472823
Train,5.00528413268445,5.00517951532337
Train,3.50580575900939,3.50603828180127
Train,3.77175036935444,3.77162239483394
Train,4.01367762902903,4.01368868084345
Train,4.23427948586878,4.23432203726796
Train,4.43664259910537,4.43657754074619
Train,4.62258293097934,4.62261003584379
Train,4.79435045109314,4.79428506157663
Train,4.95320089993264,4.95318823733786
Train,5.10068010819761,5.10063575091434
Train,5.23809903316935,5.23808857491193
Train,5.366206031209,5.36616018191515
Train,5.48614763116344,5.4860862575554
Train,5.59846330519902,5.59841824847925
Train,5.70395977203252,5.70395276926527
Train,5.80333583665748,5.80321562100679
Train,5.89692769142975,5.896894514048
Train,5.98539726985254,5.98536721097142
Train,6.06899159481619,6.06896176399849
Train,6.14825647399482,6.148250302864
Train,6.22337371728178,6.22331153893564
Train,-0.535805342382497,-0.535192818689862
Train,-0.168468699331958,-0.168437384741734
Train,0.173127250563216,0.173243212000929
Train,0.492658789088338,0.49267504963453
Train,0.791199143134699,0.791062166750893
Train,1.07168543207368,1.07166046341834
Train,1.33482617391665,1.33500595828471
Train,1.58301046245569,1.58283323554159
Train,1.81708578223305,1.81726550624834
Train,2.03785188561479,2.03800774975051
Train,2.24711264355684,2.24726850721007
Train,2.44507903251402,2.44522111088398
Train,2.63327193619246,2.63343524738983
Train,2.81209679461256,2.81218938978808
Train,2.98195037854468,2.98212946603261
Train,3.14403533786045,3.14420379700849
Train,3.29835227457922,3.29858188972529
Train,3.44594250409114,3.44618541623302
Train,3.58676104415284,3.58691072654281
Train,3.72171743989085,3.72193540987454
Train,3.95263125566175,3.95198026852111
Train,4.02288648163984,4.02226194040512
Train,4.09099235056401,4.0885376082554
Train,4.15742951977435,4.15563745620264
Train,4.22207075531228,4.22023109746468
Train,4.28480585338668,4.28370618646685
Train,4.34607175127266,4.34460511061141
Train,4.40574598160853,4.40364626656472
Train,4.46372144599926,4.46274556702363
Train,4.52039716908693,4.51891986040235
Train,4.57565565102133,4.57362151299847
Train,4.62954939495117,4.62871174623095
Train,4.68197602719439,4.67855013053876
Train,4.73329136100342,4.73262676277617
Train,4.78338457262286,4.78223033446946
Train,4.83215704686244,4.8314103195992
Train,4.87993672087812,4.8769332636696
Train,4.92661768938206,4.9255107190659
Train,4.97210515319201,4.97011572034924
Train,5.01670238294885,5.01510967452149
Train,2.86040319676761,2.86008375165355
Train,2.95516200005257,2.95504621443641
Train,3.04712330231474,3.0471279431188
Train,3.13640918463351,3.13635892330447
Train,3.22313472655317,3.22300282380846
Train,3.30765142230709,3.30760246608068
Train,3.389569224302,3.38924803655781
Train,3.46923493619347,3.46936857948848
Train,3.5467401706057,3.54628666737361
Train,3.62217163770004,3.62228610783885
Train,3.69561146877738,3.69552968954329
Train,3.76713751458212,3.76717502878117
Train,3.83682362058526,3.83652971996006
Train,3.90473988129319,3.90467762422876
Train,3.97095287542302,3.97094207349827
Train,4.03571234856193,4.03585133599362
Train,4.09870102110598,4.09828381340438
Train,4.16016733033225,4.15977541342389
Train,4.22016580789655,4.22130541226605
Train,4.27874841172472,4.27780628883582
Train,3.94834857241857,3.94792478301341
Train,4.01740782830182,4.01363543384312
Train,4.08448366602558,4.08393818717403
Train,4.14999214614001,4.14986804949538
Train,4.21366295193003,4.21270753716479
Train,4.27588763399669,4.2757899178944
Train,4.33640625917733,4.33709543333342
Train,4.39558801139962,4.39590964467451
Train,4.45332951202728,4.45219212324835
Train,4.50953957443521,4.50904741072398
Train,4.56455731325964,4.56445309194922
Train,4.61814675620209,4.61674051990511
Train,4.6706290126182,4.66969622726563
Train,4.72190723519698,4.72319190018996
Train,4.77189501457726,4.7716561733071
Train,4.82088906483323,4.81899466809071
Train,4.86867467599852,4.86917327130166
Train,4.91553384593695,4.91605969740729
Train,4.96125967032967,4.95982730824861
Train,5.0061205195486,5.00374878100073
Train,4.00572486412074,4.00527814538171
Train,4.07069386799758,4.06963557272346
Train,4.1341514785684,4.13409172814525
Train,4.19582186023062,4.19554737687239
Train,4.25593840039826,4.25555114105763
Train,4.31455909413189,4.314379428379
Train,4.37189090164368,4.36874930292496
Train,4.42767899470071,4.4258273648268
Train,4.4821289332508,4.4815240542778
Train,4.53528829293779,4.53449034111353
Train,4.58734033580375,4.58623545750405
Train,4.63804930355442,4.63606683084461
Train,4.68759766170562,4.68563525250309
Train,4.73602480488829,4.73344501774071
Train,4.78349420479014,4.78157604754623
Train,4.82978737850795,4.82627276006341
Train,4.87506741754815,4.8728252824333
Train,4.91936722087082,4.91380077226157
Train,4.96283356217221,4.96172947012772
Train,5.00526359910687,5.00267000210832
Train,4.30786190900008,4.30891900464147
Train,4.34911875274351,4.34914412547031
Train,4.38958931103504,4.38988332342368
Train,4.42958690573192,4.429913991404
Train,4.4688315680982,4.46921469208272
Train,4.50762669888236,4.50897398889018
Train,4.5457003340541,4.54592797282047
Train,4.58334642240813,4.58260113589884
Train,4.62043602756402,4.62041521008021
Train,4.65684802204323,4.65772973175288
Train,4.69286298479566,4.69296538021834
Train,4.72822755697104,4.72908392567141
Train,4.76321391515958,4.76388136190897
Train,4.79770151081248,4.79795131523523
Train,4.83157681748398,4.83185178164811
Train,4.86510009875306,4.86491857822355
Train,4.89803478641953,4.89794424159871
Train,4.93063364025521,4.93046445067401
Train,4.96266634938228,4.96193207573041
Train,4.9943784928849,4.99411939693917
Train,2.11381598162526,2.1178565250996
Train,2.35975152066355,2.36166251070634
Train,2.58971946633783,2.59186617414187
Train,2.80467502260375,2.80843680983188
Train,3.00629967367229,3.00944583271874
Train,3.19603934511922,3.19789667591639
Train,3.3744561700665,3.37617232864094
Train,3.54275020653373,3.54349873443087
Train,3.70196371008232,3.70293872330174
Train,3.85242458682499,3.85302599602099
Train,3.99501860905168,3.99808203134697
Train,4.13034703663764,4.13143215355766
Train,4.25911725960685,4.26067024936154
Train,4.38147857577099,4.38230259017681
Train,4.49804807547099,4.4999874076714
Train,4.60937113197392,4.60989462679962
Train,4.71551941404335,4.71582701430842
Train,4.81697652558721,4.81693463971559
Train,4.9141723493683,4.91428782272513
Train,5.00712889188085,5.00708825501741
Train,2.12824086014106,2.12844254071777
Train,2.36563577693557,2.36566213433642
Train,2.58876682572363,2.58882435255171
Train,2.79834575793185,2.79843077892682
Train,2.99607567896539,2.99579009133984
Train,3.18245605234944,3.18208268964034
Train,3.35888799165738,3.35881253437791
Train,3.5257189974797,3.52540343832178
Train,3.68411765957447,3.68396241383406
Train,3.83432136404427,3.83414631262375
Train,3.97731673355594,3.97723724813503
Train,4.11326056571537,4.11328304398583
Train,4.24299498980412,4.24300141709344
Train,4.36661735849057,4.36662068048853
Train,4.48485354581673,4.48496165722853
Train,4.59775679944579,4.59774277018394
Train,4.70595833691108,4.70605323322187
Train,4.80947855874789,4.80947910375497
Train,4.90887077214744,4.90898925409082
Train,5.00413087628045,5.00415721266134
Train,2.12437101382411,2.12430548436194
Train,2.3512290524144,2.35117519394797
Train,2.56592591238666,2.56604649815953
Train,2.76941395359665,2.76917464032548
Train,2.96254862471074,2.9625457829209
Train,3.14610048437293,3.14630927377974
Train,3.32076547631727,3.32065710420673
Train,3.48717374731251,3.48725671119999
Train,3.64589724346215,3.64574174440012
Train,3.79745627785903,3.79757523758988
Train,3.9424936801774,3.94232473082619
Train,4.08109875316139,4.08122478119575
Train,4.21384435438266,4.21364680101059
Train,4.34109435273269,4.34119702073466
Train,4.46318310010972,4.46323330279509
Train,4.58041836494487,4.58051156012178
Train,4.69308392269098,4.69302139256277
Train,4.80144184917884,4.80128970286413
Train,4.90573455585667,4.90584326012712
Train,5.00618660018172,5.00612770956312
Train,5.12825314714536,5.12777579099591
Train,5.22807324783376,5.22756726735341
Train,5.3234386606687,5.32302181342337
Train,5.41445300671969,5.41418950962205
Train,5.50149719276265,5.50136598739144
Train,5.58491156061234,5.58462552057998
Train,5.66475330276161,5.66461345470114
Train,5.74140541072409,5.74120785534277
Train,5.81490305516721,5.81481824315805
Train,5.88551001183648,5.88546007005451
Train,5.95346382818578,5.95351129251893
Train,6.01877586215715,6.01860187007358
Train,6.08166230086552,6.08172481823957
Train,6.1423186225749,6.14231434797356
Train,6.20074012447725,6.20069591578457
Train,6.25716493748282,6.2572219155957
Train,6.31158068255573,6.31150730937614
Train,6.36414726549828,6.36409808016859
Train,6.41501012561041,6.41509172280738
Train,6.46414862124372,6.46409323789365
Train,3.80787064129186,3.80841505831293
Train,3.8898763491532,3.89001867075811
Train,3.96929618216408,3.97171478674526
Train,4.04625055192399,4.04534511702903
Train,4.12085250832296,4.12093685348762
Train,4.19303900848582,4.1931619080099
Train,4.26325354655403,4.26313492374564
Train,4.33141573353746,4.33197280541598
Train,4.39761425773164,4.39768905022018
Train,4.46193277000705,4.4621657215869
Train,4.52445023645379,4.52442841292603
Train,4.58524126181113,4.58611052679433
Train,4.64437638646708,4.64568867142615
Train,4.70192235951398,4.70138893475476
Train,4.75794239008229,4.75837439237174
Train,4.81236848862255,4.81294255547644
Train,4.86551652420822,4.86619350751815
Train,4.9173091080499,4.9174815608242
Train,4.96779744005766,4.96781392456276
Train,5.01703017355194,5.01668612101301
Train,3.806617109391,3.80532366166543
Train,3.88872745957526,3.88891253851424
Train,3.96805714263483,3.96746339375048
Train,4.04511904278585,4.04432496799226
Train,4.11982671861387,4.11928467712667
Train,4.19211020094286,4.19124301582295
Train,4.26242708916631,4.26198731874709
Train,4.33068986335162,4.3297793127679
Train,4.39682588928662,4.39563030539674
Train,4.46124608316893,4.46020931354386
Train,4.52386335476693,4.5232867915004
Train,4.58475234690992,4.58404197881126
Train,4.64383937400634,4.64308533951069
Train,4.70148360033293,4.70069577825442
Train,4.75760000785312,4.75676899747876
Train,4.81211536859238,4.811448879231
Train,4.865356297876,4.86493401565193
Train,4.91724002756876,4.91653521240758
Train,4.96769448492966,4.96722902917489
Train,5.01701804254222,5.01592040544736
Train,3.80588284254704,3.80576867791777
Train,3.88763077769702,3.88769243203231
Train,3.9668537308049,3.96624737212213
Train,4.04366690789852,4.04325735797127
Train,4.11817861140821,4.1180604711374
Train,4.19049074964758,4.19037472102744
Train,4.26069930183139,4.26037535415915
Train,4.32889474309265,4.32849541554995
Train,4.39516243345652,4.39472684888122
Train,4.45958297428733,4.45938028019399
Train,4.52208645869079,4.52194334311597
Train,4.5830410130851,4.58278975961392
Train,4.64236465318102,4.64243880231178
Train,4.70012197055097,4.69895304839546
Train,4.75637419038466,4.75642525634274
Train,4.81117938797974,4.80922903197305
Train,4.86459268873759,4.86418254791014
Train,4.91666645311231,4.91668286009761
Train,4.96745044781713,4.96581207621446
Train,5.01699200446504,5.0155623698777
Train,0.176039307231385,0.176437807091392
Train,0.491829061560372,0.491749797304041
Train,0.786189983580055,0.78607486182253
Train,1.060260249714,1.0601259092912
Train,1.3165208250122,1.31619906855875
Train,1.55707898845063,1.55674883721466
Train,1.78253343107456,1.78212182441738
Train,1.99463927302696,1.99432540616206
Train,2.19490352153171,2.19448469437728
Train,2.3836181001812,2.38286821618047
Train,2.56207124256819,2.56085118972649
Train,2.73107775108345,2.72953487831936
Train,2.89165437654659,2.88985768661613
Train,3.04387222746022,3.0422440490477
Train,3.18862533618351,3.187048516131
Train,3.32669603920296,3.3256287329389
Train,3.458066060632,3.45628487033199
Train,3.583435393406,3.58085554719972
Train,3.70342045735597,3.6995105649078
Train,3.81794992943887,3.81553273739363
Train,2.12504486247883,2.12506185662304
Train,2.37489199552404,2.37493418088369
Train,2.60767217902113,2.60756006172986
Train,2.8244986217606,2.82391846961062
Train,3.02722669966997,3.02726739251765
Train,3.21744156556698,3.21730435637827
Train,3.39579031130041,3.39604088714649
Train,3.56357351961028,3.56321377193334
Train,3.72191458341093,3.72231083993055
Train,3.8711886297476,3.87088167870778
Train,4.0123415361702,4.0127281308053
Train,4.1460184888255,4.145898193656
Train,4.27296821072343,4.27324012138368
Train,4.39336241952189,4.39300795626721
Train,4.50784962688509,4.50797333052859
Train,4.617000697633,4.61703586131287
Train,4.72090040077817,4.72101087671425
Train,4.82005198778212,4.81992113575351
Train,4.91490121639626,4.91495802935632
Train,5.00547786237325,5.00537877152627
Train,2.12749913734611,2.12785903345164
Train,2.37925839223504,2.37933397637633
Train,2.61285901515677,2.61274228088976
Train,2.83078537289142,2.83055877381074
Train,3.03428807162891,3.03469694597541
Train,3.22475320633669,3.22474698986869
Train,3.40315267803497,3.4031731044054
Train,3.57105287025575,3.57108690135309
Train,3.7291390736078,3.72921091700508
Train,3.87824731562602,3.87818869242281
Train,4.01892969351737,4.01900769633019
Train,4.15224331228767,4.15216773507953
Train,4.27857991926452,4.27853581214393
Train,4.39847326376307,4.3986576075661
Train,4.51224861884756,4.51220765011047
Train,4.62065821805496,4.62070182030974
Train,4.72393158977961,4.72391472964617
Train,4.82242530335493,4.82248523160186
Train,4.91633511783574,4.916305535455
Train,5.00621937921477,5.00601552003016
Train,2.12250081614239,2.12176832489448
Train,2.37137815312197,2.3693121630752
Train,2.6035019872609,2.60219446898216
Train,2.81992548588734,2.81916542142816
Train,3.02273494307519,3.02211277089035
Train,3.21266267447096,3.21210384524264
Train,3.39137986178172,3.38991658291733
Train,3.55939585741418,3.55816722236003
Train,3.71785785359595,3.71719946061447
Train,3.86776095855601,3.86706508455635
Train,4.00939607948925,4.00871004241006
Train,4.14379257918816,4.14301188388734
Train,4.27114552784829,4.27093935238034
Train,4.39215851123576,4.39141144072008
Train,4.50744991679182,4.50655993466742
Train,4.61711762343804,4.61629908703279
Train,4.7218475913991,4.72162798953312
Train,4.82169386306172,4.82082212184858
Train,4.91724991121634,4.91698502174066
Train,5.00853741419454,5.00815040651313
Train,3.12589242671175,3.12520138761855
Train,3.18840736762524,3.18641566219984
Train,3.24961871669671,3.25050828957709
Train,3.3093403703835,3.30859080963663
Train,3.36806855125741,3.36722442136332
Train,3.4256092008536,3.42541810143692
Train,3.48199797791098,3.48168687925161
Train,3.53726912765386,3.53606454448553
Train,3.59125075452547,3.59226109632826
Train,3.64438803489498,3.64409571009699
Train,3.69650250230504,3.695442213397
Train,3.74762340667057,3.74731247569096
Train,3.79758926075564,3.79690950143803
Train,3.8468099525491,3.84703447755263
Train,3.89511830851896,3.89523495048005
Train,3.94253946179539,3.94094953710399
Train,3.98909763074818,3.98757874122774
Train,4.03464322954132,4.03443373062717
Train,4.07954770695401,4.07879469803837
Train,4.1236566866922,4.12275659096148
Train,2.30174952238649,2.30161789799994
Train,2.42563849430021,2.42528453105141
Train,2.54472832004564,2.54458290878054
Train,2.65986408848766,2.65969974848511
Train,2.77096213948657,2.77089696399006
Train,2.8782312120723,2.87799800888414
Train,2.9816079679532,2.98024389164883
Train,3.08179842266637,3.07955248649185
Train,3.17870542979105,3.17864450659207
Train,3.27248779514222,3.27123789389978
Train,3.36306799464951,3.36242146441899
Train,3.45104497922095,3.44929549717588
Train,3.53631602303299,3.53623355473636
Train,3.61900407670275,3.61689879060967
Train,3.69902468544491,3.69758878061501
Train,3.77689263870125,3.77645505610807
Train,3.85250428662077,3.85085174826625
Train,3.92595629688816,3.92590648488502
Train,3.99716171304927,3.99512658053962
Train,4.06656796529797,4.0637046145678
Train,3.80127752748531,3.8007934841701
Train,3.88376399142518,3.8834728265322
Train,3.96354427333367,3.96339491060306
Train,4.04074939885598,4.0405176876341
Train,4.11550206946231,4.1150699528337
Train,4.18807501362775,4.18802497465757
Train,4.25825595785258,4.25817925370601
Train,4.32630903701418,4.3262187081821
Train,4.39232958027726,4.39214600086806
Train,4.45640730621492,4.45605518346955
Train,4.51862672958719,4.51844132666546
Train,4.57906753323467,4.57895093872165
Train,4.6378049085286,4.63786613105575
Train,4.69490986743565,4.69468151784921
Train,4.75044952892091,4.75012190671649
Train,4.80460531499195,4.80445995165454
Train,4.85719833594022,4.8571099862568
Train,4.90840670928397,4.90830728242534
Train,4.95828440621353,4.95792515652673
Train,5.00688262895638,5.00653499830176
Train,4.42405771003172,4.42315857176098
Train,4.4670126291091,4.46798554988007
Train,4.50905801934973,4.50836764952354
Train,4.55049287462654,4.5507148014697
Train,4.59119658831956,4.59064833387336
Train,4.63118834329603,4.63166507701343
Train,4.67035808054275,4.66952724675892
Train,4.70898303512818,4.71103092253569
Train,4.74694964498972,4.7477567955323
Train,4.78427459967259,4.78323356453282
Train,4.82085392069449,4.82004973590327
Train,4.85694540720588,4.85618904737592
Train,4.89244199366787,4.89128313002246
Train,4.92735826855581,4.92653690230171
Train,4.96159589677789,4.96066942416317
Train,4.99539524201747,4.99417571283655
Train,5.02865523458299,5.027278199221
Train,5.06138868235503,5.05778266835503
Train,5.09350248887403,5.08991875683958
Train,5.12522131481153,5.12335141299653
Train,4.07463428571429,4.07760110307962
Train,4.1424878817734,4.14376848766941
Train,4.20763150318192,4.20895435644732
Train,4.27005571943413,4.27121753303462
Train,4.33025108942232,4.33237518227205
Train,4.38817811066825,4.38778226272214
Train,4.44396262968043,4.44581289749138
Train,4.49772135282087,4.50089585587219
Train,4.54942277315042,4.54923398099735
Train,4.59945231154328,4.60195254027738
Train,4.64775881540354,4.64867271404026
Train,4.69442979071714,4.69151065418217
Train,4.73942502629774,4.73777311906113
Train,4.7830685914796,4.78248786434077
Train,4.8253058575665,4.82399141478189
Train,4.86620371825587,4.86768107497145
Train,4.90582489087089,4.90359115268464
Train,4.94412435061645,4.94269960565387
Train,4.98136829008649,4.98120121365017
Train,5.01750156316566,5.01682469797041
Train,4.11391224174551,4.11173973738576
Train,4.17086899875919,4.17103274931677
Train,4.22654643261608,4.22660281709639
Train,4.28098716752216,4.27983598004747
Train,4.33423195495662,4.33433953756711
Train,4.386319775404,4.38533354334894
Train,4.43728793352601,4.43748654765321
Train,4.48717214726119,4.48658828086289
Train,4.53600663129973,4.53552172897278
Train,4.58382417534343,4.58451509016985
Train,4.63052638339636,4.62924034797132
Train,4.67640571428571,4.67499596836231
Train,4.72135855700427,4.72091796468547
Train,4.76541269530156,4.76268831666337
Train,4.80859481300768,4.80685885192023
Train,4.85093054793016,4.85055213214608
Train,4.89244454261248,4.89068658720888
Train,4.9331604921652,4.9314939719591
Train,4.97310118936505,4.97391260975226
Train,5.01228856720203,5.01177161838521
Train,4.31041569693412,4.30981972439284
Train,4.36150201322049,4.36164106501045
Train,4.4113712724966,4.41138672921469
Train,4.4603569816047,4.46018782839772
Train,4.50833916000455,4.50802923521795
Train,4.55534833281064,4.55538487223046
Train,4.60127684922546,4.60120354516792
Train,4.64642945323015,4.64651719871862
Train,4.69069343394197,4.69071414530871
Train,4.73409476849156,4.73420840964198
Train,4.77653184227533,4.77610760874475
Train,4.81828426118081,4.81825631549535
Train,4.85924606970945,4.85908603906526
Train,4.8994395133602,4.89962509968271
Train,4.93876865029425,4.9387009120658
Train,4.97749098250746,4.97736890044715
Train,5.01550681702997,5.01564492414426
Train,5.05283531438251,5.05282606205972
Train,5.08938584281513,5.08904234040191
Train,5.12539636033461,5.12506359106581
Train,2.13243861956292,2.13337974513368
Train,2.34128924043706,2.34190357815195
Train,2.54147236406507,2.54144031974673
Train,2.73351658577987,2.73467215684312
Train,2.91764908754638,2.91772541569324
Train,3.09484693270104,3.09489665194659
Train,3.26525431926018,3.26596033795457
Train,3.42925423805619,3.42930427990749
Train,3.58720140982669,3.5874767166645
Train,3.73942484636421,3.7396191973933
Train,3.88602325679968,3.88638739053229
Train,4.02770179249685,4.02757453840994
Train,4.1645107136517,4.16477567478094
Train,4.29669683792838,4.29668882193463
Train,4.42449058009706,4.42457974886591
Train,4.54810729238474,4.54800101629761
Train,4.66757958015531,4.66765424426947
Train,4.78343928285984,4.78311494715698
Train,4.89568893908169,4.89579974386678
Train,5.00449468742572,5.00419965001882
Train,2.12760523077417,2.12986687769834
Train,2.34637372309523,2.34720612347545
Train,2.55457813048694,2.55530088937329
Train,2.75296560508509,2.75387957472074
Train,2.94221446468269,2.9429625762098
Train,3.123221454504,3.12421256275801
Train,3.29597824642569,3.29660119978897
Train,3.46129167080254,3.46220254065364
Train,3.61963263821041,3.62059470354532
Train,3.77143315625735,3.77231376712396
Train,3.9170902656182,3.91791404832864
Train,4.05696950766991,4.05760654552094
Train,4.19140798749415,4.19179252862185
Train,4.32071708628142,4.32105631532275
Train,4.44518486907893,4.44591582295496
Train,4.56526444033518,4.56578985470358
Train,4.68082434171382,4.68119722943473
Train,4.7922878682364,4.79249141737481
Train,4.89986903945461,4.90004995138978
Train,5.00376722120807,5.00371505881438
Train,0.881313407493903,0.882088807029762
Train,1.04022533311853,1.04061258110986
Train,1.19485035881755,1.19508422394236
Train,1.34455630837884,1.34472827938979
Train,1.49035156023774,1.49046462603681
Train,1.63162894722668,1.63214778325008
Train,1.76932972330652,1.76994742329069
Train,1.90287082845417,1.90379486298142
Train,2.03278477320619,2.03328910852386
Train,2.15955630663759,2.15999017737002
Train,2.28263671028192,2.28275016824435
Train,2.40282653217886,2.40285595971753
Train,2.51959872791927,2.51991149436461
Train,2.63340110973659,2.63384892909042
Train,2.74464323365736,2.74475450695562
Train,2.85282871803426,2.85303778409096
Train,2.95864722385864,2.95869140146195
Train,3.06162162721572,3.06193152405857
Train,3.16240370553857,3.16254549269459
Train,3.26053467173671,3.26066761773498
Train,3.20745703847065,3.20879530516348
Train,3.30170650686263,3.30193326274119
Train,3.39306209800919,3.39343595390918
Train,3.481655078994,3.48146371742431
Train,3.56760889607013,3.56783691668196
Train,3.65103974856348,3.65158537421329
Train,3.73205711297071,3.73265508992725
Train,3.81076422222222,3.81087274384871
Train,3.88725850452219,3.88710765388922
Train,3.96163198568811,3.96214312952023
Train,4.03414958402946,4.03403224370803
Train,4.10453298015473,4.10486159498058
Train,4.17304297401347,4.17335766588465
Train,4.23975338006026,4.23970185980969
Train,4.30473418517441,4.30523009196284
Train,4.36805179357886,4.36788107989949
Train,4.42976925319048,4.43022347392642
Train,4.48994646502365,4.48990891599923
Train,4.54864037710914,4.5488457160939
Train,4.60590516424798,4.60612616166717
Train,3.81322948551779,3.81335480912483
Train,3.90691893116058,3.9069712097228
Train,3.99499599651112,3.99496677932283
Train,4.07829800435941,4.0783291688679
Train,4.15687309776207,4.15687263809039
Train,4.2314241501863,4.23145372689422
Train,4.30195598079178,4.30194937894365
Train,4.36906600413628,4.36903654750157
Train,4.43286309570572,4.43291501550655
Train,4.49345921462985,4.49345430501515
Train,4.55133206798867,4.5514163538285
Train,4.60642880980625,4.60639525406831
Train,4.6591659071363,4.65921880743943
Train,4.7095853832341,4.70964598098024
Train,4.75773519097383,4.75773654665344
Train,4.80395954642162,4.80407003539975
Train,4.84818469075593,4.84815463897783
Train,4.89071654213727,4.89077815136651
Train,4.9314780344064,4.93162865480943
Train,4.97074279761159,4.97071569021162
Train,2.11871101732342,2.1190091493302
Train,2.35639971209534,2.35645636904181
Train,2.57961855820311,2.57975190011738
Train,2.78989134529572,2.78995503457216
Train,2.98785655932474,2.98789716600394
Train,3.17477896625679,3.17496756543941
Train,3.35155747229536,3.35159523246355
Train,3.51899599735828,3.5190698347399
Train,3.67799902481864,3.67807128322264
Train,3.82883959521849,3.82897691291535
Train,3.97229603415125,3.97241116985632
Train,4.10889760260885,4.10888804576487
Train,4.23927485409542,4.23939410505071
Train,4.36355570378415,4.36360931505286
Train,4.48229529172797,4.48230124097271
Train,4.59585613532836,4.59593929875362
Train,4.70456980496575,4.70475362318055
Train,4.80886099985393,4.8088638741431
Train,4.90876211796032,4.90877159830078
Train,5.00465578625424,5.00468657289119
Train,2.12948535332106,2.1296178125015
Train,2.36808451852299,2.36789544683077
Train,2.59186526912554,2.59181790741812
Train,2.80216649499457,2.80206577144807
Train,3.000170504711,2.99992431005765
Train,3.18692526529574,3.186821042091
Train,3.36336295610416,3.36313665653532
Train,3.53031553040329,3.52985939998715
Train,3.68852783291814,3.68871680306282
Train,3.8386687097472,3.83818650686252
Train,3.98117658853724,3.98108067855017
Train,4.11693089856034,4.11657700726599
Train,4.24625164233841,4.24616023050865
Train,4.36958557581574,4.369367108837
Train,4.48733902625815,4.48719666043715
Train,4.59988236426554,4.59976339021185
Train,4.7075538950272,4.70748052499792
Train,4.8106632549458,4.81039277444896
Train,4.90949438546162,4.90942223339178
Train,5.0043081442292,5.00389937530807
Train,3.80686095628512,3.80643895001802
Train,3.88825780035489,3.88812447811896
Train,3.96735305420407,3.96737727614189
Train,4.04390277421532,4.04351554184931
Train,4.11819219791182,4.1180601364579
Train,4.19048006029031,4.19038993905659
Train,4.26053463553273,4.26023585602187
Train,4.32860849110071,4.32840396214695
Train,4.39493142283059,4.39477299149101
Train,4.45928377012633,4.45896999704954
Train,4.52189070250458,4.5219087341068
Train,4.58282228061717,4.58256199843553
Train,4.64227670641411,4.64223807565239
Train,4.70004978487365,4.69989081304473
Train,4.75633656690906,4.75607612050615
Train,4.81131565928723,4.81115021448594
Train,4.86479384963001,4.86490939605236
Train,4.91694739191074,4.9167220494094
Train,4.96793808513569,4.96791771475935
Train,5.01758310678026,5.01717738347023
Train,3.80679430504339,3.80772349727002
Train,3.88778650624006,3.88978964164224
Train,3.96636833684948,3.96772898232692
Train,4.04264582006686,4.04502754889498
Train,4.11688107377723,4.11757288907782
Train,4.18883926678568,4.19109775662608
Train,4.25877631363443,4.262532501871
Train,4.32677618926272,4.32680203242879
Train,4.39291828014959,4.39460586478188
Train,4.45727769348714,4.45856243146071
Train,4.52006290390445,4.52033015613805
Train,4.58106298535578,4.58155221832229
Train,4.64048290846607,4.64115301494556
Train,4.69838328726409,4.69968828657537
Train,4.75482167475606,4.75592287683347
Train,4.80985275374445,4.81059427634708
Train,4.86364632096847,4.86451009830879
Train,4.91601337261856,4.9162792087557
Train,4.96712174883294,4.96774527203187
Train,5.01701629032258,5.01769622340751
Train,3.80611972270364,3.80843649725674
Train,3.88731910707581,3.88763829740882
Train,3.96625146411162,3.96619569838757
Train,4.04267301536831,4.0438473201323
Train,4.11702825065274,4.11641827504744
Train,4.18908159294882,4.18887140071846
Train,4.25924659584589,4.25794635571609
Train,4.32729583140517,4.32561023493716
Train,4.39361508479803,4.39443944151234
Train,4.45798494631505,4.45686335241433
Train,4.52076618154539,4.51883772980026
Train,4.58174721307592,4.58198465754348
Train,4.64126618351841,4.63906298874307
Train,4.69911912423919,4.69871652776445
Train,4.75562365370924,4.75533171933447
Train,4.81058316405152,4.80928458713996
Train,4.86429659539017,4.86333640540787
Train,4.91657443783087,4.91592722671001
Train,4.96769858284785,4.96762223593786
Train,5.01748634825444,5.016399673081
Train,3.80623805303049,3.80590692010836
Train,3.88753078020919,3.88766620233608
Train,3.96637498914405,3.96613802462187
Train,4.04271066599911,4.04263529144763
Train,4.11698331648424,4.11720432563405
Train,4.18911552401937,4.18875017153576
Train,4.25919850153353,4.25948401963641
Train,4.32731835193961,4.32700320914981
Train,4.39340995199618,4.39377620775147
Train,4.45784711642854,4.45757149181398
Train,4.52055203115629,4.52065337943739
Train,4.58159362124596,4.58153903561132
Train,4.64090566213999,4.64126368504029
Train,4.69881655337345,4.69866596489399
Train,4.75525002877237,4.75508355602168
Train,4.81026191371953,4.81033556654828
Train,4.86390525603733,4.86368985905964
Train,4.9161146136343,4.9161774095376
Train,4.96717254044537,4.96729128209361
Train,5.01700594790432,5.01647268444893
Train,3.80454649010638,3.80469434454816
Train,3.88620973410509,3.88602699532592
Train,3.96520051675306,3.96524657017679
Train,4.04200080796561,4.04204665841488
Train,4.11652832777307,4.11652581077604
Train,4.18871590068989,4.18884841429488
Train,4.25899516781115,4.25911954071151
Train,4.32712567822561,4.32705742501665
Train,4.39350985115307,4.39361998326447
Train,4.4580647114781,4.45796288862428
Train,4.52072010590495,4.52079863291536
Train,4.58183995535504,4.58176512540038
Train,4.64134236269766,4.64144541667727
Train,4.69915706485423,4.69896028151223
Train,4.7556148422511,4.75575299113942
Train,4.81050863151791,4.81054159822478
Train,4.86414962297946,4.86417355632537
Train,4.91645909771057,4.91651751065754
Train,4.96736826217722,4.96721257564448
Train,5.01716207657154,5.01715566457668
Train,3.80700622888093,3.80816316276858
Train,3.88877427138241,3.8922764585989
Train,3.96800600174478,3.96844254980923
Train,4.04481762614159,4.04564945406699
Train,4.1193183585778,4.12066720446117
Train,4.19176990969564,4.19181380547187
Train,4.26194646769299,4.26413362832344
Train,4.33010297897973,4.33056041481567
Train,4.39632542721955,4.39638015621702
Train,4.46069498446434,4.46164733815775
Train,4.52328834308046,4.52320434061065
Train,4.58417802057164,4.58449567245796
Train,4.64343263984584,4.64301704267226
Train,4.70111718720335,4.7012050150918
Train,4.75729325008537,4.75744253919064
Train,4.81213981254375,4.81225868478603
Train,4.86546810011917,4.86519136315863
Train,4.91745449790918,4.91753307262505
Train,4.96814902518575,4.96811971826199
Train,5.01759924575596,5.0174931582117
Train,3.80596336604268,3.8067232315191
Train,3.88769996513518,3.88786022083903
Train,3.96674161449095,3.96683954760036
Train,4.04355965949606,4.04382024425675
Train,4.11808074467046,4.11809745277813
Train,4.19040637558598,4.19054235070897
Train,4.26047628850373,4.26060640709719
Train,4.32869680202522,4.3290533092916
Train,4.39499247859256,4.395132519898
Train,4.45944364865415,4.4596368983587
Train,4.52198698971251,4.52225536938593
Train,4.58297654566406,4.58303793916665
Train,4.6423371550814,4.64254166626441
Train,4.70013321830006,4.70025281587394
Train,4.75630064541361,4.75634074007056
Train,4.81115082293435,4.81150445896154
Train,4.86461027507873,4.86467134332296
Train,4.91673123242365,4.91692305012501
Train,4.96745026806128,4.96752343093638
Train,5.01704349793831,5.01704329358134
Train,2.12495056724821,2.12584234823251
Train,2.34945777282283,2.34997944108571
Train,2.56222321742098,2.56169060316123
Train,2.7641445707376,2.76447745377326
Train,2.95625223204811,2.95602996421465
Train,3.13882167745276,3.13918030414451
Train,3.31274714406066,3.31257134196884
Train,3.47862832524072,3.47866205485141
Train,3.63701069498069,3.63685359744366
Train,3.78839150003933,3.78811118183902
Train,3.93339306210399,3.93305433529557
Train,4.07208793953699,4.07170080188033
Train,4.20503299368069,4.20486130396265
Train,4.33257851609173,4.33232155606337
Train,4.45504691063629,4.45458350552898
Train,4.57273541460253,4.57210976707236
Train,4.68605019663049,4.6858601987008
Train,4.79497683635959,4.79471092365228
Train,4.89988733030091,4.89921138039452
Train,5.00099977196109,5.00030336199805
Train,3.12057470503998,3.12090667399414
Train,3.25056695041291,3.25079638282139
Train,3.37621872657534,3.37613478826487
Train,3.4977438575222,3.49793655250349
Train,3.61534234937141,3.61557213688164
Train,3.72937877692919,3.72923349511646
Train,3.8396686208536,3.83979640470014
Train,3.94655966910797,3.94678758205217
Train,4.05020664832263,4.05020148114662
Train,4.15075503382182,4.15080412987689
Train,4.24834173087499,4.24846723756881
Train,4.3430956966223,4.3432087699878
Train,4.43513850861546,4.43508388446597
Train,4.52458488524473,4.52468914958834
Train,4.61154316273624,4.61159889032959
Train,4.69624771173823,4.6963316609438
Train,4.77852787647681,4.77859589951939
Train,4.85861100191392,4.85868437976413
Train,4.93658392646145,4.93644130779674
Train,5.01252897163456,5.01258836476726
Train,4.42397364004492,4.42564406460977
Train,4.46683735539606,4.46805798633094
Train,4.50893936539061,4.51004974187188
Train,4.55029979492786,4.55252486731868
Train,4.59081178213107,4.59250109662779
Train,4.6307488212185,4.63178947493387
Train,4.67000050224061,4.67092637247359
Train,4.70858431721445,4.71024665826943
Train,4.74651716792629,4.74724722445197
Train,4.78381539061844,4.78491975830937
Train,4.82038074793771,4.8209857074219
Train,4.8564584459679,4.85786769000359
Train,4.89194731473712,4.89603284879948
Train,4.92686165310814,4.92866288759641
Train,4.9612153006917,4.96247242162306
Train,4.99502165613748,4.99540371099673
Train,5.02819021518429,5.02837436295184
Train,5.06094212110785,5.06084914637566
Train,5.09318441768244,5.0934118540429
Train,5.12492890713027,5.12475709592062
Train,2.12550104692162,2.1255737145514
Train,2.36249646776252,2.36231929859449
Train,2.58505640723356,2.5848618806015
Train,2.79446079096045,2.79451606276806
Train,2.99161351625738,2.99091736602375
Train,3.17799179941986,3.17767934091924
Train,3.3542501589361,3.35283530964469
Train,3.52119104304165,3.51827015835105
Train,3.67953424563131,3.67910874604084
Train,3.82992728112534,3.82850295350025
Train,3.9727875343067,3.97094137004413
Train,4.10898451819272,4.10909107334399
Train,4.23882202114306,4.23662832242215
Train,4.36273529873528,4.3626172799525
Train,4.48112077281812,4.48055216564925
Train,4.59434026797352,4.59390840955556
Train,4.70259797540691,4.70188895154232
Train,4.80645584613463,4.80575884878297
Train,4.90605999608534,4.90523766826326
Train,5.00166651130452,5.00006335739116
Train,2.12904881893534,2.12757053432532
Train,2.36467502334078,2.36376335612684
Train,2.5863717544168,2.58640258673066
Train,2.79486546174269,2.79421264578949
Train,2.99152432623126,2.99164301539375
Train,3.17753928220471,3.17733539447025
Train,3.35335162280537,3.35365082586603
Train,3.51996756608778,3.5201777964069
Train,3.67827029863456,3.67861089120223
Train,3.8285242355018,3.82883983449964
Train,3.97149069765597,3.97172410027659
Train,4.10768730780933,4.10799210310168
Train,4.23773203527581,4.23812147430388
Train,4.36174904466134,4.3619729983441
Train,4.48028311048674,4.48054914868797
Train,4.59381959626278,4.59407170630246
Train,4.70241946335215,4.70271286001324
Train,4.8065167131807,4.80664146753796
Train,4.90649997779317,4.9066092757096
Train,5.00238865030275,5.00245086192106
Train,2.12501527018452,2.12523636630457
Train,2.35003051178219,2.35021910776803
Train,2.56320298552501,2.56277432823507
Train,2.76544366309285,2.76557505099871
Train,2.9577821852447,2.95779135795263
Train,3.14052880265688,3.14068275964772
Train,3.31457352501106,3.31452496825321
Train,3.48052343913084,3.48064518425625
Train,3.63893044409494,3.63910586405499
Train,3.79029738299524,3.79028274157853
Train,3.935241980896,3.93503221195377
Train,4.07386039520268,4.07393577792053
Train,4.20670336561969,4.20653788857115
Train,4.3341244713593,4.33410128242056
Train,4.4564490068171,4.45650957301794
Train,4.57397675444721,4.57382297094981
Train,4.68710854989513,4.6871091147589
Train,4.79584736949743,4.79572809025948
Train,4.90055910934902,4.90047239987715
Train,5.00146341314049,5.00112063520308
Train,2.42904274077958,2.42949467809766
Train,2.54128805417005,2.54222873248753
Train,2.65056593256424,2.65083965305192
Train,2.7564785354289,2.75681733061745
Train,2.85942745828435,2.85972609926492
Train,2.95977794398226,2.95971545412275
Train,3.05715430887349,3.05732031461619
Train,3.15214540181046,3.15290378726448
Train,3.24438972506331,3.24445693271653
Train,3.33422175797062,3.33423955623246
Train,3.4219471433464,3.42207406449259
Train,3.50722467475221,3.50755451240937
Train,3.5903563487981,3.59054385892185
Train,3.67161885214673,3.67176166602829
Train,3.75069005228593,3.75092643632914
Train,3.82803125587547,3.82817409200314
Train,3.90333237359765,3.90322234690783
Train,3.9768509209034,3.97689026323158
Train,4.04882379492898,4.04891581089422
Train,4.1189579695916,4.11887754351145
Train,2.12615928244812,2.12613765339146
Train,2.35640561825386,2.35629041606106
Train,2.57396830461773,2.5733108402458
Train,2.77939454680487,2.77940796609281
Train,2.9738957158573,2.9716700089887
Train,3.15853311371012,3.1578766279238
Train,3.33363468544825,3.3320576973604
Train,3.50011217092624,3.49966401724331
Train,3.6587702019829,3.65764882783359
Train,3.80979810691597,3.80921001698542
Train,3.95389951589732,3.953421630122
Train,4.09154024536951,4.09055881994962
Train,4.22329740527652,4.22308190840366
Train,4.34924873605194,4.34847785606351
Train,4.4699090977705,4.4695168220608
Train,4.58573896656535,4.58539126799977
Train,4.69676532558195,4.69649931358825
Train,4.80340425438494,4.802402142592
Train,4.90602959692195,4.90589563034544
Train,5.00463488654235,5.00400032775022
Train,3.8059207838499,3.8053370301025
Train,3.88731757973585,3.88718462883506
Train,3.96608546145374,3.9660350836023
Train,4.04267446966147,4.0420286809206
Train,4.11701540571486,4.11699927478574
Train,4.18905248026734,4.18868651459005
Train,4.25918869378173,4.25907004197896
Train,4.32735299829126,4.3271211005015
Train,4.3934865456023,4.39348328247096
Train,4.45795239861141,4.45705304135871
Train,4.52067906156789,4.52064488709974
Train,4.58173597875038,4.58167381783668
Train,4.64106249388532,4.64103092644317
Train,4.69897715218169,4.69886951234028
Train,4.75540930973608,4.75526112744072
Train,4.81029811863013,4.81009564311197
Train,4.86393398522854,4.86390124429844
Train,4.91624761325902,4.91633188190125
Train,4.9671786385632,4.96713965607003
Train,5.01699296006305,5.01688282091007
Train,2.12484842216417,2.12591273896058
Train,2.36660916552662,2.36696752252127
Train,2.59290912964036,2.59305409830657
Train,2.80518545392664,2.80360204014531
Train,3.0047025139173,3.00494947077485
Train,3.19279607615065,3.19207825653965
Train,3.37000616992748,3.37020782344578
Train,3.53744596601947,3.53786574650101
Train,3.69590180059452,3.69614804307301
Train,3.84607783287803,3.8458656427213
Train,3.9886065068177,3.98833106812916
Train,4.12405745422408,4.12393528087367
Train,4.25294510370161,4.25301545743085
Train,4.37573520966739,4.37625002793746
Train,4.49285047613896,4.49313873389864
Train,4.60480662645768,4.60463611613912
Train,4.7116860565606,4.7118404433825
Train,4.81394631719168,4.81381925158738
Train,4.91188052474144,4.91198071413627
Train,5.00575750911989,5.00571782196883
Train,2.11009471883343,2.11488025044335
Train,2.37041039572539,2.37361616079241
Train,2.61099245908694,2.61501385194086
Train,2.83400286718623,2.83733471533586
Train,3.04129889443473,3.04382956456928
Train,3.23425959314538,3.23570989817043
Train,3.41474353528568,3.41666047215066
Train,3.58372500444503,3.58511311135615
Train,3.74226964422779,3.74502904836507
Train,3.89131540652892,3.89244653019367
Train,4.03169112121989,4.0331841332193
Train,4.16413191680804,4.16613631006865
Train,4.28929209795479,4.29135381499899
Train,4.40775595607406,4.40892519375146
Train,4.52004688997203,4.52074078128161
Train,4.62650967206529,4.62773719741043
Train,4.72782502723186,4.72891363249463
Train,4.82424362092163,4.8245772887133
Train,4.91611208106899,4.91662457139708
Train,5.00374507401355,5.00414842918352
Train,2.129067878023,2.12901686288777
Train,2.36787792905186,2.36780938174005
Train,2.59208132754936,2.59189738302328
Train,2.80248393375513,2.802462496544
Train,3.00055431103668,3.00067171734944
Train,3.18756551755991,3.187473515118
Train,3.36400289133691,3.36400863247062
Train,3.53093486493978,3.53088566811883
Train,3.68929589731702,3.68920869046659
Train,3.83937516522213,3.83940448736783
Train,3.98197381270913,3.98198180987336
Train,4.11763754094162,4.11769380399736
Train,4.24701295926842,4.2468686080795
Train,4.37023568941752,4.37028918496461
Train,4.48787338357829,4.48779941790807
Train,4.60043042438518,4.60057466446259
Train,4.70797402783647,4.7078398492852
Train,4.81095366343755,4.81106431576726
Train,4.90977083098347,4.90965125994652
Train,5.00444813374043,5.00444597314007
Train,2.36097802441054,2.36082967598876
Train,2.59467270880296,2.59495960262965
Train,2.80991602211101,2.80966196772013
Train,3.00828576076312,3.00816453077667
Train,3.19217654819851,3.19186162892973
Train,3.36266575017569,3.36322721975401
Train,3.52158740602271,3.52103518845641
Train,3.66968650890396,3.66951721178728
Train,3.80821594725934,3.80829466902313
Train,3.9382470175695,3.9384847040167
Train,4.06021325882976,4.05949303685
Train,4.17514813515164,4.17524355470622
Train,4.28335361077381,4.28314468553825
Train,4.38554006922663,4.38515659325302
Train,4.4823253111259,4.48253982691338
Train,4.57388140873411,4.57386045065894
Train,4.66085324788706,4.66080735207314
Train,4.74335552867245,4.74358527740358
Train,4.8219342682751,4.821726384904
Train,4.89666225509807,4.89683153381
Train,3.13066823605367,3.12630674511846
Train,3.2653108264816,3.26302372112358
Train,3.39478865399112,3.39404660889366
Train,3.51898420713781,3.51902153914515
Train,3.63841031814301,3.6386444274506
Train,3.75352574052123,3.75364817947801
Train,3.86419478631816,3.86408613466145
Train,3.97084544861934,3.96928029706422
Train,4.07386216601098,4.07309823199128
Train,4.17309998647914,4.17246496463148
Train,4.26892070629017,4.26871562048862
Train,4.36149783208145,4.36148791825352
Train,4.45114097624998,4.45021770250995
Train,4.53770137997336,4.53786657486879
Train,4.62147332342409,4.62068400227534
Train,4.70272335190628,4.70221195050934
Train,4.7813037669359,4.78109711905953
Train,4.85746953301625,4.85697661198745
Train,4.93145231247699,4.93040797527309
Train,5.00310747339594,5.00221997426368
Train,3.74239489362839,3.74286088619218
Train,3.82910320565476,3.82903469437977
Train,3.91283018968842,3.91321810581965
Train,3.99404431282438,3.99433536556561
Train,4.07270265527586,4.0735231281108
Train,4.14877480179739,4.14912194972229
Train,4.22267517861963,4.22281155689805
Train,4.29435470068976,4.29450820243463
Train,4.36377575593117,4.36413853948423
Train,4.43130764848334,4.43191349350335
Train,4.49689755489048,4.49706967742194
Train,4.56062805510859,4.56115876519133
Train,4.62245567120425,4.62361151353642
Train,4.68270027518888,4.6837461286016
Train,4.74130662485842,4.74179320165084
Train,4.79822877862616,4.79907557261712
Train,4.85375585529207,4.85401137922261
Train,4.90783210332889,4.9079178713985
Train,4.96041026430419,4.96043624024267
Train,5.01175299734479,5.01169108823186
Train,3.8034503864279,3.80315115672082
Train,3.88519629205936,3.88558593907172
Train,3.9642758143468,3.96416011305363
Train,4.04115558955896,4.04099724327924
Train,4.11576116141328,4.11608158099651
Train,4.18819196994992,4.18800929779198
Train,4.25838661498708,4.25817189777107
Train,4.32674812805353,4.32675765546108
Train,4.39320031641299,4.39333949431264
Train,4.45782206902926,4.45786515288299
Train,4.52054925469123,4.52062804493133
Train,4.58173363623279,4.5813344474266
Train,4.64129950786784,4.64153481172642
Train,4.69931025289988,4.69936691545834
Train,4.75570117986209,4.75523364396602
Train,4.81078211704302,4.81095640855736
Train,4.86447917330845,4.8645235749539
Train,4.91684385558621,4.91641533521423
Train,4.9678122675308,4.96784056849382
Train,5.0176594929962,5.01765583212208
Train,0.121912889345683,0.122632025373863
Train,0.321212618614355,0.320906411853033
Train,0.505488365045808,0.505778670584081
Train,0.676377270332567,0.676746249210086
Train,0.835721298201025,0.835156974801324
Train,0.983839788785082,0.983953898536387
Train,1.12225631485193,1.12190831442084
Train,1.25189388522558,1.25182002421596
Train,1.37356202535614,1.37382995534816
Train,1.48797369810938,1.48814123715809
Train,1.59605576012599,1.59594574554311
Train,1.69775822869169,1.69801351673621
Train,1.7938935331152,1.79374967705761
Train,1.88490661293244,1.88451937802555
Train,1.97119622403223,1.97139935704425
Train,2.05312077928406,2.0534089557298
Train,2.13121849731664,2.13114357091789
Train,2.20534073366341,2.20538945466641
Train,2.27597809355105,2.27611617897881
Train,2.34337069592827,2.34375666267832
Train,3.00190855643143,3.00195276045659
Train,3.11154383429012,3.11016503302042
Train,3.2174104685491,3.21629068492283
Train,3.31969949299921,3.31609535625856
Train,3.41858924454627,3.41919616888871
Train,3.51442734455197,3.51453747127042
Train,3.60700208859448,3.60670007833349
Train,3.69664654773391,3.69681887743016
Train,3.78349768358196,3.78370532228681
Train,3.86768405323916,3.86760874946438
Train,3.94932644422233,3.9504921109731
Train,4.02853845268934,4.02818871927983
Train,4.10542701078235,4.10638413653604
Train,4.18009286823752,4.18246591426967
Train,4.25263103282269,4.25420159251033
Train,4.3232648426538,4.32295721683139
Train,4.39180798215632,4.39316799897304
Train,4.45847801874026,4.45779633421288
Train,4.52335069787516,4.52193289932282
Train,4.58649773530518,4.58566350445861
Train,2.1230898668007,2.1239500353079
Train,2.35310504958047,2.35364390643034
Train,2.57025444451035,2.57064546460996
Train,2.77558814575459,2.77581035438587
Train,2.97024574076675,2.97098217959527
Train,3.15465746306227,3.15487243029591
Train,3.32979227868022,3.33003198449686
Train,3.49633303012957,3.4964623765666
Train,3.65489714909719,3.65509625769872
Train,3.80604430555556,3.80645505273086
Train,3.95043246607212,3.95054723016463
Train,4.08821917312294,4.08857142158039
Train,4.21998349942063,4.22007106450863
Train,4.3461118399746,4.34652922996273
Train,4.46695822719602,4.467077951613
Train,4.58284764957916,4.58327619793662
Train,4.6941945519255,4.69418928170879
Train,4.80103857268207,4.80131715965061
Train,4.90375409617079,4.90382041148794
Train,5.00257587715067,5.00255243204836
Train,2.12823337150201,2.12845522317756
Train,2.36411077689893,2.3639704181517
Train,2.58556084540345,2.58504141847905
Train,2.79429787321292,2.79431895046972
Train,2.99097959107034,2.99107901243795
Train,3.1770048147638,3.17666556323482
Train,3.35285279077528,3.35293306581687
Train,3.51968113936391,3.51950562186201
Train,3.67800242205579,3.67787780298048
Train,3.82829541577257,3.82782097292901
Train,3.97145202581556,3.97176060467271
Train,4.1076858400867,4.10796335356671
Train,4.23775673214238,4.23790090226638
Train,4.3619445926591,4.36247686146479
Train,4.48051650454393,4.48090664305735
Train,4.5940807056478,4.59371325326746
Train,4.70272168509138,4.70298351284535
Train,4.80696937638016,4.80727410567877
Train,4.90687679564637,4.90681474411056
Train,5.00290915065122,5.00278494714829
Train,2.12649679914649,2.12728618661302
Train,2.35759501184343,2.35785855709063
Train,2.57579871456369,2.57530918968795
Train,2.78171004898345,2.78181541485199
Train,2.97655078179956,2.97667121843213
Train,3.16119033961514,3.16132158312783
Train,3.33660020704182,3.33664739114127
Train,3.50309248504017,3.50287974797201
Train,3.66150276704624,3.66155253439163
Train,3.8124055918898,3.81228006459085
Train,3.95647937588095,3.95627411400736
Train,4.09387710541017,4.09386292281514
Train,4.22519554485524,4.22518426713603
Train,4.35082943708329,4.35065511730162
Train,4.47127164782101,4.47134000550094
Train,4.58658493578139,4.58661139369022
Train,4.69721097911515,4.69725192269496
Train,4.8034298752106,4.80338857113046
Train,4.90561165504706,4.90549968968506
Train,5.00376687657177,5.0036740331673
Train,2.12426474177798,2.12489535312878
Train,2.35063717238353,2.35127266168664
Train,2.56487196721311,2.56536485677887
Train,2.7679198323259,2.76838416179479
Train,2.96063471204643,2.96119687411945
Train,3.14378579387147,3.14445816329342
Train,3.31806776936108,3.31842172449641
Train,3.48410963961541,3.48440852840966
Train,3.64248230061874,3.64277395490743
Train,3.79370510124421,3.79388395671802
Train,3.93809071449201,3.93847328857763
Train,4.07640023404386,4.07692975949274
Train,4.20886154281866,4.20901434865326
Train,4.33583788543298,4.33615503964782
Train,4.45766303418754,4.45788833108625
Train,4.5746442187341,4.57497634668497
Train,4.68706471308976,4.68733936552261
Train,4.79518612586059,4.79551633874897
Train,4.8992504326528,4.8995120006114
Train,4.99948178390723,4.99956805165519
Train,2.12069811485206,2.12141896791244
Train,2.35218470385353,2.35253175890492
Train,2.57057755642353,2.57084293315373
Train,2.7769570622838,2.7771940657224
Train,2.97228793269146,2.9725750282926
Train,3.15723568352264,3.15738025286945
Train,3.33298376109513,3.33328983679192
Train,3.50002222658851,3.50049912593048
Train,3.65898286341219,3.65921070865832
Train,3.81043779263866,3.81073008240154
Train,3.95490635331891,3.955143392461
Train,4.09286105212978,4.09308991275273
Train,4.22473272598362,4.22492306407028
Train,4.35091503644363,4.351343880928
Train,4.47176839471261,4.47200037762767
Train,4.58749844172053,4.58775276773329
Train,4.69866391195884,4.69889098933735
Train,4.80541421416605,4.80555322019453
Train,4.90800726291726,4.90812614837731
Train,5.00668126816914,5.00670261715667
Train,4.51947933506468,4.51957128179154
Train,4.55595585406054,4.55584901423962
Train,4.5917319627115,4.59189579297916
Train,4.627075703772,4.62706643872324
Train,4.66187178245568,4.66188477880158
Train,4.69613283019948,4.6960837398913
Train,4.72975236329546,4.72983825657528
Train,4.76298150731276,4.76292986052821
Train,4.79571121929055,4.79577597482083
Train,4.8279526748944,4.82801799660618
Train,4.85960491137652,4.85963467959326
Train,4.89090370692284,4.89093701587652
Train,4.92174579971075,4.92162037024926
Train,4.95214111344554,4.95215860554552
Train,4.98199381297,4.98212976085441
Train,5.01152570884951,5.01140600281022
Train,5.04063889265971,5.04067532701837
Train,5.06934220665434,5.06934090178064
Train,5.09754458307822,5.09749323283566
Train,5.12545508269722,5.12533013028977
Train,2.12494654509825,2.12530750503018
Train,2.36598412000708,2.36515230335889
Train,2.59196570528841,2.59075061762659
Train,2.80379698900247,2.80298593433352
Train,3.00298370934386,3.00228066759545
Train,3.19083016455647,3.19041843844414
Train,3.36789057987543,3.36731260394689
Train,3.53525081837902,3.53463044075423
Train,3.69386021820756,3.69351012182259
Train,3.84405824457985,3.8439284222807
Train,3.98665280163087,3.98633299492602
Train,4.122207001394,4.12175480225077
Train,4.25137132222626,4.25101972322981
Train,4.37431687836064,4.37440756013919
Train,4.49161091976608,4.49106814822543
Train,4.60375754775155,4.6030448843633
Train,4.71085249935736,4.71001672678929
Train,4.81334220797438,4.81399275516404
Train,4.91162557614815,4.91121195618715
Train,5.00574879795207,5.00406469685211
Train,3.12543660352992,3.12538735441584
Train,3.25712552680222,3.2574477226847
Train,3.38384356666926,3.38398438074754
Train,3.50620900440506,3.50653450024791
Train,3.62411149096913,3.62437021391478
Train,3.73810966565051,3.73824074363464
Train,3.84808553713416,3.84851724467834
Train,3.95454624135555,3.95480852492281
Train,4.05751308548187,4.05773406779579
Train,4.15701563451543,4.15747265760391
Train,4.25349605830165,4.25380213914858
Train,4.34682758939512,4.34710535972798
Train,4.43741576260776,4.43767320655414
Train,4.52525628961524,4.52568351363542
Train,4.61035273249628,4.61057910696789
Train,4.69306363582991,4.6932893629967
Train,4.77326219556547,4.77350952640362
Train,4.85128003768205,4.8514533947421
Train,4.9269917254398,4.92705448831501
Train,5.00070489880787,5.00081712800264
Train,2.12586216946758,2.12581153929594
Train,2.34810903639221,2.34760537593346
Train,2.55906981011008,2.55752083766518
Train,2.75958289477367,2.75944756219932
Train,2.95019087527279,2.94895946400019
Train,3.13201922497898,3.13121330977836
Train,3.30546511329829,3.30572458315536
Train,3.47109513912386,3.47048434434353
Train,3.62942596209123,3.62906137705093
Train,3.78092968593105,3.78036320159689
Train,3.92587471946271,3.92561835470795
Train,4.06499196065997,4.06450593775324
Train,4.19847485952058,4.19813524472946
Train,4.32665891410702,4.32608854616072
Train,4.44985350448167,4.4493532314921
Train,4.56834438574395,4.56768707741529
Train,4.68226681502816,4.68191266867169
Train,4.79212856728055,4.79191383877722
Train,4.89802281184461,4.8977681182553
Train,5.00016065846189,4.99971799307631
Train,2.1239034454604,2.12325485830323
Train,2.35911492066316,2.35900009127753
Train,2.58033210952386,2.5802881773673
Train,2.78876785111201,2.78850662629364
Train,2.98549876920964,2.98489444795658
Train,3.1714838731517,3.17049994239304
Train,3.34758019165918,3.34598880145885
Train,3.51455597750929,3.51399754470575
Train,3.6731019122736,3.6728120648734
Train,3.8238406558098,3.82237319498043
Train,3.96717569005629,3.96663479790394
Train,4.10394304643346,4.10316417197126
Train,4.23443871645856,4.23413008293963
Train,4.35908442797437,4.35796426553523
Train,4.47826492668644,4.47807782840053
Train,4.59233194299298,4.59153269734478
Train,4.70160765894359,4.70082996318186
Train,4.80638774730354,4.80520483562967
Train,4.90694404309473,4.90674396489001
Train,5.00352689844212,5.00260261907195
Train,2.12157822752679,2.12186572565068
Train,2.34997161046408,2.35003077469836
Train,2.56589949340802,2.56602031478204
Train,2.77035529952172,2.77066863489407
Train,2.96422962398634,2.96426547183026
Train,3.14851996271753,3.14874048449227
Train,3.3235451646146,3.32346250654908
Train,3.4901648213289,3.49022426215768
Train,3.64897024560068,3.64923007171845
Train,3.80049855744591,3.8006086121716
Train,3.94523875342614,3.94536067335528
Train,4.08363697812071,4.0836393615721
Train,4.21610111752593,4.2162649453642
Train,4.34300481400337,4.34307621260476
Train,4.46469098601581,4.46472482804919
Train,4.58160039291125,4.58173190900951
Train,4.69376757502804,4.69360835928481
Train,4.80159108710145,4.80153390361764
Train,4.90531844922459,4.90526179715769
Train,5.00517872577434,5.00506319258082
Train,2.12157822752679,2.12205102532997
Train,2.34997161046408,2.35002453827136
Train,2.56589949340802,2.56631199871143
Train,2.77035529952172,2.77041206964012
Train,2.96422962398634,2.96422865200683
Train,3.14851996271753,3.14883923359983
Train,3.3235451646146,3.3238490692568
Train,3.4901648213289,3.49064379823929
Train,3.64897024560068,3.64905559067509
Train,3.80049855744591,3.80106827059015
Train,3.94523875342614,3.94543080401152
Train,4.08363697812071,4.08422544426529
Train,4.21610111752593,4.21646153996361
Train,4.34300481400337,4.34409837836236
Train,4.46469098601581,4.46490605026728
Train,4.58160039291125,4.58209208749421
Train,4.69376757502804,4.6944876201417
Train,4.80159108710145,4.80229617244575
Train,4.90531844922459,4.90558140798774
Train,5.00517872577434,5.00514652195514
Train,2.8296740501142,2.83015995712438
Train,3.00087003735464,3.00075403033069
Train,3.16277266275112,3.16293636285653
Train,3.31611866365468,3.31615009619807
Train,3.4615689084876,3.46156073201226
Train,3.59971791781557,3.59986192166642
Train,3.73110198672411,3.7311624564575
Train,3.85620614249155,3.85618899944191
Train,3.97547012785809,3.9755829270255
Train,4.08929356546614,4.08912669402733
Train,4.19804043129214,4.19821510740101
Train,4.30204294258438,4.30208707130467
Train,4.401604947801,4.40146486444818
Train,4.49700489141195,4.49724555140372
Train,4.58849841449439,4.58841556659562
Train,4.67632064227137,4.67639388203341
Train,4.76068820169532,4.76067946944048
Train,4.84180100552688,4.84186063677433
Train,4.91984383384104,4.91969979523518
Train,4.99498773929687,4.99499871358811
Train,2.12307251257918,2.12418150633701
Train,2.35964578934866,2.35960397535772
Train,2.58218050412771,2.58252663816919
Train,2.79142720735334,2.79183251011662
Train,2.98897791192864,2.98919987059733
Train,3.17537342606459,3.17545872418512
Train,3.35192322830612,3.35219866870856
Train,3.51901641132875,3.51930119433044
Train,3.67756862434833,3.6780463827129
Train,3.82838570779016,3.82834075762028
Train,3.97170145535005,3.97184448341094
Train,4.10836525981417,4.10871499600424
Train,4.23853985576174,4.23866461810784
Train,4.3628148187034,4.36290563932224
Train,4.48171459673084,4.48186304818617
Train,4.59532714951275,4.59544037199183
Train,4.70423982572091,4.704375044905
Train,4.80850558860764,4.80854912940075
Train,4.90863863853738,4.90866073498572
Train,5.00466535907799,5.0048284759653
Train,2.12031013626789,2.12046442326053
Train,2.36102834848217,2.36080314429663
Train,2.58658898959166,2.58598038127483
Train,2.7983800262081,2.79800257796549
Train,2.99784901303123,2.99734254133026
Train,3.18561792614839,3.18536212957068
Train,3.36288618172805,3.36244520611607
Train,3.53051066694614,3.53042431181192
Train,3.68925750488651,3.68911708306067
Train,3.83981376202818,3.83986253275023
Train,3.9829588998068,3.98325855520332
Train,4.11891938268376,4.11922784139122
Train,4.24836903830734,4.24814515105053
Train,4.3717646127021,4.37215376190969
Train,4.48952110602165,4.48962796342338
Train,4.60201643538855,4.60197523317427
Train,4.70971741650357,4.70976787140197
Train,4.81269041611846,4.81262814999744
Train,4.91135181778044,4.91124749212421
Train,5.00596686579683,5.0056623832318
Train,2.12440624434696,2.12473119861923
Train,2.35222798355211,2.35215587204974
Train,2.56759390425402,2.56731004982092
Train,2.77149833019303,2.77131356410635
Train,2.96505326559385,2.96457117891649
Train,3.14860732130058,3.14788609189808
Train,3.32311528269837,3.32263415839069
Train,3.48922979559846,3.48881291151
Train,3.64754219853314,3.64723958544735
Train,3.7985895563195,3.79817566007503
Train,3.94302608276754,3.94283434909838
Train,4.08095990864761,4.08065061246114
Train,4.2129716824796,4.21261192786577
Train,4.33943477525598,4.33922765231935
Train,4.46069181716834,4.46032799825142
Train,4.57705779753348,4.57687158060097
Train,4.68895122952415,4.68865839825256
Train,4.79637790324853,4.79610139179229
Train,4.8997186923022,4.89952588134864
Train,4.99920235130416,4.99874646636843
Train,2.12622589903915,2.12587950416153
Train,2.35105907196245,2.35058004276314
Train,2.56408052411292,2.56333267366816
Train,2.76596443231534,2.76559599148121
Train,2.95800431013222,2.95732218217407
Train,3.14069197335927,3.14059263196785
Train,3.31469435242682,3.31440661381592
Train,3.48061643614247,3.48047766653716
Train,3.63882531876998,3.63849868793867
Train,3.79019624579036,3.79003563290124
Train,3.93499541998522,3.93472532277181
Train,4.07364171657609,4.07354969484394
Train,4.20636535159036,4.20620004245964
Train,4.333832845834,4.33315416653594
Train,4.45620835739143,4.45630924911191
Train,4.57379102778125,4.57322752161079
Train,4.68685701678631,4.68664014609775
Train,4.79553547793856,4.79569332042255
Train,4.90031986812072,4.89959973832836
Train,5.00129839913448,5.00078380746371
Train,3.15039381919847,3.14995902561012
Train,3.2382231415356,3.23859353987453
Train,3.32371965065747,3.32380883682007
Train,3.40678219060746,3.40638590311235
Train,3.48788845652993,3.48781386082945
Train,3.56692295565203,3.56715723893675
Train,3.64396406827628,3.64404037943703
Train,3.71908627017166,3.71910072216659
Train,3.79219047864077,3.79180803433363
Train,3.86368795523912,3.86398427013436
Train,3.93346868964079,3.93371879412396
Train,4.00159377995734,4.00153042924311
Train,4.06796711744242,4.06750859910634
Train,4.13295647522878,4.13336454104527
Train,4.19645682270938,4.19618870947696
Train,4.25851875370888,4.25836825481045
Train,4.31919059560865,4.31936477873777
Train,4.37838080622098,4.37831639666936
Train,4.43641200640792,4.43645177391253
Train,4.49318561840907,4.49346143673418
Train,2.1297646112952,2.13075296485866
Train,2.35976321402919,2.36044755611173
Train,2.57660054688476,2.57633799868589
Train,2.78177693703839,2.78271854621952
Train,2.97582693019832,2.97711226551863
Train,3.15999309509978,3.16153068800876
Train,3.33466796457649,3.33484054222598
Train,3.50089346110216,3.50216939329065
Train,3.65911229125799,3.65966647686972
Train,3.80974092004381,3.81023775483144
Train,3.95359590323492,3.95466165721544
Train,4.09085311686547,4.0906267733192
Train,4.2222151261859,4.22391627433197
Train,4.34792955629329,4.34806431762653
Train,4.46823410563742,4.46892875551956
Train,4.58369845487071,4.58362948243692
Train,4.69438990326048,4.69470987766934
Train,4.80080855719805,4.80090086346562
Train,4.90299475843662,4.90302823182381
Train,5.00139054318324,5.00152140609524
Train,4.42409585505031,4.42344295778847
Train,4.46699999968875,4.46708857355069
Train,4.50912999588748,4.50864304299128
Train,4.55062343413759,4.55056866415206
Train,4.59126463212535,4.59135321963939
Train,4.63119185597453,4.63091903835837
Train,4.67042375623285,4.67026330077741
Train,4.70897833946524,4.70919866086868
Train,4.74698003120916,4.74663003839331
Train,4.78422975172007,4.7841977797182
Train,4.82085262510907,4.82062993521348
Train,4.85686434244745,4.8567752105121
Train,4.89238013767545,4.89257277147798
Train,4.92721292432008,4.92706364033464
Train,4.96147863591879,4.9610142864224
Train,4.99519100856651,4.99522234250279
Train,5.02836333827751,5.02821380746562
Train,5.06110076351569,5.06119729784794
Train,5.09322977271502,5.09299742779357
Train,5.1248561911553,5.12459960410732
Train,3.12219664035665,3.12192368709319
Train,3.24953452024874,3.24822291808622
Train,3.37314604202669,3.37342533384461
Train,3.4928498320296,3.49295965174341
Train,3.60916007451301,3.60949466602713
Train,3.72189627166973,3.72083617461274
Train,3.83153353563189,3.83124572601472
Train,3.937893249733,3.9379686566065
Train,4.04141575955877,4.04158177894377
Train,4.14192507832224,4.14153910500707
Train,4.23983048635145,4.23996651007863
Train,4.33495917628389,4.33487293685565
Train,4.42769256120208,4.42797029805323
Train,4.51786140777872,4.51759643178619
Train,4.60582203826741,4.60573654871795
Train,4.69140906736962,4.69133112167427
Train,4.77495614780948,4.77509827731072
Train,4.85630192241415,4.85599228720483
Train,4.93575949499856,4.93590816370514
Train,5.01317164359974,5.01293656754959
Train,2.12980838791552,2.13055516419653
Train,2.34168333658339,2.3421072062304
Train,2.54414515157146,2.5449207697059
Train,2.73824139127693,2.73847320806479
Train,2.92427150924354,2.92470949953375
Train,3.10272808016657,3.10303659541777
Train,3.27387246115437,3.27436390216124
Train,3.43851371335323,3.43892285607243
Train,3.59683781251713,3.59705416539171
Train,3.74920149103465,3.74934177909407
Train,3.89577051701384,3.89600076066225
Train,4.03718640633585,4.03755511904845
Train,4.17356288687294,4.17377049896121
Train,4.30516461492292,4.30526698444399
Train,4.43209530256108,4.43218053581612
Train,4.55487496931329,4.5550935482718
Train,4.67357034358219,4.67379850985552
Train,4.78838188846819,4.78862324745231
Train,4.89937221252288,4.89950092168536
Train,5.00697080778179,5.00699652850406
Train,2.12537416344365,2.12671253378747
Train,2.34552927409838,2.346331315752
Train,2.55466956421632,2.55572301101009
Train,2.75404750150743,2.75506467671611
Train,2.94390490216024,2.94473281714844
Train,3.12531404718931,3.1256222799241
Train,3.29843757033248,3.29901830725092
Train,3.4642020484339,3.46499588225223
Train,3.62288854078934,3.62345345734164
Train,3.774770174997,3.77553856995317
Train,3.92060283959894,3.9209633664689
Train,4.0604259611579,4.06102289777144
Train,4.19490563275434,4.1952759363742
Train,4.3241967607628,4.32468888103566
Train,4.44845398107351,4.44911644400807
Train,4.56823507402279,4.56843210679316
Train,4.68351752216831,4.68351373426802
Train,4.79480054880053,4.79498892544896
Train,4.90204659920499,4.90201388942322
Train,5.00570487775376,5.00561712939478
Train,2.13137907626679,2.13074812097719
Train,2.36558251256851,2.365379875537
Train,2.58611448184891,2.58626640533865
Train,2.79367170301773,2.79362504862027
Train,2.98958625163742,2.98922175915166
Train,3.1748110244684,3.17416028309916
Train,3.35039506155556,3.35013061538874
Train,3.51669708659816,3.51564304857701
Train,3.67461182151582,3.6746496663948
Train,3.82475816738325,3.82431607621791
Train,3.96785686933162,3.96777544860041
Train,4.1040849131936,4.10313954372785
Train,4.23407210575375,4.23396433311817
Train,4.35823770054002,4.35815973979723
Train,4.47709846671157,4.47635158920847
Train,4.59072994667882,4.5906337615709
Train,4.69959280869004,4.69952817783295
Train,4.80398106079469,4.80351738647394
Train,4.90427851305546,4.90417659830954
Train,5.00050274038001,4.99998864036414
Train,1.35217257524446,1.35324030987639
Train,1.47399066892342,1.47396764189424
Train,1.59230603675122,1.59397002331051
Train,1.70788984059983,1.70758868734655
Train,1.82053051413345,1.8200593057957
Train,1.93004279454803,1.93014839205378
Train,2.03713200282241,2.0379297986913
Train,2.14159461111633,2.14181385493092
Train,2.24325094712242,2.2425395029243
Train,2.34274872420312,2.34246873799956
Train,2.43989262030807,2.44079180803627
Train,2.53476518976344,2.53505104554305
Train,2.6271948653086,2.62678554806579
Train,2.71776308529764,2.71795944879367
Train,2.80628541222797,2.80629289328889
Train,2.8925965675905,2.89256219018378
Train,2.9772348648877,2.9780874966348
Train,3.0600238295116,3.05988522500801
Train,3.14080449271254,3.14006006180378
Train,3.22007675336816,3.22057190150034
Train,2.13169975329619,2.13228944052779
Train,2.35657563234608,2.35764230595331
Train,2.5697195887708,2.56985679079324
Train,2.77161116287705,2.77224448068253
Train,2.96351242318112,2.96391298918414
Train,3.14577167191889,3.14596655295125
Train,3.3194547591735,3.32003044249385
Train,3.48481216801417,3.48466536021104
Train,3.64259090213786,3.64306295603118
Train,3.79345572001115,3.79356729246163
Train,3.93755376827673,3.93748104483192
Train,4.07561483172903,4.07598115564568
Train,4.20773741289214,4.20813251293683
Train,4.33442728443041,4.33467030436103
Train,4.45613844345657,4.45659918519621
Train,4.57291703333236,4.57294731643586
Train,4.685289008097,4.68549775269301
Train,4.79327551310105,4.79366411325126
Train,4.89734342494307,4.89727509765024
Train,4.99749465933353,4.99763009468396
Train,2.11800698707624,2.11771762791276
Train,2.34965765577576,2.34930188690149
Train,2.56840930776639,2.56779320739978
Train,2.77488577997022,2.77444853139994
Train,2.9702926005582,2.97007155722193
Train,3.15568719019291,3.15549386148294
Train,3.33145779694166,3.33085418314684
Train,3.49867861621973,3.49839996713516
Train,3.65763083900424,3.65760303528467
Train,3.80906884706775,3.80872140996169
Train,3.95366217337027,3.95350779941899
Train,4.09157969995091,4.09148588272754
Train,4.22340924524784,4.22319808315322
Train,4.34967552568932,4.34965453871362
Train,4.47047351119821,4.47044322234823
Train,4.58639020485336,4.58620635713695
Train,4.69748557725583,4.69752139565779
Train,4.80416453796717,4.80392754585435
Train,4.90679145152063,4.90685298181441
Train,5.00538847860667,5.00508887722052
Train,3.84179557269776,3.84117068955337
Train,3.91920875165838,3.91929199119866
Train,3.99422371956472,3.99388870702777
Train,4.06725350138824,4.06712811559217
Train,4.1382277797835,4.13821651901188
Train,4.20723213202012,4.20681071615789
Train,4.27420779048411,4.27413065581303
Train,4.33951434295091,4.339420089975
Train,4.40308067966405,4.40293676220998
Train,4.4649754430464,4.46464387754921
Train,4.52513816900946,4.52495010484953
Train,4.58388488439728,4.58384660388063
Train,4.6411453493064,4.64098753277748
Train,4.69697526082213,4.69677284771413
Train,4.75131410345043,4.75118567589041
Train,4.80444192109512,4.80429374795884
Train,4.85629034384653,4.85627119168592
Train,4.90690503639522,4.90682731849327
Train,4.95622646817187,4.95600249884254
Train,5.00450460980597,5.0042214614771
Train,2.12502787527181,2.12464362360723
Train,2.36135204633954,2.36088689084525
Train,2.58362284929565,2.58338038244645
Train,2.79268469363621,2.79261423620872
Train,2.9900326385081,2.98942637715325
Train,3.17629153514919,3.1762791736949
Train,3.35268522941764,3.35155787004286
Train,3.51967841931029,3.51969994947675
Train,3.67828647416271,3.67731305796431
Train,3.82885566655389,3.82789211533626
Train,3.972238578413,3.97167201189976
Train,4.10869287269671,4.10795815680129
Train,4.23894221158223,4.23775179807515
Train,4.36317727847259,4.36322057580063
Train,4.48201832437531,4.48138856922404
Train,4.59560495869248,4.5953679544439
Train,4.7044735138618,4.70440080492361
Train,4.80872436390115,4.80815846222348
Train,4.90882501568616,4.90870429206942
Train,5.00484551569014,5.00459035667544
Train,2.12630598483605,2.12604071467311
Train,2.35539875522112,2.35511180986603
Train,2.57176533308534,2.57146540334751
Train,2.7762152162635,2.77605287600844
Train,2.97012763582966,2.96993085248349
Train,3.154096397871,3.15376287109055
Train,3.32886723508733,3.32872389375942
Train,3.49511312972944,3.49491376643371
Train,3.65327046900327,3.65310398966202
Train,3.8042444465208,3.8040708392621
Train,3.94835614457831,3.94806850311241
Train,4.08606303712706,4.08585095309198
Train,4.21763900232919,4.21748607868747
Train,4.34375987462006,4.34350720321189
Train,4.46462571056548,4.46438691782194
Train,4.58055824708455,4.58004576114425
Train,4.69185348214286,4.69177684432023
Train,4.79866719334719,4.79858337291469
Train,4.90148964649825,4.90116274077107
Train,5.00043192536905,5.00008517823543
Train,2.12756302321726,2.12808488213003
Train,2.34357282068457,2.34387573778466
Train,2.54984329443584,2.54933198903408
Train,2.74656419884556,2.74725483335741
Train,2.9346004194769,2.93433720527927
Train,3.11472246366613,3.11497035211895
Train,3.28702110126639,3.28710249288659
Train,3.4523767881392,3.4524310306845
Train,3.61083401632121,3.61075907536386
Train,3.7629914237032,3.76324452452198
Train,3.90938665371888,3.90927605282585
Train,4.05001495535352,4.0500240318909
Train,4.185367040438,4.18549391116202
Train,4.31588545686173,4.31601944082311
Train,4.44153302115887,4.44136065442243
Train,4.56285822366104,4.56302301324857
Train,4.67980876824761,4.67983146007126
Train,4.79274789655703,4.79274545043544
Train,4.90200518548599,4.9018758001296
Train,5.00751258189677,5.00752158801723
Train,3.80374262174995,3.80404380120698
Train,3.8813644729742,3.88159530487272
Train,3.95697922789834,3.95671932914073
Train,4.03066374022847,4.030847122089
Train,4.10249098938142,4.10222855997225
Train,4.17241839760179,4.17290739038097
Train,4.24073848405763,4.24064427353395
Train,4.30739922438136,4.30738787018007
Train,4.37246034610359,4.37246358971996
Train,4.43597874424708,4.43618624854961
Train,4.49800864726972,4.49815291487565
Train,4.55860177147655,4.55859323452413
Train,4.61780746482474,4.61757079961197
Train,4.67567284096216,4.67557998840883
Train,4.73224290426455,4.73241157810506
Train,4.78747214480045,4.78734956418001
Train,4.84158066204671,4.84159696068335
Train,4.89451729124722,4.89461488360783
Train,4.9463196958571,4.94617879217211
Train,4.99702394247805,4.99688188965618
Train,2.13398817546624,2.1342148864317
Train,2.3603036930206,2.36002154838596
Train,2.57460521573588,2.57456656661478
Train,2.77744420913406,2.77731637296918
Train,2.97007708970211,2.97013720233761
Train,3.15291186542403,3.15265932425635
Train,3.3270039647829,3.32722234076599
Train,3.49265432852556,3.49259117952559
Train,3.6507592120268,3.65060249151091
Train,3.80153884200432,3.80161231376067
Train,3.94576178529703,3.94596362973633
Train,4.08358689922918,4.08372001495107
Train,4.21567911599837,4.21562384215602
Train,4.34215029631276,4.34219264652009
Train,4.46358035984785,4.46347771808749
Train,4.58004496573176,4.58023030508437
Train,4.69205361385402,4.69204484061291
Train,4.79965394873103,4.79960920803959
Train,4.90329661362725,4.90346447487198
Train,5.00300750171342,5.00287354387936
Train,2.12692952333918,2.12600159868842
Train,2.35088489207782,2.3506203338732
Train,2.56338939913463,2.5631942117
Train,2.76487539438893,2.76474966639606
Train,2.95637934571797,2.95622768780985
Train,3.13881695982081,3.13864599966863
Train,3.31245113616632,3.3122159127054
Train,3.4782528902867,3.47815360543271
Train,3.63640671876633,3.63618994893867
Train,3.78758909481047,3.78739928017265
Train,3.93240371759829,3.93229986757459
Train,4.07095177015897,4.07079348720098
Train,4.20377149195949,4.20357741623255
Train,4.33134563589012,4.33117434609111
Train,4.45371995796277,4.4535199954519
Train,4.57145462335721,4.57120608110225
Train,4.68456901428786,4.68455643919541
Train,4.79344493329453,4.79310891887534
Train,4.89842727377511,4.89831283939955
Train,4.99950692178822,4.99919744765455
Train,2.12371882685724,2.12393964148603
Train,2.34385229132083,2.34330823273584
Train,2.5529843127808,2.55296040973579
Train,2.75238144534349,2.75222710921324
Train,2.94226652286525,2.94203016472992
Train,3.12372518645314,3.12355149585008
Train,3.29690314324393,3.29665214883815
Train,3.46273958171679,3.46224215082137
Train,3.62150678904842,3.62096146025241
Train,3.77347042690937,3.77321703251463
Train,3.91939789573612,3.91865423973312
Train,4.0593154789097,4.05902005043416
Train,4.1939000881719,4.19359298646694
Train,4.32329993503047,4.32277581089537
Train,4.44766388388869,4.44723333832761
Train,4.56755956828605,4.5669475833968
Train,4.68295388954253,4.68267425750335
Train,4.7943553340357,4.79390098849788
Train,4.90171656914261,4.9012321118901
Train,5.00549551390638,5.00452343689929
Train,0.858570132811861,0.860317521448709
Train,1.04394113124311,1.04470831737516
Train,1.21780985666362,1.21832380279037
Train,1.38046476767378,1.38020032099692
Train,1.53365978365212,1.53383136768778
Train,1.67753229485396,1.67863038739259
Train,1.81353329009593,1.81309684682882
Train,1.94169856401498,1.94318726838927
Train,2.0629656558425,2.06268354119337
Train,2.17814266650068,2.17811314267991
Train,2.28717156304968,2.28742231188179
Train,2.39101087704773,2.39137972422421
Train,2.48956493941143,2.48953411995561
Train,2.58344419356656,2.58381087955448
Train,2.67318127111649,2.67312914527091
Train,2.7586469140583,2.75907308586128
Train,2.84051777871266,2.84065038198267
Train,2.91865223851417,2.91838506843149
Train,2.99364766201722,2.99414691629889
Train,3.06535534516765,3.06623461062216
Train,2.11836488912733,2.12015298747818
Train,2.32413838841679,2.32481231340742
Train,2.52176604908489,2.52407561585668
Train,2.71214490016071,2.71231103344715
Train,2.89546247921265,2.89578337980155
Train,3.07190808450751,3.07228626847453
Train,3.24223961470774,3.24344668547227
Train,3.40640343133022,3.40660243240953
Train,3.56508149230297,3.56568927716242
Train,3.71837330568695,3.71896891540044
Train,3.86638353331531,3.86670262008218
Train,4.00969953745136,4.01011770972062
Train,4.14838636500646,4.14891188068967
Train,4.2825150818542,4.2826805784828
Train,4.41259655644757,4.41331104891677
Train,4.53852985181722,4.53876953696843
Train,4.66078275686764,4.66090149405889
Train,4.77938175725327,4.77954393003555
Train,4.89435981211991,4.89454957174556
Train,5.00612953667992,5.00610947534395
Train,2.80431739155581,2.80582391179294
Train,3.00972497311769,3.0100290780795
Train,3.19814047253609,3.1986472750107
Train,3.37125133976355,3.37200940635765
Train,3.53100508559131,3.53152595860255
Train,3.67903463184464,3.67903046062227
Train,3.81631626614119,3.81671639898221
Train,3.94410447092034,3.94437490502267
Train,4.0634679768502,4.06432608401181
Train,4.17499426474688,4.17532494492142
Train,4.2795332183762,4.27978388279397
Train,4.37772154690942,4.37786845948384
Train,4.47021182728672,4.47035220077331
Train,4.5573143354775,4.55745466188481
Train,4.63956750088226,4.63948189123429
Train,4.71744209228868,4.71759610480175
Train,4.79113303528688,4.79104554098402
Train,4.86103761995336,4.86107045953057
Train,4.92750601768001,4.92765969504788
Train,4.9906604504058,4.99063746719574
Train,3.92049435677243,3.91978422530181
Train,3.99145171165559,3.99122120324708
Train,4.06038019918818,4.06039755524788
Train,4.12763122014509,4.12767496697441
Train,4.19313532039386,4.19299278065981
Train,4.2569596945443,4.25679948833957
Train,4.31904504352194,4.3191292978411
Train,4.37970121019443,4.37968850477435
Train,4.43885954180265,4.43845942479337
Train,4.49657484268183,4.49654591768584
Train,4.55278775849454,4.5527999752633
Train,4.60777364208356,4.6078915915389
Train,4.66146558459228,4.66143409850727
Train,4.71390872886511,4.71365159381483
Train,4.76504463981533,4.76512358197604
Train,4.81511972504834,4.81513809699053
Train,4.86406937288452,4.86415685865748
Train,4.91193110299996,4.91163613860798
Train,4.95864800759439,4.95872535269544
Train,5.0044419594387,5.00433105951768
Train,3.84105780659028,3.84142766947869
Train,3.91832834994135,3.91840239365073
Train,3.99339132457357,3.99346927487594
Train,4.06634000132811,4.06653540224605
Train,4.13726246970036,4.13756808709539
Train,4.20624199270175,4.20625918788963
Train,4.27335733295105,4.27379137939377
Train,4.33868305268011,4.3388223089826
Train,4.40228979005651,4.40251592680241
Train,4.46424451397606,4.46429290798213
Train,4.5244936789611,4.52468523959058
Train,4.58333470882261,4.58315066643653
Train,4.64070477073592,4.64039916642313
Train,4.69665834288126,4.69706724566302
Train,4.75124724606848,4.75127379191352
Train,4.80452080381362,4.80435270791012
Train,4.85652599098172,4.85664641805878
Train,4.90730757193771,4.90747440421208
Train,4.95690822905911,4.95711899266124
Train,5.0053686823862,5.00516465468926
Train,2.42834849611159,2.42903345996118
Train,2.48746707092845,2.48776853056578
Train,2.54575788762654,2.54526500732416
Train,2.60303139094534,2.603978886222
Train,2.65972085298525,2.65874471363739
Train,2.71563287692946,2.71600260577933
Train,2.77078334651799,2.77130345320282
Train,2.82518771572609,2.8248785431463
Train,2.87866785658468,2.8779899030308
Train,2.93162730929852,2.93004111056169
Train,2.98388453553816,2.98445418334112
Train,3.03545341028352,3.0365134773422
Train,3.0861642488899,3.086077830096
Train,3.13639897887034,3.13616186102107
Train,3.18598480435449,3.18651436126337
Train,3.23493421794094,3.23453445880685
Train,3.28325939359915,3.28439589781582
Train,3.33080041565752,3.32984852535836
Train,3.37791456924576,3.37903993400349
Train,3.42443915374309,3.42445234204596
Train,2.22155204803839,2.22154764156975
Train,2.32922765133009,2.3297054096004
Train,2.43370119229795,2.43504640733252
Train,2.53465579142421,2.53419752530707
Train,2.63270837419855,2.63259907097043
Train,2.72755216680266,2.72815817377367
Train,2.81975806069971,2.82018434481532
Train,2.90902955187261,2.90899321299756
Train,2.9957001972413,2.99593420362752
Train,3.08007276147852,3.08131016262294
Train,3.16186609529202,3.16129102625954
Train,3.241556529746,3.24198295223713
Train,3.31887296567829,3.31916190572909
Train,3.39408991319927,3.39373246617859
Train,3.46745776338033,3.46757913328136
Train,3.53872002406571,3.5393623099483
Train,3.60828044587191,3.60849288245325
Train,3.67589190696518,3.67549761241779
Train,3.74193377307705,3.74196596782375
Train,3.80616796539295,3.80652108264283
Train,2.14209769603856,2.14269461130269
Train,2.21273339531818,2.21272497244016
Train,2.2823769413851,2.28128185544873
Train,2.350592547525,2.35077781050885
Train,2.41764641444086,2.41878080607811
Train,2.48378804666712,2.48338819658628
Train,2.54860206011197,2.54889765241777
Train,2.61255260736111,2.61289958969818
Train,2.67523715122211,2.67405261969205
Train,2.73689780398066,2.7365903209832
Train,2.79776203666832,2.79700382548279
Train,2.85744551416636,2.8572564396857
Train,2.91617745975339,2.91674877213908
Train,2.97417352739124,2.97425289137417
Train,3.03106640882577,3.03117389623029
Train,3.08726055967372,3.08525479484186
Train,3.14239942363412,3.14195571987901
Train,3.19669294873118,3.1967646857195
Train,3.25033907813989,3.25024953791243
Train,3.30299653175664,3.30230685663654
Train,1.81999616082544,1.82022823088872
Train,1.89765762313371,1.89770537250687
Train,1.97438270048283,1.97383775973529
Train,2.0497284008324,2.04983073510474
Train,2.12395656593575,2.12379016974254
Train,2.19731456079502,2.19726740230934
Train,2.26937773151438,2.26933497594681
Train,2.3403953394366,2.34046561683889
Train,2.41060313213166,2.41031024652719
Train,2.47959370430812,2.4791475460336
Train,2.54760463611279,2.5477344531794
Train,2.61465664623822,2.61441454405966
Train,2.68097125051267,2.6807230217203
Train,2.74616248280759,2.74586891581956
Train,2.81045360596929,2.8106641823363
Train,2.8740563042733,2.87369873535889
Train,2.93659962558512,2.93677769979357
Train,2.99829693749261,2.99830609287554
Train,3.05935074493537,3.05919114118686
Train,3.11940426712818,3.11926553686161
Train,2.12131051433176,2.12133422928699
Train,2.34157767709187,2.34098276961257
Train,2.55089051954992,2.55142090846155
Train,2.75041997728193,2.75049289200641
Train,2.94047941174105,2.94079568949772
Train,3.12206776781015,3.12212435250356
Train,3.29541318753376,3.29537004819966
Train,3.46137588089574,3.46155411201133
Train,3.62026820396298,3.62019509200425
Train,3.77238947072282,3.77275571789895
Train,3.9184378745978,3.91812777511612
Train,4.05850605266546,4.05875291651708
Train,4.19320723877575,4.19328297301789
Train,4.32272202966428,4.32300630832859
Train,4.44722696284171,4.44706884045107
Train,4.56723312140291,4.5674653263234
Train,4.68276194077873,4.68258330505003
Train,4.79426945759002,4.7945379723208
Train,4.90175901098383,4.90175715967442
Train,5.00563973868193,5.00546094492555
Train,2.11581728312473,2.11505799063551
Train,2.33047865584099,2.32993646214553
Train,2.53578948231645,2.53504064604593
Train,2.73197658332002,2.73200350344658
Train,2.91981227546609,2.91822893687302
Train,3.09981870678823,3.10024139782425
Train,3.27263879538605,3.27255865317082
Train,3.43838038489641,3.43809566537337
Train,3.59762025954928,3.59739039513468
Train,3.75073363400826,3.75113354506564
Train,3.89820705850173,3.89750337709509
Train,4.04007726729951,4.04017161490291
Train,4.17678714525193,4.17686836553574
Train,4.30861321308013,4.30839946749282
Train,4.43593332062855,4.43597587689536
Train,4.55874123514964,4.55833475112402
Train,4.67738517395463,4.67732936418568
Train,4.79207338478934,4.79187619141547
Train,4.90310587350724,4.90311733664956
Train,5.01045046455225,5.01023797681799
Train,2.12340780063026,2.12381018472323
Train,2.33555182157128,2.33542954109388
Train,2.53826171316524,2.53872267031355
Train,2.73252129019331,2.73222045732499
Train,2.91849468018317,2.91798235056584
Train,3.09703969551917,3.09703111093794
Train,3.26826695843802,3.2685875308637
Train,3.4329299474644,3.43127849006513
Train,3.591248371111,3.5917765140587
Train,3.74343716572525,3.74376324512949
Train,3.89012436427303,3.88957198048255
Train,4.03133386362594,4.03149592187791
Train,4.16762609628764,4.16763057234883
Train,4.29912814868422,4.29882846996432
Train,4.42596729516976,4.42564090512704
Train,4.54862072987129,4.54852046230761
Train,4.66706619002326,4.66704188235988
Train,4.78173499906128,4.78127646038436
Train,4.89259322452992,4.89238519580639
Train,5.00003247031494,5.00001081137114
Train,-2.52020399747413,-2.51917270604801
Train,-2.29591448626899,-2.29498356618907
Train,-2.07832454396176,-2.07652002762526
Train,-1.86808267620809,-1.86936453239806
Train,-1.66391071808652,-1.66403256541863
Train,-1.46643689877274,-1.46571948468383
Train,-1.27447895842263,-1.27478507752286
Train,-1.08864441514788,-1.08862533650583
Train,-0.907836374848127,-0.907367250929125
Train,-0.73264157362904,-0.732613528878315
Train,-0.562039432900503,-0.560925952511494
Train,-0.39659609735487,-0.396577328534218
Train,-0.235359490400793,-0.235823215221641
Train,-0.0788755415109268,-0.0789511036598161
Train,0.0737461038603353,0.0734550831369087
Train,0.221979226239904,0.222392531777845
Train,0.366658369217015,0.3665454668774
Train,0.507276431250276,0.507130964059146
Train,0.644617321591916,0.644907432881413
Train,0.778192409141088,0.778254477303821
Train,3.78722333247141,3.78674203488871
Train,3.86835707725558,3.86857523147436
Train,3.94712554082616,3.94735434815474
Train,4.02363066926337,4.02278171336755
Train,4.0979686329837,4.09829813342029
Train,4.17023023004647,4.16986538970039
Train,4.24050125613106,4.2402003228456
Train,4.30886284435454,4.30668985515902
Train,4.37539177775957,4.37506277486344
Train,4.44016077700295,4.43892768736649
Train,4.50341168856786,4.50207946711115
Train,4.56485960942645,4.56511688833078
Train,4.6247441025641,4.6230664214493
Train,4.6831240862016,4.68086199008056
Train,4.74005555482039,4.73815045831387
Train,4.79559175829861,4.79312359148415
Train,4.84978336803594,4.84766046097164
Train,4.90267863115647,4.90177038075879
Train,4.95432351377617,4.95331339395151
Train,5.0047618342289,5.00380006953154
Train,4.06779321762793,4.06776768223452
Train,4.12886362446846,4.1288305619494
Train,4.18843650502565,4.18847384338395
Train,4.24656627409439,4.24646402238821
Train,4.3034897491331,4.30352126288588
Train,4.35888192481813,4.35881290808564
Train,4.41297936164961,4.41291201003722
Train,4.46582693013893,4.46586484678508
Train,4.51746745109716,4.51732349239709
Train,4.56794181135225,4.56795358231128
Train,4.61745010965688,4.61744085461786
Train,4.6657040691344,4.66559387072292
Train,4.71290408416591,4.7128525846895
Train,4.75908431150662,4.75900237047998
Train,4.80427744772708,4.80427889588126
Train,4.84851480641581,4.84835137505096
Train,4.89196783246196,4.89197797650948
Train,4.93437948805927,4.93432764328853
Train,4.97592179954134,4.97598542639415
Train,5.01662122515669,5.01636360911314
Train,4.22014920295026,4.2209932922672
Train,4.27001595389997,4.27020165952516
Train,4.31884733509992,4.31897417443932
Train,4.36649106477317,4.36661081552691
Train,4.41334987882338,4.41344383587083
Train,4.45926512455976,4.4594681068086
Train,4.50426501801582,4.50451124786585
Train,4.5483766613159,4.54839173525059
Train,4.59145944968607,4.59159931662387
Train,4.63387492262615,4.63401580742746
Train,4.67547720517421,4.67547451890667
Train,4.71628946103913,4.71639968212938
Train,4.75617962708936,4.7563076339832
Train,4.79548073861762,4.79548345041647
Train,4.83405616692232,4.83423088663793
Train,4.87192582742161,4.87192907055968
Train,4.9091089134031,4.90924907249817
Train,4.9454831181638,4.94554346149042
Train,4.98135040320262,4.98138851740467
Train,5.01658461081217,5.01658605505898
Train,0.0232534855056645,0.0241275932897078
Train,0.324712944071901,0.324658481939226
Train,0.60536286614481,0.605150982734161
Train,0.867286065839493,0.867771969842837
Train,1.11229637454543,1.11199809675989
Train,1.34246542260862,1.34216593077534
Train,1.55818922335934,1.55820927989797
Train,1.76121419379661,1.76243950343295
Train,1.95262957125149,1.95391214804502
Train,2.13340348386394,2.13285562835179
Train,2.30439932758651,2.30453421361406
Train,2.46638955566902,2.4672967164918
Train,2.62006734534397,2.62004811488103
Train,2.76605651343147,2.76588267281139
Train,2.90491998000819,2.90512068888009
Train,3.03744826357064,3.03743398141185
Train,3.16352782107499,3.1640251841275
Train,3.28387356534576,3.28422763316147
Train,3.39886794131181,3.39898452337028
Train,3.50886012159005,3.50967783415061
Train,4.28859561403509,4.28841926231351
Train,4.34205553093081,4.3419185192727
Train,4.39413825412554,4.39401710328483
Train,4.44523806813899,4.44519657228037
Train,4.49521413955049,4.49507885804295
Train,4.54393920473399,4.54386697226099
Train,4.5917797177037,4.59181022364308
Train,4.63844468822171,4.63845948050974
Train,4.68428365944228,4.68423340409598
Train,4.72916704473182,4.72904822513763
Train,4.77297694083089,4.77283609989925
Train,4.81603966114015,4.81587963683367
Train,4.85823186116631,4.85808957150974
Train,4.89944090909091,4.89725906448101
Train,4.93997216624685,4.93992520849523
Train,4.9795747829991,4.97938192484097
Train,5.01854127914636,5.01852105943206
Train,5.05675790632441,5.05663021858735
Train,5.09412023228766,5.0941102235195
Train,5.1309029953917,5.130610846358
Train,2.58610026583734,2.58802873265475
Train,2.76851465918126,2.77277934575639
Train,2.94272882802608,2.9447843738856
Train,3.10901911744448,3.11048231689736
Train,3.26841993749323,3.26941754991666
Train,3.42110751508397,3.42260848830873
Train,3.56749720103519,3.56780748166446
Train,3.70797077464581,3.70890182163228
Train,3.84266509114177,3.84293354990612
Train,3.97234198581784,3.97311447147175
Train,4.09707757069643,4.09788070934545
Train,4.21714899668871,4.2174180364639
Train,4.3326287426891,4.33344852226972
Train,4.44413033620157,4.44402104425197
Train,4.55168393839327,4.55214332707354
Train,4.65549558435397,4.6567540595245
Train,4.75575721774563,4.75808009701385
Train,4.85249322518756,4.85295473249815
Train,4.9461851749025,4.94651097632257
Train,5.03682941941548,5.03708929942175
Train,2.98775249380128,2.98793800781667
Train,3.12206960094632,3.1199277751114
Train,3.25290130390781,3.25289056225691
Train,3.37993974614198,3.38175019235885
Train,3.50377640960752,3.5036746189401
Train,3.62411220201402,3.62623948826175
Train,3.74150019080705,3.74359359177132
Train,3.85565013384334,3.85871629688725
Train,3.96688702225547,3.96915834658674
Train,4.07550945630258,4.07634795896255
Train,4.18124040876721,4.18347211794415
Train,4.28455202488485,4.2859910009104
Train,4.38517594829115,4.3857732396248
Train,4.48338609932238,4.48433225578291
Train,4.57943510371219,4.58141106940119
Train,4.67306727396642,4.67577979272417
Train,4.76469060628296,4.76559375263995
Train,4.85405759289072,4.85679229873884
Train,4.94155423929131,4.94273773957346
Train,5.02694097839383,5.02640226180327
Train,4.14401671994345,4.14403322928073
Train,4.19751144380353,4.19760654167866
Train,4.24985505831044,4.24981346686789
Train,4.30108432264442,4.30120723574899
Train,4.35123444732833,4.35126899589912
Train,4.40033917493346,4.40024633703823
Train,4.44843085579031,4.44853551251825
Train,4.49554051906142,4.49551171769807
Train,4.54169793950441,4.5417404749426
Train,4.58693170022691,4.58693142473593
Train,4.63126925171151,4.63132533403067
Train,4.67473696736674,4.6746839478549
Train,4.71736019584034,4.71738863472663
Train,4.75916331031284,4.75918054366437
Train,4.80016975497286,4.80015782378567
Train,4.84040208886042,4.84046457473258
Train,4.87988202725041,4.87981660301401
Train,4.91863048073583,4.91867942922935
Train,4.95666759215853,4.95656940686993
Train,4.99401277152463,4.99409432975179
Train,3.88106647881116,3.87787483039964
Train,3.95498534175077,3.95394482437067
Train,4.02671478618677,4.02523806920752
Train,4.09670141090502,4.08844603311107
Train,4.16483624467702,4.15863681306317
Train,4.23102517859931,4.22812577560788
Train,4.29567456628328,4.29500379740446
Train,4.35852034698589,4.35753377597965
Train,4.41994505606517,4.41816844483791
Train,4.47984525635399,4.4780161444908
Train,4.53813014425581,4.53529533085774
Train,4.59515032639944,4.59217641195235
Train,4.65080606957692,4.64901884400413
Train,4.70500913105349,4.70240021447197
Train,4.75808209561698,4.75528080371103
Train,4.80979863708371,4.80691509914712
Train,4.86046452629652,4.86009308028977
Train,4.90998639728125,4.90776324463903
Train,4.95828074029674,4.95720357577037
Train,5.00563050217586,5.00314240880496
Train,2.12621823990325,2.12645584823284
Train,2.35335536725129,2.35319685491803
Train,2.56848775657863,2.5684940362228
Train,2.77206855266668,2.77220126188721
Train,2.96522830288204,2.96501155217655
Train,3.14896097896573,3.14875103866169
Train,3.32353294524035,3.32381572668627
Train,3.49000016938564,3.48996875788387
Train,3.64854390333541,3.64854997020692
Train,3.79989311823147,3.79978251787205
Train,3.94469562852031,3.94488532255881
Train,4.08304353576476,4.08318741649808
Train,4.21551363640978,4.21555981365626
Train,4.34262124740616,4.34235405196913
Train,4.46440022385062,4.46454196916264
Train,4.5814523120877,4.58139655706717
Train,4.69378410219524,4.69374923310196
Train,4.80180183201991,4.80189882733638
Train,4.9058711871293,4.90592411525384
Train,5.00596980801308,5.00584694482339
Train,3.98151939479087,3.98157872444088
Train,4.08560394980828,4.08575536367087
Train,4.18538760819451,4.185354481215
Train,4.28149214122652,4.28108896319125
Train,4.3737693593754,4.37396100395952
Train,4.46277764000615,4.462645016258
Train,4.54836467816459,4.54836411018576
Train,4.63103463127504,4.63090105393738
Train,4.71063354983805,4.71053948568832
Train,4.78761888365643,4.78768791307474
Train,4.86183683844562,4.86165136082517
Train,4.93370436064246,4.93373148100753
Train,5.00306911414454,5.00310906872281
Train,5.07031270660277,5.06996809142246
Train,5.13528519349241,5.13546420921583
Train,5.19833717447293,5.19810451006586
Train,5.25932175401187,5.25949681255978
Train,5.31856218030005,5.3183156213602
Train,5.37591505757774,5.37595804908441
Train,5.43167938954815,5.43034907617792
Train,3.56330827873525,3.56335032102314
Train,3.61943027308644,3.61945201984443
Train,3.67467932599725,3.67454434439086
Train,3.72860979994892,3.72851741588628
Train,3.78149458101501,3.7812137433323
Train,3.83336379059865,3.83329931570578
Train,3.88446551995038,3.88449001156212
Train,3.93438531230801,3.93438961033488
Train,3.98337334956381,3.98341081663628
Train,4.03145547738693,4.0316818548711
Train,4.07885992830399,4.07871628929232
Train,4.12520035364699,4.12480886534857
Train,4.17070699209888,4.17068165112531
Train,4.21540214606916,4.21544738617038
Train,4.25949652745226,4.25928354121814
Train,4.30262920059413,4.30240234637702
Train,4.34501278816023,4.34518347646761
Train,4.38666663622413,4.38682036053459
Train,4.42778591658008,4.42728909301175
Train,4.46803273530061,4.46794290101051
Train,5.37057636424032,5.37051709554752
Train,5.43382141873497,5.43379955875233
Train,5.49501443885656,5.49504363837721
Train,5.55425370004127,5.55425599983963
Train,5.61163130089327,5.61158591125812
Train,5.66723364096217,5.66723033056431
Train,5.72114185484868,5.72114216927392
Train,5.77343220722596,5.77342954449367
Train,5.82417645282135,5.82417431704769
Train,5.87344216493173,5.87344271235296
Train,5.92120404498644,5.92119473793381
Train,5.96770266156324,5.96772166444524
Train,6.01290314905093,6.01287733949383
Train,6.05685912002681,6.0568732388895
Train,6.09962127490142,6.09961112953559
Train,6.14123759700093,6.14122345948661
Train,6.18175353217474,6.18175952275877
Train,6.22121215434194,6.22121675236511
Train,6.25965431824423,6.25964137228974
Train,6.29711880054416,6.29712393280014
Train,3.43469817214436,3.43489541476837
Train,3.71526197914561,3.71531031075236
Train,3.96912085994883,3.96900927410414
Train,4.19970213449115,4.19972882001847
Train,4.41045529222628,4.41041116256045
Train,4.60365386091897,4.603666516294
Train,4.78140345001849,4.78142244476138
Train,4.94548586823508,4.94549952160404
Train,5.09727810462039,5.09729161143722
Train,5.23837314178011,5.23841697281412
Train,5.36974091204346,5.36975847031525
Train,5.49235381109834,5.49237804698012
Train,5.60695185997092,5.60700050470431
Train,5.71449665703554,5.71453284838597
Train,5.8155254137919,5.8155811972504
Train,5.91061291862125,5.91063483315182
Train,6.00026828715781,6.00029537219624
Train,6.08486476854503,6.08488614887418
Train,6.16496886465042,6.16498829262517
Train,6.24085787471548,6.24088795327069
Train,3.35747576609748,3.35697099660709
Train,3.46979775418912,3.46949088466889
Train,3.57789529176079,3.57766694279806
Train,3.68200230337501,3.68203490459954
Train,3.78212479428875,3.78178058242728
Train,3.87889364851317,3.8787991582324
Train,3.97227749373612,3.97224426820711
Train,4.06245089010111,4.06223096690909
Train,4.14957659815377,4.14934327712061
Train,4.23380655928289,4.23370567157352
Train,4.3151111586512,4.31509393622062
Train,4.39397198583075,4.39382657954073
Train,4.47033614290024,4.47007596341089
Train,4.54432034612779,4.54433466436993
Train,4.61603414828639,4.61598452205024
Train,4.6855804799257,4.68526805100217
Train,4.75291380124137,4.75300181576702
Train,4.81841406116404,4.8182969192242
Train,4.88202044711433,4.88197962515941
Train,4.94381392771371,4.94357296813931
Train,3.95379085585895,3.95288746937539
Train,4.02387689874655,4.02381146714859
Train,4.09202787585003,4.09158790192695
Train,4.15832283624358,4.15801740555279
Train,4.22265524360137,4.22231819657853
Train,4.28546338401749,4.28547636858665
Train,4.34662808607946,4.34616166801087
Train,4.40621302012163,4.40564573307009
Train,4.46427860944328,4.4642098258594
Train,4.52088223469157,4.52094573774619
Train,4.57592311844487,4.57512406694539
Train,4.62976750947251,4.62951564728818
Train,4.6823055082136,4.68108397556014
Train,4.73358408906357,4.7331424745901
Train,4.78364800099205,4.78367173800897
Train,4.83253989778802,4.83233712445898
Train,4.88016595915179,4.88016910092509
Train,4.9268370631556,4.92535671133035
Train,4.9724526102253,4.97274394350487
Train,5.0170480101116,5.01589675778476
Train,3.80648225569434,3.80896079219773
Train,3.88819773140044,3.88945308680948
Train,3.9675845776397,3.96926486795954
Train,4.04434546678564,4.0452137890791
Train,4.1187993066945,4.11989237121842
Train,4.19123440546412,4.19196276958636
Train,4.26137018770759,4.26309181052446
Train,4.32948904552383,4.33077006715419
Train,4.39584710591179,4.39939979101135
Train,4.46017989826154,4.46139219510613
Train,4.52273921278602,4.52323070165247
Train,4.58359738725435,4.58470917392359
Train,4.64297543427099,4.64352348052151
Train,4.70062906181099,4.70114223262888
Train,4.75677643828702,4.75761825705948
Train,4.81161680267712,4.81261253507936
Train,4.86491994475946,4.86724790442921
Train,4.91688305589834,4.91745579501392
Train,4.96768669976923,4.9677320809972
Train,5.01711383153096,5.01702644004789
Train,3.8066694585454,3.80956334620376
Train,3.88830813858995,3.89052834763087
Train,3.96762431052348,3.96975175576179
Train,4.04432259282697,4.04607608991163
Train,4.11891043444386,4.12053088273049
Train,4.19110358009718,4.19319437347829
Train,4.26137364197484,4.26298624105064
Train,4.32944724323035,4.33210882656229
Train,4.39576388554881,4.39790545955137
Train,4.46006075378851,4.46334353548835
Train,4.52274846433141,4.52427628490503
Train,4.58357440276936,4.58483248782821
Train,4.64292310555896,4.64426882179058
Train,4.70055177180784,4.70302187571022
Train,4.75682130961977,4.7583643642686
Train,4.81149833123813,4.81304938204656
Train,4.86492226818416,4.86516478447837
Train,4.9168687417456,4.91703536444064
Train,4.96765760327812,4.96766651398164
Train,5.01707308206896,5.01705430952669
Train,2.1236001698057,2.12388916364242
Train,2.3312267024633,2.33194898561877
Train,2.53079190975058,2.53073186536156
Train,2.72221107576009,2.72173196290922
Train,2.90649628017563,2.90664145347208
Train,3.08353435789103,3.08387224342394
Train,3.25422961376912,3.25462233621173
Train,3.41844845121932,3.4184745137575
Train,3.57700345480192,3.57704505715472
Train,3.72974665350828,3.72965278922883
Train,3.87741200225108,3.87811928390537
Train,4.01984174897882,4.02001554448751
Train,4.15770198454672,4.1576802821476
Train,4.290828668106,4.29083539171214
Train,4.41982895049952,4.42020579243789
Train,4.54453516025359,4.54450631532771
Train,4.66550296056914,4.66539159469201
Train,4.78256307189015,4.78260648566018
Train,4.89622593620364,4.89624853348895
Train,5.00632220143366,5.00624276052648
Train,2.11929806066128,2.12028294986183
Train,2.33912576422513,2.3387848701498
Train,2.54859528613601,2.54916910762794
Train,2.74780960314826,2.74742210199136
Train,2.93779495529389,2.9383773281991
Train,3.11945687375641,3.11926339304435
Train,3.29279699955795,3.29272295049694
Train,3.45862885425712,3.45893441557954
Train,3.61767431655396,3.61741282413667
Train,3.76987241815197,3.77033627759036
Train,3.91588042011057,3.91546602571569
Train,4.05606843534068,4.05579304953816
Train,4.19098530903493,4.19133681848715
Train,4.32052286055671,4.32035219519119
Train,4.44518840503133,4.44502008740918
Train,4.56543701782796,4.56561779186839
Train,4.6811416941507,4.68105217381916
Train,4.79272714137776,4.79269751903147
Train,4.90057583290482,4.90065176468878
Train,5.00455067461036,5.00431296531704
Train,2.79788184818482,2.79824343103636
Train,2.97335468643221,2.97325986582681
Train,3.13886891715424,3.13927256116247
Train,3.29576238654505,3.29580796633334
Train,3.44444714550587,3.44430388603022
Train,3.58531949114351,3.58557196374412
Train,3.71941916855353,3.7193170256617
Train,3.84701300755902,3.84737794939091
Train,3.96836344940053,3.96829676393489
Train,4.08429867299206,4.08446383149956
Train,4.19499065489583,4.1950638395322
Train,4.30078722298537,4.30104698343738
Train,4.40183938328847,4.40181803003023
Train,4.49877838020913,4.49880718462763
Train,4.5916967674814,4.59173526998737
Train,4.68069257122139,4.68077177666081
Train,4.7662911811145,4.76626650982897
Train,4.84854735918329,4.84868487050361
Train,4.92752249937938,4.92757632654346
Train,5.00366031197705,5.00354552629531
Train,1.49400356488097,1.49444016498117
Train,1.57682794872268,1.57687534979439
Train,1.6584071625663,1.65846618610911
Train,1.73815252095142,1.73817247693322
Train,1.81672692283096,1.81663362661155
Train,1.89356181483551,1.89356813991279
Train,1.96929441392374,1.96926354629639
Train,2.04337531582866,2.04333393077494
Train,2.11641754009361,2.11641997041832
Train,2.1878899089651,2.18788085732038
Train,2.25838261570457,2.2582589483757
Train,2.327381842575,2.32731558048934
Train,2.3954562249571,2.3955313073059
Train,2.46210849074814,2.46200211882777
Train,2.5278868926327,2.52776129074872
Train,2.59230993820457,2.59174182163796
Train,2.65590658789213,2.65592257809138
Train,2.71821040810501,2.71820204697386
Train,2.77973208027049,2.77917176398867
Train,2.8400195506646,2.83900548689079
Train,3.79651087817818,3.79418529577041
Train,3.87628483249643,3.87570528956374
Train,3.95402468652431,3.95289203239034
Train,4.02946536235789,4.02844668538845
Train,4.10287290473821,4.10283204333635
Train,4.1743284105928,4.17382181985548
Train,4.24406620952719,4.244199534802
Train,4.31184013007536,4.31213219537702
Train,4.37788100216708,4.37812323557981
Train,4.44225446036291,4.44274262034404
Train,4.5051650316377,4.50450954110082
Train,4.56638419583678,4.56710420880362
Train,4.6261141293753,4.62600093947211
Train,4.68440852026206,4.68487923236924
Train,4.74144748054827,4.74197850431327
Train,4.79701879050252,4.79700456077652
Train,4.85130101388361,4.85122099383105
Train,4.90433849078683,4.90416428981942
Train,4.95629108787155,4.95587905973324
Train,5.0069615428495,5.00605157145427
Train,2.11265652053321,2.11265529114124
Train,2.3578566649345,2.35762082819955
Train,2.58709638398645,2.58683243383374
Train,2.80188488942419,2.80159286482038
Train,3.0035469266887,3.00345653283537
Train,3.19300068400244,3.19297390698583
Train,3.37179232928029,3.37095428966521
Train,3.5405745503095,3.54049966953997
Train,3.70016500671517,3.70014261320128
Train,3.85129466049826,3.85023960482457
Train,3.9946189701457,3.99401456457807
Train,4.1307273939857,4.12971466839034
Train,4.26015149340538,4.25930347999045
Train,4.38337187082695,4.38252545309323
Train,4.50082413335532,4.50026031881524
Train,4.61275563701275,4.61258781603491
Train,4.71983010816281,4.71964255219453
Train,4.82222099538286,4.82209700753109
Train,4.92022902122279,4.92015839258628
Train,5.01412970272404,5.01393283104361
Train,2.14401432385432,2.14759759496909
Train,2.38115906837723,2.38583771358779
Train,2.6037154860944,2.6070869688231
Train,2.81248742451155,2.81397946695168
Train,3.00895291571405,3.009813782159
Train,3.19439187912844,3.19551424646878
Train,3.36928552276897,3.37067054456228
Train,3.53490699190702,3.53587598602124
Train,3.6915961922994,3.69285320822044
Train,3.8402358800163,3.84426490620197
Train,3.9816013822551,3.98474066340376
Train,4.11588896677827,4.11826506312017
Train,4.24377162448729,4.2458859793808
Train,4.36584447361433,4.36586782788462
Train,4.48221255814478,4.48268018771731
Train,4.59353582159029,4.59312707921734
Train,4.6998773243844,4.69955905108899
Train,4.80168739654563,4.8011446700514
Train,4.89936800597654,4.89926204025349
Train,4.99293804110241,4.99202023821661
Train,2.1089386522176,2.10974590666254
Train,2.37514073023038,2.37504934628331
Train,2.62060179571228,2.62042707205936
Train,2.84707197075652,2.84693125608854
Train,3.05721315704382,3.05704308015655
Train,3.25222648526667,3.25188639730576
Train,3.43415752082525,3.43397546808072
Train,3.60384084059762,3.60361722412589
Train,3.76267811596061,3.76248468036309
Train,3.91187006831308,3.91151454885793
Train,4.05190585526976,4.05180875000613
Train,4.18394524024873,4.18375998189393
Train,4.30833067579597,4.30825556064909
Train,4.42586142983442,4.42569881584157
Train,4.53723364108906,4.53715701576974
Train,4.64264426466738,4.64249684345512
Train,4.74281992770265,4.74275098796014
Train,4.83789302383836,4.83778119530715
Train,4.92847952912802,4.92825709370325
Train,5.01466450809957,5.0144762202074
Train,2.1288000425236,2.12874579990992
Train,2.34823611622065,2.34789352568285
Train,2.55721056391098,2.55706404767651
Train,2.75599004423558,2.75594174781534
Train,2.94552363337288,2.94530764732579
Train,3.12665298750669,3.12664510575658
Train,3.29952074244584,3.2994537806774
Train,3.46506570261306,3.46501917966478
Train,3.6233729771198,3.62335098455904
Train,3.77508423011347,3.77507076131249
Train,3.92077359844153,3.92079069665877
Train,4.06046525202083,4.06043060008622
Train,4.19467901969374,4.19452137480792
Train,4.3238821364358,4.32385631580499
Train,4.44805868915352,4.44801428309828
Train,4.56777660105704,4.56775556293386
Train,4.68300122001707,4.68292028046224
Train,4.79411099883308,4.79415540910512
Train,4.90144833177892,4.90139268875308
Train,5.00495885637076,5.00489116484485
Train,2.12903313037011,2.13031513434206
Train,2.37371497467302,2.37368114183144
Train,2.60247029364738,2.6045092760144
Train,2.81623456115528,2.81611752159032
Train,3.01670163660666,3.01538698935136
Train,3.20532645089991,3.20602790089859
Train,3.38265358908176,3.38269165494083
Train,3.54989189897027,3.5486685853505
Train,3.70809013959052,3.71227870435931
Train,3.8575609457185,3.85803355343185
Train,3.99919673222576,3.99778494977753
Train,4.13359781405886,4.13425298427709
Train,4.26147622394797,4.26212914284796
Train,4.38296867091488,4.38188127240236
Train,4.4986971616588,4.49981613651861
Train,4.60921087066979,4.60261001219286
Train,4.71457055299424,4.71415263577026
Train,4.81526389425394,4.81455635846604
Train,4.91172399174008,4.9109534257116
Train,5.00396334665218,5.00207987997809
Train,2.13040396222976,2.13074919566523
Train,2.37303853282408,2.37265139363834
Train,2.60015547822851,2.60059930933884
Train,2.81263070033132,2.81277407798578
Train,3.01210130581198,3.01369090677716
Train,3.19997617682496,3.20070697441068
Train,3.37676511064571,3.37355542412505
Train,3.54386697152176,3.54449648242397
Train,3.70163413213781,3.70177515358617
Train,3.85102716016077,3.85078287984314
Train,3.99288537720786,3.99396573747461
Train,4.12740371639727,4.12705061254045
Train,4.25530873339397,4.25547922015201
Train,4.37723989298125,4.37729061381495
Train,4.493294071595,4.49373633258463
Train,4.60418353903414,4.60478978058044
Train,4.70996079497985,4.71017667812365
Train,4.81110720463325,4.81096616573294
Train,4.90805066782361,4.90836600225547
Train,5.00079777774893,5.00068638827023
Train,4.03678158433773,4.03693808467895
Train,4.13566729713179,4.1356856410678
Train,4.23097241930034,4.23100200338766
Train,4.32253303108006,4.32250031208631
Train,4.41073584423757,4.41074059632618
Train,4.49592692277096,4.49593036462855
Train,4.57793968546789,4.57792080309835
Train,4.6572551368398,4.6572536195711
Train,4.73370733785268,4.73370367532724
Train,4.80759144513496,4.80759589590551
Train,4.87917329958169,4.87916653927485
Train,4.94829025844663,4.94829318207875
Train,5.01519696033909,5.01525163891737
Train,5.08012355466713,5.08012734840694
Train,5.14291246511713,5.14292459709057
Train,5.20390367316847,5.20390735086065
Train,5.26294356871021,5.26294027384964
Train,5.32023532421494,5.32025009307498
Train,5.37596355005784,5.37599177132896
Train,5.42998106724748,5.42996834785689
Train,2.76429712269479,2.76390207117609
Train,2.99662453130539,2.99534155748214
Train,3.21286783191093,3.21238752925663
Train,3.41419547717616,3.41235084306053
Train,3.60251571015027,3.60130869822413
Train,3.77865864230516,3.77730406081199
Train,3.94413510895602,3.94290883527381
Train,4.09953984965417,4.09795289064303
Train,4.2459277761753,4.23989718268811
Train,4.38421528045004,4.37934546579735
Train,4.51476550454941,4.51254229285067
Train,4.63848546459697,4.63745975910232
Train,4.75563590627726,4.75296900122729
Train,4.86685051434591,4.86569773922045
Train,4.97268738411074,4.97134687870519
Train,5.07330223853307,5.07207445641351
Train,5.16928654997398,5.16636094974482
Train,5.26074791253988,5.26027315013588
Train,5.34819410489527,5.34735256677621
Train,5.43169660327504,5.43080350331391
Train,3.80381777795189,3.80460743581014
Train,3.88514324005325,3.88539752323075
Train,3.96402527890594,3.964392344333
Train,4.04074982268281,4.04062617908883
Train,4.11505901581572,4.11531684104947
Train,4.18723194122482,4.18742504798527
Train,4.25735941480867,4.25665009639877
Train,4.32552717676686,4.32536259827274
Train,4.39197006127829,4.39200348120019
Train,4.45645288468365,4.45633740517613
Train,4.51920628604514,4.51873334272776
Train,4.58029891907628,4.58011839021882
Train,4.63993401138155,4.63975909341778
Train,4.69789341540057,4.69784659560199
Train,4.75437753520853,4.75425295087578
Train,4.80944199021849,4.80912727921921
Train,4.86313963868017,4.86314649384829
Train,4.91564248218195,4.91513473486364
Train,4.96675195093874,4.96668647337018
Train,5.01663835745596,5.01649016316177
Train,3.80664091162018,3.80581048203411
Train,3.88860513026176,3.88800545065559
Train,3.9679995475491,3.96772515399451
Train,4.04494315355178,4.04195505784836
Train,4.11954770383565,4.11677941964834
Train,4.1919182610461,4.18829245908663
Train,4.26215368855679,4.26213034265337
Train,4.33034710106158,4.33025566223322
Train,4.39658627642818,4.39623964106093
Train,4.46095403264424,4.46017602478631
Train,4.52367796994307,4.52379208652954
Train,4.58452912445033,4.58430165642884
Train,4.64373103384914,4.64323981439182
Train,4.70134985075786,4.69947720641747
Train,4.75744823655694,4.75635140787589
Train,4.81208558870454,4.81137396927469
Train,4.86531825051979,4.86439460712089
Train,4.91719970499118,4.91634621224901
Train,4.9677807540116,4.96698264589603
Train,5.01710968430264,5.01635674736125
Train,1.61461103702992,1.61352990183176
Train,2.00542657563896,2.00411687694967
Train,2.35758061384121,2.35673847884417
Train,2.67595499157941,2.67470370446634
Train,2.96545351484543,2.96443207357905
Train,3.23007786762063,3.2290331512161
Train,3.47245396223694,3.47300699232099
Train,3.69568666082168,3.6970022190765
Train,3.90157605727133,3.90264184170181
Train,4.09224436676495,4.09331436532037
Train,4.26948383431432,4.27027351976384
Train,4.43435795345876,4.43523763338115
Train,4.58826026605805,4.58939665324241
Train,4.73238495656922,4.73319310029572
Train,4.86738295180506,4.86786245328793
Train,4.99433137694464,4.99422683825495
Train,5.11370594655759,5.11347405366203
Train,5.22627002247981,5.2260495912017
Train,5.33268984781122,5.33250286771753
Train,5.4332664421867,5.43310831245279
Train,1.18428791394519,1.1856622897142
Train,1.63622234477721,1.63716774797311
Train,2.03966537388795,2.04032474498334
Train,2.40202412271444,2.40202678246377
Train,2.72927020845774,2.72892596985574
Train,3.02627142594558,3.026287797675
Train,3.29703552707117,3.29737792566837
Train,3.54489212669147,3.54503808506368
Train,3.77263031285526,3.77559241390216
Train,3.98260405466821,3.98350275572401
Train,4.17681386944818,4.17698716505791
Train,4.35697076170014,4.35728705480531
Train,4.52454676694965,4.52527411459258
Train,4.68081526395373,4.68045355609164
Train,4.82688339281796,4.82657451886579
Train,4.96371832551304,4.96354455037752
Train,5.09216870721911,5.09179294157028
Train,5.21298227338585,5.21268167846964
Train,5.32682041531893,5.32671660105942
Train,5.43427029363221,5.43410426079598
Train,2.11854974520265,2.12033492744038
Train,2.36965329953032,2.37221553580847
Train,2.60291369662723,2.6033135281871
Train,2.82074288747963,2.82082459881738
Train,3.02408366216741,3.02653362767549
Train,3.21483992653704,3.2154165281502
Train,3.39366947362023,3.39430308065156
Train,3.56210365267221,3.56269055313558
Train,3.72060116765344,3.72107169810286
Train,3.87041413984253,3.87100598295754
Train,4.01185999458537,4.01192582795582
Train,4.14597750162666,4.14637430944666
Train,4.27298251658091,4.27418333309132
Train,4.39374797378785,4.39427630578237
Train,4.5084159270133,4.50929410560301
Train,4.61772841628796,4.61788113029278
Train,4.72177341797621,4.72246688593831
Train,4.82118822113108,4.82128637918166
Train,4.91602092961166,4.91628062860062
Train,5.00682395082493,5.00676416301238
Train,4.12029750582454,4.1208660357336
Train,4.17735496874578,4.17728372368973
Train,4.23298871820292,4.232996210729
Train,4.28755224265169,4.2875817067509
Train,4.34078056588744,4.34065897493227
Train,4.39301016246763,4.39206713821867
Train,4.44398575846483,4.44408865479298
Train,4.49402803643194,4.49465131043351
Train,4.54302639095992,4.54271726056712
Train,4.59088048913341,4.59088693443872
Train,4.63788935800581,4.63735860808473
Train,4.68381995465423,4.68440859405044
Train,4.72895809292725,4.72858068838494
Train,4.77320123589407,4.77154826656286
Train,4.81645576932464,4.81435716789227
Train,4.85898929060412,4.85944021028652
Train,4.90058839484491,4.89935556299705
Train,4.94150950752117,4.94131716289511
Train,4.98154643049578,4.98164934670447
Train,5.02094511455809,5.0204631459458
Train,2.13108253715747,2.13135352763882
Train,2.3634225107439,2.36383961772325
Train,2.58234426957046,2.58211449106992
Train,2.78872206994565,2.78887919916841
Train,2.98408712843775,2.98441260850476
Train,3.16906850956499,3.16934538926242
Train,3.34447262355661,3.34433447417931
Train,3.51102448520961,3.51141653106268
Train,3.66918121602325,3.66929282617301
Train,3.81993600410763,3.81978102266683
Train,3.96361774986868,3.96392885090271
Train,4.10071281829953,4.10094223300647
Train,4.23150110558036,4.2316160691228
Train,4.35671938119378,4.3568133657648
Train,4.47656656134204,4.47652785961353
Train,4.59138097054597,4.59159976969775
Train,4.70147310298635,4.70154001780273
Train,4.80699671021597,4.80698634944227
Train,4.90848328994059,4.90858393680199
Train,5.00603822010173,5.0059221735103
Train,3.04119409913443,3.0440792576085
Train,3.19008903585689,3.19212278924195
Train,3.33178815602225,3.33430478456674
Train,3.46656537724521,3.46826633788831
Train,3.59536463091558,3.59828207188937
Train,3.7183597587099,3.7206835557993
Train,3.83593444559867,3.83769201628118
Train,3.94843928740004,3.94970693578606
Train,4.05600691507524,4.05824535729724
Train,4.15931622960259,4.16130751334666
Train,4.25844130188877,4.26002214623103
Train,4.35363129196219,4.35670553706248
Train,4.44495577097793,4.44606103596405
Train,4.53295339705236,4.53436395636189
Train,4.61765389777833,4.61836173986038
Train,4.69923917216988,4.69960323725198
Train,4.77787798061389,4.77823698603268
Train,4.8535940634255,4.85381587464898
Train,4.92680396804945,4.92673424740159
Train,4.99750567947043,4.99762307763402
Train,2.12952051089091,2.13049350105237
Train,2.3669523637525,2.36744980886241
Train,2.58984900460194,2.58844178238022
Train,2.79950552654577,2.79938079695811
Train,2.99706760274245,2.99615932577243
Train,3.18355243123405,3.18382080780819
Train,3.35986625274271,3.35934325743827
Train,3.52681907826002,3.52557702829316
Train,3.68513713151105,3.68389144494384
Train,3.83547340951763,3.8349747129071
Train,3.97841668516907,3.97852927846205
Train,4.11449921352282,4.11424672837555
Train,4.24420335448835,4.24442830009164
Train,4.36796728559095,4.36519805995002
Train,4.48618994740472,4.48353738171525
Train,4.5992353392663,4.59490278282854
Train,4.7074362627208,4.70455148789577
Train,4.81109759379642,4.81064101232576
Train,4.9104991518747,4.91021328433661
Train,5.00589822200829,5.0031430845668
Train,3.86767499240352,3.86767440045904
Train,3.93988814312301,3.93936692709056
Train,4.0101984399561,4.01018715348281
Train,4.07901616013599,4.07897505641111
Train,4.14622331643736,4.14628879015462
Train,4.21171516262025,4.21138850158266
Train,4.27586994226197,4.27595683889766
Train,4.33857416610701,4.3381929666032
Train,4.39972643404632,4.39972274943674
Train,4.45967663300769,4.4599179235195
Train,4.51831577123988,4.51807685261545
Train,4.57568639126128,4.57551993017504
Train,4.63169173067754,4.63174333370651
Train,4.68664865034855,4.68664540606213
Train,4.7404540428401,4.74021193109755
Train,4.79301465417683,4.79317675791052
Train,4.84462560898169,4.84459463618649
Train,4.89518807231036,4.89490077791223
Train,4.94461226602947,4.94451990043698
Train,4.99317378018728,4.99308991487149
Train,2.13029736085885,2.12972208334785
Train,2.36488484898228,2.36449291604757
Train,2.5852044874433,2.58484944910404
Train,2.79302233464975,2.79277427553851
Train,2.98889740163149,2.98853366949723
Train,3.17427966419733,3.17383096682559
Train,3.34956388030625,3.34974334544339
Train,3.51595707532843,3.51557190653355
Train,3.67392665456806,3.67353068224864
Train,3.82391386438706,3.82369045474869
Train,3.96685640371195,3.96707786692085
Train,4.10290718919506,4.10278935263003
Train,4.23286926881838,4.23266700123739
Train,4.35699086341235,4.35696123122424
Train,4.47551231208091,4.47505587331787
Train,4.58908113602055,4.58882109261711
Train,4.69773558542738,4.69766060729697
Train,4.80204241739314,4.80219151357258
Train,4.90201266315861,4.90193860581738
Train,4.99814603642864,4.99810018871748
Train,2.12135140905587,2.12206894572253
Train,2.3581271563838,2.35842871392041
Train,2.58082347541767,2.58142458773753
Train,2.79014316886457,2.79056850995065
Train,2.98749947850021,2.98802612162789
Train,3.17411978402841,3.17422490495327
Train,3.35042062414992,3.35043405554851
Train,3.51764780114237,3.51802627580426
Train,3.67609155608704,3.67637631100323
Train,3.82661231789763,3.82706357266241
Train,3.96996736034316,3.96996943706134
Train,4.10631792695103,4.10663754459191
Train,4.2363261944277,4.23667207506904
Train,4.36057871671653,4.36129458098393
Train,4.47915454082872,4.47973178150667
Train,4.5927157035838,4.59294188022276
Train,4.7013034034086,4.70163176943268
Train,4.80536659178628,4.80559440290043
Train,4.90530652005249,4.90569182582502
Train,5.00112464163372,5.00101245098293
Train,2.11977512070295,2.11984871081612
Train,2.35543592062117,2.35538920317439
Train,2.57728379397804,2.5768040626829
Train,2.78597788921882,2.78591355323104
Train,2.98314523520744,2.98279577445308
Train,3.16925003574032,3.16916038590378
Train,3.34563771372171,3.34531281905609
Train,3.51263198312321,3.51257141586055
Train,3.67136005374403,3.67145653268043
Train,3.82204322514936,3.82127184042136
Train,3.9656369708923,3.96530605392425
Train,4.10228723103854,4.10191848808271
Train,4.23281242014042,4.23272629586816
Train,4.35730261727197,4.35674177739955
Train,4.47646546379672,4.47596139461919
Train,4.59034940695082,4.58990280539391
Train,4.69957152779093,4.69944678284472
Train,4.80414914034005,4.80362752673344
Train,4.90462451282397,4.90436696183704
Train,5.00099164739789,5.00049501150741
Train,2.12804897949919,2.1281436418615
Train,2.35914572896653,2.35910767636622
Train,2.57710276155572,2.57702386912959
Train,2.78300974754792,2.78295687581366
Train,2.97783911053135,2.97778287363716
Train,3.16246138375598,3.1623021305243
Train,3.33765821454383,3.33754977602465
Train,3.50413342654931,3.5039894240729
Train,3.66252247004433,3.66234286063653
Train,3.81340052777421,3.81336028934701
Train,3.95728949435615,3.95690505799965
Train,4.09466400771843,4.09471248725848
Train,4.2259566794682,4.22568600326148
Train,4.35156264562758,4.35161045714293
Train,4.47184353858334,4.47149513440334
Train,4.58713096434958,4.58714294165501
Train,4.697729555561,4.69746975660044
Train,4.80391965938697,4.80373041663214
Train,4.90595971030359,4.90596372402459
Train,5.00408833000427,5.00362244188389
Train,2.12104874676721,2.122181333991
Train,2.34903509161392,2.34869785591971
Train,2.56480918105226,2.56492277023452
Train,2.76889724478091,2.76961083053564
Train,2.96242686686407,2.96192399719101
Train,3.14639019060585,3.14645611808763
Train,3.32111104645295,3.32101958211232
Train,3.48744392435907,3.48725846213009
Train,3.64614588497367,3.64622938185883
Train,3.79741081622558,3.79728721036762
Train,3.94190181739046,3.94175745508645
Train,4.08006394730618,4.08026258358976
Train,4.21244385637252,4.21231241758167
Train,4.33912900985612,4.33910423381556
Train,4.4606074234926,4.46058588422264
Train,4.57731699312864,4.57727276197355
Train,4.68929586349491,4.68931179686868
Train,4.79693976588629,4.79680945220415
Train,4.90060535136465,4.90062787379091
Train,5.00029769645624,5.00011507419939
Train,2.58725567566457,2.58925322735402
Train,2.70154279218157,2.70094595466461
Train,2.8119908417709,2.81300830581702
Train,2.91879006872852,2.92014838932326
Train,3.02187803688052,3.02391709976317
Train,3.12190950100178,3.12255642820336
Train,3.21879218484894,3.21911612077045
Train,3.31267246016338,3.31273405560595
Train,3.40368776495202,3.40158632206684
Train,3.49196727482679,3.49129032010049
Train,3.57743298806315,3.57597328078944
Train,3.66060417040359,3.65878062334039
Train,3.74138311732907,3.74158372151968
Train,3.81987157661885,3.82031604855391
Train,3.89616560659639,3.89634114186291
Train,3.97035596832019,3.96951974685024
Train,4.04236018004115,4.0419005466504
Train,4.11260055730009,4.11329637762927
Train,4.1809810485133,4.18115452513692
Train,4.24757455997282,4.24730389348068
Train,3.80664009908338,3.81045408412709
Train,3.88748447184076,3.8904899919983
Train,3.96611514799725,3.96706289219972
Train,4.0422824060348,4.04497405061219
Train,4.11626428105104,4.11766835780535
Train,4.18831347492961,4.18921387864637
Train,4.25819315247365,4.26005043438298
Train,4.32615063881179,4.32629501516593
Train,4.39241138017627,4.39328977089852
Train,4.45675108578473,4.45732108442124
Train,4.51939116947626,4.52002312632638
Train,4.5803981000977,4.58146607673214
Train,4.63996736368178,4.64077765409846
Train,4.69789058285393,4.69805310967448
Train,4.75436050542579,4.75503697890625
Train,4.80955391802398,4.80969655273319
Train,4.86327366852856,4.86347658303228
Train,4.91569450904407,4.91575036158273
Train,4.96697710872871,4.96701731033343
Train,5.01693489562961,5.01699760130967
Train,3.80622059177964,3.80453325448278
Train,3.8873288589235,3.88722645950864
Train,3.96601881127915,3.96574407160759
Train,4.04239701643749,4.04066497248667
Train,4.11640392475877,4.11593687932717
Train,4.18845862756364,4.18705146494566
Train,4.25848579499905,4.2584486637318
Train,4.32656981845119,4.3268200921996
Train,4.39279046993933,4.39250744912377
Train,4.45722321391436,4.45764613088639
Train,4.51980408338386,4.5192239708961
Train,4.58087512371354,4.579887114782
Train,4.64036142544034,4.64100519522279
Train,4.69832388230876,4.69711372251575
Train,4.75482030771955,4.75540353593195
Train,4.80990562707344,4.80959627141081
Train,4.86351593951924,4.86255977803038
Train,4.9159359608391,4.91551733623445
Train,4.967093940438,4.96636375102051
Train,5.01703491275559,5.01657516345975
Train,3.8062145422959,3.80624778728478
Train,3.88739885079821,3.89297742351144
Train,3.9661491602232,3.96710252826986
Train,4.04257331506356,4.04594434234267
Train,4.11677288144057,4.11697868487343
Train,4.18884359743401,4.18991827379458
Train,4.25887578519916,4.25857979952369
Train,4.32695472860115,4.32629693469451
Train,4.39316101968649,4.39448486230347
Train,4.4575708769512,4.45809026133455
Train,4.52025643804822,4.52108369573787
Train,4.58128602929732,4.58219809546088
Train,4.64072441411457,4.64097652560693
Train,4.69863302226005,4.69808251820749
Train,4.75507016160996,4.75567440161493
Train,4.81009121398775,4.81102874055458
Train,4.86374881643681,4.86420730857597
Train,4.91609302918206,4.91781918270525
Train,4.96717149140691,4.96839702251262
Train,5.01702956586459,5.0172276710039
Train,1.47921976864386,1.47888876391179
Train,1.61425948358227,1.61335632418585
Train,1.74472348591131,1.74436221317981
Train,1.87084046764482,1.87049047556892
Train,1.99282413063477,1.99208680363907
Train,2.11121399002517,2.11084059833618
Train,2.22550739656884,2.22544609309651
Train,2.33623066738517,2.33546603376115
Train,2.44354850832307,2.44346155688644
Train,2.54761564721408,2.54737006201711
Train,2.64857757819521,2.64802418686694
Train,2.74657124038271,2.74623055731016
Train,2.84172563755433,2.84157089140743
Train,2.93416240473665,2.93380845564778
Train,3.02399632693052,3.02346215462265
Train,3.11158763745007,3.11139803337236
Train,3.1965283137682,3.19639130025124
Train,3.27917423913044,3.27868364051054
Train,3.35961716637309,3.35938701279182
Train,3.43794402116728,3.43780991174234
Train,3.80709435417755,3.80716967484867
Train,3.88895848836872,3.88800003959867
Train,3.9684383660783,3.96836021318112
Train,4.0452913543107,4.04487830657698
Train,4.11981218005613,4.11617309999955
Train,4.19210541355431,4.19209621641156
Train,4.26242693353728,4.26288031882385
Train,4.33054996456339,4.32784129579912
Train,4.39672409915869,4.3965474116815
Train,4.46103179034476,4.45962284951773
Train,4.52369133231124,4.52438562969863
Train,4.5844916386426,4.58262901169317
Train,4.64364672846964,4.64300219322857
Train,4.70122248809531,4.69955650443106
Train,4.75740734281136,4.75727149785624
Train,4.81200518427256,4.81102111214958
Train,4.86520153396366,4.86439098535292
Train,4.91704967116202,4.91513483287079
Train,4.96771391344005,4.96623910330189
Train,5.01701216782744,5.01612572987168
Train,2.12766243390009,2.12746208459092
Train,2.35796193148441,2.35794091908272
Train,2.57555122907879,2.57516025357134
Train,2.78097702930455,2.78095338312804
Train,2.97568291358558,2.97455713996559
Train,3.16005768113608,3.16005093179072
Train,3.33530918134515,3.33496152842079
Train,3.50171055742646,3.50117621774214
Train,3.66009982418037,3.66009262689866
Train,3.81121792669311,3.81106380633381
Train,3.95521826045487,3.95465381073544
Train,4.09291271982939,4.09224370991822
Train,4.22439945915351,4.22447445754031
Train,4.3502356980954,4.34929466660495
Train,4.47091882709077,4.47074226708745
Train,4.58648866250055,4.58655080329871
Train,4.69752254819782,4.6971412842652
Train,4.80403300530759,4.80395824918768
Train,4.90653031990999,4.90643953380303
Train,5.00500636182361,5.00402331369358
Train,3.08679121425573,3.08692054557858
Train,3.24633859421611,3.2464370626515
Train,3.39517634891969,3.39525693811837
Train,3.53434778838563,3.5345304952173
Train,3.66456023306791,3.66461545739392
Train,3.78703626284991,3.78723322848626
Train,3.90226379998657,3.90236253325955
Train,4.01086783096387,4.01113831370847
Train,4.11340349872762,4.11346511543914
Train,4.21036559396694,4.21056529768637
Train,4.30205163687515,4.30209685612889
Train,4.38915561187569,4.38903726091329
Train,4.47188161130028,4.47183657770464
Train,4.55055160906844,4.55048806311632
Train,4.62545676222388,4.62536522290273
Train,4.69686101171854,4.69687190663197
Train,4.76489626509146,4.76497541460802
Train,4.8300015519113,4.82998100544163
Train,4.89226320933295,4.89227868342667
Train,4.95186355917643,4.95191809993074
Train,2.12241780512704,2.12342947169626
Train,2.35135539584207,2.35182375796674
Train,2.56739830893723,2.56733053638553
Train,2.77206150249708,2.7727054183454
Train,2.96600456138248,2.96603962956241
Train,3.14984305289255,3.15089338710485
Train,3.32473655160042,3.32494166095811
Train,3.49113632416393,3.492030847174
Train,3.64946938341394,3.64999258734705
Train,3.80064609238498,3.80177663130988
Train,3.94497923240077,3.94689673541532
Train,4.08292321703611,4.08442073560971
Train,4.21474537094069,4.2158201098903
Train,4.34112721413172,4.3418275894185
Train,4.46226276825089,4.46387656082178
Train,4.57834180019962,4.58115217527328
Train,4.6899244923032,4.6906721514936
Train,4.79714664378861,4.79828701018076
Train,4.90014324531993,4.90174789045367
Train,4.99938189771693,4.99828121589624
Train,4.51931776847356,4.52175803936214
Train,4.55567673384203,4.55834108288062
Train,4.59146817615258,4.59356762893393
Train,4.6267052801126,4.62692081353115
Train,4.66152647465309,4.66363436018244
Train,4.69569094135459,4.69488963279244
Train,4.7293382964878,4.73022540982882
Train,4.76248019232878,4.76336226923403
Train,4.79512793367652,4.79683355899423
Train,4.82729249070953,4.82705675837886
Train,4.85909932288176,4.85930571829911
Train,4.89032747595552,4.89041359809588
Train,4.92110350386524,4.92132844836695
Train,4.95143715493046,4.95174381529458
Train,4.98133789922444,4.98121125274
Train,5.01081493843122,5.01090459886135
Train,5.03998253307041,5.03999408127518
Train,5.06863727402527,5.06803675181826
Train,5.09689442747473,5.09667823058797
Train,5.12476221125896,5.1246115730867
Train,2.13189221657788,2.13234839877649
Train,2.36766544456705,2.36775839322607
Train,2.58921296683259,2.58975896463042
Train,2.7977845711513,2.79783966374478
Train,2.99426480936508,2.99443348902813
Train,3.18009684912226,3.18034130318509
Train,3.35592348227075,3.35625065017328
Train,3.52253157937561,3.52271205892274
Train,3.68062760799323,3.68082138614799
Train,3.83084764641597,3.83117671854805
Train,3.9736032197814,3.97378918289567
Train,4.10974713564277,4.10996093418751
Train,4.23958008064822,4.23967672399548
Train,4.36353093337985,4.36381337536685
Train,4.48199057245654,4.48204851518338
Train,4.59531599397164,4.59542452114354
Train,4.70370996237847,4.70392788885173
Train,4.8077250215466,4.80781965744635
Train,4.90750700734156,4.90762943413236
Train,5.00330917483839,5.00333841911587
Train,2.12839164602064,2.12917208167736
Train,2.36247316665261,2.36248284778802
Train,2.58301480421574,2.58301597441849
Train,2.79067067804873,2.79100485318876
Train,2.9869981285103,2.98741241036285
Train,3.17246333417267,3.1727372549324
Train,3.34835629682222,3.35066703259898
Train,3.51500690889576,3.5168837932545
Train,3.67331105438731,3.67273177617998
Train,3.8240578461484,3.82313459865353
Train,3.96743748779582,3.96584846581053
Train,4.10429937019524,4.10354739304992
Train,4.23476980815697,4.23481505458429
Train,4.35943325315064,4.35914639057254
Train,4.47880981867035,4.47627273905917
Train,4.59295876151782,4.59160391328286
Train,4.70247458147216,4.70296274310047
Train,4.80738530232696,4.80717599438165
Train,4.90821357881677,4.90777326916239
Train,5.00496385103977,5.0044021773322
Train,2.12201620608503,2.12738294309773
Train,2.36450349956983,2.36851011639763
Train,2.59116977482313,2.59670070082601
Train,2.80395560508875,2.80873503604042
Train,3.00389018829859,3.00759848922852
Train,3.1919080162322,3.1969755193243
Train,3.36941267015483,3.37305921838223
Train,3.53708711964804,3.542389892373
Train,3.69556068002169,3.69929188429913
Train,3.84588366653932,3.85021290176909
Train,3.98852006558705,3.99355655458592
Train,4.1240447463273,4.12780195945769
Train,4.25284195876933,4.25661417346808
Train,4.37565704931787,4.37678124494804
Train,4.49277464891498,4.49339943703333
Train,4.60446523917708,4.60468373742723
Train,4.71132106651224,4.71155371477315
Train,4.81354216413267,4.81357200961455
Train,4.91132109330327,4.91134328079014
Train,5.00513782515033,5.00533120160643
Train,2.12305847928144,2.12330630786554
Train,2.35226514714969,2.35279928665503
Train,2.56881436200018,2.56879279853846
Train,2.77372642346124,2.77370470466511
Train,2.96791484066613,2.96806639717787
Train,3.15198039802484,3.1523325044075
Train,3.32711172043142,3.32774310801713
Train,3.4937447500178,3.49383302626328
Train,3.65248340688745,3.65257876067725
Train,3.80387571286322,3.80398891836765
Train,3.94842011258447,3.94907369854289
Train,4.08657095581079,4.08678474397701
Train,4.21874326797939,4.21898497205646
Train,4.34531691453664,4.3451886019723
Train,4.46664024705632,4.46682984711905
Train,4.5828939027359,4.58293647663621
Train,4.694656728845,4.6947265303136
Train,4.80205504924403,4.80215345111745
Train,4.90533962829596,4.90528320398542
Train,5.00474238101145,5.00449919765768
Train,2.12305305977826,2.12300445703684
Train,2.35927087394167,2.359220965893
Train,2.58108208550189,2.58040657952032
Train,2.79022005828889,2.79019522876141
Train,2.98752570765147,2.9875377322426
Train,3.17377250611526,3.17383409972197
Train,3.35024923196853,3.34998518075398
Train,3.51733983974209,3.51725087751064
Train,3.67612005116997,3.67569132810994
Train,3.82702973356129,3.82697429376666
Train,3.97048299923083,3.97061276148841
Train,4.10731814410908,4.10708896224631
Train,4.23783980035548,4.23757375571248
Train,4.36233864022949,4.36206137110665
Train,4.48148288908426,4.48135126167861
Train,4.59536069313629,4.59516882004053
Train,4.70455288144413,4.70463547673379
Train,4.80922783284459,4.80885337196767
Train,4.90954999146692,4.90961093322793
Train,5.00599688376397,5.00561753917671
Train,2.12239698054196,2.12289695460302
Train,2.34457611443719,2.34457781217887
Train,2.55538573492275,2.55588156310503
Train,2.75609528560321,2.75637013392069
Train,2.94721380312319,2.94709591628296
Train,3.12941271557673,3.1294415638952
Train,3.30312046673219,3.30333190137415
Train,3.46926432297417,3.46951245936751
Train,3.62816129811696,3.62817539386404
Train,3.7802754151496,3.78050006106449
Train,3.92587927429142,3.92585593028005
Train,4.06567474782217,4.06595513476012
Train,4.19986173892056,4.19981338141614
Train,4.32877112211096,4.32881719922833
Train,4.45257824775527,4.45266752215346
Train,4.57183022717752,4.57178236961434
Train,4.68665319451203,4.68682490956806
Train,4.79728939124619,4.79723328687786
Train,4.90385166000563,4.90384665327682
Train,5.00677707587938,5.00673373900307
Train,3.42901042692851,3.4311043184828
Train,3.54044545959411,3.54226909058005
Train,3.64742769048059,3.64854950371617
Train,3.75056023575532,3.75188453634863
Train,3.84971744934167,3.8502566994687
Train,3.94544197875907,3.94679040439613
Train,4.0376023406599,4.0380465964229
Train,4.12668930102519,4.12722845056513
Train,4.21271091252278,4.213091999711
Train,4.29568468936691,4.29896471801865
Train,4.37603641438931,4.37773363444674
Train,4.45362983495513,4.45393538096349
Train,4.52885432743004,4.52970300874975
Train,4.60169534846567,4.60208925739815
Train,4.67214706252256,4.67257457862096
Train,4.74055240657206,4.74026906856696
Train,4.80677826409416,4.80743727845791
Train,4.87114110577564,4.87105269822885
Train,4.93351023112156,4.93350782984297
Train,4.99417861336703,4.99406483077863
Train,4.08017278688525,4.08010538703482
Train,4.14017484907005,4.14024728773464
Train,4.19862253152457,4.19905831552413
Train,4.25587590740224,4.25564870675979
Train,4.31182352798814,4.31188435046014
Train,4.36636575334579,4.36631843266904
Train,4.41983558087884,4.42012083339458
Train,4.47212624629398,4.47206938794651
Train,4.52314177230391,4.52305799910053
Train,4.57319107759054,4.5731719152939
Train,4.62217196420917,4.62228936388809
Train,4.67011828266798,4.67042939037154
Train,4.7169389182248,4.71656506358366
Train,4.76291460740113,4.76300348607427
Train,4.80794900029676,4.8079075033568
Train,4.85195455279491,4.85225615612242
Train,4.8951933685157,4.89487662572018
Train,4.93757327636441,4.93750940331327
Train,4.97901020524745,4.97903415570571
Train,5.0197494529876,5.01948532466148
Train,2.15559069773346,2.15710005019745
Train,2.43250552074585,2.43339281741308
Train,2.68433813089823,2.68382888313161
Train,2.91379628361804,2.91399394333374
Train,3.12398781810597,3.12662357295293
Train,3.31724156644519,3.32077451566537
Train,3.4957411310791,3.49710821751458
Train,3.66071413121474,3.66371923021169
Train,3.81382731707758,3.81453627998079
Train,3.95631520711583,3.95821406140411
Train,4.08940832198007,4.09028825735394
Train,4.21370335097722,4.21532930308266
Train,4.33018642833708,4.33027361063822
Train,4.43957158810882,4.43974151702085
Train,4.54261404052913,4.54317357636708
Train,4.63961269455973,4.6403807471327
Train,4.73119591141636,4.73207964335987
Train,4.81780489097946,4.81928458911378
Train,4.89993462386474,4.90033293029072
Train,4.97773299206552,4.97740553489374
Train,3.80678547672767,3.80504174367187
Train,3.88830552120323,3.8878231526144
Train,3.96732731396479,3.96620117484079
Train,4.04396396346085,4.04259604401549
Train,4.1183218516675,4.11758184563613
Train,4.19065777786382,4.18903460715618
Train,4.26074831360627,4.25989226049231
Train,4.3288437833466,4.32778886999248
Train,4.39502817350667,4.39348045766772
Train,4.45938082163388,4.45875381887552
Train,4.52197673367046,4.52028381600056
Train,4.58288687558949,4.58078415950539
Train,4.64217844178192,4.6409934996448
Train,4.69991510232846,4.69806372992415
Train,4.75615723106922,4.75415965549135
Train,4.81108128602305,4.80972794383368
Train,4.86450033679016,4.86341330715757
Train,4.91658833834603,4.91512053519208
Train,4.96739442739898,4.96630439041135
Train,5.01696535149724,5.01550580930442
Train,3.80739449478882,3.80718344187725
Train,3.88848464895535,3.88824889321066
Train,3.96731062372242,3.96734791983571
Train,4.04363704974116,4.04374333713739
Train,4.11773988575936,4.11766221029055
Train,4.18971490526765,4.18994399105967
Train,4.2598029955438,4.2596622600652
Train,4.32778421916422,4.32806224515324
Train,4.39389406630724,4.39404886612855
Train,4.45820876027913,4.45842028616997
Train,4.52093526877318,4.52100822301535
Train,4.58186871909127,4.58225652906939
Train,4.64121237777854,4.64108110771875
Train,4.69902766161321,4.69954823328252
Train,4.75549432106236,4.7554252187513
Train,4.81042177795929,4.81072667431389
Train,4.86398725208032,4.86419608852546
Train,4.91624078070771,4.91661099994625
Train,4.9673399600617,4.96696429395186
Train,5.0171075550939,5.01713150174718
Train,2.12690503882029,2.12663546800858
Train,2.35784755001863,2.35746937601315
Train,2.57544108542503,2.57497559877473
Train,2.78127891202186,2.78086947001819
Train,2.97606629377245,2.97535639788501
Train,3.16045931759117,3.15984098000289
Train,3.33566791021446,3.33534058986359
Train,3.50217114428338,3.50155376828869
Train,3.66042106562472,3.65983307179366
Train,3.81136132934809,3.81095412242238
Train,3.95532199883044,3.9549087223534
Train,4.09277624686765,4.09237978382979
Train,4.22400497651647,4.22361449830013
Train,4.34970955395323,4.34918805793521
Train,4.47009338183143,4.46974868791247
Train,4.58535495467794,4.5848257023429
Train,4.69606819125944,4.69576560606609
Train,4.8023748897889,4.80162518325622
Train,4.90441570468925,4.90390083528135
Train,5.00266786477395,5.00188811881188
Train,2.12908150441046,2.12929994312825
Train,2.3557228052369,2.35536740586056
Train,2.56988514109415,2.57000715784332
Train,2.77301969809914,2.77289117737044
Train,2.96553069061696,2.96567185305711
Train,3.14863477783601,3.14857152160792
Train,3.32261934759476,3.32278442827763
Train,3.48851608253403,3.48859887817187
Train,3.64670065554545,3.64688474822859
Train,3.79753131688409,3.79758494803926
Train,3.9418289176121,3.94219187623483
Train,4.07970247293019,4.07949223399581
Train,4.21186471251341,4.2118657120848
Train,4.33852246744661,4.33847372945118
Train,4.45987767350149,4.45992314701678
Train,4.57651548003581,4.5764259228711
Train,4.68845636146453,4.68837622360687
Train,4.79621789742696,4.79609654083859
Train,4.89979895371093,4.8998445500877
Train,4.99966023770793,4.99949370394123
Train,3.79879635434255,3.79839220545208
Train,3.87892305621105,3.87899797978415
Train,3.95675120769345,3.95650757982756
Train,4.03237831608655,4.03211072327057
Train,4.10589645041598,4.10491320477402
Train,4.17724601452383,4.17747495985194
Train,4.24680644424389,4.24623823869868
Train,4.31450490970812,4.31401995262084
Train,4.38041518396485,4.38024733429146
Train,4.44460719357199,4.44461774649634
Train,4.50714726606388,4.5070995322715
Train,4.56809835855585,4.56773977147194
Train,4.6275202691425,4.62731566751271
Train,4.6854698325821,4.68506755116349
Train,4.74200110161298,4.74203287947992
Train,4.79705221183331,4.79681422462116
Train,4.85090144162714,4.8506817622513
Train,4.90347937076666,4.90331329169229
Train,4.95483049431226,4.9548333790265
Train,5.00499725485495,5.00463848818279
Train,4.68701658202835,4.68684648877778
Train,4.72093289360058,4.7204642952095
Train,4.75422002740472,4.75479159118211
Train,4.78678212727875,4.78592718172539
Train,4.81886436652009,4.82052181924181
Train,4.85036754599872,4.850390466145
Train,4.88130720287331,4.88124016618193
Train,4.91169832337872,4.91116923623148
Train,4.94145188588581,4.94166676322883
Train,4.97079060327525,4.97071607131173
Train,4.99962262695463,4.99943190163711
Train,5.02796097081072,5.02724809641612
Train,5.05572162787799,5.05490657897852
Train,5.08311152384989,5.08250503142725
Train,5.11004416345865,5.1095372426901
Train,5.13653090231005,5.13621280982287
Train,5.16258272308677,5.16230283684516
Train,5.18812137115213,5.18759064083523
Train,5.21333631738599,5.21254580661142
Train,5.23814717001802,5.23758818651212
Train,2.12764774870194,2.12848189666355
Train,2.35445726966236,2.35462636328546
Train,2.56906504774185,2.56927505714364
Train,2.77267025255495,2.77267825303378
Train,2.9656410532022,2.96561290154594
Train,3.14900600969598,3.14885289864859
Train,3.32346495394999,3.32297821403725
Train,3.48965134817074,3.48897702786442
Train,3.64832785115024,3.6489236464079
Train,3.7996330281429,3.79962196149816
Train,3.94424017460211,3.94421172787796
Train,4.08258442531832,4.08258848923677
Train,4.21522138721336,4.21501389945869
Train,4.34219504590622,4.34213642037892
Train,4.46400509765697,4.46402804880589
Train,4.58096024619998,4.58115834401932
Train,4.69334506846879,4.6935510458973
Train,4.80155097156812,4.80135856801306
Train,4.90555887087389,4.90521885345177
Train,5.00572752505852,5.00559053408168
Train,2.12941596662493,2.13024380693631
Train,2.34949356155513,2.35134556423535
Train,2.55891641585048,2.55973965163529
Train,2.75796351705586,2.75856335315283
Train,2.94761383641213,2.94809429345722
Train,3.12873402319509,3.12966069811617
Train,3.30147273061752,3.30170955283055
Train,3.46659612985834,3.46720238015067
Train,3.6247863965345,3.62501964723586
Train,3.77610783927268,3.77694553830614
Train,3.92117211554736,3.92199288434884
Train,4.06035946613775,4.06086771099607
Train,4.19418047804422,4.1952781686671
Train,4.32263065959233,4.32347172095277
Train,4.44617522540063,4.44701512407872
Train,4.56523292878498,4.56574179965199
Train,4.67976803848911,4.68045187707711
Train,4.79016605540284,4.79027394197718
Train,4.8967753291825,4.89666914059152
Train,4.99953990729427,4.99963052414776
Train,2.11978876680852,2.12040463590191
Train,2.34642393125933,2.34648413891799
Train,2.56095978271401,2.56089374095271
Train,2.76434004436675,2.76438466195785
Train,2.95741278165482,2.95728311186784
Train,3.14094222280755,3.14080064378166
Train,3.31561886885405,3.31555784470064
Train,3.48206817507465,3.48196912115626
Train,3.64085803397725,3.6408634161601
Train,3.79250524848166,3.79245484586525
Train,3.93765384651862,3.93757560658222
Train,4.07638183772122,4.07638133261597
Train,4.20926418338778,4.20917419394781
Train,4.3366627406525,4.33653288498707
Train,4.45891010421156,4.45884895774023
Train,4.57631250567816,4.57621114771999
Train,4.68915237491036,4.68899985053239
Train,4.79769060841322,4.79762047134526
Train,4.90216858316797,4.90190331345028
Train,5.0028099486075,5.00254445944691
Train,2.0913519187303,2.09364104999648
Train,2.18518955500076,2.18629738920962
Train,2.27669018024772,2.27740053663391
Train,2.36594002500987,2.36619081355119
Train,2.45302112908076,2.45408090672234
Train,2.53801159303689,2.53830523676541
Train,2.62098581186477,2.62110770113603
Train,2.70201469215569,2.70220383662334
Train,2.78116585420106,2.78125151116936
Train,2.85850382019889,2.85935812722554
Train,2.93409018967254,2.93418216089438
Train,3.00798380310384,3.00816928325756
Train,3.08024089469435,3.0802770767298
Train,3.15091523508813,3.15124005713395
Train,3.22005826481735,3.22014467999932
Train,3.28771921916669,3.28796246894879
Train,3.35394524509352,3.35421502748457
Train,3.41878151078733,3.41887197122222
Train,3.48227130840343,3.48252417612483
Train,3.54445615046195,3.54444828650984
Train,2.11667232262277,2.11741342852136
Train,2.32251209751356,2.32231716042978
Train,2.52020787161841,2.52066405047325
Train,2.71079801030086,2.71055851732334
Train,2.89411376355215,2.89436932907509
Train,3.07108825770395,3.07101636436372
Train,3.24153777822092,3.24165488948009
Train,3.40630524445251,3.40657191426388
Train,3.56543332961945,3.56585908498917
Train,3.71897830160098,3.71873147019895
Train,3.86767023431075,3.86792110127525
Train,4.01130762381448,4.01093905437691
Train,4.15055740140867,4.15073279747984
Train,4.28541662788122,4.28482997740165
Train,4.41589539942372,4.41579297514935
Train,4.54258020678892,4.54270229863713
Train,4.66526811791512,4.6647184018041
Train,4.78449983652832,4.78423148217215
Train,4.90007440926561,4.90006420653325
Train,5.01249192947453,5.01183745187544
Train,3.11073868583817,3.11019311203225
Train,3.24479919142761,3.24475802981422
Train,3.37386907178902,3.37385568920243
Train,3.4982219110929,3.49807255684235
Train,3.61811165532263,3.61750018101546
Train,3.73362444047771,3.73366495547478
Train,3.84528490360992,3.84492700155195
Train,3.95314245155855,3.95251433555339
Train,4.0573881100275,4.05738297682209
Train,4.15820032143129,4.1570855342691
Train,4.25574596422045,4.2557162815904
Train,4.35018127470054,4.3495920236276
Train,4.44165268205579,4.4419535417367
Train,4.53029756596447,4.52934787665098
Train,4.61624494505053,4.61643071370443
Train,4.69950776136667,4.69894409872021
Train,4.7804199956169,4.7801540757321
Train,4.85897747050863,4.85913036010996
Train,4.93528150625834,4.93446448718558
Train,5.00942769248706,5.00887763616291
Train,2.12404225021414,2.12397540444752
Train,2.34964960435225,2.34964423758746
Train,2.56328204585033,2.56307639642572
Train,2.76586834249329,2.76555837550794
Train,2.95824363628126,2.95820503621897
Train,3.14116095102361,3.1408124695702
Train,3.31530104336949,3.31537524616241
Train,3.48128086897002,3.48082020548125
Train,3.63966088570605,3.63962199675396
Train,3.79095137617817,3.79076192452002
Train,3.93561793974694,3.93560021316469
Train,4.07408627865554,4.07401468377455
Train,4.20674638187165,4.2065472572688
Train,4.33395619325473,4.33403839742485
Train,4.45604483670774,4.45594953975186
Train,4.57331545950356,4.57337328233942
Train,4.68604774550388,4.6857615328884
Train,4.7945001421344,4.79438895069714
Train,4.89891183844338,4.89894465617207
Train,4.99950452610901,4.99938661772129
Train,3.74189266374406,3.74316821472556
Train,3.82778636035636,3.83127190531767
Train,3.91099959666898,3.91246310890372
Train,3.99165591751737,3.99565698539326
Train,4.069871390228,4.07389110972534
Train,4.14589282419531,4.15049988445779
Train,4.21954361602458,4.22268288484728
Train,4.29106240194903,4.29306422378821
Train,4.36054043553201,4.36348817761999
Train,4.42806383584355,4.42917294079624
Train,4.49371394357418,4.49462900794996
Train,4.5575676479155,4.55846716665499
Train,4.61969768696932,4.62042035814037
Train,4.68017292415302,4.68068657509528
Train,4.73905860280948,4.73967703822953
Train,4.79652083991859,4.79660157399147
Train,4.85240715410266,4.85243250014563
Train,4.90688027866776,4.90703278676327
Train,4.95999314705382,4.95981344741839
Train,5.01179608168382,5.01156342988205
Train,3.26389504820393,3.26368858986487
Train,3.38948504564324,3.38916774143243
Train,3.50992282864683,3.50971990558563
Train,3.62551907194806,3.62572809341899
Train,3.73655996449524,3.73629111666768
Train,3.84330957514337,3.84363285501266
Train,3.9460119492718,3.94579997824283
Train,4.044892971369,4.04487290748173
Train,4.14016202350526,4.14004401748778
Train,4.23201346532108,4.23221351153578
Train,4.32076813562063,4.32063282698462
Train,4.40630901368748,4.40627291865192
Train,4.4889380334595,4.48905469267291
Train,4.56880138855577,4.56874683196318
Train,4.64603564722659,4.64594069240801
Train,4.72076853169191,4.72075134135619
Train,4.79311962296542,4.79313875724282
Train,4.86320099934581,4.86320818075572
Train,4.93111781574609,4.93107985153282
Train,4.99696883015901,4.9969009140589
Train,3.80599805069466,3.80561359841912
Train,3.88733191940926,3.88696643538086
Train,3.96636870253196,3.96632988973241
Train,4.04287758668489,4.04299543358164
Train,4.11729416407471,4.11716902402648
Train,4.18939502392284,4.18921793225698
Train,4.25958499197496,4.2593169090799
Train,4.32764809200477,4.32777071967965
Train,4.39396157624627,4.39377222081774
Train,4.45831684372526,4.45830494722421
Train,4.52106633873803,4.52092437279888
Train,4.58200871084584,4.58166977492172
Train,4.64147400341201,4.64141518981731
Train,4.6992679457908,4.69931349801144
Train,4.75570028487941,4.75552861283021
Train,4.81058362762101,4.81052572824072
Train,4.86420927229291,4.86422478948615
Train,4.91639648069518,4.91608391943399
Train,4.96741973156524,4.96742332083184
Train,5.01710470649286,5.01702151537418
Train,1.02091656230163,1.02094793818495
Train,1.41009072482468,1.41011699691834
Train,1.76365378241522,1.76384717339195
Train,2.08689965460262,2.08643046620662
Train,2.38328213060095,2.38326092697051
Train,2.65575369120077,2.65583778355748
Train,2.90758115447517,2.90717210789106
Train,3.14079945882144,3.14111856771004
Train,3.35718831570746,3.35672727237059
Train,3.55889639217026,3.55916724506486
Train,3.74718584148771,3.74725060602603
Train,3.92335256958997,3.92350089609343
Train,4.08837030369103,4.0883407527256
Train,4.24356665535119,4.24373747236339
Train,4.38965066465061,4.38973106049187
Train,4.5272677594567,4.52759991566953
Train,4.65738691864815,4.65751781174575
Train,4.78048435420709,4.78072398689645
Train,4.89699960173085,4.89711995012138
Train,5.00766300985782,5.0074568991079
Train,2.12286196379505,2.12271501288004
Train,2.35404628500258,2.35394312171801
Train,2.57187871414686,2.57127999465982
Train,2.77793188808856,2.77764416446397
Train,2.97292325093331,2.9719527258533
Train,3.15751874926084,3.1572784233106
Train,3.33291068010133,3.33246411515236
Train,3.49940627882133,3.49906983087957
Train,3.65801200821964,3.65740693555225
Train,3.80911024170722,3.80850587358535
Train,3.95306404674862,3.95190998211573
Train,4.09066942363462,4.09005699160869
Train,4.22219299809946,4.22183601735404
Train,4.34789138183509,4.34740684344095
Train,4.46840717831192,4.46792218116414
Train,4.58380085794655,4.58362234152108
Train,4.69463516894196,4.69427717549505
Train,4.80105810017695,4.80090297660743
Train,4.90321559078414,4.90281397981406
Train,5.00157494290319,5.00120803681446
Train,2.12194975275501,2.12392699821456
Train,2.34457216482315,2.3460920815235
Train,2.5558260826583,2.5569401568321
Train,2.75656064483741,2.75709673153713
Train,2.94754247880768,2.94858759999287
Train,3.12925847668646,3.13008890614973
Train,3.30276173438749,3.30306498898088
Train,3.46840770170272,3.46898648960294
Train,3.62671830009497,3.62741698829294
Train,3.77817022742651,3.77886109344789
Train,3.92319975228832,3.92359302173671
Train,4.06220691107433,4.06236319116968
Train,4.19555919283872,4.19592395543831
Train,4.32359478341279,4.32418937922583
Train,4.4466254290817,4.44687605439347
Train,4.56480371678054,4.56500287085899
Train,4.67867137915612,4.67888349208468
Train,4.7883343713768,4.7885785239744
Train,4.89402136359219,4.89401753023802
Train,4.99594473962073,4.99586510778707
Train,2.11837286660064,2.11857859222463
Train,2.34737861520036,2.34721700277831
Train,2.56359489635411,2.56317589321069
Train,2.76850151013485,2.76802741104283
Train,2.96254748643875,2.96200554516352
Train,3.14696831484299,3.14619119073567
Train,3.32208714436454,3.3210995942757
Train,3.48894765233596,3.48821067860652
Train,3.64777942233377,3.64716235235054
Train,3.79947342694146,3.79931694644282
Train,3.94418908795118,3.9435164943682
Train,4.08269426751685,4.0819186466654
Train,4.21509539527555,4.21392195681645
Train,4.3420599402401,4.34170171380927
Train,4.46365408140939,4.46248263863916
Train,4.58046256134503,4.5791510003003
Train,4.69252086085267,4.69128575471067
Train,4.80034489956636,4.79894100535265
Train,4.90394668693518,4.90217476369824
Train,5.00378438193365,5.00143248158227
Train,2.12442338288073,2.12477409565716
Train,2.35579920812511,2.35547279503615
Train,2.57400061982387,2.57378306649869
Train,2.78012168606061,2.77970824099274
Train,2.97513859561976,2.97468748782947
Train,3.15992511755526,3.15936477656604
Train,3.3352656899645,3.3350793928951
Train,3.5018665515638,3.50272414860618
Train,3.66036524920537,3.66112156650005
Train,3.81133879120879,3.81391490871855
Train,3.95515066960552,3.95520775833237
Train,4.09260408140797,4.09245034212316
Train,4.22396522548211,4.22278831679094
Train,4.34963035641259,4.34815628571622
Train,4.46996209365094,4.46812307840108
Train,4.58529291615545,4.58428829289577
Train,4.69592823019507,4.69474866643967
Train,4.80214906992685,4.80090492609841
Train,4.90421448102826,4.90334847011789
Train,5.00236362994877,5.00095625889324
Train,2.13069270995709,2.13057675685221
Train,2.34358357852775,2.34468114480504
Train,2.5471615972976,2.54802459549345
Train,2.74157539729887,2.74191498894314
Train,2.92764474999873,2.92766414729366
Train,3.10610162030767,3.10709958357282
Train,3.27700822256989,3.27704384187772
Train,3.44121293343616,3.44273559438833
Train,3.59873746818549,3.59890313216264
Train,3.75015634493236,3.75012971077766
Train,3.89598649835701,3.89628053722507
Train,4.03620653888343,4.03632256561494
Train,4.17129038082635,4.17173618681798
Train,4.30166613350094,4.3016565415567
Train,4.4272840941308,4.42747307901689
Train,4.54868113466339,4.54865647309296
Train,4.66579443445186,4.66616700274998
Train,4.77897796013771,4.77907880162482
Train,4.88855332920334,4.88848138415441
Train,4.99444418315484,4.99425072282273
Train,2.12808034893737,2.1282554309403
Train,2.35112466218989,2.35088376684533
Train,2.56271668654416,2.56262467791047
Train,2.7634951875332,2.76307971798477
Train,2.95468917425529,2.95357532790175
Train,3.13676800551006,3.13607001889276
Train,3.31036835099227,3.30985925842495
Train,3.47606893652864,3.47570008123538
Train,3.63422226056738,3.63476242407004
Train,3.78566663529134,3.78577659139072
Train,3.93065965892099,3.9291568247975
Train,4.06960496419778,4.06984155717899
Train,4.20272585421643,4.20276991069503
Train,4.33066382949492,4.33106987681484
Train,4.45357956101408,4.45377974801184
Train,4.57176308066675,4.57234404490399
Train,4.68548250986946,4.68541907149145
Train,4.79486478544858,4.79564543072437
Train,4.90038706285921,4.89935837265174
Train,5.00213714460938,5.00163461597939
Train,2.11491407524425,2.11579047188232
Train,2.31671594501718,2.31681704202154
Train,2.51134675777038,2.51138680681132
Train,2.69918207738369,2.69944280584994
Train,2.88057169224501,2.88077464184269
Train,3.05561445754979,3.05553218096273
Train,3.22507705928698,3.22500386657728
Train,3.38900898775053,3.38921271935058
Train,3.54767664873223,3.54737233764561
Train,3.70132960848083,3.70139703362318
Train,3.85020190354028,3.85020103833475
Train,3.99451323020027,3.99450312043726
Train,4.13447002627336,4.13448051554977
Train,4.2702664564011,4.27026818670518
Train,4.40208531077922,4.40205915562936
Train,4.52993237727082,4.52993966977764
Train,4.6543076903439,4.65420380273671
Train,4.77519322043309,4.77519031702494
Train,4.89273381251369,4.89270596918894
Train,5.00706640514168,5.00644030759239
Train,1.52995030013884,1.53189254949055
Train,1.64415782390322,1.64480534843122
Train,1.75485116068289,1.75477981836255
Train,1.86272764456143,1.86291283748531
Train,1.96763054096679,1.96816839593183
Train,2.06968112766221,2.0696141120973
Train,2.16874611420499,2.16918244794604
Train,2.26543684175608,2.27175352912699
Train,2.35960148775745,2.35962578298885
Train,2.45133776802094,2.45157009901257
Train,2.54051496586932,2.54170755935437
Train,2.62767365441654,2.62824732625112
Train,2.71266829127092,2.71325289523182
Train,2.79557848457756,2.79672509885521
Train,2.87627764601249,2.89008827772003
Train,2.95524739250586,2.95761363584851
Train,3.03234911272936,3.03235005543346
Train,3.10764831402885,3.10871695189806
Train,3.18102339679048,3.1830827954075
Train,3.25290632628511,3.25388860924821
Train,2.12554648004325,2.12630616174673
Train,2.3577430645608,2.35801764792658
Train,2.57660865979447,2.57641878725215
Train,2.78325927760292,2.78349496019317
Train,2.97848011559794,2.97874402846745
Train,3.16359101040625,3.16372295040881
Train,3.33916858560766,3.33929484421631
Train,3.50593081060285,3.50610310844448
Train,3.6645253251217,3.66465167622326
Train,3.81553784492369,3.81575278055633
Train,3.95934436881433,3.95933622419787
Train,4.09674449501847,4.09686843049375
Train,4.22801525761179,4.22819902693689
Train,4.35355785065996,4.35345282552251
Train,4.47373920259712,4.47393178382143
Train,4.58889555799368,4.58907262769597
Train,4.69921634588595,4.69918568584788
Train,4.80522877554046,4.80553720476408
Train,4.90707013992005,4.90707648869673
Train,5.00498185595562,5.00482181746
Train,2.12517767595753,2.12639254338527
Train,2.36120353977032,2.36161576783005
Train,2.58320927773569,2.58356363995361
Train,2.79195992332138,2.79247657830664
Train,2.98881916463409,2.98933100704406
Train,3.17477494695386,3.1752133225348
Train,3.3508978835555,3.35134585202858
Train,3.51758879965555,3.51788432037236
Train,3.67575563874661,3.67620915210526
Train,3.82603594367509,3.82666926423215
Train,3.96915935556266,3.9694758011722
Train,4.10533122499744,4.10574552976712
Train,4.23518593091057,4.23564301106333
Train,4.35915309821122,4.35959251636476
Train,4.47775225987151,4.47805766689661
Train,4.59107948651038,4.59149984265631
Train,4.69959582591217,4.69984096586657
Train,4.80360125347652,4.80381209466967
Train,4.90347930910433,4.90357842466281
Train,4.99926328363442,4.99931012480764
Train,3.80397153353049,3.80401808111881
Train,3.88549905352172,3.88549171032745
Train,3.96439451241222,3.96449443563714
Train,4.04109836128839,4.04108113264036
Train,4.11554705236603,4.11558584267576
Train,4.18783860010102,4.18801956199994
Train,4.25792089821145,4.25792298181867
Train,4.32617424255073,4.32633519077743
Train,4.39253227066793,4.39249460074305
Train,4.45707284755318,4.457026862405
Train,4.51974029825615,4.51986718632932
Train,4.58086644253112,4.58093827284418
Train,4.6403844502267,4.64034135899809
Train,4.69835695886223,4.69856005279533
Train,4.75472697723642,4.75459489632002
Train,4.80978668613821,4.80992844217352
Train,4.86347022912095,4.86344142989791
Train,4.91582856334116,4.91598602589173
Train,4.9668048161818,4.96669679491268
Train,5.01665833605347,5.01667301734804
Train,3.11921770338445,3.11854856519156
Train,3.25694889014861,3.25662719609344
Train,3.38892613912794,3.38935265718854
Train,3.51550264249553,3.51498125497554
Train,3.63700326550487,3.63690241773682
Train,3.75372733053275,3.75316960412264
Train,3.8659510791042,3.86612208454997
Train,3.97392985453209,3.97381351397442
Train,4.07790004147265,4.07764333371259
Train,4.17808079340616,4.17799893172586
Train,4.27467557461214,4.27450791600521
Train,4.36787353947091,4.3678494791059
Train,4.45785076876746,4.45788724838011
Train,4.54477137999981,4.54441305469325
Train,4.62878852642228,4.62875143999944
Train,4.71004529761849,4.7100114021853
Train,4.78867553274412,4.7886160288729
Train,4.86480455616247,4.86480487716861
Train,4.93854984397785,4.93849549216637
Train,5.01002162892301,5.01001237892732
Train,2.12639329274567,2.12749672108865
Train,2.3490875059615,2.34991292905423
Train,2.56026436168063,2.56049407647177
Train,2.7612285875963,2.76131847215246
Train,2.95249648343076,2.95298315766221
Train,3.13455619083396,3.13462699364416
Train,3.30843299542765,3.3090131624015
Train,3.47430665113683,3.47480226147698
Train,3.63306088750707,3.63345440724177
Train,3.78497954505791,3.78549801910075
Train,3.93033705105284,3.93039866532152
Train,4.06985185861098,4.07012456837063
Train,4.20372380871544,4.20429554582759
Train,4.33214890836769,4.33253128250024
Train,4.45572111535878,4.45578184099239
Train,4.57445194751556,4.57457887587614
Train,4.68886893282057,4.68914696869277
Train,4.79908297058058,4.79952384820743
Train,4.90520593710802,4.90500147037918
Train,5.00768424404255,5.00757622929476
Train,2.12306683064063,2.12379183762485
Train,2.33869818119025,2.33770881361514
Train,2.54470257457936,2.54460860456701
Train,2.7411965484669,2.74296292040916
Train,2.9293146528236,2.92851641730184
Train,3.10911040135459,3.10925608370988
Train,3.28157451613356,3.28165960377035
Train,3.44671361556348,3.44587842115678
Train,3.60519185160221,3.60455014519929
Train,3.75760371949205,3.75650171268743
Train,3.90390703121558,3.90353700580843
Train,4.04483059373848,4.04418602073227
Train,4.18030995646588,4.1797865801457
Train,4.31082557486255,4.31026333968865
Train,4.43681051502507,4.43564069569064
Train,4.55817758578735,4.55703603890678
Train,4.67548360745169,4.67424375732324
Train,4.78863139998403,4.78797858942952
Train,4.89812539860234,4.89701148417615
Train,5.00386145733355,5.00247502028313
Train,3.37418207933184,3.37507435799879
Train,3.48771316086674,3.4882119434881
Train,3.59740949207486,3.59794564668508
Train,3.70374658654003,3.70401157812401
Train,3.80673822284573,3.80683483265992
Train,3.90653983255267,3.90690084633778
Train,4.0031677275453,4.00346288327663
Train,4.09702222950947,4.09727173859963
Train,4.18809872423923,4.18817797132604
Train,4.27651875268608,4.27686305717751
Train,4.36228170389985,4.36231833569426
Train,4.44572920586415,4.44589861086232
Train,4.52684473954759,4.52687785324477
Train,4.60572470937067,4.60591681232862
Train,4.68235729320513,4.68225090659351
Train,4.75703747718801,4.75720422836847
Train,4.82974113055596,4.8296679841699
Train,4.90054569654937,4.90055521593266
Train,4.96943198418893,4.96950798111746
Train,5.03665732809543,5.03659563285717
Train,1.47906637796318,1.47937522764213
Train,1.54847132110152,1.54919653263304
Train,1.61668827204686,1.6166575602804
Train,1.68374747394573,1.68346847539604
Train,1.74992672169434,1.74984648300986
Train,1.81475299492386,1.81492361545341
Train,1.87850641097442,1.87888747137575
Train,1.94121338450977,1.94122854378319
Train,2.00289947011669,2.00256822768668
Train,2.06358939702812,2.06391666407243
Train,2.12353234011451,2.12318018877366
Train,2.18229743436358,2.1821082349891
Train,2.24013601222948,2.240509756168
Train,2.29706981412639,2.29722331280599
Train,2.35311990557129,2.35309346200328
Train,2.40830670317121,2.4082674100612
Train,2.46285504285922,2.46329919709777
Train,2.51637093142627,2.51605967567255
Train,2.56908119458516,2.56886513717135
Train,2.62100388819452,2.62140920359187
Train,2.12316287095229,2.12231095687847
Train,2.35733488356204,2.35691380615416
Train,2.57774453589439,2.57758784576098
Train,2.78557042192426,2.78533562304463
Train,2.98166887104452,2.98172403244488
Train,3.16736750034535,3.16722696793684
Train,3.34330017341102,3.34312194541806
Train,3.51021754427218,3.50992678085121
Train,3.66879525741862,3.66893995219678
Train,3.81964308866274,3.81921898958925
Train,3.96317210430354,3.96306730722088
Train,4.10017057426975,4.10019306356506
Train,4.230945912449,4.23056891267723
Train,4.35591272906889,4.35581351557292
Train,4.4754496038413,4.47537300309003
Train,4.58990291664978,4.58952097368845
Train,4.69948247075727,4.69947014632297
Train,4.80469970018842,4.80461670418689
Train,4.90571057777323,4.90562436006101
Train,5.00276240125249,5.00248209618101
Train,3.8399474919057,3.83924215013056
Train,3.91797041366502,3.91802831652993
Train,3.99373156779974,3.9933471681691
Train,4.06732789708,4.06752886566054
Train,4.13885088216309,4.13851405458653
Train,4.20838692094431,4.20844441149919
Train,4.2760176767254,4.2757195444249
Train,4.34182039815031,4.34181067508715
Train,4.40586821354372,4.40582357271004
Train,4.46823040201005,4.46795066260919
Train,4.52897264340603,4.52884037710854
Train,4.58815724908277,4.58803510604438
Train,4.64584337510152,4.64597072558198
Train,4.70208721945693,4.70206114100827
Train,4.75694220468976,4.75685950429423
Train,4.81045914713663,4.81031524501694
Train,4.86268641394373,4.8626218691318
Train,4.91367006886434,4.91362098150083
Train,4.96345400776392,4.96342515392124
Train,5.01208008467049,5.01182662820455
Train,3.94041200594176,3.94069522317685
Train,4.01103845336588,4.01095869674126
Train,4.07976040964551,4.07986401540646
Train,4.14651807034064,4.14674768590729
Train,4.21165862267943,4.21162934298289
Train,4.27511085796261,4.27523280983977
Train,4.33693957334793,4.33710150990763
Train,4.39720629201451,4.39721230171225
Train,4.45585006067793,4.45597254296834
Train,4.51316818961715,4.51322210841707
Train,4.56909110919117,4.56916603988455
Train,4.62366914908778,4.62376869211974
Train,4.67684191507672,4.67697586297826
Train,4.72887428637699,4.72882508414867
Train,4.77969887961256,4.77982042684406
Train,4.82935726482975,4.82951575827272
Train,4.87788912600241,4.87789853063831
Train,4.92523583959125,4.92523057281167
Train,4.97162881144193,4.97169241803593
Train,5.01700394805863,5.016884890076
Train,2.11915873517799,2.12035447830229
Train,2.35727870532536,2.35685952768498
Train,2.58087633180816,2.58136923117516
Train,2.79124082412194,2.7914332199255
Train,2.98932924530374,2.98949011784524
Train,3.17653308654593,3.1766671856424
Train,3.35356077231393,3.35423115398979
Train,3.52122009115745,3.52094155856711
Train,3.68023553866835,3.6807341816423
Train,3.83125878335402,3.83122941340506
Train,3.97474378092154,3.97497987915657
Train,4.11149599516865,4.11152097658149
Train,4.24185667813914,4.24247954993578
Train,4.36626368901568,4.36653128570132
Train,4.48511578515851,4.48544011579023
Train,4.59877689163794,4.59919108039711
Train,4.70747812334787,4.70773990363185
Train,4.81173205104633,4.81244753319723
Train,4.91171246547347,4.91194939122605
Train,5.00767685508978,5.00785243935778
Train,2.12097484995748,2.12094946343521
Train,2.3570244066971,2.35702806574071
Train,2.57917724510196,2.5791820374109
Train,2.78827183761761,2.78809543380001
Train,2.9857602457956,2.98532782427745
Train,3.17226676546705,3.17230397926713
Train,3.34898158544675,3.34777756432257
Train,3.51637211032389,3.51632053004531
Train,3.67542680844879,3.67556128596724
Train,3.8264965960216,3.8261873117265
Train,3.97041214690829,3.97020996865129
Train,4.10743686740182,4.10721718897938
Train,4.23827627485483,4.23807483994122
Train,4.36312736322162,4.36326490694435
Train,4.48259512680321,4.48245842536224
Train,4.59682571375125,4.59665508589777
Train,4.7063424534687,4.70640998796106
Train,4.81125227227238,4.81122128813539
Train,4.912011459775,4.91205704520351
Train,5.00869649437444,5.00863675739336
Train,3.74221786854835,3.74251127850974
Train,3.82759592391708,3.82781787999218
Train,3.91031966929254,3.91034615380002
Train,3.99051098941804,3.99055589898151
Train,4.06814015703655,4.06860500834253
Train,4.14360767996845,4.14369333941093
Train,4.21686628168486,4.21678303381148
Train,4.28801154544047,4.28806692361494
Train,4.35713361819891,4.35737801373424
Train,4.42431759170031,4.42421005319582
Train,4.48952252467707,4.48969534893357
Train,4.55307035924607,4.55303751112322
Train,4.61490826097532,4.61495892372867
Train,4.67510432947241,4.67506495669321
Train,4.73372309555121,4.73373997238767
Train,4.79082575198911,4.79096508465253
Train,4.84636690986774,4.84650549839378
Train,4.90061121442188,4.9006271070796
Train,4.95350491488309,4.95346016865759
Train,5.0050978331145,5.0051502336685
Train,2.12790953015028,2.12774751174973
Train,2.35906158917739,2.35904353475442
Train,2.57705395297792,2.57696402241371
Train,2.78297930772664,2.78264399300341
Train,2.97781262592478,2.97795692659227
Train,3.16242660211071,3.16244198407756
Train,3.33760472175379,3.33779690954205
Train,3.50405237617955,3.5040758080834
Train,3.66240635607351,3.66231869507127
Train,3.81324299296503,3.8132390710928
Train,3.95695494556972,3.95704475286428
Train,4.09428398088022,4.09446789310849
Train,4.22552700135128,4.22565983315534
Train,4.35107980776958,4.35091913051682
Train,4.47130460822062,4.47160561225272
Train,4.58653350792196,4.58636669984506
Train,4.69707157285524,4.69734841723065
Train,4.80319952671123,4.80304042115702
Train,4.90517613135008,4.90528042039321
Train,5.00324029327474,5.00333316440472
Train,2.42575801110583,2.4254219838588
Train,2.51860536917424,2.5193265436358
Train,2.60921960482224,2.60939682222332
Train,2.69810539310535,2.69773090838524
Train,2.78510255816765,2.78482064439985
Train,2.870066605187,2.86940828738105
Train,2.95346695108527,2.9535961730692
Train,3.03495417042908,3.03498214273376
Train,3.11497623469144,3.11412890076125
Train,3.1933836937102,3.19338707549858
Train,3.27004072382629,3.26951428514102
Train,3.34536582016967,3.34541285398544
Train,3.4192156942979,3.41864242042019
Train,3.49145961481836,3.49192161007912
Train,3.56248946779936,3.56088241026399
Train,3.63200077714586,3.63210477999772
Train,3.70036910666572,3.69973366196453
Train,3.76746090138273,3.76757406246569
Train,3.83315360919314,3.83146789828268
Train,3.89780018236408,3.89795106267801
Train,3.84147967601678,3.84143179034826
Train,3.91874691650185,3.91856309826497
Train,3.99379963922919,3.99376973170391
Train,4.06673170295911,4.06684881185018
Train,4.13763173627338,4.13736494203866
Train,4.20658349687749,4.20638443791202
Train,4.2736662016842,4.27391087280947
Train,4.33895483041375,4.33903169507929
Train,4.40252040515677,4.40254587720509
Train,4.46443024809127,4.46447308975283
Train,4.52474821931997,4.52463696131261
Train,4.58353493659396,4.58349917300464
Train,4.64084797851232,4.64077012004808
Train,4.69674207262926,4.69669364898826
Train,4.75126926976078,4.75121184764092
Train,4.8044791056577,4.80439281277021
Train,4.85641875110067,4.85643646980705
Train,4.90713315137299,4.90715172703156
Train,4.95666515597815,4.95659080904105
Train,5.00505563938889,5.00491682281089
Train,2.13093431136139,2.13123475905403
Train,2.36173253263277,2.36161268847016
Train,2.57960416579599,2.58014380752528
Train,2.78522381368925,2.78465298002655
Train,2.97995773098067,2.98022608238924
Train,3.16430526142737,3.16434171780955
Train,3.33940086214668,3.33867221336939
Train,3.50561446880442,3.50594066154398
Train,3.66375221540188,3.66259427483263
Train,3.81452904290541,3.81426682269037
Train,3.95817924027155,3.95786936772882
Train,4.09545203176414,4.09582754542888
Train,4.22651813315897,4.22639263221598
Train,4.3519060733678,4.35214187552291
Train,4.47208916050811,4.47193124696449
Train,4.58716968009763,4.58727744446904
Train,4.69767208671587,4.69772574187326
Train,4.80366586042009,4.80338756033987
Train,4.90561185767913,4.90576289266417
Train,5.0035541492979,5.00364528929302
Train,2.19008209802406,2.19031726276106
Train,2.28752949738916,2.28743089736625
Train,2.38249714478179,2.38303257828764
Train,2.47459700787344,2.4745199672291
Train,2.56418993112239,2.56419258814666
Train,2.65160444600734,2.6515429352842
Train,2.73647509780624,2.73579115657438
Train,2.81912628733712,2.81955402051634
Train,2.89985420627631,2.90047117910243
Train,2.9783145823319,2.97751045487192
Train,3.05480064598804,3.05551311175467
Train,3.12938599127602,3.12975345681142
Train,3.20233070358334,3.20183074332843
Train,3.27331658037968,3.27396277027973
Train,3.34260186799083,3.34252405933174
Train,3.41042378539512,3.41055244487896
Train,3.47648211846914,3.47697887573694
Train,3.5410128529697,3.53995720005722
Train,3.60423327360308,3.60542036905489
Train,3.66585988561657,3.66520584982598
Train,-3.00972532222686,-3.00902762470988
Train,-2.77027516152536,-2.76985315775138
Train,-2.53798792711913,-2.53822319530056
Train,-2.31254694717572,-2.31194272276818
Train,-2.09365394545574,-2.09368221112865
Train,-1.88102772467469,-1.88133302635444
Train,-1.67440296135268,-1.67414359262668
Train,-1.47352910129147,-1.47314456479554
Train,-1.27816934601103,-1.27907703533466
Train,-1.08809972152453,-1.08751373415336
Train,-0.902674695665418,-0.902686784702124
Train,-0.722571847995917,-0.723137869692178
Train,-0.547155482550075,-0.546342626435686
Train,-0.376245027227549,-0.376250636738147
Train,-0.209669068984317,-0.209485490111289
Train,-0.0472647803921919,-0.0470299172481792
Train,0.111122611251297,0.110688195647785
Train,0.265640315901262,0.266105935003256
Train,0.416428437119278,0.417492800286967
Train,0.563620395776271,0.564971043288355
Train,3.17029914725127,3.17012314131378
Train,3.3047494477121,3.30534155446756
Train,3.43345762907231,3.43320494662865
Train,3.55678385305505,3.55733257614728
Train,3.67505877776957,3.67500989425415
Train,3.78858651816742,3.78877114499872
Train,3.89764725704139,3.8978965985846
Train,4.0024995537644,4.00390466941124
Train,4.10338239081813,4.10364132458588
Train,4.20051699220949,4.20050453467073
Train,4.29398576367971,4.29427870530006
Train,4.38422881043541,4.38426638203626
Train,4.47129586031017,4.47158270167373
Train,4.55535167712919,4.55594506598962
Train,4.6365498216616,4.63628866504249
Train,4.71503358788966,4.71524177855125
Train,4.79093684692594,4.79079062417103
Train,4.86438480903404,4.86492451831535
Train,4.93549471287743,4.93524292773171
Train,5.0043764499773,5.00442020492872
Train,2.12071369414638,2.12068068360921
Train,2.34870241554951,2.34935824645462
Train,2.56436405004535,2.56446734924637
Train,2.76867204799779,2.76825801063049
Train,2.96232299068296,2.96220875547104
Train,3.14646582700934,3.1456839139685
Train,3.32162366240465,3.32193304765341
Train,3.48843845168318,3.48893295008409
Train,3.64749241756996,3.64710530802793
Train,3.79931484014471,3.79920985905872
Train,3.94425499664599,3.94442370498681
Train,4.08302477317747,4.08282270472799
Train,4.21588794523717,4.21606617206661
Train,4.34321376788951,4.34310144869622
Train,4.46534134554679,4.46528788006643
Train,4.58258264775804,4.58287193062668
Train,4.69512166931357,4.69505368561321
Train,4.80343473072028,4.80344669575814
Train,4.90765950913735,4.90758423361356
Train,5.00802318580937,5.00798916114971
Train,2.12719927447224,2.12775975245703
Train,2.30685326115167,2.30688691552158
Train,2.48268867789443,2.48281605653418
Train,2.65482599077466,2.65480452337605
Train,2.82338065140398,2.82335799342789
Train,2.98846335515627,2.98829218970448
Train,3.15018028359814,3.15024783953803
Train,3.30863333224064,3.30862465216731
Train,3.46392032463882,3.4639363386489
Train,3.61613521378453,3.61621822944679
Train,3.76568200473302,3.76550159715069
Train,3.9120139441336,3.91198231799015
Train,4.055534430743,4.0556140769443
Train,4.19632371762419,4.19636748062865
Train,4.33445903219222,4.33443959311652
Train,4.47001471747151,4.47000603083532
Train,4.60306236551262,4.60293946924165
Train,4.7336709434715,4.73371975896251
Train,4.86190691281768,4.86184779951535
Train,4.98783434210451,4.98743787822267
Train,2.03977337980033,2.04003856058651
Train,2.11207904966116,2.11207552006479
Train,2.18344460985997,2.18338442869961
Train,2.25342893898317,2.25398486164002
Train,2.32252158183652,2.32277427661419
Train,2.39029459078425,2.39077437117183
Train,2.4572211976065,2.45731719310814
Train,2.52288606257122,2.52209104771854
Train,2.5877469169,2.58786429831187
Train,2.65140049378057,2.65216641865507
Train,2.71428978273273,2.71418320352339
Train,2.77602308378297,2.77642055091227
Train,2.8370293543787,2.83782193713367
Train,2.89692798236151,2.89595439444773
Train,2.9561345574659,2.95652160069975
Train,3.01427910166795,3.01399167636945
Train,3.07176445965856,3.07255434713105
Train,3.12823085761803,3.12785323150118
Train,3.18406897941634,3.18439923868235
Train,3.23892884777766,3.23855026276968
Train,1.82605402176371,1.82642923853953
Train,1.90392792857126,1.90414366048597
Train,1.98038557732879,1.98011097246152
Train,2.05591581690099,2.05607987740612
Train,2.13008960468624,2.13042347062972
Train,2.20338040846053,2.20344630602293
Train,2.27537115960175,2.27494268034596
Train,2.34652066864817,2.34721986118192
Train,2.41663300600877,2.41568966836738
Train,2.48552406234811,2.48551636443543
Train,2.55363191166574,2.55400815921556
Train,2.62056737302902,2.62027916860487
Train,2.68675548322066,2.68652896098164
Train,2.75201263230251,2.7527224779881
Train,2.81616586172225,2.81596477127121
Train,2.87962172076681,2.87945389192854
Train,2.94201626748627,2.94250351309555
Train,3.00374440170931,3.00350008884223
Train,3.06445160527657,3.06448099980142
Train,3.12452162783985,3.12474523180234
Train,0.829690155850197,0.830240295294319
Train,0.915686692859388,0.917434877348827
Train,0.998760478063029,0.999637553144825
Train,1.07905802441517,1.07854844737111
Train,1.15671621319135,1.15669242973334
Train,1.23216855556595,1.23189401339576
Train,1.30491432142434,1.30446743934252
Train,1.37538145627047,1.37577968911163
Train,1.44367537027361,1.44424254465801
Train,1.50989507059576,1.50957642677193
Train,1.5741336402972,1.57472622985032
Train,1.63647867489251,1.63643344984692
Train,1.69701268086281,1.69721636232524
Train,1.75581343993658,1.75576365567057
Train,1.8129543425212,1.8130741970929
Train,1.86873103238866,1.86917133631894
Train,1.92275015972049,1.92228864680172
Train,1.97530643525357,1.97499215299857
Train,2.0264584867622,2.02706734674237
Train,2.07626185043145,2.07716801252926
Train,2.12059914974408,2.12180165624548
Train,2.34328037761278,2.34322109614394
Train,2.5549366972347,2.55572614977089
Train,2.75599889067898,2.75600541656266
Train,2.9474179653071,2.94745857298793
Train,3.13003855830087,3.13036675881839
Train,3.30413429750203,3.30433165156527
Train,3.47044079606479,3.47046081455145
Train,3.6296152801069,3.62924032563413
Train,3.78182725424777,3.78192725161742
Train,3.92765751382965,3.92685952082346
Train,4.06749916250778,4.0671584519844
Train,4.20183703672248,4.20214679320296
Train,4.33075252997693,4.3308905722918
Train,4.45468129831863,4.45508627299231
Train,4.57401691742505,4.57415941831667
Train,4.68879861220041,4.68879422107082
Train,4.79938387393273,4.79953205663722
Train,4.9060969212841,4.90636753324023
Train,5.00894794641336,5.00899877573491
Train,2.11765116113951,2.11776575422508
Train,2.331076120331,2.33120138152688
Train,2.5350821757667,2.53512480127054
Train,2.73027938076781,2.73063465025578
Train,2.91722621861503,2.91716502300941
Train,3.09643493902598,3.09633898223936
Train,3.26837624540536,3.26983374534419
Train,3.43348342318464,3.43384557454218
Train,3.59215598548838,3.59200548506877
Train,3.74476290070689,3.74558078066574
Train,3.89178524844331,3.89214262667182
Train,4.03325450148473,4.03291105100314
Train,4.16960912000323,4.16978271839278
Train,4.30112154837743,4.30140926224365
Train,4.42804521861775,4.42829174302122
Train,4.55061618038728,4.55049026147416
Train,4.66905456615047,4.66958036624081
Train,4.78356591058269,4.78365961726766
Train,4.89434234087785,4.89422281826799
Train,5.00156365245528,5.00153153059026
Train,4.2984075219197,4.2985794793606
Train,4.34970196264881,4.34981548887689
Train,4.39988860711867,4.3998999600847
Train,4.44900295924065,4.44904270888609
Train,4.49707902180318,4.49714730570512
Train,4.54398707631752,4.54402389605483
Train,4.59008629395852,4.59011485536419
Train,4.63524088247894,4.63529173643863
Train,4.6794795823174,4.67972701158968
Train,4.72282997971035,4.72284645240532
Train,4.76531856405638,4.76535452092893
Train,4.806970781893,4.80698101677652
Train,4.84781108771691,4.84787746828468
Train,4.88786299186117,4.88790223854838
Train,4.92714910562606,4.92718139940942
Train,4.96555815818128,4.96559725899377
Train,5.00337962345558,5.00341049238003
Train,5.04049808296363,5.04052744373283
Train,5.07693295687885,5.07691480034217
Train,5.11270295660467,5.11267100895592
Train,3.11238807213922,3.11241694775188
Train,3.16919694430401,3.16933178920252
Train,3.22492402378291,3.224868278787
Train,3.28006627690833,3.28003363657288
Train,3.33440088330287,3.33443865774851
Train,3.38771829142044,3.38782008888328
Train,3.44049320797784,3.44039940567407
Train,3.49251174515677,3.49254390525701
Train,3.54357246262938,3.54351104497281
Train,3.59412928383372,3.59418710830167
Train,3.6439767440968,3.64401988796843
Train,3.69312966893727,3.69308580974419
Train,3.7413967519174,3.74148295014701
Train,3.78920627276411,3.78913429786579
Train,3.83636327141016,3.83636184982268
Train,3.88268356402146,3.88271704048046
Train,3.92857761543065,3.92859162109042
Train,3.97385783645987,3.97385259082901
Train,4.01834678893248,4.01830644970713
Train,4.0624382207582,4.06255185417493
Train,4.55922120239093,4.55937273695261
Train,4.72110733269788,4.7212676756283
Train,4.87180306698566,4.87189685096044
Train,5.01268853560669,5.01281776920613
Train,5.144570098747,5.14458546948689
Train,5.2681703274234,5.26819194240332
Train,5.38445959846425,5.38443509350717
Train,5.49386587381854,5.49386352070386
Train,5.59717321056753,5.59714865877712
Train,5.69478749151531,5.69478939364152
Train,5.78708131723367,5.7870196070692
Train,5.87463998688025,5.87472710433602
Train,5.95774177529795,5.95762674724054
Train,6.03664538871303,6.03668116726866
Train,6.11180031203641,6.11177016253012
Train,6.18333462263282,6.18332955991744
Train,6.25163043831265,6.25167253528733
Train,6.31684219420673,6.31678781285544
Train,6.37911629093982,6.37912752388755
Train,6.43875761669118,6.43879783250694
Train,4.04506807141098,4.04538018267729
Train,4.10858879478827,4.10923885780747
Train,4.1701996903519,4.17021951519954
Train,4.23037661612313,4.23030950319324
Train,4.28897724916576,4.28917869979003
Train,4.34606272363447,4.34606852408277
Train,4.40150979637571,4.40149321655579
Train,4.45574060858136,4.45578660715208
Train,4.50862154227834,4.50881304280145
Train,4.56020237837136,4.56011898001842
Train,4.61036639081713,4.61055394248641
Train,4.65949076115278,4.65947951892693
Train,4.70745029988105,4.70740606519056
Train,4.75428595209553,4.75443170782481
Train,4.7998875163024,4.79987943207041
Train,4.84459415011638,4.8446640991281
Train,4.88828866414124,4.88823246606288
Train,4.9310050439588,4.93108514776057
Train,4.97263943418284,4.97266291672375
Train,5.01349853460424,5.0134261872702
Train,4.72294694016069,4.72205844056978
Train,4.75454734386273,4.75335069356905
Train,4.78575104926538,4.78508850637835
Train,4.81656547975132,4.8170007045085
Train,4.84699787463386,4.846670092182
Train,4.87705529482699,4.87614254337339
Train,4.9067446283071,4.90676990581804
Train,4.93607259537537,4.93625976782303
Train,4.96504575372901,4.96465837403619
Train,4.99367050334968,4.99297936125029
Train,5.02208632702543,5.0221504653421
Train,5.05003127323255,5.05020002663904
Train,5.07764613853987,5.07678497495025
Train,5.10493673689893,5.10498971277801
Train,5.13190874651787,5.13134263480268
Train,5.15856771380009,5.15893669877213
Train,5.18491905714653,5.18362448387441
Train,5.21096807062713,5.21063129865459
Train,5.23671992752663,5.23335846497165
Train,5.26217968376971,5.26115740368212
Train,2.12825209006589,2.12733488573238
Train,2.37288651948368,2.37252443920832
Train,2.6015996243621,2.60010797352541
Train,2.81528600769792,2.81503366255154
Train,3.01595153015302,3.01373794024065
Train,3.20421201232764,3.20291117854893
Train,3.38169017706613,3.37976330059999
Train,3.54880712329803,3.54678355699824
Train,3.70667035232721,3.70497657931654
Train,3.85624211049127,3.85440016332385
Train,3.99775202123379,3.99511813063535
Train,4.13222031585773,4.13072472763841
Train,4.25979250843669,4.25309215475525
Train,4.38116010379978,4.37994395554077
Train,4.49693146052466,4.49396945831203
Train,4.60716695077571,4.60355158624251
Train,4.71255743600543,4.70999770248844
Train,4.81312507730122,4.80864667176164
Train,4.90947085848767,4.9053874442873
Train,5.00158892011668,4.999069816706
Train,3.33837507438564,3.33373833715112
Train,3.46058512059142,3.4495141982591
Train,3.57758834194159,3.57284400683082
Train,3.68971055696617,3.68467442395584
Train,3.7970389887063,3.79135940868244
Train,3.90028120103303,3.89521246820758
Train,3.99946994956018,3.99562736495526
Train,4.09483935702305,4.08988952495227
Train,4.18660585657113,4.18429516481072
Train,4.27496983150741,4.27331263410113
Train,4.3599488657098,4.35843340707314
Train,4.44205784887757,4.4408484730923
Train,4.52128268956086,4.51978801158501
Train,4.5977727265908,4.59535930004157
Train,4.67166716352079,4.67012900246144
Train,4.74309591410339,4.74130385342531
Train,4.81204363813467,4.80762555471691
Train,4.87890171475166,4.87647179467266
Train,4.94363516172037,4.94239274640521
Train,5.00634367040845,5.00525446211057
Train,3.87523881948464,3.87705032137117
Train,3.95404801755029,3.95480650885682
Train,4.02974677351441,4.03191640045796
Train,4.10292194731429,4.10309749479009
Train,4.17350044387368,4.1738823251765
Train,4.2416180711961,4.24221884828538
Train,4.30721815852196,4.3074825423212
Train,4.37079114225444,4.37091073357104
Train,4.43225758817814,4.43268852347345
Train,4.49172049239818,4.49241275635385
Train,4.54911580420057,4.5490873216734
Train,4.60485973229656,4.60537420243444
Train,4.65887127083764,4.65875121479283
Train,4.71122994200335,4.71158688146923
Train,4.76186878193004,4.76191797565505
Train,4.81114564194774,4.81151209362386
Train,4.85898064890606,4.85891563804424
Train,4.90543617377345,4.90585628729267
Train,4.95044499285234,4.95050106959778
Train,4.9943182385265,4.9942317260832
Train,2.12311179524227,2.12282439319486
Train,2.36751726846775,2.36773687057965
Train,2.59550603933668,2.59497605179448
Train,2.80928385868297,2.80935110547242
Train,3.00985405698779,3.00989031893212
Train,3.19813614601615,3.19788805504166
Train,3.37573022364217,3.37596802544093
Train,3.54304395578921,3.54249897013895
Train,3.70139536231884,3.70127913039713
Train,3.85127174548446,3.85120247695548
Train,3.99313316542645,3.99287453961395
Train,4.12799027670336,4.12823703715938
Train,4.2561659178122,4.25541996163909
Train,4.37797035217499,4.37816559563751
Train,4.49419907105336,4.49342357129743
Train,4.60490884462151,4.60504897574382
Train,4.7107863806475,4.71048930122587
Train,4.81199606506584,4.8120194754122
Train,4.90870119118297,4.90867782849481
Train,5.0014615561532,5.00099507016083
Train,4.21460060524327,4.21479311956162
Train,4.27184610746874,4.2717809906865
Train,4.32756432777398,4.32753707233886
Train,4.38216518189821,4.3820749640984
Train,4.43533869979944,4.43546214418555
Train,4.48747402996703,4.48740093824407
Train,4.53827327651232,4.53831663030386
Train,4.58810638819991,4.58808747846004
Train,4.63668690777751,4.63671119822201
Train,4.68436699623143,4.68437375858437
Train,4.73087103717317,4.73087029366823
Train,4.77653467911823,4.77659217291174
Train,4.82109258463286,4.82106874398258
Train,4.86486504466356,4.86490650809381
Train,4.90759647274213,4.90761123488145
Train,4.94959285071009,4.94960805818508
Train,4.99060784704465,4.99064832842513
Train,5.03093408857086,5.03089447028131
Train,5.07033403274121,5.07032880000432
Train,5.10908782153109,5.10908174367458
Train,2.12263903924964,2.12417003439285
Train,2.35807015296182,2.35851765531359
Train,2.57974484642919,2.57986111593735
Train,2.78837739364784,2.78891809508449
Train,2.98530132159036,2.98538537521043
Train,3.17167952933067,3.17245578691316
Train,3.34794984921552,3.34957918585522
Train,3.51527966341244,3.51718625022866
Train,3.67398325661824,3.67544355275121
Train,3.82487657295672,3.82701138165092
Train,3.96868036886023,3.97107228589838
Train,4.10558113118152,4.10670933160535
Train,4.23620791477005,4.23696991553541
Train,4.36111986584978,4.36127474074263
Train,4.48042067206134,4.48036439460364
Train,4.59473184480475,4.59485149763012
Train,4.70411834186003,4.70415936437738
Train,4.80900732241856,4.80906284831534
Train,4.90978177642934,4.90968832246679
Train,5.00646528238212,5.00661111597973
Train,2.12978706987508,2.12996015365596
Train,2.36882069850899,2.36873368416517
Train,2.59261215430348,2.59275617210031
Train,2.80313151282221,2.8036610024831
Train,3.00099948610341,3.00090523367934
Train,3.18781862874191,3.18786936944187
Train,3.36402009506598,3.36422575910936
Train,3.53092731925708,3.53112604529841
Train,3.68904603490195,3.68920664330315
Train,3.83885289774519,3.83981333605724
Train,3.98136579636856,3.98176573011395
Train,4.11674306531189,4.11763620530499
Train,4.24585155992919,4.24601053900213
Train,4.36895225977064,4.36920391895936
Train,4.48629809260513,4.48738716837787
Train,4.59858307454001,4.59969235663837
Train,4.70584033135645,4.70710312337568
Train,4.80867487629262,4.80938977189024
Train,4.9070908218437,4.90799339419417
Train,5.0016197234077,5.0010646372505
Train,3.01705252024819,3.01698857158434
Train,3.12032357990782,3.12049204943131
Train,3.22038247139588,3.22025584376778
Train,3.31686011162121,3.3168240075286
Train,3.41044335856909,3.41054569992073
Train,3.50077652363319,3.50077458006516
Train,3.58849302349511,3.58831120463973
Train,3.67325055883843,3.67345590279391
Train,3.75541534497091,3.75522235630732
Train,3.83531783454091,3.83542366868304
Train,3.91263541315482,3.91244911025231
Train,3.98789265358023,3.98803584820078
Train,4.06077964596225,4.06081755480799
Train,4.1315955694541,4.13145596053463
Train,4.20061187697461,4.20068616319284
Train,4.26753690378768,4.26761198474222
Train,4.33281256516588,4.3325767140307
Train,4.39615877849211,4.39609658000362
Train,4.45798986844476,4.45810944492067
Train,4.51803684629886,4.51789860595844
Train,2.12435123144132,2.12406697995565
Train,2.38506153637641,2.38505180061864
Train,2.62609199254129,2.62597141689574
Train,2.8490559046886,2.84881837914534
Train,3.05615884325127,3.05611894502025
Train,3.24903512992055,3.24870340728038
Train,3.42931825626768,3.42914101737213
Train,3.59779709538334,3.59802575815073
Train,3.75578404828765,3.75547773339739
Train,3.90422958107013,3.90409571947774
Train,4.04414122005214,4.04405169457849
Train,4.17591596121601,4.17604557885741
Train,4.30039365297306,4.30033253738319
Train,4.41816407872983,4.41804534387146
Train,4.52989011171437,4.52994165134104
Train,4.63576888778802,4.63570552564878
Train,4.73636936325297,4.73626030368567
Train,4.83207664209496,4.83216373226267
Train,4.92334980841375,4.92329199811164
Train,5.01027888515012,5.01030628171819
Train,3.11173865344614,3.11221133173629
Train,3.24201294778975,3.24252673588879
Train,3.36799787365329,3.36826261058403
Train,3.48990184544406,3.49004046713188
Train,3.60774586783278,3.60798495927546
Train,3.7220664898684,3.72232196786743
Train,3.83285550280785,3.8330331983855
Train,3.94027406583884,3.94018191014428
Train,4.04447367942224,4.04419763668219
Train,4.14559689820399,4.14555735258571
Train,4.24363292184211,4.24346070451091
Train,4.33900255930691,4.33923802729649
Train,4.43167584960844,4.43183266308577
Train,4.52176554790441,4.52160676754673
Train,4.6093782088937,4.60925899847305
Train,4.69461460724415,4.69472845397493
Train,4.77744741477016,4.77732645194581
Train,4.8582156134013,4.85814877149486
Train,4.93687878459299,4.9366136647698
Train,5.01351816340897,5.01342300590139
Train,3.11038299446124,3.11046977860341
Train,3.24251381050943,3.24243284064531
Train,3.37001630594949,3.36966151120967
Train,3.49312947838734,3.49312237983057
Train,3.61207614870286,3.61184968093247
Train,3.72689245643938,3.72638190768729
Train,3.8381220550937,3.83781922989536
Train,3.94576909947967,3.94543357049068
Train,4.05000393018696,4.04972573541116
Train,4.15098625732076,4.15117019251582
Train,4.24886597703618,4.24853698178439
Train,4.34378391394922,4.34393286092044
Train,4.43587249715733,4.43553378335153
Train,4.5252563766945,4.52486250933387
Train,4.61205298645539,4.61218880692857
Train,4.6962467383612,4.696053776843
Train,4.77819830456011,4.77845699127309
Train,4.8578763944213,4.85753439284989
Train,4.93537431881503,4.93536389829777
Train,5.01078035115356,5.01048782938986
Train,2.12717572834508,2.12758959502051
Train,2.34656196174529,2.3466356599495
Train,2.55533954832282,2.5553235851078
Train,2.75425981062326,2.75431029194104
Train,2.9440047608186,2.94403062887094
Train,3.12495162852631,3.12495371819776
Train,3.29816338632991,3.29838082218729
Train,3.46390243918338,3.46399380513711
Train,3.62264215738028,3.6228363173689
Train,3.77481675614259,3.7746828368511
Train,3.92082526201542,3.92091646905127
Train,4.06103500668285,4.06116555853467
Train,4.19578471261601,4.19572187606198
Train,4.32538722512265,4.32563769277138
Train,4.45013193718625,4.45012642230384
Train,4.57012493075912,4.57021833095885
Train,4.68594476426799,4.68582175064901
Train,4.79765438822268,4.79774577407469
Train,4.90546878245043,4.90546325493441
Train,5.00958819131908,5.0095190961695
Train,3.8077383077291,3.80765535583149
Train,3.88956870088414,3.88898190519493
Train,3.96883780908673,3.96920342644106
Train,4.04586049738461,4.04582170274469
Train,4.12034912875369,4.11954400299536
Train,4.19261091250044,4.19289403887186
Train,4.26274423583776,4.26343564556399
Train,4.330841774137,4.33065629102592
Train,4.39716025110821,4.39592806878162
Train,4.46143866296428,4.46227524421946
Train,4.5239291575605,4.52200221633783
Train,4.58470530859315,4.58486435132753
Train,4.64398821207787,4.64438030810223
Train,4.70153671594073,4.70042084206605
Train,4.75756890434818,4.75730989414686
Train,4.8121439269539,4.81221583080722
Train,4.86531789642492,4.86289161667472
Train,4.91727698397285,4.91611247408972
Train,4.96780267936954,4.96218291192443
Train,5.01707941296385,5.01354462274711
Train,2.12451639919632,2.1241488610506
Train,2.37095652419414,2.37069637988705
Train,2.60086088926851,2.60068844606238
Train,2.81583975804045,2.8156647734543
Train,3.01702488381918,3.01693276608083
Train,3.20622096492552,3.20609040680236
Train,3.38422383841342,3.38420574592263
Train,3.55199828304379,3.55183896547195
Train,3.71040129767525,3.71034977823391
Train,3.86019674307784,3.8602580548143
Train,4.00187229445328,4.00195470168208
Train,4.13644125644717,4.13646168338554
Train,4.26424865589965,4.2644525075414
Train,4.38579161654852,4.38587305256468
Train,4.5015196951498,4.50167328353226
Train,4.61184043783561,4.61196621437219
Train,4.71697865411628,4.7169811359311
Train,4.81756907862544,4.81760818742285
Train,4.91376716590751,4.91396297119744
Train,5.00585445987398,5.00581093734607
Train,3.80662470609681,3.80722320906014
Train,3.88834139484332,3.88812876815453
Train,3.96752945990506,3.96790031066874
Train,4.04430448083083,4.04424402492831
Train,4.11877509892742,4.11882563025236
Train,4.19123039931236,4.19184202016575
Train,4.26138749685472,4.26154058001365
Train,4.32952962685583,4.32970943659555
Train,4.39574236757914,4.39569864228204
Train,4.46010651877933,4.46008674504654
Train,4.52269843063781,4.5229082296103
Train,4.58359030589586,4.58355661417253
Train,4.64285047769928,4.64291528341372
Train,4.70054366540238,4.70055566035106
Train,4.75673121034444,4.75704856082692
Train,4.81161311274734,4.81156147281243
Train,4.86495737130899,4.86504652851389
Train,4.91696197120851,4.91695681762602
Train,4.96767675181377,4.96743824153626
Train,5.01714911054099,5.01710806259897
Train,3.88622426022213,3.88552227851713
Train,3.96164668389391,3.96097124043107
Train,4.0348601358272,4.03362693384068
Train,4.10596025994981,4.10457176471781
Train,4.17503725716661,4.17421499119908
Train,4.24236220699547,4.2417109860219
Train,4.30763854938547,4.3069023608953
Train,4.37113357939236,4.3702609727591
Train,4.43291923031841,4.43162783144752
Train,4.49306361380875,4.49254040409531
Train,4.55163127031993,4.54874332330317
Train,4.60868340014465,4.60700568483688
Train,4.66427807673126,4.66356890117121
Train,4.71847044386108,4.71796089634543
Train,4.77131289809084,4.77081476899574
Train,4.8229982536463,4.82252951523359
Train,4.87328446117769,4.87286041873111
Train,4.92236321499513,4.92183664111897
Train,4.9702774885615,4.96918020606634
Train,5.01706824000553,5.01469751599896
Train,3.80644674670169,3.80746142509114
Train,3.88847600875965,3.88870943040482
Train,3.96773063373205,3.96808438055112
Train,4.04474016867335,4.0452941163351
Train,4.1194079399054,4.12032972729893
Train,4.19183916285478,4.19164295929321
Train,4.26195387879296,4.26282146612019
Train,4.33020842950115,4.33095832865755
Train,4.39650636424915,4.3976610767825
Train,4.46093062803061,4.4620746792173
Train,4.52339996024945,4.52512068512104
Train,4.58431189892117,4.58646455545048
Train,4.64357233269813,4.64465881745517
Train,4.70124752908323,4.70161192745971
Train,4.75725706973349,4.75768400438781
Train,4.81195053374266,4.8121840952629
Train,4.86523732333805,4.86526643266214
Train,4.91717101741401,4.91725298502959
Train,4.96767331329048,4.96771586933417
Train,5.01705415131406,5.01679156001436
Train,3.88561095913345,3.88505771735462
Train,3.96119177124388,3.96103998775314
Train,4.03473624895416,4.03449576632946
Train,4.10593930375339,4.10551692633843
Train,4.17509750447742,4.17482315028272
Train,4.24247968764583,4.24231640129827
Train,4.30779880974293,4.30731503873202
Train,4.37131959580068,4.37117493041686
Train,4.43328276073025,4.43294491775694
Train,4.49341826626526,4.49310297010769
Train,4.55196386760316,4.55157402107969
Train,4.60898179459056,4.60829835949361
Train,4.66468170843888,4.66449758031766
Train,4.71881455058613,4.71842486700578
Train,4.77158811550613,4.7713680657146
Train,4.82319259471207,4.82269777399441
Train,4.8733934161917,4.87320108821976
Train,4.92237948905449,4.92214067866397
Train,4.97032416257258,4.96983084604679
Train,5.0170063243159,5.01652877442783
Train,2.04995207767634,2.05097237611725
Train,2.36853908008567,2.36820515639218
Train,2.65218403000353,2.65150877702061
Train,2.90697799059126,2.90746031063853
Train,3.13681895400483,3.13678969142737
Train,3.34493759146171,3.34457856026373
Train,3.53475567764635,3.53462072884966
Train,3.70814353059593,3.70822389091726
Train,3.86755159856861,3.86734700051264
Train,4.01441735876953,4.0147230379919
Train,4.14999157374313,4.14957372458256
Train,4.27585004088018,4.27564901874237
Train,4.39285082733998,4.39298363207152
Train,4.50175732771425,4.50156101233395
Train,4.60364289826535,4.60357747763581
Train,4.69891970599052,4.69902306700195
Train,4.78844078951357,4.78854861757671
Train,4.87260377911667,4.87252493411896
Train,4.95177352323288,4.95168837606278
Train,5.02657446774441,5.02670263677672
Train,3.79776981423491,3.79848572877771
Train,3.87866391563431,3.87960814997158
Train,3.95733255148876,3.96060249510291
Train,4.03349598599817,4.03463429431966
Train,4.10745087021112,4.1082565795189
Train,4.17946630826417,4.17940322988969
Train,4.24927794713938,4.24980243834969
Train,4.31731451379763,4.31738522673212
Train,4.3833215856408,4.38381707889156
Train,4.44754411235117,4.44760835326113
Train,4.51020540375935,4.51055357676185
Train,4.57106532148577,4.57144674453255
Train,4.63034402714585,4.63095085000922
Train,4.68824278619348,4.68852936662396
Train,4.74453495022828,4.74480898957362
Train,4.79955297006165,4.80024917477229
Train,4.85307873738572,4.85327101038664
Train,4.90529873932715,4.90531640314683
Train,4.95638418598853,4.95661523918924
Train,5.00612909016259,5.00591192957316
Train,4.42407979305922,4.42597440162743
Train,4.46691166169733,4.46751874465216
Train,4.50912477111424,4.50977419914514
Train,4.55044429854992,4.55086029466136
Train,4.59117995517835,4.59122101077472
Train,4.63106584876699,4.63138206228567
Train,4.67040028310135,4.67147039687214
Train,4.7089258818307,4.70860507424757
Train,4.74679841304018,4.7466956984247
Train,4.78416389339247,4.78448336878162
Train,4.82077698868006,4.82107395371375
Train,4.85691013934685,4.85715771914355
Train,4.89232559324423,4.89191360698559
Train,4.92716514174534,4.92746514115086
Train,4.9615620179239,4.96216688073426
Train,4.9952892112185,4.99538383885764
Train,5.02859656183774,5.02834548579657
Train,5.06126383485798,5.0613697262709
Train,5.09353261837211,5.09366301535582
Train,5.12518916146475,5.12520373161195
Train,3.30379708995377,3.3037251345634
Train,3.37063607511235,3.37003192600631
Train,3.43594095318669,3.43629440622707
Train,3.50021101875945,3.49996054090687
Train,3.56324967428117,3.56333580972231
Train,3.62487627902781,3.62508619448298
Train,3.68555999675628,3.68643927036854
Train,3.74511346377582,3.74504896251554
Train,3.80336403233353,3.80356716629129
Train,3.86075342218445,3.86136808895052
Train,3.91710293691303,3.91719797080103
Train,3.97244058600369,3.97295991218951
Train,4.02660369597233,4.02671695811685
Train,4.08000102968489,4.07997899100545
Train,4.13246463090554,4.13306387239962
Train,4.18383881813632,4.18416863293922
Train,4.23451003727776,4.23462377926288
Train,4.28431781539126,4.28476872258423
Train,4.33311307090034,4.33364091693901
Train,4.38126173574197,4.38160583551169
Train,2.12773036473068,2.12764570425159
Train,2.3649065243032,2.36498953810613
Train,2.58760154553829,2.58751178212359
Train,2.79710239047386,2.79688463963638
Train,2.99454790960518,2.99444581487868
Train,3.18094955298383,3.18067184617056
Train,3.35720870051651,3.35703588308778
Train,3.52413123825805,3.52378955929842
Train,3.68243987811222,3.68202386029251
Train,3.83278461826202,3.83276308695739
Train,3.97556294397721,3.97520513127918
Train,4.11169127601103,4.11142077241337
Train,4.24145180712177,4.2413299426228
Train,4.36528113452564,4.36491705161123
Train,4.48357683453216,4.48337255349569
Train,4.59670172663849,4.59629274854913
Train,4.70498759042142,4.70508611711219
Train,4.80873841543619,4.80864195282291
Train,4.90823325117055,4.90772359637438
Train,5.00372871332178,5.0033826781112
Train,2.94396057417874,2.94482779952185
Train,3.02904204492581,3.02951856456301
Train,3.11249314466046,3.11280571375053
Train,3.19385305171646,3.19485441581881
Train,3.27369338257743,3.27373128935531
Train,3.35157067143682,3.35198935605539
Train,3.42802961105894,3.428375745247
Train,3.50264320083869,3.50278837579779
Train,3.57570375000409,3.57612203544366
Train,3.64748194003505,3.64775447922537
Train,3.71757390075242,3.71780146473273
Train,3.78646493188244,3.78663885299128
Train,3.85376562625473,3.85384125281078
Train,3.91973486482703,3.91996306426543
Train,3.98461316037663,3.98467178996023
Train,4.0480314553435,4.04814441523584
Train,4.11042501092023,4.11063557679543
Train,4.17143751496782,4.17149981142964
Train,4.23148638807138,4.23154963802907
Train,4.29022744655551,4.29033410122455
Train,2.12761174416641,2.12825535171968
Train,2.36279442088078,2.36310927074763
Train,2.58395732298534,2.58425564132293
Train,2.79231779223193,2.7926966482012
Train,2.98895619854973,2.98873517168639
Train,3.17508165318044,3.17531230831472
Train,3.35104687070944,3.35059809247858
Train,3.51788324992824,3.51807328541716
Train,3.67628321749673,3.67560981392697
Train,3.82687089911298,3.82679161280638
Train,3.970210338345,3.97037998347904
Train,4.10681255656116,4.10690511489182
Train,4.23714164022874,4.23691547281877
Train,4.36162000840189,4.36158658128651
Train,4.48063298638124,4.48088386439148
Train,4.59468504368087,4.59498349936283
Train,4.70378792393856,4.70396285591076
Train,4.80839661537336,4.80851491968159
Train,4.90878320246356,4.90897129657631
Train,5.0051982409802,5.00519552376889
Train,2.12564260553235,2.12577991064998
Train,2.3692842087651,2.36924312886211
Train,2.5970195011085,2.5969728590101
Train,2.81035692451563,2.81008089669584
Train,3.01062003217446,3.01037521303468
Train,3.19897497342765,3.198656068573
Train,3.37645321728042,3.37610648512444
Train,3.54397044982052,3.54328136260691
Train,3.702342376625,3.70044662042008
Train,3.85229800582354,3.8487373893843
Train,3.99449086828511,3.99271564412291
Train,4.1295085392597,4.12865271800209
Train,4.25788075407853,4.25248863856203
Train,4.38008635429281,4.37653223890473
Train,4.49655925627669,4.49272646630951
Train,4.60769359911385,4.60206880203285
Train,4.71384820047982,4.70974166140903
Train,4.81535042666837,4.81176657473796
Train,4.91249956470073,4.90859665230917
Train,5.00556976968764,5.00135446105222
Train,2.12332372125674,2.12367974342149
Train,2.35597412277977,2.3559922052921
Train,2.57527205640544,2.57517378411675
Train,2.78233495980589,2.78242345722927
Train,2.97793134939884,2.97806126357708
Train,3.16341918459217,3.16328173946775
Train,3.33935720074798,3.33949643477925
Train,3.50646439603735,3.50653956624982
Train,3.66538935861286,3.66536264553386
Train,3.81671867952971,3.81665533606091
Train,3.96081584539365,3.96086304877489
Train,4.09850844309289,4.09860393705847
Train,4.23006024014663,4.23008614980452
Train,4.35587307616933,4.35593879523757
Train,4.47631447861992,4.47641207766381
Train,4.59172124855168,4.59170431778719
Train,4.70227307418351,4.70232185319427
Train,4.80851856973015,4.80854421753273
Train,4.91058478884492,4.91060896579828
Train,5.00871356929856,5.00876390428701
Train,2.13048260114339,2.13098971670505
Train,2.36141822993024,2.3618116060791
Train,2.57944345882077,2.57932249322428
Train,2.78512743558809,2.78495671333465
Train,2.97971772296535,2.98011597702524
Train,3.16430534752431,3.16409865081031
Train,3.33922968627402,3.33939300737646
Train,3.50562174580382,3.50549363302369
Train,3.66371758572177,3.66387230858917
Train,3.81430002114748,3.81398577091412
Train,3.95806182042704,3.95814622583228
Train,4.09513188791548,4.0952335073346
Train,4.22612142233379,4.22638538047275
Train,4.35157447540485,4.3513914064354
Train,4.47155056615015,4.47167929276137
Train,4.58667274847743,4.58666353772813
Train,4.69696821929686,4.69693214715179
Train,4.80285956120148,4.80290061662916
Train,4.90472601682359,4.90466275451425
Train,5.00256052426806,5.00235071110027
Train,4.29923127466113,4.30006114556116
Train,4.37593472586425,4.37584152615117
Train,4.45007638384635,4.44983286474261
Train,4.52208960493034,4.52139880830899
Train,4.59191509940888,4.59191666573705
Train,4.65950632982142,4.65957088503299
Train,4.72524942079411,4.72493393966241
Train,4.78908225473821,4.78905616959335
Train,4.85095431879322,4.85104144204186
Train,4.91121191789884,4.91029230407392
Train,4.96979172171991,4.96951869265129
Train,5.02676284216546,5.02629000637924
Train,5.08207203793809,5.08176415854203
Train,5.13602154890217,5.13525471007987
Train,5.18854810300832,5.18800005259644
Train,5.23959773178527,5.23954308354249
Train,5.28944500655008,5.2887064785721
Train,5.33802752592299,5.33785272838967
Train,5.38529136179834,5.38435523587057
Train,5.43148710977632,5.43059950496198
Train,3.80440535788305,3.80428260011493
Train,3.88609514022405,3.88574875285511
Train,3.96528315492449,3.96532393480837
Train,4.04208259449204,4.04203884668485
Train,4.11659992436134,4.11660082589904
Train,4.18893537531834,4.18886899976886
Train,4.25918339329396,4.25922414514597
Train,4.32743305077164,4.32734695735806
Train,4.39376842357708,4.39399252282991
Train,4.45826893640157,4.45804471382533
Train,4.52100968004451,4.52077951289201
Train,4.58206170303944,4.582028773639
Train,4.64149228004463,4.64151148420595
Train,4.69936515912984,4.69949345019657
Train,4.75574078987013,4.75570083832671
Train,4.81067653396255,4.81053871486464
Train,4.86422685990817,4.86439747456123
Train,4.91644352314866,4.9163853357716
Train,4.96737573290946,4.96720008633227
Train,5.01707030688033,5.01708381513552
Train,3.80280800392127,3.80291513379442
Train,3.88500313680383,3.88526731909613
Train,3.96462254200146,3.96396970911545
Train,4.04178542414326,4.04117695927224
Train,4.11660374389121,4.11534429767588
Train,4.18918275996791,4.18733853453549
Train,4.25962152323343,4.25907973899692
Train,4.3280133276884,4.32767106299824
Train,4.39444612272151,4.39411712635436
Train,4.45900289043215,4.45844037011219
Train,4.52161773197884,4.52138384914386
Train,4.5826571574904,4.58244392959412
Train,4.64204285768417,4.64135587856825
Train,4.69984114025796,4.6996038300388
Train,4.75611481476927,4.75621886255638
Train,4.810923420318,4.81072798047925
Train,4.8643234356747,4.86395575712621
Train,4.91636847341338,4.91652620272024
Train,4.96710945945157,4.96677838031272
Train,5.01659479926165,5.01682712876598
Train,1.44204620238152,1.44315269206371
Train,1.54499419923156,1.54589785869419
Train,1.64543580189771,1.64568611881649
Train,1.74346144137553,1.74392330542858
Train,1.8395167720947,1.84017254924064
Train,1.9329564411699,1.93329132576426
Train,2.02422693088534,2.02448893199861
Train,2.1134029099952,2.11361439354031
Train,2.20055565907522,2.2010300948862
Train,2.28575326054506,2.28596119924285
Train,2.36937400784446,2.36973976823745
Train,2.45084680904313,2.45105454360263
Train,2.53055145851384,2.53107121697056
Train,2.60854489795918,2.60881777165585
Train,2.6848816500424,2.68502100898721
Train,2.75961394549668,2.76033319878869
Train,2.83306718070384,2.83323452573339
Train,2.90473303721677,2.90498627889272
Train,2.97493870467927,2.97581999649654
Train,3.04372835998313,3.04484323036403
Train,2.12339852599247,2.12476431553322
Train,2.37271606636546,2.37428680694964
Train,2.6051295613652,2.60785895230609
Train,2.82173155304113,2.82299038659793
Train,3.02434872715534,3.0252177314799
Train,3.21429311425399,3.21821671233582
Train,3.39295298198351,3.39755124738102
Train,3.56086107035745,3.56203703109012
Train,3.71916840218757,3.72035670399444
Train,3.86867552762641,3.8696275038931
Train,4.01028359872553,4.01122999887983
Train,4.14424724555703,4.14463974324125
Train,4.27133734096803,4.27274209521082
Train,4.39206966622313,4.39273951563181
Train,4.50706208430027,4.5070014618216
Train,4.61642365268879,4.61660641154984
Train,4.72069636620039,4.72100988871196
Train,4.82022734355424,4.82016084956948
Train,4.91545935003735,4.91553833492461
Train,5.0064226522255,5.0066800707248
Train,2.12910230615172,2.12845691467763
Train,2.38291006667188,2.3811350305007
Train,2.61827066256745,2.61646207738912
Train,2.83741639544739,2.83621901286486
Train,3.04142214561449,3.04006419427995
Train,3.23205864293634,3.23096866304357
Train,3.4105983963277,3.40959146359481
Train,3.57815738802642,3.57712683609523
Train,3.7359295471496,3.73464929550781
Train,3.88434948784635,3.88353863237379
Train,4.02441245639959,4.02367789311055
Train,4.15680495054935,4.1560243345123
Train,4.28230877565294,4.28173304826149
Train,4.40112793004536,4.40303797143523
Train,4.51393418368952,4.51545309699967
Train,4.62117270132084,4.62125128664437
Train,4.72324576235384,4.72314579246111
Train,4.82064899338996,4.82040807444381
Train,4.9134449975405,4.91326602888538
Train,5.00207252958786,5.00185341261048
Train,2.11638447506989,2.11722982434393
Train,2.36806330015287,2.36915442076523
Train,2.60208647853893,2.60273315202747
Train,2.82024890795233,2.82095487363066
Train,3.02411016473525,3.02507364876172
Train,3.21503184491851,3.21645368172566
Train,3.39420801361869,3.3956980128535
Train,3.56269020239473,3.56326037151692
Train,3.7214080604634,3.7218694231963
Train,3.87118651652451,3.87183293568913
Train,4.01276012021567,4.01344613197969
Train,4.14678508952929,4.14742410524585
Train,4.27384948118426,4.27445751927397
Train,4.39448181651128,4.39517707538861
Train,4.50915842973614,4.51007312969549
Train,4.61830975410945,4.61891411878995
Train,4.7223257207859,4.72275493254373
Train,4.82156041319686,4.82194900673884
Train,4.91633609400439,4.91673683240905
Train,5.00694670114171,5.0071357698146
Train,2.73194750145983,2.73395472208748
Train,2.83756888193852,2.83847426534001
Train,2.94019821728092,2.94117173505609
Train,3.03996086994695,3.04011489668872
Train,3.13697529551304,3.13718973409803
Train,3.23162571138575,3.23207550416945
Train,3.32346648187123,3.32260157544468
Train,3.41287774329284,3.41323245019547
Train,3.49995464068828,3.50052438191441
Train,3.58478741498906,3.58499441927077
Train,3.66746171496911,3.6688726294199
Train,3.74805888568102,3.74808717473596
Train,3.82665623542172,3.82670376637205
Train,3.90332728306944,3.90365217046591
Train,3.97814198745518,3.9784058709304
Train,4.05137792223462,4.05130743959697
Train,4.12267166838888,4.12277659348573
Train,4.19229981504695,4.19237165826442
Train,4.26032005709038,4.2602030260571
Train,4.32678745515108,4.32488360584492
Train,4.42433949203684,4.42461357773235
Train,4.46726370337328,4.46716128552751
Train,4.50941354452157,4.50930135357729
Train,4.55080978308231,4.55084739437396
Train,4.59147245062257,4.59130873197526
Train,4.63142087499709,4.63157456683647
Train,4.67067371098119,4.67056924281886
Train,4.7092489693173,4.70925907420704
Train,4.74716404427015,4.74722400777344
Train,4.78443573977929,4.784335631088
Train,4.82120060968204,4.82125375356944
Train,4.857231720581,4.85724806262832
Train,4.89266661349976,4.89252499356761
Train,4.92751996570969,4.92757201353041
Train,4.9618059766503,4.96184058310999
Train,4.9955383872175,4.99546902604587
Train,5.02873049812514,5.02876876164763
Train,5.06139518739115,5.06140283900848
Train,5.09354492699682,5.09350957067753
Train,5.12519179876422,5.12495467863872
Train,4.31090793132855,4.3092960471661
Train,4.36374862530706,4.36298071527225
Train,4.41544374948998,4.41543018584733
Train,4.46603015778154,4.46475425312773
Train,4.51554314003183,4.51509205643041
Train,4.56388176850847,4.56221124679385
Train,4.61135070252854,4.61055155958119
Train,4.65784340604492,4.65656742996024
Train,4.70338968779305,4.697563809674
Train,4.74801815514197,4.74751811712875
Train,4.79175627401314,4.78981558250624
Train,4.83463042524858,4.83342776205635
Train,4.87666595767126,4.87602326016011
Train,4.91788723806207,4.91475853099499
Train,4.95831769826044,4.95763701236527
Train,4.99786952455175,4.99633878857665
Train,5.03678718722075,5.0347019343283
Train,5.07497908978046,5.07399211333203
Train,5.11246534630136,5.1111168182363
Train,5.14926533438925,5.14667625870451
Train,4.308190724255,4.30906072508904
Train,4.3521783700908,4.35234480636089
Train,4.39537752787371,4.39629800928768
Train,4.4378092100058,4.43797129597468
Train,4.4794936888508,4.48028924797498
Train,4.52058585633077,4.52128651810588
Train,4.56083161368657,4.56312115874269
Train,4.60038691902989,4.60162899654486
Train,4.63926938922814,4.63946900641557
Train,4.67749604687772,4.67923989002546
Train,4.71508334515268,4.71557973375846
Train,4.7520471914169,4.75310185683728
Train,4.78840296967105,4.79003125967236
Train,4.82416556190072,4.82506582654267
Train,4.85934936838812,4.85980313190911
Train,4.89408279421208,4.89414217379479
Train,4.92814858322893,4.92818864871177
Train,4.96167612876043,4.96191211366048
Train,4.9946780872855,4.99470337168558
Train,5.02716672155627,5.02719442065816
Train,3.00160651401106,3.00153361874644
Train,3.15463679628811,3.15485996681335
Train,3.30007029819874,3.30000275536102
Train,3.43869343102216,3.43858528935769
Train,3.57052615090931,3.5703660467664
Train,3.69626818327652,3.69658966741943
Train,3.81633208380699,3.81632176140218
Train,3.93109397132671,3.93099659842508
Train,4.04108396939694,4.04126243519957
Train,4.14623581497797,4.14596267319237
Train,4.24703279551337,4.24723967317212
Train,4.34373995773457,4.34362366601661
Train,4.43675927405157,4.43686682587966
Train,4.52599357082417,4.52603767068311
Train,4.61181503568939,4.61177953614632
Train,4.69441578427859,4.69449236649624
Train,4.77397377833914,4.77412211209256
Train,4.85078481946625,4.85071079565049
Train,4.92473623450318,4.92488653794524
Train,4.99610622931943,4.99599122155294
Train,0.997575222013758,0.997749877770078
Train,1.16186758910368,1.16232460537529
Train,1.32074799826293,1.32072489664668
Train,1.47366138911936,1.47384316457854
Train,1.62172490413065,1.62178075931687
Train,1.7644018410866,1.76438255358906
Train,1.90271667770345,1.90282062852592
Train,2.03615169078058,2.03588685190724
Train,2.16530458872005,2.16571806376695
Train,2.29071273714249,2.29020634194265
Train,2.4118870891156,2.41209178520902
Train,2.52966583099353,2.52946479247138
Train,2.64357876846181,2.64342661025538
Train,2.75410785744556,2.75429706003004
Train,2.86168895070688,2.86104654677573
Train,2.96587925882376,2.96604618920199
Train,3.0673778286487,3.06719465808081
Train,3.16575941829679,3.16574708977376
Train,3.26167710851068,3.26150323130085
Train,3.35472254747568,3.35484398965153
Train,3.11903672464875,3.11773489972646
Train,3.26469583275668,3.26337551218993
Train,3.4027201251646,3.40173893216368
Train,3.53415755936693,3.53338198174268
Train,3.65924732761896,3.65857614077348
Train,3.77822795870944,3.77743259763182
Train,3.89193758405085,3.8907769625769
Train,4.00033447689783,3.99964855589158
Train,4.10414919275386,4.10322943549207
Train,4.20349002559976,4.20318297050497
Train,4.29847163878961,4.29751654025702
Train,4.38969750662139,4.3891409035389
Train,4.47723057370719,4.47487454837781
Train,4.56114162020212,4.55778978447441
Train,4.64193705712467,4.63897396639757
Train,4.71951117742665,4.71628818947309
Train,4.79431800787612,4.79176021017728
Train,4.86637477917787,4.86338633161748
Train,4.93570706635376,4.93313843778404
Train,5.00270422355668,4.99935276174463
Train,2.16876670265954,2.16908791176346
Train,2.43537916696171,2.43518761125987
Train,2.67931790010512,2.67915328513144
Train,2.90292346700431,2.90277858232392
Train,3.10903604531345,3.10886231556313
Train,3.29926082160365,3.29906024540495
Train,3.47570979101645,3.47563915446179
Train,3.63950735375726,3.63930032665329
Train,3.79226492423301,3.79224188980541
Train,3.93478337966086,3.93479707707255
Train,4.0683197627375,4.068133174613
Train,4.19345188202423,4.19344899277738
Train,4.31117944973751,4.31104448846262
Train,4.4219232426661,4.42189654655184
Train,4.52649190421331,4.52645864155446
Train,4.62519368350649,4.62523712121427
Train,4.71869254049011,4.71862198116677
Train,4.80721484657521,4.80725833099521
Train,4.89131307272175,4.89130419422534
Train,4.97115322691084,4.97115676929778
Train,2.12940269889565,2.12960155718273
Train,2.35953685250925,2.35956646568619
Train,2.57652258375496,2.57642818333651
Train,2.78192907181291,2.78214841012621
Train,2.97643410182638,2.9764222121851
Train,3.16066994155131,3.16040453767008
Train,3.33583370480199,3.33603254549624
Train,3.50219360252866,3.50230032433709
Train,3.6607639709942,3.66093448213022
Train,3.81190399768766,3.81192249418771
Train,3.95595681914466,3.95586934986594
Train,4.09372879004296,4.09359873158636
Train,4.22546880089746,4.22562028081691
Train,4.35141812517153,4.35130858797882
Train,4.47223072861984,4.47246002374985
Train,4.58794513229911,4.58795982780819
Train,4.69913564763078,4.69903375123639
Train,4.80593807049328,4.80592031131917
Train,4.90848769987926,4.9084733220482
Train,5.00726329210842,5.00704730515671
Train,2.13549878782615,2.13606362265662
Train,2.36261445382408,2.36246090595913
Train,2.57706670235827,2.5762489159354
Train,2.78036122066628,2.77824721661117
Train,2.97289495250553,2.97183887441887
Train,3.15592876567196,3.15525298444507
Train,3.32974047258084,3.32844222910015
Train,3.49539823950988,3.49368979963427
Train,3.6532770662603,3.65297040104295
Train,3.80373540381063,3.80282931637729
Train,3.94762223590932,3.94654777737404
Train,4.08503514632217,4.0847317838018
Train,4.21671091636138,4.21498612206441
Train,4.34285280547558,4.34176835014321
Train,4.46366010513296,4.46320871718879
Train,4.57973738250479,4.57936854693642
Train,4.69109415890515,4.69057432216894
Train,4.79826506057782,4.79792788643343
Train,4.90123842129323,4.90077013705403
Train,5.00049004351434,4.99886182705476
Train,3.43233189858258,3.43158702041208
Train,3.54297691166042,3.54342758719239
Train,3.6494692081052,3.64948286818643
Train,3.75222680270983,3.75242581673618
Train,3.85107875250637,3.85099838599516
Train,3.94641845689116,3.94691009312763
Train,4.03842983551685,4.03779749865888
Train,4.12728418700284,4.12733691041311
Train,4.21329931753722,4.21351272717246
Train,4.29630304238441,4.29660144111793
Train,4.37659828816552,4.37611463652528
Train,4.45431549648567,4.45431130674504
Train,4.52971557309727,4.52943583123514
Train,4.60263141578898,4.60164669535542
Train,4.67331378365666,4.67228184372314
Train,4.74186374861585,4.74115193562128
Train,4.80837637476763,4.80804565196402
Train,4.87306029240632,4.8726284507832
Train,4.93575814948735,4.93538820031634
Train,4.99667216970627,4.99587110367091
Train,3.80276334554978,3.80544890745321
Train,3.88462691319972,3.88427657099627
Train,3.96379935970237,3.96557749241427
Train,4.04075597172001,4.03740983226115
Train,4.11542037466245,4.11809223619301
Train,4.18773080868589,4.18987091575062
Train,4.25811235670846,4.25864893597853
Train,4.32648713053531,4.32862163734925
Train,4.39279050206204,4.39339333517663
Train,4.45740500969366,4.45969844628079
Train,4.52025268608374,4.51998234349256
Train,4.58140502264334,4.58413603326724
Train,4.64079591398827,4.64236369829112
Train,4.69876056352692,4.69683524391101
Train,4.75522235865604,4.75592783276469
Train,4.81011527592982,4.8095202851512
Train,4.8637446498106,4.86455089410836
Train,4.91603558359532,4.91465342037216
Train,4.96692281636916,4.96703448601719
Train,5.01668570127464,5.01677426395716
Train,3.80580373453581,3.80514235842228
Train,3.88786162856758,3.88839115792897
Train,3.96716955468882,3.96712039174989
Train,4.04421005131988,4.04503892514575
Train,4.11891007174364,4.11793317015352
Train,4.19121132764483,4.19163931472238
Train,4.26154415830862,4.26043708632304
Train,4.32983334757356,4.32995838991727
Train,4.39601706843497,4.39580093172507
Train,4.46048160205608,4.46040915073198
Train,4.52315118130179,4.52305665348493
Train,4.5840997450206,4.58360877082694
Train,4.6432633676977,4.64264910139562
Train,4.7009795145738,4.70050458117865
Train,4.75717333648196,4.75657176662597
Train,4.81178066296121,4.81139630256465
Train,4.86510827234475,4.86475547306717
Train,4.91708280168147,4.91702875702711
Train,4.96764059775644,4.96701515876001
Train,5.01706182334771,5.01691957036045
Train,-0.289166347486342,-0.288865397571241
Train,-0.038635989254015,-0.0387011962045254
Train,0.198987934421492,0.199250401343565
Train,0.423730775442445,0.422953172103265
Train,0.637059907039239,0.637709990067637
Train,0.840250342291749,0.840514337451426
Train,1.03319354113932,1.03319030218362
Train,1.21703207455347,1.21650546189292
Train,1.39276554449284,1.39305837078089
Train,1.56021030850831,1.56029994750523
Train,1.72027629928379,1.72003532296756
Train,1.87344074150816,1.87364343972539
Train,2.020450721041,2.02047317011992
Train,2.16107407838061,2.16115555310924
Train,2.29600276321256,2.2956212283282
Train,2.42585011658558,2.42608400241832
Train,2.55036964780297,2.55050511235848
Train,2.67013560427102,2.66972805192589
Train,2.78565940191339,2.7858537007526
Train,2.89669098080092,2.89705263748718
Train,1.46654665383069,1.46668612371676
Train,1.60487607548111,1.60533098417753
Train,1.73837542115043,1.73835695307597
Train,1.86729332905194,1.86730889047274
Train,1.99186165972811,1.99197870962624
Train,2.11264317866532,2.11285294797225
Train,2.22913643824374,2.22918870106176
Train,2.34188882264016,2.34179484816221
Train,2.45107767694597,2.45112242524582
Train,2.55686931068677,2.55705474363302
Train,2.65941984305435,2.65944849994802
Train,2.75887597162545,2.75894506809371
Train,2.85537567252784,2.85544735013926
Train,2.94904883908154,2.94915667276317
Train,3.04001786513155,3.04007277344889
Train,3.12865291298487,3.12872789098427
Train,3.21454636739516,3.21458005151024
Train,3.29806327362749,3.29811491699027
Train,3.37930091927607,3.37940018667385
Train,3.45835135326626,3.45831152183772
Train,1.26401216555,1.26488116864883
Train,1.40422897999426,1.4046455009632
Train,1.5397028599546,1.54005722899118
Train,1.67067045279697,1.67154008565948
Train,1.79735292016857,1.79758383620018
Train,1.92030988935585,1.92120191952225
Train,2.03901867514578,2.03911601629469
Train,2.15402530432285,2.15414735900075
Train,2.2655003058233,2.26613023610506
Train,2.37360389374036,2.37379763631569
Train,2.47848673560325,2.47898590041976
Train,2.58029065299588,2.58051741454645
Train,2.67914926136628,2.67968058255454
Train,2.77518855509646,2.77522217033791
Train,2.86852744321989,2.86922853572131
Train,2.95953990433454,2.95978375321673
Train,3.04780167532275,3.04809030235291
Train,3.13368225524882,3.13394888427527
Train,3.21727672383665,3.2177063287202
Train,3.29867516532052,3.29940550322889
Train,3.87900242188409,3.87902537967264
Train,3.93759949513966,3.93744148392242
Train,3.99495743347672,3.99510962573939
Train,4.05142191865217,4.05148056689021
Train,4.10686211753859,4.10678193263837
Train,4.16130565099826,4.16098743260617
Train,4.21463355556371,4.21471792074979
Train,4.26716528716114,4.26715222470765
Train,4.31877741502651,4.3190702886607
Train,4.3694938770694,4.36953384829056
Train,4.41920202843064,4.41903127777576
Train,4.4681980188624,4.46817830860917
Train,4.51636529558682,4.51639786682452
Train,4.56372470746795,4.56392449678632
Train,4.61016952671442,4.61007199254189
Train,4.65597509431825,4.65607994011615
Train,4.7010312444799,4.70101806208212
Train,4.74535621961414,4.74529553085111
Train,4.78884882483664,4.78893477067712
Train,4.83176574170551,4.83169841832958
Train,3.78704646554857,3.78435279758949
Train,3.86521842768102,3.86352468987414
Train,3.94153198296837,3.93963185565034
Train,4.01605262366938,4.01606998761079
Train,4.0888428004159,4.08907688260323
Train,4.15996209676235,4.15913904340076
Train,4.22946739185135,4.2293956744218
Train,4.2974130121289,4.29744859553128
Train,4.36385087295954,4.36331141530198
Train,4.42883061091743,4.42928483565291
Train,4.49226563380934,4.49115742320672
Train,4.55447239490796,4.55381586930551
Train,4.61535737682637,4.61507830235886
Train,4.67496226475994,4.67354158554761
Train,4.73332700929397,4.73319103942439
Train,4.79048991570074,4.78986253005522
Train,4.84648772777645,4.84687464800325
Train,4.90135570660357,4.90132074594684
Train,4.95512770459337,4.95407355593878
Train,5.00783623513536,5.00735731911508
Train,3.12613944878982,3.12688830341748
Train,3.26158071985582,3.26189825519058
Train,3.3917613131307,3.39291140650701
Train,3.51661005857919,3.51773327872459
Train,3.63680473185573,3.6408268438793
Train,3.7522567061369,3.7546586860374
Train,3.86357192718626,3.86764643438463
Train,3.97064944621926,3.97661536362674
Train,4.07403405143818,4.07643952565221
Train,4.17361633549054,4.17685591465514
Train,4.2698886334348,4.27329785163991
Train,4.36273599565,4.36906990965898
Train,4.45260546455716,4.45650863492873
Train,4.53937875372946,4.54290205151145
Train,4.62346355046167,4.62775110106694
Train,4.70473989989033,4.70702895997627
Train,4.78358109418154,4.78465422131947
Train,4.85986677020062,4.86104342745628
Train,4.93393999711208,4.93547972573677
Train,5.00568095185321,5.00591915579233
Train,2.87421438121072,2.87444855346647
Train,3.04263861807118,3.04317099883
Train,3.20199389016095,3.20308589383447
Train,3.35299348434731,3.3531901734207
Train,3.49627779711737,3.49620038804668
Train,3.63263018748448,3.63248739733197
Train,3.7621477064373,3.76234412853617
Train,3.88551887791609,3.88612095794477
Train,4.0031710801912,4.00303602219745
Train,4.11549296618303,4.11602298896131
Train,4.22283875250148,4.22312923625239
Train,4.32553195079798,4.32540208501112
Train,4.42386862423514,4.42409110000543
Train,4.51812023811989,4.51808488629129
Train,4.60853616250618,4.60868834714009
Train,4.69547839229914,4.69560016088897
Train,4.77888829283891,4.77909102501534
Train,4.85909910884228,4.8593197266421
Train,4.9362914227516,4.9365811480059
Train,5.01063247662664,5.01057965519093
Train,2.12884689355539,2.1284791299079
Train,2.36615130434783,2.36613005393545
Train,2.58919757435144,2.58917482812493
Train,2.79874171741578,2.7980719922746
Train,2.99643653980588,2.9962873770094
Train,3.18282153138155,3.18296168138866
Train,3.35925392062249,3.35930969677819
Train,3.52611746281569,3.52576315177092
Train,3.68435589729504,3.68456405911664
Train,3.83479802059246,3.83469705581618
Train,3.97766925495038,3.97745567773771
Train,4.11384744793386,4.11343109592807
Train,4.24348609288458,4.24340538873756
Train,4.36719093030841,4.366775231287
Train,4.48549976718799,4.48522028739925
Train,4.59849094691884,4.59808312350313
Train,4.70677052103431,4.70667197183892
Train,4.81038194189409,4.81014077005628
Train,4.90985556970815,4.9097446286726
Train,5.00520853998989,5.00472692212159
Train,2.12168894142507,2.12193373449216
Train,2.35903646406905,2.35938056565309
Train,2.58169705379614,2.58175499751477
Train,2.79149847291344,2.79185600994632
Train,2.98928432976782,2.98961149452615
Train,3.17605810615937,3.17627515816665
Train,3.3525010564956,3.35260346583917
Train,3.51985170461805,3.52006040849327
Train,3.67860271010408,3.67860378077265
Train,3.82940033264978,3.82950647528586
Train,3.97265383774693,3.97264059533726
Train,4.10924651280638,4.10924513380113
Train,4.23947406938949,4.23937951259385
Train,4.3637712919567,4.36361729543958
Train,4.48238999665366,4.48212738782994
Train,4.59598646652545,4.59562347849377
Train,4.70474058418434,4.70463541058078
Train,4.80895551525773,4.80890850643871
Train,4.90878800418509,4.90872018185863
Train,5.00474220750618,5.00452354141115
Train,2.12326987459695,2.12406935324205
Train,2.35046379035817,2.35042083654506
Train,2.56518125285028,2.56549353657127
Train,2.76882941117277,2.76903472432994
Train,2.96204914607699,2.96208158977632
Train,3.14543771658306,3.14578415536042
Train,3.32007644790049,3.32015937061468
Train,3.48640999199256,3.48668278590438
Train,3.64485797321563,3.64500445343973
Train,3.79627180097835,3.79646206786518
Train,3.94096423757318,3.94123417052859
Train,4.07937311764745,4.07956480675446
Train,4.21176588146603,4.21184063389618
Train,4.33878163210758,4.33888696226885
Train,4.46061869799635,4.46067429467465
Train,4.57746977514261,4.57754924001009
Train,4.68986088903145,4.68992444680433
Train,4.79793360765224,4.7979823255412
Train,4.90182736363478,4.90183460247889
Train,5.00198165120171,5.00189466394321
Train,2.13145586051408,2.13162067226611
Train,2.34790586645907,2.34786875411763
Train,2.55420283454264,2.55441303773503
Train,2.75104476816105,2.750781185325
Train,2.9388644598026,2.93908235139341
Train,3.11865577712709,3.11864886975335
Train,3.29073674887468,3.29062142042338
Train,3.45559295003958,3.45566464686661
Train,3.61367002049273,3.61353276842809
Train,3.76537768774906,3.76551875895192
Train,3.91093582569427,3.91086893879063
Train,4.05101357899951,4.05088587037997
Train,4.18576875207896,4.18577499454503
Train,4.31549905458074,4.31551585057994
Train,4.44048040000646,4.44035250844562
Train,4.56096886455336,4.56100172655377
Train,4.67707654705726,4.67701367572252
Train,4.78928103420043,4.7891614790681
Train,4.89765824893007,4.89764965387829
Train,5.00240072877263,5.00221255962632
Train,2.11609585494351,2.11712297597504
Train,2.35799736935475,2.35873172056407
Train,2.58453388305162,2.58479697897227
Train,2.79712425641571,2.79750216830533
Train,2.99701786962423,2.99771549815731
Train,3.18531919401391,3.1857185350348
Train,3.36300820905686,3.36348427203146
Train,3.53095746195695,3.5314897887404
Train,3.6899463967891,3.69038649815437
Train,3.84067344979145,3.84110448752134
Train,3.98360580835531,3.98407658098975
Train,4.11963797271371,4.11999495239823
Train,4.24911218798108,4.24932632203516
Train,4.37249151866849,4.37317606263631
Train,4.49019643512087,4.49061711622588
Train,4.60260960086398,4.6031859826874
Train,4.7100800284612,4.71067523814807
Train,4.81292669897145,4.81331073442951
Train,4.91144172407944,4.91172070413839
Train,5.00589311692319,5.00588250171521
Train,3.83902217308907,3.83896284691244
Train,3.91331960759849,3.91316517101612
Train,3.98596978649989,3.98602903262898
Train,4.05667613975288,4.05642008586099
Train,4.12585677430994,4.12602875861583
Train,4.19322625011142,4.19312118265614
Train,4.2591800775171,4.25928193625831
Train,4.32344344091015,4.32341024113365
Train,4.38639107183842,4.38620243321592
Train,4.44775828960431,4.44782411788427
Train,4.50790067311738,4.50797408318275
Train,4.56656320519221,4.56657744968496
Train,4.62408377132825,4.62363775327347
Train,4.68021656581554,4.68027948797342
Train,4.73528309397901,4.73535232433304
Train,4.78904632954425,4.78900956005626
Train,4.84181258278146,4.84190222283022
Train,4.89335319497542,4.89318941540504
Train,4.94396035365885,4.9439508989274
Train,4.99341337579618,4.99328726515185
Train,2.12932433413457,2.12840954291122
Train,2.36688147086949,2.36689905718621
Train,2.58984757480893,2.58944396809628
Train,2.79952688894545,2.79900700332317
Train,2.99707271127515,2.99605846871808
Train,3.18330224037153,3.18219756029092
Train,3.35955095901933,3.35827913532219
Train,3.52641499522416,3.52524206168553
Train,3.6846244673844,3.68336886223941
Train,3.83483567173847,3.83359450423112
Train,3.97764018252018,3.97652496468462
Train,4.11357263835793,4.112595059891
Train,4.24311743099134,4.24158539200679
Train,4.36671447269685,4.36546372812544
Train,4.48476418714616,4.48371854351379
Train,4.59750611052085,4.59639833702775
Train,4.70553093946844,4.70220990726037
Train,4.80901307310064,4.80796946782746
Train,4.90823315687631,4.90728494185558
Train,5.0034491851954,5.00193984905153
Train,2.12495028001534,2.12712780503742
Train,2.36374329707051,2.36618867293535
Train,2.58770839833069,2.58905485206586
Train,2.79818510973865,2.79998527004162
Train,2.99657923720489,2.99848942666384
Train,3.18348098598039,3.18692754167958
Train,3.36005944702231,3.36306446315965
Train,3.52714692575984,3.52812831980944
Train,3.68548859742229,3.68640816476207
Train,3.83575361782611,3.83730251232581
Train,3.97870591550919,3.97956611905491
Train,4.11455917615633,4.11517352411127
Train,4.24397555506753,4.24442225036572
Train,4.36740194524148,4.36770988825836
Train,4.48524480683546,4.48660743215831
Train,4.59787463874721,4.59863407829497
Train,4.70575202577669,4.7072819372518
Train,4.80893729039859,4.80912487620324
Train,4.9078420789771,4.90786074373708
Train,5.00272733223452,5.00242808308056
Train,3.80651519897803,3.80641039363062
Train,3.88807078252951,3.88798714284738
Train,3.96713069035404,3.96714676243963
Train,4.04364321071277,4.04376393476221
Train,4.11804840206236,4.1179524164584
Train,4.19027658152484,4.19028443425148
Train,4.26042191684389,4.26041696822748
Train,4.32857322192667,4.32851501770736
Train,4.39467203400802,4.39471166469983
Train,4.45908605583843,4.45914410668437
Train,4.52174380642785,4.52165262531733
Train,4.58271614777852,4.58274785452184
Train,4.6419425810658,4.64206916636275
Train,4.69974521040031,4.69954644330963
Train,4.75605328519805,4.75608147050324
Train,4.81092403082604,4.81093739835731
Train,4.86441178798037,4.86450857636763
Train,4.91645597281461,4.91645640885352
Train,4.96733286268282,4.96725060404814
Train,5.01697410883087,5.01689897261921
Train,3.80728206211371,3.80765597881353
Train,3.88842073279314,3.88858246981934
Train,3.96712075845751,3.96751604972477
Train,4.04349045262832,4.04418597290013
Train,4.11778959936226,4.11769468710944
Train,4.18979423712496,4.19006286334141
Train,4.25975752844971,4.26037838559958
Train,4.32776506890379,4.32797108162439
Train,4.39389773454921,4.3951598381648
Train,4.45823200279573,4.45847034066927
Train,4.52097365260648,4.52162661454011
Train,4.58192090706111,4.58256486017152
Train,4.64127577629868,4.64117801587807
Train,4.69909986258143,4.69943353910301
Train,4.75545163113625,4.75571589757991
Train,4.81038660733243,4.81054379170772
Train,4.86407182365417,4.86426255410723
Train,4.91632614568077,4.91656805424671
Train,4.96731447182039,4.96739660201664
Train,5.01708225944127,5.01701554594573
Train,2.122132055305,2.12542296970449
Train,2.36916131608526,2.37025352738809
Train,2.59930353707909,2.60201576150965
Train,2.81472191749938,2.81711308603943
Train,3.01632638848282,3.01739356929855
Train,3.20583532514127,3.20804303991852
Train,3.38389914390656,3.38675910255941
Train,3.55190698314483,3.55465029923315
Train,3.71050605209104,3.71222757380409
Train,3.86029396742171,3.86145446617982
Train,4.00230941877655,4.00409440960746
Train,4.13683382320392,4.14113848510559
Train,4.2647370996202,4.26727149702154
Train,4.38635685171037,4.38853621152183
Train,4.50201236869135,4.50353026481415
Train,4.61238469461506,4.61350583881384
Train,4.71758596168047,4.7180423930661
Train,4.81820196999331,4.81854925366887
Train,4.91430499582718,4.9143740587281
Train,5.00640340298282,5.00643554022489
Train,2.12283645584247,2.12262340382975
Train,2.36007090439505,2.35968934169458
Train,2.58286729539039,2.58226597100682
Train,2.79225542179532,2.7915107453994
Train,2.98988040521396,2.98897686996159
Train,3.17648371349875,3.17595261677005
Train,3.35296236216991,3.35194857240666
Train,3.52011859778538,3.51930749030388
Train,3.67848277949649,3.67787484688987
Train,3.82909036340494,3.82879248768976
Train,3.97232605035136,3.9720260063298
Train,4.10871816641636,4.10796614513336
Train,4.23859009636088,4.23810121601517
Train,4.36269545702973,4.36214538961602
Train,4.48126764986463,4.48091123174189
Train,4.59466864550904,4.59399679534207
Train,4.70322951570088,4.70280594816384
Train,4.80712884133085,4.80649408897105
Train,4.90689988168367,4.90635666540428
Train,5.00266867204802,5.00224317589553
Train,3.4258078853734,3.42336351869406
Train,3.46669307564727,3.46735029852087
Train,3.50726152086697,3.50688406283396
Train,3.54715024630265,3.5469779083326
Train,3.58655544907872,3.58724678078969
Train,3.62566418507938,3.62704952954326
Train,3.66412622032491,3.66346556451416
Train,3.70230445245403,3.70357466247177
Train,3.73985678163678,3.74019602307479
Train,3.77696732230424,3.77740812941582
Train,3.8138118482927,3.81353340115701
Train,3.85005993548612,3.85013208335684
Train,3.8858889841592,3.88273386020981
Train,3.92146848965713,3.92114908535976
Train,3.95647912068525,3.95739612723654
Train,3.99125052323192,3.99550054293312
Train,4.02547046154487,4.02434183870745
Train,4.0593059390152,4.05856160349166
Train,4.09291671518999,4.09279930799338
Train,4.12600075798107,4.12499885788955
Train,3.80635286570417,3.80676999831875
Train,3.88803823971042,3.8879529800436
Train,3.96720059662091,3.96751267299649
Train,4.04411655704676,4.0443309411169
Train,4.11856652379885,4.11850595503009
Train,4.19081884417673,4.19100493419345
Train,4.26096940951611,4.26102194809599
Train,4.32910861234492,4.32903794593247
Train,4.39546121217612,4.39552723988553
Train,4.45982492227979,4.46009138629259
Train,4.52241933920705,4.5223838624045
Train,4.58331642795063,4.58332786634517
Train,4.64270924600566,4.6426951440192
Train,4.70040914821605,4.70044562265346
Train,4.75660563733541,4.75673961723467
Train,4.81135671649584,4.81143015721708
Train,4.8647174429583,4.86480406926083
Train,4.91684987569653,4.91674566607643
Train,4.96758149327971,4.96758062181132
Train,5.01707213255279,5.0171456167557
Train,2.11989751072107,2.12035647339897
Train,2.35242041142136,2.35254622061283
Train,2.57161454849247,2.57155719044048
Train,2.77837437334599,2.77835984201764
Train,2.97414429498144,2.9741099757778
Train,3.15958043294359,3.15976020495535
Train,3.33547995637601,3.33557894623326
Train,3.50256009628174,3.50261109502415
Train,3.6612986784715,3.66142915328627
Train,3.81262745048163,3.81270496616733
Train,3.95689932860896,3.95694255228981
Train,4.09459669028098,4.09453518937179
Train,4.2260184974925,4.22603481988725
Train,4.3518527570029,4.35189755205309
Train,4.47231947569886,4.47245137778762
Train,4.58775491567232,4.58770671084884
Train,4.69846782566558,4.69861456255265
Train,4.80462850173758,4.80472793889593
Train,4.90673043199547,4.90681096259167
Train,5.00489673882123,5.00494383876165
Train,2.12610031651882,2.12677659476711
Train,2.35566929304389,2.35567870521871
Train,2.57269921923504,2.57283431519707
Train,2.77774545185462,2.77775937526556
Train,2.97219472666659,2.97223899894405
Train,3.1564477024956,3.15649701283499
Train,3.33166562328908,3.33145141436788
Train,3.4981351671716,3.49801038481772
Train,3.65666761488349,3.65652070811146
Train,3.80798179269646,3.80767950517137
Train,3.95224548285089,3.95219141422084
Train,4.09024016583838,4.09007379223138
Train,4.22207832124006,4.22182593740243
Train,4.34830030118167,4.34842386592598
Train,4.46938937073266,4.46909553614049
Train,4.58539909567401,4.58534770711802
Train,4.69688536710317,4.69655914431158
Train,4.80387390334524,4.80385444897937
Train,4.90685601471269,4.90674898451496
Train,5.00583615499794,5.00567660665209
Train,3.12498922093813,3.12594002415088
Train,3.25775809046625,3.25903717880672
Train,3.38561382311721,3.38700701476435
Train,3.5088241819059,3.50987046662729
Train,3.62763781977791,3.62925908654532
Train,3.74213332437832,3.74393997600081
Train,3.85283645428167,3.8543478050963
Train,3.95978980346664,3.96104210639558
Train,4.06318072007727,4.06500196594814
Train,4.163184276214,4.16498843828984
Train,4.2599642572173,4.26283084429113
Train,4.35367405680106,4.35618097857176
Train,4.44445748832653,4.4470737524064
Train,4.53244952124125,4.53468932726199
Train,4.61777695061478,4.62007258766633
Train,4.70044850677974,4.70227011805062
Train,4.7808006351125,4.78236732055328
Train,4.8588251926334,4.85920266854763
Train,4.93462187004641,4.93507306786731
Train,5.00828474513783,5.00871984041831
Train,4.42390794963588,4.42430747524148
Train,4.46697631783282,4.46699133811879
Train,4.50925459024382,4.50929352629126
Train,4.55076431089625,4.55102514366107
Train,4.59152624760039,4.59154253861587
Train,4.63143643314661,4.63149024055409
Train,4.67076435640498,4.67078009519563
Train,4.70940242199662,4.70956284903176
Train,4.74736862347034,4.74744519275217
Train,4.78468033400134,4.78465140462166
Train,4.82135433289893,4.82157748167473
Train,4.85740683076662,4.85744320765324
Train,4.89285349339383,4.89293104989
Train,4.9277094644531,4.92771822969033
Train,4.96198938707212,4.96191694392135
Train,4.99560291635719,4.99567635928932
Train,5.02877446304548,5.02870342178747
Train,5.06141104680405,5.06147628731222
Train,5.09352550526689,5.09350730753457
Train,5.12513026857055,5.12488069341296
Train,3.88016110686573,3.87990301973722
Train,3.95536563569093,3.95572827499953
Train,4.02833756226135,4.02805891139386
Train,4.09917485156568,4.09945151973469
Train,4.16781139556268,4.16762370375753
Train,4.23465558184553,4.23445776609541
Train,4.29962651764113,4.29974047587555
Train,4.36280185916166,4.36268782580399
Train,4.42425502877288,4.42454922143614
Train,4.48405549965283,4.48387345367181
Train,4.54213484531608,4.54214337569673
Train,4.59882732288789,4.59849849919218
Train,4.65405421051519,4.65435121259023
Train,4.70787161469405,4.70778690519754
Train,4.76033281414033,4.76037652000039
Train,4.81148843572382,4.81135306795139
Train,4.86127146244878,4.86112535361852
Train,4.90996078374859,4.91025027060485
Train,4.95748196854741,4.95739932468522
Train,5.00387655679908,5.00367753958224
Train,2.12769317906464,2.12660354446806
Train,2.36390161415898,2.36358122170739
Train,2.58562185762895,2.58552144631929
Train,2.79464475158075,2.79405494227493
Train,2.99179519351995,2.99156157891801
Train,3.17805677825856,3.17764597446902
Train,3.35409691643887,3.35406021120096
Train,3.52113335560815,3.52063836065307
Train,3.67964974095875,3.67939895589032
Train,3.83028173636688,3.83020959591912
Train,3.97343171348775,3.97322834633477
Train,4.10997046470525,4.10975335062202
Train,4.24018928780956,4.23989987841586
Train,4.36451705028823,4.36436079168587
Train,4.4832020946795,4.48302963100676
Train,4.59689276717836,4.59681143272272
Train,4.70576682712876,4.70557625249447
Train,4.81012401562257,4.81024198046024
Train,4.9101193604267,4.90986905310664
Train,5.0062517405904,5.00611556136235
Train,2.12650841334914,2.12631999130488
Train,2.36434938779084,2.36428576633287
Train,2.58759476286287,2.58692817231011
Train,2.79733935638551,2.79676884259632
Train,2.99516529710068,2.99455586168577
Train,3.18187422137519,3.18072785770008
Train,3.35837761522866,3.35809882938
Train,3.52548997165255,3.52469398922065
Train,3.68378321289555,3.68364389310253
Train,3.83423782109083,3.83398397943191
Train,3.97727881422506,3.9768357963151
Train,4.11344097288535,4.11325641737156
Train,4.243079010143,4.24301275729912
Train,4.36689858265792,4.36642116644024
Train,4.48516417688475,4.48500369656202
Train,4.59824128467914,4.59792996130662
Train,4.70646401692559,4.70625205884815
Train,4.81003440688476,4.8100020333043
Train,4.90944551216138,4.90932015663955
Train,5.00484702838629,5.00453067141305
Train,2.13783291267389,2.13733995235478
Train,2.37395814931301,2.37370943814702
Train,2.5960497672077,2.59614371812157
Train,2.80488507339801,2.80430348023609
Train,3.00182261398242,3.00155108756397
Train,3.1880461009014,3.18717616668099
Train,3.36403695641809,3.36370883788576
Train,3.53096607137094,3.5308955524927
Train,3.6891828863548,3.68884113091579
Train,3.83950998918753,3.83935594449239
Train,3.9826736898442,3.98251772122993
Train,4.11888698121908,4.11862376746675
Train,4.24878067232548,4.2485797677912
Train,4.37291532114759,4.37240833018976
Train,4.49141543921868,4.49124376212083
Train,4.60489522090665,4.60480661291175
Train,4.71343769892355,4.71335996858787
Train,4.81746794767962,4.81725303709053
Train,4.91736706323598,4.91715643646265
Train,5.01317359845264,5.01299357723863
Train,2.12973519737458,2.13103091033944
Train,2.34693223809566,2.3475797767135
Train,2.5537827245844,2.55449272704962
Train,2.75100877109727,2.75152807552903
Train,2.93926682188742,2.93992737451871
Train,3.11894251808914,3.11908219918795
Train,3.29101591273333,3.29158799734094
Train,3.45576441896453,3.45631632624671
Train,3.61364600247671,3.61424930109596
Train,3.76508123119673,3.76523905506136
Train,3.91045701631707,3.91107419271092
Train,4.05012991306222,4.05033934884367
Train,4.18442904047433,4.18481144566275
Train,4.31365867055238,4.31410002857982
Train,4.43810052961983,4.43834224623814
Train,4.55787365416001,4.55803444540314
Train,4.67351003348212,4.67373366160271
Train,4.78508771463573,4.78515477107092
Train,4.89281669543899,4.89280304354569
Train,4.99689273222612,4.99701109427795
Train,2.12944251813937,2.13013537473697
Train,2.36258742963163,2.36340945014334
Train,2.58217601405236,2.58240697333193
Train,2.78935722718863,2.79005682834785
Train,2.98494380580783,2.98535908102011
Train,3.17028002028445,3.17057450675591
Train,3.34596214273818,3.34624773816566
Train,3.51272534272185,3.51327111567324
Train,3.67123199237962,3.67135300680482
Train,3.82208045938805,3.82208099130029
Train,3.96565791946239,3.96623023197415
Train,4.10277285462389,4.1029160445726
Train,4.23371064372566,4.23408641786617
Train,4.35887951977772,4.35923333426425
Train,4.47865251894029,4.47883779332577
Train,4.59337119372083,4.59360727939591
Train,4.70323011432451,4.70367686541821
Train,4.80875949195975,4.80891612064105
Train,4.91010062783055,4.91031617961952
Train,5.00749800435924,5.00750762050692
Train,2.13127603328011,2.13062246508733
Train,2.36007196669116,2.35945729465701
Train,2.57639609124244,2.57553421440778
Train,2.7807862072374,2.78025880823796
Train,2.97441846338933,2.97326793115306
Train,3.15812042375489,3.15787588937045
Train,3.3328313478764,3.33230755677167
Train,3.49882509191766,3.49757344003254
Train,3.65691426441176,3.6565455523635
Train,3.80765035442331,3.8073968151405
Train,3.95169541278685,3.95158940586797
Train,4.08917776891722,4.08851894964417
Train,4.22068270555645,4.21998863099387
Train,4.34659175548018,4.34619786600186
Train,4.46738968179708,4.4666979134893
Train,4.58312216995324,4.58290051652537
Train,4.69422551729655,4.69351985546772
Train,4.80097201707506,4.80088278570864
Train,4.90372806329322,4.90344337712694
Train,5.00249164357716,5.00209182662028
Train,3.74212698727728,3.74188994247769
Train,3.82795253145181,3.82755348560412
Train,3.91111746774402,3.91121960039553
Train,3.99174362677898,3.99162472842389
Train,4.06980286768288,4.0697771173839
Train,4.14569239525475,4.14513022977579
Train,4.21936661936617,4.21929757576098
Train,4.29092114552115,4.29086655101517
Train,4.36044615586632,4.36063480945839
Train,4.42802678837315,4.42794740185153
Train,4.49362346226042,4.49337578261864
Train,4.55755553008452,4.5574958240434
Train,4.61977157804481,4.61996256942465
Train,4.68033978149179,4.68022778814728
Train,4.73932475161255,4.7392109125324
Train,4.79678776534111,4.79702808573737
Train,4.85268459388378,4.85249540608155
Train,4.90727779343434,4.90742363269627
Train,4.96051481179055,4.96053947723366
Train,5.01244556349468,5.01231744094938
Train,2.06775960739239,2.06834042950894
Train,2.33537302512907,2.33528329309437
Train,2.58183561670268,2.58179358175792
Train,2.80905400802637,2.80911575570306
Train,3.01943123996932,3.01946388267632
Train,3.21477277353868,3.21459092030662
Train,3.39683788380617,3.39690720515162
Train,3.56655596424399,3.56661121271853
Train,3.72531913927744,3.72518048346345
Train,3.87415491757298,3.87412436818366
Train,4.01412292998609,4.01417976448673
Train,4.14569727085948,4.14561176461237
Train,4.26975007183713,4.26974341208941
Train,4.38690837155735,4.38689733447635
Train,4.49785604627757,4.49799628731515
Train,4.60283765460804,4.60276353486941
Train,4.7024338187161,4.70257159031124
Train,4.79704857653756,4.7970501122293
Train,4.88714803790167,4.88726027420151
Train,4.97285429252283,4.97299675798812
Train,2.82556355354427,2.82586701034987
Train,2.98792999332475,2.98809336112416
Train,3.14289600246491,3.14312508389074
Train,3.29095625920367,3.29124727550905
Train,3.43256231402501,3.43280093386082
Train,3.56812718943482,3.56813216152321
Train,3.69802940332793,3.69832027870533
Train,3.82261649849118,3.82301322189986
Train,3.94220814754943,3.94235513708216
Train,4.05709889176424,4.05708761297527
Train,4.16769251188528,4.16785446875682
Train,4.27397143696865,4.27412752349872
Train,4.37630544764867,4.37658976214542
Train,4.47491018573962,4.47511484838859
Train,4.56998585740224,4.57013113764359
Train,4.66171858996953,4.66196384657477
Train,4.75028164812387,4.75040776586346
Train,4.83583652614616,4.83601867136557
Train,4.9185339307239,4.91870193037565
Train,4.99851466690141,4.99859172926179
Train,2.12618448920161,2.12603140108357
Train,2.36018367315486,2.36005529136699
Train,2.58041070802632,2.57958945685485
Train,2.78804668782429,2.78751514234708
Train,2.98435252379794,2.98323480381467
Train,3.16983096420754,3.16907469815877
Train,3.34554291288489,3.3449963109272
Train,3.5122399734953,3.51131409003236
Train,3.67059855665392,3.66970175121631
Train,3.82122905370021,3.82064941682282
Train,3.9648387757476,3.96389224083058
Train,4.10161128164104,4.10116239904554
Train,4.23216455446367,4.23149560788832
Train,4.35691335979793,4.35637305865774
Train,4.47623638388567,4.47554098367644
Train,4.59048007318574,4.58981244091072
Train,4.70008070678024,4.69957647465006
Train,4.80508769499449,4.80461666252475
Train,4.90589312878991,4.90510095326707
Train,5.00274423197138,5.00208970438351
Train,2.01551279585143,2.01570633893087
Train,2.29286043451065,2.29241732280596
Train,2.55001516212107,2.54999988880835
Train,2.78910480283114,2.7890184439714
Train,3.01217090119193,3.01212744085595
Train,3.22039290160047,3.22020163034566
Train,3.41538216713398,3.41540036252653
Train,3.59836128159368,3.59819187222118
Train,3.77040672102396,3.77036980059009
Train,3.93247004672183,3.93283969771827
Train,4.08553531602062,4.08553505994158
Train,4.23006702167173,4.23014342547347
Train,4.36688454474247,4.36689899603906
Train,4.49658943279684,4.49648696578177
Train,4.61972227348993,4.61979469464521
Train,4.73677022574812,4.73683583592018
Train,4.84827573278228,4.84827318209526
Train,4.95442820875158,4.95456101187691
Train,5.05569703774393,5.05560811538843
Train,5.15241165704906,5.15231132745638
Train,2.32873264544486,2.32899540918541
Train,2.38449831992033,2.38489229863288
Train,2.43938170270433,2.43973832403961
Train,2.49340356810746,2.49312624039547
Train,2.54636139325193,2.54630655023746
Train,2.59872341108727,2.59881046269973
Train,2.65028237206533,2.65004690801678
Train,2.70105660987561,2.70240429584763
Train,2.75106390434794,2.75083376942738
Train,2.80032150221081,2.80040022228448
Train,2.84864290857491,2.84852873117441
Train,2.89645380998679,2.89617156849661
Train,2.94356368479989,2.9445804453392
Train,2.98998783898982,2.98993013771204
Train,3.03574113617102,3.03575736902374
Train,3.08083801346312,3.08093958288035
Train,3.12510625537951,3.1250719354396
Train,3.16893459849484,3.16859669805516
Train,3.21214736769743,3.21302424955892
Train,3.25475744125418,3.25512228913093
Train,3.56004569290789,3.56004659951967
Train,3.63981717515835,3.63966453632409
Train,3.71704564595918,3.71714232289767
Train,3.79215805722753,3.79199203659326
Train,3.86509031487225,3.8651166483144
Train,3.93579079456096,3.93586387189524
Train,4.00464221717891,4.00455786105548
Train,4.07144130508955,4.07145397811499
Train,4.13654506296769,4.13656583634682
Train,4.19988691351634,4.19990052832535
Train,4.26141096190037,4.26119784090796
Train,4.32144029626708,4.32160572764068
Train,4.3799083869084,4.37993808069976
Train,4.4367584420021,4.43673558917024
Train,4.49228431814828,4.49231332729349
Train,4.54630912005329,4.54632223592151
Train,4.59910940874723,4.59899961562431
Train,4.6506202378172,4.65071695373288
Train,4.7007850239268,4.7007233930456
Train,4.74985715319459,4.74993031841248
Train,2.2572648626249,2.25956898640678
Train,2.34607341327384,2.34561510824668
Train,2.43309478178628,2.43314859027695
Train,2.51785910581673,2.51845035257819
Train,2.60096223625691,2.6005644107029
Train,2.68195242850527,2.68263228900858
Train,2.76139612129789,2.76332669489446
Train,2.8388587499106,2.83834820642031
Train,2.91464596919438,2.91475567356636
Train,2.98904011874727,2.9892720233004
Train,3.06163075024979,3.06231285749189
Train,3.13291980817609,3.13315866492875
Train,3.20251191030356,3.20246594403241
Train,3.27067613539832,3.27177506945398
Train,3.33766190039194,3.33738637568266
Train,3.40309500042276,3.40344315260544
Train,3.46742347237164,3.4674965181587
Train,3.53028636105219,3.53058223421638
Train,3.59211258131978,3.59239083902165
Train,3.65255377507985,3.65218918224517
Train,2.12990039761091,2.13000160010077
Train,2.35479666087574,2.35470545341039
Train,2.56764181330797,2.56769175795151
Train,2.76978336194458,2.76959820626897
Train,2.96181638017785,2.96177183545322
Train,3.14429765023518,3.14436201571906
Train,3.31827101272817,3.31820024392462
Train,3.48415131556952,3.48413853525952
Train,3.6423315689734,3.64236202303099
Train,3.79363932600679,3.79362416987377
Train,3.93836736880642,3.93836612520343
Train,4.07693574886826,4.0768813180878
Train,4.20959600713684,4.20968280298647
Train,4.3369741436038,4.33690278205566
Train,4.45925625469796,4.45919236365833
Train,4.57662389961421,4.57659185140463
Train,4.68959485291794,4.68963871805707
Train,4.7983019584441,4.79837232995149
Train,4.9028766539762,4.90272348372335
Train,5.00375340276404,5.003738954689
Train,2.12842946653502,2.12840574388636
Train,2.35910033691548,2.35918045034876
Train,2.57687133472544,2.57690097564435
Train,2.78239793936068,2.78259927012212
Train,2.97687224821104,2.97660987471707
Train,3.16134064482579,3.16153941671317
Train,3.33621728887425,3.33639690321823
Train,3.50255292155652,3.50232913782773
Train,3.66065175353165,3.66081707818037
Train,3.81125662124315,3.81126011151017
Train,3.95502734303515,3.95508171809732
Train,4.09215241056984,4.09226855855039
Train,4.22320927731757,4.22305119094043
Train,4.34871384122617,4.34859458559029
Train,4.46877805243446,4.46887314167933
Train,4.58397180285985,4.58413144661998
Train,4.69437060253124,4.69412486350874
Train,4.80037074780407,4.80044213783939
Train,4.90232916285204,4.90237732727499
Train,5.00028173544128,5.00010883653548
Train,2.12784567274977,2.12776875108492
Train,2.35484616147948,2.35423917474353
Train,2.56933435091723,2.56767318486189
Train,2.7727449088423,2.77200504256715
Train,2.96571083793611,2.9637990267477
Train,3.14901646046436,3.14851660922821
Train,3.32318559480437,3.32220527722919
Train,3.48923491637245,3.48859137674688
Train,3.64755187676198,3.6474236751931
Train,3.79866429193418,3.7989351066465
Train,3.94290038097987,3.94276085715345
Train,4.08101095571973,4.08117958019673
Train,4.21323798880881,4.21312950843665
Train,4.3399495995671,4.3401125235653
Train,4.46135511794328,4.46104025357298
Train,4.57802802580031,4.57817920467304
Train,4.69012076815346,4.69017360567185
Train,4.7978978547793,4.79798722563672
Train,4.90149381316999,4.9015002124909
Train,5.00135907815631,5.00126979958103
Train,2.4198740384319,2.41909601128671
Train,2.50139218192443,2.50170578072383
Train,2.58136051570873,2.58113304979296
Train,2.65937707085773,2.65786389968369
Train,2.73572919864248,2.7354510738335
Train,2.8106827113128,2.81067550173273
Train,2.88385745996966,2.88341109585261
Train,2.95572391030835,2.95584045762033
Train,3.02591557102342,3.02576547792367
Train,3.09468565130097,3.09498415594524
Train,3.16226916336365,3.16086408092477
Train,3.22831884874349,3.22786587505496
Train,3.29307031720138,3.29308562223403
Train,3.35674265710888,3.3561016860588
Train,3.41900646226232,3.41865860267379
Train,3.48025586699971,3.48041809217492
Train,3.54017266275737,3.5400552088943
Train,3.59896700316905,3.59914141540893
Train,3.65683488080912,3.65646661263262
Train,3.7134738918094,3.71243840698688
Train,2.42854043178117,2.42803560486599
Train,2.53900746604855,2.5394955333725
Train,2.64680584840788,2.64589617651316
Train,2.75158750287432,2.75219670342293
Train,2.85369247863248,2.85404166517791
Train,2.95343247890253,2.95279089528438
Train,3.05047765717715,3.05052178965369
Train,3.14533553120596,3.14558333907579
Train,3.23768791127301,3.23737239867868
Train,3.32782285607784,3.32801693649916
Train,3.4160054702483,3.4155478832802
Train,3.50193425021025,3.50202060474502
Train,3.58587160353833,3.58590053811739
Train,3.6680595687953,3.66738002471928
Train,3.74821236356141,3.7485572894914
Train,3.82673594672038,3.82639815551764
Train,3.9033544889321,3.90355276396102
Train,3.97829469540439,3.97782962112641
Train,4.05176640483454,4.05206833051878
Train,4.12350793647515,4.12255339354695
Train,3.74139660136355,3.74236983140534
Train,3.82753447976949,3.82756458126485
Train,3.91080843698549,3.9112888138591
Train,3.99166296106769,3.99165131868748
Train,4.07005395917321,4.07038789873721
Train,4.14594912086399,4.14598492081521
Train,4.21974341463277,4.21992425186571
Train,4.29125251104537,4.29166721227765
Train,4.36084287761804,4.36093956714857
Train,4.42846289161257,4.4287389185304
Train,4.49407113470028,4.49452363326808
Train,4.55799682903202,4.55804267785814
Train,4.62018625108409,4.62020405867614
Train,4.68059501580697,4.68068457985308
Train,4.73952057163948,4.73977700006461
Train,4.79679997804304,4.79693486084242
Train,4.85271203185112,4.85303585689352
Train,4.907201961366,4.90715933084383
Train,4.96022304544931,4.96019881424971
Train,5.01202926980227,5.01217000018758
Train,2.88911557643573,2.88951303908496
Train,3.05962748130459,3.0594943079889
Train,3.22047308152307,3.22026371796918
Train,3.3720631289335,3.37247790183418
Train,3.51554106395864,3.51540885968669
Train,3.65119283043496,3.65191948397504
Train,3.77997154483437,3.77988910264347
Train,3.90207275902964,3.90237463642214
Train,4.01830075138574,4.01845866800821
Train,4.12878494634839,4.12918435006239
Train,4.2342115099948,4.23422757791949
Train,4.33466110413301,4.33470106823032
Train,4.43072491929808,4.43082472563791
Train,4.52244744600113,4.52261118960112
Train,4.61034258453423,4.61042954024404
Train,4.69442789027478,4.69456879401358
Train,4.7751536771242,4.77538095696608
Train,4.85251740939255,4.85242832662724
Train,4.92691656631781,4.92692411387933
Train,4.99833363775753,4.99839523064682
Train,2.11698502778085,2.11589617478265
Train,2.34789472361745,2.3469413862297
Train,2.56563727722163,2.56547597986017
Train,2.77174753904404,2.77132367419498
Train,2.96671592425451,2.96652251192089
Train,3.15181768197495,3.15160171089181
Train,3.32740680896714,3.32700554681313
Train,3.4945559013555,3.49427723120269
Train,3.65351794601538,3.653283483651
Train,3.80520503511604,3.80498826830834
Train,3.94979465214421,3.94939684676891
Train,4.08807009533258,4.08777628179476
Train,4.2201519681196,4.21985752625577
Train,4.3467189871561,4.34634946641407
Train,4.46784863765661,4.46748228535242
Train,4.58413379296975,4.58384829463856
Train,4.69561909861594,4.69513996354025
Train,4.80282626612044,4.80250782340252
Train,4.90577485144478,4.90542767035029
Train,5.00492703790887,5.00440588322479
Train,2.0285747208774,2.02903202581755
Train,2.34161043339605,2.34145355716126
Train,2.62161281605078,2.62127246879052
Train,2.87402753936587,2.87290169862925
Train,3.10230512409291,3.10063926310639
Train,3.3101459755133,3.30935436646931
Train,3.49981375741039,3.49815388301457
Train,3.67392536081534,3.67341767732822
Train,3.83401158731738,3.83283146166312
Train,3.98198565608937,3.98058417513338
Train,4.11890814455753,4.11822859180055
Train,4.2462177259299,4.24534849886212
Train,4.36466349270322,4.36352038690191
Train,4.47535367181874,4.47309242629516
Train,4.57882541247595,4.57794511307682
Train,4.67595040343839,4.67544604833191
Train,4.76711825971212,4.76510119533876
Train,4.85302723982855,4.85218341157841
Train,4.93396224152703,4.93238663456239
Train,5.01049165501075,5.00860172349738
Train,3.83998478964401,3.8392526983337
Train,3.91735431805658,3.91741662961093
Train,3.99249765536527,3.99227371274563
Train,4.06565404850459,4.06547670955141
Train,4.13661985190469,4.13665944327321
Train,4.20562825988225,4.20563748360681
Train,4.27275915477953,4.27237768612057
Train,4.338088130555,4.33802417199721
Train,4.40181279025241,4.40177717592113
Train,4.46374568120263,4.46367600887268
Train,4.52408056070796,4.52410703259764
Train,4.58287848958547,4.58259363667119
Train,4.64031110479769,4.64051629586564
Train,4.69620341304164,4.6961034700328
Train,4.75072437417168,4.75068733661854
Train,4.80392384661809,4.80391553256439
Train,4.85584930079682,4.85572453074227
Train,4.90664655398535,4.90644137333973
Train,4.95615518841342,4.95618049957219
Train,5.00451933239256,5.00433122383791
Train,3.8413016720303,3.84129987730947
Train,3.91877116735842,3.91860819479578
Train,3.99385238120107,3.99377567565196
Train,4.06693453708367,4.06714720833068
Train,4.13795952610887,4.13793610238307
Train,4.20688026002873,4.20674643074406
Train,4.27404679753858,4.27413383133197
Train,4.33939923224341,4.33947179496707
Train,4.40288773185486,4.40258575637953
Train,4.4648288925544,4.46457721930008
Train,4.52516218105871,4.52519191281707
Train,4.58394940107347,4.5839791166475
Train,4.64113894360831,4.64100294680637
Train,4.69700986172568,4.69684990225895
Train,4.75150202410989,4.75125220950239
Train,4.80456347262778,4.80458985475369
Train,4.85644938898578,4.85643341160565
Train,4.90710056535766,4.90702889208868
Train,4.95646527679404,4.95604173715063
Train,5.004777820559,5.00426223360072
Train,2.53021971250433,2.53062647620053
Train,2.76895151406682,2.76903607743978
Train,2.98635448432316,2.98643919909617
Train,3.18553741246981,3.18561609999986
Train,3.36852679966304,3.36877731895609
Train,3.53706183927051,3.53725453836913
Train,3.69308345281889,3.69330102097254
Train,3.83766253096543,3.83781050447968
Train,3.97226711670387,3.97251127349981
Train,4.09777628737314,4.0979600051908
Train,4.21497087460185,4.21528363055794
Train,4.32485850597542,4.32505243934819
Train,4.42800401903014,4.42824527337169
Train,4.52491743115182,4.52500341547082
Train,4.61632041254969,4.61661129119992
Train,4.70250591207801,4.70284111756726
Train,4.78406325604814,4.78413007687439
Train,4.86128191328156,4.86139882520027
Train,4.93442940909931,4.93451018721342
Train,5.00395183231247,5.00370100423996
Train,2.1256789941219,2.12546438135567
Train,2.34147672774837,2.34154707546648
Train,2.54717971470107,2.5472182629276
Train,2.74388678450879,2.74396158262633
Train,2.93198044309296,2.93205749259167
Train,3.11201431559259,3.11214735339698
Train,3.28431688145789,3.28443146781891
Train,3.44971829454415,3.44987223545857
Train,3.60846017031838,3.60863564278069
Train,3.76093676996648,3.76111558897199
Train,3.90735972793643,3.90752893968264
Train,4.04837509909494,4.04854610036662
Train,4.18413580889384,4.18429734420741
Train,4.31493019219789,4.31515085273375
Train,4.44089482707496,4.44115706460096
Train,4.56254510741394,4.56274418755155
Train,4.67997665125368,4.68019015680719
Train,4.79340517192868,4.79372758271009
Train,4.90291785763055,4.90303178997081
Train,5.00893455248677,5.0088261322492
Train,2.12234235156832,2.1237086994336
Train,2.33432837449666,2.33403417373146
Train,2.53734969957332,2.53813676314556
Train,2.73155234538943,2.73162626383081
Train,2.9176952191061,2.91831395256694
Train,3.09645878478206,3.09703539305727
Train,3.26791011726104,3.26773122095281
Train,3.4326630441845,3.43376437126088
Train,3.59127041195518,3.59113310691854
Train,3.74374640473846,3.74345915090479
Train,3.89059522592537,3.89100984706264
Train,4.03212274015086,4.03232193908142
Train,4.16875781139799,4.16931860688445
Train,4.30047010063914,4.30019297593052
Train,4.42765571561123,4.42800972026842
Train,4.55067453693822,4.55075298135879
Train,4.66947550784439,4.66965343527798
Train,4.78439377206992,4.78429764249839
Train,4.89573479151293,4.89566405633767
Train,5.00343392980118,5.00339234589436
Train,2.12151842484861,2.12212788762943
Train,2.3483905995244,2.34917571194481
Train,2.56309847992403,2.56420132405427
Train,2.76659484975689,2.76699049760308
Train,2.95991426868961,2.96072777347243
Train,3.14346135033684,3.14411186192254
Train,3.31812044395086,3.31876005614712
Train,3.48452186933008,3.48467632515193
Train,3.64323772118086,3.6434722615052
Train,3.79478844046019,3.79517943986528
Train,3.9397830447989,3.93960546678526
Train,4.07838022499195,4.07838859466964
Train,4.21111745932066,4.21124297540181
Train,4.33835869524785,4.33864995118009
Train,4.46043835296429,4.46053368204983
Train,4.57766426031683,4.57755808713799
Train,4.69042514292907,4.69038565696636
Train,4.79876935204435,4.7988102547063
Train,4.90304843110461,4.90304156347364
Train,5.00348695564886,5.00350859081326
Train,1.50644750280794,1.50799209571804
Train,1.62208970787843,1.62261035747022
Train,1.73435267572872,1.73386970000527
Train,1.84338239289296,1.84291997163044
Train,1.94931655625397,1.94975453416945
Train,2.05253769994081,2.05269667117344
Train,2.15265661642001,2.15281277522107
Train,2.25004917866215,2.24967836589738
Train,2.34482525345006,2.34512959900556
Train,2.43708888258762,2.43736402295716
Train,2.52693866388988,2.52733565661427
Train,2.61446810265634,2.61383253821649
Train,2.6997659362613,2.70046309900889
Train,2.78291643422989,2.78299229548091
Train,2.86399967593308,2.86410052892123
Train,2.9432861327958,2.94291043966612
Train,3.02045492155443,3.0206939707098
Train,3.09577419901031,3.09583090601908
Train,3.16930966890538,3.1692169106357
Train,3.24112395924308,3.24107035311707
Train,2.11507480032924,2.11745119595097
Train,2.28057692284563,2.28155647954216
Train,2.43949489392366,2.44041393974865
Train,2.59249640756329,2.59370537436579
Train,2.73963347605055,2.74108885664853
Train,2.8814990106399,2.8819691303909
Train,3.0181182667804,3.01945095313957
Train,3.15002081423819,3.15146706830663
Train,3.2773288183394,3.27840842153481
Train,3.40016443968929,3.40108609680854
Train,3.51897912727278,3.52036978986533
Train,3.63375421639971,3.63513045703829
Train,3.74489804107146,3.7459508127179
Train,3.85248042892122,3.85382504458201
Train,3.95657330072061,3.95869305652403
Train,4.05753077339021,4.05776119720784
Train,4.15531078314181,4.15635707857681
Train,4.25023697135582,4.25026296573586
Train,4.34226146635304,4.34227850814594
Train,4.43168113773658,4.43203951201238
Train,-2.35092337062336,-2.3507143937347
Train,-2.12971461454833,-2.13026352999779
Train,-1.91459454437282,-1.91400757625862
Train,-1.70531518963749,-1.70468419925939
Train,-1.50164186480364,-1.50218586238381
Train,-1.30335229134357,-1.30272315600061
Train,-1.1102357885409,-1.11080254194141
Train,-0.922092526807722,-0.922354816462499
Train,-0.738732837955355,-0.738343993292543
Train,-0.55997657741414,-0.559610160085609
Train,-0.385243607971775,-0.385280841528325
Train,-0.21519891008935,-0.215531526849842
Train,-0.0492682992833693,-0.0490326224569035
Train,0.112695745142354,0.112280893892861
Train,0.270833774232827,0.271654658438168
Train,0.425279776180655,0.425179225403812
Train,0.576161554961111,0.576147881813344
Train,0.723601083052447,0.723914268015764
Train,0.867714830287349,0.867107739595925
Train,1.00861407069894,1.00857083941472
Train,2.82455408199376,2.82471288762125
Train,2.98964563638818,2.98972891691327
Train,3.14673665638075,3.14711245802417
Train,3.29673425362447,3.29699440694484
Train,3.43994580343475,3.43982229022029
Train,3.57666653071268,3.5771045425611
Train,3.7076246190961,3.707668529529
Train,3.83289215517622,3.83288575222494
Train,3.95310475024759,3.95340017728111
Train,4.06843118382072,4.06845538338192
Train,4.17903766857006,4.17911711032164
Train,4.28544974735908,4.28560523969307
Train,4.38778506079614,4.3878995855014
Train,4.48616150289017,4.48663624949066
Train,4.5810200400195,4.58131239865569
Train,4.67233784312079,4.67251407114626
Train,4.76051006172916,4.76059668046608
Train,4.84559943555379,4.84542530891148
Train,4.92767129396024,4.92759623709961
Train,5.00706408970801,5.0068877892011
Train,2.12639289157931,2.12580589625239
Train,2.34908337291617,2.34951206193026
Train,2.56031288618356,2.55968862327817
Train,2.76134265872727,2.7616258372839
Train,2.9527037789803,2.95259955495956
Train,3.13489622142483,3.13472641275101
Train,3.30890919060546,3.30857017464249
Train,3.47495058616417,3.47509724704676
Train,3.63387193050624,3.63397069846931
Train,3.78596994998897,3.78570549277018
Train,3.93152973800508,3.93150723789248
Train,4.07124221730126,4.07131460359622
Train,4.20531894425078,4.20474110709282
Train,4.33396576648384,4.33392951235536
Train,4.45775278579726,4.45767074799759
Train,4.57671242593098,4.57680483739776
Train,4.69135039128198,4.69086500102665
Train,4.80178752794454,4.80177757069422
Train,4.90814422853262,4.90818809698638
Train,5.01084765387236,5.01070135504077
Train,2.12007856582921,2.12080815834296
Train,2.34243320221836,2.34384342809452
Train,2.55358639444492,2.5541235835083
Train,2.75436378016118,2.75560575586522
Train,2.94551180118739,2.94600929302058
Train,3.1278793841406,3.1279059553165
Train,3.30172851121384,3.30146599786193
Train,3.46779950793909,3.46811500278662
Train,3.62660295094828,3.62615209079766
Train,3.77860568630502,3.77882435341261
Train,3.92423541322608,3.92414372707961
Train,4.06388470309687,4.06402490785357
Train,4.19791453331384,4.19776748669054
Train,4.32665740293744,4.32688490308309
Train,4.45042008677481,4.45021821603248
Train,4.56959925868044,4.56985435061168
Train,4.68422675243362,4.68421330266236
Train,4.79466334310539,4.7947868446029
Train,4.9011347404128,4.90099315148499
Train,5.00385073183236,5.00410621937434
Train,1.82145424255091,1.82178032704931
Train,1.9003363174597,1.90078182395908
Train,1.9776991889143,1.97773589200759
Train,2.05402941585559,2.054260594505
Train,2.12890966337589,2.12858927587175
Train,2.2028098984058,2.20336121643439
Train,2.27532513644714,2.27487237965059
Train,2.34690959879145,2.34697221258492
Train,2.41717012809494,2.41690135262278
Train,2.48654598917055,2.4870349163796
Train,2.55465535654564,2.55493223506736
Train,2.6219232752941,2.62204853770916
Train,2.68797878276292,2.6876639283403
Train,2.75323339291977,2.75306983438739
Train,2.81732656148809,2.8176963687113
Train,2.88065691574832,2.88080737701628
Train,2.94287390845139,2.94267051751038
Train,3.00436388391471,3.00431334487465
Train,3.06478589225009,3.06542462187307
Train,3.12451456102766,3.1241499737337
Train,1.81901523993668,1.81868622782011
Train,1.89812677768063,1.89804493882937
Train,1.97571171263014,1.9760296156276
Train,2.052270255216,2.05231608879356
Train,2.12737149670813,2.12720301835751
Train,2.20149866077354,2.20154277354257
Train,2.27423359221494,2.27403388690098
Train,2.346043390677,2.34593571914255
Train,2.41673337978685,2.4167049451028
Train,2.4861215404836,2.48590808537509
Train,2.55465226736227,2.55507357809646
Train,2.62193699294537,2.62162107221619
Train,2.68840590162665,2.68860127067845
Train,2.75387713510043,2.75344911862001
Train,2.81818016630319,2.8181768134057
Train,2.88172511531986,2.88156711602304
Train,2.94415004660397,2.94399759600882
Train,3.00585248984949,3.00610993231774
Train,3.06648041642699,3.06668883043702
Train,3.12641934376298,3.1255891362637
Train,-0.008591696,-0.00823562567867708
Train,-0.595243713,-0.595009173997565
Train,-1.172871245,-1.17273937558977
Train,-1.741680939,-1.74162110907829
Train,-2.301873179,-2.30171254279022
Train,-2.853642325,-2.85357804686984
Train,-3.397176934,-3.39710225040082
Train,-3.932659979,-3.93254890459113
Train,-4.460269049,-4.46036465491099
Train,-4.980176551,-4.98008345903119
Train,-5.492549894,-5.49309271027206
Train,-5.997551669,-5.99732572753029
Train,-6.495339825,-6.49551927092008
Train,-6.986067826,-6.98639255254576
Train,-7.469884819,-7.46937991401111
Train,-7.946935775,-7.94733002856421
Train,-8.417361639,-8.41757348437724
Train,-8.881299472,-8.88145204825898
Train,-9.338882575,-9.33900456021703
Train,-9.790240625,-9.78857617835794
Train,0.304775769,0.304133818641534
Train,-0.306968618,-0.306626259396322
Train,-0.895768706,-0.896127955671287
Train,-1.46289157,-1.46274505023368
Train,-2.009512672,-2.00897843207687
Train,-2.536723998,-2.53744485068065
Train,-3.045541335,-3.04427238337277
Train,-3.536910807,-3.53712871815125
Train,-4.011714742,-4.01168744832441
Train,-4.470776965,-4.46921002504288
Train,-4.914867564,-4.91528112507123
Train,-5.344707203,-5.34400667627389
Train,-5.760971024,-5.76008722489106
Train,-6.164292185,-6.16404897258664
Train,-6.555265073,-6.55373577484326
Train,-6.93444823,-6.9358507984177
Train,-7.30236701,-7.3009178736572
Train,-7.659516014,-7.65921269517613
Train,-8.0063613,-8.00622917215853
Train,-8.343342422,-8.34207858270721
