Dataset,log10(VaporPressure)[Pa],PredictedValues
Train,3.98175463770349,3.98151641712684
Train,4.04932305858101,4.04863148767254
Train,4.11477137842338,4.11490008115288
Train,4.17860035723072,4.17854689664455
Train,4.24067221089411,4.2408666183037
Train,4.30086758489531,4.30039493909135
Train,4.35964114957729,4.35950384213356
Train,4.4166798729731,4.41692136875281
Train,4.4724112241305,4.47203008837096
Train,4.52670703628025,4.52673209913337
Train,4.57945461972669,4.57930466817561
Train,4.63104506247912,4.63088628518744
Train,4.68135601189175,4.68152217821989
Train,4.73027910181263,4.73018919962124
Train,4.77817357460061,4.77799034307827
Train,4.82477472651115,4.82472975719429
Train,4.87042273192382,4.87036127644387
Train,4.9150046382442,4.91505146559211
Train,4.95841937623246,4.95804596742528
Train,5.00098128055359,5.00076208503742
Train,4.30010560133218,4.30095148256441
Train,4.34427184483812,4.34428270282297
Train,4.38778768455022,4.38800101048037
Train,4.43030624680307,4.4299208858647
Train,4.47203699184417,4.47255532127747
Train,4.51317506335072,4.51368488567823
Train,4.55339132856532,4.55308633037203
Train,4.59304985209152,4.5934349794843
Train,4.63183261108566,4.63208247767034
Train,4.66992863791146,4.66971592100526
Train,4.70751454903432,4.70773448645195
Train,4.74428797613294,4.74439957398863
Train,4.78042712158626,4.78060368978913
Train,4.81609875182695,4.81588610499966
Train,4.85101505180784,4.85120833949622
Train,4.88548978014872,4.88542394626347
Train,4.9192442673934,4.91921365891176
Train,4.9524406518283,4.95231909036011
Train,4.98523105115627,4.98524668758546
Train,5.01734972614166,5.01692941088913
Train,2.40723462755712,2.40703261834278
Train,2.56513503874003,2.56521702176906
Train,2.71499584705765,2.71473574114498
Train,2.85809116491507,2.85801023682143
Train,2.99422238692747,2.99427755195939
Train,3.1245013548171,3.12455566743665
Train,3.24870689808873,3.24846677982714
Train,3.36781737092902,3.3678778334579
Train,3.48186872181456,3.4818999375675
Train,3.59091739404102,3.59080453203933
Train,3.6957820955895,3.69581983255193
Train,3.79622041181391,3.7962490587488
Train,3.89296534689602,3.89298228606276
Train,3.98599522177954,3.9860366097455
Train,4.0753073026763,4.07538324327106
Train,4.16152919933199,4.161588848674
Train,4.24442277125436,4.24435235379133
Train,4.3245575718585,4.32452334709888
Train,4.40170049422835,4.40171309403013
Train,4.47637078102655,4.47594368767022
Train,4.10463697882894,4.1050915637752
Train,4.17074900920869,4.17073294550573
Train,4.23497660616162,4.23504804190816
Train,4.29770749095443,4.29767763209384
Train,4.35884230168902,4.3589280115375
Train,4.41844118701092,4.41839729862841
Train,4.47641816646144,4.47647773795688
Train,4.53311737727362,4.53305603913759
Train,4.58844379215196,4.58858915193559
Train,4.64244667175736,4.64238500419378
Train,4.695043011095,4.69509850318718
Train,4.74654044024681,4.7465989032753
Train,4.79684857287659,4.7968294407583
Train,4.84600813762163,4.845993898296
Train,4.89393954830248,4.89393353809282
Train,4.94091954065217,4.94087237518761
Train,4.98686243565959,4.98706729349578
Train,5.03180219976478,5.03177601922653
Train,5.07566286465291,5.07558565233921
Train,5.1186947810147,5.11876398762251
Train,2.12634095170165,2.12799052043556
Train,2.34917905981492,2.3496424921068
Train,2.56035803075609,2.56151940659402
Train,2.76139026157764,2.76344485773006
Train,2.95239751108316,2.9538807226163
Train,3.13467488148997,3.13578298482753
Train,3.3082685004719,3.30867348669562
Train,3.47429827157139,3.47575194455931
Train,3.63275550535709,3.63552036851252
Train,3.78461713835079,3.78582075325539
Train,3.92983478763237,3.93124394295955
Train,4.06926744332494,4.07004517611858
Train,4.20283811938457,4.2037346987745
Train,4.33130752773176,4.33212272287346
Train,4.45457827495476,4.45540274768427
Train,4.57332843424736,4.57391837718751
Train,4.68744629981927,4.68853380308792
Train,4.79753987412685,4.79785886658647
Train,4.90348769403999,4.90379079585909
Train,5.00583788977193,5.00585691063679
Train,2.88046290086084,2.88312151931677
Train,3.04228836074974,3.04473287301516
Train,3.19628974068213,3.19725615259813
Train,3.34302107544689,3.3434290057703
Train,3.4832325498699,3.48312828675262
Train,3.61687622512777,3.61771733551723
Train,3.74462833676121,3.74674741341005
Train,3.86687006926299,3.86762381885273
Train,3.98395041779922,3.98547674119982
Train,4.09618951576602,4.09626917084461
Train,4.20407234771843,4.20439208764947
Train,4.30748066459877,4.30897593946793
Train,4.40686293198251,4.40749870779473
Train,4.50244978259969,4.50232876971859
Train,4.59445456348642,4.59481739667899
Train,4.68307492563127,4.68329741590424
Train,4.76864591200637,4.7690016687302
Train,4.85102920804275,4.8509789405507
Train,4.93054057642846,4.93057858161046
Train,5.00732761990619,5.00761590750699
Train,4.27199914054099,4.27151161295842
Train,4.31623598492297,4.31581391300278
Train,4.35964691208702,4.35946121172674
Train,4.40207129247597,4.40239538338574
Train,4.44390164282583,4.44357678239612
Train,4.48497225214198,4.48516055150685
Train,4.52530363227296,4.52405835521495
Train,4.56491556326831,4.56496586316644
Train,4.60365943419434,4.60301225842341
Train,4.64189196601387,4.64152234767971
Train,4.67946023719595,4.67947889816423
Train,4.71638141017,4.71591488075501
Train,4.75251561722666,4.75179393932922
Train,4.78819439904288,4.78873241500332
Train,4.82327408468699,4.82261823672889
Train,4.85776963800905,4.85717410087818
Train,4.89169552863041,4.89154959692314
Train,4.9249218473152,4.92428614637174
Train,4.95775227308045,4.95792453196191
Train,4.99005362107623,4.98908836760165
Train,3.09879131504472,3.10369811380224
Train,3.20688447920261,3.20844157443207
Train,3.31154306993914,3.31298888297897
Train,3.41246156356073,3.41464818021268
Train,3.51006148459059,3.51381452048372
Train,3.60472197691417,3.60615106958358
Train,3.69615073797291,3.69674464881246
Train,3.78471441620538,3.7859650447499
Train,3.87074397403632,3.87222079650019
Train,3.95396123584687,3.95466957739336
Train,4.03468789935892,4.03834292426473
Train,4.11303412722585,4.11357005416721
Train,4.18927964615201,4.19042692078074
Train,4.26316533524953,4.26387506710671
Train,4.33496466732952,4.33514084682974
Train,4.40492634634553,4.405630629386
Train,4.47280519298641,4.47334107279676
Train,4.5388452472855,4.53896869883465
Train,4.60326908747275,4.60414596138071
Train,4.66584492516523,4.66612198069924
Train,3.96385879113756,3.96434242908799
Train,4.03116913998356,4.03161346583875
Train,4.09679254901116,4.09692421193176
Train,4.16097275339707,4.16096185036076
Train,4.22340271714688,4.22340729334974
Train,4.28432479424751,4.28444901771581
Train,4.34379296336818,4.34325086434546
Train,4.40185865715212,4.40200413237108
Train,4.45873151067894,4.45859614961591
Train,4.51413342027608,4.51441913992676
Train,4.56827343444891,4.56760308402227
Train,4.62119418122334,4.62140419176285
Train,4.6730829929364,4.67273030895012
Train,4.72368238792407,4.72364870754609
Train,4.77317952343501,4.77305757961585
Train,4.82161002889709,4.82146229605132
Train,4.86900801452666,4.86891511186332
Train,4.91553769119185,4.91533368422097
Train,4.96096455506777,4.9609801473016
Train,5.00545297515671,5.00529904846917
Train,2.12788403567532,2.12808010740991
Train,2.36819302921465,2.36789706370473
Train,2.59329395614837,2.59337657421929
Train,2.80429609638261,2.80401326898209
Train,3.00302950148803,3.00308596546893
Train,3.19027589677673,3.19020433094192
Train,3.36700325018103,3.36674555572608
Train,3.53407374488209,3.53413314491263
Train,3.69203973961787,3.6919370055075
Train,3.8420392282288,3.84196182877349
Train,3.98446298509171,3.98459384166927
Train,4.11987079334068,4.11943042948405
Train,4.24859041874655,4.24867759129847
Train,4.37144496325803,4.37141999185405
Train,4.4886637951177,4.48851720867242
Train,4.60062601017576,4.60060231078023
Train,4.70767744922746,4.7077046199629
Train,4.80999225329507,4.80994270773954
Train,4.90814993845898,4.90830024276511
Train,5.00226797724252,5.00209841674587
Train,2.45586800616354,2.45646952789684
Train,2.57251913549492,2.57272905596255
Train,2.68671202655411,2.68657388378051
Train,2.79803906105356,2.79797031841008
Train,2.90684243391766,2.9074432532725
Train,3.0132069963619,3.01321637364526
Train,3.11743988539512,3.1175682658868
Train,3.21916161152615,3.2195477607529
Train,3.31867748144247,3.31847136872602
Train,3.41605847717184,3.41618417229256
Train,3.51157982113161,3.51203497426104
Train,3.60488779021973,3.60461275091802
Train,3.69625650938333,3.69606042982559
Train,3.78574581293894,3.78606562744244
Train,3.87360380836359,3.87407514177903
Train,3.95950033618228,3.95943420663025
Train,4.04368293011242,4.04382905690363
Train,4.12620238181459,4.12657878397295
Train,4.20728356602196,4.2071892145359
Train,4.28661786079396,4.28705961852756
Train,2.12510320565132,2.12551543674635
Train,2.36450590744654,2.36456231823468
Train,2.5892783729484,2.5893059182381
Train,2.80015256765738,2.80029073101832
Train,2.99891425619126,2.99916651660897
Train,3.1860716610347,3.18612827377001
Train,3.3630898001018,3.36323518064819
Train,3.53031782869707,3.53053775859007
Train,3.68897477126427,3.68901091879525
Train,3.83929528336276,3.83941384271748
Train,3.98230653579164,3.98247446618188
Train,4.11815993437227,4.11826150178604
Train,4.24773075530079,4.2478337064058
Train,4.37110940301977,4.37093279586043
Train,4.48904925728639,4.48938524434561
Train,4.60159577372393,4.60046510242319
Train,4.70940330455624,4.70958039437028
Train,4.8124840750195,4.81167334538986
Train,4.91141108866208,4.91159488010453
Train,5.00617198264477,5.00545997052177
Train,4.41854245835269,4.41892728661333
Train,4.45312992100964,4.45342150818033
Train,4.48741672547849,4.48738305542065
Train,4.52110957024481,4.52103559440002
Train,4.55436901596237,4.55431886013321
Train,4.58734772379609,4.58740188386946
Train,4.61976325975854,4.61985798414389
Train,4.65176973147504,4.65170077276343
Train,4.68351379848467,4.68363394609696
Train,4.71472330752752,4.71456372272951
Train,4.74554629886374,4.74562541761043
Train,4.77598990861288,4.77600504743532
Train,4.80619333922419,4.806042785709
Train,4.83589729811518,4.8360469598374
Train,4.86524228622075,4.86520770984862
Train,4.89436228311218,4.89433614847439
Train,4.92300706156931,4.92314273968441
Train,4.95131184176319,4.95123239295935
Train,4.97940567258973,4.97938286016142
Train,5.00704692919741,5.00689610070185
Train,2.12870689177883,2.13051731708038
Train,2.35840003678672,2.35886579681028
Train,2.57506222723586,2.57528355650356
Train,2.78026925143138,2.78063516553084
Train,2.97443371611683,2.9771721181969
Train,3.15887135126489,3.15841860725413
Train,3.33386880351584,3.33493532230204
Train,3.50053789724489,3.50061252445084
Train,3.6592657938012,3.65954969179802
Train,3.81042252309549,3.81077124833973
Train,3.95488893636085,3.9552264196027
Train,4.09276268893165,4.0929303234916
Train,4.22480683422564,4.22579643007339
Train,4.351228887892,4.35166143242532
Train,4.47223250935706,4.47309405202395
Train,4.58844237165059,4.58902505411243
Train,4.69986492072681,4.70012390729607
Train,4.80705183205883,4.80743349037584
Train,4.90998781878905,4.91054699852975
Train,5.00916328085571,5.0090602008022
Train,2.12358485252895,2.12500992778223
Train,2.35687510462215,2.3568907273002
Train,2.57630097507879,2.5764213112634
Train,2.7835463975625,2.78402829759216
Train,2.97914002944791,2.97887007800091
Train,3.16447083208418,3.16529620756774
Train,3.33991431861208,3.3402924055772
Train,3.50663138991981,3.50661757757916
Train,3.66507127915407,3.66611104235199
Train,3.81565865143579,3.81547976077491
Train,3.95930000469031,3.95946355994965
Train,4.09614307690385,4.09644393919734
Train,4.22696645354881,4.22710269502932
Train,4.35201155667451,4.35226409608003
Train,4.47151224480521,4.47170583538536
Train,4.58609866651922,4.58614604657851
Train,4.69580904864332,4.69616371649317
Train,4.80119612694177,4.80121641054575
Train,4.90227187880251,4.90223059001801
Train,4.99952458775658,4.99961670575431
Train,3.54158992248062,3.54171635140665
Train,3.64932670739794,3.64871489061625
Train,3.75211986612313,3.75221281030463
Train,3.85070847423054,3.85088265869854
Train,3.94514966718438,3.94489945580062
Train,4.03551265646732,4.03542811704392
Train,4.12241475598331,4.12241330611869
Train,4.20587791784939,4.2059036301107
Train,4.28593634000573,4.28589143781574
Train,4.36311315704935,4.36324779351344
Train,4.43740690585964,4.43727377477262
Train,4.50897617693706,4.50893236295087
Train,4.57782520133718,4.57783900279901
Train,4.64438162176282,4.64433284513143
Train,4.70862447931945,4.70860626613648
Train,4.77054367453595,4.77059317977546
Train,4.83051144087317,4.83044217423594
Train,4.88849790715506,4.88844454730133
Train,4.94448323047384,4.94438641005036
Train,4.99879439946019,4.99861092923311
Train,2.96861348794602,2.96818123848789
Train,3.12006243081936,3.12003192185512
Train,3.26476624008512,3.26477322419669
Train,3.40266121368909,3.40265805092713
Train,3.53445711150059,3.53486028630869
Train,3.66054982043774,3.65897965978002
Train,3.78152260636192,3.78113099245456
Train,3.89725686105017,3.89721798710161
Train,4.00828840077774,4.00807966809589
Train,4.11489815131868,4.11455646708782
Train,4.21753284398514,4.21668242662417
Train,4.31604901785331,4.31525230359694
Train,4.41086311100029,4.41161865477989
Train,4.50217995229034,4.50025501542041
Train,4.59035105331564,4.58981118795054
Train,4.67522415541327,4.67499744263114
Train,4.75713090727361,4.75459591863182
Train,4.83622415071686,4.83642554912512
Train,4.91278683353426,4.91257328348365
Train,4.9866665259708,4.9850945341168
Train,3.73112152025016,3.73108228560523
Train,3.78505566398762,3.78486749510557
Train,3.83767877916289,3.83771020963104
Train,3.88948073095055,3.88943062534599
Train,3.94004384196557,3.93999030826308
Train,3.98983758678971,3.98986206909467
Train,4.03845933128003,4.03862828121783
Train,4.08635942430598,4.08604607766756
Train,4.13335100761955,4.1335615520984
Train,4.17926194807307,4.17909637302364
Train,4.22451603560118,4.22442709571624
Train,4.26874498367226,4.26880371203879
Train,4.31235618914258,4.31223140849397
Train,4.3551776152622,4.3552401683919
Train,4.39705010271392,4.39730136595244
Train,4.43835819269686,4.43793310668843
Train,4.47876383934296,4.47867650088301
Train,4.51863742212504,4.51880367894773
Train,4.55765197739223,4.55765880968829
Train,4.59616450056517,4.59556325546146
Train,3.37596356618039,3.37615739335888
Train,3.43385252019318,3.43378773576114
Train,3.49038089165988,3.49018388828699
Train,3.54607214981692,3.54603988884628
Train,3.60070894756255,3.60087794111314
Train,3.65409103245976,3.65419273415318
Train,3.70671106027392,3.70634005950706
Train,3.75814070601598,3.75830143694111
Train,3.80885360351466,3.80882604547878
Train,3.85864962627429,3.85860277196844
Train,3.9073436005585,3.90741320672532
Train,3.95538263564551,3.95545867132023
Train,4.0025760387495,4.00247564952224
Train,4.04874695189893,4.04873566497554
Train,4.09431815382023,4.09423549892017
Train,4.13891553375531,4.13912332131076
Train,4.18294676083556,4.18315756952143
Train,4.22623552293009,4.2259925037506
Train,4.26861771268798,4.26842446826413
Train,4.31047981209282,4.3104108116313
Train,3.80648744678725,3.80745896770168
Train,3.88817414648541,3.88815600401358
Train,3.9673419079164,3.96746529000666
Train,4.04410547507773,4.04431227258101
Train,4.11857272703358,4.1186102657739
Train,4.19084518374526,4.19075278479067
Train,4.2610184678258,4.26099393698678
Train,4.32918272663514,4.32910016594178
Train,4.39542301863376,4.39560150971374
Train,4.4598196674767,4.45939035956326
Train,4.52229338230476,4.52237697296368
Train,4.58323054925241,4.58320450315659
Train,4.64253958882269,4.64246371404079
Train,4.70028489160498,4.70031123353692
Train,4.75652749693512,4.75654068926451
Train,4.81132530811805,4.81129237230925
Train,4.86473329127436,4.86470387311419
Train,4.91680365924644,4.91676925203137
Train,4.96758604185765,4.96747153595425
Train,5.01712764369139,5.01707045593866
Train,3.95502014602191,3.95568286477283
Train,4.02500081959128,4.02513290134448
Train,4.09305442226825,4.09309794916408
Train,4.15907340829941,4.15939130573679
Train,4.2235091680474,4.2235481857424
Train,4.28624086887074,4.28646607495102
Train,4.34733522654095,4.34785291064691
Train,4.40685551903343,4.40655852419513
Train,4.46469864100186,4.46501206041648
Train,4.52125203507968,4.52161149578751
Train,4.57640252576081,4.57648391143448
Train,4.63020167561379,4.63041257275472
Train,4.68255079228133,4.68262759050413
Train,4.73379562519591,4.73378181059525
Train,4.78382929000936,4.78397706343094
Train,4.83269422403237,4.83262233385176
Train,4.88043090488689,4.88076924548295
Train,4.92694657720347,4.92682050421718
Train,4.9725438458373,4.9728293743392
Train,5.01712351890589,5.01675635156789
Train,4.29841779401732,4.29917522385949
Train,4.37576636230952,4.3761122232645
Train,4.45075305317021,4.45111756074766
Train,4.5231857571375,4.52298727700327
Train,4.5933367703075,4.59338296243004
Train,4.66131223366984,4.66119032611459
Train,4.72734756112364,4.72740244793022
Train,4.79126085126198,4.79118995253521
Train,4.85328020296701,4.85334395804603
Train,4.9134885715682,4.91342770829579
Train,4.97208470727067,4.97213601230033
Train,5.02889781816455,5.0289346034042
Train,5.08412163022613,5.08413648819624
Train,5.13782191247937,5.1377072446594
Train,5.19016865083657,5.19019406413281
Train,5.24100222806338,5.24089151087537
Train,5.29048916075971,5.29055713591879
Train,5.33868226082581,5.33850785751565
Train,5.38572856464135,5.38585999342467
Train,5.43147925079419,5.43135275898021
Train,3.80634689857586,3.80738222059517
Train,3.88818389374431,3.88869159876413
Train,3.96747550726277,3.96771709836685
Train,4.04433867437772,4.0445007806411
Train,4.11888327566754,4.11921981706473
Train,4.19121266114529,4.19170105137891
Train,4.26142412832175,4.26158736813886
Train,4.32960935887922,4.32989234343768
Train,4.39585481807703,4.39645335974274
Train,4.46024212054759,4.46014629664933
Train,4.52300872452169,4.52328094833865
Train,4.58390245932309,4.58417005273441
Train,4.64315717150108,4.643504269814
Train,4.70083815648239,4.70108680795965
Train,4.75700728682593,4.75724132946198
Train,4.81172323361019,4.81170991304316
Train,4.86504167085719,4.86529494096976
Train,4.91701546449018,4.91725050490277
Train,4.96769484717344,4.96757088752929
Train,5.01712758024944,5.01678857250226
Train,2.12720289941401,2.12790012670303
Train,2.36895047556817,2.36897960413262
Train,2.59548052387839,2.59562342081699
Train,2.80765710218812,2.80783416056147
Train,3.00729918255065,3.00720245022239
Train,3.19501675556925,3.19329841962463
Train,3.37228899382507,3.37250995017166
Train,3.53954566493507,3.53746596300334
Train,3.69780982440076,3.69702980962029
Train,3.847975427811,3.84706057726362
Train,3.99029174654648,3.98910245166189
Train,4.12569721510124,4.12422620204597
Train,4.25436026838331,4.25313985540561
Train,4.37692578806624,4.37545978409617
Train,4.49396396148388,4.49284278336563
Train,4.60555980148241,4.60435524986679
Train,4.71235215167378,4.71126407008342
Train,4.81438775880535,4.81320537673673
Train,4.91222314216942,4.91139091959849
Train,5.0058764458363,5.00370256377937
Train,2.12577628543865,2.12566791919744
Train,2.35910542133341,2.35927906045617
Train,2.57855324877811,2.57885089393312
Train,2.78578953414083,2.78567140182349
Train,2.98136385622422,2.98083294022581
Train,3.16665168472096,3.1663824903917
Train,3.34204667520501,3.3423865882869
Train,3.50869701698244,3.5087239604436
Train,3.66706131847468,3.66552642003808
Train,3.81757200684407,3.81795144357238
Train,3.96112407600752,3.96031123384455
Train,4.09787862599108,4.08755825440676
Train,4.22860351212244,4.22767502517308
Train,4.35354693058741,4.34770831375863
Train,4.4729484448728,4.47037844823717
Train,4.58742855121314,4.58650096669953
Train,4.69703584038648,4.69317260885873
Train,4.80231404988286,4.80135848426653
Train,4.90328461943615,4.90247302141506
Train,5.00042743712401,4.99945906957873
Train,2.1252327531892,2.13062972905755
Train,2.35262959634089,2.3605535980787
Train,2.56774878669824,2.57094091229737
Train,2.77155853240541,2.77470175773487
Train,2.96511758587159,2.97095457373143
Train,3.14881931227696,3.14826259326946
Train,3.32356945527173,3.3260257601105
Train,3.49000675358271,3.49082583870768
Train,3.64871058829585,3.64922673795445
Train,3.8002077213954,3.80044663139779
Train,3.94512068778491,3.94497903574666
Train,4.08359654600292,4.08360409682427
Train,4.21618537723349,4.21654282787858
Train,4.34325478055089,4.34332077656654
Train,4.46514237411475,4.46499086891708
Train,4.5821587906009,4.58221706804397
Train,4.69470132429505,4.6948404125942
Train,4.80280802993744,4.80286523570976
Train,4.90683873015391,4.9069429878291
Train,5.00701967939389,5.00694230304362
Train,2.12563825515184,2.1261794600141
Train,2.35957580661594,2.35997394156948
Train,2.58003484437923,2.58022856595562
Train,2.78760067177418,2.78886111764587
Train,2.98388817134336,2.98409830854143
Train,3.16930290688473,3.16943871066178
Train,3.34518694965435,3.34534892429656
Train,3.51181632770522,3.51284950714398
Train,3.67011147006798,3.67054620207637
Train,3.82088143765786,3.82079347792023
Train,3.96427068415346,3.96498424239689
Train,4.10116975320082,4.10178058109886
Train,4.23166360433955,4.23142546733652
Train,4.35635636626489,4.35673538899209
Train,4.47578455163636,4.47511024610139
Train,4.58997152137304,4.59018681626549
Train,4.69954497021306,4.69985843618633
Train,4.80450006980822,4.80469404135511
Train,4.90539009692318,4.90536918034195
Train,5.00218930263703,5.00149237141886
Train,2.12939867670262,2.1296661471315
Train,2.34317312485391,2.34343383651139
Train,2.54732380204281,2.54744184539595
Train,2.74248627156825,2.74254326512164
Train,2.9292413378717,2.92922921513673
Train,3.10812081958014,3.10800634755651
Train,3.27961260727194,3.27990643237354
Train,3.44416510726636,3.44403921805497
Train,3.60219115666688,3.6022128387558
Train,3.75407148162967,3.75414812900635
Train,3.89996118436959,3.90003768569295
Train,4.04058605359105,4.04024137464876
Train,4.17604326244209,4.17608520774229
Train,4.30661252207658,4.3068121727847
Train,4.43255371475526,4.43254528399484
Train,4.55410862035029,4.55398409366535
Train,4.67150246554501,4.6714914258846
Train,4.78494531661465,4.78502595890313
Train,4.89463333390844,4.89463095818428
Train,5.00074990379376,5.00052223770763
Train,4.29664048019049,4.29694856222341
Train,4.37365588780181,4.37362672523886
Train,4.44823768943357,4.44816096011346
Train,4.5203392141586,4.52045084150814
Train,4.59039238254246,4.59029575584645
Train,4.65833204598888,4.65846588608474
Train,4.7242524298127,4.72417770900938
Train,4.78824224028073,4.78826555567503
Train,4.85024711697362,4.85035103555856
Train,4.91062567773854,4.91056721297355
Train,4.96931032269479,4.96929948217803
Train,5.0263713497548,5.02643697363237
Train,5.08175191326154,5.08175074880637
Train,5.13576480681074,5.13572945254782
Train,5.18834283744974,5.18834893703024
Train,5.23954243180047,5.23949048694703
Train,5.28941709609736,5.28949176044625
Train,5.33790953720273,5.3379367868547
Train,5.38528680582464,5.38522806524998
Train,5.43148383603301,5.4314462570801
Train,4.29937141013488,4.2993067815114
Train,4.37682219789931,4.37677067442928
Train,4.45173384738423,4.45172172131061
Train,4.52422920908456,4.52429413394202
Train,4.59442333415318,4.59432825171098
Train,4.66242408367159,4.66246717444665
Train,4.72833268168494,4.72830627416261
Train,4.79224421796532,4.79228316737135
Train,4.85424810575537,4.85414141547153
Train,4.91442849912591,4.91442120871216
Train,4.97286467404463,4.97288872788704
Train,5.02963137678428,5.02965279795171
Train,5.08479914289027,5.08470931029296
Train,5.13843458956968,5.13846272398587
Train,5.19060068405011,5.1906060800211
Train,5.24135699018136,5.24132920887496
Train,5.29075989531044,5.29081859515281
Train,5.33886281924671,5.33882714712308
Train,5.38571640694519,5.38567167074143
Train,5.43136870636914,5.43137762088736
Train,3.80292719277638,3.80368311865459
Train,3.88437856516371,3.88446109271899
Train,3.96337632575466,3.96369388468156
Train,4.04002969703647,4.04003796140387
Train,4.11444151356633,4.1144547935437
Train,4.18687393367971,4.18708414135472
Train,4.25708319310227,4.25700678114299
Train,4.32532567877965,4.32552987476811
Train,4.39168289208522,4.39160172738411
Train,4.45623189261983,4.45636632201786
Train,4.51904559673657,4.51910940167363
Train,4.58019305230894,4.58036452793385
Train,4.63973969191895,4.63968102820581
Train,4.69774756641705,4.69786617899808
Train,4.7542755606066,4.75450754101257
Train,4.80950583020654,4.8093534727559
Train,4.86323591520112,4.8632527260379
Train,4.91564581305726,4.91564305531938
Train,4.96678359019412,4.96690735681113
Train,5.01669500762288,5.01642780457405
Train,3.80561764372524,3.80494758670466
Train,3.88720640513784,3.88687985060096
Train,3.96647764657886,3.96646551298909
Train,4.04316928642668,4.04292341224937
Train,4.11757872739867,4.11748587750481
Train,4.18997538778694,4.18953355558551
Train,4.26011091214848,4.26008062413166
Train,4.32824858438096,4.32788478671137
Train,4.3946276582346,4.39409238867665
Train,4.45901319711333,4.45909967955231
Train,4.52163988787521,4.52160708600059
Train,4.58257883023192,4.5820758378577
Train,4.64203636402681,4.64218718974007
Train,4.69979460762681,4.69968238770525
Train,4.7560568274691,4.75539051172018
Train,4.81100895772219,4.81092710508892
Train,4.8644451496216,4.86439492300269
Train,4.91654906803902,4.91625689802822
Train,4.96748914879306,4.96760432719748
Train,5.01707087650369,5.01671366953087
Train,4.29926837072573,4.29971358116018
Train,4.3765189847937,4.37709783923492
Train,4.45140841274446,4.45147753453421
Train,4.52376583722763,4.52414090341335
Train,4.59398556820681,4.59391545491235
Train,4.66190041917752,4.66205142714898
Train,4.72787398891343,4.72827277510441
Train,4.79174320336244,4.79146015829974
Train,4.85372563062882,4.85391623759278
Train,4.91401903176114,4.91432184835139
Train,4.97246704161038,4.97246876848294
Train,5.02937065399834,5.02937025441497
Train,5.08457816591872,5.08471050678054
Train,5.13826701551487,5.13837141035037
Train,5.19059925354224,5.19068481228896
Train,5.2414302435442,5.24120129135554
Train,5.29101341218977,5.29134545778288
Train,5.33920880350811,5.33915882485599
Train,5.38625396759431,5.38601213177026
Train,5.43201355690896,5.43216981942896
Train,2.12722064098751,2.12727464027921
Train,2.36648512160242,2.36617456637396
Train,2.59108522115809,2.59136897408098
Train,2.80176800019963,2.80208237046099
Train,3.00031560119314,3.00042286314056
Train,3.18724847838958,3.18707388635812
Train,3.36402723453242,3.36469821664286
Train,3.53101118752063,3.53082828670813
Train,3.6894145845325,3.69013327523862
Train,3.83948070424567,3.83973114526816
Train,3.98223183490613,3.98258507979335
Train,4.11782682944623,4.11787981117595
Train,4.2471361282419,4.24760582693489
Train,4.37025666284832,4.37044520721247
Train,4.48793711199598,4.48815141861996
Train,4.6002287231584,4.60034844193797
Train,4.70778133097119,4.70790765184574
Train,4.81061235358852,4.81087157317234
Train,4.90929048465327,4.90917765963968
Train,5.00380805803415,5.00400348401672
Train,1.39319080042102,1.39288167642371
Train,1.50113012877037,1.50097289271071
Train,1.6063474017394,1.60630322681027
Train,1.7089443058975,1.70872862752731
Train,1.80939333433093,1.80945404375962
Train,1.90702577795434,1.90631340742766
Train,2.00231441553937,2.00277627997639
Train,2.09534264564486,2.09611920751559
Train,2.18618995650004,2.1864683281201
Train,2.27493215252998,2.27472840010887
Train,2.36196746862453,2.36213164259607
Train,2.44670581466237,2.44637187823537
Train,2.52954664049928,2.52960359143981
Train,2.61055297632279,2.61071564472149
Train,2.68978509131488,2.69022241349012
Train,2.76730064319489,2.76689708851336
Train,2.84344013462197,2.84326932562544
Train,2.91767976021737,2.91791138873668
Train,2.99036167092162,2.99050714827899
Train,3.06153438429168,3.06135875332984
Train,1.56109793891969,1.5621606854038
Train,1.6656878982115,1.66532203969473
Train,1.7675620934572,1.7676969287204
Train,1.86682494454299,1.86685439552821
Train,1.96393878639749,1.96436908088072
Train,2.05826237692066,2.05873317290025
Train,2.15025779863353,2.1497524864244
Train,2.24001019922683,2.24002458282848
Train,2.32760062427873,2.32772845084401
Train,2.41310626134646,2.41397038094874
Train,2.49691438833093,2.49659068011533
Train,2.57846044761871,2.57857559252807
Train,2.65813257280663,2.65907607753616
Train,2.73599462483371,2.73617882424878
Train,2.81210759551406,2.81201481620519
Train,2.88652976687614,2.8874523387567
Train,2.95959056535686,2.95935652409753
Train,3.03078996389235,3.03059452837988
Train,3.10045878079482,3.10075919958763
Train,3.16864584584779,3.16867571283001
Train,0.344694174001131,0.345120461428451
Train,0.552936784146457,0.55335740600276
Train,0.752101096541526,0.751411925815773
Train,0.943651842395905,0.943781895504799
Train,1.12759071777016,1.12808765810405
Train,1.30436260562312,1.30433923459714
Train,1.47398504689747,1.47326330748911
Train,1.63763938489299,1.63796667992574
Train,1.79526894815214,1.79531017832414
Train,1.94720041775546,1.94744848845221
Train,2.0933977916145,2.09329031604648
Train,2.23483408583172,2.2347849877915
Train,2.37142042321581,2.37177036270077
Train,2.50340206172452,2.5030105845799
Train,2.63071201679654,2.63104384556573
Train,2.7541658816878,2.75375081871607
Train,2.87365796546413,2.87384652471155
Train,2.98937596382693,2.98984343427946
Train,3.10123556800639,3.10088357746281
Train,3.20993059716851,3.21024024715007
Train,2.12448753889449,2.12656472261733
Train,2.37622797953964,2.37700732184021
Train,2.61047112295244,2.61074326737071
Train,2.82839227543483,2.82983379544748
Train,3.03191388259147,3.03152532625245
Train,3.22267470115968,3.22250809385878
Train,3.40135497169036,3.40184229784063
Train,3.56952092643052,3.56891389878729
Train,3.72764548591893,3.72771229476348
Train,3.87680367195223,3.87657611478062
Train,4.01792824162725,4.01777818541814
Train,4.15128883999401,4.15116216113165
Train,4.27768033745126,4.27702078818402
Train,4.39779814126922,4.39713573303379
Train,4.51178767973404,4.51196247239932
Train,4.62040118807866,4.61973670187945
Train,4.72372854541256,4.7234286228595
Train,4.82228049245842,4.82204588642708
Train,4.91650887796888,4.91639881048468
Train,5.00644653975295,5.00619982469289
Train,2.12456826023267,2.12479754844026
Train,2.3749758235058,2.3749483789943
Train,2.60820303671835,2.60831483074071
Train,2.82539770045133,2.82534400443546
Train,3.0286826549981,3.02875933475661
Train,3.21885977897169,3.21874302498691
Train,3.39761953264523,3.39773793677523
Train,3.56552411775455,3.56543678324306
Train,3.72373817524218,3.72383675700257
Train,3.87327114474478,3.87318243641857
Train,4.01445090612998,4.01444903027004
Train,4.14830597617044,4.14823568748034
Train,4.27506151192992,4.27503459882428
Train,4.3954242957991,4.3954573624469
Train,4.51001527665339,4.51003956697605
Train,4.61895534132228,4.61886986071841
Train,4.72292328045329,4.72297835690915
Train,4.82199282961842,4.82194126191462
Train,4.91674931430864,4.91673533642461
Train,5.00723153652459,5.00718400650294
Train,4.29777857691016,4.29714029727984
Train,4.3428579851726,4.34289970204554
Train,4.3871174397523,4.38609378082037
Train,4.43043972127265,4.42593807488811
Train,4.47312746448745,4.47243558536138
Train,4.51505935637664,4.51408742672356
Train,4.55625529601209,4.55735454737078
Train,4.59673449003953,4.59668719743422
Train,4.63638784818747,4.63613103005628
Train,4.67549072235413,4.67456974013476
Train,4.71393055226305,4.71441370388129
Train,4.75172406041017,4.75055218443231
Train,4.78876814134699,4.78914521629849
Train,4.82531893001252,4.82542343533714
Train,4.86127026145525,4.86111663275733
Train,4.8966367629717,4.89424605119348
Train,4.93143258980558,4.93139032300678
Train,4.96556152266146,4.96505624505153
Train,4.99925840982208,4.99826268335164
Train,5.03242439924131,5.03109461299391
Train,4.11319932305378,4.11367973479355
Train,4.17075527596145,4.17090681285845
Train,4.22703769537236,4.22724480337274
Train,4.28208838774211,4.28217989113182
Train,4.33594734948429,4.33601667909898
Train,4.3886528638804,4.38885594021485
Train,4.44024159182955,4.4404383631263
Train,4.49074865688979,4.49094273792434
Train,4.54020772502586,4.54028621456382
Train,4.58865107944364,4.58886429309496
Train,4.63623981531012,4.6365268012305
Train,4.68274080267558,4.6829206030452
Train,4.72831538864822,4.7283576109985
Train,4.77299098409923,4.7730783611587
Train,4.8167939290642,4.81676377150143
Train,4.85974954452899,4.85993990127827
Train,4.90188218123922,4.90176462531235
Train,4.94321526573096,4.94341671817892
Train,4.98377134376546,4.98372593552631
Train,5.02357212133719,5.02336658412241
Train,5.34085887621603,5.34090849403583
Train,5.36721410677892,5.3673088315627
Train,5.39309427560669,5.39284496145046
Train,5.41869783892018,5.4187578956662
Train,5.44393691019073,5.44390760020906
Train,5.46872871561533,5.46884665677862
Train,5.49326303674949,5.49324474409514
Train,5.51736737991601,5.51736036745933
Train,5.54122606221557,5.54131331510871
Train,5.56475674883235,5.56484093160543
Train,5.58788171936932,5.58770267677755
Train,5.61077752604846,5.61078215874659
Train,5.63336492605065,5.63342574028866
Train,5.65556902245966,5.65569293943554
Train,5.6775590877445,5.67752194895729
Train,5.69917984269011,5.69909281825312
Train,5.7205959589905,5.72072198226306
Train,5.74173298466496,5.74154920096407
Train,5.76252041036768,5.76249626418576
Train,5.78311634976733,5.78320088125838
Train,4.29084151725906,4.29066695932124
Train,4.33470010483652,4.33442751988332
Train,4.37773721269599,4.37810505993548
Train,4.41997570640715,4.4196924769858
Train,4.46143761073512,4.46176839396503
Train,4.50214414793565,4.50226276795365
Train,4.54211577397613,4.54170486541989
Train,4.58137221281241,4.58164741184737
Train,4.61993248884198,4.61939022409206
Train,4.65781495764588,4.65801794857543
Train,4.69503733512348,4.69482136146689
Train,4.73161672511755,4.73183072329994
Train,4.76756964561985,4.76740469221113
Train,4.80291205364186,4.80273594671598
Train,4.8376593688291,4.83776471960664
Train,4.87182649589264,4.87194524051301
Train,4.90542784592618,4.90544659308944
Train,4.93847735667297,4.938333246002
Train,4.97098851180219,4.97097220945216
Train,5.00297435925108,5.00257123562187
Train,2.12575379185299,2.12590831036505
Train,2.36184053442118,2.35977674477908
Train,2.58347892805492,2.58323650453531
Train,2.7924929982796,2.79185329912434
Train,2.9896772068128,2.98886663618032
Train,3.17600824102762,3.17484327257989
Train,3.35213082445846,3.35145287995329
Train,3.51929238149203,3.51874234746356
Train,3.6779546371834,3.67772367750149
Train,3.82874973914072,3.82811150123598
Train,3.97206318977672,3.96965292970708
Train,4.10879162028897,4.10768042996278
Train,4.23920961072463,4.23862117847239
Train,4.36374417654053,4.3634221629618
Train,4.48263045988161,4.48227342349855
Train,4.5965391637794,4.5961374672188
Train,4.70563476099865,4.70500844901835
Train,4.81021599991231,4.80933919228119
Train,4.91042719373235,4.90979793819861
Train,5.00678659759685,5.00597067093258
Train,2.12996243104071,2.13052379218425
Train,2.36380029922344,2.36357919051079
Train,2.58364577230244,2.58378290813198
Train,2.79111200653752,2.79099461225996
Train,2.98702950983806,2.98710561727057
Train,3.17216022997999,3.17221992392297
Train,3.34770506440688,3.34769324137596
Train,3.51407231242874,3.5141584155208
Train,3.67226467345,3.67234264094805
Train,3.82272654759459,3.82271147185747
Train,3.96587434985148,3.96607322887576
Train,4.10248942550304,4.10229745895049
Train,4.23288425011461,4.23295299926394
Train,4.35735511051347,4.35745009705352
Train,4.47652448724171,4.47646692967828
Train,4.59050556296247,4.590587368868
Train,4.69983909093505,4.69991943202695
Train,4.80470308896046,4.80459048504781
Train,4.90526970660568,4.90540892121498
Train,5.0019830391867,5.0020162071487
Train,2.8140817237395,2.81360403652434
Train,2.97068681228013,2.97063358110609
Train,3.1209826968802,3.1209665209426
Train,3.26579719494306,3.26559029006967
Train,3.40520539118592,3.40465353675609
Train,3.53950448495652,3.53944945599505
Train,3.66876686011091,3.66815271510859
Train,3.7936627984433,3.79365296875039
Train,3.91421987871646,3.91424449563783
Train,4.03066033720511,4.03034635458971
Train,4.1430144555583,4.14268973376966
Train,4.25183571848964,4.25207684388442
Train,4.35712206066402,4.35693308886403
Train,4.45904297040337,4.4588561334167
Train,4.55760180901993,4.55758351920304
Train,4.65326326365141,4.65299190997393
Train,4.74600677289787,4.74627158591102
Train,4.83596383955697,4.83463620021212
Train,4.92312057439473,4.92285900000934
Train,5.00787267668211,5.00732525812782
Train,2.75198417435638,2.75153908352513
Train,2.93176011806198,2.93156824943799
Train,3.10151818265004,3.10159283973917
Train,3.26186363350618,3.26215300837794
Train,3.4139548263443,3.41397443988171
Train,3.55822434517798,3.55805155533017
Train,3.69526043797068,3.69461884961129
Train,3.82559380780036,3.82587629466798
Train,3.94954207967051,3.94969488566858
Train,4.06787280033881,4.06659505407151
Train,4.18081116729331,4.18087872907199
Train,4.28871756503328,4.28879950756891
Train,4.39178563246932,4.39185951674153
Train,4.4905926500313,4.49005645569559
Train,4.58527299341893,4.58538279711865
Train,4.6760799001637,4.67610623063592
Train,4.76324630290442,4.76303644567815
Train,4.84687677479604,4.84689794486985
Train,4.92739369372744,4.92711748793226
Train,5.00486566914305,5.0046745820473
Train,3.8417176507736,3.84132972793304
Train,3.91584784032434,3.91554548212662
Train,3.98835474569483,3.9890465435783
Train,4.05893737521305,4.05853991695039
Train,4.12784305434423,4.127333039527
Train,4.19513084467693,4.19570646035936
Train,4.2610215263498,4.26106325249202
Train,4.32523616459041,4.3252290506498
Train,4.38799439595774,4.38756817985995
Train,4.44934521247906,4.4495265471196
Train,4.50948561884176,4.50970232441978
Train,4.56815673274474,4.56775138706143
Train,4.62555494466262,4.62555954250638
Train,4.68172123451424,4.68195071750233
Train,4.73683253413611,4.73682770823871
Train,4.79064817149392,4.79062951030937
Train,4.84334483339475,4.84332968287708
Train,4.89495706061632,4.8942556317088
Train,4.94564468222251,4.94563065292095
Train,4.99518356304237,4.99525767004525
Train,3.98253890065541,3.98233611749674
Train,4.08761369672928,4.08763246163653
Train,4.18854649511616,4.18856486928416
Train,4.28521546873796,4.28490220457388
Train,4.37823206549898,4.37818142073229
Train,4.46746501188722,4.46761908152257
Train,4.55346149080236,4.55337357246754
Train,4.63608455940227,4.63600576886529
Train,4.7156775834943,4.71554470404226
Train,4.79254802685745,4.79255929825013
Train,4.866555381053,4.8663905209105
Train,4.93812420924155,4.93816958763637
Train,5.00711390613794,5.00683843738807
Train,5.07378616767312,5.07378740836066
Train,5.13837683026624,5.1384308083725
Train,5.20074737278202,5.20059542789386
Train,5.26123676121662,5.26141860685311
Train,5.31970887196367,5.31959081360401
Train,5.37647556806557,5.37645298077041
Train,5.43140365366362,5.43104967669206
Train,2.57541751153218,2.57546062141409
Train,2.66773351037141,2.66719840149744
Train,2.75724372216523,2.75715827914246
Train,2.84457538205123,2.84485642290383
Train,2.92956155818734,2.92978403345478
Train,3.0120574683691,3.01240193197373
Train,3.09263369745496,3.09254402615261
Train,3.17112960087315,3.17117196663821
Train,3.24740453320948,3.2477493556471
Train,3.32197990350572,3.32207039933201
Train,3.39470159682592,3.3946987629497
Train,3.46563787842457,3.46539765333
Train,3.53465434688069,3.53487998473793
Train,3.60221630237717,3.6027951989272
Train,3.66817838554342,3.66738144488772
Train,3.73241114170206,3.73243446060224
Train,3.79534363890809,3.7954496853672
Train,3.85683695974665,3.85654098168015
Train,3.91676666194235,3.91667636489001
Train,3.9755297286727,3.97516020910916
Train,3.80579671084509,3.80600249267809
Train,3.88761316313648,3.88780795167622
Train,3.96672438214273,3.96659848306081
Train,4.04359978103431,4.04350466631877
Train,4.11816832579792,4.1184671988085
Train,4.19037317230911,4.19038476102287
Train,4.26063355140795,4.26080717730656
Train,4.32872618057114,4.32898265088443
Train,4.39504124743278,4.39469433946942
Train,4.45950510390379,4.45975107603226
Train,4.52205618977385,4.52194356505061
Train,4.58304654219205,4.58356434258167
Train,4.64240270334928,4.64248258676162
Train,4.70006219848319,4.70002046986338
Train,4.75634433085773,4.7564774187631
Train,4.81105583117705,4.81105567021586
Train,4.86449670167471,4.86457386529219
Train,4.9165954840518,4.91667803749078
Train,4.96729010380623,4.96720532284598
Train,5.01685478030241,5.01695335129625
Train,3.98188350097481,3.98244343632541
Train,4.08680313198991,4.08762173237483
Train,4.18743392569821,4.18754108563371
Train,4.28403358940905,4.2852109536434
Train,4.37683958905783,4.37736862391466
Train,4.46621432301762,4.46646465880985
Train,4.55206859007462,4.55255438533277
Train,4.6347388523018,4.6351025584263
Train,4.71439900882862,4.71471291865964
Train,4.79121052153352,4.79139709212905
Train,4.86532350740154,4.8656649826371
Train,4.93687771773986,4.93720719949488
Train,5.00600341769128,5.00592896261514
Train,5.07282217769136,5.07290328370073
Train,5.13744758698589,5.13736923471879
Train,5.20008659660723,5.19973099348499
Train,5.26063413302367,5.26062433202605
Train,5.31928749055971,5.31953795584195
Train,5.3761341869516,5.3754571497775
Train,5.43125643020805,5.43102815195016
Train,3.80668383142648,3.80615023035352
Train,3.88882324463649,3.88859408855569
Train,3.96818513953141,3.96801807837619
Train,4.0452662335182,4.0451987094857
Train,4.11998889692586,4.1196240831523
Train,4.19229098888572,4.19206963818942
Train,4.26261526232672,4.26242259628998
Train,4.33088218963967,4.33070027097347
Train,4.39702627130198,4.39674616052798
Train,4.46144474884924,4.46118952733013
Train,4.52405781885642,4.52400166473672
Train,4.58494033062171,4.58466519156718
Train,4.64402494988882,4.64402091720694
Train,4.7016585324601,4.70112933197743
Train,4.75776254791856,4.75766927187215
Train,4.81226961763522,4.81221785918751
Train,4.86549494651916,4.86512630606376
Train,4.91736174083572,4.91737529061356
Train,4.96780333482289,4.96738471434946
Train,5.01710749632245,5.01672790051452
Train,3.8065923949056,3.80679358589623
Train,3.8886064197217,3.88832931114666
Train,3.96786976195571,3.96800529435131
Train,4.0448689179732,4.0444549490494
Train,4.11935854780802,4.11927649703648
Train,4.19178912752817,4.19197000186978
Train,4.26192366820588,4.26119843786728
Train,4.33018053607644,4.33046355065744
Train,4.39633105603756,4.39615531638265
Train,4.46076484849178,4.46047648137392
Train,4.52326142725459,4.52327778715699
Train,4.58418457612679,4.58405791796758
Train,4.64332181158807,4.64310215905425
Train,4.70101360927798,4.70100887054286
Train,4.75705526032968,4.75720690789603
Train,4.81176613996812,4.81121472192899
Train,4.86494905877313,4.86470425740845
Train,4.91690422774519,4.91682098603997
Train,4.96744170531372,4.96736687569137
Train,5.01684424331222,5.01660631148843
Train,3.80598169005923,3.80641837284566
Train,3.88779166806166,3.88777423346983
Train,3.96724349491768,3.96741672119606
Train,4.04408185478775,4.04429717353196
Train,4.11860531520063,4.11843364882225
Train,4.19091693476019,4.19131962265601
Train,4.26127611010044,4.26107612300984
Train,4.32944489962584,4.32960530549826
Train,4.3956767528864,4.39579042682817
Train,4.4600530671393,4.46033552100926
Train,4.52279565009858,4.52271672522329
Train,4.58368347116849,4.58389505681407
Train,4.64293431625981,4.6430308109193
Train,4.70061332515475,4.70061440176869
Train,4.75691234861754,4.75715119424058
Train,4.8116263403641,4.81159405190556
Train,4.86494444162969,4.86513181795817
Train,4.91691939854648,4.91698139771324
Train,4.96771882120041,4.96783324471471
Train,5.01715252220658,5.01702493071571
Train,3.80611745251136,3.80656349598939
Train,3.88797624132592,3.88821500465565
Train,3.96729311878952,3.96775457533295
Train,4.04401258563774,4.04411611256
Train,4.11859352704821,4.11908616298388
Train,4.19096154830705,4.19130886263883
Train,4.26121370022128,4.26147171034609
Train,4.32944144029445,4.32962269766722
Train,4.39558250687602,4.39573824890613
Train,4.46001950625772,4.46029173630814
Train,4.52267654508243,4.52299084882907
Train,4.58362637107861,4.58392809188808
Train,4.64280482988252,4.6427797386641
Train,4.70054659279845,4.70128474641388
Train,4.75677680023322,4.75676995723188
Train,4.81155403926451,4.81173330907041
Train,4.86493390785072,4.86550585083751
Train,4.91685242712222,4.91678526009491
Train,4.96759620615572,4.96771374269883
Train,5.01709318144252,5.01722807924671
Train,2.13110503377716,2.13193619228696
Train,2.35756594039655,2.35694441727901
Train,2.57210037883986,2.57189031916641
Train,2.77517082443318,2.77498959610602
Train,2.96810411893084,2.96832379487751
Train,3.1512295209872,3.15062105592006
Train,3.32566733230252,3.32535934235784
Train,3.49164818564297,3.49189736061453
Train,3.65012812832061,3.64981947456909
Train,3.80126413950996,3.80092987641547
Train,3.94587996244982,3.94582419157814
Train,4.08407718700531,4.08403506637114
Train,4.21657174553676,4.21650570934071
Train,4.34342335170367,4.34311394379256
Train,4.46525915279511,4.46531424152636
Train,4.5821070869374,4.58176136797192
Train,4.69452047452633,4.69474230600099
Train,4.80250309683787,4.80223999311784
Train,4.90654633848788,4.90645583162768
Train,5.00663561660344,5.00610655318815
Train,2.12542718901151,2.1253933076041
Train,2.35680946642296,2.35680460383446
Train,2.57479096064832,2.5747958735119
Train,2.78093242996199,2.78071054148313
Train,2.97596930016715,2.97600916462761
Train,3.16058243735891,3.16027152535753
Train,3.33595177927774,3.3359350345163
Train,3.50240607310473,3.50238023740894
Train,3.66093959731246,3.66082285650191
Train,3.81194632167764,3.81186642388275
Train,3.95579907932705,3.95589353014657
Train,4.09328230255759,4.09321265602921
Train,4.22467195265162,4.22464615188801
Train,4.35023256725699,4.35023722576443
Train,4.4705959788426,4.4704788858653
Train,4.58583598150907,4.58582330855279
Train,4.6965051107009,4.69655237825282
Train,4.8027582378426,4.80262975970982
Train,4.90474721886879,4.90469715988365
Train,5.00292996845484,5.00286035782483
Train,3.09471856431002,3.09515112266308
Train,3.23500323401663,3.23520309606101
Train,3.36948600584679,3.36954045284801
Train,3.49814142093172,3.49852096262111
Train,3.62152099346461,3.62197946794549
Train,3.74011669859572,3.74072430202068
Train,3.85386675800813,3.85412560585246
Train,3.96338341441379,3.96353282729251
Train,4.06858886865565,4.06896755002526
Train,4.16988148579777,4.16989156198906
Train,4.26761921468376,4.26780726969082
Train,4.36170860181815,4.36173337060973
Train,4.4524835826098,4.4526483821428
Train,4.54024536245122,4.540591656576
Train,4.62489176091581,4.62521612214186
Train,4.70682671634155,4.70780527470197
Train,4.78594487316106,4.78604865360103
Train,4.86250170191183,4.86302608882397
Train,4.93672894857503,4.93702298723292
Train,5.00851923481957,5.00867658391144
Train,3.12102400733333,3.12134524977591
Train,3.2516600495853,3.25185005134699
Train,3.37764850734976,3.37782636514748
Train,3.49961886205335,3.49953961346182
Train,3.61738623568338,3.6175277333241
Train,3.73152542089861,3.73141700260385
Train,3.84185090945959,3.84218200702526
Train,3.948889628503,3.94888118298331
Train,4.05245698182108,4.05256585176539
Train,4.1530377787631,4.15307870493416
Train,4.25044947762383,4.25059807579601
Train,4.34513964281639,4.34519264239498
Train,4.43692862425731,4.43704944121419
Train,4.52623089738912,4.52595254659172
Train,4.61287030698899,4.6130002929458
Train,4.69723180404271,4.69747123092748
Train,4.77914315195154,4.77906121488923
Train,4.85896285064671,4.85896485857302
Train,4.93652286807139,4.93662923324155
Train,5.01215791623429,5.01208529399082
Train,2.12802222313387,2.12869886772023
Train,2.36490506830686,2.36520300597476
Train,2.58741701361465,2.58744483128248
Train,2.79682731094542,2.79708147855126
Train,2.99426001799898,2.9943287300739
Train,3.18050290524228,3.18074680690188
Train,3.35688074995192,3.35696195680794
Train,3.5239672003733,3.52374529602093
Train,3.68247760551795,3.68262308347039
Train,3.83305571837262,3.83338463354448
Train,3.97628243440013,3.97635999790145
Train,4.11268328066721,4.11237764345788
Train,4.2427348591471,4.24282815142578
Train,4.36687041070761,4.36703889914497
Train,4.48548463667067,4.48512388564268
Train,4.59880853452407,4.59898040505141
Train,4.70743593043426,4.70742416076973
Train,4.81153385241181,4.8116491687033
Train,4.91137981519434,4.91136719619317
Train,5.00722911664882,5.00704773687903
Train,1.81038368656383,1.81119916547323
Train,2.02548317459678,2.02592286647268
Train,2.22448315080535,2.22487063029257
Train,2.40912590843956,2.40880786607158
Train,2.58091109202867,2.58143540915262
Train,2.74113651813628,2.74126360334412
Train,2.89093102363444,2.89116359888067
Train,3.03128110080254,3.03125250981611
Train,3.16305264842496,3.16312525270769
Train,3.28700885272938,3.28704294122508
Train,3.4036290244048,3.40393732986558
Train,3.51391553922327,3.51415572929909
Train,3.61819508414626,3.61804909303464
Train,3.71694542006264,3.7171375323087
Train,3.81059495178111,3.8110668932859
Train,3.8995289411069,3.89921681805936
Train,3.98409480442473,3.98424956228337
Train,4.06460664839623,4.06456799640728
Train,4.14134916861401,4.1412145403483
Train,4.21458101321029,4.21528361639503
Train,3.63871956291818,3.63831378192481
Train,3.68443844465506,3.68467830252848
Train,3.72943380900986,3.72802434615005
Train,3.77372269602578,3.77414001226862
Train,3.81732161481877,3.81730876567599
Train,3.86024656409576,3.86023692222079
Train,3.90251305172862,3.90172487010204
Train,3.94413611343421,3.94415482080876
Train,3.98513033060777,3.98476517319796
Train,4.02550984735411,4.02535865607933
Train,4.06512318277353,4.06470861674097
Train,4.10431649407969,4.10445843187335
Train,4.14293501937491,4.1428377874654
Train,4.18099131082732,4.18027671488744
Train,4.21849755776087,4.21826863512251
Train,4.25546559967218,4.25540929091949
Train,4.29190693869096,4.29150412361196
Train,4.3278327515116,4.32791528911184
Train,4.36325390082198,4.36247270715467
Train,4.39818094625394,4.39751678524772
Train,2.12394485879005,2.12364213400724
Train,2.36253145342356,2.36112431643051
Train,2.58639664325875,2.58584588149461
Train,2.79686217341245,2.79501647317375
Train,2.99509615828359,2.99343270672398
Train,3.18213477249621,3.18029038915483
Train,3.35890036774416,3.35786487262521
Train,3.52621668424383,3.52481001996421
Train,3.68482168623649,3.68338564958685
Train,3.83537844351841,3.83339151626205
Train,3.97865648210298,3.97752957259581
Train,4.11484315904178,4.11339922018669
Train,4.24460817712452,4.24323935732536
Train,4.36839527853357,4.36724419576785
Train,4.4866082419962,4.48611475183134
Train,4.59961528261212,4.59871552529876
Train,4.70775288291926,4.70752526953584
Train,4.81132913916585,4.81073749145435
Train,4.9106266928821,4.90964258739405
Train,5.00590530649725,5.00516875471294
Train,2.12454614480475,2.1261093227622
Train,2.36124242760022,2.36311330889293
Train,2.583596571022,2.58413074737473
Train,2.79287379339299,2.79460201095208
Train,2.99019474602229,2.99036181896372
Train,3.17634440962545,3.17731599474064
Train,3.35264488666534,3.35440054455103
Train,3.51966784244275,3.52019593113073
Train,3.67812682368655,3.67765305611829
Train,3.82866403305453,3.82898000557179
Train,3.97185902836873,3.97160641464507
Train,4.10823617927866,4.10821293200206
Train,4.23827108360367,4.23820734654146
Train,4.36239610883781,4.36214240319896
Train,4.4810051948849,4.48079947895167
Train,4.5943286719227,4.59422091373926
Train,4.70295978316444,4.70270535953387
Train,4.80706504866697,4.80682411439921
Train,4.90692153400672,4.90695052812589
Train,5.00278414163215,5.00244717159148
Train,3.61781769545303,3.61721918807598
Train,3.71311090183243,3.71308177338506
Train,3.8052118033507,3.80519581822591
Train,3.89461685899784,3.8942712555945
Train,3.98127783886077,3.98125163458462
Train,4.06515968127861,4.06528184230774
Train,4.14670308777205,4.14614595967578
Train,4.22570352652498,4.22580001295137
Train,4.30256964684118,4.30185837098907
Train,4.37724455012331,4.37750101749771
Train,4.44968274008806,4.44942111791534
Train,4.52025102506863,4.52023809521415
Train,4.58889006716147,4.58871439244103
Train,4.65555096029226,4.65547725676151
Train,4.72056486130055,4.72067301734205
Train,4.78375096267509,4.78331358422292
Train,4.84541951261419,4.84552164856723
Train,4.90550990522963,4.90510070262098
Train,4.96397052250287,4.96383567588782
Train,5.02108382208846,5.02073534053488
Train,3.80529054130264,3.80355749266528
Train,3.88679681874998,3.88494147731762
Train,3.96582059737692,3.96459480496924
Train,4.04247359291613,4.04183424904477
Train,4.11702058066718,4.1160177832935
Train,4.18923660522049,4.18857064212716
Train,4.2593794489494,4.25862874964514
Train,4.32753712397606,4.32682083998952
Train,4.39379273013306,4.39302157799466
Train,4.45822479296398,4.45725117099573
Train,4.52104228020264,4.52004070275871
Train,4.58204247929134,4.58142635825425
Train,4.64143038938043,4.64050093589685
Train,4.69926909806741,4.6988990673126
Train,4.75561844390338,4.75497724539309
Train,4.81053522289395,4.80977573023119
Train,4.86418855309537,4.86341394579358
Train,4.91639651904905,4.91584678816071
Train,4.96732599419534,4.96634111891399
Train,5.01702337281038,5.01606920095219
Train,3.80736096473406,3.80725705566147
Train,3.88858403413005,3.88835833577832
Train,3.96735867808067,3.96734346329686
Train,4.04379396240969,4.04400036707011
Train,4.11799256989397,4.11757949029561
Train,4.18989753363257,4.18992433485619
Train,4.25991190495825,4.25995941285146
Train,4.32796357812471,4.32768068753285
Train,4.39413394220815,4.39413351449184
Train,4.45849994758805,4.45853420141793
Train,4.5211344044673,4.52096182598325
Train,4.58210625762007,4.5819665684503
Train,4.64148083954705,4.64151732416212
Train,4.69932010399234,4.69915207305166
Train,4.75568284157655,4.75553979471806
Train,4.81050745255944,4.81046265911937
Train,4.86408474244579,4.86405210608427
Train,4.91634471224362,4.9162610155654
Train,4.96733535591866,4.96719984399897
Train,5.01710236398957,5.01651925488841
Train,2.61222951173734,2.61199477667469
Train,2.80811446214001,2.80781697654311
Train,2.99245153987645,2.99153624444807
Train,3.16576291100847,3.16466372614741
Train,3.3294516305902,3.3278665490252
Train,3.48387819132424,3.48262764836545
Train,3.63020333715609,3.62866890684018
Train,3.76867178625001,3.76786098198863
Train,3.90025659835759,3.89903703681921
Train,4.02511866849551,4.02403495830367
Train,4.14408337770664,4.1417243748183
Train,4.25725040133072,4.25466128896005
Train,4.36532726481494,4.36209565813624
Train,4.46836864157228,4.4660908674814
Train,4.56698679313312,4.56286766248741
Train,4.66120317185336,4.65841195189569
Train,4.75155213950906,4.7499853534282
Train,4.83803057829081,4.83567801037498
Train,4.92110847417142,4.91895053678309
Train,5.0007645517408,4.99917100582752
Train,2.41282712050804,2.41258372865195
Train,2.63109429546865,2.63083024202933
Train,2.83499448716023,2.8347592403079
Train,3.02637901735132,3.02628799056401
Train,3.20614058019622,3.20610169773863
Train,3.37530678295193,3.3750106044281
Train,3.53458766572841,3.53427934599313
Train,3.68520263962307,3.68482083459457
Train,3.82766101707114,3.82800587072779
Train,3.96260791403029,3.96214319514183
Train,4.09046122106435,4.08972472447931
Train,4.21207163177726,4.21141469004579
Train,4.32773961627218,4.32706217984378
Train,4.43789034675677,4.43702139095694
Train,4.54277702375156,4.54288084683503
Train,4.64302076594095,4.64280124306242
Train,4.73880211646381,4.73861384633346
Train,4.83041255545816,4.83044442818937
Train,4.91800795756756,4.91855344941723
Train,5.00205880059445,5.00112884378541
Train,3.80573082075371,3.80357754188299
Train,3.88773727770744,3.88687204378584
Train,3.96701709542473,3.96597111102164
Train,4.04402828289242,4.04351077727188
Train,4.11855134446702,4.11772872563597
Train,4.19101016451579,4.19063607445787
Train,4.26119208402135,4.26024359311123
Train,4.32949058491133,4.32887138268052
Train,4.39569993085284,4.39485453381349
Train,4.46018640179187,4.45982460349842
Train,4.52275117028072,4.52245373854385
Train,4.58373608070372,4.5836323060139
Train,4.64294912850176,4.64258129350128
Train,4.70071012561216,4.70043038102449
Train,4.75683375293796,4.75613978029287
Train,4.81161988722901,4.81162152122124
Train,4.86488972160738,4.86428284724389
Train,4.91692503600415,4.91681892154884
Train,4.96755333844134,4.9674714684661
Train,5.01703993013606,5.01654560335373
Train,3.80679963017006,3.80616692726471
Train,3.88853619945631,3.88821654345156
Train,3.96790495497618,3.96744275844321
Train,4.0446788190934,4.04527041417168
Train,4.11914158398224,4.11825523508742
Train,4.1913960576722,4.1902687924885
Train,4.26168896550085,4.26063361859269
Train,4.32980739164389,4.32934179001313
Train,4.39599177344604,4.39590223944106
Train,4.46032332614735,4.45905995505746
Train,4.52301259847589,4.52236053011438
Train,4.58386088680499,4.58344835448952
Train,4.64307442647552,4.64120094863028
Train,4.70071822294743,4.70009203493828
Train,4.75697405317594,4.75637925325645
Train,4.81165690988026,4.81090514041716
Train,4.86494560966168,4.8639472578252
Train,4.91689279812694,4.9167903003181
Train,4.96765701656937,4.96678139231517
Train,5.01706616086291,5.01667032089244
Train,2.1264630479748,2.12525501558048
Train,2.37653488173815,2.37548966449322
Train,2.60914260244254,2.6085727325808
Train,2.8260539302984,2.82461544160469
Train,3.0288058003377,3.02810100944407
Train,3.21851318760073,3.21803907089998
Train,3.39682319959956,3.39669458321441
Train,3.56453123581615,3.5645081132825
Train,3.72255555733417,3.72279845824232
Train,3.87171135732841,3.87177242660982
Train,4.01272482711095,4.01223741517606
Train,4.1462449798098,4.14666260111335
Train,4.27285363793612,4.27160420935616
Train,4.39307390910113,4.39362268616242
Train,4.50737741030857,4.50702927595557
Train,4.61605901206237,4.61579729131336
Train,4.7197740013585,4.71935034237686
Train,4.81873533550023,4.81906625381089
Train,4.91326250996789,4.91299229564902
Train,5.00364701636392,5.00328434165203
Train,2.12529399055227,2.12526806592359
Train,2.3610535701869,2.36107732507298
Train,2.58268886024907,2.58219215507052
Train,2.79143221890031,2.7913937639787
Train,2.98837669011927,2.98781351230355
Train,3.17428418293765,3.1742660226555
Train,3.35045654353513,3.35044467529224
Train,3.51744905314268,3.5173328189303
Train,3.6759609975407,3.67566385609825
Train,3.82662239611984,3.82650956416182
Train,3.97000237094471,3.9700132117614
Train,4.10661633102428,4.10665156928371
Train,4.23693216296233,4.23691747029079
Train,4.36137558470172,4.3614810860563
Train,4.48033479145105,4.48026763830421
Train,4.5940346890195,4.59406491744448
Train,4.70306509449464,4.70282341264829
Train,4.80758836390749,4.80715703644819
Train,4.90787831398354,4.90787419612752
Train,5.00418702186823,5.00369331705951
Train,2.89537513363056,2.89493229852815
Train,3.0536379441106,3.05263489035133
Train,3.20420484140988,3.20401380020485
Train,3.34802429362926,3.34802449457857
Train,3.48515656987851,3.48465353773645
Train,3.61642334737393,3.61655567737034
Train,3.74184210854682,3.74042486989856
Train,3.86213073069763,3.86002938171441
Train,3.97727516498583,3.97689345132676
Train,4.08790741579409,4.08766517285403
Train,4.19399024030099,4.19335320496612
Train,4.2960839175057,4.29588500794125
Train,4.39413423522894,4.39333829603129
Train,4.48864103584654,4.48809750998771
Train,4.57953781612972,4.57937752627186
Train,4.66727308145552,4.66668801806372
Train,4.75177157289784,4.75131165458879
Train,4.83343786296961,4.83254838451103
Train,4.91219062008994,4.91182129748995
Train,4.98839656101453,4.98775194994596
Train,2.12906418543011,2.12989850929443
Train,2.35308141300262,2.35320035523546
Train,2.56542882672524,2.56501557417505
Train,2.76699515810088,2.76744071018038
Train,2.95858112928632,2.95885509895743
Train,3.14110098486479,3.14102395817463
Train,3.31481911535804,3.31559618431493
Train,3.48053063417806,3.48021368086847
Train,3.63877660574406,3.63872574377456
Train,3.79005041695326,3.79018946084034
Train,3.93480291554596,3.93457876104731
Train,4.07344689795771,4.07379877294443
Train,4.20636104075348,4.20580408523165
Train,4.33389335449844,4.33419748812594
Train,4.456364226402,4.45603526605555
Train,4.57419294059069,4.57418718049303
Train,4.68740004454056,4.68737260759735
Train,4.79636676456226,4.79586280403237
Train,4.90132696795993,4.9011873035779
Train,5.00249763470914,5.00201173544338
Train,2.11327924112793,2.11537640344613
Train,2.35658173031271,2.35777759525809
Train,2.58402546934839,2.58477118553128
Train,2.79756895725251,2.79942126935202
Train,2.99823329121516,2.99901747969125
Train,3.18714950788917,3.18803693653535
Train,3.36512869458639,3.36560729312623
Train,3.53345533466973,3.53400082011649
Train,3.6927224139305,3.6929409792865
Train,3.84364216199312,3.84426458963571
Train,3.98669984920483,3.98704053695838
Train,4.12278726264177,4.12347624806716
Train,4.25226189343012,4.25256709230962
Train,4.37559430295279,4.37608400006502
Train,4.49308448494283,4.4935557581266
Train,4.60538031108931,4.60576703349216
Train,4.71270265088896,4.71316533135541
Train,4.81537475333231,4.81562495157777
Train,4.91358611179845,4.91364298233384
Train,5.00782502962246,5.00784375252988
Train,2.11931570564177,2.11962312365358
Train,2.3406265962765,2.34065855337758
Train,2.55116795758867,2.55127342289052
Train,2.75129450116235,2.75136817437306
Train,2.94195662315319,2.94215239849655
Train,3.12399779507719,3.12401004330604
Train,3.29763110619184,3.29765306061017
Train,3.46376840277535,3.4640473268264
Train,3.62255649902256,3.62260816761045
Train,3.77462943147285,3.77459924357754
Train,3.92055509928084,3.92076079749313
Train,4.0604092681375,4.06073686832679
Train,4.19470191116971,4.19473185957759
Train,4.32389192490515,4.32407511895872
Train,4.44800740475618,4.44805537823413
Train,4.56758893748675,4.56791874729242
Train,4.68264181646858,4.68274912500783
Train,4.79353331726023,4.7935407610712
Train,4.90059612973595,4.90072492704348
Train,5.00381083553416,5.00374305175137
Train,2.12839386717379,2.12830373525867
Train,2.365771339067,2.36594259708363
Train,2.58861642001629,2.58863941620439
Train,2.79822399569451,2.7981269382617
Train,2.99595677854541,2.99565913061087
Train,3.18238533043354,3.18186473447713
Train,3.35864594203122,3.35888790911122
Train,3.52554838030815,3.52461485105232
Train,3.68381865018817,3.6839605938876
Train,3.83410955193628,3.83390021525338
Train,3.97716753219631,3.97677340626979
Train,4.11320149800927,4.11348082084805
Train,4.24285952041615,4.2428753605418
Train,4.36657959778536,4.36631653016593
Train,4.48476050856266,4.48480757756988
Train,4.59776610501519,4.59781564214791
Train,4.70604892226684,4.705717438188
Train,4.80966900378909,4.80980149421521
Train,4.90903120470013,4.9085899909951
Train,5.00439268407793,5.00414681108668
Train,3.72531940591216,3.72585663797872
Train,3.81355006248276,3.81418941989978
Train,3.89910370578193,3.89992347816587
Train,3.98176646028418,3.98200695064952
Train,4.06200497426463,4.06252960141137
Train,4.1396107291213,4.14073587581515
Train,4.21501447792363,4.21528460950503
Train,4.28801348777979,4.28857741849788
Train,4.35900664635875,4.35902903429451
Train,4.42779725741733,4.42821907200414
Train,4.49475579342107,4.49578412589108
Train,4.55969171397872,4.55974375946971
Train,4.62295004665311,4.62322114950803
Train,4.68434642897675,4.68431737839637
Train,4.74420301403268,4.74481420950542
Train,4.80234156827577,4.80256943384666
Train,4.85906360552771,4.85962981694684
Train,4.91419692076629,4.91422190210506
Train,4.96802434118798,4.96780196122927
Train,5.0203795533777,5.02050714947109
Train,2.12342114714285,2.12464659711259
Train,2.34787688663283,2.34842965496136
Train,2.56067714470089,2.56115935804337
Train,2.76270681057394,2.76308730413439
Train,2.95454483116554,2.95504461573
Train,3.13735944970684,3.13760014566287
Train,3.31157383725271,3.31193167345555
Train,3.47778092391275,3.478111435139
Train,3.63652035933355,3.63647485753609
Train,3.78828436590831,3.78823941589508
Train,3.93335700316597,3.93354265261587
Train,4.07248886439546,4.07259106413039
Train,4.20588483348326,4.20587595777033
Train,4.33389245095729,4.33391897386173
Train,4.4568317363142,4.45719259183898
Train,4.5749978593045,4.57515765020798
Train,4.68853339679662,4.68864643222696
Train,4.7979556877325,4.79794013518767
Train,4.90336333270543,4.9034213593477
Train,5.00497329444606,5.00480937820612
Train,2.1208704296624,2.12122425485722
Train,2.34465519429434,2.34328801127413
Train,2.55717767725885,2.55505372912376
Train,2.75878680337357,2.75793257895566
Train,2.95075851920009,2.95077389305516
Train,3.13333216068679,3.13388837289676
Train,3.30759612221184,3.30697368827532
Train,3.47370835082017,3.4736111204511
Train,3.63260634091391,3.6333710228937
Train,3.78438719218116,3.7852623101935
Train,3.92986554903779,3.93052815495685
Train,4.06909280128947,4.0702811994779
Train,4.20278250003747,4.20386236924242
Train,4.3309515951509,4.33144161704695
Train,4.45422962792305,4.45549280572959
Train,4.57260757488032,4.57341512902713
Train,4.68664453331732,4.68671680659099
Train,4.79631191747419,4.79706625725521
Train,4.90210926517572,4.9016470016868
Train,5.00399331640657,5.00398381814739
Train,2.12924931223767,2.12951476725357
Train,2.35912135883691,2.35904270427272
Train,2.57606560891658,2.57654679751431
Train,2.78134971765133,2.78156456202123
Train,2.97549677801343,2.97549330124821
Train,3.15957488024274,3.15974679602004
Train,3.33434752821244,3.33468733801783
Train,3.5005029360257,3.50056416267398
Train,3.65882320039333,3.65904686350405
Train,3.80954418524963,3.80988958315356
Train,3.95334573313776,3.95347521952135
Train,4.09069364756216,4.09090849362838
Train,4.22214607077486,4.22250258090207
Train,4.34781929167818,4.3479906114444
Train,4.46820830188515,4.46835137037851
Train,4.58363951855301,4.58375186639751
Train,4.69441301658393,4.69450444272661
Train,4.80091331381728,4.80103863939439
Train,4.9031747958769,4.90325197124184
Train,5.0015455379266,5.00143904861397
Train,2.12268676356649,2.12341146422114
Train,2.35437024298205,2.35425363314062
Train,2.57261457400547,2.57254952615767
Train,2.77900928900267,2.77970552046827
Train,2.97427889183946,2.97492547166985
Train,3.15929927688799,3.15944995306563
Train,3.33466344003837,3.33474030784055
Train,3.50147538002271,3.50272829339156
Train,3.66017057548459,3.66269311607903
Train,3.81132737330689,3.81126137641695
Train,3.95531135041539,3.95598326338586
Train,4.09292492768439,4.09336846147926
Train,4.22443618249143,4.22565524962192
Train,4.35024221157688,4.35063649759104
Train,4.47057315835938,4.47132658793998
Train,4.58603412447468,4.58693160228722
Train,4.69679208283185,4.69774985323966
Train,4.80312864558078,4.80320215397296
Train,4.90519018636411,4.90548085445334
Train,5.00344703892792,5.00310000197715
Train,2.12265009782257,2.12300376158237
Train,2.35572979025563,2.3557170928907
Train,2.5750598392882,2.5751333645494
Train,2.78228252437193,2.78226722322142
Train,2.97815509591462,2.97821044895682
Train,3.16337869508461,3.1633417780904
Train,3.33919032227398,3.33845314154314
Train,3.50610313654632,3.50512750455891
Train,3.66459901773056,3.66446651236402
Train,3.81563599656026,3.81513895975513
Train,3.95956741881483,3.95889671265104
Train,4.09688318371382,4.09646129548855
Train,4.22788248146663,4.22690995069934
Train,4.3532717463446,4.35291047684586
Train,4.4732692247139,4.4725659679134
Train,4.5880866177951,4.58776237971324
Train,4.69829906504583,4.69797634448696
Train,4.80405938971801,4.803890757099
Train,4.90551810405756,4.90554988355507
Train,5.0031513190045,5.00258643008419
Train,2.12003463554383,2.11989953990633
Train,2.35714783650814,2.35716921851417
Train,2.57988878253158,2.57962147585931
Train,2.78952576432176,2.78916183775073
Train,2.98718210835904,2.98729953466682
Train,3.17385631307468,3.17399384667078
Train,3.35043891934648,3.35087469151404
Train,3.51772671694906,3.51791931566186
Train,3.67643476517014,3.67699939675367
Train,3.82720661015239,3.82768663458774
Train,3.97076419218273,3.97123247133277
Train,4.10734393666354,4.10787053902823
Train,4.23757068763201,4.23798351297955
Train,4.36187763354051,4.36204920900855
Train,4.48065945461069,4.48105203729938
Train,4.59427650878617,4.59458954731963
Train,4.70305848327393,4.70321569441512
Train,4.80730758961421,4.80742905006264
Train,4.9073013674932,4.90740756348168
Train,5.00329515207782,5.00341879158077
Train,3.80508631483291,3.80478350652993
Train,3.88654810933985,3.88684809348706
Train,3.96554137244398,3.9648540140588
Train,4.04217663505703,4.04204464569193
Train,4.11655792629238,4.11698263554717
Train,4.18878324460844,4.18803690010463
Train,4.25894498856847,4.25846199693842
Train,4.32713035119821,4.32720694677846
Train,4.39342168148047,4.39234527163717
Train,4.45789681613797,4.45809928291419
Train,4.52062938451491,4.52038977163102
Train,4.58168908906809,4.58159013003024
Train,4.64114196371404,4.64129078481346
Train,4.69905061204529,4.6987691771792
Train,4.75547442722233,4.75539796164958
Train,4.81046979516499,4.81031731810799
Train,4.86409028250449,4.86404658167885
Train,4.91638681061312,4.91641300280389
Train,4.96740781690015,4.96733306004899
Train,5.01719940444774,5.01670311724229
Train,3.18919590616482,3.18927363105468
Train,3.35110363820856,3.35081438632915
Train,3.50017321443827,3.49998508376302
Train,3.63809633302091,3.63730699523876
Train,3.76566391271009,3.76619672074958
Train,3.88419202512317,3.88218471038999
Train,3.99460860156457,3.99490082903867
Train,4.09771876847839,4.0972304242714
Train,4.19438176813094,4.19465481961015
Train,4.28488832998997,4.28416406645192
Train,4.36994699884477,4.37025608266049
Train,4.4500352933538,4.4492102867589
Train,4.52570006680876,4.52575412745864
Train,4.59706403329089,4.59695943268889
Train,4.66459410755469,4.66459503278384
Train,4.72859116050274,4.72864605572249
Train,4.78932538379668,4.78940433553726
Train,4.84713484658777,4.84725298067133
Train,4.90204523927743,4.90165974276169
Train,4.95435506960501,4.95410034026645
Train,2.12396630538222,2.12435116740744
Train,2.35179801990334,2.35247993738449
Train,2.56719130228627,2.56796106371257
Train,2.77113769693759,2.77130718745684
Train,2.96472585072628,2.96576493120665
Train,3.14834545487138,3.14740054940921
Train,3.3229274537559,3.32342792652344
Train,3.48912305658993,3.49010470709982
Train,3.64752237575987,3.64706937258597
Train,3.79866142779374,3.79987193499255
Train,3.94317785281554,3.94354318535989
Train,4.08121105218151,4.08210466107994
Train,4.21332460613861,4.21401602775222
Train,4.33989132251716,4.34093536911678
Train,4.46125334785472,4.4617628521155
Train,4.57772525603336,4.57810894713475
Train,4.68971305924139,4.68990563791886
Train,4.79724700049699,4.7974389286137
Train,4.90069504887542,4.90078061015083
Train,5.00028573597156,5.0004135176714
Train,2.12959268598176,2.12992543716973
Train,2.34922797403016,2.34880832872295
Train,2.55808462116416,2.55778235418984
Train,2.75693707001518,2.75654752962873
Train,2.94648730718673,2.94643249742876
Train,3.12737314322413,3.12720239345799
Train,3.300175382515,3.30026515130885
Train,3.46542405295298,3.46540555766114
Train,3.62360383613738,3.62395125641706
Train,3.77515881529847,3.77504755849804
Train,3.92049663890815,3.9205060125314
Train,4.05999218218508,4.06026883300001
Train,4.19399077574487,4.19401494679551
Train,4.32281105994149,4.32284624618478
Train,4.44674751456767,4.44685734126688
Train,4.56607270619007,4.56616425130778
Train,4.68103928921828,4.68139298833194
Train,4.79188179162676,4.79212255462335
Train,4.89881821189066,4.8992622905098
Train,5.00205145001714,5.00219875265611
Train,2.12566445510026,2.12753744356087
Train,2.3510771857013,2.35351794345479
Train,2.5643697422057,2.56478801112098
Train,2.76693524240595,2.767438973955
Train,2.95935288700232,2.96066241295557
Train,3.14216688607041,3.14267869501418
Train,3.31645903249907,3.31653288027155
Train,3.48262977900552,3.48443719592615
Train,3.64106046988412,3.6412937287314
Train,3.79261081227122,3.79360712835478
Train,3.93756061359706,3.93875691150606
Train,4.07633189810952,4.0774966115423
Train,4.20916581699346,4.21047013849966
Train,4.33671472675721,4.33757549566508
Train,4.45915344895581,4.46016524602237
Train,4.57665406274027,4.5769168468214
Train,4.68975735968976,4.69007182861606
Train,4.79858602189858,4.79872979110223
Train,4.90326284345048,4.90330381198146
Train,5.00424258269513,5.00419685543238
Train,0.883406418023391,0.884909755364788
Train,1.16053240111596,1.16065671348042
Train,1.415347312742,1.41559628111645
Train,1.64968499032115,1.64997632899031
Train,1.8662672181082,1.86650522390482
Train,2.06736284559467,2.06752501707524
Train,2.25397073943433,2.25410083210591
Train,2.42788327684906,2.42820446731639
Train,2.59061699747766,2.58993080167784
Train,2.74272144222805,2.74272427973119
Train,2.88543657785304,2.88498827913645
Train,3.01960576818161,3.01955631590681
Train,3.14618016407275,3.14576435220806
Train,3.26539767298131,3.26498608823749
Train,3.37806498066384,3.37761487659009
Train,3.48488162631605,3.48490967774342
Train,3.58596105495869,3.5855785193562
Train,3.6819099195626,3.68188228934741
Train,3.77325840106972,3.77318899091188
Train,3.86004507831147,3.85984602449753
Train,2.1277819703467,2.12786943362153
Train,2.3553920426656,2.35554750022857
Train,2.57056746525497,2.57061343769965
Train,2.774510200992,2.77429823179045
Train,2.96767848696358,2.96801210593549
Train,3.15109327755476,3.15088842780096
Train,3.32547509579793,3.32577080386181
Train,3.49147520042057,3.49108383012572
Train,3.64984737003697,3.65003894640176
Train,3.80079286731003,3.80107705502451
Train,3.9449711958806,3.94496331825576
Train,4.0828274556459,4.08247357286382
Train,4.21490531602045,4.21519621087646
Train,4.34129827692849,4.34108703737729
Train,4.46249118487946,4.46283975122788
Train,4.57879848197566,4.57879562822927
Train,4.69050975921922,4.69031020831972
Train,4.79800371026766,4.79822199707996
Train,4.90129987929587,4.90119740164664
Train,5.00074266561156,5.00071902337368
Train,2.1202359420544,2.12227895830438
Train,2.35623760001112,2.35771350072173
Train,2.5780921314055,2.57890858269093
Train,2.78703459336688,2.7878129699784
Train,2.98416034608739,2.98596198466475
Train,3.17044426101161,3.17167158822122
Train,3.34675684452105,3.35026239800573
Train,3.51387783992243,3.51572741704149
Train,3.67250775616745,3.67360485352401
Train,3.82327768285522,3.82515171412524
Train,3.96675768152906,3.96792100031962
Train,4.1034639885138,4.10570417961571
Train,4.23386522114016,4.23540983501152
Train,4.35838774460766,4.36084202494385
Train,4.4774203290061,4.47885623834736
Train,4.59131820366708,4.59199550762787
Train,4.70040659791529,4.70067566397847
Train,4.80498384255612,4.8052452885604
Train,4.90532409438881,4.90548007526741
Train,5.00167973614037,5.00177679091576
Train,3.74273550016899,3.74282798356944
Train,3.82874242906088,3.82874222306418
Train,3.91204548926235,3.91198895970228
Train,3.99277021307129,3.99321320117087
Train,4.07103448043977,4.0707331600679
Train,4.14694909332201,4.14660980549525
Train,4.22061829905803,4.22105494286006
Train,4.29214026799212,4.29178752629014
Train,4.3616075299277,4.36131028627278
Train,4.42910737349907,4.42959923862145
Train,4.49472221208447,4.49451452785797
Train,4.55852991948575,4.5581557818623
Train,4.62060413824944,4.62051854470337
Train,4.68101456319575,4.68088839941265
Train,4.73982720245054,4.73912827470122
Train,4.79710461803561,4.79716487678888
Train,4.85290614786091,4.85329062830351
Train,4.90728811077458,4.90710778304856
Train,4.96030399616043,4.95998847282681
Train,5.01200463942448,5.01202950099832
Train,3.79693439556105,3.79696908160258
Train,3.87713520306871,3.87725255336773
Train,3.9550573806178,3.95486511706986
Train,4.03066236005442,4.03080540764131
Train,4.10431291925466,4.10455942788394
Train,4.17595643483801,4.17570443952354
Train,4.24567384459165,4.24562092937049
Train,4.31354179207023,4.31394580605775
Train,4.37951559202317,4.37942815933638
Train,4.44390176439146,4.44390443812154
Train,4.50664522886314,4.50644320066931
Train,4.5678080600802,4.56800663600734
Train,4.62734330767854,4.62737038423802
Train,4.68552151860691,4.68573878554889
Train,4.74228743974852,4.74194811212874
Train,4.79769187990683,4.79791837035373
Train,4.85178323955669,4.85206137692512
Train,4.90451375460769,4.90447007020339
Train,4.95611737794341,4.95600939478391
Train,5.00653996048326,5.00646499781215
Train,2.1221828949409,2.12186533579734
Train,2.33175225558076,2.33153652932742
Train,2.5328438757832,2.53246403927915
Train,2.72558592830184,2.72554078820394
Train,2.91066809938173,2.91018587345388
Train,3.08853811646379,3.088421246699
Train,3.25977644433965,3.25962114192225
Train,3.42442543521786,3.42433248680027
Train,3.58301291669796,3.58193595326884
Train,3.73586756797782,3.73590311333101
Train,3.88343881385723,3.88353575520887
Train,4.02571753041377,4.02552950329846
Train,4.1631175952725,4.16278029526802
Train,4.29588570789803,4.29560108668738
Train,4.42437781882477,4.42437251073352
Train,4.54855396622357,4.54829160240479
Train,4.66874551509666,4.66874909435501
Train,4.78514122530234,4.78488581763668
Train,4.89802858904853,4.89774728593693
Train,5.00734949443841,5.00676918449608
Train,2.127363861585,2.1268366693148
Train,2.36120034487585,2.36128711907077
Train,2.58131109369605,2.58136147884215
Train,2.78887016057013,2.78888719316456
Train,2.98473759057274,2.9846333832611
Train,3.1702220432636,3.17004815221662
Train,3.34596255326694,3.34635381810585
Train,3.51270727830512,3.51270649825165
Train,3.67112969428027,3.67122382485104
Train,3.82183768690393,3.82173328562931
Train,3.96524621173849,3.96547729350641
Train,4.10213074547067,4.10223411178231
Train,4.23280324799678,4.23293756495696
Train,4.35767720435445,4.35775980634935
Train,4.47713019960063,4.47734328133083
Train,4.59150773221558,4.59146533616149
Train,4.70102304081977,4.70108821475151
Train,4.80617825226882,4.80632485927345
Train,4.90713312034883,4.9072355801909
Train,5.00413438630347,5.00414446793729
Train,2.12697172194735,2.1267656426171
Train,2.34708100812815,2.34514528454383
Train,2.55662844887172,2.54984299608986
Train,2.75589571631045,2.75329960839736
Train,2.94584034493259,2.94322620116873
Train,3.12710161436918,3.12540440172234
Train,3.30046199925953,3.29808859057084
Train,3.46604339843245,3.46382672267646
Train,3.62454114621304,3.62153179719826
Train,3.77640028600461,3.77498677213225
Train,3.92219814783348,3.92029117473066
Train,4.06196608943863,4.06173312746978
Train,4.19622609537134,4.19520038307382
Train,4.32529745712326,4.32470246454977
Train,4.44961942211055,4.44901446126096
Train,4.56917146386033,4.56866917997104
Train,4.68435652012277,4.68360652677802
Train,4.79540957440937,4.79470312736885
Train,4.90267360385345,4.90237700196667
Train,5.00609851481497,5.00478658753127
Train,2.12679631226947,2.12672229726013
Train,2.35941052263164,2.3596820173625
Train,2.57855838927712,2.57824047356189
Train,2.7853763926517,2.78499424039546
Train,2.9807093859723,2.98054842014972
Train,3.16580492170389,3.16538621122527
Train,3.34129673264503,3.34099577393863
Train,3.50791335586963,3.5075403120245
Train,3.66631145689403,3.66617612091068
Train,3.81708447918541,3.81715684009396
Train,3.9606466690095,3.96065882387848
Train,4.0977387037355,4.09745035475862
Train,4.22867562454959,4.22902234665889
Train,4.35386285562561,4.35341556194544
Train,4.47367098020691,4.47375558888234
Train,4.58843940454499,4.58850011263712
Train,4.69838477973748,4.69816614847514
Train,4.80398676873918,4.80393450336123
Train,4.90541021219951,4.90549984931931
Train,5.00289830872002,5.00262522394041
Train,2.11959601515214,2.11990984128352
Train,2.35722643235063,2.35698551014502
Train,2.58036662613676,2.58032241470937
Train,2.79030275957965,2.79013611665869
Train,2.98817315549093,2.98799461449016
Train,3.17512527668088,3.17511772619764
Train,3.35178037342223,3.35158237833457
Train,3.51908850969932,3.51895113065621
Train,3.67777239842959,3.67774296479183
Train,3.82848211710734,3.8284064420186
Train,3.97180400931826,3.97166130472397
Train,4.10826830850856,4.10821314444911
Train,4.23835569298829,4.23827420575617
Train,4.36250294297825,4.36242062516976
Train,4.48110784000778,4.48104963904188
Train,4.59461671815349,4.59452753229561
Train,4.70319147943707,4.7030261840373
Train,4.80722338508463,4.80720058877705
Train,4.90699170771931,4.90685040327662
Train,5.0027532885297,5.00262716972793
Train,2.12039105261456,2.12187841190098
Train,2.3519822061585,2.35254749778323
Train,2.57043058964956,2.57040470607899
Train,2.77682410972723,2.77754612190984
Train,2.97213382689387,2.97185955994064
Train,3.15722923256873,3.15741624970542
Train,3.3328911903418,3.33277281269693
Train,3.49982294773069,3.49978054692474
Train,3.65865954593095,3.65826017957079
Train,3.80997589302896,3.81007649790627
Train,3.95429371703377,3.9539082733063
Train,4.09208757596232,4.09186672183569
Train,4.22379007087277,4.2236954601176
Train,4.3497963825008,4.3498587435497
Train,4.47046823172203,4.47047894425486
Train,4.58613734744369,4.58604108326472
Train,4.69710851194662,4.69712122333658
Train,4.80366224254902,4.8035524544357
Train,4.90605715927261,4.90603408660536
Train,5.00453208058388,5.00425037009336
Train,3.22398001027772,3.22358158445422
Train,3.29707425894986,3.29747424337256
Train,3.36821696589716,3.36831635303679
Train,3.43748525777209,3.43656351843674
Train,3.50495224991938,3.50514787646171
Train,3.57068730381067,3.5708744570511
Train,3.63475626490474,3.63388254888923
Train,3.69722168264786,3.69721468910211
Train,3.75814301415965,3.75824525489588
Train,3.81757681299849,3.81702547362511
Train,3.87542571072129,3.8757096660047
Train,3.93204693596976,3.93158618543384
Train,3.98733443150319,3.98761284059947
Train,4.04133477336249,4.04122791359987
Train,4.0940923938599,4.09409657961442
Train,4.14564970351116,4.14483416530129
Train,4.1960472047389,4.19568013346725
Train,4.24532359798794,4.24561311033176
Train,4.29351588083683,4.29308012356341
Train,4.34065944063894,4.33987289171637
Train,2.41237842794327,2.41403887785782
Train,2.51041837603494,2.50988904034602
Train,2.60552362221936,2.60714169013227
Train,2.69824767652747,2.69981030055351
Train,2.78826511213988,2.79028974592438
Train,2.87609419753086,2.87719163604561
Train,2.96142144075541,2.96169862835086
Train,3.04473318691561,3.04590200765597
Train,3.12572747707103,3.1276027776039
Train,3.20486164527284,3.20437613059403
Train,3.28184484139847,3.28268274604852
Train,3.35710795500672,3.35728973468576
Train,3.43037080987208,3.43058202640896
Train,3.50204012163821,3.50283104600385
Train,3.57184595081877,3.57278788306212
Train,3.64017285519684,3.64205910133751
Train,3.70676069880167,3.70758885271061
Train,3.77197367779375,3.7724486531115
Train,3.83556103484577,3.8360513505977
Train,3.89786821011268,3.89767829991979
Train,2.11374944733475,2.11421490379871
Train,2.34061683915293,2.34090784016735
Train,2.5556287583463,2.55624605089542
Train,2.75929575866743,2.75955474771399
Train,2.95267995739892,2.95266526128762
Train,3.13654092174186,3.13715127232717
Train,3.31173517103357,3.31205166781001
Train,3.47853700265252,3.47891316223104
Train,3.63768985289354,3.63814744120464
Train,3.78970806428591,3.79030356402291
Train,3.93520233142538,3.93570563149478
Train,4.07431271148091,4.074116933607
Train,4.20757997417101,4.20814856661673
Train,4.33536469354172,4.33519402795355
Train,4.4581179357134,4.45822544205294
Train,4.57590120583772,4.57591632558979
Train,4.68912065863185,4.68914160771965
Train,4.79803650811661,4.79806860964891
Train,4.90299193878839,4.90295914805756
Train,5.00400163362495,5.00387505436447
Train,3.84189218210925,3.84155743887459
Train,3.91914570888167,3.91814018437071
Train,3.99404245335493,3.99400151400914
Train,4.06697075439214,4.06653577014731
Train,4.13773209783996,4.1380058138966
Train,4.20668850268692,4.20623884408633
Train,4.2736477309011,4.27363777511346
Train,4.33894810605683,4.33893052680287
Train,4.40240362912144,4.40184116611636
Train,4.46433121481758,4.46427821555699
Train,4.52455101246306,4.52408079849192
Train,4.58336052897372,4.58326460571334
Train,4.64058593291853,4.64013190359765
Train,4.69650708194124,4.69634456869608
Train,4.75095600778627,4.75100583169115
Train,4.80419647036785,4.80426962716592
Train,4.8560661902854,4.85598854602722
Train,4.90681420376901,4.90661647847446
Train,4.95628373434393,4.95579545169312
Train,5.00471031572566,5.00463464476343
Train,3.17326917347123,3.17366181711623
Train,3.31114591244312,3.31130110304366
Train,3.44256973444773,3.44303419817879
Train,3.56798329569134,3.56812687869751
Train,3.68794945837806,3.68792459390534
Train,3.80250955511672,3.80281794229813
Train,3.91216706133744,3.91205835437722
Train,4.01723009311391,4.01717615333109
Train,4.11798147716839,4.11767905581291
Train,4.21468129330634,4.21457048758384
Train,4.3076933378866,4.30797458611414
Train,4.39698546294538,4.39754697583703
Train,4.48289119812497,4.48298602039358
Train,4.56559960089773,4.56570962377373
Train,4.64528591275479,4.64526991827734
Train,4.72211279862145,4.7223374264031
Train,4.79633078743111,4.79629089801892
Train,4.86787852528508,4.86799441444964
Train,4.93699006652049,4.93731300979198
Train,5.00378775675194,5.00364812300177
Train,2.42746433646033,2.42844181222972
Train,2.48640199061086,2.48622554532631
Train,2.54435298802687,2.54466913758006
Train,2.60174376549108,2.60268249731598
Train,2.65838252697084,2.65855712515258
Train,2.71408770691495,2.71346972664469
Train,2.76926864099013,2.76987200677104
Train,2.82354918999678,2.82324095634249
Train,2.87732786557413,2.87770758190163
Train,2.9304241777447,2.93063830167375
Train,2.98266694162148,2.98221625957012
Train,3.03443921864485,3.0351249490559
Train,3.08556684506708,3.08464490036567
Train,3.1358844595936,3.13543215110985
Train,3.18576056252825,3.18634538148399
Train,3.23485397289149,3.2348345585051
Train,3.2835239492721,3.28311459473116
Train,3.3316061741713,3.33192962542307
Train,3.3789443720149,3.37911828603683
Train,3.42588457504986,3.424710554802
Train,1.82646787689097,1.82655607081324
Train,1.90525791844439,1.90687827121292
Train,1.98270267548582,1.98301494041516
Train,2.05883631103993,2.05867463531831
Train,2.13391473999949,2.13422712269312
Train,2.20752038594211,2.20739506057726
Train,2.27991079699546,2.28020682021452
Train,2.35111582218725,2.35286673488372
Train,2.42116434093403,2.42215253026734
Train,2.49008430209492,2.49120869297985
Train,2.55810478786715,2.55803397942509
Train,2.62484475181526,2.62525372310847
Train,2.69053485946431,2.69031466789238
Train,2.75519968971901,2.75552954200612
Train,2.81886306018045,2.81868892015336
Train,2.88154805639523,2.88155076300973
Train,2.94346101440315,2.94410367996534
Train,3.00425295518589,3.00447058567079
Train,3.06413172113584,3.06457761939237
Train,3.12311773449742,3.12313874024767
Train,2.12516466065827,2.12592042405959
Train,2.33716114908949,2.33719278950957
Train,2.53996805982947,2.54027922862224
Train,2.7341702387169,2.73411357702571
Train,2.92030393462083,2.92065228153297
Train,3.09886174434207,3.09829068442559
Train,3.27029696576513,3.27074473834
Train,3.4350274402613,3.43480424636073
Train,3.59343895291489,3.59356967852364
Train,3.74588824882124,3.74596718128305
Train,3.89270571509763,3.89244098605923
Train,4.03419777104592,4.03445865275353
Train,4.17064900285793,4.170455763051
Train,4.30232407415955,4.3023566666343
Train,4.42946943938306,4.42926558788531
Train,4.55231488330608,4.55251624267112
Train,4.67107490699119,4.6708494036684
Train,4.78594997771227,4.78599826907521
Train,4.89712765818979,4.89718504391203
Train,5.00478362851573,5.00443913861454
Train,-2.74344279740449,-2.7443549625641
Train,-2.49832366551957,-2.49806742695364
Train,-2.2603346184739,-2.26080538107999
Train,-2.03018457327557,-2.02940400889565
Train,-1.8070023949338,-1.80789525837463
Train,-1.5899992113954,-1.59093045815098
Train,-1.37984986589535,-1.37971164879127
Train,-1.1753363876652,-1.1754565381998
Train,-0.977110728950478,-0.976449035937549
Train,-0.78446379399358,-0.786966932468204
Train,-0.596750155832868,-0.596677212608483
Train,-0.414587902391232,-0.413819536159281
Train,-0.237344491965689,-0.237791896131966
Train,-0.0644425461914411,-0.064504453119298
Train,0.103532628297502,0.102355015849753
Train,0.267510008998287,0.267940607813216
Train,0.426925364204251,0.426932123460574
Train,0.58230854151931,0.582356987084495
Train,0.734145301036514,0.733593524561002
Train,0.881901677704193,0.87966207300633
Train,4.22114307401785,4.2211945406998
Train,4.27092915387103,4.27076144602688
Train,4.31968659154348,4.319692995894
Train,4.36744694060283,4.36740450773505
Train,4.41405882320019,4.41411459110168
Train,4.45991823203486,4.45995700806816
Train,4.50486769302297,4.50472798307965
Train,4.54893402305271,4.54902087724258
Train,4.59214299550984,4.59218081368817
Train,4.63451939054477,4.63445384108854
Train,4.67592558152676,4.67593899568965
Train,4.71671046143182,4.71670808783529
Train,4.75673152064307,4.75677760001417
Train,4.7960100173901,4.79615520615334
Train,4.83456642829078,4.83444835200135
Train,4.87242048394644,4.87232951306578
Train,4.9094467456612,4.90955994677279
Train,4.94595503797459,4.94601838070594
Train,4.98181595037012,4.98170020407269
Train,5.01704655092553,5.01700096469358
Train,4.11470868154158,4.11417357163009
Train,4.17185788001603,4.17170082339726
Train,4.22786464747821,4.22798257764589
Train,4.28235986950848,4.2820721111093
Train,4.33559920371485,4.33564145852142
Train,4.38762557000765,4.38757107370475
Train,4.43866756461441,4.43853965129892
Train,4.48838497194864,4.48820581849577
Train,4.53700712917677,4.53684941400206
Train,4.58456983373308,4.58435843977713
Train,4.63127910889496,4.63096310628316
Train,4.67682056651814,4.67642459050694
Train,4.72140114312707,4.72140866246991
Train,4.76505093175444,4.76464610762923
Train,4.80795663467098,4.80767821925838
Train,4.84982700370102,4.84941513069862
Train,4.89084974959399,4.890897686877
Train,4.93105035333707,4.93049681896809
Train,4.97059884652402,4.97028648498235
Train,5.00922476797889,5.00652493764937
Train,4.21992064579747,4.21982851788198
Train,4.26974022623536,4.26967055066052
Train,4.31871438741194,4.31863861117745
Train,4.36649107150088,4.36639108565942
Train,4.4132949956313,4.41320115904819
Train,4.45915556930988,4.45915424049235
Train,4.5042762066365,4.50429568909021
Train,4.54833022727626,4.5481070549904
Train,4.59152241289011,4.59159905000706
Train,4.63387780879594,4.63375891921896
Train,4.67558247784803,4.67550623901479
Train,4.71633256765756,4.71634875586824
Train,4.75631550314629,4.75631000220164
Train,4.79555274577615,4.7954787992312
Train,4.83421518048099,4.83420428465251
Train,4.87201954791835,4.87194479481695
Train,4.90913806551148,4.90913849127537
Train,4.94558922959314,4.94557793838612
Train,4.98153056800724,4.98143894562963
Train,5.01669745030281,5.01661822237656
Train,2.87111866873502,2.87113863030754
Train,3.03689672073881,3.03691763085953
Train,3.19420326832043,3.1941874015647
Train,3.34367149289273,3.34370018861227
Train,3.48587300900729,3.48579281733328
Train,3.62132516977263,3.62121276313337
Train,3.75049735616833,3.75050986729184
Train,3.87381641140306,3.87376158356346
Train,3.99167135290364,3.99170230760501
Train,4.10441747153266,4.10443840696098
Train,4.21255285242099,4.21242907140913
Train,4.31602262236003,4.31609809459769
Train,4.41528112076258,4.41517637793004
Train,4.51058032119914,4.51068229760494
Train,4.6021524884946,4.60209253709763
Train,4.69021206873172,4.69019161102915
Train,4.77495736585336,4.77496832526595
Train,4.85657203245544,4.85658158706065
Train,4.93522639835917,4.93527493814327
Train,5.01107865718984,5.01091005048875
Train,4.3100877782714,4.31027074982558
Train,4.36115770628312,4.36131272144485
Train,4.41115580696383,4.41126263136539
Train,4.460115472284,4.46018270011336
Train,4.5080687214016,4.50800209594672
Train,4.55504627049331,4.55532806092742
Train,4.60107759836611,4.60117052792339
Train,4.64619100814373,4.64610735882525
Train,4.69041368529927,4.69047528861847
Train,4.73377175228393,4.73378428925207
Train,4.77615180588331,4.77633153606439
Train,4.81785766561425,4.81792472766756
Train,4.85877132938857,4.85876446214752
Train,4.89891515630077,4.89893536698946
Train,4.93831067186441,4.93828304856288
Train,4.97697860649986,4.97698187913193
Train,5.01493893190909,5.0149903741476
Train,5.05221089547164,5.05233483354459
Train,5.08881305278621,5.08865562787832
Train,5.12476329847349,5.12495081732413
Train,2.12016464815695,2.12045176549145
Train,2.35326866958822,2.35308165673996
Train,2.57297468503133,2.57257007522639
Train,2.78040553206236,2.7799753403342
Train,2.97656199015734,2.97590063610915
Train,3.1623389273006,3.16279482613027
Train,3.33853894949054,3.33799385160455
Train,3.50588399236667,3.50530696662099
Train,3.66502520805289,3.66578082228443
Train,3.81655143272875,3.81622704584879
Train,3.96120987843632,3.96135694997065
Train,4.09904913656665,4.09892486064928
Train,4.23073462779915,4.23027775681112
Train,4.35666945194845,4.35615655914444
Train,4.47722225462845,4.47711291364249
Train,4.59273083137362,4.59239601096488
Train,4.70350528861566,4.70318168834274
Train,4.80983082380676,4.80924510915065
Train,4.91197017717116,4.9110963878702
Train,5.01016579946084,5.0090193525939
Train,2.12744169858149,2.12779361719367
Train,2.37097148215785,2.37091809236517
Train,2.59827525324982,2.59835741319694
Train,2.81148519853475,2.81141636187385
Train,3.01160754951304,3.01185862637067
Train,3.1995623451935,3.19956829893999
Train,3.37689595906516,3.37692760374193
Train,3.54403966517891,3.54415609101852
Train,3.70226675376502,3.70228088017029
Train,3.85207286361524,3.85225082825491
Train,3.99392406399412,3.99383077287712
Train,4.12879595120404,4.12893710178105
Train,4.25702028443094,4.2569804456034
Train,4.37891419273124,4.37904450390488
Train,4.49524483898669,4.49530168052297
Train,4.60608839289181,4.60611685158801
Train,4.71210664365114,4.71222701887018
Train,4.81347243784163,4.81347945149537
Train,4.91035593674023,4.91051620731378
Train,5.00329603149841,5.00327920894051
Train,2.12923639582564,2.12913268533157
Train,2.36858506485633,2.36873959415971
Train,2.59262964289315,2.59248805961033
Train,2.80336348937816,2.80330539221177
Train,3.00166886516516,3.00170844206878
Train,3.18861376921444,3.18856413936737
Train,3.36490720732054,3.36504344056448
Train,3.53188827249751,3.53162608593266
Train,3.69006001258038,3.69019658515026
Train,3.84010163414292,3.8401075700458
Train,3.98242992542413,3.98239865379583
Train,4.11799433987357,4.11825921181662
Train,4.2470892381035,4.24681096332642
Train,4.37016694240817,4.37023144597333
Train,4.48747801001475,4.48730943421106
Train,4.59972512910831,4.5998381337813
Train,4.70708208102682,4.7069183934691
Train,4.80986162114214,4.80989129152658
Train,4.90821551623668,4.90817905641597
Train,5.00268217420648,5.00239782901917
Train,3.3581303555405,3.35806742655768
Train,3.48552923692209,3.48577266947905
Train,3.60621066552336,3.60632116908164
Train,3.72112022082648,3.720766357299
Train,3.83045774514167,3.83032416749484
Train,3.93442447594735,3.93445086870634
Train,4.03377730617876,4.03389576249901
Train,4.1284616362552,4.12858672674338
Train,4.21913759707876,4.21897634686684
Train,4.3058916975546,4.30586844550271
Train,4.38881749164177,4.38865480129607
Train,4.46846075943748,4.46869537270322
Train,4.54486908582568,4.54485096873032
Train,4.61809814921101,4.6180081863713
Train,4.68860634215515,4.68860506356214
Train,4.75628783390436,4.75622367440519
Train,4.82155383094727,4.82153462462156
Train,4.8844130678437,4.88450676923821
Train,4.94488251793182,4.94496520451867
Train,5.00331509993132,5.00309007782926
Train,2.11970819002408,2.12015843104746
Train,2.35439695283502,2.35434180082666
Train,2.57501694188082,2.57499321587238
Train,2.78331881898011,2.7831758326065
Train,2.98005861875957,2.98006410176458
Train,3.16593902633131,3.1660373218474
Train,3.34227827471404,3.34201404673513
Train,3.50958157912856,3.50964249088793
Train,3.66832588576851,3.66855615746681
Train,3.81953245900865,3.81934159839147
Train,3.96354374363294,3.96363121330069
Train,4.10086139436776,4.10087717559509
Train,4.23177597874857,4.23179521756174
Train,4.35704135783907,4.35692383038986
Train,4.47686373351261,4.4771205421639
Train,4.59144524669837,4.59158876185757
Train,4.70140033199095,4.70124253475296
Train,4.80686990281105,4.80695482155716
Train,4.90799473991276,4.90784403087309
Train,5.00528413268445,5.00539682817907
Train,3.50580575900939,3.50610935153236
Train,3.77175036935444,3.77153603778788
Train,4.01367762902903,4.01368346602612
Train,4.23427948586878,4.23430517913948
Train,4.43664259910537,4.43656646699674
Train,4.62258293097934,4.62262589377133
Train,4.79435045109314,4.7942708809569
Train,4.95320089993264,4.95319098104301
Train,5.10068010819761,5.10062650377949
Train,5.23809903316935,5.23812824430206
Train,5.366206031209,5.36617564794869
Train,5.48614763116344,5.48607687561525
Train,5.59846330519902,5.59848154527208
Train,5.70395977203252,5.70396330194853
Train,5.80333583665748,5.80314465342963
Train,5.89692769142975,5.89693505209289
Train,5.98539726985254,5.98537161109198
Train,6.06899159481619,6.0689837257778
Train,6.14825647399482,6.14827187314586
Train,6.22337371728178,6.22335704338911
Train,-0.535805342382497,-0.534910291022243
Train,-0.168468699331958,-0.168637393337121
Train,0.173127250563216,0.17348071811648
Train,0.492658789088338,0.492639364500064
Train,0.791199143134699,0.790981630540045
Train,1.07168543207368,1.07165211272149
Train,1.33482617391665,1.33524771436714
Train,1.58301046245569,1.58224734796386
Train,1.81708578223305,1.81739858024957
Train,2.03785188561479,2.03782855041572
Train,2.24711264355684,2.24746276452424
Train,2.44507903251402,2.44466096166434
Train,2.63327193619246,2.63356747621219
Train,2.81209679461256,2.81223370458611
Train,2.98195037854468,2.98217029911393
Train,3.14403533786045,3.14442890157079
Train,3.29835227457922,3.29852828361982
Train,3.44594250409114,3.44610431866386
Train,3.58676104415284,3.58708892341019
Train,3.72171743989085,3.72265091355803
Train,3.95263125566175,3.95175753055082
Train,4.02288648163984,4.02272780800558
Train,4.09099235056401,4.08964914316675
Train,4.15742951977435,4.15631772135748
Train,4.22207075531228,4.22169384059816
Train,4.28480585338668,4.28409141915472
Train,4.34607175127266,4.34528887726628
Train,4.40574598160853,4.40413185370926
Train,4.46372144599926,4.46247144048903
Train,4.52039716908693,4.51974657277242
Train,4.57565565102133,4.57457716432327
Train,4.62954939495117,4.62891833702815
Train,4.68197602719439,4.6798115982856
Train,4.73329136100342,4.732670836529
Train,4.78338457262286,4.78303114988375
Train,4.83215704686244,4.8319657034699
Train,4.87993672087812,4.87865575099568
Train,4.92661768938206,4.92622924796524
Train,4.97210515319201,4.97138441641073
Train,5.01670238294885,5.01584745247601
Train,2.86040319676761,2.86083698643779
Train,2.95516200005257,2.95513917336575
Train,3.04712330231474,3.04706561663625
Train,3.13640918463351,3.13607112971295
Train,3.22313472655317,3.22324937886879
Train,3.30765142230709,3.30779672379867
Train,3.389569224302,3.38966209565842
Train,3.46923493619347,3.46910491851304
Train,3.5467401706057,3.54698856126925
Train,3.62217163770004,3.62195797501408
Train,3.69561146877738,3.69569662734284
Train,3.76713751458212,3.76701312088699
Train,3.83682362058526,3.83709245705904
Train,3.90473988129319,3.90455943299457
Train,3.97095287542302,3.97050613687315
Train,4.03571234856193,4.03588490796392
Train,4.09870102110598,4.09851147801965
Train,4.16016733033225,4.15993282782438
Train,4.22016580789655,4.22030665969214
Train,4.27874841172472,4.2779551438216
Train,3.94834857241857,3.94855637891669
Train,4.01740782830182,4.01736045724101
Train,4.08448366602558,4.08454395540684
Train,4.14999214614001,4.15002372539675
Train,4.21366295193003,4.21353852274842
Train,4.27588763399669,4.27601916134518
Train,4.33640625917733,4.33639863692224
Train,4.39558801139962,4.39559056194776
Train,4.45332951202728,4.45342186227208
Train,4.50953957443521,4.50956874943222
Train,4.56455731325964,4.56434363000517
Train,4.61814675620209,4.6182070741088
Train,4.6706290126182,4.67067240120014
Train,4.72190723519698,4.72189208914642
Train,4.77189501457726,4.77198087913712
Train,4.82088906483323,4.82084091975412
Train,4.86867467599852,4.86875661078739
Train,4.91553384593695,4.9155103386729
Train,4.96125967032967,4.96113813223928
Train,5.0061205195486,5.00608821293281
Train,4.00572486412074,4.00467802467392
Train,4.07069386799758,4.06931407906814
Train,4.1341514785684,4.13410920496244
Train,4.19582186023062,4.19542836323672
Train,4.25593840039826,4.2555147275707
Train,4.31455909413189,4.31435018540287
Train,4.37189090164368,4.36886737699388
Train,4.42767899470071,4.42558402866052
Train,4.4821289332508,4.4818329351001
Train,4.53528829293779,4.53531316186127
Train,4.58734033580375,4.58603022232637
Train,4.63804930355442,4.63688527990598
Train,4.68759766170562,4.68586539855096
Train,4.73602480488829,4.73365255841418
Train,4.78349420479014,4.78220657336351
Train,4.82978737850795,4.82845976941098
Train,4.87506741754815,4.8742711265586
Train,4.91936722087082,4.91777098856619
Train,4.96283356217221,4.96101606914453
Train,5.00526359910687,5.00414412434111
Train,4.30786190900008,4.30751882031836
Train,4.34911875274351,4.34897400634509
Train,4.38958931103504,4.38945357795092
Train,4.42958690573192,4.42972927015944
Train,4.4688315680982,4.46867987866426
Train,4.50762669888236,4.50791400111848
Train,4.5457003340541,4.54567629865051
Train,4.58334642240813,4.58261364394275
Train,4.62043602756402,4.62032059226476
Train,4.65684802204323,4.65687665726
Train,4.69286298479566,4.69251930704559
Train,4.72822755697104,4.72843474978799
Train,4.76321391515958,4.76310227406066
Train,4.79770151081248,4.79741199384443
Train,4.83157681748398,4.8316386519873
Train,4.86510009875306,4.86467595372233
Train,4.89803478641953,4.89810835192111
Train,4.93063364025521,4.93007648807543
Train,4.96266634938228,4.9625050407958
Train,4.9943784928849,4.99395466139686
Train,2.11381598162526,2.12625919389757
Train,2.35975152066355,2.37379480094387
Train,2.58971946633783,2.59304939414142
Train,2.80467502260375,2.80857349749931
Train,3.00629967367229,3.00975944043967
Train,3.19603934511922,3.1983772871863
Train,3.3744561700665,3.37501063746822
Train,3.54275020653373,3.54335296116551
Train,3.70196371008232,3.70294417449259
Train,3.85242458682499,3.85268335551882
Train,3.99501860905168,3.99703510286054
Train,4.13034703663764,4.13108785779332
Train,4.25911725960685,4.26030357561467
Train,4.38147857577099,4.38114117849182
Train,4.49804807547099,4.4987452094756
Train,4.60937113197392,4.60940700631909
Train,4.71551941404335,4.7157667490028
Train,4.81697652558721,4.81686416365483
Train,4.9141723493683,4.91423630227655
Train,5.00712889188085,5.00704644544021
Train,2.12824086014106,2.12912749006136
Train,2.36563577693557,2.3677834490336
Train,2.58876682572363,2.58950349436782
Train,2.79834575793185,2.80050104348993
Train,2.99607567896539,2.99806429137971
Train,3.18245605234944,3.18360199215385
Train,3.35888799165738,3.35944662754264
Train,3.5257189974797,3.52731839999251
Train,3.68411765957447,3.68594080899493
Train,3.83432136404427,3.83550531752553
Train,3.97731673355594,3.97869969785097
Train,4.11326056571537,4.11455488604042
Train,4.24299498980412,4.24420773825841
Train,4.36661735849057,4.36701988339701
Train,4.48485354581673,4.48737172910842
Train,4.59775679944579,4.59848395387962
Train,4.70595833691108,4.70713026163867
Train,4.80947855874789,4.81006748496657
Train,4.90887077214744,4.90923107734852
Train,5.00413087628045,5.00419644257636
Train,2.12437101382411,2.12466900454456
Train,2.3512290524144,2.35105577037393
Train,2.56592591238666,2.56604103669088
Train,2.76941395359665,2.76932387552733
Train,2.96254862471074,2.96257473935111
Train,3.14610048437293,3.14614929392337
Train,3.32076547631727,3.32081734383974
Train,3.48717374731251,3.48718203549652
Train,3.64589724346215,3.64594830047645
Train,3.79745627785903,3.79758389043855
Train,3.9424936801774,3.94247730880306
Train,4.08109875316139,4.08122251944587
Train,4.21384435438266,4.21378962170638
Train,4.34109435273269,4.34117083293313
Train,4.46318310010972,4.46323240996935
Train,4.58041836494487,4.58044960172629
Train,4.69308392269098,4.69308923649805
Train,4.80144184917884,4.80135218484065
Train,4.90573455585667,4.90579699196678
Train,5.00618660018172,5.00619152849322
Train,5.12825314714536,5.12790294039587
Train,5.22807324783376,5.22752059569757
Train,5.3234386606687,5.32335222163238
Train,5.41445300671969,5.41427676155217
Train,5.50149719276265,5.50140672167618
Train,5.58491156061234,5.58484691033664
Train,5.66475330276161,5.66475309642556
Train,5.74140541072409,5.7412267308755
Train,5.81490305516721,5.81486334122383
Train,5.88551001183648,5.88539264622159
Train,5.95346382818578,5.9535493252115
Train,6.01877586215715,6.0184992656541
Train,6.08166230086552,6.08176044314314
Train,6.1423186225749,6.14230339905771
Train,6.20074012447725,6.20068130165237
Train,6.25716493748282,6.25723677805945
Train,6.31158068255573,6.31146735895527
Train,6.36414726549828,6.36408603308155
Train,6.41501012561041,6.41510911330624
Train,6.46414862124372,6.46411191080551
Train,3.80787064129186,3.80840121358779
Train,3.8898763491532,3.89001312266555
Train,3.96929618216408,3.96968475421454
Train,4.04625055192399,4.04651920668039
Train,4.12085250832296,4.12121026709428
Train,4.19303900848582,4.1931973877472
Train,4.26325354655403,4.26343344330962
Train,4.33141573353746,4.33153324294472
Train,4.39761425773164,4.39797708252081
Train,4.46193277000705,4.46192845643964
Train,4.52445023645379,4.52464587110808
Train,4.58524126181113,4.58551629078283
Train,4.64437638646708,4.644578721367
Train,4.70192235951398,4.7019348902395
Train,4.75794239008229,4.75821169542178
Train,4.81236848862255,4.81257871403068
Train,4.86551652420822,4.865655248861
Train,4.9173091080499,4.91758040907735
Train,4.96779744005766,4.96779474755749
Train,5.01703017355194,5.01702438679422
Train,3.806617109391,3.80530263281616
Train,3.88872745957526,3.88858061190331
Train,3.96805714263483,3.96775443222941
Train,4.04511904278585,4.04449326796748
Train,4.11982671861387,4.11943351275841
Train,4.19211020094286,4.19138772131191
Train,4.26242708916631,4.26237778200812
Train,4.33068986335162,4.32949162939985
Train,4.39682588928662,4.39639561641161
Train,4.46124608316893,4.46027729666457
Train,4.52386335476693,4.52368355354702
Train,4.58475234690992,4.58421810130676
Train,4.64383937400634,4.64389946345182
Train,4.70148360033293,4.70087372230773
Train,4.75760000785312,4.75727795959028
Train,4.81211536859238,4.8115372449065
Train,4.865356297876,4.86541168763506
Train,4.91724002756876,4.91664548335757
Train,4.96769448492966,4.96759828802533
Train,5.01701804254222,5.01601747109453
Train,3.80588284254704,3.8051927216984
Train,3.88763077769702,3.88702546461718
Train,3.9668537308049,3.96736451423203
Train,4.04366690789852,4.04348576085977
Train,4.11817861140821,4.1181465431473
Train,4.19049074964758,4.19068652925853
Train,4.26069930183139,4.26039397454224
Train,4.32889474309265,4.32917305976662
Train,4.39516243345652,4.39480717601691
Train,4.45958297428733,4.46006513985776
Train,4.52208645869079,4.521963324034
Train,4.5830410130851,4.58316165583892
Train,4.64236465318102,4.64265436971982
Train,4.70012197055097,4.70010234154324
Train,4.75637419038466,4.75665092977215
Train,4.81117938797974,4.81161962258921
Train,4.86459268873759,4.86497187181521
Train,4.91666645311231,4.91737668763744
Train,4.96745044781713,4.96778034947783
Train,5.01699200446504,5.01696102703863
Train,0.176039307231385,0.176093377882353
Train,0.491829061560372,0.49177306351703
Train,0.786189983580055,0.785932479873736
Train,1.060260249714,1.06010061772758
Train,1.3165208250122,1.31590586162201
Train,1.55707898845063,1.55683340453106
Train,1.78253343107456,1.78176994500973
Train,1.99463927302696,1.99454175014034
Train,2.19490352153171,2.19412560628189
Train,2.3836181001812,2.38270969442237
Train,2.56207124256819,2.56033132395532
Train,2.73107775108345,2.72962311315132
Train,2.89165437654659,2.88976832202388
Train,3.04387222746022,3.04191428381091
Train,3.18862533618351,3.18682334416371
Train,3.32669603920296,3.32540601577421
Train,3.458066060632,3.45597977874422
Train,3.583435393406,3.58103421987835
Train,3.70342045735597,3.69977135489171
Train,3.81794992943887,3.81476721251966
Train,2.12504486247883,2.12584237983538
Train,2.37489199552404,2.37507423106581
Train,2.60767217902113,2.60742016297445
Train,2.8244986217606,2.82481076760087
Train,3.02722669966997,3.02745431690346
Train,3.21744156556698,3.21817690038006
Train,3.39579031130041,3.3959365596711
Train,3.56357351961028,3.56456630866523
Train,3.72191458341093,3.7221408364785
Train,3.8711886297476,3.87201521488532
Train,4.0123415361702,4.01294082687673
Train,4.1460184888255,4.14633560715811
Train,4.27296821072343,4.27342262523234
Train,4.39336241952189,4.39405598738813
Train,4.50784962688509,4.50821513440678
Train,4.617000697633,4.61727093808076
Train,4.72090040077817,4.72124277292096
Train,4.82005198778212,4.82056547691172
Train,4.91490121639626,4.91503770904455
Train,5.00547786237325,5.00560781173772
Train,2.12749913734611,2.12678706671431
Train,2.37925839223504,2.37734731660748
Train,2.61285901515677,2.61206506661983
Train,2.83078537289142,2.83043588602595
Train,3.03428807162891,3.03277204127153
Train,3.22475320633669,3.224423083695
Train,3.40315267803497,3.402819430401
Train,3.57105287025575,3.57059352193028
Train,3.7291390736078,3.72873949463974
Train,3.87824731562602,3.87779583952579
Train,4.01892969351737,4.01855628148769
Train,4.15224331228767,4.15182462233861
Train,4.27857991926452,4.27845444837658
Train,4.39847326376307,4.39790592185091
Train,4.51224861884756,4.5121062066828
Train,4.62065821805496,4.62034501238304
Train,4.72393158977961,4.72380699250789
Train,4.82242530335493,4.82231774877437
Train,4.91633511783574,4.9160827074993
Train,5.00621937921477,5.00592707696342
Train,2.12250081614239,2.12167759545991
Train,2.37137815312197,2.36949235482462
Train,2.6035019872609,2.60181611950975
Train,2.81992548588734,2.81885186168074
Train,3.02273494307519,3.02188264496363
Train,3.21266267447096,3.21196139824315
Train,3.39137986178172,3.38933055482266
Train,3.55939585741418,3.55765113487723
Train,3.71785785359595,3.716916624242
Train,3.86776095855601,3.86681731538192
Train,4.00939607948925,4.00852090477201
Train,4.14379257918816,4.1428004930458
Train,4.27114552784829,4.27061901218622
Train,4.39215851123576,4.39118377799969
Train,4.50744991679182,4.50636292518902
Train,4.61711762343804,4.61602640578349
Train,4.7218475913991,4.7215375996966
Train,4.82169386306172,4.82050948732649
Train,4.91724991121634,4.91668559526079
Train,5.00853741419454,5.00784627360918
Train,3.12589242671175,3.12369512115765
Train,3.18840736762524,3.18823743358007
Train,3.24961871669671,3.247384606173
Train,3.3093403703835,3.30966295030521
Train,3.36806855125741,3.36838473823445
Train,3.4256092008536,3.42501070079015
Train,3.48199797791098,3.47956274238823
Train,3.53726912765386,3.53699134738781
Train,3.59125075452547,3.59008621277462
Train,3.64438803489498,3.64492487534517
Train,3.69650250230504,3.69624533530805
Train,3.74762340667057,3.74625333749646
Train,3.79758926075564,3.79764656105908
Train,3.8468099525491,3.84644353636395
Train,3.89511830851896,3.89439979173039
Train,3.94253946179539,3.94239521107738
Train,3.98909763074818,3.98826827248922
Train,4.03464322954132,4.03426718779519
Train,4.07954770695401,4.07900133919611
Train,4.1236566866922,4.12102412142121
Train,2.30174952238649,2.30124274206537
Train,2.42563849430021,2.42535007055994
Train,2.54472832004564,2.54473056495044
Train,2.65986408848766,2.65986156292274
Train,2.77096213948657,2.77069759387814
Train,2.8782312120723,2.87838923244999
Train,2.9816079679532,2.98068059044817
Train,3.08179842266637,3.08133749754779
Train,3.17870542979105,3.17876582553072
Train,3.27248779514222,3.27144900867643
Train,3.36306799464951,3.36282932124232
Train,3.45104497922095,3.45018182400599
Train,3.53631602303299,3.53634289970432
Train,3.61900407670275,3.61745224377228
Train,3.69902468544491,3.69813268339203
Train,3.77689263870125,3.7764247562227
Train,3.85250428662077,3.85208730853628
Train,3.92595629688816,3.92581643617814
Train,3.99716171304927,3.99638794104249
Train,4.06656796529797,4.06475454626707
Train,3.80127752748531,3.80165150884204
Train,3.88376399142518,3.88357756077676
Train,3.96354427333367,3.96332515207541
Train,4.04074939885598,4.04094675566739
Train,4.11550206946231,4.11493500034703
Train,4.18807501362775,4.18852479789348
Train,4.25825595785258,4.25842956882116
Train,4.32630903701418,4.32620349465651
Train,4.39232958027726,4.39245487196968
Train,4.45640730621492,4.45586117857601
Train,4.51862672958719,4.51874053644133
Train,4.57906753323467,4.57910492900191
Train,4.6378049085286,4.63822173800872
Train,4.69490986743565,4.69491699600258
Train,4.75044952892091,4.74990995994085
Train,4.80460531499195,4.80468172795008
Train,4.85719833594022,4.85743082898989
Train,4.90840670928397,4.90857913276341
Train,4.95828440621353,4.95793511375814
Train,5.00688262895638,5.00645094309584
Train,4.42405771003172,4.42419334290025
Train,4.4670126291091,4.46740380854681
Train,4.50905801934973,4.50885381343687
Train,4.55049287462654,4.55072005483453
Train,4.59119658831956,4.59117410259205
Train,4.63118834329603,4.63074525535194
Train,4.67035808054275,4.67019720835015
Train,4.70898303512818,4.70921813741734
Train,4.74694964498972,4.74715039535658
Train,4.78427459967259,4.78426522123482
Train,4.82085392069449,4.82098954124376
Train,4.85694540720588,4.85662912755652
Train,4.89244199366787,4.89256935948652
Train,4.92735826855581,4.92714056538534
Train,4.96159589677789,4.96153425047305
Train,4.99539524201747,4.99464155280293
Train,5.02865523458299,5.02866707998692
Train,5.06138868235503,5.06140223541661
Train,5.09350248887403,5.09325915863155
Train,5.12522131481153,5.12490926609098
Train,4.07463428571429,4.07669413586336
Train,4.1424878817734,4.14311672855547
Train,4.20763150318192,4.20855477066289
Train,4.27005571943413,4.2701887796029
Train,4.33025108942232,4.332642448353
Train,4.38817811066825,4.38793451402671
Train,4.44396262968043,4.44611567908942
Train,4.49772135282087,4.49954968462043
Train,4.54942277315042,4.54922915816132
Train,4.59945231154328,4.60042670767143
Train,4.64775881540354,4.64809075443191
Train,4.69442979071714,4.69462342270708
Train,4.73942502629774,4.73921088012867
Train,4.7830685914796,4.78355077722881
Train,4.8253058575665,4.82544965013949
Train,4.86620371825587,4.86723663446901
Train,4.90582489087089,4.90562423611118
Train,4.94412435061645,4.94410518074437
Train,4.98136829008649,4.98138236615341
Train,5.01750156316566,5.01725990842897
Train,4.11391224174551,4.11288387500827
Train,4.17086899875919,4.17038900915213
Train,4.22654643261608,4.22655895631397
Train,4.28098716752216,4.28071952980827
Train,4.33423195495662,4.3342479478888
Train,4.386319775404,4.38574760019401
Train,4.43728793352601,4.43707617760083
Train,4.48717214726119,4.48675087948868
Train,4.53600663129973,4.53595572509221
Train,4.58382417534343,4.58376144377326
Train,4.63052638339636,4.63008950527728
Train,4.67640571428571,4.67580329068005
Train,4.72135855700427,4.72142094024093
Train,4.76541269530156,4.7643196508252
Train,4.80859481300768,4.80817151167139
Train,4.85093054793016,4.85097979675629
Train,4.89244454261248,4.89128797978265
Train,4.9331604921652,4.93267534342885
Train,4.97310118936505,4.97289114788509
Train,5.01228856720203,5.01172121785203
Train,4.31041569693412,4.30961377431595
Train,4.36150201322049,4.36162406635776
Train,4.4113712724966,4.41168232609925
Train,4.4603569816047,4.45991634900201
Train,4.50833916000455,4.5082155563905
Train,4.55534833281064,4.55538559876004
Train,4.60127684922546,4.60113432302751
Train,4.64642945323015,4.64744641144352
Train,4.69069343394197,4.69067558447932
Train,4.73409476849156,4.73410876542039
Train,4.77653184227533,4.77567548505976
Train,4.81828426118081,4.8185507569433
Train,4.85924606970945,4.85952078734772
Train,4.8994395133602,4.89936444904379
Train,4.93876865029425,4.9387360560213
Train,4.97749098250746,4.97740402639829
Train,5.01550681702997,5.01587398977063
Train,5.05283531438251,5.05291375003435
Train,5.08938584281513,5.08862573896113
Train,5.12539636033461,5.12554742868087
Train,2.13243861956292,2.13248406876301
Train,2.34128924043706,2.34105355158317
Train,2.54147236406507,2.54149674842483
Train,2.73351658577987,2.73367873385723
Train,2.91764908754638,2.91766120359171
Train,3.09484693270104,3.09493345115698
Train,3.26525431926018,3.26568960661098
Train,3.42925423805619,3.429912756048
Train,3.58720140982669,3.58763427186204
Train,3.73942484636421,3.73974187575732
Train,3.88602325679968,3.88640978265903
Train,4.02770179249685,4.02762263529075
Train,4.1645107136517,4.16484202292486
Train,4.29669683792838,4.29669004612879
Train,4.42449058009706,4.42468443180042
Train,4.54810729238474,4.54794915964158
Train,4.66757958015531,4.66783543763086
Train,4.78343928285984,4.78301574438228
Train,4.89568893908169,4.89576469031817
Train,5.00449468742572,5.00402772564848
Train,2.12760523077417,2.12884904434395
Train,2.34637372309523,2.34697810305443
Train,2.55457813048694,2.55428588588256
Train,2.75296560508509,2.75341597021179
Train,2.94221446468269,2.94203059589927
Train,3.123221454504,3.12381767395345
Train,3.29597824642569,3.2960293367687
Train,3.46129167080254,3.46136013220166
Train,3.61963263821041,3.61963919667323
Train,3.77143315625735,3.77132961013558
Train,3.9170902656182,3.91707241398035
Train,4.05696950766991,4.05665204216712
Train,4.19140798749415,4.1913510016384
Train,4.32071708628142,4.32058101515577
Train,4.44518486907893,4.44454151024547
Train,4.56526444033518,4.56526650485102
Train,4.68082434171382,4.68056349632752
Train,4.7922878682364,4.79190480196849
Train,4.89986903945461,4.8996714164241
Train,5.00376722120807,5.00290489141844
Train,0.881313407493903,0.882342228833295
Train,1.04022533311853,1.04038493334519
Train,1.19485035881755,1.19476802228382
Train,1.34455630837884,1.34442234057497
Train,1.49035156023774,1.49048025552474
Train,1.63162894722668,1.63147419241432
Train,1.76932972330652,1.76935505855363
Train,1.90287082845417,1.90320108753804
Train,2.03278477320619,2.03267936557677
Train,2.15955630663759,2.15948501781168
Train,2.28263671028192,2.28276448597899
Train,2.40282653217886,2.40279860807641
Train,2.51959872791927,2.51961465297791
Train,2.63340110973659,2.63325823660489
Train,2.74464323365736,2.74452226826907
Train,2.85282871803426,2.85299279401079
Train,2.95864722385864,2.95863668658421
Train,3.06162162721572,3.06152670579468
Train,3.16240370553857,3.16231812575643
Train,3.26053467173671,3.26009507291747
Train,3.20745703847065,3.20883078788756
Train,3.30170650686263,3.30283111890094
Train,3.39306209800919,3.39347205934246
Train,3.481655078994,3.48138685764206
Train,3.56760889607013,3.56879418533208
Train,3.65103974856348,3.65185136123182
Train,3.73205711297071,3.73210612728144
Train,3.81076422222222,3.81110093533425
Train,3.88725850452219,3.88791726747877
Train,3.96163198568811,3.96198649357393
Train,4.03414958402946,4.03392702427664
Train,4.10453298015473,4.1045960885167
Train,4.17304297401347,4.17340668735415
Train,4.23975338006026,4.23984968502191
Train,4.30473418517441,4.30523255563094
Train,4.36805179357886,4.36791424444527
Train,4.42976925319048,4.43018958615721
Train,4.48994646502365,4.49060891044064
Train,4.54864037710914,4.54874079932051
Train,4.60590516424798,4.60620922524686
Train,3.81322948551779,3.81205024793235
Train,3.90691893116058,3.90686531614847
Train,3.99499599651112,3.99466371294693
Train,4.07829800435941,4.07843999677061
Train,4.15687309776207,4.15645904171834
Train,4.2314241501863,4.23136912048722
Train,4.30195598079178,4.30177146089773
Train,4.36906600413628,4.36823423619353
Train,4.43286309570572,4.43306611098524
Train,4.49345921462985,4.49313938647538
Train,4.55133206798867,4.55142741683812
Train,4.60642880980625,4.60608303612025
Train,4.6591659071363,4.65917735415496
Train,4.7095853832341,4.70958362130114
Train,4.75773519097383,4.75743747468368
Train,4.80395954642162,4.8040432560374
Train,4.84818469075593,4.84785449646733
Train,4.89071654213727,4.89073427747644
Train,4.9314780344064,4.9314950659973
Train,4.97074279761159,4.97042169834094
Train,2.11871101732342,2.11981030950119
Train,2.35639971209534,2.35598021276746
Train,2.57961855820311,2.57942256922615
Train,2.78989134529572,2.78997716061349
Train,2.98785655932474,2.98884194211496
Train,3.17477896625679,3.1756380611514
Train,3.35155747229536,3.35118621628135
Train,3.51899599735828,3.51929768557966
Train,3.67799902481864,3.67739960784456
Train,3.82883959521849,3.82941287772337
Train,3.97229603415125,3.97199724255552
Train,4.10889760260885,4.10870090787648
Train,4.23927485409542,4.23893629417944
Train,4.36355570378415,4.36355755521072
Train,4.48229529172797,4.48156320666021
Train,4.59585613532836,4.59581714261367
Train,4.70456980496575,4.70434250402832
Train,4.80886099985393,4.80844569734472
Train,4.90876211796032,4.90774205955677
Train,5.00465578625424,5.00390874265213
Train,2.12948535332106,2.12916459275584
Train,2.36808451852299,2.36810748767311
Train,2.59186526912554,2.59212267425755
Train,2.80216649499457,2.80224293182982
Train,3.000170504711,2.99966014319216
Train,3.18692526529574,3.18697240296024
Train,3.36336295610416,3.36355661267589
Train,3.53031553040329,3.53034041641149
Train,3.68852783291814,3.68873939574041
Train,3.8386687097472,3.83886782809714
Train,3.98117658853724,3.98129840968249
Train,4.11693089856034,4.11648605879236
Train,4.24625164233841,4.24589563012705
Train,4.36958557581574,4.36920163288232
Train,4.48733902625815,4.48713111684629
Train,4.59988236426554,4.59982808573113
Train,4.7075538950272,4.70744106631173
Train,4.8106632549458,4.81038897318285
Train,4.90949438546162,4.90948275857954
Train,5.0043081442292,5.00385988440394
Train,3.80686095628512,3.80528066065017
Train,3.88825780035489,3.88824350802315
Train,3.96735305420407,3.9670414868342
Train,4.04390277421532,4.04312579294492
Train,4.11819219791182,4.11825400857197
Train,4.19048006029031,4.18999104529576
Train,4.26053463553273,4.25975673189896
Train,4.32860849110071,4.32848880493839
Train,4.39493142283059,4.39452871732283
Train,4.45928377012633,4.45842101824383
Train,4.52189070250458,4.52171730023474
Train,4.58282228061717,4.58237201163865
Train,4.64227670641411,4.64199903689951
Train,4.70004978487365,4.69958430391125
Train,4.75633656690906,4.75547879918668
Train,4.81131565928723,4.81144443646554
Train,4.86479384963001,4.86479869118193
Train,4.91694739191074,4.91667010945093
Train,4.96793808513569,4.96796615346102
Train,5.01758310678026,5.01666420587571
Train,3.80679430504339,3.80798881434384
Train,3.88778650624006,3.88832361786262
Train,3.96636833684948,3.96705060349996
Train,4.04264582006686,4.04297686890641
Train,4.11688107377723,4.1173610961996
Train,4.18883926678568,4.18929475382174
Train,4.25877631363443,4.25891946353295
Train,4.32677618926272,4.32741847505895
Train,4.39291828014959,4.39307817066219
Train,4.45727769348714,4.45778236297701
Train,4.52006290390445,4.52040430292618
Train,4.58106298535578,4.5813335247949
Train,4.64048290846607,4.64107441171655
Train,4.69838328726409,4.69877169780739
Train,4.75482167475606,4.75495525622318
Train,4.80985275374445,4.8102676197268
Train,4.86364632096847,4.86399053622881
Train,4.91601337261856,4.91593055435078
Train,4.96712174883294,4.96720894123064
Train,5.01701629032258,5.01728156167519
Train,3.80611972270364,3.8061572237857
Train,3.88731910707581,3.88711550835797
Train,3.96625146411162,3.96589421184399
Train,4.04267301536831,4.04298675627433
Train,4.11702825065274,4.11680654932934
Train,4.18908159294882,4.18806255698655
Train,4.25924659584589,4.25887244164551
Train,4.32729583140517,4.32675629731966
Train,4.39361508479803,4.39402607981174
Train,4.45798494631505,4.45777832443855
Train,4.52076618154539,4.51928025772941
Train,4.58174721307592,4.58263607403205
Train,4.64126618351841,4.6395116549611
Train,4.69911912423919,4.69923596892841
Train,4.75562365370924,4.75600503115129
Train,4.81058316405152,4.80995365341005
Train,4.86429659539017,4.86347404022672
Train,4.91657443783087,4.91623693518704
Train,4.96769858284785,4.96827282641607
Train,5.01748634825444,5.01623651625414
Train,3.80623805303049,3.80517655013318
Train,3.88753078020919,3.88795772682352
Train,3.96637498914405,3.96620506310137
Train,4.04271066599911,4.04271563962175
Train,4.11698331648424,4.1171640236862
Train,4.18911552401937,4.18890787328564
Train,4.25919850153353,4.25936509833264
Train,4.32731835193961,4.32708712281965
Train,4.39340995199618,4.393656246717
Train,4.45784711642854,4.45785727556722
Train,4.52055203115629,4.52042004745454
Train,4.58159362124596,4.58176188121797
Train,4.64090566213999,4.64135263473509
Train,4.69881655337345,4.69827009207802
Train,4.75525002877237,4.75517794852567
Train,4.81026191371953,4.8099767953463
Train,4.86390525603733,4.86367331655492
Train,4.9161146136343,4.91609668261663
Train,4.96717254044537,4.96765047997178
Train,5.01700594790432,5.01657435439847
Train,3.80454649010638,3.80468386781649
Train,3.88620973410509,3.88590801959435
Train,3.96520051675306,3.96536073717652
Train,4.04200080796561,4.04210582843007
Train,4.11652832777307,4.11628910384388
Train,4.18871590068989,4.18901263011139
Train,4.25899516781115,4.25922619167977
Train,4.32712567822561,4.32670934546695
Train,4.39350985115307,4.3939269689472
Train,4.4580647114781,4.45772211943404
Train,4.52072010590495,4.52067536023605
Train,4.58183995535504,4.5817177669378
Train,4.64134236269766,4.64156491205358
Train,4.69915706485423,4.69846849975147
Train,4.7556148422511,4.75587637728313
Train,4.81050863151791,4.810585796542
Train,4.86414962297946,4.86422444388882
Train,4.91645909771057,4.91646949604183
Train,4.96736826217722,4.96704022428821
Train,5.01716207657154,5.01709535076225
Train,3.80700622888093,3.80683009037966
Train,3.88877427138241,3.88926266738781
Train,3.96800600174478,3.9673485809908
Train,4.04481762614159,4.04497478028134
Train,4.1193183585778,4.11892281881228
Train,4.19176990969564,4.19142637374171
Train,4.26194646769299,4.26235483284472
Train,4.33010297897973,4.32985757535062
Train,4.39632542721955,4.39610354895194
Train,4.46069498446434,4.46068524089787
Train,4.52328834308046,4.52312507576789
Train,4.58417802057164,4.58421983244625
Train,4.64343263984584,4.64295036315889
Train,4.70111718720335,4.70099763217149
Train,4.75729325008537,4.75745738544356
Train,4.81213981254375,4.81215451142634
Train,4.86546810011917,4.86487964169646
Train,4.91745449790918,4.9175149913317
Train,4.96814902518575,4.96789900739896
Train,5.01759924575596,5.01738515808393
Train,3.80596336604268,3.80602246230774
Train,3.88769996513518,3.88778558744161
Train,3.96674161449095,3.96666341568198
Train,4.04355965949606,4.04365234880606
Train,4.11808074467046,4.11796131655137
Train,4.19040637558598,4.19050880538998
Train,4.26047628850373,4.26035726406917
Train,4.32869680202522,4.32887796125942
Train,4.39499247859256,4.39497548106738
Train,4.45944364865415,4.45933186288312
Train,4.52198698971251,4.52215350971892
Train,4.58297654566406,4.58287914749235
Train,4.6423371550814,4.64240942655306
Train,4.70013321830006,4.70008420941667
Train,4.75630064541361,4.75634863776577
Train,4.81115082293435,4.8112488302686
Train,4.86461027507873,4.86449437569536
Train,4.91673123242365,4.91684819823786
Train,4.96745026806128,4.96742438918955
Train,5.01704349793831,5.01702785620728
Train,2.12495056724821,2.12499864288839
Train,2.34945777282283,2.3494722847463
Train,2.56222321742098,2.5623791608341
Train,2.7641445707376,2.76398980789236
Train,2.95625223204811,2.95656614846666
Train,3.13882167745276,3.13840517099379
Train,3.31274714406066,3.31302121408589
Train,3.47862832524072,3.47848182392045
Train,3.63701069498069,3.63714847807933
Train,3.78839150003933,3.78858775731715
Train,3.93339306210399,3.93291464335562
Train,4.07208793953699,4.07229414176982
Train,4.20503299368069,4.20473655317983
Train,4.33257851609173,4.33277561238719
Train,4.45504691063629,4.4547682688135
Train,4.57273541460253,4.57276658320916
Train,4.68605019663049,4.68603618434281
Train,4.79497683635959,4.79489448386084
Train,4.89988733030091,4.89976470649344
Train,5.00099977196109,5.00081261825835
Train,3.12057470503998,3.12111549110705
Train,3.25056695041291,3.25053819530876
Train,3.37621872657534,3.37642867476097
Train,3.4977438575222,3.49781418305065
Train,3.61534234937141,3.61643194647331
Train,3.72937877692919,3.73209660001885
Train,3.8396686208536,3.8398969076261
Train,3.94655966910797,3.94732439916697
Train,4.05020664832263,4.051438069906
Train,4.15075503382182,4.15169049345059
Train,4.24834173087499,4.2488620663753
Train,4.3430956966223,4.34317175327669
Train,4.43513850861546,4.43619229863543
Train,4.52458488524473,4.52557370748036
Train,4.61154316273624,4.61213617765679
Train,4.69624771173823,4.69671239412855
Train,4.77852787647681,4.77870043389703
Train,4.85861100191392,4.85874254718874
Train,4.93658392646145,4.9366555790366
Train,5.01252897163456,5.0124273851543
Train,4.42397364004492,4.42480226961197
Train,4.46683735539606,4.46741588089935
Train,4.50893936539061,4.50943966319755
Train,4.55029979492786,4.55116772640031
Train,4.59081178213107,4.59175233514543
Train,4.6307488212185,4.63116694266864
Train,4.67000050224061,4.66987129135669
Train,4.70858431721445,4.70926225205403
Train,4.74651716792629,4.74726710719187
Train,4.78381539061844,4.78401299243342
Train,4.82038074793771,4.82070884807035
Train,4.8564584459679,4.85643955529667
Train,4.89194731473712,4.89226155597498
Train,4.92686165310814,4.92688397373422
Train,4.9612153006917,4.96129250834201
Train,4.99502165613748,4.99507203297981
Train,5.02819021518429,5.02832075930201
Train,5.06094212110785,5.06081896118485
Train,5.09318441768244,5.09327945154655
Train,5.12492890713027,5.1247310017643
Train,2.12550104692162,2.12572076109427
Train,2.36249646776252,2.36220201695323
Train,2.58505640723356,2.58460733921311
Train,2.79446079096045,2.7943884623237
Train,2.99161351625738,2.99106281480636
Train,3.17799179941986,3.17769607346418
Train,3.3542501589361,3.35406087489173
Train,3.52119104304165,3.52115070048603
Train,3.67953424563131,3.67934527389662
Train,3.82992728112534,3.82937727078388
Train,3.9727875343067,3.97284558200408
Train,4.10898451819272,4.10869159987851
Train,4.23882202114306,4.23856929615431
Train,4.36273529873528,4.36242286146444
Train,4.48112077281812,4.48111406293538
Train,4.59434026797352,4.59439462393857
Train,4.70259797540691,4.70231052417512
Train,4.80645584613463,4.80684490433487
Train,4.90605999608534,4.90556321142139
Train,5.00166651130452,5.00160933164807
Train,2.12904881893534,2.12826894789032
Train,2.36467502334078,2.36432717959542
Train,2.5863717544168,2.58677844758495
Train,2.79486546174269,2.79430321434847
Train,2.99152432623126,2.99183335874841
Train,3.17753928220471,3.17761807215356
Train,3.35335162280537,3.35382917668176
Train,3.51996756608778,3.51996553674326
Train,3.67827029863456,3.67834797129763
Train,3.8285242355018,3.82880551949347
Train,3.97149069765597,3.97142892993725
Train,4.10768730780933,4.10802105785478
Train,4.23773203527581,4.23787539080149
Train,4.36174904466134,4.36173321828755
Train,4.48028311048674,4.48018033998596
Train,4.59381959626278,4.59384388311446
Train,4.70241946335215,4.70286820200272
Train,4.8065167131807,4.80655780354209
Train,4.90649997779317,4.90651693188556
Train,5.00238865030275,5.00247745056186
Train,2.12501527018452,2.1254218381182
Train,2.35003051178219,2.35074841769892
Train,2.56320298552501,2.56290002783135
Train,2.76544366309285,2.76617012546922
Train,2.9577821852447,2.95769005786497
Train,3.14052880265688,3.14123212306004
Train,3.31457352501106,3.31488708555844
Train,3.48052343913084,3.48102329088942
Train,3.63893044409494,3.63927949891877
Train,3.79029738299524,3.79041730561948
Train,3.935241980896,3.93596854660427
Train,4.07386039520268,4.07384631842069
Train,4.20670336561969,4.20676396521958
Train,4.3341244713593,4.33408275440524
Train,4.4564490068171,4.45694012439344
Train,4.57397675444721,4.57392870743934
Train,4.68710854989513,4.68706376861883
Train,4.79584736949743,4.79596907517407
Train,4.90055910934902,4.90063501947225
Train,5.00146341314049,5.00136487628697
Train,2.42904274077958,2.43138404859201
Train,2.54128805417005,2.54312522305918
Train,2.65056593256424,2.65156249590291
Train,2.7564785354289,2.76010031866826
Train,2.85942745828435,2.86180935063021
Train,2.95977794398226,2.96293562585925
Train,3.05715430887349,3.05952309250642
Train,3.15214540181046,3.15381204468213
Train,3.24438972506331,3.24630884101862
Train,3.33422175797062,3.33779460736332
Train,3.4219471433464,3.42291540151928
Train,3.50722467475221,3.50862049268108
Train,3.5903563487981,3.59168028345812
Train,3.67161885214673,3.67267064429325
Train,3.75069005228593,3.75206676658127
Train,3.82803125587547,3.82975749820253
Train,3.90333237359765,3.9039398889654
Train,3.9768509209034,3.97792385649154
Train,4.04882379492898,4.04982325105448
Train,4.1189579695916,4.12058456443629
Train,2.12615928244812,2.12622731333249
Train,2.35640561825386,2.35577640884367
Train,2.57396830461773,2.57359652284504
Train,2.77939454680487,2.77935345692822
Train,2.9738957158573,2.97326970411086
Train,3.15853311371012,3.15848889455447
Train,3.33363468544825,3.33326838381618
Train,3.50011217092624,3.5000597643957
Train,3.6587702019829,3.65836802627018
Train,3.80979810691597,3.80979498090892
Train,3.95389951589732,3.95379022028646
Train,4.09154024536951,4.09093987571759
Train,4.22329740527652,4.22336783932406
Train,4.34924873605194,4.34900036762338
Train,4.4699090977705,4.46973845666798
Train,4.58573896656535,4.58540046135386
Train,4.69676532558195,4.69690598761736
Train,4.80340425438494,4.8029510453307
Train,4.90602959692195,4.90600309179717
Train,5.00463488654235,5.00460216375359
Train,3.8059207838499,3.80515475125503
Train,3.88731757973585,3.88720996725897
Train,3.96608546145374,3.96610440237782
Train,4.04267446966147,4.04203751354362
Train,4.11701540571486,4.1172278106751
Train,4.18905248026734,4.18887435261058
Train,4.25918869378173,4.25894280081411
Train,4.32735299829126,4.32729316136101
Train,4.3934865456023,4.39351349702702
Train,4.45795239861141,4.45699047244852
Train,4.52067906156789,4.52080716834826
Train,4.58173597875038,4.58172724226097
Train,4.64106249388532,4.64099219793934
Train,4.69897715218169,4.69890488476813
Train,4.75540930973608,4.75527598822737
Train,4.81029811863013,4.81030165768607
Train,4.86393398522854,4.86385382983644
Train,4.91624761325902,4.91649230469557
Train,4.9671786385632,4.96699198317947
Train,5.01699296006305,5.01683257568584
Train,2.12484842216417,2.12525046003429
Train,2.36660916552662,2.36657720762014
Train,2.59290912964036,2.59216834242397
Train,2.80518545392664,2.80480130639262
Train,3.0047025139173,3.00407956775598
Train,3.19279607615065,3.19230533107111
Train,3.37000616992748,3.36936319268716
Train,3.53744596601947,3.53693197490793
Train,3.69590180059452,3.69581976558402
Train,3.84607783287803,3.84578238144604
Train,3.9886065068177,3.98853648424483
Train,4.12405745422408,4.12405732391562
Train,4.25294510370161,4.25301598188889
Train,4.37573520966739,4.37578889941506
Train,4.49285047613896,4.4930320673775
Train,4.60480662645768,4.60481872136734
Train,4.7116860565606,4.71163439130032
Train,4.81394631719168,4.81384181846443
Train,4.91188052474144,4.91186735764495
Train,5.00575750911989,5.0053662653263
Train,2.11009471883343,2.11242519138978
Train,2.37041039572539,2.37215307350561
Train,2.61099245908694,2.6128709442055
Train,2.83400286718623,2.83543169000041
Train,3.04129889443473,3.04264169091039
Train,3.23425959314538,3.23598172423954
Train,3.41474353528568,3.41652493857327
Train,3.58372500444503,3.58506544836928
Train,3.74226964422779,3.74488305445993
Train,3.89131540652892,3.89201985626278
Train,4.03169112121989,4.0335512238089
Train,4.16413191680804,4.16619114979039
Train,4.28929209795479,4.29174165224322
Train,4.40775595607406,4.40916722582551
Train,4.52004688997203,4.52114433472889
Train,4.62650967206529,4.62789856468589
Train,4.72782502723186,4.72871524081347
Train,4.82424362092163,4.82438158436344
Train,4.91611208106899,4.91621079427568
Train,5.00374507401355,5.00378878392803
Train,2.129067878023,2.12836268095998
Train,2.36787792905186,2.36772166499941
Train,2.59208132754936,2.59197459649295
Train,2.80248393375513,2.80198983405353
Train,3.00055431103668,3.00062014567811
Train,3.18756551755991,3.18675876656198
Train,3.36400289133691,3.36336074307474
Train,3.53093486493978,3.52988373184417
Train,3.68929589731702,3.68861348278006
Train,3.83937516522213,3.83876638189395
Train,3.98197381270913,3.9816924242914
Train,4.11763754094162,4.11657672853471
Train,4.24701295926842,4.2457214945498
Train,4.37023568941752,4.36843039486121
Train,4.48787338357829,4.48681284330087
Train,4.60043042438518,4.5991312542028
Train,4.70797402783647,4.70700989005491
Train,4.81095366343755,4.80997813238355
Train,4.90977083098347,4.90903976602567
Train,5.00444813374043,5.00357349728802
Train,2.36097802441054,2.36061551077
Train,2.59467270880296,2.59415949688264
Train,2.80991602211101,2.80971771245822
Train,3.00828576076312,3.00823915906221
Train,3.19217654819851,3.19219214890472
Train,3.36266575017569,3.36307604848844
Train,3.52158740602271,3.52271243547875
Train,3.66968650890396,3.67098239886764
Train,3.80821594725934,3.80903130996739
Train,3.9382470175695,3.93936635503269
Train,4.06021325882976,4.06137767803011
Train,4.17514813515164,4.17602111157248
Train,4.28335361077381,4.28438872764673
Train,4.38554006922663,4.38664925358171
Train,4.4823253111259,4.48303117362593
Train,4.57388140873411,4.57463644303061
Train,4.66085324788706,4.66219623572761
Train,4.74335552867245,4.74470683282561
Train,4.8219342682751,4.82263403794059
Train,4.89666225509807,4.89720354325618
Train,3.13066823605367,3.13067435417906
Train,3.2653108264816,3.26498696081399
Train,3.39478865399112,3.39525555891669
Train,3.51898420713781,3.51884456908374
Train,3.63841031814301,3.63878262177241
Train,3.75352574052123,3.75319831321758
Train,3.86419478631816,3.86355391935285
Train,3.97084544861934,3.97080981441468
Train,4.07386216601098,4.07413500847179
Train,4.17309998647914,4.17259423477662
Train,4.26892070629017,4.2684790392741
Train,4.36149783208145,4.36153678729897
Train,4.45114097624998,4.45058069352672
Train,4.53770137997336,4.53756570282712
Train,4.62147332342409,4.62069926014738
Train,4.70272335190628,4.7022217244521
Train,4.7813037669359,4.78124435706923
Train,4.85746953301625,4.85668516450824
Train,4.93145231247699,4.93096702775802
Train,5.00310747339594,5.00192766088367
Train,3.74239489362839,3.74373892704534
Train,3.82910320565476,3.82983582456291
Train,3.91283018968842,3.91360724497645
Train,3.99404431282438,3.99446481174891
Train,4.07270265527586,4.07318711510379
Train,4.14877480179739,4.14895237682867
Train,4.22267517861963,4.22312974855595
Train,4.29435470068976,4.29546530353036
Train,4.36377575593117,4.36462503353687
Train,4.43130764848334,4.43179570745269
Train,4.49689755489048,4.49754451358604
Train,4.56062805510859,4.56073222475243
Train,4.62245567120425,4.62264466692432
Train,4.68270027518888,4.68342971217862
Train,4.74130662485842,4.74178946460597
Train,4.79822877862616,4.79872657664237
Train,4.85375585529207,4.8542892445621
Train,4.90783210332889,4.90800975140155
Train,4.96041026430419,4.96025908879164
Train,5.01175299734479,5.01141961881513
Train,3.8034503864279,3.80322495687142
Train,3.88519629205936,3.8857720114429
Train,3.9642758143468,3.96398031392164
Train,4.04115558955896,4.04147806239416
Train,4.11576116141328,4.11595726482847
Train,4.18819196994992,4.18795580433289
Train,4.25838661498708,4.25797506380331
Train,4.32674812805353,4.32658105431619
Train,4.39320031641299,4.39348606922795
Train,4.45782206902926,4.45779822074837
Train,4.52054925469123,4.520581703895
Train,4.58173363623279,4.5813815681031
Train,4.64129950786784,4.64153087016894
Train,4.69931025289988,4.6991926411356
Train,4.75570117986209,4.75500112002192
Train,4.81078211704302,4.81122715336824
Train,4.86447917330845,4.86429542864789
Train,4.91684385558621,4.91646553942701
Train,4.9678122675308,4.96769662716542
Train,5.0176594929962,5.01757645783073
Train,0.121912889345683,0.123317696728918
Train,0.321212618614355,0.320739484082878
Train,0.505488365045808,0.505418610220659
Train,0.676377270332567,0.67688091832315
Train,0.835721298201025,0.83536781980365
Train,0.983839788785082,0.984240643931116
Train,1.12225631485193,1.12176806873322
Train,1.25189388522558,1.25177717913539
Train,1.37356202535614,1.3739173475733
Train,1.48797369810938,1.48906450296636
Train,1.59605576012599,1.59584608480145
Train,1.69775822869169,1.69888019155769
Train,1.7938935331152,1.79377121804282
Train,1.88490661293244,1.88459274534034
Train,1.97119622403223,1.9713896437097
Train,2.05312077928406,2.05425446718436
Train,2.13121849731664,2.13118066173411
Train,2.20534073366341,2.20631339725151
Train,2.27597809355105,2.2767983116828
Train,2.34337069592827,2.34418618430209
Train,3.00190855643143,3.0010047927899
Train,3.11154383429012,3.111351233405
Train,3.2174104685491,3.21712592014228
Train,3.31969949299921,3.3192998443119
Train,3.41858924454627,3.41837309157927
Train,3.51442734455197,3.51408533474751
Train,3.60700208859448,3.60595647088849
Train,3.69664654773391,3.69629715298288
Train,3.78349768358196,3.78339208222314
Train,3.86768405323916,3.86731474021508
Train,3.94932644422233,3.9491751060923
Train,4.02853845268934,4.02759169883939
Train,4.10542701078235,4.10496047393463
Train,4.18009286823752,4.17951946842732
Train,4.25263103282269,4.25234958369037
Train,4.3232648426538,4.32244357701347
Train,4.39180798215632,4.3915784877172
Train,4.45847801874026,4.45814880260878
Train,4.52335069787516,4.52291171184697
Train,4.58649773530518,4.58532048761481
Train,2.1230898668007,2.12351642526482
Train,2.35310504958047,2.35297538493614
Train,2.57025444451035,2.57041033758287
Train,2.77558814575459,2.77556732829544
Train,2.97024574076675,2.97067300238632
Train,3.15465746306227,3.15504436071569
Train,3.32979227868022,3.32960864326378
Train,3.49633303012957,3.49658217231627
Train,3.65489714909719,3.6549811599325
Train,3.80604430555556,3.80642229868317
Train,3.95043246607212,3.95049044795815
Train,4.08821917312294,4.08840969671292
Train,4.21998349942063,4.21994558514052
Train,4.3461118399746,4.34651950678017
Train,4.46695822719602,4.46709084872055
Train,4.58284764957916,4.58309964289219
Train,4.6941945519255,4.69410782950581
Train,4.80103857268207,4.80117037932359
Train,4.90375409617079,4.90373111888766
Train,5.00257587715067,5.00266934805768
Train,2.12823337150201,2.12843745282953
Train,2.36411077689893,2.36472838317422
Train,2.58556084540345,2.5850994201719
Train,2.79429787321292,2.79462715145564
Train,2.99097959107034,2.99190909191748
Train,3.1770048147638,3.17685718987195
Train,3.35285279077528,3.35325576827017
Train,3.51968113936391,3.51983724970341
Train,3.67800242205579,3.67850342275051
Train,3.82829541577257,3.82858091390153
Train,3.97145202581556,3.97313093573757
Train,4.1076858400867,4.11002064360946
Train,4.23775673214238,4.23788318396328
Train,4.3619445926591,4.36302904043259
Train,4.48051650454393,4.48148271618993
Train,4.5940807056478,4.59487736131268
Train,4.70272168509138,4.70407884767701
Train,4.80696937638016,4.80727733538879
Train,4.90687679564637,4.90699425975981
Train,5.00290915065122,5.00302904951604
Train,2.12649679914649,2.12818674978553
Train,2.35759501184343,2.35774670435785
Train,2.57579871456369,2.57532999587784
Train,2.78171004898345,2.78206098303417
Train,2.97655078179956,2.97649602480305
Train,3.16119033961514,3.16089261280285
Train,3.33660020704182,3.33638160525879
Train,3.50309248504017,3.50266757988356
Train,3.66150276704624,3.66127844161383
Train,3.8124055918898,3.81200221754989
Train,3.95647937588095,3.95595529879574
Train,4.09387710541017,4.09367251418007
Train,4.22519554485524,4.22507979296643
Train,4.35082943708329,4.35048165421904
Train,4.47127164782101,4.47119291969284
Train,4.58658493578139,4.5862972760624
Train,4.69721097911515,4.69708048893881
Train,4.8034298752106,4.80328791834472
Train,4.90561165504706,4.90548327683064
Train,5.00376687657177,5.00336762080769
Train,2.12426474177798,2.12409997680152
Train,2.35063717238353,2.35070672518486
Train,2.56487196721311,2.5643007196486
Train,2.7679198323259,2.768127956846
Train,2.96063471204643,2.96104333744734
Train,3.14378579387147,3.14390436934264
Train,3.31806776936108,3.31878021415469
Train,3.48410963961541,3.4846084796809
Train,3.64248230061874,3.64328191976165
Train,3.79370510124421,3.79421363161237
Train,3.93809071449201,3.93893263623613
Train,4.07640023404386,4.07708778140659
Train,4.20886154281866,4.20934416000455
Train,4.33583788543298,4.33673650928904
Train,4.45766303418754,4.45833628675609
Train,4.5746442187341,4.57512019831483
Train,4.68706471308976,4.68771075442055
Train,4.79518612586059,4.79601721845393
Train,4.8992504326528,4.89889357563516
Train,4.99948178390723,4.99932495460962
Train,2.12069811485206,2.1208747765304
Train,2.35218470385353,2.35188331058816
Train,2.57057755642353,2.57053090027694
Train,2.7769570622838,2.77700163352347
Train,2.97228793269146,2.9727027935005
Train,3.15723568352264,3.15727907669498
Train,3.33298376109513,3.33306150122735
Train,3.50002222658851,3.50008704996799
Train,3.65898286341219,3.65905333537376
Train,3.81043779263866,3.81059886874573
Train,3.95490635331891,3.95484712219331
Train,4.09286105212978,4.09291588021006
Train,4.22473272598362,4.22483316895887
Train,4.35091503644363,4.35096725934636
Train,4.47176839471261,4.47196134658225
Train,4.58749844172053,4.58757454676015
Train,4.69866391195884,4.69884329271372
Train,4.80541421416605,4.80563465422165
Train,4.90800726291726,4.9081628970016
Train,5.00668126816914,5.00675715893885
Train,4.51947933506468,4.51976503599872
Train,4.55595585406054,4.55555144646496
Train,4.5917319627115,4.5915738645599
Train,4.627075703772,4.62709073617953
Train,4.66187178245568,4.66170393667198
Train,4.69613283019948,4.69636141160299
Train,4.72975236329546,4.72960904536012
Train,4.76298150731276,4.76274826027657
Train,4.79571121929055,4.79576643865221
Train,4.8279526748944,4.82783505980478
Train,4.85960491137652,4.85965270999804
Train,4.89090370692284,4.89089716335729
Train,4.92174579971075,4.92159885329238
Train,4.95214111344554,4.952171424673
Train,4.98199381297,4.98200484953122
Train,5.01152570884951,5.01126393617596
Train,5.04063889265971,5.04063561064322
Train,5.06934220665434,5.06930579279287
Train,5.09754458307822,5.09747449502174
Train,5.12545508269722,5.12521318972358
Train,2.12494654509825,2.12552402660367
Train,2.36598412000708,2.36581629178545
Train,2.59196570528841,2.591414161594
Train,2.80379698900247,2.80332657031977
Train,3.00298370934386,3.00254563802446
Train,3.19083016455647,3.19080073579971
Train,3.36789057987543,3.3674568497263
Train,3.53525081837902,3.53504532006627
Train,3.69386021820756,3.69322510994971
Train,3.84405824457985,3.84399878329714
Train,3.98665280163087,3.9863129737605
Train,4.122207001394,4.1219638110997
Train,4.25137132222626,4.2512186286076
Train,4.37431687836064,4.37405819398919
Train,4.49161091976608,4.4915494445595
Train,4.60375754775155,4.60346213657976
Train,4.71085249935736,4.7107401000394
Train,4.81334220797438,4.81325345338701
Train,4.91162557614815,4.91146448126528
Train,5.00574879795207,5.00562494520273
Train,3.12543660352992,3.12607936470886
Train,3.25712552680222,3.25726759639656
Train,3.38384356666926,3.38418653924236
Train,3.50620900440506,3.50651978846145
Train,3.62411149096913,3.6245354357161
Train,3.73810966565051,3.73853292718923
Train,3.84808553713416,3.84825622970675
Train,3.95454624135555,3.9547920021032
Train,4.05751308548187,4.05810705436306
Train,4.15701563451543,4.1575781610627
Train,4.25349605830165,4.25395864841266
Train,4.34682758939512,4.3471857807599
Train,4.43741576260776,4.43771582878253
Train,4.52525628961524,4.5255013049682
Train,4.61035273249628,4.61052906790064
Train,4.69306363582991,4.69358518702575
Train,4.77326219556547,4.77332632909747
Train,4.85128003768205,4.8514114097743
Train,4.9269917254398,4.92725829039045
Train,5.00070489880787,5.00085921955542
Train,2.12586216946758,2.12659467296908
Train,2.34810903639221,2.34863802354084
Train,2.55906981011008,2.55953666885034
Train,2.75958289477367,2.75973713486383
Train,2.95019087527279,2.94980666137417
Train,3.13201922497898,3.13200019868236
Train,3.30546511329829,3.30548716543126
Train,3.47109513912386,3.47116369492142
Train,3.62942596209123,3.62951457143572
Train,3.78092968593105,3.78100228088078
Train,3.92587471946271,3.9257802238717
Train,4.06499196065997,4.06529867424979
Train,4.19847485952058,4.19826320686116
Train,4.32665891410702,4.32654754733812
Train,4.44985350448167,4.44983653215604
Train,4.56834438574395,4.56817397255509
Train,4.68226681502816,4.68237368612972
Train,4.79212856728055,4.79204818383369
Train,4.89802281184461,4.89781375639723
Train,5.00016065846189,4.99991071011027
Train,2.1239034454604,2.12351622712595
Train,2.35911492066316,2.35894332529278
Train,2.58033210952386,2.58033444334433
Train,2.78876785111201,2.78870929505138
Train,2.98549876920964,2.98520749617091
Train,3.1714838731517,3.17150339968066
Train,3.34758019165918,3.34744374880756
Train,3.51455597750929,3.51452504793997
Train,3.6731019122736,3.67306656558139
Train,3.8238406558098,3.8235567689735
Train,3.96717569005629,3.96726636639141
Train,4.10394304643346,4.10363724024501
Train,4.23443871645856,4.23450990881611
Train,4.35908442797437,4.35877115437324
Train,4.47826492668644,4.47853565222249
Train,4.59233194299298,4.59220287825883
Train,4.70160765894359,4.70163522044095
Train,4.80638774730354,4.8061363379602
Train,4.90694404309473,4.90709408909606
Train,5.00352689844212,5.00309430385096
Train,2.12157822752679,2.12183450856173
Train,2.34997161046408,2.34946746900096
Train,2.56589949340802,2.56655201762987
Train,2.77035529952172,2.76991171154077
Train,2.96422962398634,2.96491479698307
Train,3.14851996271753,3.14815964196168
Train,3.3235451646146,3.32437723951443
Train,3.4901648213289,3.49002635021316
Train,3.64897024560068,3.64891390934645
Train,3.80049855744591,3.80098681012169
Train,3.94523875342614,3.94539033142064
Train,4.08363697812071,4.08390786661039
Train,4.21610111752593,4.21613076591893
Train,4.34300481400337,4.34340389594581
Train,4.46469098601581,4.46477385561229
Train,4.58160039291125,4.58174011841038
Train,4.69376757502804,4.69422681664582
Train,4.80159108710145,4.8015855984595
Train,4.90531844922459,4.90532755107415
Train,5.00517872577434,5.00482907237893
Train,2.12157822752679,2.12221317565127
Train,2.34997161046408,2.35060322818754
Train,2.56589949340802,2.56606404102786
Train,2.77035529952172,2.7711530846791
Train,2.96422962398634,2.9643718656589
Train,3.14851996271753,3.14852153081301
Train,3.3235451646146,3.32385704007538
Train,3.4901648213289,3.49090635617904
Train,3.64897024560068,3.64885102010157
Train,3.80049855744591,3.80082721613871
Train,3.94523875342614,3.94628432634272
Train,4.08363697812071,4.08451676075492
Train,4.21610111752593,4.21590807325629
Train,4.34300481400337,4.3435178752552
Train,4.46469098601581,4.46482425180147
Train,4.58160039291125,4.58212756039939
Train,4.69376757502804,4.69440045691954
Train,4.80159108710145,4.80240304171457
Train,4.90531844922459,4.9052316062407
Train,5.00517872577434,5.00532292716525
Train,2.8296740501142,2.83206649613203
Train,3.00087003735464,3.0037795109638
Train,3.16277266275112,3.16418134781634
Train,3.31611866365468,3.31802184729167
Train,3.4615689084876,3.46232122602305
Train,3.59971791781557,3.60200101153532
Train,3.73110198672411,3.73222631827593
Train,3.85620614249155,3.85689214052763
Train,3.97547012785809,3.97690153145959
Train,4.08929356546614,4.0905129950188
Train,4.19804043129214,4.19982664804411
Train,4.30204294258438,4.30308605947357
Train,4.401604947801,4.40195173786196
Train,4.49700489141195,4.49804234108888
Train,4.58849841449439,4.58839534815343
Train,4.67632064227137,4.67670286747671
Train,4.76068820169532,4.76111176955237
Train,4.84180100552688,4.84174189927217
Train,4.91984383384104,4.91980492794755
Train,4.99498773929687,4.99499986449882
Train,2.12307251257918,2.12502880064858
Train,2.35964578934866,2.36052191646741
Train,2.58218050412771,2.5833008718364
Train,2.79142720735334,2.79249393802456
Train,2.98897791192864,2.99027119731545
Train,3.17537342606459,3.17658328288962
Train,3.35192322830612,3.35310754894454
Train,3.51901641132875,3.52001409293734
Train,3.67756862434833,3.67873902397696
Train,3.82838570779016,3.82971449262186
Train,3.97170145535005,3.97272768158291
Train,4.10836525981417,4.1095132225164
Train,4.23853985576174,4.23971897916635
Train,4.3628148187034,4.36385565985256
Train,4.48171459673084,4.48273793234694
Train,4.59532714951275,4.59615144112831
Train,4.70423982572091,4.70501674134357
Train,4.80850558860764,4.80893630241917
Train,4.90863863853738,4.90880438612658
Train,5.00466535907799,5.00521601219225
Train,2.12031013626789,2.12023623571804
Train,2.36102834848217,2.36110294970058
Train,2.58658898959166,2.58641032621017
Train,2.7983800262081,2.79824403078965
Train,2.99784901303123,2.99741668630304
Train,3.18561792614839,3.18529370889519
Train,3.36288618172805,3.36270581141071
Train,3.53051066694614,3.53049805115006
Train,3.68925750488651,3.68932232477891
Train,3.83981376202818,3.84003911105901
Train,3.9829588998068,3.98287615358277
Train,4.11891938268376,4.11905174213825
Train,4.24836903830734,4.24774762924426
Train,4.3717646127021,4.37194334738888
Train,4.48952110602165,4.48916083776203
Train,4.60201643538855,4.60198834368566
Train,4.70971741650357,4.70949575590203
Train,4.81269041611846,4.81252865389979
Train,4.91135181778044,4.91114430383459
Train,5.00596686579683,5.00545154018255
Train,2.12440624434696,2.12382753904967
Train,2.35222798355211,2.3514906742239
Train,2.56759390425402,2.56572778354166
Train,2.77149833019303,2.77004349642084
Train,2.96505326559385,2.96391610201681
Train,3.14860732130058,3.14721056824783
Train,3.32311528269837,3.32200276990989
Train,3.48922979559846,3.487387819172
Train,3.64754219853314,3.64609947571444
Train,3.7985895563195,3.79599634881379
Train,3.94302608276754,3.94071365015407
Train,4.08095990864761,4.079599810324
Train,4.2129716824796,4.21151141403243
Train,4.33943477525598,4.3382452682672
Train,4.46069181716834,4.45946195361103
Train,4.57705779753348,4.57632976652167
Train,4.68895122952415,4.68776205681934
Train,4.79637790324853,4.79484331351341
Train,4.8997186923022,4.89943056495031
Train,4.99920235130416,4.99794162453327
Train,2.12622589903915,2.12621290006791
Train,2.35105907196245,2.35052075453859
Train,2.56408052411292,2.56390049428228
Train,2.76596443231534,2.76554350187507
Train,2.95800431013222,2.95703641502769
Train,3.14069197335927,3.14086396719722
Train,3.31469435242682,3.31416469276519
Train,3.48061643614247,3.48024628509665
Train,3.63882531876998,3.63857716082566
Train,3.79019624579036,3.79029785352759
Train,3.93499541998522,3.93450328895051
Train,4.07364171657609,4.07367957397219
Train,4.20636535159036,4.20606773220788
Train,4.333832845834,4.33362760165255
Train,4.45620835739143,4.456150802107
Train,4.57379102778125,4.57326566099073
Train,4.68685701678631,4.68667227879632
Train,4.79553547793856,4.79582610149009
Train,4.90031986812072,4.89982437215804
Train,5.00129839913448,5.00105187404552
Train,3.15039381919847,3.15070783362535
Train,3.2382231415356,3.23843373965065
Train,3.32371965065747,3.3245805147526
Train,3.40678219060746,3.4063670750038
Train,3.48788845652993,3.4879576190142
Train,3.56692295565203,3.56745994520315
Train,3.64396406827628,3.64438984582375
Train,3.71908627017166,3.71929635497509
Train,3.79219047864077,3.79193059066165
Train,3.86368795523912,3.86430086498876
Train,3.93346868964079,3.93415482061755
Train,4.00159377995734,4.0016959576169
Train,4.06796711744242,4.06773047391835
Train,4.13295647522878,4.13378734361686
Train,4.19645682270938,4.19647053696826
Train,4.25851875370888,4.25878681348695
Train,4.31919059560865,4.3195376995609
Train,4.37838080622098,4.37866702365864
Train,4.43641200640792,4.43667648005794
Train,4.49318561840907,4.49413094154443
Train,2.1297646112952,2.13049202237016
Train,2.35976321402919,2.36037790934643
Train,2.57660054688476,2.57460384222941
Train,2.78177693703839,2.78276269663911
Train,2.97582693019832,2.97642699624703
Train,3.15999309509978,3.16162799847734
Train,3.33466796457649,3.33429610334133
Train,3.50089346110216,3.50187790808559
Train,3.65911229125799,3.65947508426325
Train,3.80974092004381,3.8100603039602
Train,3.95359590323492,3.95489051352342
Train,4.09085311686547,4.09120607984369
Train,4.2222151261859,4.22398607688228
Train,4.34792955629329,4.34780927547035
Train,4.46823410563742,4.46864390377959
Train,4.58369845487071,4.58364485352286
Train,4.69438990326048,4.69473134540021
Train,4.80080855719805,4.80099881008937
Train,4.90299475843662,4.90304631827894
Train,5.00139054318324,5.00162017370894
Train,4.42409585505031,4.42381894072605
Train,4.46699999968875,4.46717470916701
Train,4.50912999588748,4.5090084539188
Train,4.55062343413759,4.55052542883277
Train,4.59126463212535,4.59142602685461
Train,4.63119185597453,4.63103835225047
Train,4.67042375623285,4.67026438843459
Train,4.70897833946524,4.70912066154051
Train,4.74698003120916,4.74669916963467
Train,4.78422975172007,4.78413819734124
Train,4.82085262510907,4.82098428762765
Train,4.85686434244745,4.85673745494933
Train,4.89238013767545,4.89247923689254
Train,4.92721292432008,4.92700101728042
Train,4.96147863591879,4.96126278386146
Train,4.99519100856651,4.995381542627
Train,5.02836333827751,5.02819490175898
Train,5.06110076351569,5.06124789560636
Train,5.09322977271502,5.09309166322055
Train,5.1248561911553,5.12469639927076
Train,3.12219664035665,3.12253468221752
Train,3.24953452024874,3.24944816452989
Train,3.37314604202669,3.3732551144858
Train,3.4928498320296,3.49295128785889
Train,3.60916007451301,3.60931227598121
Train,3.72189627166973,3.72195653797462
Train,3.83153353563189,3.83140403439029
Train,3.937893249733,3.93803879794723
Train,4.04141575955877,4.04142472450985
Train,4.14192507832224,4.14199992348949
Train,4.23983048635145,4.2398354047873
Train,4.33495917628389,4.33495590903112
Train,4.42769256120208,4.42784066546301
Train,4.51786140777872,4.51778851934796
Train,4.60582203826741,4.60590053364285
Train,4.69140906736962,4.69131055378966
Train,4.77495614780948,4.77508535383822
Train,4.85630192241415,4.85616725052751
Train,4.93575949499856,4.93585101544159
Train,5.01317164359974,5.01307009219454
Train,2.12980838791552,2.13059710057132
Train,2.34168333658339,2.34158731345087
Train,2.54414515157146,2.54443431246546
Train,2.73824139127693,2.73804069451216
Train,2.92427150924354,2.92449636759193
Train,3.10272808016657,3.10283085528499
Train,3.27387246115437,3.27414673925159
Train,3.43851371335323,3.43900453243259
Train,3.59683781251713,3.59706852684394
Train,3.74920149103465,3.74945680848396
Train,3.89577051701384,3.89629709621659
Train,4.03718640633585,4.03772339405623
Train,4.17356288687294,4.17386648302272
Train,4.30516461492292,4.30547537261009
Train,4.43209530256108,4.43234583823505
Train,4.55487496931329,4.55535478320235
Train,4.67357034358219,4.6742493533493
Train,4.78838188846819,4.78896869212986
Train,4.89937221252288,4.89957322640839
Train,5.00697080778179,5.00705920545442
Train,2.12537416344365,2.13029396102502
Train,2.34552927409838,2.34739888655895
Train,2.55466956421632,2.55680790707993
Train,2.75404750150743,2.75540562529204
Train,2.94390490216024,2.94933602326273
Train,3.12531404718931,3.12733359138656
Train,3.29843757033248,3.30228049991638
Train,3.4642020484339,3.46861271691523
Train,3.62288854078934,3.62573479045386
Train,3.774770174997,3.77819030265164
Train,3.92060283959894,3.92264936513675
Train,4.0604259611579,4.06328888252756
Train,4.19490563275434,4.19684097769641
Train,4.3241967607628,4.32724342989241
Train,4.44845398107351,4.45153880648286
Train,4.56823507402279,4.56900621315799
Train,4.68351752216831,4.68344916114074
Train,4.79480054880053,4.79499673975079
Train,4.90204659920499,4.90201537567191
Train,5.00570487775376,5.00571188610047
Train,2.13137907626679,2.13071636555105
Train,2.36558251256851,2.3650143265404
Train,2.58611448184891,2.58578710235088
Train,2.79367170301773,2.79285150711075
Train,2.98958625163742,2.98849072271696
Train,3.1748110244684,3.17287002340527
Train,3.35039506155556,3.34885691179079
Train,3.51669708659816,3.51567645391697
Train,3.67461182151582,3.6737962718762
Train,3.82475816738325,3.82288955600598
Train,3.96785686933162,3.96672836328798
Train,4.1040849131936,4.10273328670155
Train,4.23407210575375,4.23313841228082
Train,4.35823770054002,4.35713213483177
Train,4.47709846671157,4.47638996149908
Train,4.59072994667882,4.5898047371702
Train,4.69959280869004,4.69861982946531
Train,4.80398106079469,4.80292695845128
Train,4.90427851305546,4.90288216239423
Train,5.00050274038001,4.99837721011136
Train,1.35217257524446,1.35454875974392
Train,1.47399066892342,1.4758342222085
Train,1.59230603675122,1.59964614514683
Train,1.70788984059983,1.70961308544065
Train,1.82053051413345,1.82110387988359
Train,1.93004279454803,1.93042429916022
Train,2.03713200282241,2.04035675172054
Train,2.14159461111633,2.14209893008956
Train,2.24325094712242,2.24498681358818
Train,2.34274872420312,2.34235632267519
Train,2.43989262030807,2.44079632538342
Train,2.53476518976344,2.53635986311929
Train,2.6271948653086,2.62757452184815
Train,2.71776308529764,2.71741730936628
Train,2.80628541222797,2.8101118676459
Train,2.8925965675905,2.89279800560689
Train,2.9772348648877,2.97784030514958
Train,3.0600238295116,3.06271805501456
Train,3.14080449271254,3.14028906178646
Train,3.22007675336816,3.22099710962721
Train,2.13169975329619,2.13273105888584
Train,2.35657563234608,2.35714115898736
Train,2.5697195887708,2.56960686328966
Train,2.77161116287705,2.77162351836159
Train,2.96351242318112,2.96374436944825
Train,3.14577167191889,3.14578851917759
Train,3.3194547591735,3.32018971685829
Train,3.48481216801417,3.48437316192212
Train,3.64259090213786,3.64329649789579
Train,3.79345572001115,3.7935622144214
Train,3.93755376827673,3.93745821691482
Train,4.07561483172903,4.07594850193709
Train,4.20773741289214,4.20785264862934
Train,4.33442728443041,4.33465061679817
Train,4.45613844345657,4.45650300085617
Train,4.57291703333236,4.57279874605592
Train,4.685289008097,4.6853361454705
Train,4.79327551310105,4.7934750932036
Train,4.89734342494307,4.89720178048447
Train,4.99749465933353,4.99763090138367
Train,2.11800698707624,2.11764464926819
Train,2.34965765577576,2.34904855285276
Train,2.56840930776639,2.56774426954507
Train,2.77488577997022,2.77474737556622
Train,2.9702926005582,2.97019093939525
Train,3.15568719019291,3.15571086252749
Train,3.33145779694166,3.33105247167623
Train,3.49867861621973,3.49872950936333
Train,3.65763083900424,3.65767094834155
Train,3.80906884706775,3.8089623725682
Train,3.95366217337027,3.95364729941866
Train,4.09157969995091,4.09162833848677
Train,4.22340924524784,4.22332368726347
Train,4.34967552568932,4.34972644304071
Train,4.47047351119821,4.47045767513191
Train,4.58639020485336,4.58645122845701
Train,4.69748557725583,4.69758000415459
Train,4.80416453796717,4.80423854875335
Train,4.90679145152063,4.90704297364209
Train,5.00538847860667,5.00529799489595
Train,3.84179557269776,3.84138004743363
Train,3.91920875165838,3.92014653675142
Train,3.99422371956472,3.99333957795898
Train,4.06725350138824,4.06722332175923
Train,4.1382277797835,4.13944880043709
Train,4.20723213202012,4.20658188842208
Train,4.27420779048411,4.27421119301289
Train,4.33951434295091,4.33947411953704
Train,4.40308067966405,4.4033342175826
Train,4.4649754430464,4.4645117686814
Train,4.52513816900946,4.52514733689168
Train,4.58388488439728,4.58408038655762
Train,4.6411453493064,4.64131453372829
Train,4.69697526082213,4.69720639624938
Train,4.75131410345043,4.75108699630437
Train,4.80444192109512,4.80457773097442
Train,4.85629034384653,4.85635912242651
Train,4.90690503639522,4.90712413825531
Train,4.95622646817187,4.95596345867671
Train,5.00450460980597,5.00422297312252
Train,2.12502787527181,2.12442642472524
Train,2.36135204633954,2.36117601356818
Train,2.58362284929565,2.58335724906647
Train,2.79268469363621,2.79267166719001
Train,2.9900326385081,2.98931835583062
Train,3.17629153514919,3.17664769935436
Train,3.35268522941764,3.35151227273309
Train,3.51967841931029,3.52012873410786
Train,3.67828647416271,3.67765507628792
Train,3.82885566655389,3.82767890676041
Train,3.972238578413,3.97280324720487
Train,4.10869287269671,4.10781106025024
Train,4.23894221158223,4.23827865476778
Train,4.36317727847259,4.36348059003649
Train,4.48201832437531,4.48189634369919
Train,4.59560495869248,4.59519916296631
Train,4.7044735138618,4.70464673446259
Train,4.80872436390115,4.80782057583929
Train,4.90882501568616,4.90881851148879
Train,5.00484551569014,5.00423599694113
Train,2.12630598483605,2.12634409016027
Train,2.35539875522112,2.3553698871292
Train,2.57176533308534,2.57215780227853
Train,2.7762152162635,2.77606326348177
Train,2.97012763582966,2.97024496749145
Train,3.154096397871,3.15399050980341
Train,3.32886723508733,3.32894153681264
Train,3.49511312972944,3.49490297928787
Train,3.65327046900327,3.65325225280685
Train,3.8042444465208,3.80418197557447
Train,3.94835614457831,3.94819306192221
Train,4.08606303712706,4.08587736720801
Train,4.21763900232919,4.2175338235138
Train,4.34375987462006,4.3435559862919
Train,4.46462571056548,4.46452126237273
Train,4.58055824708455,4.5803814020619
Train,4.69185348214286,4.69162777232123
Train,4.79866719334719,4.79843293711747
Train,4.90148964649825,4.9012217344316
Train,5.00043192536905,5.00005625791164
Train,2.12756302321726,2.12742870793227
Train,2.34357282068457,2.34373927624983
Train,2.54984329443584,2.54903723939788
Train,2.74656419884556,2.74738719716697
Train,2.9346004194769,2.93407993479195
Train,3.11472246366613,3.11461801166297
Train,3.28702110126639,3.28755518667094
Train,3.4523767881392,3.45237541409733
Train,3.61083401632121,3.61095147371088
Train,3.7629914237032,3.76347773002271
Train,3.90938665371888,3.90957834417713
Train,4.05001495535352,4.05030347600041
Train,4.185367040438,4.18577086042933
Train,4.31588545686173,4.31634577664954
Train,4.44153302115887,4.44125543687915
Train,4.56285822366104,4.56342002786914
Train,4.67980876824761,4.67979026648027
Train,4.79274789655703,4.79262589682185
Train,4.90200518548599,4.90164870168155
Train,5.00751258189677,5.00743413409873
Train,3.80374262174995,3.80419332327801
Train,3.8813644729742,3.88133376017504
Train,3.95697922789834,3.95717527522356
Train,4.03066374022847,4.03058551127833
Train,4.10249098938142,4.1025780351556
Train,4.17241839760179,4.17272788421542
Train,4.24073848405763,4.24057326595357
Train,4.30739922438136,4.30768753801385
Train,4.37246034610359,4.37252072640331
Train,4.43597874424708,4.43607096009509
Train,4.49800864726972,4.4980485839551
Train,4.55860177147655,4.55865551868192
Train,4.61780746482474,4.61786865712929
Train,4.67567284096216,4.67562068157713
Train,4.73224290426455,4.73239405869754
Train,4.78747214480045,4.78751732328965
Train,4.84158066204671,4.8416090477549
Train,4.89451729124722,4.89467191771473
Train,4.9463196958571,4.94625010616437
Train,4.99702394247805,4.99702747037372
Train,2.13398817546624,2.13461034488137
Train,2.3603036930206,2.36066837318867
Train,2.57460521573588,2.57510920522691
Train,2.77744420913406,2.77745941964531
Train,2.97007708970211,2.97057575329018
Train,3.15291186542403,3.1526887123182
Train,3.3270039647829,3.32786158052113
Train,3.49265432852556,3.4924478609646
Train,3.6507592120268,3.65071055539374
Train,3.80153884200432,3.80149613682079
Train,3.94576178529703,3.94609733458492
Train,4.08358689922918,4.08376750598836
Train,4.21567911599837,4.21579829198163
Train,4.34215029631276,4.34216391088194
Train,4.46358035984785,4.46363682860829
Train,4.58004496573176,4.58042868340272
Train,4.69205361385402,4.69231761595074
Train,4.79965394873103,4.79984947312914
Train,4.90329661362725,4.90348077762246
Train,5.00300750171342,5.00282655482079
Train,2.12692952333918,2.1260273636799
Train,2.35088489207782,2.35058263524479
Train,2.56338939913463,2.56270360846247
Train,2.76487539438893,2.76457360124186
Train,2.95637934571797,2.95631427333501
Train,3.13881695982081,3.13880960722599
Train,3.31245113616632,3.31167561687471
Train,3.4782528902867,3.47827224216962
Train,3.63640671876633,3.63576485411977
Train,3.78758909481047,3.78717347386555
Train,3.93240371759829,3.93222821548989
Train,4.07095177015897,4.07065973493445
Train,4.20377149195949,4.20362399078658
Train,4.33134563589012,4.3310182620553
Train,4.45371995796277,4.45341916773759
Train,4.57145462335721,4.57100901503873
Train,4.68456901428786,4.68466053092925
Train,4.79344493329453,4.79298407794704
Train,4.89842727377511,4.8984763503322
Train,4.99950692178822,4.9991833236345
Train,2.12371882685724,2.12397911821972
Train,2.34385229132083,2.34285207791982
Train,2.5529843127808,2.55267195153647
Train,2.75238144534349,2.75100916530573
Train,2.94226652286525,2.94169200540637
Train,3.12372518645314,3.12370321023263
Train,3.29690314324393,3.29690361591929
Train,3.46273958171679,3.46312378786388
Train,3.62150678904842,3.62133625202114
Train,3.77347042690937,3.77359929139857
Train,3.91939789573612,3.91876928592683
Train,4.0593154789097,4.0591872159348
Train,4.1939000881719,4.19327340026575
Train,4.32329993503047,4.32321119351764
Train,4.44766388388869,4.44720268328092
Train,4.56755956828605,4.56748931207039
Train,4.68295388954253,4.68253459296102
Train,4.7943553340357,4.79407886871195
Train,4.90171656914261,4.90145628769824
Train,5.00549551390638,5.00477565918482
Train,0.858570132811861,0.860532824135589
Train,1.04394113124311,1.0440885588323
Train,1.21780985666362,1.21991431481729
Train,1.38046476767378,1.3801210610618
Train,1.53365978365212,1.53402735415511
Train,1.67753229485396,1.67909248626165
Train,1.81353329009593,1.81286630686009
Train,1.94169856401498,1.94423272989661
Train,2.0629656558425,2.06311664723398
Train,2.17814266650068,2.17824583726906
Train,2.28717156304968,2.28839129784319
Train,2.39101087704773,2.39113098588132
Train,2.48956493941143,2.49017589154391
Train,2.58344419356656,2.58358490286992
Train,2.67318127111649,2.67349976877449
Train,2.7586469140583,2.75908836220697
Train,2.84051777871266,2.84119163478317
Train,2.91865223851417,2.9184312096404
Train,2.99364766201722,2.99456980084506
Train,3.06535534516765,3.06596135857762
Train,2.11836488912733,2.1196900231007
Train,2.32413838841679,2.32470479534095
Train,2.52176604908489,2.52175850915955
Train,2.71214490016071,2.71231600693864
Train,2.89546247921265,2.89568577083992
Train,3.07190808450751,3.07210794581624
Train,3.24223961470774,3.24272281149024
Train,3.40640343133022,3.40643928828285
Train,3.56508149230297,3.56518585756203
Train,3.71837330568695,3.71864825076409
Train,3.86638353331531,3.86665802355856
Train,4.00969953745136,4.00966876362509
Train,4.14838636500646,4.14879380137427
Train,4.2825150818542,4.282352106693
Train,4.41259655644757,4.4127461995231
Train,4.53852985181722,4.53864270177655
Train,4.66078275686764,4.66069336488363
Train,4.77938175725327,4.77941757486769
Train,4.89435981211991,4.89445986174178
Train,5.00612953667992,5.00564487406518
Train,2.80431739155581,2.80379497760805
Train,3.00972497311769,3.01084954315593
Train,3.19814047253609,3.19768161645334
Train,3.37125133976355,3.37098558331854
Train,3.53100508559131,3.53141357471395
Train,3.67903463184464,3.67912862635785
Train,3.81631626614119,3.81661312130746
Train,3.94410447092034,3.94417388856164
Train,4.0634679768502,4.06344595982227
Train,4.17499426474688,4.17484350637824
Train,4.2795332183762,4.28002077277051
Train,4.37772154690942,4.37764438527665
Train,4.47021182728672,4.47047771422513
Train,4.5573143354775,4.5573902740216
Train,4.63956750088226,4.63958364586142
Train,4.71744209228868,4.71771355504825
Train,4.79113303528688,4.79117198259337
Train,4.86103761995336,4.86121940631347
Train,4.92750601768001,4.92776731561753
Train,4.9906604504058,4.99072554530358
Train,3.92049435677243,3.92034868685369
Train,3.99145171165559,3.99135548530467
Train,4.06038019918818,4.06040987007145
Train,4.12763122014509,4.12845330468554
Train,4.19313532039386,4.19287006594823
Train,4.2569596945443,4.25699170071312
Train,4.31904504352194,4.31911340428269
Train,4.37970121019443,4.38035986660907
Train,4.43885954180265,4.43834465579857
Train,4.49657484268183,4.49706132489518
Train,4.55278775849454,4.55289384951175
Train,4.60777364208356,4.60811576160268
Train,4.66146558459228,4.66145626766229
Train,4.71390872886511,4.71360714923503
Train,4.76504463981533,4.76529241186654
Train,4.81511972504834,4.81508404037959
Train,4.86406937288452,4.86419385507907
Train,4.91193110299996,4.91163454383059
Train,4.95864800759439,4.95878015982817
Train,5.0044419594387,5.00434533341104
Train,3.84105780659028,3.84156611952494
Train,3.91832834994135,3.91869802112706
Train,3.99339132457357,3.99380857260985
Train,4.06634000132811,4.06629326012626
Train,4.13726246970036,4.13746945380262
Train,4.20624199270175,4.20629834674401
Train,4.27335733295105,4.27341788899503
Train,4.33868305268011,4.33882187720519
Train,4.40228979005651,4.40272874852599
Train,4.46424451397606,4.46402866044809
Train,4.5244936789611,4.5252622504413
Train,4.58333470882261,4.58336497192795
Train,4.64070477073592,4.64030427657417
Train,4.69665834288126,4.6972366014088
Train,4.75124724606848,4.75148921073924
Train,4.80452080381362,4.80434440455065
Train,4.85652599098172,4.85684810102975
Train,4.90730757193771,4.90743290201499
Train,4.95690822905911,4.95720007090495
Train,5.0053686823862,5.00515525679657
Train,2.42834849611159,2.42922726952384
Train,2.48746707092845,2.48724614658204
Train,2.54575788762654,2.54536999076663
Train,2.60303139094534,2.6033941102869
Train,2.65972085298525,2.65904782487996
Train,2.71563287692946,2.71619103709236
Train,2.77078334651799,2.77054730849341
Train,2.82518771572609,2.82443486406555
Train,2.87866785658468,2.87832563066331
Train,2.93162730929852,2.93000015101279
Train,2.98388453553816,2.98404142335494
Train,3.03545341028352,3.03622169209848
Train,3.0861642488899,3.08572338545491
Train,3.13639897887034,3.13662061178547
Train,3.18598480435449,3.18622879278337
Train,3.23493421794094,3.234129523913
Train,3.28325939359915,3.28469609636159
Train,3.33080041565752,3.32939901933059
Train,3.37791456924576,3.37881339052547
Train,3.42443915374309,3.42455577453438
Train,2.22155204803839,2.22183434386534
Train,2.32922765133009,2.32983404490369
Train,2.43370119229795,2.43539779601997
Train,2.53465579142421,2.53407148976112
Train,2.63270837419855,2.63253085148244
Train,2.72755216680266,2.72846908116844
Train,2.81975806069971,2.82078454763541
Train,2.90902955187261,2.90889347210759
Train,2.9957001972413,2.9964404196653
Train,3.08007276147852,3.0812220563821
Train,3.16186609529202,3.16153566450885
Train,3.241556529746,3.24195850357137
Train,3.31887296567829,3.31897229765673
Train,3.39408991319927,3.39362552034436
Train,3.46745776338033,3.46796119997816
Train,3.53872002406571,3.5397011957466
Train,3.60828044587191,3.6089652848168
Train,3.67589190696518,3.67559132508177
Train,3.74193377307705,3.74238685227465
Train,3.80616796539295,3.80659481770999
Train,2.14209769603856,2.14205608706834
Train,2.21273339531818,2.21236340220639
Train,2.2823769413851,2.28164671275226
Train,2.350592547525,2.35048932068457
Train,2.41764641444086,2.4169244207078
Train,2.48378804666712,2.4835873500997
Train,2.54860206011197,2.54852786528136
Train,2.61255260736111,2.61253805157321
Train,2.67523715122211,2.67482071551785
Train,2.73689780398066,2.73648738602424
Train,2.79776203666832,2.79723027727596
Train,2.85744551416636,2.85749541543555
Train,2.91617745975339,2.91618985266541
Train,2.97417352739124,2.97431276998395
Train,3.03106640882577,3.03075069835904
Train,3.08726055967372,3.08650032133664
Train,3.14239942363412,3.14238415508953
Train,3.19669294873118,3.19647544239706
Train,3.25033907813989,3.24986996064763
Train,3.30299653175664,3.30243059519853
Train,1.81999616082544,1.8197032334574
Train,1.89765762313371,1.89812027007792
Train,1.97438270048283,1.97420203726506
Train,2.0497284008324,2.04923849804982
Train,2.12395656593575,2.12395557137279
Train,2.19731456079502,2.19737000968962
Train,2.26937773151438,2.26865969729261
Train,2.3403953394366,2.34020699718167
Train,2.41060313213166,2.41025890894525
Train,2.47959370430812,2.47932011853482
Train,2.54760463611279,2.54715517946534
Train,2.61465664623822,2.61417973568314
Train,2.68097125051267,2.68050556646995
Train,2.74616248280759,2.74585890417075
Train,2.81045360596929,2.81022326447055
Train,2.8740563042733,2.87340887997198
Train,2.93659962558512,2.93622425150534
Train,2.99829693749261,2.99811962533204
Train,3.05935074493537,3.0591247255943
Train,3.11940426712818,3.11811394789765
Train,2.12131051433176,2.12127426511142
Train,2.34157767709187,2.34111699100322
Train,2.55089051954992,2.55153051446541
Train,2.75041997728193,2.750462662887
Train,2.94047941174105,2.94066937954631
Train,3.12206776781015,3.12214494489672
Train,3.29541318753376,3.29532383255719
Train,3.46137588089574,3.46153228135881
Train,3.62026820396298,3.62014179748076
Train,3.77238947072282,3.77275381078289
Train,3.9184378745978,3.91804615974979
Train,4.05850605266546,4.05882474209284
Train,4.19320723877575,4.19325714802835
Train,4.32272202966428,4.32282677651892
Train,4.44722696284171,4.44724933469479
Train,4.56723312140291,4.56750797204586
Train,4.68276194077873,4.68254206393249
Train,4.79426945759002,4.79461181251099
Train,4.90175901098383,4.90176229198187
Train,5.00563973868193,5.00533989204996
Train,2.11581728312473,2.11484382052367
Train,2.33047865584099,2.33025904722308
Train,2.53578948231645,2.5343655341203
Train,2.73197658332002,2.73146300207372
Train,2.91981227546609,2.91792899756911
Train,3.09981870678823,3.09998718885981
Train,3.27263879538605,3.27246651252426
Train,3.43838038489641,3.43766632372717
Train,3.59762025954928,3.5970822750387
Train,3.75073363400826,3.75091284903829
Train,3.89820705850173,3.89667656165693
Train,4.04007726729951,4.03998299942032
Train,4.17678714525193,4.17682132085247
Train,4.30861321308013,4.30793092853492
Train,4.43593332062855,4.43587361353275
Train,4.55874123514964,4.55806940347247
Train,4.67738517395463,4.67723951949665
Train,4.79207338478934,4.79167650285672
Train,4.90310587350724,4.90312303205428
Train,5.01045046455225,5.01013578659695
Train,2.12340780063026,2.12402728707821
Train,2.33555182157128,2.33521536345143
Train,2.53826171316524,2.5388708743958
Train,2.73252129019331,2.73223892380338
Train,2.91849468018317,2.91825519745908
Train,3.09703969551917,3.09716474714878
Train,3.26826695843802,3.26835282445609
Train,3.4329299474644,3.43208334128576
Train,3.591248371111,3.5922871483599
Train,3.74343716572525,3.74407640802747
Train,3.89012436427303,3.89002495956811
Train,4.03133386362594,4.03151947062361
Train,4.16762609628764,4.16764498306293
Train,4.29912814868422,4.29856546247902
Train,4.42596729516976,4.425271651191
Train,4.54862072987129,4.54856686761195
Train,4.66706619002326,4.66695759106369
Train,4.78173499906128,4.78166147256343
Train,4.89259322452992,4.89216307471361
Train,5.00003247031494,4.99989845552773
Train,-2.52020399747413,-2.51922188263052
Train,-2.29591448626899,-2.29508805524529
Train,-2.07832454396176,-2.07765110191758
Train,-1.86808267620809,-1.86813223241916
Train,-1.66391071808652,-1.66475373469439
Train,-1.46643689877274,-1.46582475964897
Train,-1.27447895842263,-1.27438138938669
Train,-1.08864441514788,-1.08849854747677
Train,-0.907836374848127,-0.908003595333867
Train,-0.73264157362904,-0.73188400152867
Train,-0.562039432900503,-0.562343380108359
Train,-0.39659609735487,-0.39609379207468
Train,-0.235359490400793,-0.234709242511599
Train,-0.0788755415109268,-0.0789681721653324
Train,0.0737461038603353,0.0727720222239441
Train,0.221979226239904,0.222464344038599
Train,0.366658369217015,0.366484135120118
Train,0.507276431250276,0.508062660745054
Train,0.644617321591916,0.644329531100084
Train,0.778192409141088,0.7782573839213
Train,3.78722333247141,3.78637145485118
Train,3.86835707725558,3.86835642315054
Train,3.94712554082616,3.94717709414181
Train,4.02363066926337,4.0227855144658
Train,4.0979686329837,4.09824846777337
Train,4.17023023004647,4.17003245334126
Train,4.24050125613106,4.24047936316856
Train,4.30886284435454,4.3083401419899
Train,4.37539177775957,4.37545112824955
Train,4.44016077700295,4.4397914313995
Train,4.50341168856786,4.5032971444889
Train,4.56485960942645,4.56489692012838
Train,4.6247441025641,4.62459388658681
Train,4.6831240862016,4.68280328176115
Train,4.74005555482039,4.74022438186876
Train,4.79559175829861,4.79499311792824
Train,4.84978336803594,4.84972845533412
Train,4.90267863115647,4.90262412529773
Train,4.95432351377617,4.95424519104563
Train,5.0047618342289,5.00439405635916
Train,4.06779321762793,4.06776932173307
Train,4.12886362446846,4.12886866802
Train,4.18843650502565,4.18847966047542
Train,4.24656627409439,4.24643661099617
Train,4.3034897491331,4.30358813359999
Train,4.35888192481813,4.35883876901426
Train,4.41297936164961,4.41296685562338
Train,4.46582693013893,4.46584062088368
Train,4.51746745109716,4.51737431903166
Train,4.56794181135225,4.56797732477207
Train,4.61745010965688,4.61750077650504
Train,4.6657040691344,4.66561501138494
Train,4.71290408416591,4.71290115948796
Train,4.75908431150662,4.75904962502682
Train,4.80427744772708,4.80427995028367
Train,4.84851480641581,4.84841015624261
Train,4.89196783246196,4.89200202986103
Train,4.93437948805927,4.93433347848259
Train,4.97592179954134,4.97602843024652
Train,5.01662122515669,5.01640197371307
Train,4.22014920295026,4.22073853553593
Train,4.27001595389997,4.27009611503672
Train,4.31884733509992,4.31890748248043
Train,4.36649106477317,4.3666920948599
Train,4.41334987882338,4.41323573638147
Train,4.45926512455976,4.45966637380116
Train,4.50426501801582,4.50441523556947
Train,4.5483766613159,4.54848170602781
Train,4.59145944968607,4.59151308186119
Train,4.63387492262615,4.63390311423791
Train,4.67547720517421,4.67565158088109
Train,4.71628946103913,4.7163499373346
Train,4.75617962708936,4.75636149676211
Train,4.79548073861762,4.79549545807822
Train,4.83405616692232,4.83413280408786
Train,4.87192582742161,4.8719961889401
Train,4.9091089134031,4.90920206742157
Train,4.9454831181638,4.94554635601889
Train,4.98135040320262,4.98139199943034
Train,5.01658461081217,5.01657994738343
Train,0.0232534855056645,0.0243663832443417
Train,0.324712944071901,0.324550383309543
Train,0.60536286614481,0.605133510776795
Train,0.867286065839493,0.867519528837875
Train,1.11229637454543,1.11184783427962
Train,1.34246542260862,1.34234084228956
Train,1.55818922335934,1.5580916329709
Train,1.76121419379661,1.76126272522015
Train,1.95262957125149,1.95281401987813
Train,2.13340348386394,2.13303228303266
Train,2.30439932758651,2.30448621376127
Train,2.46638955566902,2.46651103529439
Train,2.62006734534397,2.62006768239371
Train,2.76605651343147,2.76582721817977
Train,2.90491998000819,2.90496903754683
Train,3.03744826357064,3.03746398330259
Train,3.16352782107499,3.16370516885945
Train,3.28387356534576,3.28385822499695
Train,3.39886794131181,3.39888497381253
Train,3.50886012159005,3.50922155210355
Train,4.28859561403509,4.2884343767364
Train,4.34205553093081,4.34200452645382
Train,4.39413825412554,4.39409057713056
Train,4.44523806813899,4.44520070524959
Train,4.49521413955049,4.49517275517428
Train,4.54393920473399,4.54387797641903
Train,4.5917797177037,4.59180825849762
Train,4.63844468822171,4.63845478235089
Train,4.68428365944228,4.68420834711651
Train,4.72916704473182,4.72913596980652
Train,4.77297694083089,4.77291577487267
Train,4.81603966114015,4.81594876691815
Train,4.85823186116631,4.85817734176089
Train,4.89944090909091,4.89865132049817
Train,4.93997216624685,4.93996226623858
Train,4.9795747829991,4.97946363889423
Train,5.01854127914636,5.0185280330079
Train,5.05675790632441,5.05670153759274
Train,5.09412023228766,5.09409915666402
Train,5.1309029953917,5.13064967259925
Train,2.58610026583734,2.5874878766117
Train,2.76851465918126,2.76852812999277
Train,2.94272882802608,2.94215834226998
Train,3.10901911744448,3.10913572216305
Train,3.26841993749323,3.26788005846902
Train,3.42110751508397,3.42232200401122
Train,3.56749720103519,3.56723052489906
Train,3.70797077464581,3.70812451801976
Train,3.84266509114177,3.84243149868416
Train,3.97234198581784,3.97213117544379
Train,4.09707757069643,4.0969879972763
Train,4.21714899668871,4.21713827429267
Train,4.3326287426891,4.33242276199235
Train,4.44413033620157,4.44412505581204
Train,4.55168393839327,4.55124737979713
Train,4.65549558435397,4.65520186110007
Train,4.75575721774563,4.75558265763902
Train,4.85249322518756,4.85238732927974
Train,4.9461851749025,4.94618068349519
Train,5.03682941941548,5.03639823587582
Train,2.98775249380128,2.98637643331313
Train,3.12206960094632,3.12048968240197
Train,3.25290130390781,3.25220423995415
Train,3.37993974614198,3.38045275796321
Train,3.50377640960752,3.50348838899663
Train,3.62411220201402,3.62420424880838
Train,3.74150019080705,3.74106182899777
Train,3.85565013384334,3.85560795192214
Train,3.96688702225547,3.96712408803069
Train,4.07550945630258,4.07554143249945
Train,4.18124040876721,4.18167192464898
Train,4.28455202488485,4.28365722316084
Train,4.38517594829115,4.38478515833413
Train,4.48338609932238,4.48364966611553
Train,4.57943510371219,4.57906719778839
Train,4.67306727396642,4.67298796208343
Train,4.76469060628296,4.76452500252708
Train,4.85405759289072,4.85420930173859
Train,4.94155423929131,4.94135252081105
Train,5.02694097839383,5.02646242778064
Train,4.14401671994345,4.14431101503578
Train,4.19751144380353,4.19750793628918
Train,4.24985505831044,4.25010591002865
Train,4.30108432264442,4.30109619782525
Train,4.35123444732833,4.35137474328803
Train,4.40033917493346,4.40029235040856
Train,4.44843085579031,4.4484715459439
Train,4.49554051906142,4.49568328591704
Train,4.54169793950441,4.54166984177573
Train,4.58693170022691,4.58702628477477
Train,4.63126925171151,4.63122459903752
Train,4.67473696736674,4.6747579529474
Train,4.71736019584034,4.71757069595333
Train,4.75916331031284,4.75913979925826
Train,4.80016975497286,4.80020380898713
Train,4.84040208886042,4.84057569120705
Train,4.87988202725041,4.87985849339748
Train,4.91863048073583,4.91860182684468
Train,4.95666759215853,4.95668441174348
Train,4.99401277152463,4.99390266915361
Train,3.88106647881116,3.88105781424747
Train,3.95498534175077,3.95386107768718
Train,4.02671478618677,4.02664536865268
Train,4.09670141090502,4.09703156398245
Train,4.16483624467702,4.16443901251841
Train,4.23102517859931,4.23119530281838
Train,4.29567456628328,4.29498281445194
Train,4.35852034698589,4.35883196581199
Train,4.41994505606517,4.41996867447597
Train,4.47984525635399,4.47976990757525
Train,4.53813014425581,4.53761394979665
Train,4.59515032639944,4.59518580463555
Train,4.65080606957692,4.6505505092573
Train,4.70500913105349,4.70543914126029
Train,4.75808209561698,4.75760649476433
Train,4.80979863708371,4.81001489798291
Train,4.86046452629652,4.86012399187166
Train,4.90998639728125,4.91013022357947
Train,4.95828074029674,4.95768655685606
Train,5.00563050217586,5.00563476832031
Train,2.12621823990325,2.12689175758715
Train,2.35335536725129,2.35310420618407
Train,2.56848775657863,2.56847061783265
Train,2.77206855266668,2.77234574237809
Train,2.96522830288204,2.96483853179598
Train,3.14896097896573,3.14855371232261
Train,3.32353294524035,3.32395621750038
Train,3.49000016938564,3.48989847196935
Train,3.64854390333541,3.6484321580283
Train,3.79989311823147,3.79957302006733
Train,3.94469562852031,3.9449303802503
Train,4.08304353576476,4.0832217499883
Train,4.21551363640978,4.21557103331361
Train,4.34262124740616,4.34230203589686
Train,4.46440022385062,4.4646166598759
Train,4.5814523120877,4.5814478205757
Train,4.69378410219524,4.6937615348179
Train,4.80180183201991,4.80187109423423
Train,4.9058711871293,4.90588127305455
Train,5.00596980801308,5.00589341796876
Train,3.98151939479087,3.98123494858373
Train,4.08560394980828,4.08599994435281
Train,4.18538760819451,4.18519425143313
Train,4.28149214122652,4.28024907891813
Train,4.3737693593754,4.37390224064075
Train,4.46277764000615,4.46281766629545
Train,4.54836467816459,4.54851041393704
Train,4.63103463127504,4.63033048194484
Train,4.71063354983805,4.71038213006977
Train,4.78761888365643,4.78780637138698
Train,4.86183683844562,4.86171443448256
Train,4.93370436064246,4.9326900971173
Train,5.00306911414454,5.00318548721407
Train,5.07031270660277,5.07036870041338
Train,5.13528519349241,5.135056759078
Train,5.19833717447293,5.19854743866745
Train,5.25932175401187,5.25863977742119
Train,5.31856218030005,5.31868900090558
Train,5.37591505757774,5.37567298570502
Train,5.43167938954815,5.43057325496193
Train,3.56330827873525,3.56344093340886
Train,3.61943027308644,3.6194320775212
Train,3.67467932599725,3.67462958317628
Train,3.72860979994892,3.72863461620727
Train,3.78149458101501,3.78127412045433
Train,3.83336379059865,3.83340021012191
Train,3.88446551995038,3.88449792146639
Train,3.93438531230801,3.93438912005513
Train,3.98337334956381,3.98339457407201
Train,4.03145547738693,4.03156184018007
Train,4.07885992830399,4.07884110668238
Train,4.12520035364699,4.12511126243771
Train,4.17070699209888,4.17065648652351
Train,4.21540214606916,4.21545952711313
Train,4.25949652745226,4.2595225924415
Train,4.30262920059413,4.30260373262354
Train,4.34501278816023,4.34511405158264
Train,4.38666663622413,4.3867314282179
Train,4.42778591658008,4.42750169336068
Train,4.46803273530061,4.46800484462801
Train,5.37057636424032,5.37049277082406
Train,5.43382141873497,5.4337979207412
Train,5.49501443885656,5.49506904886948
Train,5.55425370004127,5.55424615481752
Train,5.61163130089327,5.61156900091373
Train,5.66723364096217,5.66723435281892
Train,5.72114185484868,5.72114641305961
Train,5.77343220722596,5.77343420165926
Train,5.82417645282135,5.82420824476867
Train,5.87344216493173,5.87342936353161
Train,5.92120404498644,5.9212011921918
Train,5.96770266156324,5.96772628052349
Train,6.01290314905093,6.0128714165985
Train,6.05685912002681,6.05687717361434
Train,6.09962127490142,6.09961713002122
Train,6.14123759700093,6.14122267017592
Train,6.18175353217474,6.18176574870085
Train,6.22121215434194,6.22122882078838
Train,6.25965431824423,6.25962882064778
Train,6.29711880054416,6.29712466280398
Train,3.43469817214436,3.43492849011818
Train,3.71526197914561,3.71534521277499
Train,3.96912085994883,3.96901876883203
Train,4.19970213449115,4.19976861273244
Train,4.41045529222628,4.41038977393691
Train,4.60365386091897,4.60367519627471
Train,4.78140345001849,4.78141681979832
Train,4.94548586823508,4.94549912680304
Train,5.09727810462039,5.09726827235863
Train,5.23837314178011,5.23842575323215
Train,5.36974091204346,5.36971817469021
Train,5.49235381109834,5.49238079510906
Train,5.60695185997092,5.60698461091306
Train,5.71449665703554,5.7144946100525
Train,5.8155254137919,5.81549336216267
Train,5.91061291862125,5.91061194153008
Train,6.00026828715781,6.00026516199796
Train,6.08486476854503,6.08486071920197
Train,6.16496886465042,6.16494236161816
Train,6.24085787471548,6.24084288303857
Train,3.35747576609748,3.35669123703337
Train,3.46979775418912,3.4692975831058
Train,3.57789529176079,3.57741875029387
Train,3.68200230337501,3.68219789984141
Train,3.78212479428875,3.7814596122189
Train,3.87889364851317,3.87867988523067
Train,3.97227749373612,3.97233971233436
Train,4.06245089010111,4.06204052699832
Train,4.14957659815377,4.14924132595843
Train,4.23380655928289,4.23359799847094
Train,4.3151111586512,4.31518487937865
Train,4.39397198583075,4.39394985546824
Train,4.47033614290024,4.4698929970109
Train,4.54432034612779,4.54437432688428
Train,4.61603414828639,4.6161835151579
Train,4.6855804799257,4.68515194493011
Train,4.75291380124137,4.75307953569063
Train,4.81841406116404,4.81820483083357
Train,4.88202044711433,4.88194812327129
Train,4.94381392771371,4.94349594188679
Train,3.95379085585895,3.95368064488503
Train,4.02387689874655,4.02416075619112
Train,4.09202787585003,4.09207055404477
Train,4.15832283624358,4.15822904711604
Train,4.22265524360137,4.22241722023318
Train,4.28546338401749,4.28570272092838
Train,4.34662808607946,4.34649298764998
Train,4.40621302012163,4.40613248926093
Train,4.46427860944328,4.46430928866903
Train,4.52088223469157,4.52099141299186
Train,4.57592311844487,4.57584969378513
Train,4.62976750947251,4.62968788619764
Train,4.6823055082136,4.68209161133927
Train,4.73358408906357,4.73371501299334
Train,4.78364800099205,4.78390809499979
Train,4.83253989778802,4.8325953739477
Train,4.88016595915179,4.88009758186308
Train,4.9268370631556,4.92657099267308
Train,4.9724526102253,4.97268945322503
Train,5.0170480101116,5.01683663357835
Train,3.80648225569434,3.80711468990557
Train,3.88819773140044,3.88858794567932
Train,3.9675845776397,3.96799090243803
Train,4.04434546678564,4.04472830168743
Train,4.1187993066945,4.11897420266178
Train,4.19123440546412,4.19184173438407
Train,4.26137018770759,4.26159351097886
Train,4.32948904552383,4.32956721411756
Train,4.39584710591179,4.39620614244632
Train,4.46017989826154,4.46034822803267
Train,4.52273921278602,4.52317574156041
Train,4.58359738725435,4.58375251912003
Train,4.64297543427099,4.64336963796086
Train,4.70062906181099,4.7008068242576
Train,4.75677643828702,4.75699253224957
Train,4.81161680267712,4.81199767683211
Train,4.86491994475946,4.86501744379348
Train,4.91688305589834,4.91711023008975
Train,4.96768669976923,4.96763688622741
Train,5.01711383153096,5.01711034441541
Train,3.8066694585454,3.80832411755182
Train,3.88830813858995,3.88946032563035
Train,3.96762431052348,3.968929022456
Train,4.04432259282697,4.04492488465621
Train,4.11891043444386,4.12071233547249
Train,4.19110358009718,4.19235055655008
Train,4.26137364197484,4.26280944447353
Train,4.32944724323035,4.33025312857717
Train,4.39576388554881,4.39674817788909
Train,4.46006075378851,4.46225047895496
Train,4.52274846433141,4.52353987704191
Train,4.58357440276936,4.58371770109079
Train,4.64292310555896,4.64358629002163
Train,4.70055177180784,4.70152808717467
Train,4.75682130961977,4.75755827833927
Train,4.81149833123813,4.81221636554983
Train,4.86492226818416,4.86533071016675
Train,4.9168687417456,4.91678266172676
Train,4.96765760327812,4.96786962662372
Train,5.01707308206896,5.01708908084038
Train,2.1236001698057,2.12558088656078
Train,2.3312267024633,2.33221396464796
Train,2.53079190975058,2.53223238131613
Train,2.72221107576009,2.7233661836799
Train,2.90649628017563,2.90896259381407
Train,3.08353435789103,3.08510966074391
Train,3.25422961376912,3.25538798714842
Train,3.41844845121932,3.42024258607125
Train,3.57700345480192,3.57729375432609
Train,3.72974665350828,3.73060082565644
Train,3.87741200225108,3.87871637119679
Train,4.01984174897882,4.0206957540322
Train,4.15770198454672,4.15795381749194
Train,4.290828668106,4.29098892884213
Train,4.41982895049952,4.42046182560807
Train,4.54453516025359,4.54569022246869
Train,4.66550296056914,4.66617463831062
Train,4.78256307189015,4.78277535797315
Train,4.89622593620364,4.89647356088608
Train,5.00632220143366,5.00624273188805
Train,2.11929806066128,2.12259749766963
Train,2.33912576422513,2.34002162645629
Train,2.54859528613601,2.55014475006465
Train,2.74780960314826,2.74882821154461
Train,2.93779495529389,2.93828822155774
Train,3.11945687375641,3.1209487598353
Train,3.29279699955795,3.29421643281239
Train,3.45862885425712,3.4594684376425
Train,3.61767431655396,3.61801465104145
Train,3.76987241815197,3.77154796018294
Train,3.91588042011057,3.91736583855163
Train,4.05606843534068,4.05701151611356
Train,4.19098530903493,4.1916746508723
Train,4.32052286055671,4.32131530531842
Train,4.44518840503133,4.44614867192649
Train,4.56543701782796,4.56602579531682
Train,4.6811416941507,4.68153891948896
Train,4.79272714137776,4.79346538465325
Train,4.90057583290482,4.900806864076
Train,5.00455067461036,5.00465160060412
Train,2.79788184818482,2.79820152011598
Train,2.97335468643221,2.9736802076186
Train,3.13886891715424,3.13927530755609
Train,3.29576238654505,3.2956152683546
Train,3.44444714550587,3.44451096218108
Train,3.58531949114351,3.58565873523185
Train,3.71941916855353,3.71931205553483
Train,3.84701300755902,3.84739192503912
Train,3.96836344940053,3.96833901053833
Train,4.08429867299206,4.08419780074473
Train,4.19499065489583,4.19543313382746
Train,4.30078722298537,4.30103253950074
Train,4.40183938328847,4.40172933802387
Train,4.49877838020913,4.49886312287344
Train,4.5916967674814,4.59170567049296
Train,4.68069257122139,4.68082883312309
Train,4.7662911811145,4.76624412843739
Train,4.84854735918329,4.84874122941983
Train,4.92752249937938,4.9275808546081
Train,5.00366031197705,5.00363111870683
Train,1.49400356488097,1.49427131498669
Train,1.57682794872268,1.57677973258615
Train,1.6584071625663,1.65854834042329
Train,1.73815252095142,1.73846471009892
Train,1.81672692283096,1.81651561605395
Train,1.89356181483551,1.89331991169456
Train,1.96929441392374,1.9693979707481
Train,2.04337531582866,2.04346049267042
Train,2.11641754009361,2.11643896665191
Train,2.1878899089651,2.18794869041812
Train,2.25838261570457,2.25826830973529
Train,2.327381842575,2.32719125364019
Train,2.3954562249571,2.39541933193323
Train,2.46210849074814,2.46215490989925
Train,2.5278868926327,2.52767886317088
Train,2.59230993820457,2.59246981405886
Train,2.65590658789213,2.65598373069224
Train,2.71821040810501,2.71807044821981
Train,2.77973208027049,2.77979634944495
Train,2.8400195506646,2.83993257937618
Train,3.79651087817818,3.79640800697598
Train,3.87628483249643,3.8755756617029
Train,3.95402468652431,3.95435492990509
Train,4.02946536235789,4.02914465628419
Train,4.10287290473821,4.10258747171247
Train,4.1743284105928,4.17447087746768
Train,4.24406620952719,4.24418577920733
Train,4.31184013007536,4.31145657429079
Train,4.37788100216708,4.377710180961
Train,4.44225446036291,4.44247306818579
Train,4.5051650316377,4.50505588075976
Train,4.56638419583678,4.56612423053593
Train,4.6261141293753,4.62608235167863
Train,4.68440852026206,4.68454556504366
Train,4.74144748054827,4.74120539081196
Train,4.79701879050252,4.79686155309537
Train,4.85130101388361,4.85161009491276
Train,4.90433849078683,4.90413301730587
Train,4.95629108787155,4.95613658049115
Train,5.0069615428495,5.00659351807553
Train,2.11265652053321,2.11272668543825
Train,2.3578566649345,2.35711359034758
Train,2.58709638398645,2.58684106676083
Train,2.80188488942419,2.80138463936964
Train,3.0035469266887,3.002632716074
Train,3.19300068400244,3.19262744685329
Train,3.37179232928029,3.37101240123593
Train,3.5405745503095,3.54010498891148
Train,3.70016500671517,3.69990953804154
Train,3.85129466049826,3.85066990623091
Train,3.9946189701457,3.99370976290447
Train,4.1307273939857,4.13058343082957
Train,4.26015149340538,4.25889873897904
Train,4.38337187082695,4.3833423030519
Train,4.50082413335532,4.50036264049413
Train,4.61275563701275,4.61259600811172
Train,4.71983010816281,4.71948958907888
Train,4.82222099538286,4.82199518424386
Train,4.92022902122279,4.91956552754709
Train,5.01412970272404,5.01372678686312
Train,2.14401432385432,2.14420550519571
Train,2.38115906837723,2.38065201407881
Train,2.6037154860944,2.60388637153301
Train,2.81248742451155,2.81238565501189
Train,3.00895291571405,3.00880450033583
Train,3.19439187912844,3.19353883672738
Train,3.36928552276897,3.36928509246718
Train,3.53490699190702,3.53476616135231
Train,3.6915961922994,3.69123860460968
Train,3.8402358800163,3.83965038796305
Train,3.9816013822551,3.98176497274835
Train,4.11588896677827,4.1159548532778
Train,4.24377162448729,4.24301274139725
Train,4.36584447361433,4.36575978003384
Train,4.48221255814478,4.4822380806836
Train,4.59353582159029,4.59344644956218
Train,4.6998773243844,4.69961997718929
Train,4.80168739654563,4.80145559373705
Train,4.89936800597654,4.8992867933739
Train,4.99293804110241,4.99232577130533
Train,2.1089386522176,2.10916658015049
Train,2.37514073023038,2.37536634311618
Train,2.62060179571228,2.61990403163873
Train,2.84707197075652,2.84683934382701
Train,3.05721315704382,3.05751932049679
Train,3.25222648526667,3.25145849844557
Train,3.43415752082525,3.43252568022945
Train,3.60384084059762,3.60307554821338
Train,3.76267811596061,3.76073310470383
Train,3.91187006831308,3.90474062708381
Train,4.05190585526976,4.04266544796337
Train,4.18394524024873,4.1826725414976
Train,4.30833067579597,4.30700611353313
Train,4.42586142983442,4.42214612841417
Train,4.53723364108906,4.53605900073308
Train,4.64264426466738,4.64226000552299
Train,4.74281992770265,4.74173494579009
Train,4.83789302383836,4.83760242650897
Train,4.92847952912802,4.92800679220454
Train,5.01466450809957,5.01303588617884
Train,2.1288000425236,2.12880615355607
Train,2.34823611622065,2.34806900524563
Train,2.55721056391098,2.55728951822312
Train,2.75599004423558,2.75577604055798
Train,2.94552363337288,2.94532764629184
Train,3.12665298750669,3.12657772778766
Train,3.29952074244584,3.29961182643819
Train,3.46506570261306,3.46495220045472
Train,3.6233729771198,3.62342915441695
Train,3.77508423011347,3.77504466610844
Train,3.92077359844153,3.92066050240828
Train,4.06046525202083,4.06053804213661
Train,4.19467901969374,4.1945512828388
Train,4.3238821364358,4.32392002954657
Train,4.44805868915352,4.44805538432411
Train,4.56777660105704,4.56769557124426
Train,4.68300122001707,4.68298936302381
Train,4.79411099883308,4.79411863710629
Train,4.90144833177892,4.90143604078912
Train,5.00495885637076,5.00498806714313
Train,2.12903313037011,2.12932834976527
Train,2.37371497467302,2.37348351030232
Train,2.60247029364738,2.60259267437868
Train,2.81623456115528,2.81625503834584
Train,3.01670163660666,3.01626438017774
Train,3.20532645089991,3.20536338477177
Train,3.38265358908176,3.38278781074405
Train,3.54989189897027,3.54901600959056
Train,3.70809013959052,3.70810270175571
Train,3.8575609457185,3.85763498804226
Train,3.99919673222576,3.99798116552847
Train,4.13359781405886,4.13372173308016
Train,4.26147622394797,4.26160081272974
Train,4.38296867091488,4.3816767063181
Train,4.4986971616588,4.49870374649254
Train,4.60921087066979,4.60194367657823
Train,4.71457055299424,4.71401700613205
Train,4.81526389425394,4.81545840720355
Train,4.91172399174008,4.91128889239189
Train,5.00396334665218,5.00365785154645
Train,2.13040396222976,2.13055187673308
Train,2.37303853282408,2.37280378695141
Train,2.60015547822851,2.60013996045745
Train,2.81263070033132,2.81260053769074
Train,3.01210130581198,3.0121234695107
Train,3.19997617682496,3.19997266960854
Train,3.37676511064571,3.37525459640165
Train,3.54386697152176,3.54384677926282
Train,3.70163413213781,3.7015736368121
Train,3.85102716016077,3.85092248506771
Train,3.99288537720786,3.99296243258868
Train,4.12740371639727,4.1272953955995
Train,4.25530873339397,4.2552348936515
Train,4.37723989298125,4.37727829499272
Train,4.493294071595,4.4932709700297
Train,4.60418353903414,4.6042644499903
Train,4.70996079497985,4.7098429028556
Train,4.81110720463325,4.81071104660441
Train,4.90805066782361,4.90820710022672
Train,5.00079777774893,5.00036430399632
Train,4.03678158433773,4.03697904978617
Train,4.13566729713179,4.13575654697343
Train,4.23097241930034,4.23103272328808
Train,4.32253303108006,4.3224492286281
Train,4.41073584423757,4.41080274715205
Train,4.49592692277096,4.49592946946359
Train,4.57793968546789,4.57791169990014
Train,4.6572551368398,4.6572432046305
Train,4.73370733785268,4.73371610592585
Train,4.80759144513496,4.80768015881767
Train,4.87917329958169,4.87909130412299
Train,4.94829025844663,4.94832083639994
Train,5.01519696033909,5.01519254167943
Train,5.08012355466713,5.08012946962845
Train,5.14291246511713,5.14290222102136
Train,5.20390367316847,5.20392396846364
Train,5.26294356871021,5.2630213671946
Train,5.32023532421494,5.32019131454581
Train,5.37596355005784,5.37595932999466
Train,5.42998106724748,5.43000169817242
Train,2.76429712269479,2.76384607632644
Train,2.99662453130539,2.99602244545531
Train,3.21286783191093,3.21283526024126
Train,3.41419547717616,3.41354448964194
Train,3.60251571015027,3.60196798579273
Train,3.77865864230516,3.77795512842931
Train,3.94413510895602,3.94385710838833
Train,4.09953984965417,4.09861706257652
Train,4.2459277761753,4.24579934395297
Train,4.38421528045004,4.38368818929303
Train,4.51476550454941,4.51445192774918
Train,4.63848546459697,4.63812037628668
Train,4.75563590627726,4.75564776796818
Train,4.86685051434591,4.86613933698391
Train,4.97268738411074,4.97280400449017
Train,5.07330223853307,5.0732564367172
Train,5.16928654997398,5.16904614525265
Train,5.26074791253988,5.26097808090708
Train,5.34819410489527,5.34776087230421
Train,5.43169660327504,5.43160548096421
Train,3.80381777795189,3.80403652692621
Train,3.88514324005325,3.88520966310898
Train,3.96402527890594,3.9639720098603
Train,4.04074982268281,4.04069650750534
Train,4.11505901581572,4.11493469277048
Train,4.18723194122482,4.18723674846478
Train,4.25735941480867,4.25718553920888
Train,4.32552717676686,4.3254703493003
Train,4.39197006127829,4.39202032428875
Train,4.45645288468365,4.45602641139703
Train,4.51920628604514,4.51924430289728
Train,4.58029891907628,4.58014499490673
Train,4.63993401138155,4.63982895082881
Train,4.69789341540057,4.69785778498772
Train,4.75437753520853,4.75419430702823
Train,4.80944199021849,4.80938949900883
Train,4.86313963868017,4.86301230434765
Train,4.91564248218195,4.91577885060178
Train,4.96675195093874,4.96652382377215
Train,5.01663835745596,5.01630290373214
Train,3.80664091162018,3.80649461221765
Train,3.88860513026176,3.88841291841527
Train,3.9679995475491,3.96746986968355
Train,4.04494315355178,4.04476995873119
Train,4.11954770383565,4.11837565649694
Train,4.1919182610461,4.19148095272976
Train,4.26215368855679,4.26182495934336
Train,4.33034710106158,4.33025342882684
Train,4.39658627642818,4.39628679615998
Train,4.46095403264424,4.46050906182427
Train,4.52367796994307,4.52357293495515
Train,4.58452912445033,4.58438630849196
Train,4.64373103384914,4.643447019007
Train,4.70134985075786,4.70104824547161
Train,4.75744823655694,4.75677241206358
Train,4.81208558870454,4.81179383934796
Train,4.86531825051979,4.86507531523239
Train,4.91719970499118,4.91695702065044
Train,4.9677807540116,4.9675912168932
Train,5.01710968430264,5.01652509728592
Train,1.61461103702992,1.61362801195355
Train,2.00542657563896,2.00449753709836
Train,2.35758061384121,2.35707973448734
Train,2.67595499157941,2.67497978945903
Train,2.96545351484543,2.96489294722778
Train,3.23007786762063,3.22916771783639
Train,3.47245396223694,3.47314302131053
Train,3.69568666082168,3.69688705639419
Train,3.90157605727133,3.90247203872786
Train,4.09224436676495,4.09336866597732
Train,4.26948383431432,4.27016351303246
Train,4.43435795345876,4.43502707437074
Train,4.58826026605805,4.58902802491866
Train,4.73238495656922,4.73274706455413
Train,4.86738295180506,4.86795337132571
Train,4.99433137694464,4.99432354486635
Train,5.11370594655759,5.1133910529461
Train,5.22627002247981,5.22613298672877
Train,5.33268984781122,5.33243876380948
Train,5.4332664421867,5.43293927339255
Train,1.18428791394519,1.18537862795711
Train,1.63622234477721,1.63657024090571
Train,2.03966537388795,2.04021726135397
Train,2.40202412271444,2.40183643134878
Train,2.72927020845774,2.72913973098912
Train,3.02627142594558,3.02665401691775
Train,3.29703552707117,3.29755715810097
Train,3.54489212669147,3.54526708229605
Train,3.77263031285526,3.77279990506213
Train,3.98260405466821,3.98264621802809
Train,4.17681386944818,4.17693228557982
Train,4.35697076170014,4.35696343622112
Train,4.52454676694965,4.52453084540321
Train,4.68081526395373,4.68093067309746
Train,4.82688339281796,4.82695132666049
Train,4.96371832551304,4.96373794904503
Train,5.09216870721911,5.09202624883619
Train,5.21298227338585,5.21282904787222
Train,5.32682041531893,5.32676868893759
Train,5.43427029363221,5.43414807192312
Train,2.11854974520265,2.11981253055637
Train,2.36965329953032,2.37188216860159
Train,2.60291369662723,2.60326721096499
Train,2.82074288747963,2.82106442657096
Train,3.02408366216741,3.02651663328288
Train,3.21483992653704,3.21623217915476
Train,3.39366947362023,3.3947993005786
Train,3.56210365267221,3.56301952448484
Train,3.72060116765344,3.721015459716
Train,3.87041413984253,3.87097492624889
Train,4.01185999458537,4.01210218340566
Train,4.14597750162666,4.14665621348468
Train,4.27298251658091,4.2740260391256
Train,4.39374797378785,4.3943832780933
Train,4.5084159270133,4.50949097442208
Train,4.61772841628796,4.61803062666149
Train,4.72177341797621,4.72276386874364
Train,4.82118822113108,4.82141514134128
Train,4.91602092961166,4.91623994996189
Train,5.00682395082493,5.00683660302457
Train,4.12029750582454,4.12100305207423
Train,4.17735496874578,4.17725709077422
Train,4.23298871820292,4.23347339413522
Train,4.28755224265169,4.28735859285007
Train,4.34078056588744,4.34122756124634
Train,4.39301016246763,4.39255260178834
Train,4.44398575846483,4.44391537391857
Train,4.49402803643194,4.49377356069454
Train,4.54302639095992,4.54285473182608
Train,4.59088048913341,4.5906167697176
Train,4.63788935800581,4.63763475920132
Train,4.68381995465423,4.68392146090991
Train,4.72895809292725,4.72891691290715
Train,4.77320123589407,4.77263207090436
Train,4.81645576932464,4.8159257047846
Train,4.85898929060412,4.85934377477315
Train,4.90058839484491,4.90028476111547
Train,4.94150950752117,4.94110001766239
Train,4.98154643049578,4.98146269002973
Train,5.02094511455809,5.02034997491864
Train,2.13108253715747,2.13126312565146
Train,2.3634225107439,2.36380894740796
Train,2.58234426957046,2.58183509354058
Train,2.78872206994565,2.78867960350908
Train,2.98408712843775,2.98413010610966
Train,3.16906850956499,3.16923979810599
Train,3.34447262355661,3.34397546801483
Train,3.51102448520961,3.51147242988736
Train,3.66918121602325,3.66928906483008
Train,3.81993600410763,3.8194558653995
Train,3.96361774986868,3.96393057774549
Train,4.10071281829953,4.10101648995624
Train,4.23150110558036,4.23141158321596
Train,4.35671938119378,4.35665696511205
Train,4.47656656134204,4.47648999234298
Train,4.59138097054597,4.59161082609353
Train,4.70147310298635,4.70142605417641
Train,4.80699671021597,4.80697808466357
Train,4.90848328994059,4.90852965146405
Train,5.00603822010173,5.00605837070179
Train,3.04119409913443,3.04321341880132
Train,3.19008903585689,3.19074862587877
Train,3.33178815602225,3.33342596430157
Train,3.46656537724521,3.46802723597284
Train,3.59536463091558,3.59725377989889
Train,3.7183597587099,3.71951816314686
Train,3.83593444559867,3.83732203286854
Train,3.94843928740004,3.94970664966968
Train,4.05600691507524,4.05740800433705
Train,4.15931622960259,4.16035513316092
Train,4.25844130188877,4.25907981154523
Train,4.35363129196219,4.35476169195681
Train,4.44495577097793,4.44547288689137
Train,4.53295339705236,4.53342063854143
Train,4.61765389777833,4.61827624891885
Train,4.69923917216988,4.69960804700895
Train,4.77787798061389,4.77831360371056
Train,4.8535940634255,4.85379351683878
Train,4.92680396804945,4.92701022673646
Train,4.99750567947043,4.99771008229436
Train,2.12952051089091,2.12974992855743
Train,2.3669523637525,2.36703204276637
Train,2.58984900460194,2.58912899872666
Train,2.79950552654577,2.79956695253713
Train,2.99706760274245,2.99673483089282
Train,3.18355243123405,3.18382252894662
Train,3.35986625274271,3.35970122326398
Train,3.52681907826002,3.52706051724817
Train,3.68513713151105,3.68468608516559
Train,3.83547340951763,3.83553868901072
Train,3.97841668516907,3.97855706520204
Train,4.11449921352282,4.11448793438103
Train,4.24420335448835,4.24409534508595
Train,4.36796728559095,4.3679446089518
Train,4.48618994740472,4.48640614159376
Train,4.5992353392663,4.5990661244723
Train,4.7074362627208,4.7075635060246
Train,4.81109759379642,4.81105253533315
Train,4.9104991518747,4.91011249364965
Train,5.00589822200829,5.00588286374841
Train,3.86767499240352,3.86795308548244
Train,3.93988814312301,3.93923133656426
Train,4.0101984399561,4.01030094873931
Train,4.07901616013599,4.07857958667228
Train,4.14622331643736,4.14626438896812
Train,4.21171516262025,4.211433647597
Train,4.27586994226197,4.27590721813613
Train,4.33857416610701,4.33817707324852
Train,4.39972643404632,4.39911659259815
Train,4.45967663300769,4.46005575508389
Train,4.51831577123988,4.51785482235209
Train,4.57568639126128,4.57553930365611
Train,4.63169173067754,4.63159629818983
Train,4.68664865034855,4.68635808673935
Train,4.7404540428401,4.74039537751014
Train,4.79301465417683,4.79280264267436
Train,4.84462560898169,4.8448435199025
Train,4.89518807231036,4.8947651934177
Train,4.94461226602947,4.94447274309641
Train,4.99317378018728,4.99275328672593
Train,2.13029736085885,2.12998936252552
Train,2.36488484898228,2.36483911476535
Train,2.5852044874433,2.58535759797815
Train,2.79302233464975,2.79299116926632
Train,2.98889740163149,2.9889308614147
Train,3.17427966419733,3.17432461633507
Train,3.34956388030625,3.35029732573093
Train,3.51595707532843,3.51572760734416
Train,3.67392665456806,3.67435766770359
Train,3.82391386438706,3.82392838667147
Train,3.96685640371195,3.96754761648117
Train,4.10290718919506,4.1031238209689
Train,4.23286926881838,4.23306622880773
Train,4.35699086341235,4.35722712782808
Train,4.47551231208091,4.4757151110025
Train,4.58908113602055,4.58908561339194
Train,4.69773558542738,4.69760113616212
Train,4.80204241739314,4.80235327528135
Train,4.90201266315861,4.90207767825268
Train,4.99814603642864,4.99812348638807
Train,2.12135140905587,2.12397967683501
Train,2.3581271563838,2.35889009791936
Train,2.58082347541767,2.58163509962469
Train,2.79014316886457,2.79203971017341
Train,2.98749947850021,2.98885796020841
Train,3.17411978402841,3.17509744259951
Train,3.35042062414992,3.35092969481047
Train,3.51764780114237,3.51770028963801
Train,3.67609155608704,3.67728171943963
Train,3.82661231789763,3.82938371136333
Train,3.96996736034316,3.97063059019638
Train,4.10631792695103,4.10721737125641
Train,4.2363261944277,4.23716170397529
Train,4.36057871671653,4.3613389064667
Train,4.47915454082872,4.47993042553935
Train,4.5927157035838,4.5940624723662
Train,4.7013034034086,4.70237017237378
Train,4.80536659178628,4.80592576865092
Train,4.90530652005249,4.9058105602453
Train,5.00112464163372,5.00114750679131
Train,2.11977512070295,2.11980250278793
Train,2.35543592062117,2.35492872838222
Train,2.57728379397804,2.57690055329658
Train,2.78597788921882,2.78556986812328
Train,2.98314523520744,2.98222620779779
Train,3.16925003574032,3.16891937710898
Train,3.34563771372171,3.34441528515526
Train,3.51263198312321,3.51294769767264
Train,3.67136005374403,3.67040875014936
Train,3.82204322514936,3.82161099682708
Train,3.9656369708923,3.96498212189181
Train,4.10228723103854,4.10150742414407
Train,4.23281242014042,4.23195725904952
Train,4.35730261727197,4.35657437014015
Train,4.47646546379672,4.47569683320762
Train,4.59034940695082,4.58983536992309
Train,4.69957152779093,4.69922058824886
Train,4.80414914034005,4.80357330991683
Train,4.90462451282397,4.90426118504547
Train,5.00099164739789,5.00033362008253
Train,2.12804897949919,2.12778009112662
Train,2.35914572896653,2.35887968332463
Train,2.57710276155572,2.57623847216382
Train,2.78300974754792,2.78244061394798
Train,2.97783911053135,2.97725786978117
Train,3.16246138375598,3.1618266028272
Train,3.33765821454383,3.33722658794431
Train,3.50413342654931,3.5039999749024
Train,3.66252247004433,3.66173873441585
Train,3.81340052777421,3.8132768868054
Train,3.95728949435615,3.95630620585871
Train,4.09466400771843,4.09448972134851
Train,4.2259566794682,4.22542162435639
Train,4.35156264562758,4.35152984671731
Train,4.47184353858334,4.47120987498784
Train,4.58713096434958,4.58720315686514
Train,4.697729555561,4.69709901306851
Train,4.80391965938697,4.80361265244574
Train,4.90595971030359,4.9060989532336
Train,5.00408833000427,5.00348477852458
Train,2.12104874676721,2.1218582191359
Train,2.34903509161392,2.34890685739083
Train,2.56480918105226,2.56475768317614
Train,2.76889724478091,2.7693214972096
Train,2.96242686686407,2.96240303364175
Train,3.14639019060585,3.14638289970026
Train,3.32111104645295,3.32116971051073
Train,3.48744392435907,3.48735583657617
Train,3.64614588497367,3.64623840555214
Train,3.79741081622558,3.7973947120372
Train,3.94190181739046,3.94193725321747
Train,4.08006394730618,4.08025323055335
Train,4.21244385637252,4.2123873115379
Train,4.33912900985612,4.33940687205904
Train,4.4606074234926,4.46058125056879
Train,4.57731699312864,4.5772608466832
Train,4.68929586349491,4.68932944016706
Train,4.79693976588629,4.79693980613592
Train,4.90060535136465,4.90071402450121
Train,5.00029769645624,5.00017657649732
Train,2.58725567566457,2.58734542185994
Train,2.70154279218157,2.70006276276035
Train,2.8119908417709,2.81162990019948
Train,2.91879006872852,2.9183006761159
Train,3.02187803688052,3.02092207077294
Train,3.12190950100178,3.12146283941183
Train,3.21879218484894,3.21804505555338
Train,3.31267246016338,3.31172355398667
Train,3.40368776495202,3.40237290596269
Train,3.49196727482679,3.49046967341565
Train,3.57743298806315,3.57626568180422
Train,3.66060417040359,3.65010794781847
Train,3.74138311732907,3.73707673305762
Train,3.81987157661885,3.8115321315272
Train,3.89616560659639,3.89531217071635
Train,3.97035596832019,3.96926740029812
Train,4.04236018004115,4.04058661171075
Train,4.11260055730009,4.11062047954692
Train,4.1809810485133,4.17914785677203
Train,4.24757455997282,4.24610047843453
Train,3.80664009908338,3.80808640949181
Train,3.88748447184076,3.88767702089535
Train,3.96611514799725,3.96624009101652
Train,4.0422824060348,4.04312540590763
Train,4.11626428105104,4.11652192519978
Train,4.18831347492961,4.18844347541744
Train,4.25819315247365,4.25906943178052
Train,4.32615063881179,4.32614821903553
Train,4.39241138017627,4.39261605403954
Train,4.45675108578473,4.45710271115968
Train,4.51939116947626,4.51945436115784
Train,4.5803981000977,4.58067499868775
Train,4.63996736368178,4.64003286665684
Train,4.69789058285393,4.69813165306186
Train,4.75436050542579,4.75449899400701
Train,4.80955391802398,4.80957304251206
Train,4.86327366852856,4.86324176114795
Train,4.91569450904407,4.91580560696457
Train,4.96697710872871,4.96686180088
Train,5.01693489562961,5.01710480955808
Train,3.80622059177964,3.80508431213457
Train,3.8873288589235,3.88675884857003
Train,3.96601881127915,3.96536435574671
Train,4.04239701643749,4.04023701792903
Train,4.11640392475877,4.11639370192279
Train,4.18845862756364,4.18737127944041
Train,4.25848579499905,4.25868812940098
Train,4.32656981845119,4.32640248188181
Train,4.39279046993933,4.39237823155054
Train,4.45722321391436,4.45748689131869
Train,4.51980408338386,4.51803438048955
Train,4.58087512371354,4.57968147149586
Train,4.64036142544034,4.64078669510855
Train,4.69832388230876,4.69713648184552
Train,4.75482030771955,4.75542701433369
Train,4.80990562707344,4.80945191146384
Train,4.86351593951924,4.86248472981242
Train,4.9159359608391,4.91549753766958
Train,4.967093940438,4.96660423399589
Train,5.01703491275559,5.01628158871608
Train,3.8062145422959,3.80642148998595
Train,3.88739885079821,3.88836128536423
Train,3.9661491602232,3.96664596351184
Train,4.04257331506356,4.04287539274083
Train,4.11677288144057,4.1162071797844
Train,4.18884359743401,4.18907109882639
Train,4.25887578519916,4.25802836750518
Train,4.32695472860115,4.32619436183813
Train,4.39316101968649,4.39389931749247
Train,4.4575708769512,4.4571582958888
Train,4.52025643804822,4.52087398921503
Train,4.58128602929732,4.58185648450308
Train,4.64072441411457,4.64082809614774
Train,4.69863302226005,4.69774770311778
Train,4.75507016160996,4.75525286028642
Train,4.81009121398775,4.81030216345607
Train,4.86374881643681,4.86334967494622
Train,4.91609302918206,4.91596412120271
Train,4.96717149140691,4.96737834329542
Train,5.01702956586459,5.01634477986227
Train,1.47921976864386,1.47943990249405
Train,1.61425948358227,1.61391013249158
Train,1.74472348591131,1.74451531723753
Train,1.87084046764482,1.87070263569694
Train,1.99282413063477,1.99296923497968
Train,2.11121399002517,2.11076881904955
Train,2.22550739656884,2.22601809957268
Train,2.33623066738517,2.33560788270188
Train,2.44354850832307,2.44381541802431
Train,2.54761564721408,2.54742727812118
Train,2.64857757819521,2.64837909223934
Train,2.74657124038271,2.74646903009125
Train,2.84172563755433,2.84167875910862
Train,2.93416240473665,2.93423195132709
Train,3.02399632693052,3.02375532331644
Train,3.11158763745007,3.11147312463436
Train,3.1965283137682,3.19666242473249
Train,3.27917423913044,3.27892518941735
Train,3.35961716637309,3.35951260532238
Train,3.43794402116728,3.43791188838441
Train,3.80709435417755,3.80716564993782
Train,3.88895848836872,3.88860961056707
Train,3.9684383660783,3.96874980415305
Train,4.0452913543107,4.04517571066026
Train,4.11981218005613,4.11881653997261
Train,4.19210541355431,4.19231317025333
Train,4.26242693353728,4.26264048893063
Train,4.33054996456339,4.32985260042915
Train,4.39672409915869,4.39682494930457
Train,4.46103179034476,4.46067945942195
Train,4.52369133231124,4.5242366313505
Train,4.5844916386426,4.58399096707217
Train,4.64364672846964,4.64353064831812
Train,4.70122248809531,4.70085567890419
Train,4.75740734281136,4.75753345153862
Train,4.81200518427256,4.81188601182657
Train,4.86520153396366,4.86522336255803
Train,4.91704967116202,4.91680758222356
Train,4.96771391344005,4.96737878664135
Train,5.01701216782744,5.01666278407356
Train,2.12766243390009,2.12760083569447
Train,2.35796193148441,2.35735599012332
Train,2.57555122907879,2.57473832209143
Train,2.78097702930455,2.78000640223036
Train,2.97568291358558,2.97489476636838
Train,3.16005768113608,3.15936546642479
Train,3.33530918134515,3.33455532221706
Train,3.50171055742646,3.50091620023522
Train,3.66009982418037,3.65867483660622
Train,3.81121792669311,3.81045462985276
Train,3.95521826045487,3.95463950364865
Train,4.09291271982939,4.09237641710206
Train,4.22439945915351,4.22344849105139
Train,4.3502356980954,4.3483962412356
Train,4.47091882709077,4.46866687956208
Train,4.58648866250055,4.58543077321883
Train,4.69752254819782,4.6964550120174
Train,4.80403300530759,4.80301074377348
Train,4.90653031990999,4.90542868406919
Train,5.00500636182361,5.00300889130813
Train,3.08679121425573,3.08611449877571
Train,3.24633859421611,3.24574079493686
Train,3.39517634891969,3.39472872881379
Train,3.53434778838563,3.53382498250721
Train,3.66456023306791,3.6637666364586
Train,3.78703626284991,3.7864352213619
Train,3.90226379998657,3.90128409476529
Train,4.01086783096387,4.01033611879757
Train,4.11340349872762,4.11262205627281
Train,4.21036559396694,4.20956152998406
Train,4.30205163687515,4.30136396821035
Train,4.38915561187569,4.38799819681299
Train,4.47188161130028,4.47098415625442
Train,4.55055160906844,4.54975219150583
Train,4.62545676222388,4.6247566403581
Train,4.69686101171854,4.69596879298479
Train,4.76489626509146,4.76452477763814
Train,4.8300015519113,4.82940351451543
Train,4.89226320933295,4.89161176568814
Train,4.95186355917643,4.95107321700561
Train,2.12241780512704,2.12281548587271
Train,2.35135539584207,2.35141927258155
Train,2.56739830893723,2.56715451259151
Train,2.77206150249708,2.77208330816575
Train,2.96600456138248,2.96555446961065
Train,3.14984305289255,3.15044661859065
Train,3.32473655160042,3.32431891751912
Train,3.49113632416393,3.49155561404768
Train,3.64946938341394,3.64945188063211
Train,3.80064609238498,3.80095334834914
Train,3.94497923240077,3.94542207864652
Train,4.08292321703611,4.08386198938024
Train,4.21474537094069,4.21507212263896
Train,4.34112721413172,4.34236927623351
Train,4.46226276825089,4.46256072038523
Train,4.57834180019962,4.57908526404572
Train,4.6899244923032,4.69083397332361
Train,4.79714664378861,4.79780720028066
Train,4.90014324531993,4.90042782337332
Train,4.99938189771693,4.99913157794435
Train,4.51931776847356,4.5198395632251
Train,4.55567673384203,4.55580072918747
Train,4.59146817615258,4.59163318791616
Train,4.6267052801126,4.62660248564862
Train,4.66152647465309,4.66172789816483
Train,4.69569094135459,4.69576468306332
Train,4.7293382964878,4.72941111067485
Train,4.76248019232878,4.76247500419049
Train,4.79512793367652,4.79525475420814
Train,4.82729249070953,4.82734891694781
Train,4.85909932288176,4.85921859527298
Train,4.89032747595552,4.89037058892063
Train,4.92110350386524,4.92104974090762
Train,4.95143715493046,4.9515980761571
Train,4.98133789922444,4.98133649196825
Train,5.01081493843122,5.01091461009491
Train,5.03998253307041,5.04002240842965
Train,5.06863727402527,5.06856874229561
Train,5.09689442747473,5.09691087060492
Train,5.12476221125896,5.12462252899786
Train,2.13189221657788,2.13289090080798
Train,2.36766544456705,2.36799434201021
Train,2.58921296683259,2.5898538837464
Train,2.7977845711513,2.79852560982908
Train,2.99426480936508,2.99515564736794
Train,3.18009684912226,3.18316070708897
Train,3.35592348227075,3.35898081464256
Train,3.52253157937561,3.52383654219739
Train,3.68062760799323,3.68112341105007
Train,3.83084764641597,3.83172625860243
Train,3.9736032197814,3.97526601815116
Train,4.10974713564277,4.11032491026344
Train,4.23958008064822,4.24062279857753
Train,4.36353093337985,4.36508520999269
Train,4.48199057245654,4.4823818760342
Train,4.59531599397164,4.59580729998197
Train,4.70370996237847,4.70370513611488
Train,4.8077250215466,4.80780566625981
Train,4.90750700734156,4.90730671576603
Train,5.00330917483839,5.00312994380147
Train,2.12839164602064,2.12953744242986
Train,2.36247316665261,2.36272866994841
Train,2.58301480421574,2.58304547072839
Train,2.79067067804873,2.79088720710206
Train,2.9869981285103,2.98711508089764
Train,3.17246333417267,3.1724587136523
Train,3.34835629682222,3.34866702059298
Train,3.51500690889576,3.51567270822852
Train,3.67331105438731,3.67356316345104
Train,3.8240578461484,3.82416101322451
Train,3.96743748779582,3.9674286381196
Train,4.10429937019524,4.10417159807548
Train,4.23476980815697,4.23478435629295
Train,4.35943325315064,4.35952078234914
Train,4.47880981867035,4.47926942760387
Train,4.59295876151782,4.59296002120755
Train,4.70247458147216,4.70281249548134
Train,4.80738530232696,4.80737861367379
Train,4.90821357881677,4.90819698957785
Train,5.00496385103977,5.00471956202455
Train,2.12201620608503,2.12503821342762
Train,2.36450349956983,2.36619958059964
Train,2.59116977482313,2.5928328340633
Train,2.80395560508875,2.80586155548735
Train,3.00389018829859,3.00514298262351
Train,3.1919080162322,3.1929024298588
Train,3.36941267015483,3.37029752960007
Train,3.53708711964804,3.53803474120286
Train,3.69556068002169,3.6967124964176
Train,3.84588366653932,3.84670723842646
Train,3.98852006558705,3.98922459207461
Train,4.1240447463273,4.12449877659674
Train,4.25284195876933,4.25381438578188
Train,4.37565704931787,4.37622807850494
Train,4.49277464891498,4.49313654571233
Train,4.60446523917708,4.60476914731407
Train,4.71132106651224,4.71149563010113
Train,4.81354216413267,4.81371555897931
Train,4.91132109330327,4.9114148143417
Train,5.00513782515033,5.00533047073986
Train,2.12305847928144,2.12451827228506
Train,2.35226514714969,2.35306023775047
Train,2.56881436200018,2.56983345275148
Train,2.77372642346124,2.77422946489605
Train,2.96791484066613,2.96946291417771
Train,3.15198039802484,3.15300361105255
Train,3.32711172043142,3.32802141297725
Train,3.4937447500178,3.4945951986665
Train,3.65248340688745,3.65374216388227
Train,3.80387571286322,3.80467602899444
Train,3.94842011258447,3.94936266429067
Train,4.08657095581079,4.08730148561153
Train,4.21874326797939,4.21969563016683
Train,4.34531691453664,4.34619153697713
Train,4.46664024705632,4.46760068213916
Train,4.5828939027359,4.58347545873767
Train,4.694656728845,4.69494240462154
Train,4.80205504924403,4.8025845396478
Train,4.90533962829596,4.90551062846134
Train,5.00474238101145,5.00489743644721
Train,2.12305305977826,2.12295220038868
Train,2.35927087394167,2.35902791162516
Train,2.58108208550189,2.58065257712224
Train,2.79022005828889,2.78983176867769
Train,2.98752570765147,2.98737990878362
Train,3.17377250611526,3.17364507929597
Train,3.35024923196853,3.35008993443626
Train,3.51733983974209,3.51718718620759
Train,3.67612005116997,3.67610176114977
Train,3.82702973356129,3.8269415824725
Train,3.97048299923083,3.97024832110037
Train,4.10731814410908,4.10721723546521
Train,4.23783980035548,4.23773202636221
Train,4.36233864022949,4.36232792880401
Train,4.48148288908426,4.48146553984043
Train,4.59536069313629,4.59534509996593
Train,4.70455288144413,4.70452320042386
Train,4.80922783284459,4.80913205015531
Train,4.90954999146692,4.90957545052515
Train,5.00599688376397,5.00574442141078
Train,2.12239698054196,2.12317259946212
Train,2.34457611443719,2.34485242535447
Train,2.55538573492275,2.55650632254401
Train,2.75609528560321,2.75709953340629
Train,2.94721380312319,2.94748360577432
Train,3.12941271557673,3.12971172779362
Train,3.30312046673219,3.30325682507828
Train,3.46926432297417,3.47005634181187
Train,3.62816129811696,3.62813813875255
Train,3.7802754151496,3.78071887233091
Train,3.92587927429142,3.92599231070199
Train,4.06567474782217,4.06635159229336
Train,4.19986173892056,4.19986787325979
Train,4.32877112211096,4.32891933326027
Train,4.45257824775527,4.45280962837569
Train,4.57183022717752,4.57189601462233
Train,4.68665319451203,4.68692823692982
Train,4.79728939124619,4.79731096154501
Train,4.90385166000563,4.9037512271716
Train,5.00677707587938,5.00677530845496
Train,3.42901042692851,3.42977940767742
Train,3.54044545959411,3.54039180571272
Train,3.64742769048059,3.64747591999912
Train,3.75056023575532,3.75073767793219
Train,3.84971744934167,3.84932390523682
Train,3.94544197875907,3.94590730824711
Train,4.0376023406599,4.03758405580447
Train,4.12668930102519,4.12609355362292
Train,4.21271091252278,4.21232333223452
Train,4.29568468936691,4.29591344115397
Train,4.37603641438931,4.37630317332878
Train,4.45362983495513,4.45284630531751
Train,4.52885432743004,4.52864972643511
Train,4.60169534846567,4.60192532742803
Train,4.67214706252256,4.67223309278779
Train,4.74055240657206,4.74010722722596
Train,4.80677826409416,4.8069952658625
Train,4.87114110577564,4.87090125144459
Train,4.93351023112156,4.93343089997143
Train,4.99417861336703,4.99418270000751
Train,4.08017278688525,4.08016967350704
Train,4.14017484907005,4.13998354467549
Train,4.19862253152457,4.19914346598307
Train,4.25587590740224,4.25569751506191
Train,4.31182352798814,4.31179393046841
Train,4.36636575334579,4.36639916615604
Train,4.41983558087884,4.41997249270935
Train,4.47212624629398,4.47212030876108
Train,4.52314177230391,4.52311568140067
Train,4.57319107759054,4.57325950822997
Train,4.62217196420917,4.62214153363675
Train,4.67011828266798,4.67025670427392
Train,4.7169389182248,4.71669403240958
Train,4.76291460740113,4.76285320574607
Train,4.80794900029676,4.80789968882527
Train,4.85195455279491,4.85216781877898
Train,4.8951933685157,4.89513343852013
Train,4.93757327636441,4.93740847845766
Train,4.97901020524745,4.97897056848888
Train,5.0197494529876,5.0194496552831
Train,2.15559069773346,2.1561951955664
Train,2.43250552074585,2.4332132069394
Train,2.68433813089823,2.68503592118577
Train,2.91379628361804,2.91467395712607
Train,3.12398781810597,3.12409741904776
Train,3.31724156644519,3.31843940532417
Train,3.4957411310791,3.49649952570689
Train,3.66071413121474,3.66128027820378
Train,3.81382731707758,3.81503834839896
Train,3.95631520711583,3.95670618809891
Train,4.08940832198007,4.09007908843341
Train,4.21370335097722,4.21443140453266
Train,4.33018642833708,4.33077845289154
Train,4.43957158810882,4.44043017021613
Train,4.54261404052913,4.54272755553393
Train,4.63961269455973,4.63975100178141
Train,4.73119591141636,4.73134773641505
Train,4.81780489097946,4.81789891700464
Train,4.89993462386474,4.90022394654807
Train,4.97773299206552,4.9776419522168
Train,3.80678547672767,3.80568134846908
Train,3.88830552120323,3.88704147766839
Train,3.96732731396479,3.96674609988258
Train,4.04396396346085,4.04232613998101
Train,4.1183218516675,4.11487691897128
Train,4.19065777786382,4.1899279244135
Train,4.26074831360627,4.25950213249234
Train,4.3288437833466,4.32809820669354
Train,4.39502817350667,4.39487918712257
Train,4.45938082163388,4.45877361950261
Train,4.52197673367046,4.52119432717154
Train,4.58288687558949,4.58227531804368
Train,4.64217844178192,4.64202163711161
Train,4.69991510232846,4.6990288614943
Train,4.75615723106922,4.75544921066466
Train,4.81108128602305,4.81040353994467
Train,4.86450033679016,4.86430940264836
Train,4.91658833834603,4.91551777953282
Train,4.96739442739898,4.96716015863058
Train,5.01696535149724,5.01538453758985
Train,3.80739449478882,3.80728654277118
Train,3.88848464895535,3.8893231213442
Train,3.96731062372242,3.96747563450481
Train,4.04363704974116,4.04404210653229
Train,4.11773988575936,4.11762093085417
Train,4.18971490526765,4.18967160559259
Train,4.2598029955438,4.26008411573275
Train,4.32778421916422,4.32799269423776
Train,4.39389406630724,4.39383491837725
Train,4.45820876027913,4.45816023903535
Train,4.52093526877318,4.52131585718598
Train,4.58186871909127,4.58168271956674
Train,4.64121237777854,4.64188680525695
Train,4.69902766161321,4.69935344890837
Train,4.75549432106236,4.75547780593843
Train,4.81042177795929,4.81033286111415
Train,4.86398725208032,4.86383561272305
Train,4.91624078070771,4.91660888470506
Train,4.9673399600617,4.9670022798673
Train,5.0171075550939,5.01677480361832
Train,2.12690503882029,2.12760459710989
Train,2.35784755001863,2.3578073820936
Train,2.57544108542503,2.57551321494975
Train,2.78127891202186,2.7819618656431
Train,2.97606629377245,2.97552866840124
Train,3.16045931759117,3.16030495913219
Train,3.33566791021446,3.33607082780145
Train,3.50217114428338,3.50203236931702
Train,3.66042106562472,3.66025825944598
Train,3.81136132934809,3.81120172484952
Train,3.95532199883044,3.95536895786063
Train,4.09277624686765,4.09268402436282
Train,4.22400497651647,4.22382306013606
Train,4.34970955395323,4.34942722133565
Train,4.47009338183143,4.46999098919332
Train,4.58535495467794,4.58510036032749
Train,4.69606819125944,4.69589584379719
Train,4.8023748897889,4.80261795049955
Train,4.90441570468925,4.90425218699966
Train,5.00266786477395,5.00227022064792
Train,2.12908150441046,2.12921610327612
Train,2.3557228052369,2.35524633555178
Train,2.56988514109415,2.56934552975144
Train,2.77301969809914,2.77280459684698
Train,2.96553069061696,2.96505953965971
Train,3.14863477783601,3.14885101268374
Train,3.32261934759476,3.32255850678484
Train,3.48851608253403,3.48832855114233
Train,3.64670065554545,3.64631218947034
Train,3.79753131688409,3.7977245651382
Train,3.9418289176121,3.94127339540501
Train,4.07970247293019,4.07994532614975
Train,4.21186471251341,4.21164633656372
Train,4.33852246744661,4.3382306146159
Train,4.45987767350149,4.45980781087928
Train,4.57651548003581,4.57619063276798
Train,4.68845636146453,4.68839135822054
Train,4.79621789742696,4.79641310779698
Train,4.89979895371093,4.89953012137994
Train,4.99966023770793,4.99926326954665
Train,3.79879635434255,3.79932952483432
Train,3.87892305621105,3.87981990219851
Train,3.95675120769345,3.95716061890562
Train,4.03237831608655,4.03224131898605
Train,4.10589645041598,4.1057363449363
Train,4.17724601452383,4.1778178697059
Train,4.24680644424389,4.24662296626411
Train,4.31450490970812,4.31479248290998
Train,4.38041518396485,4.38037084315511
Train,4.44460719357199,4.44501661412141
Train,4.50714726606388,4.50748000576277
Train,4.56809835855585,4.56818605657099
Train,4.6275202691425,4.62738570605143
Train,4.6854698325821,4.68591780845964
Train,4.74200110161298,4.74226507200729
Train,4.79705221183331,4.79719275757816
Train,4.85090144162714,4.85110000780696
Train,4.90347937076666,4.90333403888144
Train,4.95483049431226,4.9549678691692
Train,5.00499725485495,5.00505186359806
Train,4.68701658202835,4.68764614104657
Train,4.72093289360058,4.7209298737871
Train,4.75422002740472,4.75413264834424
Train,4.78678212727875,4.78695434705878
Train,4.81886436652009,4.81881056486236
Train,4.85036754599872,4.85024276651893
Train,4.88130720287331,4.88129652607313
Train,4.91169832337872,4.9117835788602
Train,4.94145188588581,4.94155628894077
Train,4.97079060327525,4.97070223705668
Train,4.99962262695463,4.99960630022542
Train,5.02796097081072,5.02798778050055
Train,5.05572162787799,5.05576486146674
Train,5.08311152384989,5.08305063019361
Train,5.11004416345865,5.10997868941922
Train,5.13653090231005,5.13662361095339
Train,5.16258272308677,5.16259658485069
Train,5.18812137115213,5.18801868494484
Train,5.21333631738599,5.21322887560746
Train,5.23814717001802,5.23810127733668
Train,2.12764774870194,2.1288474724679
Train,2.35445726966236,2.35536416168907
Train,2.56906504774185,2.56903207984578
Train,2.77267025255495,2.77324713222333
Train,2.9656410532022,2.96521323121124
Train,3.14900600969598,3.14903687714104
Train,3.32346495394999,3.32409940163416
Train,3.48965134817074,3.48861369601582
Train,3.64832785115024,3.64896793656226
Train,3.7996330281429,3.80054398755965
Train,3.94424017460211,3.9436916444829
Train,4.08258442531832,4.08294845960336
Train,4.21522138721336,4.21553853808291
Train,4.34219504590622,4.3416184470334
Train,4.46400509765697,4.46450279270721
Train,4.58096024619998,4.58082647661286
Train,4.69334506846879,4.69377432165129
Train,4.80155097156812,4.80153553504351
Train,4.90555887087389,4.90507060136588
Train,5.00572752505852,5.00568132230183
Train,2.12941596662493,2.12960684373684
Train,2.34949356155513,2.34985014034464
Train,2.55891641585048,2.55899571024565
Train,2.75796351705586,2.75810043105957
Train,2.94761383641213,2.94756358179075
Train,3.12873402319509,3.12909054932607
Train,3.30147273061752,3.30146144827086
Train,3.46659612985834,3.46674812292986
Train,3.6247863965345,3.62504013034049
Train,3.77610783927268,3.77626942351708
Train,3.92117211554736,3.92131015629639
Train,4.06035946613775,4.06028166792385
Train,4.19418047804422,4.19434741421355
Train,4.32263065959233,4.32253618194227
Train,4.44617522540063,4.44625303591238
Train,4.56523292878498,4.56496535362021
Train,4.67976803848911,4.67981973194401
Train,4.79016605540284,4.79022973277097
Train,4.8967753291825,4.89640015010809
Train,4.99953990729427,4.99956139162168
Train,2.11978876680852,2.12012817066352
Train,2.34642393125933,2.34656549131978
Train,2.56095978271401,2.56037681157977
Train,2.76434004436675,2.76400481009114
Train,2.95741278165482,2.95726480843587
Train,3.14094222280755,3.1401436705637
Train,3.31561886885405,3.31491425720742
Train,3.48206817507465,3.48129106578199
Train,3.64085803397725,3.64072420283992
Train,3.79250524848166,3.79166629535757
Train,3.93765384651862,3.9369925605788
Train,4.07638183772122,4.07582112571254
Train,4.20926418338778,4.20811176149073
Train,4.3366627406525,4.33580077809165
Train,4.45891010421156,4.45850635672468
Train,4.57631250567816,4.57583956955204
Train,4.68915237491036,4.68861286400715
Train,4.79769060841322,4.79738599226039
Train,4.90216858316797,4.90091074659358
Train,5.0028099486075,5.00197407968881
Train,2.0913519187303,2.09256032678968
Train,2.18518955500076,2.18728421480773
Train,2.27669018024772,2.27813428615991
Train,2.36594002500987,2.36600616525538
Train,2.45302112908076,2.45530072058318
Train,2.53801159303689,2.53833916004805
Train,2.62098581186477,2.62077898868665
Train,2.70201469215569,2.70234439248088
Train,2.78116585420106,2.7814418583439
Train,2.85850382019889,2.85992229704425
Train,2.93409018967254,2.93411892612494
Train,3.00798380310384,3.00826626368507
Train,3.08024089469435,3.08013528836818
Train,3.15091523508813,3.15189504752198
Train,3.22005826481735,3.21997484415988
Train,3.28771921916669,3.28831295364216
Train,3.35394524509352,3.35406563329889
Train,3.41878151078733,3.4193638676843
Train,3.48227130840343,3.48270257958575
Train,3.54445615046195,3.54457760126752
Train,2.11667232262277,2.11762397841812
Train,2.32251209751356,2.32206086743827
Train,2.52020787161841,2.51984820835423
Train,2.71079801030086,2.70945459306313
Train,2.89411376355215,2.89406423554101
Train,3.07108825770395,3.06997651433267
Train,3.24153777822092,3.240404535165
Train,3.40630524445251,3.40649478348496
Train,3.56543332961945,3.56503357645852
Train,3.71897830160098,3.71792043857931
Train,3.86767023431075,3.86726681452637
Train,4.01130762381448,4.01033850044041
Train,4.15055740140867,4.14992490096847
Train,4.28541662788122,4.28459718684826
Train,4.41589539942372,4.41475322770566
Train,4.54258020678892,4.54198736832404
Train,4.66526811791512,4.66446205959801
Train,4.78449983652832,4.78350736445645
Train,4.90007440926561,4.89921645986396
Train,5.01249192947453,5.01080692346295
Train,3.11073868583817,3.11050343244278
Train,3.24479919142761,3.24411514939857
Train,3.37386907178902,3.37365263210086
Train,3.4982219110929,3.49826528756967
Train,3.61811165532263,3.6181284209415
Train,3.73362444047771,3.73343235386346
Train,3.84528490360992,3.84522091962936
Train,3.95314245155855,3.95307131127265
Train,4.0573881100275,4.05709212381043
Train,4.15820032143129,4.15806113345025
Train,4.25574596422045,4.255702689381
Train,4.35018127470054,4.35010999708902
Train,4.44165268205579,4.44151959291412
Train,4.53029756596447,4.53011205411167
Train,4.61624494505053,4.61624067465164
Train,4.69950776136667,4.69943398551186
Train,4.7804199956169,4.78033130502808
Train,4.85897747050863,4.8590572113535
Train,4.93528150625834,4.93516960190027
Train,5.00942769248706,5.00927097989916
Train,2.12404225021414,2.12441811625467
Train,2.34964960435225,2.34961709526033
Train,2.56328204585033,2.56343318115614
Train,2.76586834249329,2.76563898489258
Train,2.95824363628126,2.95851918575136
Train,3.14116095102361,3.14145062412717
Train,3.31530104336949,3.31547255805708
Train,3.48128086897002,3.48114793100103
Train,3.63966088570605,3.64012901390015
Train,3.79095137617817,3.790999679979
Train,3.93561793974694,3.9358609632036
Train,4.07408627865554,4.07441372278117
Train,4.20674638187165,4.20690442794512
Train,4.33395619325473,4.33428065446788
Train,4.45604483670774,4.45638336008051
Train,4.57331545950356,4.57354856792517
Train,4.68604774550388,4.68616089456191
Train,4.7945001421344,4.79465436299142
Train,4.89891183844338,4.89906492107548
Train,4.99950452610901,4.99948054543711
Train,3.74189266374406,3.74083154369146
Train,3.82778636035636,3.82711354224739
Train,3.91099959666898,3.91103195919641
Train,3.99165591751737,3.99112409568261
Train,4.069871390228,4.06972122929437
Train,4.14589282419531,4.14559341134736
Train,4.21954361602458,4.21911616513171
Train,4.29106240194903,4.29078284095158
Train,4.36054043553201,4.36012998251681
Train,4.42806383584355,4.42764469683607
Train,4.49371394357418,4.49412236160788
Train,4.5575676479155,4.55707825561331
Train,4.61969768696932,4.61946933783838
Train,4.68017292415302,4.68028144645723
Train,4.73905860280948,4.7385792586756
Train,4.79652083991859,4.79658858771654
Train,4.85240715410266,4.85227606568515
Train,4.90688027866776,4.90659003681503
Train,4.95999314705382,4.95996303809079
Train,5.01179608168382,5.01164242354935
Train,3.26389504820393,3.27097054062324
Train,3.38948504564324,3.39136129891995
Train,3.50992282864683,3.51000035175093
Train,3.62551907194806,3.62786686878462
Train,3.73655996449524,3.73806771949239
Train,3.84330957514337,3.84885192210277
Train,3.9460119492718,3.94695900074294
Train,4.044892971369,4.04637713851116
Train,4.14016202350526,4.14045033795992
Train,4.23201346532108,4.23382550998576
Train,4.32076813562063,4.321491182709
Train,4.40630901368748,4.408028660735
Train,4.4889380334595,4.48981835356244
Train,4.56880138855577,4.56978610018632
Train,4.64603564722659,4.64629685717227
Train,4.72076853169191,4.72043267730623
Train,4.79311962296542,4.79380114854212
Train,4.86320099934581,4.86326776525311
Train,4.93111781574609,4.93108665649925
Train,4.99696883015901,4.99683182128138
Train,3.80599805069466,3.80572441530967
Train,3.88733191940926,3.88722475386021
Train,3.96636870253196,3.96619441233634
Train,4.04287758668489,4.04325829313893
Train,4.11729416407471,4.11719331919448
Train,4.18939502392284,4.18920933617119
Train,4.25958499197496,4.25953221224336
Train,4.32764809200477,4.32783800594189
Train,4.39396157624627,4.39373491509832
Train,4.45831684372526,4.45861232404059
Train,4.52106633873803,4.52152492729147
Train,4.58200871084584,4.58165580483546
Train,4.64147400341201,4.64143234006042
Train,4.6992679457908,4.69959087996904
Train,4.75570028487941,4.75552049386897
Train,4.81058362762101,4.81071651823368
Train,4.86420927229291,4.86424814804923
Train,4.91639648069518,4.91615643511614
Train,4.96741973156524,4.96756457902666
Train,5.01710470649286,5.01700851688656
Train,1.02091656230163,1.02118650393095
Train,1.41009072482468,1.41018752538002
Train,1.76365378241522,1.76469359988914
Train,2.08689965460262,2.08677574627654
Train,2.38328213060095,2.38368436109886
Train,2.65575369120077,2.65551470883292
Train,2.90758115447517,2.90752922864704
Train,3.14079945882144,3.14135448150773
Train,3.35718831570746,3.35669652717843
Train,3.55889639217026,3.55950524074433
Train,3.74718584148771,3.74688657255319
Train,3.92335256958997,3.92327054503039
Train,4.08837030369103,4.08727479260415
Train,4.24356665535119,4.2425256576098
Train,4.38965066465061,4.38901225277004
Train,4.5272677594567,4.52617284536245
Train,4.65738691864815,4.65700484289482
Train,4.78048435420709,4.78006980255668
Train,4.89699960173085,4.89630880152981
Train,5.00766300985782,5.00706048001666
Train,2.12286196379505,2.12320166762947
Train,2.35404628500258,2.35421189802582
Train,2.57187871414686,2.57201282479582
Train,2.77793188808856,2.77774001121361
Train,2.97292325093331,2.97310031774759
Train,3.15751874926084,3.1575016203351
Train,3.33291068010133,3.33308937843685
Train,3.49940627882133,3.49912076068358
Train,3.65801200821964,3.65815510552784
Train,3.80911024170722,3.80901506252485
Train,3.95306404674862,3.95324699222692
Train,4.09066942363462,4.09064637012852
Train,4.22219299809946,4.22234014121568
Train,4.34789138183509,4.34792367100454
Train,4.46840717831192,4.4685751693105
Train,4.58380085794655,4.58367586407985
Train,4.69463516894196,4.69473070071399
Train,4.80105810017695,4.80076407768138
Train,4.90321559078414,4.90303669882633
Train,5.00157494290319,5.0011218115942
Train,2.12194975275501,2.12194351098151
Train,2.34457216482315,2.34462355256619
Train,2.5558260826583,2.55576281128742
Train,2.75656064483741,2.75639798353222
Train,2.94754247880768,2.94762083564274
Train,3.12925847668646,3.12933861071724
Train,3.30276173438749,3.30336942399299
Train,3.46840770170272,3.46900504048244
Train,3.62671830009497,3.62747185183616
Train,3.77817022742651,3.77905421252945
Train,3.92319975228832,3.92379293482372
Train,4.06220691107433,4.06300913589075
Train,4.19555919283872,4.19648353718003
Train,4.32359478341279,4.32421206465733
Train,4.4466254290817,4.44679608570732
Train,4.56480371678054,4.56591046855465
Train,4.67867137915612,4.67939820353786
Train,4.7883343713768,4.78869464062154
Train,4.89402136359219,4.89395587978652
Train,4.99594473962073,4.99581540632425
Train,2.11837286660064,2.11894119775025
Train,2.34737861520036,2.34666739568274
Train,2.56359489635411,2.56359755479207
Train,2.76850151013485,2.76853280704745
Train,2.96254748643875,2.96283507390763
Train,3.14696831484299,3.1466072722651
Train,3.32208714436454,3.32216132897156
Train,3.48894765233596,3.48920847308545
Train,3.64777942233377,3.64723464401686
Train,3.79947342694146,3.79974236546695
Train,3.94418908795118,3.94452902893681
Train,4.08269426751685,4.08221926355327
Train,4.21509539527555,4.21412901649819
Train,4.3420599402401,4.34209887884572
Train,4.46365408140939,4.46365259977756
Train,4.58046256134503,4.5805242100505
Train,4.69252086085267,4.6920991048537
Train,4.80034489956636,4.80021548060176
Train,4.90394668693518,4.90359630594321
Train,5.00378438193365,5.00308035871058
Train,2.12442338288073,2.12359523670966
Train,2.35579920812511,2.35568975179194
Train,2.57400061982387,2.57403615954536
Train,2.78012168606061,2.77957101380889
Train,2.97513859561976,2.97466189607076
Train,3.15992511755526,3.15933857628261
Train,3.3352656899645,3.33433123764553
Train,3.5018665515638,3.50168863996805
Train,3.66036524920537,3.65982115513179
Train,3.81133879120879,3.81094722367197
Train,3.95515066960552,3.95465218590107
Train,4.09260408140797,4.09214419555792
Train,4.22396522548211,4.2234977250373
Train,4.34963035641259,4.34907529180055
Train,4.46996209365094,4.46970272467661
Train,4.58529291615545,4.58496714250577
Train,4.69592823019507,4.69557684014217
Train,4.80214906992685,4.80191227545947
Train,4.90421448102826,4.90384043981976
Train,5.00236362994877,5.00168159764507
Train,2.13069270995709,2.13356659149576
Train,2.34358357852775,2.34419741300735
Train,2.5471615972976,2.5479740710507
Train,2.74157539729887,2.74234937540314
Train,2.92764474999873,2.9270142905516
Train,3.10610162030767,3.10744704776153
Train,3.27700822256989,3.27674949902575
Train,3.44121293343616,3.442845204474
Train,3.59873746818549,3.59994390193606
Train,3.75015634493236,3.75116553238695
Train,3.89598649835701,3.89660254311821
Train,4.03620653888343,4.03714848548043
Train,4.17129038082635,4.17201905562615
Train,4.30166613350094,4.30250082955172
Train,4.4272840941308,4.42814653216919
Train,4.54868113466339,4.54879324105059
Train,4.66579443445186,4.66675546345141
Train,4.77897796013771,4.77925862548364
Train,4.88855332920334,4.88872170785908
Train,4.99444418315484,4.99432267959128
Train,2.12808034893737,2.12817407811599
Train,2.35112466218989,2.3511038425022
Train,2.56271668654416,2.56265575121506
Train,2.7634951875332,2.76315126610643
Train,2.95468917425529,2.95453284848918
Train,3.13676800551006,3.13640958276665
Train,3.31036835099227,3.31017072650138
Train,3.47606893652864,3.47591588996147
Train,3.63422226056738,3.63452436469379
Train,3.78566663529134,3.78586824116792
Train,3.93065965892099,3.93003228480302
Train,4.06960496419778,4.06940843908887
Train,4.20272585421643,4.20274703219548
Train,4.33066382949492,4.33096935583671
Train,4.45357956101408,4.45317323361814
Train,4.57176308066675,4.57213154886631
Train,4.68548250986946,4.68532696921829
Train,4.79486478544858,4.79502736351424
Train,4.90038706285921,4.90010893168073
Train,5.00213714460938,5.00176781260234
Train,2.11491407524425,2.11737299179731
Train,2.31671594501718,2.31704335046379
Train,2.51134675777038,2.51489706135544
Train,2.69918207738369,2.70218021674737
Train,2.88057169224501,2.89143170135867
Train,3.05561445754979,3.05711624267497
Train,3.22507705928698,3.22683899733238
Train,3.38900898775053,3.39231966605439
Train,3.54767664873223,3.54870140419371
Train,3.70132960848083,3.70249038332986
Train,3.85020190354028,3.84980301241376
Train,3.99451323020027,3.99686389079579
Train,4.13447002627336,4.13389215475036
Train,4.2702664564011,4.27048724049746
Train,4.40208531077922,4.40314200959619
Train,4.52993237727082,4.52991826604921
Train,4.6543076903439,4.65475683225304
Train,4.77519322043309,4.77459914111023
Train,4.89273381251369,4.89266567799132
Train,5.00706640514168,5.00653034356219
Train,1.52995030013884,1.53093537578388
Train,1.64415782390322,1.64464986302846
Train,1.75485116068289,1.7547316559212
Train,1.86272764456143,1.8630389392747
Train,1.96763054096679,1.96734891382584
Train,2.06968112766221,2.07009546171321
Train,2.16874611420499,2.1689732339255
Train,2.26543684175608,2.26653519154206
Train,2.35960148775745,2.36011172912185
Train,2.45133776802094,2.4512765575455
Train,2.54051496586932,2.54050998220555
Train,2.62767365441654,2.62815550378582
Train,2.71266829127092,2.71300395372964
Train,2.79557848457756,2.79574887175477
Train,2.87627764601249,2.87661523115457
Train,2.95524739250586,2.95547177658955
Train,3.03234911272936,3.03233392856782
Train,3.10764831402885,3.10828342382592
Train,3.18102339679048,3.18101747584296
Train,3.25290632628511,3.25410090456717
Train,2.12554648004325,2.12687950628606
Train,2.3577430645608,2.35838035230699
Train,2.57660865979447,2.57698355838875
Train,2.78325927760292,2.78384341778656
Train,2.97848011559794,2.97920664215417
Train,3.16359101040625,3.16414051302854
Train,3.33916858560766,3.3397062352451
Train,3.50593081060285,3.50637487888525
Train,3.6645253251217,3.66504220216302
Train,3.81553784492369,3.81601319734909
Train,3.95934436881433,3.95971943406039
Train,4.09674449501847,4.09722494833841
Train,4.22801525761179,4.22845100790437
Train,4.35355785065996,4.35389743712949
Train,4.47373920259712,4.47415092482697
Train,4.58889555799368,4.58918269580317
Train,4.69921634588595,4.6995800327386
Train,4.80522877554046,4.80554969635341
Train,4.90707013992005,4.90738040688666
Train,5.00498185595562,5.00491075492391
Train,2.12517767595753,2.12748102845944
Train,2.36120353977032,2.36173268288258
Train,2.58320927773569,2.58482932912739
Train,2.79195992332138,2.79345238569658
Train,2.98881916463409,2.98924309864378
Train,3.17477494695386,3.17639157453232
Train,3.3508978835555,3.3524269199188
Train,3.51758879965555,3.51931899568444
Train,3.67575563874661,3.67747583325399
Train,3.82603594367509,3.82725616371681
Train,3.96915935556266,3.97055016000013
Train,4.10533122499744,4.10642196547997
Train,4.23518593091057,4.2361932699132
Train,4.35915309821122,4.36018156721912
Train,4.47775225987151,4.4782182791605
Train,4.59107948651038,4.59184938011094
Train,4.69959582591217,4.69997611288636
Train,4.80360125347652,4.80385553108863
Train,4.90347930910433,4.90355944542898
Train,4.99926328363442,4.99927718149775
Train,3.80397153353049,3.8045003512234
Train,3.88549905352172,3.88526133484629
Train,3.96439451241222,3.96474096601014
Train,4.04109836128839,4.04085939797005
Train,4.11554705236603,4.11578064806963
Train,4.18783860010102,4.18818553578603
Train,4.25792089821145,4.25791784716421
Train,4.32617424255073,4.32658522371275
Train,4.39253227066793,4.39263598097023
Train,4.45707284755318,4.45710751561273
Train,4.51974029825615,4.51950897996721
Train,4.58086644253112,4.58109972122475
Train,4.6403844502267,4.64051354674302
Train,4.69835695886223,4.69887101504719
Train,4.75472697723642,4.75437107393009
Train,4.80978668613821,4.81009227312825
Train,4.86347022912095,4.86343158542877
Train,4.91582856334116,4.91605489877111
Train,4.9668048161818,4.96668365373625
Train,5.01665833605347,5.01664587785854
Train,3.11921770338445,3.11957964782414
Train,3.25694889014861,3.25729188154946
Train,3.38892613912794,3.38912473519304
Train,3.51550264249553,3.51547659436619
Train,3.63700326550487,3.63722775904171
Train,3.75372733053275,3.75388947033207
Train,3.8659510791042,3.86619021636579
Train,3.97392985453209,3.97442224135375
Train,4.07790004147265,4.07801032836142
Train,4.17808079340616,4.17839396618365
Train,4.27467557461214,4.27482772576332
Train,4.36787353947091,4.36815003483207
Train,4.45785076876746,4.45831047001775
Train,4.54477137999981,4.54497366175201
Train,4.62878852642228,4.62905928432156
Train,4.71004529761849,4.7100902389866
Train,4.78867553274412,4.78882402635281
Train,4.86480455616247,4.86507186305607
Train,4.93854984397785,4.93875099772777
Train,5.01002162892301,5.01010682257765
Train,2.12639329274567,2.1273836598557
Train,2.3490875059615,2.34811558626461
Train,2.56026436168063,2.55984008565065
Train,2.7612285875963,2.76102808816722
Train,2.95249648343076,2.95163261042035
Train,3.13455619083396,3.133903776441
Train,3.30843299542765,3.30781256892806
Train,3.47430665113683,3.47391720610176
Train,3.63306088750707,3.63345068405033
Train,3.78497954505791,3.78413502029071
Train,3.93033705105284,3.92973782306217
Train,4.06985185861098,4.06928747919301
Train,4.20372380871544,4.20295965373589
Train,4.33214890836769,4.33197639450009
Train,4.45572111535878,4.45527455756383
Train,4.57445194751556,4.57392137560237
Train,4.68886893282057,4.68881475838862
Train,4.79908297058058,4.7990808382674
Train,4.90520593710802,4.90468455587325
Train,5.00768424404255,5.00719163937902
Train,2.12306683064063,2.12424584292603
Train,2.33869818119025,2.33831374306465
Train,2.54470257457936,2.54476240620352
Train,2.7411965484669,2.7418290555288
Train,2.9293146528236,2.92855637794855
Train,3.10911040135459,3.10897584219856
Train,3.28157451613356,3.28139830555665
Train,3.44671361556348,3.44573927544116
Train,3.60519185160221,3.60500087400214
Train,3.75760371949205,3.75646485212201
Train,3.90390703121558,3.90392975282157
Train,4.04483059373848,4.04400385459303
Train,4.18030995646588,4.1798325894415
Train,4.31082557486255,4.31041884029401
Train,4.43681051502507,4.43616062344881
Train,4.55817758578735,4.5576459857075
Train,4.67548360745169,4.67486473688041
Train,4.78863139998403,4.7885482915226
Train,4.89812539860234,4.89764858721173
Train,5.00386145733355,5.00290330712232
Train,3.37418207933184,3.37551892803094
Train,3.48771316086674,3.48791292730675
Train,3.59740949207486,3.59847281405746
Train,3.70374658654003,3.70395319353702
Train,3.80673822284573,3.80693708371109
Train,3.90653983255267,3.90703750838657
Train,4.0031677275453,4.00347114610486
Train,4.09702222950947,4.09756343888148
Train,4.18809872423923,4.18822433288369
Train,4.27651875268608,4.27694331312887
Train,4.36228170389985,4.36254769586594
Train,4.44572920586415,4.44610954468226
Train,4.52684473954759,4.52706941269935
Train,4.60572470937067,4.6060579881887
Train,4.68235729320513,4.68246075539719
Train,4.75703747718801,4.75729575624428
Train,4.82974113055596,4.82978441540399
Train,4.90054569654937,4.90061081450767
Train,4.96943198418893,4.96955147044719
Train,5.03665732809543,5.03666191342927
Train,1.47906637796318,1.47921576200315
Train,1.54847132110152,1.54914363486751
Train,1.61668827204686,1.61653903928527
Train,1.68374747394573,1.68365390565668
Train,1.74992672169434,1.74990936368704
Train,1.81475299492386,1.81491168408684
Train,1.87850641097442,1.87879166744096
Train,1.94121338450977,1.94114570107922
Train,2.00289947011669,2.00277220863427
Train,2.06358939702812,2.06382773291625
Train,2.12353234011451,2.12331490522047
Train,2.18229743436358,2.18226497744035
Train,2.24013601222948,2.24045645420847
Train,2.29706981412639,2.29700254438649
Train,2.35311990557129,2.35321356850181
Train,2.40830670317121,2.40836257391857
Train,2.46285504285922,2.46301524883893
Train,2.51637093142627,2.51584168749105
Train,2.56908119458516,2.56892708439773
Train,2.62100388819452,2.62157339168698
Train,2.12316287095229,2.12258917235886
Train,2.35733488356204,2.35704932575754
Train,2.57774453589439,2.57800283262986
Train,2.78557042192426,2.78448287657011
Train,2.98166887104452,2.98165334103396
Train,3.16736750034535,3.16665715654017
Train,3.34330017341102,3.34302361424125
Train,3.51021754427218,3.50959509911627
Train,3.66879525741862,3.6689599244346
Train,3.81964308866274,3.81859966359116
Train,3.96317210430354,3.96268434888771
Train,4.10017057426975,4.10039056645837
Train,4.230945912449,4.23046998121936
Train,4.35591272906889,4.35570142465076
Train,4.4754496038413,4.4753816288503
Train,4.58990291664978,4.58911654808981
Train,4.69948247075727,4.6993068862721
Train,4.80469970018842,4.80451519515191
Train,4.90571057777323,4.90550629651261
Train,5.00276240125249,5.00220192013148
Train,3.8399474919057,3.83901614735078
Train,3.91797041366502,3.91768716010483
Train,3.99373156779974,3.99328753971349
Train,4.06732789708,4.06755931689986
Train,4.13885088216309,4.13831882926388
Train,4.20838692094431,4.20835777459797
Train,4.2760176767254,4.27542239282775
Train,4.34182039815031,4.34164564521052
Train,4.40586821354372,4.40556687737626
Train,4.46823040201005,4.46779173173127
Train,4.52897264340603,4.52875545954157
Train,4.58815724908277,4.58787743320499
Train,4.64584337510152,4.64510968091417
Train,4.70208721945693,4.70185602422134
Train,4.75694220468976,4.75697032931203
Train,4.81045914713663,4.80980209968766
Train,4.86268641394373,4.86274671901629
Train,4.91367006886434,4.91315918040345
Train,4.96345400776392,4.9631547745339
Train,5.01208008467049,5.01167570515099
Train,3.94041200594176,3.94042450570123
Train,4.01103845336588,4.01064773418329
Train,4.07976040964551,4.07991310114448
Train,4.14651807034064,4.14665670061731
Train,4.21165862267943,4.21166109969272
Train,4.27511085796261,4.27525161803715
Train,4.33693957334793,4.33690412491342
Train,4.39720629201451,4.39719005784355
Train,4.45585006067793,4.45606517051419
Train,4.51316818961715,4.51301516897365
Train,4.56909110919117,4.56923559714778
Train,4.62366914908778,4.62377292062229
Train,4.67684191507672,4.67697177239461
Train,4.72887428637699,4.7287795006996
Train,4.77969887961256,4.77974861702023
Train,4.82935726482975,4.82944102535475
Train,4.87788912600241,4.87784703228317
Train,4.92523583959125,4.92519957551121
Train,4.97162881144193,4.97172617291653
Train,5.01700394805863,5.0167764154794
Train,2.11915873517799,2.1203962581385
Train,2.35727870532536,2.35672415223598
Train,2.58087633180816,2.58110760670752
Train,2.79124082412194,2.79134539027655
Train,2.98932924530374,2.98921573686675
Train,3.17653308654593,3.17674903589432
Train,3.35356077231393,3.35386710284365
Train,3.52122009115745,3.52073713163554
Train,3.68023553866835,3.68072999686774
Train,3.83125878335402,3.83137066760901
Train,3.97474378092154,3.97523324501162
Train,4.11149599516865,4.11171559055219
Train,4.24185667813914,4.24260443283856
Train,4.36626368901568,4.36658038354653
Train,4.48511578515851,4.48557990398695
Train,4.59877689163794,4.59975963535544
Train,4.70747812334787,4.70800439234517
Train,4.81173205104633,4.81282435226603
Train,4.91171246547347,4.91208447704048
Train,5.00767685508978,5.00782426949445
Train,2.12097484995748,2.12083373366113
Train,2.3570244066971,2.35724551130988
Train,2.57917724510196,2.57920569819544
Train,2.78827183761761,2.78776491543613
Train,2.9857602457956,2.98486652697466
Train,3.17226676546705,3.17182524078089
Train,3.34898158544675,3.34820810023666
Train,3.51637211032389,3.51626431977638
Train,3.67542680844879,3.67545313894152
Train,3.8264965960216,3.82594194197736
Train,3.97041214690829,3.9701508244143
Train,4.10743686740182,4.10759415112989
Train,4.23827627485483,4.23759835271994
Train,4.36312736322162,4.36328021796362
Train,4.48259512680321,4.4823027812381
Train,4.59682571375125,4.59657247792347
Train,4.7063424534687,4.70653907935775
Train,4.81125227227238,4.81118712978787
Train,4.912011459775,4.91205340912347
Train,5.00869649437444,5.00851934933235
Train,3.74221786854835,3.74299299368431
Train,3.82759592391708,3.82788375682503
Train,3.91031966929254,3.91015820952089
Train,3.99051098941804,3.99042463045407
Train,4.06814015703655,4.06865599848243
Train,4.14360767996845,4.14331863374173
Train,4.21686628168486,4.21681076392633
Train,4.28801154544047,4.28790536179804
Train,4.35713361819891,4.35734657669309
Train,4.42431759170031,4.42399889841181
Train,4.48952252467707,4.48964085192347
Train,4.55307035924607,4.55296271263433
Train,4.61490826097532,4.61481385202205
Train,4.67510432947241,4.67456736376334
Train,4.73372309555121,4.73359050718136
Train,4.79082575198911,4.79089930245027
Train,4.84636690986774,4.84636877991215
Train,4.90061121442188,4.90063835278124
Train,4.95350491488309,4.95294462205493
Train,5.0050978331145,5.00498587892798
Train,2.12790953015028,2.12861521927334
Train,2.35906158917739,2.35939616042015
Train,2.57705395297792,2.5771027552837
Train,2.78297930772664,2.78277049380267
Train,2.97781262592478,2.97794009075369
Train,3.16242660211071,3.16256235789479
Train,3.33760472175379,3.33850289435213
Train,3.50405237617955,3.50417732552887
Train,3.66240635607351,3.66267685104685
Train,3.81324299296503,3.81350225517235
Train,3.95695494556972,3.95757059336029
Train,4.09428398088022,4.09502902305394
Train,4.22552700135128,4.22625653177965
Train,4.35107980776958,4.35121321498082
Train,4.47130460822062,4.47196923294541
Train,4.58653350792196,4.5863790935764
Train,4.69707157285524,4.69742077792034
Train,4.80319952671123,4.80301595851779
Train,4.90517613135008,4.90535305786398
Train,5.00324029327474,5.00323359035247
Train,2.42575801110583,2.42401690564293
Train,2.51860536917424,2.51900458088858
Train,2.60921960482224,2.60879842921713
Train,2.69810539310535,2.69629645153327
Train,2.78510255816765,2.78368123237306
Train,2.870066605187,2.86800570345076
Train,2.95346695108527,2.95145976541608
Train,3.03495417042908,3.0345951193267
Train,3.11497623469144,3.11211498749617
Train,3.1933836937102,3.19264650230616
Train,3.27004072382629,3.26882279628262
Train,3.34536582016967,3.3447594903555
Train,3.4192156942979,3.41844808623136
Train,3.49145961481836,3.49165157857351
Train,3.56248946779936,3.56024060387426
Train,3.63200077714586,3.63177519867895
Train,3.70036910666572,3.69869880465922
Train,3.76746090138273,3.76635074748629
Train,3.83315360919314,3.83108276306302
Train,3.89780018236408,3.89693301915395
Train,3.84147967601678,3.84112060826737
Train,3.91874691650185,3.9179005587248
Train,3.99379963922919,3.99375314215285
Train,4.06673170295911,4.06670806340117
Train,4.13763173627338,4.13718067340596
Train,4.20658349687749,4.20635394004785
Train,4.2736662016842,4.27383055219616
Train,4.33895483041375,4.33889273917885
Train,4.40252040515677,4.40239198839845
Train,4.46443024809127,4.46447452112989
Train,4.52474821931997,4.52447975266477
Train,4.58353493659396,4.58336118289299
Train,4.64084797851232,4.64084629830177
Train,4.69674207262926,4.6965236474316
Train,4.75126926976078,4.75110165241131
Train,4.8044791056577,4.80416896169118
Train,4.85641875110067,4.85658565839913
Train,4.90713315137299,4.9070709813459
Train,4.95666515597815,4.95652838263777
Train,5.00505563938889,5.00470115263306
Train,2.13093431136139,2.13116439999067
Train,2.36173253263277,2.36182215839654
Train,2.57960416579599,2.57999044067765
Train,2.78522381368925,2.7844851814225
Train,2.97995773098067,2.98010370733391
Train,3.16430526142737,3.16459384006157
Train,3.33940086214668,3.33868656651612
Train,3.50561446880442,3.50603555691487
Train,3.66375221540188,3.66279808513355
Train,3.81452904290541,3.81411090995971
Train,3.95817924027155,3.95824507278303
Train,4.09545203176414,4.09593907746603
Train,4.22651813315897,4.22656805792576
Train,4.3519060733678,4.35223161176691
Train,4.47208916050811,4.47197826483171
Train,4.58716968009763,4.5876123656526
Train,4.69767208671587,4.69784457650167
Train,4.80366586042009,4.80365183642061
Train,4.90561185767913,4.90584511315683
Train,5.0035541492979,5.00362600693188
Train,2.19008209802406,2.1904986290283
Train,2.28752949738916,2.28748645546511
Train,2.38249714478179,2.38296220355915
Train,2.47459700787344,2.47443239410131
Train,2.56418993112239,2.56416141891532
Train,2.65160444600734,2.65172700853509
Train,2.73647509780624,2.73606719248346
Train,2.81912628733712,2.81952085128432
Train,2.89985420627631,2.90060814336903
Train,2.9783145823319,2.97774270864102
Train,3.05480064598804,3.05554206072702
Train,3.12938599127602,3.12943144705059
Train,3.20233070358334,3.20238393673571
Train,3.27331658037968,3.27399688947844
Train,3.34260186799083,3.34266385386582
Train,3.41042378539512,3.41083129795152
Train,3.47648211846914,3.47689625261773
Train,3.5410128529697,3.54024790928452
Train,3.60423327360308,3.60571054199681
Train,3.66585988561657,3.6656718665472
Train,-3.00972532222686,-3.00821410416393
Train,-2.77027516152536,-2.77033798354751
Train,-2.53798792711913,-2.5384841152736
Train,-2.31254694717572,-2.31164047439961
Train,-2.09365394545574,-2.09375428211933
Train,-1.88102772467469,-1.88148397242185
Train,-1.67440296135268,-1.67425896513305
Train,-1.47352910129147,-1.47287469824369
Train,-1.27816934601103,-1.27913768715371
Train,-1.08809972152453,-1.08723798572828
Train,-0.902674695665418,-0.902715062358766
Train,-0.722571847995917,-0.723295663643512
Train,-0.547155482550075,-0.546568610054237
Train,-0.376245027227549,-0.376199808983074
Train,-0.209669068984317,-0.209391790955124
Train,-0.0472647803921919,-0.0467407583964814
Train,0.111122611251297,0.110555754759844
Train,0.265640315901262,0.266034550877521
Train,0.416428437119278,0.417301226385462
Train,0.563620395776271,0.564288690398826
Train,3.17029914725127,3.17063096162383
Train,3.3047494477121,3.30499821406192
Train,3.43345762907231,3.4334863651784
Train,3.55678385305505,3.55749100807952
Train,3.67505877776957,3.67495146029614
Train,3.78858651816742,3.78902280705734
Train,3.89764725704139,3.89779681155778
Train,4.0024995537644,4.00350483843067
Train,4.10338239081813,4.10366338532185
Train,4.20051699220949,4.20030082160883
Train,4.29398576367971,4.29411109115972
Train,4.38422881043541,4.38465760925828
Train,4.47129586031017,4.4716519818503
Train,4.55535167712919,4.5559298456501
Train,4.6365498216616,4.63636454694642
Train,4.71503358788966,4.71591941360748
Train,4.79093684692594,4.79097045871094
Train,4.86438480903404,4.86487171015324
Train,4.93549471287743,4.93524818079823
Train,5.0043764499773,5.00434858656445
Train,2.12071369414638,2.12106474049142
Train,2.34870241554951,2.3492969636136
Train,2.56436405004535,2.5641893801585
Train,2.76867204799779,2.76846869093788
Train,2.96232299068296,2.96185690139828
Train,3.14646582700934,3.1447773176078
Train,3.32162366240465,3.32150799992814
Train,3.48843845168318,3.48871377844625
Train,3.64749241756996,3.64663922353429
Train,3.79931484014471,3.798271441221
Train,3.94425499664599,3.94435685969802
Train,4.08302477317747,4.08272037656934
Train,4.21588794523717,4.21632979961214
Train,4.34321376788951,4.3430772198808
Train,4.46534134554679,4.46529923744674
Train,4.58258264775804,4.58283723626664
Train,4.69512166931357,4.69515417439106
Train,4.80343473072028,4.80340943664123
Train,4.90765950913735,4.90758936499333
Train,5.00802318580937,5.0080168864115
Train,2.12719927447224,2.12848647298597
Train,2.30685326115167,2.30739106774854
Train,2.48268867789443,2.48253877251045
Train,2.65482599077466,2.65531951384037
Train,2.82338065140398,2.82363602794067
Train,2.98846335515627,2.98818461896371
Train,3.15018028359814,3.15043156214597
Train,3.30863333224064,3.30860685431981
Train,3.46392032463882,3.464039259321
Train,3.61613521378453,3.61607675579216
Train,3.76568200473302,3.7653648447631
Train,3.9120139441336,3.91217172160395
Train,4.055534430743,4.05562965533682
Train,4.19632371762419,4.19628822915911
Train,4.33445903219222,4.33370311545514
Train,4.47001471747151,4.47003835782016
Train,4.60306236551262,4.60265171069477
Train,4.7336709434715,4.73372887510413
Train,4.86190691281768,4.86141655204847
Train,4.98783434210451,4.98657429709419
Train,2.03977337980033,2.04029281750627
Train,2.11207904966116,2.11203532661966
Train,2.18344460985997,2.18386401208409
Train,2.25342893898317,2.25379104771855
Train,2.32252158183652,2.32322368736641
Train,2.39029459078425,2.39048666784583
Train,2.4572211976065,2.45768217300792
Train,2.52288606257122,2.52258866267948
Train,2.5877469169,2.58777741299127
Train,2.65140049378057,2.65197425098813
Train,2.71428978273273,2.71417508573359
Train,2.77602308378297,2.776136244589
Train,2.8370293543787,2.83757002124912
Train,2.89692798236151,2.89626871636574
Train,2.9561345574659,2.95632245870365
Train,3.01427910166795,3.01460414464964
Train,3.07176445965856,3.07219281492871
Train,3.12823085761803,3.1280985254707
Train,3.18406897941634,3.184698477442
Train,3.23892884777766,3.23895468916089
Train,1.82605402176371,1.82730630859442
Train,1.90392792857126,1.90459724944958
Train,1.98038557732879,1.97893124563416
Train,2.05591581690099,2.05658344580661
Train,2.13008960468624,2.13018922910123
Train,2.20338040846053,2.20305704722705
Train,2.27537115960175,2.275582303384
Train,2.34652066864817,2.34703339728003
Train,2.41663300600877,2.41578654332989
Train,2.48552406234811,2.48363803492248
Train,2.55363191166574,2.55344767157658
Train,2.62056737302902,2.61999969026874
Train,2.68675548322066,2.68667425391322
Train,2.75201263230251,2.7527375091413
Train,2.81616586172225,2.81663916317484
Train,2.87962172076681,2.87898364101784
Train,2.94201626748627,2.9426838036743
Train,3.00374440170931,3.00325995786989
Train,3.06445160527657,3.06482626633806
Train,3.12452162783985,3.12436700093531
Train,0.829690155850197,0.830204790123389
Train,0.915686692859388,0.916896353217453
Train,0.998760478063029,1.00049330572801
Train,1.07905802441517,1.07855856582682
Train,1.15671621319135,1.15644573085228
Train,1.23216855556595,1.23223699889058
Train,1.30491432142434,1.30464747391306
Train,1.37538145627047,1.37549295584904
Train,1.44367537027361,1.44439785041686
Train,1.50989507059576,1.50953993660733
Train,1.5741336402972,1.57417884618553
Train,1.63647867489251,1.63649395884204
Train,1.69701268086281,1.69715195447498
Train,1.75581343993658,1.75579880270379
Train,1.8129543425212,1.81317864637094
Train,1.86873103238866,1.86902913620725
Train,1.92275015972049,1.92211467354355
Train,1.97530643525357,1.97510878656249
Train,2.0264584867622,2.02695042135747
Train,2.07626185043145,2.07690444698892
Train,2.12059914974408,2.12169318766973
Train,2.34328037761278,2.34426379452634
Train,2.5549366972347,2.55537474953235
Train,2.75599889067898,2.75696918711037
Train,2.9474179653071,2.94751778065984
Train,3.13003855830087,3.13027150407288
Train,3.30413429750203,3.30493598551038
Train,3.47044079606479,3.47072619310711
Train,3.6296152801069,3.62966048529051
Train,3.78182725424777,3.78200919197479
Train,3.92765751382965,3.92688801628537
Train,4.06749916250778,4.06769467857521
Train,4.20183703672248,4.20236448667129
Train,4.33075252997693,4.33107798267883
Train,4.45468129831863,4.4551897247984
Train,4.57401691742505,4.57451804962693
Train,4.68879861220041,4.68887659709799
Train,4.79938387393273,4.79961992939207
Train,4.9060969212841,4.90635411482799
Train,5.00894794641336,5.00918836110577
Train,2.11765116113951,2.11774001652884
Train,2.331076120331,2.33088626540848
Train,2.5350821757667,2.53525533459833
Train,2.73027938076781,2.73028085836631
Train,2.91722621861503,2.91704267116802
Train,3.09643493902598,3.09664935761975
Train,3.26837624540536,3.26889403569294
Train,3.43348342318464,3.43375533427752
Train,3.59215598548838,3.59181985227042
Train,3.74476290070689,3.74494832725759
Train,3.89178524844331,3.89194545777718
Train,4.03325450148473,4.03310476111074
Train,4.16960912000323,4.16982438654668
Train,4.30112154837743,4.3017448878818
Train,4.42804521861775,4.42827760558066
Train,4.55061618038728,4.55058994037245
Train,4.66905456615047,4.66915950367184
Train,4.78356591058269,4.78376508824658
Train,4.89434234087785,4.89440022578492
Train,5.00156365245528,5.00141489249654
Train,4.2984075219197,4.29849216528601
Train,4.34970196264881,4.34969222535074
Train,4.39988860711867,4.39993226997467
Train,4.44900295924065,4.44901146533084
Train,4.49707902180318,4.49708738210757
Train,4.54398707631752,4.54403795920371
Train,4.59008629395852,4.59009215055994
Train,4.63524088247894,4.63525117120662
Train,4.6794795823174,4.67945175150089
Train,4.72282997971035,4.72284395083989
Train,4.76531856405638,4.76534877267477
Train,4.806970781893,4.80696959709167
Train,4.84781108771691,4.84784584237059
Train,4.88786299186117,4.88790831790539
Train,4.92714910562606,4.92716327241214
Train,4.96555815818128,4.96553532237158
Train,5.00337962345558,5.00341661232596
Train,5.04049808296363,5.04051394934868
Train,5.07693295687885,5.07694290729341
Train,5.11270295660467,5.1126353398613
Train,3.11238807213922,3.11243030767218
Train,3.16919694430401,3.16928630800612
Train,3.22492402378291,3.22496203564515
Train,3.28006627690833,3.27995065171854
Train,3.33440088330287,3.33447530629201
Train,3.38771829142044,3.38774081750307
Train,3.44049320797784,3.44047835240417
Train,3.49251174515677,3.49252473005254
Train,3.54357246262938,3.54350165877258
Train,3.59412928383372,3.59419350207099
Train,3.6439767440968,3.64397380482842
Train,3.69312966893727,3.69311167881096
Train,3.7413967519174,3.74145828515248
Train,3.78920627276411,3.78912837796088
Train,3.83636327141016,3.83641490663285
Train,3.88268356402146,3.88265297064572
Train,3.92857761543065,3.92859163217508
Train,3.97385783645987,3.97388998955648
Train,4.01834678893248,4.01832167015164
Train,4.0624382207582,4.0625053168369
Train,4.55922120239093,4.55936446947817
Train,4.72110733269788,4.72119987380211
Train,4.87180306698566,4.87189363159632
Train,5.01268853560669,5.0127758515082
Train,5.144570098747,5.1445984986749
Train,5.2681703274234,5.26819770922157
Train,5.38445959846425,5.38445946309002
Train,5.49386587381854,5.4938802633842
Train,5.59717321056753,5.59715235129261
Train,5.69478749151531,5.69479592796779
Train,5.78708131723367,5.78702955212066
Train,5.87463998688025,5.87470269771438
Train,5.95774177529795,5.95765252354613
Train,6.03664538871303,6.03667803060671
Train,6.11180031203641,6.11177066877644
Train,6.18333462263282,6.18333534307749
Train,6.25163043831265,6.25166596912823
Train,6.31684219420673,6.31679527708548
Train,6.37911629093982,6.37912788616813
Train,6.43875761669118,6.43879060794279
Train,4.04506807141098,4.04512810814049
Train,4.10858879478827,4.10861587374893
Train,4.1701996903519,4.17016724192581
Train,4.23037661612313,4.23049502611684
Train,4.28897724916576,4.28892680279023
Train,4.34606272363447,4.34597868105629
Train,4.40150979637571,4.40160390370147
Train,4.45574060858136,4.45566714102461
Train,4.50862154227834,4.50864395887402
Train,4.56020237837136,4.56021078919002
Train,4.61036639081713,4.61038548128272
Train,4.65949076115278,4.6594987047647
Train,4.70745029988105,4.70742637445801
Train,4.75428595209553,4.75418223846646
Train,4.7998875163024,4.79989451981237
Train,4.84459415011638,4.84472995594479
Train,4.88828866414124,4.88820662177386
Train,4.9310050439588,4.93090580340868
Train,4.97263943418284,4.97273812706044
Train,5.01349853460424,5.01337081355086
Train,4.72294694016069,4.72180353799558
Train,4.75454734386273,4.7539895883674
Train,4.78575104926538,4.78515301291918
Train,4.81656547975132,4.8165941915795
Train,4.84699787463386,4.84737831045277
Train,4.87705529482699,4.87625152173132
Train,4.9067446283071,4.90685022399339
Train,4.93607259537537,4.93606047127469
Train,4.96504575372901,4.96482521234066
Train,4.99367050334968,4.99350651604254
Train,5.02208632702543,5.02210376099538
Train,5.05003127323255,5.0495348490731
Train,5.07764613853987,5.07794845723765
Train,5.10493673689893,5.10479513141036
Train,5.13190874651787,5.13163343338965
Train,5.15856771380009,5.15852672932306
Train,5.18491905714653,5.18462796882886
Train,5.21096807062713,5.21119343163446
Train,5.23671992752663,5.23613196580845
Train,5.26217968376971,5.26123930827089
Train,2.12825209006589,2.12797978835079
Train,2.37288651948368,2.37286109274282
Train,2.6015996243621,2.6016962941394
Train,2.81528600769792,2.81518675276675
Train,3.01595153015302,3.01585127915678
Train,3.20421201232764,3.20358633202341
Train,3.38169017706613,3.38167314085149
Train,3.54880712329803,3.54863770398515
Train,3.70667035232721,3.70605319171955
Train,3.85624211049127,3.85584768855551
Train,3.99775202123379,3.99760058416723
Train,4.13222031585773,4.13182478493763
Train,4.25979250843669,4.25994553241253
Train,4.38116010379978,4.38063328398493
Train,4.49693146052466,4.496896827608
Train,4.60716695077571,4.60689467783232
Train,4.71255743600543,4.71256893033569
Train,4.81312507730122,4.81312543520471
Train,4.90947085848767,4.90924796351464
Train,5.00158892011668,5.00143366932389
Train,3.33837507438564,3.33582759669662
Train,3.46058512059142,3.45965027072089
Train,3.57758834194159,3.57689250744443
Train,3.68971055696617,3.68795204538765
Train,3.7970389887063,3.79695835482926
Train,3.90028120103303,3.89951392787407
Train,3.99946994956018,3.99957174302472
Train,4.09483935702305,4.09184318590269
Train,4.18660585657113,4.18640401519951
Train,4.27496983150741,4.27356455355039
Train,4.3599488657098,4.35935019857789
Train,4.44205784887757,4.44116410590868
Train,4.52128268956086,4.52113534642922
Train,4.5977727265908,4.59715493141994
Train,4.67166716352079,4.67110951320137
Train,4.74309591410339,4.74299093750233
Train,4.81204363813467,4.81106652649396
Train,4.87890171475166,4.87857183972301
Train,4.94363516172037,4.94289363117423
Train,5.00634367040845,5.00587289199393
Train,3.87523881948464,3.87628037264221
Train,3.95404801755029,3.95425217116281
Train,4.02974677351441,4.03057459192496
Train,4.10292194731429,4.1029935567858
Train,4.17350044387368,4.17350207164418
Train,4.2416180711961,4.24191932143731
Train,4.30721815852196,4.30715179323306
Train,4.37079114225444,4.37093951935094
Train,4.43225758817814,4.43232370465194
Train,4.49172049239818,4.49215283821104
Train,4.54911580420057,4.54899894924165
Train,4.60485973229656,4.60510166704989
Train,4.65887127083764,4.65900298253473
Train,4.71122994200335,4.71127097020872
Train,4.76186878193004,4.76188528658895
Train,4.81114564194774,4.81149310168985
Train,4.85898064890606,4.85898614410326
Train,4.90543617377345,4.90542838206602
Train,4.95044499285234,4.95042406459834
Train,4.9943182385265,4.994577297879
Train,2.12311179524227,2.12287911178282
Train,2.36751726846775,2.36767817231885
Train,2.59550603933668,2.59493937986554
Train,2.80928385868297,2.80928643120933
Train,3.00985405698779,3.00982932337502
Train,3.19813614601615,3.19790510122039
Train,3.37573022364217,3.37591641504696
Train,3.54304395578921,3.54248480312162
Train,3.70139536231884,3.70135725393266
Train,3.85127174548446,3.85111533605232
Train,3.99313316542645,3.99286738906085
Train,4.12799027670336,4.12810068148974
Train,4.2561659178122,4.25545763935588
Train,4.37797035217499,4.37801554675389
Train,4.49419907105336,4.49340586484323
Train,4.60490884462151,4.60491422202176
Train,4.7107863806475,4.71053418825977
Train,4.81199606506584,4.81179590772808
Train,4.90870119118297,4.90854873620265
Train,5.0014615561532,5.00080715208969
Train,4.21460060524327,4.21607296317234
Train,4.27184610746874,4.27207483555685
Train,4.32756432777398,4.32802477759833
Train,4.38216518189821,4.38176334226591
Train,4.43533869979944,4.43590074771055
Train,4.48747402996703,4.48822127229869
Train,4.53827327651232,4.53860068912036
Train,4.58810638819991,4.58848745317664
Train,4.63668690777751,4.63694647594821
Train,4.68436699623143,4.68458890494003
Train,4.73087103717317,4.73132439636538
Train,4.77653467911823,4.77639883537631
Train,4.82109258463286,4.82128677625224
Train,4.86486504466356,4.86505475880404
Train,4.90759647274213,4.90738634790614
Train,4.94959285071009,4.94979561997752
Train,4.99060784704465,4.9903425282173
Train,5.03093408857086,5.03107054184875
Train,5.07033403274121,5.0702172678466
Train,5.10908782153109,5.10914296984265
Train,2.12263903924964,2.12309257011293
Train,2.35807015296182,2.35822540374647
Train,2.57974484642919,2.57976245589816
Train,2.78837739364784,2.78830026649666
Train,2.98530132159036,2.98523172309069
Train,3.17167952933067,3.17171464209241
Train,3.34794984921552,3.34801985330341
Train,3.51527966341244,3.51529298066453
Train,3.67398325661824,3.67392036001911
Train,3.82487657295672,3.82496818201253
Train,3.96868036886023,3.96868595614069
Train,4.10558113118152,4.10557264278032
Train,4.23620791477005,4.23631400606246
Train,4.36111986584978,4.36111105591408
Train,4.48042067206134,4.48032193760446
Train,4.59473184480475,4.59482737601866
Train,4.70411834186003,4.70416370215753
Train,4.80900732241856,4.80905826515664
Train,4.90978177642934,4.90965797595709
Train,5.00646528238212,5.00659682279729
Train,2.12978706987508,2.13013941618192
Train,2.36882069850899,2.36875207535923
Train,2.59261215430348,2.5927772277355
Train,2.80313151282221,2.80308551568305
Train,3.00099948610341,3.00114811228923
Train,3.18781862874191,3.18790845791955
Train,3.36402009506598,3.36417197519768
Train,3.53092731925708,3.53106289180869
Train,3.68904603490195,3.68900518990267
Train,3.83885289774519,3.83885140000712
Train,3.98136579636856,3.9815349091914
Train,4.11674306531189,4.11653924660277
Train,4.24585155992919,4.24592219849728
Train,4.36895225977064,4.36878039980365
Train,4.48629809260513,4.4859928079677
Train,4.59858307454001,4.5984077662506
Train,4.70584033135645,4.70562394578519
Train,4.80867487629262,4.8081956786009
Train,4.9070908218437,4.90696019021561
Train,5.0016197234077,5.00109114187944
Train,3.01705252024819,3.016607455138
Train,3.12032357990782,3.12025934357735
Train,3.22038247139588,3.22029520702199
Train,3.31686011162121,3.31683291906666
Train,3.41044335856909,3.41045069912434
Train,3.50077652363319,3.50076171597539
Train,3.58849302349511,3.58815228104504
Train,3.67325055883843,3.67336652923404
Train,3.75541534497091,3.75529593311148
Train,3.83531783454091,3.83532741029558
Train,3.91263541315482,3.91229713525172
Train,3.98789265358023,3.9880112895662
Train,4.06077964596225,4.06077690506936
Train,4.1315955694541,4.13141612744221
Train,4.20061187697461,4.20081062538156
Train,4.26753690378768,4.26748779553236
Train,4.33281256516588,4.3324276882995
Train,4.39615877849211,4.39595683840162
Train,4.45798986844476,4.45810339184391
Train,4.51803684629886,4.51729912867449
Train,2.12435123144132,2.12465523314677
Train,2.38506153637641,2.38488826517278
Train,2.62609199254129,2.62606827713171
Train,2.8490559046886,2.84910799694262
Train,3.05615884325127,3.05588194807933
Train,3.24903512992055,3.24899972911589
Train,3.42931825626768,3.4289024108657
Train,3.59779709538334,3.59759131871397
Train,3.75578404828765,3.75539587244566
Train,3.90422958107013,3.90393821775069
Train,4.04414122005214,4.04402633997233
Train,4.17591596121601,4.17577743922811
Train,4.30039365297306,4.30098510204698
Train,4.41816407872983,4.418160333571
Train,4.52989011171437,4.53016149394534
Train,4.63576888778802,4.63623854023535
Train,4.73636936325297,4.73678050445233
Train,4.83207664209496,4.8320583324894
Train,4.92334980841375,4.92361640697345
Train,5.01027888515012,5.0102404703357
Train,3.11173865344614,3.1113074629975
Train,3.24201294778975,3.24231604933811
Train,3.36799787365329,3.36758830538383
Train,3.48990184544406,3.49013015043238
Train,3.60774586783278,3.60743990328046
Train,3.7220664898684,3.72217757343242
Train,3.83285550280785,3.83269903761175
Train,3.94027406583884,3.94011768207565
Train,4.04447367942224,4.04470697673969
Train,4.14559689820399,4.14545432149316
Train,4.24363292184211,4.24365279606354
Train,4.33900255930691,4.33891090711768
Train,4.43167584960844,4.43170584378095
Train,4.52176554790441,4.52183886821149
Train,4.6093782088937,4.60926810326782
Train,4.69461460724415,4.69444503264094
Train,4.77744741477016,4.77756461759782
Train,4.8582156134013,4.85825859080796
Train,4.93687878459299,4.93680366035187
Train,5.01351816340897,5.01333276063815
Train,3.11038299446124,3.11077218013452
Train,3.24251381050943,3.24242400053481
Train,3.37001630594949,3.36994706206315
Train,3.49312947838734,3.49308627733262
Train,3.61207614870286,3.61241500898905
Train,3.72689245643938,3.72693239843647
Train,3.8381220550937,3.83827743038637
Train,3.94576909947967,3.94572226871242
Train,4.05000393018696,4.05013492649232
Train,4.15098625732076,4.1507388503378
Train,4.24886597703618,4.24905657413183
Train,4.34378391394922,4.34369220819281
Train,4.43587249715733,4.43604401089397
Train,4.5252563766945,4.52541457176267
Train,4.61205298645539,4.61198432594756
Train,4.6962467383612,4.69609602054697
Train,4.77819830456011,4.77795113555476
Train,4.8578763944213,4.85799553105244
Train,4.93537431881503,4.93536512620631
Train,5.01078035115356,5.01063070296004
Train,2.12717572834508,2.12845899353488
Train,2.34656196174529,2.34686664746187
Train,2.55533954832282,2.55568331525501
Train,2.75425981062326,2.75421261539668
Train,2.9440047608186,2.94372219379147
Train,3.12495162852631,3.12528094500158
Train,3.29816338632991,3.29807746782171
Train,3.46390243918338,3.46440261828684
Train,3.62264215738028,3.62273460424331
Train,3.77481675614259,3.77470834284031
Train,3.92082526201542,3.92094257525605
Train,4.06103500668285,4.06137929625402
Train,4.19578471261601,4.19564703810101
Train,4.32538722512265,4.32575817745965
Train,4.45013193718625,4.4501288282263
Train,4.57012493075912,4.57024429418743
Train,4.68594476426799,4.68573954207386
Train,4.79765438822268,4.7977948931366
Train,4.90546878245043,4.90541495847719
Train,5.00958819131908,5.00953582612783
Train,3.8077383077291,3.80830032493395
Train,3.88956870088414,3.88933986134725
Train,3.96883780908673,3.96903980943898
Train,4.04586049738461,4.0456957085953
Train,4.12034912875369,4.12010324325092
Train,4.19261091250044,4.19263238822532
Train,4.26274423583776,4.26294666525064
Train,4.330841774137,4.33067195432523
Train,4.39716025110821,4.39711688279931
Train,4.46143866296428,4.46162152193938
Train,4.5239291575605,4.52368376182858
Train,4.58470530859315,4.58460392778215
Train,4.64398821207787,4.64423853135668
Train,4.70153671594073,4.70139214996016
Train,4.75756890434818,4.75761324889754
Train,4.8121439269539,4.81224814878442
Train,4.86531789642492,4.86512977358507
Train,4.91727698397285,4.91727431158506
Train,4.96780267936954,4.96761931610672
Train,5.01707941296385,5.01706870362977
Train,2.12451639919632,2.12398852447586
Train,2.37095652419414,2.37110898599349
Train,2.60086088926851,2.60097910367404
Train,2.81583975804045,2.81592914376233
Train,3.01702488381918,3.01686915773826
Train,3.20622096492552,3.20673139353312
Train,3.38422383841342,3.38420818736267
Train,3.55199828304379,3.55267539568013
Train,3.71040129767525,3.71061397246376
Train,3.86019674307784,3.86026481722365
Train,4.00187229445328,4.00218691299233
Train,4.13644125644717,4.13666858537908
Train,4.26424865589965,4.2644512905681
Train,4.38579161654852,4.38622847585793
Train,4.5015196951498,4.50142547274663
Train,4.61184043783561,4.61225927132546
Train,4.71697865411628,4.71692666556555
Train,4.81756907862544,4.81760677322745
Train,4.91376716590751,4.91402315594314
Train,5.00585445987398,5.00573617719056
Train,3.80662470609681,3.80624367405471
Train,3.88834139484332,3.88803188172824
Train,3.96752945990506,3.96731306709989
Train,4.04430448083083,4.04421344490765
Train,4.11877509892742,4.11878660340881
Train,4.19123039931236,4.19103539111165
Train,4.26138749685472,4.2614242171876
Train,4.32952962685583,4.32946294126668
Train,4.39574236757914,4.39610323103989
Train,4.46010651877933,4.45966737610433
Train,4.52269843063781,4.5226901996466
Train,4.58359030589586,4.5837405542843
Train,4.64285047769928,4.64271070187533
Train,4.70054366540238,4.70059682705687
Train,4.75673121034444,4.75670565304608
Train,4.81161311274734,4.81148409157322
Train,4.86495737130899,4.86503217223071
Train,4.91696197120851,4.91700429224511
Train,4.96767675181377,4.96734978166933
Train,5.01714911054099,5.01719775176389
Train,3.88622426022213,3.88521204384233
Train,3.96164668389391,3.96171549167775
Train,4.0348601358272,4.03463175443903
Train,4.10596025994981,4.10587339379708
Train,4.17503725716661,4.17475432928404
Train,4.24236220699547,4.24194459475257
Train,4.30763854938547,4.30754812909072
Train,4.37113357939236,4.37099175210096
Train,4.43291923031841,4.43304840621931
Train,4.49306361380875,4.49269265769544
Train,4.55163127031993,4.5516487703826
Train,4.60868340014465,4.60876316536815
Train,4.66427807673126,4.66409480219954
Train,4.71847044386108,4.71816915924501
Train,4.77131289809084,4.77119123204102
Train,4.8229982536463,4.82264013461463
Train,4.87328446117769,4.87306728800468
Train,4.92236321499513,4.92216663587897
Train,4.9702774885615,4.96996197586486
Train,5.01706824000553,5.01671963888293
Train,3.80644674670169,3.80701920785214
Train,3.88847600875965,3.88860534782361
Train,3.96773063373205,3.96761093337773
Train,4.04474016867335,4.04478389479846
Train,4.1194079399054,4.11885964417525
Train,4.19183916285478,4.19172042247374
Train,4.26195387879296,4.26223009229943
Train,4.33020842950115,4.32986308850377
Train,4.39650636424915,4.39630154882252
Train,4.46093062803061,4.46122648244636
Train,4.52339996024945,4.52317997581486
Train,4.58431189892117,4.58413133570139
Train,4.64357233269813,4.64374512639188
Train,4.70124752908323,4.70103168462447
Train,4.75725706973349,4.75718548326768
Train,4.81195053374266,4.81213548949381
Train,4.86523732333805,4.86518866550978
Train,4.91717101741401,4.91705075778373
Train,4.96767331329048,4.96778326573622
Train,5.01705415131406,5.01684218437731
Train,3.88561095913345,3.8847297212269
Train,3.96119177124388,3.96096457801468
Train,4.03473624895416,4.0345496878399
Train,4.10593930375339,4.1054347925201
Train,4.17509750447742,4.17487857514061
Train,4.24247968764583,4.2422846405716
Train,4.30779880974293,4.30740931563196
Train,4.37131959580068,4.37130720269124
Train,4.43328276073025,4.43301425249228
Train,4.49341826626526,4.49333665822269
Train,4.55196386760316,4.55158493155977
Train,4.60898179459056,4.60884403622913
Train,4.66468170843888,4.6646461950113
Train,4.71881455058613,4.71860806494442
Train,4.77158811550613,4.77138911360089
Train,4.82319259471207,4.82307227137426
Train,4.8733934161917,4.87334366327559
Train,4.92237948905449,4.92209470926173
Train,4.97032416257258,4.97009353044996
Train,5.0170063243159,5.01673328433753
Train,2.04995207767634,2.05095135078955
Train,2.36853908008567,2.36707659962121
Train,2.65218403000353,2.65092567906322
Train,2.90697799059126,2.90642209112048
Train,3.13681895400483,3.1346500977379
Train,3.34493759146171,3.34121542253342
Train,3.53475567764635,3.5308982294373
Train,3.70814353059593,3.70635756835327
Train,3.86755159856861,3.86565927724951
Train,4.01441735876953,4.01346161588663
Train,4.14999157374313,4.14658682756271
Train,4.27585004088018,4.27400251232757
Train,4.39285082733998,4.39209508260319
Train,4.50175732771425,4.50076702552906
Train,4.60364289826535,4.60211094020269
Train,4.69891970599052,4.69754759714488
Train,4.78844078951357,4.78808618655603
Train,4.87260377911667,4.87195282530593
Train,4.95177352323288,4.95181139885972
Train,5.02657446774441,5.02678879435553
Train,3.79776981423491,3.79649444302413
Train,3.87866391563431,3.87876421002875
Train,3.95733255148876,3.95660617513568
Train,4.03349598599817,4.03306169138159
Train,4.10745087021112,4.10712321427854
Train,4.17946630826417,4.1790020828339
Train,4.24927794713938,4.24907862015243
Train,4.31731451379763,4.31735066477268
Train,4.3833215856408,4.38274360380456
Train,4.44754411235117,4.44669005111427
Train,4.51020540375935,4.51039968850819
Train,4.57106532148577,4.5709052901002
Train,4.63034402714585,4.6295460620604
Train,4.68824278619348,4.68828091981413
Train,4.74453495022828,4.7443795214931
Train,4.79955297006165,4.79923593562853
Train,4.85307873738572,4.85287580985096
Train,4.90529873932715,4.90537277030671
Train,4.95638418598853,4.95598559693826
Train,5.00612909016259,5.00578404870976
Train,4.42407979305922,4.42424410558669
Train,4.46691166169733,4.46643467194735
Train,4.50912477111424,4.50912060809787
Train,4.55044429854992,4.55053752433014
Train,4.59117995517835,4.59071095396212
Train,4.63106584876699,4.6306101716691
Train,4.67040028310135,4.67115179683242
Train,4.7089258818307,4.70777306970922
Train,4.74679841304018,4.74665534902306
Train,4.78416389339247,4.78407644459003
Train,4.82077698868006,4.82127142340687
Train,4.85691013934685,4.85666797546583
Train,4.89232559324423,4.89093177018003
Train,4.92716514174534,4.92743262215299
Train,4.9615620179239,4.96203553167652
Train,4.9952892112185,4.99470106175431
Train,5.02859656183774,5.02834102087945
Train,5.06126383485798,5.06125509981939
Train,5.09353261837211,5.09350007907778
Train,5.12518916146475,5.12434299683446
Train,3.30379708995377,3.3031092251731
Train,3.37063607511235,3.37083110589811
Train,3.43594095318669,3.43523881413785
Train,3.50021101875945,3.49884546981048
Train,3.56324967428117,3.56354174020089
Train,3.62487627902781,3.62460128283055
Train,3.68555999675628,3.68560376850655
Train,3.74511346377582,3.74472746279571
Train,3.80336403233353,3.80159809060569
Train,3.86075342218445,3.8607593266097
Train,3.91710293691303,3.9172460072441
Train,3.97244058600369,3.97195539572567
Train,4.02660369597233,4.02660514660238
Train,4.08000102968489,4.07992964207369
Train,4.13246463090554,4.13228109652118
Train,4.18383881813632,4.18336311819439
Train,4.23451003727776,4.23417802376571
Train,4.28431781539126,4.2841469938503
Train,4.33311307090034,4.33298748100788
Train,4.38126173574197,4.38097735269548
Train,2.12773036473068,2.12774720157904
Train,2.3649065243032,2.36473870477857
Train,2.58760154553829,2.58664977040098
Train,2.79710239047386,2.79684255982284
Train,2.99454790960518,2.99363277569137
Train,3.18094955298383,3.18056380366033
Train,3.35720870051651,3.35683853397859
Train,3.52413123825805,3.52362720283782
Train,3.68243987811222,3.68213098885826
Train,3.83278461826202,3.83238877456824
Train,3.97556294397721,3.97499509188492
Train,4.11169127601103,4.11072259028515
Train,4.24145180712177,4.24101236417846
Train,4.36528113452564,4.36430903240398
Train,4.48357683453216,4.48350124109129
Train,4.59670172663849,4.59452543639054
Train,4.70498759042142,4.70480738695915
Train,4.80873841543619,4.80860616363134
Train,4.90823325117055,4.90753564075203
Train,5.00372871332178,5.00334995141748
Train,2.94396057417874,2.9434755889888
Train,3.02904204492581,3.0296137456935
Train,3.11249314466046,3.11223743063965
Train,3.19385305171646,3.19419841615672
Train,3.27369338257743,3.27364744250372
Train,3.35157067143682,3.35294380745108
Train,3.42802961105894,3.42533417039522
Train,3.50264320083869,3.5036283987647
Train,3.57570375000409,3.5752319984822
Train,3.64748194003505,3.64883160192039
Train,3.71757390075242,3.71739932788114
Train,3.78646493188244,3.78750392125949
Train,3.85376562625473,3.85282231162273
Train,3.91973486482703,3.91958579900529
Train,3.98461316037663,3.98511950026659
Train,4.0480314553435,4.04741072371689
Train,4.11042501092023,4.11114810342042
Train,4.17143751496782,4.17171622397291
Train,4.23148638807138,4.2317337084969
Train,4.29022744655551,4.28996283757078
Train,2.12761174416641,2.12785323911157
Train,2.36279442088078,2.36294499653013
Train,2.58395732298534,2.58399362543059
Train,2.79231779223193,2.79245242488105
Train,2.98895619854973,2.98880749677119
Train,3.17508165318044,3.17547437519534
Train,3.35104687070944,3.35069222492166
Train,3.51788324992824,3.5179851529283
Train,3.67628321749673,3.67563775444069
Train,3.82687089911298,3.82676180836279
Train,3.970210338345,3.97012779838042
Train,4.10681255656116,4.10680823313305
Train,4.23714164022874,4.23697518201516
Train,4.36162000840189,4.36099786482373
Train,4.48063298638124,4.48030039565128
Train,4.59468504368087,4.59441167503974
Train,4.70378792393856,4.70354832368321
Train,4.80839661537336,4.80798387014511
Train,4.90878320246356,4.90909067917164
Train,5.0051982409802,5.00422328250352
Train,2.12564260553235,2.12551251879268
Train,2.3692842087651,2.3690472829694
Train,2.5970195011085,2.59633235100773
Train,2.81035692451563,2.80983933330936
Train,3.01062003217446,3.00992795574712
Train,3.19897497342765,3.19708548839844
Train,3.37645321728042,3.37619951625311
Train,3.54397044982052,3.54265199973815
Train,3.702342376625,3.70194453705335
Train,3.85229800582354,3.85171999629893
Train,3.99449086828511,3.99318779020177
Train,4.1295085392597,4.12833150594452
Train,4.25788075407853,4.25763101601478
Train,4.38008635429281,4.37954307731343
Train,4.49655925627669,4.4961050584061
Train,4.60769359911385,4.60713976010811
Train,4.71384820047982,4.71376013875124
Train,4.81535042666837,4.81491814869878
Train,4.91249956470073,4.91227385231832
Train,5.00556976968764,5.00442895579545
Train,2.12332372125674,2.12428344416912
Train,2.35597412277977,2.3563492589019
Train,2.57527205640544,2.5755102601579
Train,2.78233495980589,2.78252565184812
Train,2.97793134939884,2.97865857411307
Train,3.16341918459217,3.16311064684487
Train,3.33935720074798,3.34028297892291
Train,3.50646439603735,3.50658114568796
Train,3.66538935861286,3.66551168417209
Train,3.81671867952971,3.81663653998839
Train,3.96081584539365,3.96101528177314
Train,4.09850844309289,4.09892886632588
Train,4.23006024014663,4.23002981514946
Train,4.35587307616933,4.35592975369946
Train,4.47631447861992,4.47647668789068
Train,4.59172124855168,4.59148615922823
Train,4.70227307418351,4.70233173183806
Train,4.80851856973015,4.80841041697568
Train,4.91058478884492,4.91046185066807
Train,5.00871356929856,5.00865648229592
Train,2.13048260114339,2.13092885172591
Train,2.36141822993024,2.36201773028006
Train,2.57944345882077,2.5793791111646
Train,2.78512743558809,2.78487451404362
Train,2.97971772296535,2.98014845273065
Train,3.16430534752431,3.16452632685468
Train,3.33922968627402,3.33945433465124
Train,3.50562174580382,3.50565075721897
Train,3.66371758572177,3.66375293860256
Train,3.81430002114748,3.81420813362638
Train,3.95806182042704,3.95829026147112
Train,4.09513188791548,4.09562933135385
Train,4.22612142233379,4.22629114545271
Train,4.35157447540485,4.35157521955989
Train,4.47155056615015,4.47167317886124
Train,4.58667274847743,4.58690282319003
Train,4.69696821929686,4.69686573007129
Train,4.80285956120148,4.80298121937085
Train,4.90472601682359,4.90466922901396
Train,5.00256052426806,5.00268883990429
Train,4.29923127466113,4.30098431302758
Train,4.37593472586425,4.37599012954161
Train,4.45007638384635,4.44917760527824
Train,4.52208960493034,4.52154389024872
Train,4.59191509940888,4.59265319477709
Train,4.65950632982142,4.65903902308492
Train,4.72524942079411,4.72554205535926
Train,4.78908225473821,4.78871391661232
Train,4.85095431879322,4.85036594022313
Train,4.91121191789884,4.91120283845521
Train,4.96979172171991,4.96960600787497
Train,5.02676284216546,5.02644929831877
Train,5.08207203793809,5.08218944894543
Train,5.13602154890217,5.13544313358943
Train,5.18854810300832,5.1885815296846
Train,5.23959773178527,5.23957375002647
Train,5.28944500655008,5.28905910597314
Train,5.33802752592299,5.33798425909845
Train,5.38529136179834,5.3841279866574
Train,5.43148710977632,5.43113920223186
Train,3.80440535788305,3.80415055085177
Train,3.88609514022405,3.8855929655183
Train,3.96528315492449,3.96543626905623
Train,4.04208259449204,4.04196756436431
Train,4.11659992436134,4.11659632197188
Train,4.18893537531834,4.18887335753607
Train,4.25918339329396,4.25922729296872
Train,4.32743305077164,4.32733142366124
Train,4.39376842357708,4.39403167900673
Train,4.45826893640157,4.45799503678427
Train,4.52100968004451,4.52073770812785
Train,4.58206170303944,4.58205608968274
Train,4.64149228004463,4.64143745886395
Train,4.69936515912984,4.69953312734287
Train,4.75574078987013,4.75565994702993
Train,4.81067653396255,4.81054328163009
Train,4.86422685990817,4.8643477876285
Train,4.91644352314866,4.91647892711626
Train,4.96737573290946,4.96717533131959
Train,5.01707030688033,5.01709461111386
Train,3.80280800392127,3.80376719166816
Train,3.88500313680383,3.88580984947112
Train,3.96462254200146,3.96465528191766
Train,4.04178542414326,4.04287617446244
Train,4.11660374389121,4.11678626831053
Train,4.18918275996791,4.18946116586449
Train,4.25962152323343,4.25997075101986
Train,4.3280133276884,4.32804098815177
Train,4.39444612272151,4.39457510922875
Train,4.45900289043215,4.45918187270217
Train,4.52161773197884,4.52192463833489
Train,4.5826571574904,4.5826939113831
Train,4.64204285768417,4.64185983709831
Train,4.69984114025796,4.70038018753257
Train,4.75611481476927,4.75642908399095
Train,4.810923420318,4.81099487567917
Train,4.8643234356747,4.86434430212103
Train,4.91636847341338,4.91650667902286
Train,4.96710945945157,4.96717395253654
Train,5.01659479926165,5.01670090478365
Train,1.44204620238152,1.44303618413687
Train,1.54499419923156,1.54547374079993
Train,1.64543580189771,1.6453015242223
Train,1.74346144137553,1.74334642429312
Train,1.8395167720947,1.8402998537349
Train,1.9329564411699,1.93286138914482
Train,2.02422693088534,2.0247704544272
Train,2.1134029099952,2.11340509374713
Train,2.20055565907522,2.20020825743632
Train,2.28575326054506,2.28611471083423
Train,2.36937400784446,2.36995673736237
Train,2.45084680904313,2.45054482750493
Train,2.53055145851384,2.53133998234989
Train,2.60854489795918,2.60884441055896
Train,2.6848816500424,2.6847957894206
Train,2.75961394549668,2.75955424730637
Train,2.83306718070384,2.83316650001507
Train,2.90473303721677,2.9053041233019
Train,2.97493870467927,2.9749766096611
Train,3.04372835998313,3.04481657957513
Train,2.12339852599247,2.12552796789532
Train,2.37271606636546,2.3748495118125
Train,2.6051295613652,2.60828416785444
Train,2.82173155304113,2.82322612606004
Train,3.02434872715534,3.02605151593889
Train,3.21429311425399,3.2173614050771
Train,3.39295298198351,3.3971174336184
Train,3.56086107035745,3.56218715091381
Train,3.71916840218757,3.7195789196594
Train,3.86867552762641,3.86928884779991
Train,4.01028359872553,4.01087737256967
Train,4.14424724555703,4.14473427632765
Train,4.27133734096803,4.2717766069436
Train,4.39206966622313,4.39231696626302
Train,4.50706208430027,4.50731268173695
Train,4.61642365268879,4.61670038452576
Train,4.72069636620039,4.72101330167061
Train,4.82022734355424,4.82019619521452
Train,4.91545935003735,4.91555324553701
Train,5.0064226522255,5.00654205807587
Train,2.12910230615172,2.12867597280638
Train,2.38291006667188,2.38096550127375
Train,2.61827066256745,2.61666202305059
Train,2.83741639544739,2.83623278606683
Train,3.04142214561449,3.0400112585412
Train,3.23205864293634,3.23108725454949
Train,3.4105983963277,3.40978540283686
Train,3.57815738802642,3.57748854567762
Train,3.7359295471496,3.73485316203005
Train,3.88434948784635,3.88394275298197
Train,4.02441245639959,4.02379799797927
Train,4.15680495054935,4.15594497660277
Train,4.28230877565294,4.28180040854204
Train,4.40112793004536,4.40078337979503
Train,4.51393418368952,4.51355747351045
Train,4.62117270132084,4.6208116478083
Train,4.72324576235384,4.72280813165344
Train,4.82064899338996,4.82032249799522
Train,4.9134449975405,4.91324668852758
Train,5.00207252958786,5.00186400425446
Train,2.11638447506989,2.11757195254177
Train,2.36806330015287,2.36892577556864
Train,2.60208647853893,2.60287129176868
Train,2.82024890795233,2.82087954438248
Train,3.02411016473525,3.02482011139728
Train,3.21503184491851,3.21647170402139
Train,3.39420801361869,3.39569489654968
Train,3.56269020239473,3.56341416775103
Train,3.7214080604634,3.7220219569208
Train,3.87118651652451,3.87187653124784
Train,4.01276012021567,4.01344862022597
Train,4.14678508952929,4.14734018865784
Train,4.27384948118426,4.27451403515079
Train,4.39448181651128,4.39494115424895
Train,4.50915842973614,4.50957527342689
Train,4.61830975410945,4.61885202695703
Train,4.7223257207859,4.72281515126451
Train,4.82156041319686,4.82205236443406
Train,4.91633609400439,4.91672481280693
Train,5.00694670114171,5.00714685983621
Train,2.73194750145983,2.73276035732488
Train,2.83756888193852,2.8377089238129
Train,2.94019821728092,2.94109869940439
Train,3.03996086994695,3.04014987897972
Train,3.13697529551304,3.13675819976925
Train,3.23162571138575,3.23206236366241
Train,3.32346648187123,3.32366374005142
Train,3.41287774329284,3.4129263246723
Train,3.49995464068828,3.50041461657383
Train,3.58478741498906,3.58465522660481
Train,3.66746171496911,3.66773046793605
Train,3.74805888568102,3.74867736217857
Train,3.82665623542172,3.82668182254565
Train,3.90332728306944,3.90317668287025
Train,3.97814198745518,3.97846769620446
Train,4.05137792223462,4.05164363904623
Train,4.12267166838888,4.12245086006442
Train,4.19229981504695,4.19279903505958
Train,4.26032005709038,4.26028729897735
Train,4.32678745515108,4.32552287543876
Train,4.42433949203684,4.42462692033587
Train,4.46726370337328,4.46725428857826
Train,4.50941354452157,4.50910882691824
Train,4.55080978308231,4.55083355887473
Train,4.59147245062257,4.59161096475873
Train,4.63142087499709,4.63146896432954
Train,4.67067371098119,4.67041647254518
Train,4.7092489693173,4.70950831862137
Train,4.74716404427015,4.74723494098725
Train,4.78443573977929,4.7842036303191
Train,4.82120060968204,4.82130166007119
Train,4.857231720581,4.85740777456522
Train,4.89266661349976,4.89246241607543
Train,4.92751996570969,4.92754730384331
Train,4.9618059766503,4.96183064407523
Train,4.9955383872175,4.9955530535517
Train,5.02873049812514,5.02865903099155
Train,5.06139518739115,5.06144064887485
Train,5.09354492699682,5.09336538792559
Train,5.12519179876422,5.12505086844249
Train,4.31090793132855,4.31045536236343
Train,4.36374862530706,4.3622741447216
Train,4.41544374948998,4.41511294359952
Train,4.46603015778154,4.46579117873989
Train,4.51554314003183,4.51543023137492
Train,4.56388176850847,4.56338875312213
Train,4.61135070252854,4.61094163735106
Train,4.65784340604492,4.65525712256567
Train,4.70338968779305,4.70292091193187
Train,4.74801815514197,4.74748060297861
Train,4.79175627401314,4.79123776963752
Train,4.83463042524858,4.83317478803656
Train,4.87666595767126,4.87153094966925
Train,4.91788723806207,4.91655106051985
Train,4.95831769826044,4.95721262114239
Train,4.99786952455175,4.99713213943323
Train,5.03678718722075,5.03548190995571
Train,5.07497908978046,5.0716946805187
Train,5.11246534630136,5.11183235699355
Train,5.14926533438925,5.14726943891219
Train,4.308190724255,4.30926614725104
Train,4.3521783700908,4.35239878421635
Train,4.39537752787371,4.3957643864087
Train,4.4378092100058,4.43783852249908
Train,4.4794936888508,4.47992365407117
Train,4.52058585633077,4.52069687061157
Train,4.56083161368657,4.56110952884774
Train,4.60038691902989,4.60047974100962
Train,4.63926938922814,4.63933271791757
Train,4.67749604687772,4.67798705395762
Train,4.71508334515268,4.71515880544393
Train,4.7520471914169,4.75208753693732
Train,4.78840296967105,4.78848231799202
Train,4.82416556190072,4.8241281402843
Train,4.85934936838812,4.8594279222998
Train,4.89408279421208,4.89407113086054
Train,4.92814858322893,4.9282368502827
Train,4.96167612876043,4.96158963263224
Train,4.9946780872855,4.9946317086069
Train,5.02716672155627,5.02717485418179
Train,3.00160651401106,3.00245070552046
Train,3.15463679628811,3.15535270737018
Train,3.30007029819874,3.30051580021245
Train,3.43869343102216,3.43877372326097
Train,3.57052615090931,3.5711099493783
Train,3.69626818327652,3.69725602102699
Train,3.81633208380699,3.81740680335133
Train,3.93109397132671,3.93230397938896
Train,4.04108396939694,4.04164037030205
Train,4.14623581497797,4.1473467568394
Train,4.24703279551337,4.24811259157286
Train,4.34373995773457,4.34547739715708
Train,4.43675927405157,4.4379431314228
Train,4.52599357082417,4.52649146030308
Train,4.61181503568939,4.61334553172856
Train,4.69441578427859,4.69482218720077
Train,4.77397377833914,4.77472956530255
Train,4.85078481946625,4.8512678168845
Train,4.92473623450318,4.92505656306821
Train,4.99610622931943,4.99607232849667
Train,0.997575222013758,0.998113346351602
Train,1.16186758910368,1.16209646494099
Train,1.32074799826293,1.32039328463361
Train,1.47366138911936,1.4733640214472
Train,1.62172490413065,1.62228614743799
Train,1.7644018410866,1.76420420322393
Train,1.90271667770345,1.90337764881042
Train,2.03615169078058,2.03594049959429
Train,2.16530458872005,2.16602856962345
Train,2.29071273714249,2.290375499324
Train,2.4118870891156,2.41192121484346
Train,2.52966583099353,2.52962723484234
Train,2.64357876846181,2.64326408785928
Train,2.75410785744556,2.75451532220541
Train,2.86168895070688,2.8612877227315
Train,2.96587925882376,2.96609819833611
Train,3.0673778286487,3.06751509089008
Train,3.16575941829679,3.16552106545714
Train,3.26167710851068,3.26136450578633
Train,3.35472254747568,3.35433642536373
Train,3.11903672464875,3.11734761445041
Train,3.26469583275668,3.26378279942219
Train,3.4027201251646,3.40213650907754
Train,3.53415755936693,3.53340082612704
Train,3.65924732761896,3.65871311704177
Train,3.77822795870944,3.77779626832853
Train,3.89193758405085,3.89110942657135
Train,4.00033447689783,3.99991408947244
Train,4.10414919275386,4.10327146049167
Train,4.20349002559976,4.20303225193129
Train,4.29847163878961,4.29674093617359
Train,4.38969750662139,4.38913082240106
Train,4.47723057370719,4.47613421975257
Train,4.56114162020212,4.56095976469805
Train,4.64193705712467,4.64030283349712
Train,4.71951117742665,4.71852121829215
Train,4.79431800787612,4.79345571013982
Train,4.86637477917787,4.86562119444352
Train,4.93570706635376,4.93474843504009
Train,5.00270422355668,5.00164091549232
Train,2.16876670265954,2.1689859813232
Train,2.43537916696171,2.43532678975316
Train,2.67931790010512,2.67916245683227
Train,2.90292346700431,2.90287583690952
Train,3.10903604531345,3.10882898133059
Train,3.29926082160365,3.29926901411818
Train,3.47570979101645,3.47564893485833
Train,3.63950735375726,3.63945041590341
Train,3.79226492423301,3.7922103007586
Train,3.93478337966086,3.93484294560767
Train,4.0683197627375,4.0682803467862
Train,4.19345188202423,4.19342104653697
Train,4.31117944973751,4.31116926690083
Train,4.4219232426661,4.42195565460861
Train,4.52649190421331,4.52640626636276
Train,4.62519368350649,4.62526136595625
Train,4.71869254049011,4.71869875070479
Train,4.80721484657521,4.80717361626375
Train,4.89131307272175,4.89127703360646
Train,4.97115322691084,4.97117519913445
Train,2.12940269889565,2.13013489857985
Train,2.35953685250925,2.35987677620506
Train,2.57652258375496,2.57661714171991
Train,2.78192907181291,2.78242078572657
Train,2.97643410182638,2.97656489166184
Train,3.16066994155131,3.1605576565853
Train,3.33583370480199,3.3361896320821
Train,3.50219360252866,3.50221344468446
Train,3.6607639709942,3.66094164938477
Train,3.81190399768766,3.8121036110424
Train,3.95595681914466,3.95578613554972
Train,4.09372879004296,4.0939115682304
Train,4.22546880089746,4.22568115032118
Train,4.35141812517153,4.35138481432659
Train,4.47223072861984,4.47255259487793
Train,4.58794513229911,4.5879633051627
Train,4.69913564763078,4.69919093996577
Train,4.80593807049328,4.80589872839482
Train,4.90848769987926,4.90855170377836
Train,5.00726329210842,5.00728108534531
Train,2.13549878782615,2.13565183496758
Train,2.36261445382408,2.36257123480027
Train,2.57706670235827,2.5773461344761
Train,2.78036122066628,2.77996925368279
Train,2.97289495250553,2.97276233113371
Train,3.15592876567196,3.1558523145759
Train,3.32974047258084,3.32934301694695
Train,3.49539823950988,3.49433280348603
Train,3.6532770662603,3.65297643128724
Train,3.80373540381063,3.80310884550272
Train,3.94762223590932,3.94672379258554
Train,4.08503514632217,4.08485251334059
Train,4.21671091636138,4.21540444436687
Train,4.34285280547558,4.34193138253613
Train,4.46366010513296,4.46310333994188
Train,4.57973738250479,4.57927022015792
Train,4.69109415890515,4.6905841445805
Train,4.79826506057782,4.79771104253814
Train,4.90123842129323,4.90071399429871
Train,5.00049004351434,4.99896953174175
Train,3.43233189858258,3.43009442900438
Train,3.54297691166042,3.54146277192194
Train,3.6494692081052,3.64835257989034
Train,3.75222680270983,3.74981681113786
Train,3.85107875250637,3.84433229305432
Train,3.94641845689116,3.9450285949606
Train,4.03842983551685,4.03550953880404
Train,4.12728418700284,4.12597436269789
Train,4.21329931753722,4.21164847570253
Train,4.29630304238441,4.29357898941453
Train,4.37659828816552,4.37262889095655
Train,4.45431549648567,4.45219200848078
Train,4.52971557309727,4.52824830638929
Train,4.60263141578898,4.60064376808441
Train,4.67331378365666,4.67070829365912
Train,4.74186374861585,4.73996047168475
Train,4.80837637476763,4.80632536926714
Train,4.87306029240632,4.87188086058086
Train,4.93575814948735,4.93390462711614
Train,4.99667216970627,4.9950287214815
Train,3.80276334554978,3.80187613746602
Train,3.88462691319972,3.88336623745636
Train,3.96379935970237,3.96388503353228
Train,4.04075597172001,4.03771020185741
Train,4.11542037466245,4.1152988253707
Train,4.18773080868589,4.18784763347139
Train,4.25811235670846,4.25769028449577
Train,4.32648713053531,4.32693118712996
Train,4.39279050206204,4.39212828902964
Train,4.45740500969366,4.45798167175235
Train,4.52025268608374,4.51956309781963
Train,4.58140502264334,4.58127643587432
Train,4.64079591398827,4.64045771456585
Train,4.69876056352692,4.69664789752642
Train,4.75522235865604,4.75560084515746
Train,4.81011527592982,4.80926189023376
Train,4.8637446498106,4.86391403778907
Train,4.91603558359532,4.91550097853906
Train,4.96692281636916,4.96683756983111
Train,5.01668570127464,5.01661448199593
Train,3.80580373453581,3.80676420962482
Train,3.88786162856758,3.88869985210113
Train,3.96716955468882,3.96699930612886
Train,4.04421005131988,4.04560948945073
Train,4.11891007174364,4.11815261377342
Train,4.19121132764483,4.1924308659618
Train,4.26154415830862,4.26095226454709
Train,4.32983334757356,4.33069540932411
Train,4.39601706843497,4.39560322757825
Train,4.46048160205608,4.4607025258083
Train,4.52315118130179,4.52386938621203
Train,4.5840997450206,4.58404238318326
Train,4.6432633676977,4.64266754317941
Train,4.7009795145738,4.70152740891353
Train,4.75717333648196,4.75707843342389
Train,4.81178066296121,4.81145101322545
Train,4.86510827234475,4.86532181757138
Train,4.91708280168147,4.91689557482096
Train,4.96764059775644,4.96735503587479
Train,5.01706182334771,5.01631972314499
Train,-0.289166347486342,-0.288491915212944
Train,-0.038635989254015,-0.0386303522973321
Train,0.198987934421492,0.199303238532593
Train,0.423730775442445,0.422675661404355
Train,0.637059907039239,0.638444436459395
Train,0.840250342291749,0.840130629570922
Train,1.03319354113932,1.03376308489533
Train,1.21703207455347,1.21595573962622
Train,1.39276554449284,1.39317971354831
Train,1.56021030850831,1.56049419398187
Train,1.72027629928379,1.71996548565221
Train,1.87344074150816,1.87350608332054
Train,2.020450721041,2.02090317467446
Train,2.16107407838061,2.16055313809193
Train,2.29600276321256,2.2958440844086
Train,2.42585011658558,2.42663122517843
Train,2.55036964780297,2.54965579783311
Train,2.67013560427102,2.67009669231993
Train,2.78565940191339,2.78558920511568
Train,2.89669098080092,2.89793614950759
Train,1.46654665383069,1.46559929479554
Train,1.60487607548111,1.60578013160921
Train,1.73837542115043,1.73777243213408
Train,1.86729332905194,1.86664675653446
Train,1.99186165972811,1.99173475685893
Train,2.11264317866532,2.11312587581415
Train,2.22913643824374,2.22906338059693
Train,2.34188882264016,2.34133958596067
Train,2.45107767694597,2.45100310722773
Train,2.55686931068677,2.55722746843094
Train,2.65941984305435,2.65890655703333
Train,2.75887597162545,2.75895215721539
Train,2.85537567252784,2.85509143744275
Train,2.94904883908154,2.94923104780173
Train,3.04001786513155,3.04006571289574
Train,3.12865291298487,3.12865630346641
Train,3.21454636739516,3.2143129906035
Train,3.29806327362749,3.29800009699829
Train,3.37930091927607,3.37935266277782
Train,3.45835135326626,3.45821302345212
Train,1.26401216555,1.26402537490503
Train,1.40422897999426,1.40454341496661
Train,1.5397028599546,1.53954580300342
Train,1.67067045279697,1.67140530373945
Train,1.79735292016857,1.79727534410995
Train,1.92030988935585,1.92104440655385
Train,2.03901867514578,2.03876425375347
Train,2.15402530432285,2.15396113412135
Train,2.2655003058233,2.26617212039491
Train,2.37360389374036,2.37343904362569
Train,2.47848673560325,2.47877393922317
Train,2.58029065299588,2.58084752800278
Train,2.67914926136628,2.679466191541
Train,2.77518855509646,2.77487750699584
Train,2.86852744321989,2.86901107589802
Train,2.95953990433454,2.95964556672334
Train,3.04780167532275,3.04794527527702
Train,3.13368225524882,3.13380645931466
Train,3.21727672383665,3.21755279251011
Train,3.29867516532052,3.2993872291845
Train,3.87900242188409,3.87766157162696
Train,3.93759949513966,3.93748834181315
Train,3.99495743347672,3.9931298522024
Train,4.05142191865217,4.05063998466358
Train,4.10686211753859,4.10698394714564
Train,4.16130565099826,4.16106468738144
Train,4.21463355556371,4.21421109335643
Train,4.26716528716114,4.26696454145713
Train,4.31877741502651,4.31716532842984
Train,4.3694938770694,4.36902057784755
Train,4.41920202843064,4.41951818807502
Train,4.4681980188624,4.46799013448981
Train,4.51636529558682,4.5163221337898
Train,4.56372470746795,4.56331724347183
Train,4.61016952671442,4.61049522927715
Train,4.65597509431825,4.65506347158953
Train,4.7010312444799,4.70148278480337
Train,4.74535621961414,4.7455034159575
Train,4.78884882483664,4.78858898458202
Train,4.83176574170551,4.83206237861305
Train,3.78704646554857,3.78685313495225
Train,3.86521842768102,3.86497702744236
Train,3.94153198296837,3.94162606959071
Train,4.01605262366938,4.01585216871172
Train,4.0888428004159,4.08907716176327
Train,4.15996209676235,4.15969699661946
Train,4.22946739185135,4.22921413864242
Train,4.2974130121289,4.29769553241204
Train,4.36385087295954,4.36352288695343
Train,4.42883061091743,4.42918089701561
Train,4.49226563380934,4.49218259354166
Train,4.55447239490796,4.55414017265139
Train,4.61535737682637,4.61593678232748
Train,4.67496226475994,4.67456518120889
Train,4.73332700929397,4.73330477385025
Train,4.79048991570074,4.79046904837378
Train,4.84648772777645,4.84654018145375
Train,4.90135570660357,4.90126049146056
Train,4.95512770459337,4.95444629713529
Train,5.00783623513536,5.00797688837338
Train,3.12613944878982,3.12644921201354
Train,3.26158071985582,3.26132835163298
Train,3.3917613131307,3.39258255569803
Train,3.51661005857919,3.51659528713571
Train,3.63680473185573,3.6380569676985
Train,3.7522567061369,3.75427258043783
Train,3.86357192718626,3.86509371114153
Train,3.97064944621926,3.9755127091521
Train,4.07403405143818,4.07474667202769
Train,4.17361633549054,4.17609487728259
Train,4.2698886334348,4.27122000146483
Train,4.36273599565,4.3634777765983
Train,4.45260546455716,4.45506688372552
Train,4.53937875372946,4.54124997500548
Train,4.62346355046167,4.62471231026575
Train,4.70473989989033,4.70561506618105
Train,4.78358109418154,4.78401733384089
Train,4.85986677020062,4.86011838522973
Train,4.93393999711208,4.9341102801227
Train,5.00568095185321,5.00568654126982
Train,2.87421438121072,2.87477554898214
Train,3.04263861807118,3.04354408683139
Train,3.20199389016095,3.20221819296057
Train,3.35299348434731,3.353289952458
Train,3.49627779711737,3.49622992527293
Train,3.63263018748448,3.63263636472038
Train,3.7621477064373,3.76239985103894
Train,3.88551887791609,3.8859881484932
Train,4.0031710801912,4.00316577570629
Train,4.11549296618303,4.11596116493092
Train,4.22283875250148,4.22313753389972
Train,4.32553195079798,4.32552688845317
Train,4.42386862423514,4.42410968582408
Train,4.51812023811989,4.51822560348228
Train,4.60853616250618,4.60874646092998
Train,4.69547839229914,4.69533794518065
Train,4.77888829283891,4.77900594023231
Train,4.85909910884228,4.85910093666462
Train,4.9362914227516,4.93643662169416
Train,5.01063247662664,5.01064996689092
Train,2.12884689355539,2.12995894061896
Train,2.36615130434783,2.36731508121738
Train,2.58919757435144,2.59031257228344
Train,2.79874171741578,2.79825286890627
Train,2.99643653980588,2.9965674478517
Train,3.18282153138155,3.18265902750863
Train,3.35925392062249,3.35826267817902
Train,3.52611746281569,3.52627234708416
Train,3.68435589729504,3.68532612536364
Train,3.83479802059246,3.83473136093016
Train,3.97766925495038,3.97761903622813
Train,4.11384744793386,4.11388566913229
Train,4.24348609288458,4.24338849544438
Train,4.36719093030841,4.36737704160259
Train,4.48549976718799,4.4857623528078
Train,4.59849094691884,4.59830437120399
Train,4.70677052103431,4.70764317165595
Train,4.81038194189409,4.81000816978485
Train,4.90985556970815,4.91036528745099
Train,5.00520853998989,5.00424712186214
Train,2.12168894142507,2.12186058402949
Train,2.35903646406905,2.35889068672259
Train,2.58169705379614,2.58145338979739
Train,2.79149847291344,2.790424031984
Train,2.98928432976782,2.98707384322915
Train,3.17605810615937,3.17105212916431
Train,3.3525010564956,3.34818036478828
Train,3.51985170461805,3.51699965587977
Train,3.67860271010408,3.67490416335932
Train,3.82940033264978,3.82752255841478
Train,3.97265383774693,3.97128193906246
Train,4.10924651280638,4.10719457434607
Train,4.23947406938949,4.23866529078441
Train,4.3637712919567,4.36271378714082
Train,4.48238999665366,4.48226154820804
Train,4.59598646652545,4.59648522389034
Train,4.70474058418434,4.7047156042463
Train,4.80895551525773,4.8093092512172
Train,4.90878800418509,4.90896246785996
Train,5.00474220750618,5.00477827964642
Train,2.12326987459695,2.12378779686696
Train,2.35046379035817,2.35061212177243
Train,2.56518125285028,2.56550158290702
Train,2.76882941117277,2.76885942017907
Train,2.96204914607699,2.96199764774428
Train,3.14543771658306,3.14579134680389
Train,3.32007644790049,3.31996170450293
Train,3.48640999199256,3.48645908781691
Train,3.64485797321563,3.64492153539686
Train,3.79627180097835,3.7963562549412
Train,3.94096423757318,3.94104932072514
Train,4.07937311764745,4.07954308561602
Train,4.21176588146603,4.21171696422243
Train,4.33878163210758,4.33885312261555
Train,4.46061869799635,4.46050771624869
Train,4.57746977514261,4.57756875935956
Train,4.68986088903145,4.68969017143536
Train,4.79793360765224,4.7979565258247
Train,4.90182736363478,4.90186528561026
Train,5.00198165120171,5.00187201485824
Train,2.13145586051408,2.13199307219111
Train,2.34790586645907,2.34852371016677
Train,2.55420283454264,2.554266776031
Train,2.75104476816105,2.75139246918116
Train,2.9388644598026,2.93919292830469
Train,3.11865577712709,3.11914898498799
Train,3.29073674887468,3.29056247475819
Train,3.45559295003958,3.45565172050556
Train,3.61367002049273,3.61402607899799
Train,3.76537768774906,3.76630061797914
Train,3.91093582569427,3.91102545360991
Train,4.05101357899951,4.05104767702142
Train,4.18576875207896,4.1859457675564
Train,4.31549905458074,4.31556573426133
Train,4.44048040000646,4.44061189072454
Train,4.56096886455336,4.56108441349352
Train,4.67707654705726,4.67712701974233
Train,4.78928103420043,4.78928043543783
Train,4.89765824893007,4.89764753288546
Train,5.00240072877263,5.00246795177736
Train,2.11609585494351,2.11710786661206
Train,2.35799736935475,2.35815668457508
Train,2.58453388305162,2.584576126108
Train,2.79712425641571,2.79726094510261
Train,2.99701786962423,2.99731920862541
Train,3.18531919401391,3.18505836025361
Train,3.36300820905686,3.36320541357782
Train,3.53095746195695,3.5309477020528
Train,3.6899463967891,3.69045752713282
Train,3.84067344979145,3.84046840170049
Train,3.98360580835531,3.98426157305585
Train,4.11963797271371,4.11926970541754
Train,4.24911218798108,4.24975897678814
Train,4.37249151866849,4.37228907975805
Train,4.49019643512087,4.49010266946425
Train,4.60260960086398,4.60265119395626
Train,4.7100800284612,4.70987926527596
Train,4.81292669897145,4.81287448716466
Train,4.91144172407944,4.91140788674966
Train,5.00589311692319,5.00589390827372
Train,3.83902217308907,3.83924712054068
Train,3.91331960759849,3.91300324222175
Train,3.98596978649989,3.986361058287
Train,4.05667613975288,4.05627374532924
Train,4.12585677430994,4.12607192531868
Train,4.19322625011142,4.19306736576254
Train,4.2591800775171,4.25937253449229
Train,4.32344344091015,4.32344835408367
Train,4.38639107183842,4.38618035341642
Train,4.44775828960431,4.44796501625387
Train,4.50790067311738,4.50779394730125
Train,4.56656320519221,4.56677405835944
Train,4.62408377132825,4.62358831352321
Train,4.68021656581554,4.68019371723858
Train,4.73528309397901,4.73540169258195
Train,4.78904632954425,4.78891325851146
Train,4.84181258278146,4.84214579253967
Train,4.89335319497542,4.89321555394417
Train,4.94396035365885,4.94376665427626
Train,4.99341337579618,4.99339058695841
Train,2.12932433413457,2.12736957722154
Train,2.36688147086949,2.3664666814293
Train,2.58984757480893,2.58926454401808
Train,2.79952688894545,2.79883092904493
Train,2.99707271127515,2.99552746790505
Train,3.18330224037153,3.18200459890795
Train,3.35955095901933,3.35729827082469
Train,3.52641499522416,3.52568404655904
Train,3.6846244673844,3.68352320575286
Train,3.83483567173847,3.83363743201335
Train,3.97764018252018,3.97655596288314
Train,4.11357263835793,4.11284776392858
Train,4.24311743099134,4.24166936313486
Train,4.36671447269685,4.3657451656436
Train,4.48476418714616,4.48400074300662
Train,4.59750611052085,4.59637208624918
Train,4.70553093946844,4.70243193531132
Train,4.80901307310064,4.8078821862764
Train,4.90823315687631,4.90693685596489
Train,5.0034491851954,5.00154096948245
Train,2.12495028001534,2.12614602769827
Train,2.36374329707051,2.36354597755417
Train,2.58770839833069,2.58832923176669
Train,2.79818510973865,2.79870744811342
Train,2.99657923720489,2.99589716592527
Train,3.18348098598039,3.18389154435135
Train,3.36005944702231,3.3594582013684
Train,3.52714692575984,3.52334564351258
Train,3.68548859742229,3.68450517636666
Train,3.83575361782611,3.83560582945574
Train,3.97870591550919,3.97677510968424
Train,4.11455917615633,4.11237492906366
Train,4.24397555506753,4.24283553907662
Train,4.36740194524148,4.36568424386496
Train,4.48524480683546,4.48511210271681
Train,4.59787463874721,4.5954556890174
Train,4.70575202577669,4.70592533738818
Train,4.80893729039859,4.80779756066113
Train,4.9078420789771,4.90739979248247
Train,5.00272733223452,5.00148889169941
Train,3.80651519897803,3.8058308531472
Train,3.88807078252951,3.88747604272794
Train,3.96713069035404,3.9669909025979
Train,4.04364321071277,4.04322851559118
Train,4.11804840206236,4.11775671245414
Train,4.19027658152484,4.18982196860816
Train,4.26042191684389,4.26004953994561
Train,4.32857322192667,4.32848661633398
Train,4.39467203400802,4.39438642955793
Train,4.45908605583843,4.45866616911007
Train,4.52174380642785,4.52145239999663
Train,4.58271614777852,4.58246405645332
Train,4.6419425810658,4.64187413346372
Train,4.69974521040031,4.69974155691671
Train,4.75605328519805,4.7558267242166
Train,4.81092403082604,4.81057526578661
Train,4.86441178798037,4.86417145649466
Train,4.91645597281461,4.91614981498788
Train,4.96733286268282,4.96715305587713
Train,5.01697410883087,5.01651479218344
Train,3.80728206211371,3.8065351692785
Train,3.88842073279314,3.88822027545757
Train,3.96712075845751,3.96698069992999
Train,4.04349045262832,4.04339374266419
Train,4.11778959936226,4.11762337770051
Train,4.18979423712496,4.18971239902021
Train,4.25975752844971,4.25958427031583
Train,4.32776506890379,4.32775681684507
Train,4.39389773454921,4.39388224602953
Train,4.45823200279573,4.45807354754652
Train,4.52097365260648,4.52094420540743
Train,4.58192090706111,4.5819103018548
Train,4.64127577629868,4.64123867937087
Train,4.69909986258143,4.69905171184655
Train,4.75545163113625,4.75552313244407
Train,4.81038660733243,4.81038992432877
Train,4.86407182365417,4.86399892930058
Train,4.91632614568077,4.91631927889102
Train,4.96731447182039,4.96745933884085
Train,5.01708225944127,5.01693383244128
Train,2.122132055305,2.12361741940549
Train,2.36916131608526,2.36921334490762
Train,2.59930353707909,2.6019431896857
Train,2.81472191749938,2.81683748643627
Train,3.01632638848282,3.01717921185627
Train,3.20583532514127,3.20769736831426
Train,3.38389914390656,3.38636608105298
Train,3.55190698314483,3.55317530946559
Train,3.71050605209104,3.71136906851461
Train,3.86029396742171,3.86080985394074
Train,4.00230941877655,4.0025516154783
Train,4.13683382320392,4.13757906473256
Train,4.2647370996202,4.26466349558541
Train,4.38635685171037,4.38577929636085
Train,4.50201236869135,4.50202437259213
Train,4.61238469461506,4.61249029629471
Train,4.71758596168047,4.71747291347492
Train,4.81820196999331,4.81803270211822
Train,4.91430499582718,4.91423153720098
Train,5.00640340298282,5.00612073090451
Train,2.12283645584247,2.1230015479523
Train,2.36007090439505,2.35981598072976
Train,2.58286729539039,2.5827518232727
Train,2.79225542179532,2.79175085272436
Train,2.98988040521396,2.98965560733268
Train,3.17648371349875,3.17584453438394
Train,3.35296236216991,3.3527250989755
Train,3.52011859778538,3.5196190314964
Train,3.67848277949649,3.67822699003227
Train,3.82909036340494,3.82889159694241
Train,3.97232605035136,3.9720648352195
Train,4.10871816641636,4.10807923687753
Train,4.23859009636088,4.23814211636636
Train,4.36269545702973,4.362104312273
Train,4.48126764986463,4.4811357833496
Train,4.59466864550904,4.59422877463658
Train,4.70322951570088,4.70292404152497
Train,4.80712884133085,4.80631116993027
Train,4.90689988168367,4.90676334969976
Train,5.00266867204802,5.00221657026486
Train,3.4258078853734,3.42621959224925
Train,3.46669307564727,3.46636294196287
Train,3.50726152086697,3.50795567829482
Train,3.54715024630265,3.54709132086646
Train,3.58655544907872,3.58647655235109
Train,3.62566418507938,3.62604799938708
Train,3.66412622032491,3.66435681021539
Train,3.70230445245403,3.70204897594522
Train,3.73985678163678,3.74009269657108
Train,3.77696732230424,3.7770801692277
Train,3.8138118482927,3.81363398689427
Train,3.85005993548612,3.85016026439916
Train,3.8858889841592,3.88613122229435
Train,3.92146848965713,3.92138578076992
Train,3.95647912068525,3.95637872665975
Train,3.99125052323192,3.99173379208878
Train,4.02547046154487,4.0247755870223
Train,4.0593059390152,4.05959981747219
Train,4.09291671518999,4.09289364086726
Train,4.12600075798107,4.12600623358594
Train,3.80635286570417,3.80557755394693
Train,3.88803823971042,3.88787362222502
Train,3.96720059662091,3.96727698657924
Train,4.04411655704676,4.04327101103991
Train,4.11856652379885,4.1183591265908
Train,4.19081884417673,4.19120605709031
Train,4.26096940951611,4.26036275505612
Train,4.32910861234492,4.32917900903703
Train,4.39546121217612,4.39530637396456
Train,4.45982492227979,4.45962134720321
Train,4.52241933920705,4.5221796704318
Train,4.58331642795063,4.5832708950511
Train,4.64270924600566,4.64281809936438
Train,4.70040914821605,4.70044818880342
Train,4.75660563733541,4.75669454123999
Train,4.81135671649584,4.811479613556
Train,4.8647174429583,4.86464425037411
Train,4.91684987569653,4.91686742670572
Train,4.96758149327971,4.96768536757008
Train,5.01707213255279,5.01689171948601
Train,2.11989751072107,2.12161765991914
Train,2.35242041142136,2.35319609945509
Train,2.57161454849247,2.57219574529518
Train,2.77837437334599,2.77917694470307
Train,2.97414429498144,2.97474862236049
Train,3.15958043294359,3.16042364214081
Train,3.33547995637601,3.33651109560378
Train,3.50256009628174,3.50349547015503
Train,3.6612986784715,3.66199359835809
Train,3.81262745048163,3.81323701007568
Train,3.95689932860896,3.95751806555927
Train,4.09459669028098,4.09522288098378
Train,4.2260184974925,4.22679306597638
Train,4.3518527570029,4.35267128032865
Train,4.47231947569886,4.47292399230355
Train,4.58775491567232,4.58905819313441
Train,4.69846782566558,4.69880086833655
Train,4.80462850173758,4.80487563282077
Train,4.90673043199547,4.90688609905919
Train,5.00489673882123,5.00494040390913
Train,2.12610031651882,2.12748505941636
Train,2.35566929304389,2.35565693154786
Train,2.57269921923504,2.57301433980683
Train,2.77774545185462,2.77792234715162
Train,2.97219472666659,2.97276671774671
Train,3.1564477024956,3.15632379630915
Train,3.33166562328908,3.33192190309637
Train,3.4981351671716,3.4980346120974
Train,3.65666761488349,3.65685474134443
Train,3.80798179269646,3.80777679628227
Train,3.95224548285089,3.95235154516922
Train,4.09024016583838,4.09050549258609
Train,4.22207832124006,4.2221673975946
Train,4.34830030118167,4.34857085237672
Train,4.46938937073266,4.46954950373765
Train,4.58539909567401,4.58550367619682
Train,4.69688536710317,4.69668326027022
Train,4.80387390334524,4.8040798324073
Train,4.90685601471269,4.90699150239743
Train,5.00583615499794,5.00591432426154
Train,3.12498922093813,3.12528139496499
Train,3.25775809046625,3.25739971242729
Train,3.38561382311721,3.38589782651979
Train,3.5088241819059,3.50911804854695
Train,3.62763781977791,3.62731536985666
Train,3.74213332437832,3.74310206725931
Train,3.85283645428167,3.85336344214738
Train,3.95978980346664,3.96002083984422
Train,4.06318072007727,4.06433605126222
Train,4.163184276214,4.1642041955638
Train,4.2599642572173,4.26029603645657
Train,4.35367405680106,4.35423420724692
Train,4.44445748832653,4.44479477230561
Train,4.53244952124125,4.53293236418904
Train,4.61777695061478,4.61866185886902
Train,4.70044850677974,4.70173002801312
Train,4.7808006351125,4.78104743026415
Train,4.8588251926334,4.85916408136109
Train,4.93462187004641,4.93475559938088
Train,5.00828474513783,5.00854091973088
Train,4.42390794963588,4.42384078778196
Train,4.46697631783282,4.46668910951848
Train,4.50925459024382,4.50926915994205
Train,4.55076431089625,4.55071087171382
Train,4.59152624760039,4.5912794465039
Train,4.63143643314661,4.63138067783439
Train,4.67076435640498,4.67049822755143
Train,4.70940242199662,4.70939884540712
Train,4.74736862347034,4.74732093951025
Train,4.78468033400134,4.78455293927254
Train,4.82135433289893,4.82139098679181
Train,4.85740683076662,4.85717079899405
Train,4.89285349339383,4.89288221823881
Train,4.9277094644531,4.92747557720213
Train,4.96198938707212,4.9619231052493
Train,4.99560291635719,4.99563784343627
Train,5.02877446304548,5.02866605244344
Train,5.06141104680405,5.06134961905627
Train,5.09352550526689,5.09359639782269
Train,5.12513026857055,5.12466799319009
Train,3.88016110686573,3.88175411096017
Train,3.95536563569093,3.95585568882234
Train,4.02833756226135,4.02897780685453
Train,4.09917485156568,4.09968924782152
Train,4.16781139556268,4.1690277131529
Train,4.23465558184553,4.23522095368753
Train,4.29962651764113,4.30029819153424
Train,4.36280185916166,4.3635649726275
Train,4.42425502877288,4.42482020414172
Train,4.48405549965283,4.48470261622424
Train,4.54213484531608,4.54246857222461
Train,4.59882732288789,4.5999321858726
Train,4.65405421051519,4.65430433491929
Train,4.70787161469405,4.70837245080111
Train,4.76033281414033,4.76075236400357
Train,4.81148843572382,4.81206706948797
Train,4.86127146244878,4.86159091354057
Train,4.90996078374859,4.91002786622994
Train,4.95748196854741,4.9575737527266
Train,5.00387655679908,5.00371730489496
Train,2.12769317906464,2.12784901555278
Train,2.36390161415898,2.36319871766682
Train,2.58562185762895,2.58556140496512
Train,2.79464475158075,2.79424679232034
Train,2.99179519351995,2.99194538144002
Train,3.17805677825856,3.17723447277967
Train,3.35409691643887,3.35510561229603
Train,3.52113335560815,3.5207738520694
Train,3.67964974095875,3.6799902567509
Train,3.83028173636688,3.83007213719247
Train,3.97343171348775,3.97258446041087
Train,4.10997046470525,4.10930921667023
Train,4.24018928780956,4.23993091845114
Train,4.36451705028823,4.3639284316705
Train,4.4832020946795,4.48271489077888
Train,4.59689276717836,4.59664711901132
Train,4.70576682712876,4.70493949649244
Train,4.81012401562257,4.80970605396942
Train,4.9101193604267,4.90973890095484
Train,5.0062517405904,5.00558111405189
Train,2.12650841334914,2.1263296247198
Train,2.36434938779084,2.36434340313281
Train,2.58759476286287,2.58757503093875
Train,2.79733935638551,2.79724414317752
Train,2.99516529710068,2.99489558515052
Train,3.18187422137519,3.18154274316112
Train,3.35837761522866,3.35856631365095
Train,3.52548997165255,3.52511406415215
Train,3.68378321289555,3.68414048522027
Train,3.83423782109083,3.83423433640564
Train,3.97727881422506,3.97720177485098
Train,4.11344097288535,4.11347707523237
Train,4.243079010143,4.24316631266629
Train,4.36689858265792,4.36639056414424
Train,4.48516417688475,4.485154552116
Train,4.59824128467914,4.59826100953796
Train,4.70646401692559,4.70643476318946
Train,4.81003440688476,4.81013137642731
Train,4.90944551216138,4.90955354842663
Train,5.00484702838629,5.00470583725473
Train,2.13783291267389,2.13787737414532
Train,2.37395814931301,2.37415473970032
Train,2.5960497672077,2.59631379074563
Train,2.80488507339801,2.80509808626812
Train,3.00182261398242,3.00221393410902
Train,3.1880461009014,3.187151356713
Train,3.36403695641809,3.36409499726142
Train,3.53096607137094,3.53129605311551
Train,3.6891828863548,3.68896063604552
Train,3.83950998918753,3.8397735213839
Train,3.9826736898442,3.98283578985502
Train,4.11888698121908,4.11872186449182
Train,4.24878067232548,4.24884863635452
Train,4.37291532114759,4.3722292481616
Train,4.49141543921868,4.49180833980063
Train,4.60489522090665,4.60514339703514
Train,4.71343769892355,4.71383403235814
Train,4.81746794767962,4.81754203095625
Train,4.91736706323598,4.91721109686114
Train,5.01317359845264,5.0133175692863
Train,2.12973519737458,2.13297813507234
Train,2.34693223809566,2.34810853056842
Train,2.5537827245844,2.55559097848527
Train,2.75100877109727,2.75183846742584
Train,2.93926682188742,2.94072075837539
Train,3.11894251808914,3.1198186110305
Train,3.29101591273333,3.29279625938943
Train,3.45576441896453,3.45746532126941
Train,3.61364600247671,3.61424317245837
Train,3.76508123119673,3.76661870600219
Train,3.91045701631707,3.91142743072851
Train,4.05012991306222,4.05100986033722
Train,4.18442904047433,4.18553480340415
Train,4.31365867055238,4.31476671179553
Train,4.43810052961983,4.43974036769214
Train,4.55787365416001,4.55888891522773
Train,4.67351003348212,4.67392634887074
Train,4.78508771463573,4.78511620628706
Train,4.89281669543899,4.89276299317498
Train,4.99689273222612,4.99671375535036
Train,2.12944251813937,2.13121882405176
Train,2.36258742963163,2.36392145664286
Train,2.58217601405236,2.58260467043874
Train,2.78935722718863,2.79002136361305
Train,2.98494380580783,2.98530138603383
Train,3.17028002028445,3.17028190259953
Train,3.34596214273818,3.34606704276666
Train,3.51272534272185,3.51275659582461
Train,3.67123199237962,3.67177423802787
Train,3.82208045938805,3.82198390035046
Train,3.96565791946239,3.9659498596593
Train,4.10277285462389,4.10306676812615
Train,4.23371064372566,4.23387525098951
Train,4.35887951977772,4.35912799468133
Train,4.47865251894029,4.47896337149723
Train,4.59337119372083,4.59365274542506
Train,4.70323011432451,4.7037574155147
Train,4.80875949195975,4.80837616897043
Train,4.91010062783055,4.91018572352186
Train,5.00749800435924,5.00738591491972
Train,2.13127603328011,2.13102631076254
Train,2.36007196669116,2.36003290856024
Train,2.57639609124244,2.57605890433842
Train,2.7807862072374,2.78039586389423
Train,2.97441846338933,2.9742802694891
Train,3.15812042375489,3.15816428276594
Train,3.3328313478764,3.33222952396318
Train,3.49882509191766,3.49887281569318
Train,3.65691426441176,3.65640877022815
Train,3.80765035442331,3.80748897590092
Train,3.95169541278685,3.95110973687406
Train,4.08917776891722,4.08937739804242
Train,4.22068270555645,4.2203928383351
Train,4.34659175548018,4.3463583128505
Train,4.46738968179708,4.46690892081824
Train,4.58312216995324,4.58304482257518
Train,4.69422551729655,4.69385331541707
Train,4.80097201707506,4.80088089739365
Train,4.90372806329322,4.90328384975874
Train,5.00249164357716,5.0022043515055
Train,3.74212698727728,3.74279867761652
Train,3.82795253145181,3.82790606763956
Train,3.91111746774402,3.91212556778919
Train,3.99174362677898,3.99190566098696
Train,4.06980286768288,4.07013869398361
Train,4.14569239525475,4.14454464210939
Train,4.21936661936617,4.22004209860097
Train,4.29092114552115,4.29089511773054
Train,4.36044615586632,4.36116168617446
Train,4.42802678837315,4.42783132616387
Train,4.49362346226042,4.49351729258342
Train,4.55755553008452,4.55746016023113
Train,4.61977157804481,4.62023315560873
Train,4.68033978149179,4.67998337365134
Train,4.73932475161255,4.73929434565798
Train,4.79678776534111,4.7970568967794
Train,4.85268459388378,4.85243141630781
Train,4.90727779343434,4.90733858407111
Train,4.96051481179055,4.96049450561623
Train,5.01244556349468,5.01210721652023
Train,2.06775960739239,2.06957215783768
Train,2.33537302512907,2.33620380005959
Train,2.58183561670268,2.58259440870097
Train,2.80905400802637,2.81020163086578
Train,3.01943123996932,3.02033461791871
Train,3.21477277353868,3.21527560858158
Train,3.39683788380617,3.39847717572047
Train,3.56655596424399,3.56764041032147
Train,3.72531913927744,3.72605266124083
Train,3.87415491757298,3.87556330204461
Train,4.01412292998609,4.01511686310914
Train,4.14569727085948,4.14655616605887
Train,4.26975007183713,4.27055926530375
Train,4.38690837155735,4.38828827152611
Train,4.49785604627757,4.49910576482216
Train,4.60283765460804,4.60367193304046
Train,4.7024338187161,4.70315971951641
Train,4.79704857653756,4.79705596994609
Train,4.88714803790167,4.88731549264048
Train,4.97285429252283,4.97308292801972
Train,2.82556355354427,2.82639484971878
Train,2.98792999332475,2.98780158804948
Train,3.14289600246491,3.14304887793332
Train,3.29095625920367,3.29103641931943
Train,3.43256231402501,3.43270640699484
Train,3.56812718943482,3.56802064404474
Train,3.69802940332793,3.6980718175837
Train,3.82261649849118,3.82241584774965
Train,3.94220814754943,3.94198716603569
Train,4.05709889176424,4.05727949805805
Train,4.16769251188528,4.16975164849646
Train,4.27397143696865,4.27531116547834
Train,4.37630544764867,4.37648509686551
Train,4.47491018573962,4.47484663882642
Train,4.56998585740224,4.56986896302624
Train,4.66171858996953,4.66172703491611
Train,4.75028164812387,4.75025755498791
Train,4.83583652614616,4.83578884022427
Train,4.9185339307239,4.91857777478435
Train,4.99851466690141,4.99846774352409
Train,2.12618448920161,2.12533941117726
Train,2.36018367315486,2.35990549889539
Train,2.58041070802632,2.57932718970915
Train,2.78804668782429,2.78669146890752
Train,2.98435252379794,2.97932203841265
Train,3.16983096420754,3.1670764658229
Train,3.34554291288489,3.34332721752799
Train,3.5122399734953,3.5105842781486
Train,3.67059855665392,3.66491003727424
Train,3.82122905370021,3.81874872802655
Train,3.9648387757476,3.96029684883615
Train,4.10161128164104,4.09651920253236
Train,4.23216455446367,4.22882530398056
Train,4.35691335979793,4.35324766395206
Train,4.47623638388567,4.47358546092801
Train,4.59048007318574,4.58775691413757
Train,4.70008070678024,4.69724808258252
Train,4.80508769499449,4.80106398172575
Train,4.90589312878991,4.90343452192246
Train,5.00274423197138,5.00102425726072
Train,2.01551279585143,2.01550028969359
Train,2.29286043451065,2.29269358527017
Train,2.55001516212107,2.55010493586087
Train,2.78910480283114,2.78929492782845
Train,3.01217090119193,3.01224015175467
Train,3.22039290160047,3.22047839733204
Train,3.41538216713398,3.41552172419324
Train,3.59836128159368,3.59818123104196
Train,3.77040672102396,3.77045958580493
Train,3.93247004672183,3.93330221978977
Train,4.08553531602062,4.08548551252898
Train,4.23006702167173,4.23015123486039
Train,4.36688454474247,4.36685669073995
Train,4.49658943279684,4.49635176796801
Train,4.61972227348993,4.61978529155022
Train,4.73677022574812,4.736786798705
Train,4.84827573278228,4.84814526798073
Train,4.95442820875158,4.95452336568997
Train,5.05569703774393,5.05551686519539
Train,5.15241165704906,5.15229961914883
Train,2.32873264544486,2.32943953527138
Train,2.38449831992033,2.38464147686682
Train,2.43938170270433,2.4392269865566
Train,2.49340356810746,2.4934872490594
Train,2.54636139325193,2.54630835245916
Train,2.59872341108727,2.59894490456645
Train,2.65028237206533,2.65013622949482
Train,2.70105660987561,2.7009067327017
Train,2.75106390434794,2.75125068941998
Train,2.80032150221081,2.80059539856666
Train,2.84864290857491,2.84869644532955
Train,2.89645380998679,2.89648615653277
Train,2.94356368479989,2.94346948277962
Train,2.98998783898982,2.99010266685582
Train,3.03574113617102,3.03550121365697
Train,3.08083801346312,3.08143273240785
Train,3.12510625537951,3.12503871794615
Train,3.16893459849484,3.16892823675516
Train,3.21214736769743,3.21237554297841
Train,3.25475744125418,3.25591761264513
Train,3.56004569290789,3.56008412005758
Train,3.63981717515835,3.63955515279667
Train,3.71704564595918,3.71687663304328
Train,3.79215805722753,3.79201784756879
Train,3.86509031487225,3.86508782072633
Train,3.93579079456096,3.93582623176189
Train,4.00464221717891,4.00459276609763
Train,4.07144130508955,4.07136854456257
Train,4.13654506296769,4.13655390940403
Train,4.19988691351634,4.19990074018278
Train,4.26141096190037,4.26113103214448
Train,4.32144029626708,4.32156529476924
Train,4.3799083869084,4.38004537589586
Train,4.4367584420021,4.43676354689524
Train,4.49228431814828,4.49224719528866
Train,4.54630912005329,4.54642286364106
Train,4.59910940874723,4.59897058541537
Train,4.6506202378172,4.65075343800709
Train,4.7007850239268,4.70079199863176
Train,4.74985715319459,4.75013425707584
Train,2.2572648626249,2.25831775301049
Train,2.34607341327384,2.34648695460055
Train,2.43309478178628,2.43257245644418
Train,2.51785910581673,2.51837011547832
Train,2.60096223625691,2.60077863156403
Train,2.68195242850527,2.6820454926783
Train,2.76139612129789,2.76245053734965
Train,2.8388587499106,2.8385474169736
Train,2.91464596919438,2.91456687514074
Train,2.98904011874727,2.98916895305956
Train,3.06163075024979,3.06221706141514
Train,3.13291980817609,3.13275241913288
Train,3.20251191030356,3.20240476134495
Train,3.27067613539832,3.27141367739023
Train,3.33766190039194,3.33725742530805
Train,3.40309500042276,3.40332198368924
Train,3.46742347237164,3.46734593716246
Train,3.53028636105219,3.53081394907713
Train,3.59211258131978,3.59204543682426
Train,3.65255377507985,3.65236103259667
Train,2.12990039761091,2.13025809322789
Train,2.35479666087574,2.35476493878741
Train,2.56764181330797,2.5682273739767
Train,2.76978336194458,2.76983990404915
Train,2.96181638017785,2.96237397551886
Train,3.14429765023518,3.14463830012392
Train,3.31827101272817,3.31805832399914
Train,3.48415131556952,3.48441156209446
Train,3.6423315689734,3.64241317938286
Train,3.79363932600679,3.79375017276834
Train,3.93836736880642,3.93855454447112
Train,4.07693574886826,4.07696036380003
Train,4.20959600713684,4.20967185943664
Train,4.3369741436038,4.33693407471219
Train,4.45925625469796,4.45924017121797
Train,4.57662389961421,4.57658157756669
Train,4.68959485291794,4.68967694406456
Train,4.7983019584441,4.79838377159467
Train,4.9028766539762,4.90268503670086
Train,5.00375340276404,5.00376257719108
Train,2.12842946653502,2.12823672976083
Train,2.35910033691548,2.35905247551636
Train,2.57687133472544,2.57680007499584
Train,2.78239793936068,2.78240094977809
Train,2.97687224821104,2.97667329217074
Train,3.16134064482579,3.16145750009309
Train,3.33621728887425,3.3361951555562
Train,3.50255292155652,3.50233209707585
Train,3.66065175353165,3.66073144049733
Train,3.81125662124315,3.81120741117775
Train,3.95502734303515,3.95502105155538
Train,4.09215241056984,4.09203349146264
Train,4.22320927731757,4.22317903572912
Train,4.34871384122617,4.34841560743371
Train,4.46877805243446,4.46886718500173
Train,4.58397180285985,4.58395220942111
Train,4.69437060253124,4.69421970923941
Train,4.80037074780407,4.80031313915606
Train,4.90232916285204,4.90234609484833
Train,5.00028173544128,5.00007653636203
Train,2.12784567274977,2.1278972903965
Train,2.35484616147948,2.3543280607264
Train,2.56933435091723,2.56895065474237
Train,2.7727449088423,2.77285090467194
Train,2.96571083793611,2.96534270035409
Train,3.14901646046436,3.14962922455015
Train,3.32318559480437,3.32320397439616
Train,3.48923491637245,3.48907613951087
Train,3.64755187676198,3.64773497181523
Train,3.79866429193418,3.79907925463704
Train,3.94290038097987,3.94263736240464
Train,4.08101095571973,4.08125135072623
Train,4.21323798880881,4.21288578030362
Train,4.3399495995671,4.34013788952507
Train,4.46135511794328,4.46070882211643
Train,4.57802802580031,4.57807974741809
Train,4.69012076815346,4.68993763768958
Train,4.7978978547793,4.79790753840643
Train,4.90149381316999,4.90138125855447
Train,5.00135907815631,5.00087682111916
Train,2.4198740384319,2.41858844887975
Train,2.50139218192443,2.50116290917867
Train,2.58136051570873,2.58158467061367
Train,2.65937707085773,2.65678171664331
Train,2.73572919864248,2.73504606572533
Train,2.8106827113128,2.81109192607983
Train,2.88385745996966,2.88328192099652
Train,2.95572391030835,2.95587048391826
Train,3.02591557102342,3.02563460860983
Train,3.09468565130097,3.09512951402576
Train,3.16226916336365,3.16013622560058
Train,3.22831884874349,3.22769803968913
Train,3.29307031720138,3.29297393457819
Train,3.35674265710888,3.35606257762993
Train,3.41900646226232,3.41838726422066
Train,3.48025586699971,3.47979550862146
Train,3.54017266275737,3.54025473044749
Train,3.59896700316905,3.59915185251157
Train,3.65683488080912,3.65641975481776
Train,3.7134738918094,3.71191604084379
Train,2.42854043178117,2.42808273544506
Train,2.53900746604855,2.53958819714171
Train,2.64680584840788,2.64591850512443
Train,2.75158750287432,2.75228565632278
Train,2.85369247863248,2.8539334809866
Train,2.95343247890253,2.95302640306545
Train,3.05047765717715,3.05041334657653
Train,3.14533553120596,3.14566687529077
Train,3.23768791127301,3.23731165102799
Train,3.32782285607784,3.32820762677511
Train,3.4160054702483,3.41555253203114
Train,3.50193425021025,3.50202233649179
Train,3.58587160353833,3.58604627004024
Train,3.6680595687953,3.66746318584774
Train,3.74821236356141,3.74859528985689
Train,3.82673594672038,3.82649817048878
Train,3.9033544889321,3.90345168879867
Train,3.97829469540439,3.97792992793984
Train,4.05176640483454,4.05207683366825
Train,4.12350793647515,4.12262292200467
Train,3.74139660136355,3.74244694731533
Train,3.82753447976949,3.82788424367754
Train,3.91080843698549,3.91123622339728
Train,3.99166296106769,3.99156729028618
Train,4.07005395917321,4.07018385360789
Train,4.14594912086399,4.14600799308755
Train,4.21974341463277,4.22037582484336
Train,4.29125251104537,4.29167164190585
Train,4.36084287761804,4.36116178854354
Train,4.42846289161257,4.42908792490562
Train,4.49407113470028,4.49457442213316
Train,4.55799682903202,4.55838067059449
Train,4.62018625108409,4.6206481915433
Train,4.68059501580697,4.68086579214651
Train,4.73952057163948,4.73975871842413
Train,4.79679997804304,4.79702613752306
Train,4.85271203185112,4.85325784074303
Train,4.907201961366,4.90731236310603
Train,4.96022304544931,4.96058962191819
Train,5.01202926980227,5.01212923845742
Train,2.88911557643573,2.88955674866156
Train,3.05962748130459,3.05996203540053
Train,3.22047308152307,3.21998022181288
Train,3.3720631289335,3.37253321382741
Train,3.51554106395864,3.51532967315143
Train,3.65119283043496,3.65210150799612
Train,3.77997154483437,3.77963361945876
Train,3.90207275902964,3.90244314427764
Train,4.01830075138574,4.01829573565919
Train,4.12878494634839,4.1292275539854
Train,4.2342115099948,4.23415801047304
Train,4.33466110413301,4.33479679603988
Train,4.43072491929808,4.43074657983379
Train,4.52244744600113,4.52263069632318
Train,4.61034258453423,4.61038521959199
Train,4.69442789027478,4.69464715247886
Train,4.7751536771242,4.77547165984288
Train,4.85251740939255,4.8524854672869
Train,4.92691656631781,4.9270081026043
Train,4.99833363775753,4.99847108607719
Train,2.11698502778085,2.11568156897192
Train,2.34789472361745,2.34728957351035
Train,2.56563727722163,2.56515018596474
Train,2.77174753904404,2.77172217769839
Train,2.96671592425451,2.96606661978876
Train,3.15181768197495,3.15157867423841
Train,3.32740680896714,3.32713237034113
Train,3.4945559013555,3.494143535896
Train,3.65351794601538,3.65311223350727
Train,3.80520503511604,3.80500804991243
Train,3.94979465214421,3.94943750122547
Train,4.08807009533258,4.08772666016739
Train,4.2201519681196,4.21999953679551
Train,4.3467189871561,4.34641630437909
Train,4.46784863765661,4.46751829337154
Train,4.58413379296975,4.58405892049996
Train,4.69561909861594,4.69535615306813
Train,4.80282626612044,4.80256193705281
Train,4.90577485144478,4.90557930579598
Train,5.00492703790887,5.00442051725258
Train,2.0285747208774,2.02914430711826
Train,2.34161043339605,2.34185032600362
Train,2.62161281605078,2.62145251490801
Train,2.87402753936587,2.87428701458703
Train,3.10230512409291,3.1016616322122
Train,3.3101459755133,3.31046699609215
Train,3.49981375741039,3.49944325559409
Train,3.67392536081534,3.67417346199727
Train,3.83401158731738,3.83396361699852
Train,3.98198565608937,3.98180386571403
Train,4.11890814455753,4.11921739056925
Train,4.2462177259299,4.24616215164133
Train,4.36466349270322,4.36463821537473
Train,4.47535367181874,4.47497638773712
Train,4.57882541247595,4.57894763184959
Train,4.67595040343839,4.67608227320306
Train,4.76711825971212,4.76690179940488
Train,4.85302723982855,4.85318613628988
Train,4.93396224152703,4.93383768670537
Train,5.01049165501075,5.01040467164057
Train,3.83998478964401,3.83901473254809
Train,3.91735431805658,3.91754376535391
Train,3.99249765536527,3.99232722061788
Train,4.06565404850459,4.06573130673132
Train,4.13661985190469,4.13654221325123
Train,4.20562825988225,4.20599872215462
Train,4.27275915477953,4.27222078846171
Train,4.338088130555,4.33842116357846
Train,4.40181279025241,4.40167870173173
Train,4.46374568120263,4.46418309154978
Train,4.52408056070796,4.52406476366377
Train,4.58287848958547,4.58268428028532
Train,4.64031110479769,4.64115433105326
Train,4.69620341304164,4.69603677903797
Train,4.75072437417168,4.75086167305199
Train,4.80392384661809,4.80417722903439
Train,4.85584930079682,4.85570774153894
Train,4.90664655398535,4.90633397041529
Train,4.95615518841342,4.95638025950757
Train,5.00451933239256,5.00441973361012
Train,3.8413016720303,3.84105541816098
Train,3.91877116735842,3.9183918327617
Train,3.99385238120107,3.99384977441878
Train,4.06693453708367,4.06711753831405
Train,4.13795952610887,4.13784495167056
Train,4.20688026002873,4.20666484841058
Train,4.27404679753858,4.27414843061706
Train,4.33939923224341,4.33947512176019
Train,4.40288773185486,4.40250491116603
Train,4.4648288925544,4.46454011746391
Train,4.52516218105871,4.52509613919028
Train,4.58394940107347,4.58396691395683
Train,4.64113894360831,4.64091334041586
Train,4.69700986172568,4.69707347949225
Train,4.75150202410989,4.75065177316719
Train,4.80456347262778,4.80456920105644
Train,4.85644938898578,4.85650422545586
Train,4.90710056535766,4.90670573720126
Train,4.95646527679404,4.9561959614075
Train,5.004777820559,5.00369869720453
Train,2.53021971250433,2.53113849660076
Train,2.76895151406682,2.76906316823079
Train,2.98635448432316,2.98579819990846
Train,3.18553741246981,3.18595084213302
Train,3.36852679966304,3.36785730133124
Train,3.53706183927051,3.53720352179153
Train,3.69308345281889,3.69285996761755
Train,3.83766253096543,3.83714401659381
Train,3.97226711670387,3.97222984573818
Train,4.09777628737314,4.09774089680286
Train,4.21497087460185,4.21470015989325
Train,4.32485850597542,4.32477876572739
Train,4.42800401903014,4.42764632151011
Train,4.52491743115182,4.52501957454297
Train,4.61632041254969,4.61642078493242
Train,4.70250591207801,4.70194990280288
Train,4.78406325604814,4.78405934568946
Train,4.86128191328156,4.86111091604835
Train,4.93442940909931,4.93429841047327
Train,5.00395183231247,5.00358778156442
Train,2.1256789941219,2.1265072801325
Train,2.34147672774837,2.34146015308215
Train,2.54717971470107,2.54789609791987
Train,2.74388678450879,2.74327199245454
Train,2.93198044309296,2.93201362314358
Train,3.11201431559259,3.11228825815124
Train,3.28431688145789,3.28452148340875
Train,3.44971829454415,3.45006478898722
Train,3.60846017031838,3.60886206393116
Train,3.76093676996648,3.76092988606251
Train,3.90735972793643,3.90750447464234
Train,4.04837509909494,4.04851560874886
Train,4.18413580889384,4.18442786103697
Train,4.31493019219789,4.31514143453751
Train,4.44089482707496,4.44082448837435
Train,4.56254510741394,4.56254108872599
Train,4.67997665125368,4.68012694183926
Train,4.79340517192868,4.79313641498084
Train,4.90291785763055,4.9031717594662
Train,5.00893455248677,5.0086426768321
Train,2.12234235156832,2.12448456729908
Train,2.33432837449666,2.3323795387987
Train,2.53734969957332,2.53812599960656
Train,2.73155234538943,2.73216895465885
Train,2.9176952191061,2.91841358099555
Train,3.09645878478206,3.09732950023681
Train,3.26791011726104,3.26741620425673
Train,3.4326630441845,3.4338109331693
Train,3.59127041195518,3.59163834117135
Train,3.74374640473846,3.74311985879467
Train,3.89059522592537,3.89130709106394
Train,4.03212274015086,4.03288048778631
Train,4.16875781139799,4.16947167993931
Train,4.30047010063914,4.30024205890732
Train,4.42765571561123,4.4281759285077
Train,4.55067453693822,4.55099568304649
Train,4.66947550784439,4.66967775646845
Train,4.78439377206992,4.78425081819296
Train,4.89573479151293,4.89563779133823
Train,5.00343392980118,5.00343410813002
Train,2.12151842484861,2.12300176716963
Train,2.3483905995244,2.35026920459495
Train,2.56309847992403,2.56473449331679
Train,2.76659484975689,2.76807442009886
Train,2.95991426868961,2.96130929202263
Train,3.14346135033684,3.14402752674869
Train,3.31812044395086,3.3187760441142
Train,3.48452186933008,3.4848096130554
Train,3.64323772118086,3.64374403083275
Train,3.79478844046019,3.79526536324556
Train,3.9397830447989,3.93955698655918
Train,4.07838022499195,4.07834569790066
Train,4.21111745932066,4.21141661307047
Train,4.33835869524785,4.3387193360868
Train,4.46043835296429,4.46055545437412
Train,4.57766426031683,4.57763676998366
Train,4.69042514292907,4.69035382701986
Train,4.79876935204435,4.79888239243883
Train,4.90304843110461,4.90305297462692
Train,5.00348695564886,5.00351312201019
Train,1.50644750280794,1.50791211191972
Train,1.62208970787843,1.62189373139699
Train,1.73435267572872,1.73387728452508
Train,1.84338239289296,1.84252451120119
Train,1.94931655625397,1.94996556459228
Train,2.05253769994081,2.05280922727979
Train,2.15265661642001,2.15254822096176
Train,2.25004917866215,2.2491911577963
Train,2.34482525345006,2.34541563117455
Train,2.43708888258762,2.4368239384894
Train,2.52693866388988,2.52742604774903
Train,2.61446810265634,2.61393919655166
Train,2.6997659362613,2.70024509716677
Train,2.78291643422989,2.78227226297167
Train,2.86399967593308,2.86443084993516
Train,2.9432861327958,2.94257549597751
Train,3.02045492155443,3.0207318966568
Train,3.09577419901031,3.09567937864631
Train,3.16930966890538,3.1689611160873
Train,3.24112395924308,3.24070499321897
Train,2.11507480032924,2.11600710751736
Train,2.28057692284563,2.28046041783455
Train,2.43949489392366,2.43987248205303
Train,2.59249640756329,2.59269879644853
Train,2.73963347605055,2.7399210123549
Train,2.8814990106399,2.88159401965822
Train,3.0181182667804,3.01843119128898
Train,3.15002081423819,3.15061019291898
Train,3.2773288183394,3.27746194337305
Train,3.40016443968929,3.40028597979472
Train,3.51897912727278,3.51921018577195
Train,3.63375421639971,3.63405832701756
Train,3.74489804107146,3.7450585967963
Train,3.85248042892122,3.85277507041974
Train,3.95657330072061,3.95686798907991
Train,4.05753077339021,4.05759430106264
Train,4.15531078314181,4.15574640744671
Train,4.25023697135582,4.25033354222978
Train,4.34226146635304,4.34236582283484
Train,4.43168113773658,4.43215906646583
Train,-2.35092337062336,-2.35045244103458
Train,-2.12971461454833,-2.13020529830828
Train,-1.91459454437282,-1.91381716154865
Train,-1.70531518963749,-1.70510777152958
Train,-1.50164186480364,-1.5019190572275
Train,-1.30335229134357,-1.302429160256
Train,-1.1102357885409,-1.11077560552803
Train,-0.922092526807722,-0.922442394879909
Train,-0.738732837955355,-0.738821813341929
Train,-0.55997657741414,-0.559339495805034
Train,-0.385243607971775,-0.385144868203497
Train,-0.21519891008935,-0.215486976252578
Train,-0.0492682992833693,-0.0492331055756949
Train,0.112695745142354,0.112612972319766
Train,0.270833774232827,0.271218844307441
Train,0.425279776180655,0.425209198088851
Train,0.576161554961111,0.576559374610952
Train,0.723601083052447,0.723742225010938
Train,0.867714830287349,0.866690831764572
Train,1.00861407069894,1.0092791602292
Train,2.82455408199376,2.8228257155024
Train,2.98964563638818,2.98904667476381
Train,3.14673665638075,3.14515078011755
Train,3.29673425362447,3.29627298216656
Train,3.43994580343475,3.43885810980282
Train,3.57666653071268,3.57599579072848
Train,3.7076246190961,3.70710344881081
Train,3.83289215517622,3.83208180373549
Train,3.95310475024759,3.95263869552946
Train,4.06843118382072,4.06828832033352
Train,4.17903766857006,4.17867510938959
Train,4.28544974735908,4.28539563160666
Train,4.38778506079614,4.38762354002392
Train,4.48616150289017,4.4861463831985
Train,4.5810200400195,4.58093780046693
Train,4.67233784312079,4.6722120843915
Train,4.76051006172916,4.76054440078588
Train,4.84559943555379,4.84555150121741
Train,4.92767129396024,4.92752745407779
Train,5.00706408970801,5.00683876112817
Train,2.12639289157931,2.12588092250371
Train,2.34908337291617,2.3494411510801
Train,2.56031288618356,2.55970640339729
Train,2.76134265872727,2.76155708491569
Train,2.9527037789803,2.95221159285938
Train,3.13489622142483,3.13421559858398
Train,3.30890919060546,3.30785259771801
Train,3.47495058616417,3.47467695404339
Train,3.63387193050624,3.63350546448783
Train,3.78596994998897,3.78534844149544
Train,3.93152973800508,3.93114001438153
Train,4.07124221730126,4.07067844519406
Train,4.20531894425078,4.20474570319129
Train,4.33396576648384,4.33386295217497
Train,4.45775278579726,4.45721178397071
Train,4.57671242593098,4.57628056044268
Train,4.69135039128198,4.69057253941355
Train,4.80178752794454,4.80109220977829
Train,4.90814422853262,4.90773280228314
Train,5.01084765387236,5.01045925234212
Train,2.12007856582921,2.12115270163849
Train,2.34243320221836,2.34384749868332
Train,2.55358639444492,2.553516545202
Train,2.75436378016118,2.7543820784922
Train,2.94551180118739,2.94573632672473
Train,3.1278793841406,3.12769893884251
Train,3.30172851121384,3.30145931192965
Train,3.46779950793909,3.46817226560233
Train,3.62660295094828,3.62613736857384
Train,3.77860568630502,3.77885517461982
Train,3.92423541322608,3.9240994824977
Train,4.06388470309687,4.06402449150482
Train,4.19791453331384,4.19778233136458
Train,4.32665740293744,4.3268380773261
Train,4.45042008677481,4.45020769141411
Train,4.56959925868044,4.56986021207558
Train,4.68422675243362,4.68421129270064
Train,4.79466334310539,4.79477266765389
Train,4.9011347404128,4.90102669235421
Train,5.00385073183236,5.00413039757768
Train,1.82145424255091,1.82162075469751
Train,1.9003363174597,1.90064765360876
Train,1.9776991889143,1.97797879062637
Train,2.05402941585559,2.05422122544041
Train,2.12890966337589,2.12838970801749
Train,2.2028098984058,2.20346705359043
Train,2.27532513644714,2.27483930072776
Train,2.34690959879145,2.34713373599152
Train,2.41717012809494,2.41667059517931
Train,2.48654598917055,2.48715445398921
Train,2.55465535654564,2.55467410685742
Train,2.6219232752941,2.62242126090132
Train,2.68797878276292,2.68755540528218
Train,2.75323339291977,2.75300788044115
Train,2.81732656148809,2.81785749730625
Train,2.88065691574832,2.88091447092665
Train,2.94287390845139,2.94242889009547
Train,3.00436388391471,3.00430797420995
Train,3.06478589225009,3.06533071080776
Train,3.12451456102766,3.12466842333015
Train,1.81901523993668,1.81859058966074
Train,1.89812677768063,1.89775642204768
Train,1.97571171263014,1.97569531245972
Train,2.052270255216,2.05226213339847
Train,2.12737149670813,2.12740568651498
Train,2.20149866077354,2.20111447977979
Train,2.27423359221494,2.27393705667419
Train,2.346043390677,2.34568093133566
Train,2.41673337978685,2.41680248586636
Train,2.4861215404836,2.48580970068724
Train,2.55465226736227,2.55462350213202
Train,2.62193699294537,2.62170880701524
Train,2.68840590162665,2.68854836064929
Train,2.75387713510043,2.75364993057883
Train,2.81818016630319,2.81806265629348
Train,2.88172511531986,2.88142968223838
Train,2.94415004660397,2.9440228730964
Train,3.00585248984949,3.00572249111792
Train,3.06648041642699,3.06662920741655
Train,3.12641934376298,3.12538340125684
Train,-0.008591696,-0.00836624269504682
Train,-0.595243713,-0.595119752342725
Train,-1.172871245,-1.17269700686302
Train,-1.741680939,-1.74150376252874
Train,-2.301873179,-2.30171794135094
Train,-2.853642325,-2.85370921130379
Train,-3.397176934,-3.39721872772498
Train,-3.932659979,-3.93269010473159
Train,-4.460269049,-4.46032290715084
Train,-4.980176551,-4.98024659415387
Train,-5.492549894,-5.49268150970966
Train,-5.997551669,-5.99763245942086
Train,-6.495339825,-6.49550743411237
Train,-6.986067826,-6.98623672589747
Train,-7.469884819,-7.46994063971215
Train,-7.946935775,-7.94699154980844
Train,-8.417361639,-8.41765734989531
Train,-8.881299472,-8.88129796698195
Train,-9.338882575,-9.33905722318013
Train,-9.790240625,-9.78863241942599
Train,0.304775769,0.303939902129059
Train,-0.306968618,-0.306701214019995
Train,-0.895768706,-0.895695381444966
Train,-1.46289157,-1.46298606581331
Train,-2.009512672,-2.0093115876407
Train,-2.536723998,-2.53694859111783
Train,-3.045541335,-3.04525922833636
Train,-3.536910807,-3.53580926309587
Train,-4.011714742,-4.01210998589522
Train,-4.470776965,-4.46998742154756
Train,-4.914867564,-4.91511305616223
Train,-5.344707203,-5.34492644929196
Train,-5.760971024,-5.76007905681399
Train,-6.164292185,-6.16351535147987
Train,-6.555265073,-6.55521476644208
Train,-6.93444823,-6.93531436194826
Train,-7.30236701,-7.30106490025355
Train,-7.659516014,-7.66039992353035
Train,-8.0063613,-8.0055971201291
Train,-8.343342422,-8.34206722007366
