Dataset,log10(VaporPressure)[Pa],PredictedValues
Train,3.98175463770349,3.98154048012657
Train,4.04932305858101,4.04860626003938
Train,4.11477137842338,4.11474897088192
Train,4.17860035723072,4.1792404400112
Train,4.24067221089411,4.24079120325769
Train,4.30086758489531,4.30007737074629
Train,4.35964114957729,4.35976135305827
Train,4.4166798729731,4.41696812131704
Train,4.4724112241305,4.47162387794378
Train,4.52670703628025,4.52697306586197
Train,4.57945461972669,4.57885980563879
Train,4.63104506247912,4.631615400991
Train,4.68135601189175,4.68120800120232
Train,4.73027910181263,4.7312002065737
Train,4.77817357460061,4.77796755884629
Train,4.82477472651115,4.82445792805083
Train,4.87042273192382,4.87058675824665
Train,4.9150046382442,4.91502014378784
Train,4.95841937623246,4.95789655828412
Train,5.00098128055359,5.00065121622902
Train,4.30010560133218,4.30047176573862
Train,4.34427184483812,4.3440973321558
Train,4.38778768455022,4.38811294193147
Train,4.43030624680307,4.43000138440402
Train,4.47203699184417,4.47235880399239
Train,4.51317506335072,4.5131906029128
Train,4.55339132856532,4.55325348983752
Train,4.59304985209152,4.59276266931556
Train,4.63183261108566,4.63207646914088
Train,4.66992863791146,4.66974299123103
Train,4.70751454903432,4.7074260590889
Train,4.74428797613294,4.74444935626525
Train,4.78042712158626,4.78034091154404
Train,4.81609875182695,4.81609421573376
Train,4.85101505180784,4.85103817159688
Train,4.88548978014872,4.88533078777255
Train,4.9192442673934,4.91914931323117
Train,4.9524406518283,4.95242194213643
Train,4.98523105115627,4.98516582953016
Train,5.01734972614166,5.01697655397584
Train,2.40723462755712,2.40530926000793
Train,2.56513503874003,2.56461442771979
Train,2.71499584705765,2.7146618180559
Train,2.85809116491507,2.85722061890556
Train,2.99422238692747,2.99456435009051
Train,3.1245013548171,3.12375499711925
Train,3.24870689808873,3.24840004422003
Train,3.36781737092902,3.36798940059089
Train,3.48186872181456,3.48154217211413
Train,3.59091739404102,3.59100889537513
Train,3.6957820955895,3.69576741879428
Train,3.79622041181391,3.79615747198841
Train,3.89296534689602,3.89237818519177
Train,3.98599522177954,3.98617435948108
Train,4.0753073026763,4.07526315877476
Train,4.16152919933199,4.16149484144262
Train,4.24442277125436,4.24391074494633
Train,4.3245575718585,4.3243446063716
Train,4.40170049422835,4.40153077925788
Train,4.47637078102655,4.47523037370411
Train,4.10463697882894,4.10497887797101
Train,4.17074900920869,4.17063847970712
Train,4.23497660616162,4.23502044394263
Train,4.29770749095443,4.29769390571164
Train,4.35884230168902,4.35882656137255
Train,4.41844118701092,4.41853120511951
Train,4.47641816646144,4.47633041787776
Train,4.53311737727362,4.53307973306073
Train,4.58844379215196,4.58860815413209
Train,4.64244667175736,4.6423508783555
Train,4.695043011095,4.69506290854042
Train,4.74654044024681,4.74660718181985
Train,4.79684857287659,4.79682832727849
Train,4.84600813762163,4.84595650350821
Train,4.89393954830248,4.89397858404845
Train,4.94091954065217,4.94085764369083
Train,4.98686243565959,4.98704071300017
Train,5.03180219976478,5.03174601419596
Train,5.07566286465291,5.07562778962165
Train,5.1186947810147,5.11867598833487
Train,2.12634095170165,2.12749066772813
Train,2.34917905981492,2.34993907011813
Train,2.56035803075609,2.56089744307246
Train,2.76139026157764,2.76287176190817
Train,2.95239751108316,2.95349030860962
Train,3.13467488148997,3.13535793604387
Train,3.3082685004719,3.30916105917277
Train,3.47429827157139,3.47517339513433
Train,3.63275550535709,3.63365350629465
Train,3.78461713835079,3.78516341587238
Train,3.92983478763237,3.93042325536953
Train,4.06926744332494,4.0698706307594
Train,4.20283811938457,4.20341695194656
Train,4.33130752773176,4.33171125395893
Train,4.45457827495476,4.45503037751041
Train,4.57332843424736,4.57376076409128
Train,4.68744629981927,4.68781716172089
Train,4.79753987412685,4.79777937868494
Train,4.90348769403999,4.90374427939969
Train,5.00583788977193,5.00578807038255
Train,2.88046290086084,2.88236863761995
Train,3.04228836074974,3.04322781412338
Train,3.19628974068213,3.19694744628214
Train,3.34302107544689,3.34388451786799
Train,3.4832325498699,3.48439672972017
Train,3.61687622512777,3.61893944930489
Train,3.74462833676121,3.7451223534008
Train,3.86687006926299,3.86801618080062
Train,3.98395041779922,3.98461413125915
Train,4.09618951576602,4.0969500518986
Train,4.20407234771843,4.20485222670686
Train,4.30748066459877,4.30856440940988
Train,4.40686293198251,4.4073182641223
Train,4.50244978259969,4.50276556485915
Train,4.59445456348642,4.59487793954759
Train,4.68307492563127,4.68326601811714
Train,4.76864591200637,4.76887268486462
Train,4.85102920804275,4.85098665374971
Train,4.93054057642846,4.93065352986741
Train,5.00732761990619,5.00737727169326
Train,4.27199914054099,4.27122207633511
Train,4.31623598492297,4.31592653116968
Train,4.35964691208702,4.3598893238086
Train,4.40207129247597,4.40256925395079
Train,4.44390164282583,4.44333515271137
Train,4.48497225214198,4.48527246466256
Train,4.52530363227296,4.52517185934266
Train,4.56491556326831,4.56471782749577
Train,4.60365943419434,4.60331856666016
Train,4.64189196601387,4.6421274189197
Train,4.67946023719595,4.67965239731711
Train,4.71638141017,4.71596901526937
Train,4.75251561722666,4.75282373651135
Train,4.78819439904288,4.78833168304118
Train,4.82327408468699,4.82302333566622
Train,4.85776963800905,4.8574141649442
Train,4.89169552863041,4.89176201657392
Train,4.9249218473152,4.92512213682494
Train,4.95775227308045,4.95775127653178
Train,4.99005362107623,4.9895410237441
Train,3.09879131504472,3.10037699062377
Train,3.20688447920261,3.20877001707413
Train,3.31154306993914,3.31274207065144
Train,3.41246156356073,3.41207634338207
Train,3.51006148459059,3.51005057596922
Train,3.60472197691417,3.60554330359446
Train,3.69615073797291,3.6964038634469
Train,3.78471441620538,3.78452477810788
Train,3.87074397403632,3.87106009276613
Train,3.95396123584687,3.95428563772293
Train,4.03468789935892,4.03437108510843
Train,4.11303412722585,4.11319247144274
Train,4.18927964615201,4.18920515957143
Train,4.26316533524953,4.26336995772726
Train,4.33496466732952,4.33481357694836
Train,4.40492634634553,4.40522502208478
Train,4.47280519298641,4.47272182480083
Train,4.5388452472855,4.53876176260383
Train,4.60326908747275,4.60341799182061
Train,4.66584492516523,4.66581424808101
Train,3.96385879113756,3.96442860308889
Train,4.03116913998356,4.03177974775463
Train,4.09679254901116,4.09721841918508
Train,4.16097275339707,4.16118042025482
Train,4.22340271714688,4.22381300518464
Train,4.28432479424751,4.28479058424273
Train,4.34379296336818,4.34443034615106
Train,4.40185865715212,4.40242382717406
Train,4.45873151067894,4.45883449094254
Train,4.51413342027608,4.5142297275379
Train,4.56827343444891,4.56872358682449
Train,4.62119418122334,4.62143069559534
Train,4.6730829929364,4.67298240734817
Train,4.72368238792407,4.72441365598206
Train,4.77317952343501,4.77333371981513
Train,4.82161002889709,4.82211422586988
Train,4.86900801452666,4.8695434524634
Train,4.91553769119185,4.91559038061678
Train,4.96096455506777,4.96092326640064
Train,5.00545297515671,5.00557868716714
Train,2.12788403567532,2.12792581034591
Train,2.36819302921465,2.36755532776442
Train,2.59329395614837,2.59302091527206
Train,2.80429609638261,2.80354775792512
Train,3.00302950148803,3.0027228435938
Train,3.19027589677673,3.18982768866408
Train,3.36700325018103,3.36622028966667
Train,3.53407374488209,3.53363784284011
Train,3.69203973961787,3.69169824422715
Train,3.8420392282288,3.84166693481529
Train,3.98446298509171,3.98412618225848
Train,4.11987079334068,4.11910107368021
Train,4.24859041874655,4.24827014913899
Train,4.37144496325803,4.37108169626299
Train,4.4886637951177,4.48818468751415
Train,4.60062601017576,4.60023794240988
Train,4.70767744922746,4.7072541731759
Train,4.80999225329507,4.80964546052564
Train,4.90814993845898,4.90780755044398
Train,5.00226797724252,5.00173388398252
Train,2.45586800616354,2.45581859802041
Train,2.57251913549492,2.5726450486909
Train,2.68671202655411,2.68655716930516
Train,2.79803906105356,2.79796718452417
Train,2.90684243391766,2.90699885298091
Train,3.0132069963619,3.01325619675481
Train,3.11743988539512,3.1170501008819
Train,3.21916161152615,3.21962079458899
Train,3.31867748144247,3.3184886322415
Train,3.41605847717184,3.4158749576527
Train,3.51157982113161,3.51207362862624
Train,3.60488779021973,3.60437591376103
Train,3.69625650938333,3.69553612815071
Train,3.78574581293894,3.7858281448498
Train,3.87360380836359,3.87359070275124
Train,3.95950033618228,3.95811204449274
Train,4.04368293011242,4.04312897181808
Train,4.12620238181459,4.12606597445119
Train,4.20728356602196,4.20597591943806
Train,4.28661786079396,4.28542225972342
Train,2.12510320565132,2.12634887848253
Train,2.36450590744654,2.36536044844252
Train,2.5892783729484,2.58997788732086
Train,2.80015256765738,2.80103953615617
Train,2.99891425619126,2.99978719322098
Train,3.1860716610347,3.18683154347673
Train,3.3630898001018,3.36383392337302
Train,3.53031782869707,3.53140958793665
Train,3.68897477126427,3.68937248283328
Train,3.83929528336276,3.84011289671616
Train,3.98230653579164,3.98302680537745
Train,4.11815993437227,4.11861174584192
Train,4.24773075530079,4.24832850080566
Train,4.37110940301977,4.37170478267217
Train,4.48904925728639,4.48995841012947
Train,4.60159577372393,4.60199316229409
Train,4.70940330455624,4.71012597463414
Train,4.8124840750195,4.81291385753138
Train,4.91141108866208,4.91189806958573
Train,5.00617198264477,5.0061546283614
Train,4.41854245835269,4.41854470549151
Train,4.45312992100964,4.4532314432945
Train,4.48741672547849,4.48740412488405
Train,4.52110957024481,4.52107366884593
Train,4.55436901596237,4.55427028009581
Train,4.58734772379609,4.58737509857019
Train,4.61976325975854,4.61980466904788
Train,4.65176973147504,4.6517312111755
Train,4.68351379848467,4.68354326271219
Train,4.71472330752752,4.71459697939281
Train,4.74554629886374,4.74554129355965
Train,4.77598990861288,4.77601080529712
Train,4.80619333922419,4.80614051024895
Train,4.83589729811518,4.83597641262895
Train,4.86524228622075,4.86513538450527
Train,4.89436228311218,4.89434195699141
Train,4.92300706156931,4.92301896242134
Train,4.95131184176319,4.95132913980342
Train,4.97940567258973,4.97936750658846
Train,5.00704692919741,5.00677083033224
Train,2.12870689177883,2.12885500205448
Train,2.35840003678672,2.35818886732886
Train,2.57506222723586,2.57488795025711
Train,2.78026925143138,2.78025649209303
Train,2.97443371611683,2.97479702088458
Train,3.15887135126489,3.15857474330551
Train,3.33386880351584,3.33420390068932
Train,3.50053789724489,3.50056605946156
Train,3.6592657938012,3.65929576053895
Train,3.81042252309549,3.81073232438212
Train,3.95488893636085,3.95475132704451
Train,4.09276268893165,4.09297787270771
Train,4.22480683422564,4.22505404754338
Train,4.351228887892,4.3512553990804
Train,4.47223250935706,4.47212437536655
Train,4.58844237165059,4.58838947117329
Train,4.69986492072681,4.69993035611697
Train,4.80705183205883,4.80699417587311
Train,4.90998781878905,4.91014310780156
Train,5.00916328085571,5.00888040434074
Train,2.12358485252895,2.12396490640094
Train,2.35687510462215,2.35668530936528
Train,2.57630097507879,2.57644106229418
Train,2.7835463975625,2.78446004160651
Train,2.97914002944791,2.98044043256232
Train,3.16447083208418,3.16874999180436
Train,3.33991431861208,3.34148904237372
Train,3.50663138991981,3.50904402707965
Train,3.66507127915407,3.6687900094621
Train,3.81565865143579,3.8159627532732
Train,3.95930000469031,3.96053563970054
Train,4.09614307690385,4.10038961613463
Train,4.22696645354881,4.22841068361595
Train,4.35201155667451,4.35476951771125
Train,4.47151224480521,4.47420559036254
Train,4.58609866651922,4.58812945740647
Train,4.69580904864332,4.69608767858881
Train,4.80119612694177,4.80147926518839
Train,4.90227187880251,4.9021928875809
Train,4.99952458775658,4.99952823771309
Train,3.54158992248062,3.54149545304244
Train,3.64932670739794,3.64897119616944
Train,3.75211986612313,3.7520846105981
Train,3.85070847423054,3.85072985567967
Train,3.94514966718438,3.94520451908465
Train,4.03551265646732,4.03538383264822
Train,4.12241475598331,4.12244609008485
Train,4.20587791784939,4.20586210551846
Train,4.28593634000573,4.28585268060851
Train,4.36311315704935,4.36319324316719
Train,4.43740690585964,4.43736959525995
Train,4.50897617693706,4.50892026640213
Train,4.57782520133718,4.57783020741044
Train,4.64438162176282,4.64432896913786
Train,4.70862447931945,4.70866763159574
Train,4.77054367453595,4.77060187974712
Train,4.83051144087317,4.83044314962899
Train,4.88849790715506,4.88842455105623
Train,4.94448323047384,4.94454469673656
Train,4.99879439946019,4.99878697313397
Train,2.96861348794602,2.96767908342008
Train,3.12006243081936,3.11999405825918
Train,3.26476624008512,3.26438220636192
Train,3.40266121368909,3.402791749686
Train,3.53445711150059,3.53466408697568
Train,3.66054982043774,3.659422554927
Train,3.78152260636192,3.78061605637777
Train,3.89725686105017,3.89739980792365
Train,4.00828840077774,4.00843056628946
Train,4.11489815131868,4.11456131136947
Train,4.21753284398514,4.21645969265956
Train,4.31604901785331,4.31586215206335
Train,4.41086311100029,4.41104097854986
Train,4.50217995229034,4.50116425898159
Train,4.59035105331564,4.59063798352872
Train,4.67522415541327,4.67531833842804
Train,4.75713090727361,4.75603738132486
Train,4.83622415071686,4.83612016078405
Train,4.91278683353426,4.91287254518829
Train,4.9866665259708,4.98578450983041
Train,3.73112152025016,3.7311165268402
Train,3.78505566398762,3.78495228588145
Train,3.83767877916289,3.83769462962664
Train,3.88948073095055,3.88946732271143
Train,3.94004384196557,3.9400224249257
Train,3.98983758678971,3.98984704189206
Train,4.03845933128003,4.03853966578026
Train,4.08635942430598,4.08624012326618
Train,4.13335100761955,4.13341224751639
Train,4.17926194807307,4.17919128273206
Train,4.22451603560118,4.2245271908323
Train,4.26874498367226,4.26875959397148
Train,4.31235618914258,4.31226691916527
Train,4.3551776152622,4.35523012990598
Train,4.39705010271392,4.39711461259867
Train,4.43835819269686,4.43827255492215
Train,4.47876383934296,4.47876755295874
Train,4.51863742212504,4.51861618256225
Train,4.55765197739223,4.55769668117864
Train,4.59616450056517,4.59609932724561
Train,3.37596356618039,3.37622601593466
Train,3.43385252019318,3.43389633735205
Train,3.49038089165988,3.49018805511878
Train,3.54607214981692,3.54600404659868
Train,3.60070894756255,3.60089712457557
Train,3.65409103245976,3.65416934249515
Train,3.70671106027392,3.70640801959962
Train,3.75814070601598,3.75834567286802
Train,3.80885360351466,3.80884035964118
Train,3.85864962627429,3.85857861321711
Train,3.9073436005585,3.90746816436149
Train,3.95538263564551,3.95542053115787
Train,4.0025760387495,4.00253622048331
Train,4.04874695189893,4.04882811212156
Train,4.09431815382023,4.09424526717339
Train,4.13891553375531,4.13908194327087
Train,4.18294676083556,4.18312650658481
Train,4.22623552293009,4.22607218904159
Train,4.26861771268798,4.26849388767732
Train,4.31047981209282,4.31058478985506
Train,3.80648744678725,3.80732437982806
Train,3.88817414648541,3.88839542365167
Train,3.9673419079164,3.96787694851082
Train,4.04410547507773,4.04457057068794
Train,4.11857272703358,4.11901938901428
Train,4.19084518374526,4.19146042998182
Train,4.2610184678258,4.26151492632198
Train,4.32918272663514,4.32984504305205
Train,4.39542301863376,4.39585127549071
Train,4.4598196674767,4.4599157131961
Train,4.52229338230476,4.52254046832968
Train,4.58323054925241,4.58384177460539
Train,4.64253958882269,4.64275260725117
Train,4.70028489160498,4.70073442666035
Train,4.75652749693512,4.75679453644261
Train,4.81132530811805,4.8116354904414
Train,4.86473329127436,4.86524165665469
Train,4.91680365924644,4.91690144143649
Train,4.96758604185765,4.96767635428114
Train,5.01712764369139,5.01718332718156
Train,3.95502014602191,3.95506562148512
Train,4.02500081959128,4.02456727089884
Train,4.09305442226825,4.09273213277629
Train,4.15907340829941,4.15836906725599
Train,4.2235091680474,4.22327947102895
Train,4.28624086887074,4.2858605581423
Train,4.34733522654095,4.34715568131651
Train,4.40685551903343,4.40649742131791
Train,4.46469864100186,4.4637697275175
Train,4.52125203507968,4.52143758702732
Train,4.57640252576081,4.57609647326171
Train,4.63020167561379,4.63031291136576
Train,4.68255079228133,4.68220335343358
Train,4.73379562519591,4.73366793073365
Train,4.78382929000936,4.78356823282957
Train,4.83269422403237,4.83235239797796
Train,4.88043090488689,4.88004010711302
Train,4.92694657720347,4.92707735696604
Train,4.9725438458373,4.97219896037859
Train,5.01712351890589,5.01649927309336
Train,4.29841779401732,4.29924460494658
Train,4.37576636230952,4.37670822853397
Train,4.45075305317021,4.45090347879886
Train,4.5231857571375,4.52346915374073
Train,4.5933367703075,4.59341864576709
Train,4.66131223366984,4.66153509719879
Train,4.72734756112364,4.72747027304285
Train,4.79126085126198,4.7913387897861
Train,4.85328020296701,4.85337877678103
Train,4.9134885715682,4.91351244492398
Train,4.97208470727067,4.97214185412304
Train,5.02889781816455,5.02896102727391
Train,5.08412163022613,5.08416145540104
Train,5.13782191247937,5.13770643935277
Train,5.19016865083657,5.19028016184893
Train,5.24100222806338,5.24084665308328
Train,5.29048916075971,5.29058665173943
Train,5.33868226082581,5.33854377644457
Train,5.38572856464135,5.38586498208315
Train,5.43147925079419,5.43132889270782
Train,3.80634689857586,3.80732136686856
Train,3.88818389374431,3.88909967731888
Train,3.96747550726277,3.96784534423932
Train,4.04433867437772,4.04442324700358
Train,4.11888327566754,4.11938281293988
Train,4.19121266114529,4.19198542066442
Train,4.26142412832175,4.26144933701289
Train,4.32960935887922,4.32987738872907
Train,4.39585481807703,4.39685974292661
Train,4.46024212054759,4.46017485773336
Train,4.52300872452169,4.52344247007568
Train,4.58390245932309,4.58414313178218
Train,4.64315717150108,4.64421753271017
Train,4.70083815648239,4.70088213746931
Train,4.75700728682593,4.75747360552486
Train,4.81172323361019,4.81172901438549
Train,4.86504167085719,4.86541335249058
Train,4.91701546449018,4.91719015705894
Train,4.96769484717344,4.96764575468114
Train,5.01712758024944,5.01675640070607
Train,2.12720289941401,2.12708746742283
Train,2.36895047556817,2.36867709269427
Train,2.59548052387839,2.59525982610648
Train,2.80765710218812,2.80715530905582
Train,3.00729918255065,3.00643893295637
Train,3.19501675556925,3.19349291095568
Train,3.37228899382507,3.37157947419473
Train,3.53954566493507,3.53793592689908
Train,3.69780982440076,3.69665821749368
Train,3.847975427811,3.8472343905305
Train,3.99029174654648,3.98907336024422
Train,4.12569721510124,4.12504548981815
Train,4.25436026838331,4.25390842423076
Train,4.37692578806624,4.37644387030014
Train,4.49396396148388,4.49345848618395
Train,4.60555980148241,4.60501141097484
Train,4.71235215167378,4.71236734135891
Train,4.81438775880535,4.81389272395609
Train,4.91222314216942,4.9121772067665
Train,5.0058764458363,5.0047717807247
Train,2.12577628543865,2.12503709673183
Train,2.35910542133341,2.35902012394217
Train,2.57855324877811,2.57851828324783
Train,2.78578953414083,2.78562066543964
Train,2.98136385622422,2.9810354749352
Train,3.16665168472096,3.16634793663252
Train,3.34204667520501,3.3415271800186
Train,3.50869701698244,3.50806375642424
Train,3.66706131847468,3.66607079208916
Train,3.81757200684407,3.81622669636272
Train,3.96112407600752,3.95899229585484
Train,4.09787862599108,4.09664621041884
Train,4.22860351212244,4.22611902537028
Train,4.35354693058741,4.35239969951363
Train,4.4729484448728,4.47099824845645
Train,4.58742855121314,4.58579929416737
Train,4.69703584038648,4.69640021758096
Train,4.80231404988286,4.80106408587017
Train,4.90328461943615,4.90251122461632
Train,5.00042743712401,4.99736788003065
Train,2.1252327531892,2.12794704127737
Train,2.35262959634089,2.35533504289197
Train,2.56774878669824,2.56976988367387
Train,2.77155853240541,2.77355368474673
Train,2.96511758587159,2.96843900284875
Train,3.14881931227696,3.15059919802297
Train,3.32356945527173,3.32465156153194
Train,3.49000675358271,3.49163337368373
Train,3.64871058829585,3.65021038617124
Train,3.8002077213954,3.80130015086615
Train,3.94512068778491,3.94478353887826
Train,4.08359654600292,4.08408396316372
Train,4.21618537723349,4.21683137804939
Train,4.34325478055089,4.34376450970012
Train,4.46514237411475,4.46509452503233
Train,4.5821587906009,4.58236253303767
Train,4.69470132429505,4.69500127975334
Train,4.80280802993744,4.80286030176649
Train,4.90683873015391,4.90697336629091
Train,5.00701967939389,5.00694908916194
Train,2.12563825515184,2.126465253481
Train,2.35957580661594,2.36012218816177
Train,2.58003484437923,2.58035539472621
Train,2.78760067177418,2.78842724664719
Train,2.98388817134336,2.9842278487049
Train,3.16930290688473,3.16991839359252
Train,3.34518694965435,3.34550486139051
Train,3.51181632770522,3.51275157841155
Train,3.67011147006798,3.67069142330001
Train,3.82088143765786,3.82147826788423
Train,3.96427068415346,3.96492894685798
Train,4.10116975320082,4.10189567850466
Train,4.23166360433955,4.23226558998431
Train,4.35635636626489,4.35704914141388
Train,4.47578455163636,4.47625447261817
Train,4.58997152137304,4.59028794337064
Train,4.69954497021306,4.70020947393641
Train,4.80450006980822,4.80496151016996
Train,4.90539009692318,4.90579139506008
Train,5.00218930263703,5.0022089608392
Train,2.12939867670262,2.13034945756954
Train,2.34317312485391,2.34348193030019
Train,2.54732380204281,2.54770723533147
Train,2.74248627156825,2.74263390588021
Train,2.9292413378717,2.92939851163828
Train,3.10812081958014,3.10853905363183
Train,3.27961260727194,3.27971793177858
Train,3.44416510726636,3.44455986491084
Train,3.60219115666688,3.60233476141002
Train,3.75407148162967,3.75436137925863
Train,3.89996118436959,3.90010960314248
Train,4.04058605359105,4.04075117223692
Train,4.17604326244209,4.17623523165094
Train,4.30661252207658,4.30676904509164
Train,4.43255371475526,4.43262464941654
Train,4.55410862035029,4.55415927901777
Train,4.67150246554501,4.67154555481102
Train,4.78494531661465,4.7850167806464
Train,4.89463333390844,4.89469884328719
Train,5.00074990379376,5.00067749624577
Train,4.29664048019049,4.29682572588354
Train,4.37365588780181,4.37365769301687
Train,4.44823768943357,4.44824657452409
Train,4.5203392141586,4.52033418948122
Train,4.59039238254246,4.59040775871836
Train,4.65833204598888,4.65832377260813
Train,4.7242524298127,4.72426365276624
Train,4.78824224028073,4.78823110399389
Train,4.85024711697362,4.85044568311423
Train,4.91062567773854,4.91094883483311
Train,4.96931032269479,4.96929038644157
Train,5.0263713497548,5.02635811499931
Train,5.08175191326154,5.0817368863718
Train,5.13576480681074,5.13589401045465
Train,5.18834283744974,5.18835735751782
Train,5.23954243180047,5.23956118569913
Train,5.28941709609736,5.28941324963671
Train,5.33790953720273,5.33795542370353
Train,5.38528680582464,5.38529410434421
Train,5.43148383603301,5.4314432192914
Train,4.29937141013488,4.29932148712396
Train,4.37682219789931,4.37677150576928
Train,4.45173384738423,4.45172386366175
Train,4.52422920908456,4.52432645667432
Train,4.59442333415318,4.59430549242825
Train,4.66242408367159,4.66248697694391
Train,4.72833268168494,4.72828432463575
Train,4.79224421796532,4.79233953374933
Train,4.85424810575537,4.85411484220822
Train,4.91442849912591,4.91439335147879
Train,4.97286467404463,4.97290331727709
Train,5.02963137678428,5.02967274353432
Train,5.08479914289027,5.08467560504505
Train,5.13843458956968,5.13845975440927
Train,5.19060068405011,5.19063904881477
Train,5.24135699018136,5.24129732235451
Train,5.29075989531044,5.29089208487858
Train,5.33886281924671,5.33879457889998
Train,5.38571640694519,5.38569244043174
Train,5.43136870636914,5.43133420107188
Train,3.80292719277638,3.80360460004886
Train,3.88437856516371,3.88437452006474
Train,3.96337632575466,3.96367097966868
Train,4.04002969703647,4.04001097811124
Train,4.11444151356633,4.11438756814459
Train,4.18687393367971,4.18706176656997
Train,4.25708319310227,4.25700104243151
Train,4.32532567877965,4.32551481157134
Train,4.39168289208522,4.39165208311169
Train,4.45623189261983,4.45624538634002
Train,4.51904559673657,4.51904284895136
Train,4.58019305230894,4.58027851047518
Train,4.63973969191895,4.63976521484437
Train,4.69774756641705,4.6977589716771
Train,4.7542755606066,4.75433416816668
Train,4.80950583020654,4.80956023262115
Train,4.86323591520112,4.86328383894579
Train,4.91564581305726,4.91569951886777
Train,4.96678359019412,4.966758087583
Train,5.01669500762288,5.01674044091487
Train,3.80561764372524,3.80677510655369
Train,3.88720640513784,3.88759569873946
Train,3.96647764657886,3.96728127947426
Train,4.04316928642668,4.04352023886167
Train,4.11757872739867,4.1183219237646
Train,4.18997538778694,4.19016601490148
Train,4.26011091214848,4.26072997117444
Train,4.32824858438096,4.32868957355095
Train,4.3946276582346,4.39484959971014
Train,4.45901319711333,4.45953887397627
Train,4.52163988787521,4.52203724235733
Train,4.58257883023192,4.5826997412878
Train,4.64203636402681,4.64220760734315
Train,4.69979460762681,4.69995922673843
Train,4.7560568274691,4.7560194004036
Train,4.81100895772219,4.81109902753815
Train,4.8644451496216,4.86453353261459
Train,4.91654906803902,4.91662341189658
Train,4.96748914879306,4.96746247085684
Train,5.01707087650369,5.01717578079115
Train,4.29926837072573,4.30100714807486
Train,4.3765189847937,4.37705795567308
Train,4.45140841274446,4.45188156301447
Train,4.52376583722763,4.52388824115042
Train,4.59398556820681,4.59431634120847
Train,4.66190041917752,4.66198974154395
Train,4.72787398891343,4.72793983312295
Train,4.79174320336244,4.79186302203743
Train,4.85372563062882,4.85386039449077
Train,4.91401903176114,4.91408536001109
Train,4.97246704161038,4.97250220890419
Train,5.02937065399834,5.02942939276545
Train,5.08457816591872,5.08464871735487
Train,5.13826701551487,5.13831771413243
Train,5.19059925354224,5.19066481009213
Train,5.2414302435442,5.24140535759216
Train,5.29101341218977,5.29115916512819
Train,5.33920880350811,5.33919903713104
Train,5.38625396759431,5.38624065092154
Train,5.43201355690896,5.43227448969265
Train,2.12722064098751,2.12879765366961
Train,2.36648512160242,2.36884118460875
Train,2.59108522115809,2.59266858837509
Train,2.80176800019963,2.80309436296375
Train,3.00031560119314,3.00213357403118
Train,3.18724847838958,3.189510283446
Train,3.36402723453242,3.36537802447856
Train,3.53101118752063,3.53254918329912
Train,3.6894145845325,3.69060628623265
Train,3.83948070424567,3.8406111321674
Train,3.98223183490613,3.98325452613062
Train,4.11782682944623,4.11892567254108
Train,4.2471361282419,4.24814257099206
Train,4.37025666284832,4.37107681204361
Train,4.48793711199598,4.48866168457607
Train,4.6002287231584,4.60110122704646
Train,4.70778133097119,4.70874875692243
Train,4.81061235358852,4.81100263976259
Train,4.90929048465327,4.90948234312964
Train,5.00380805803415,5.00401110766688
Train,1.39319080042102,1.39192686006572
Train,1.50113012877037,1.50045586407214
Train,1.6063474017394,1.60495493326744
Train,1.7089443058975,1.70934889076307
Train,1.80939333433093,1.80824246807606
Train,1.90702577795434,1.90761051978916
Train,2.00231441553937,2.00132208252762
Train,2.09534264564486,2.09524677131412
Train,2.18618995650004,2.18514886302728
Train,2.27493215252998,2.27436964087246
Train,2.36196746862453,2.36190240351425
Train,2.44670581466237,2.44638213713915
Train,2.52954664049928,2.52899249438633
Train,2.61055297632279,2.61020683225797
Train,2.68978509131488,2.68886595645745
Train,2.76730064319489,2.76743321682443
Train,2.84344013462197,2.84285026807629
Train,2.91767976021737,2.91753817982681
Train,2.99036167092162,2.98968453559792
Train,3.06153438429168,3.06081786082359
Train,1.56109793891969,1.56281662353285
Train,1.6656878982115,1.66683260384889
Train,1.7675620934572,1.76839111660956
Train,1.86682494454299,1.86728246125858
Train,1.96393878639749,1.96515277760773
Train,2.05826237692066,2.059350348718
Train,2.15025779863353,2.1513813245765
Train,2.24001019922683,2.24086472703493
Train,2.32760062427873,2.32825237038924
Train,2.41310626134646,2.41418634253205
Train,2.49691438833093,2.49727742157847
Train,2.57846044761871,2.57934701896011
Train,2.65813257280663,2.65914394683205
Train,2.73599462483371,2.73669620893634
Train,2.81210759551406,2.81248030351708
Train,2.88652976687614,2.887619504756
Train,2.95959056535686,2.96167473086825
Train,3.03078996389235,3.03186151848058
Train,3.10045878079482,3.10140924533334
Train,3.16864584584779,3.16907141883712
Train,0.344694174001131,0.346546658474836
Train,0.552936784146457,0.553210632337141
Train,0.752101096541526,0.752029436051089
Train,0.943651842395905,0.944236552801158
Train,1.12759071777016,1.12886600144702
Train,1.30436260562312,1.30556108248857
Train,1.47398504689747,1.4735435277762
Train,1.63763938489299,1.63891868059
Train,1.79526894815214,1.79596783653687
Train,1.94720041775546,1.94832843224867
Train,2.0933977916145,2.09379887892283
Train,2.23483408583172,2.23494799333275
Train,2.37142042321581,2.37279840930569
Train,2.50340206172452,2.50364729006833
Train,2.63071201679654,2.63215375939762
Train,2.7541658816878,2.7537378115303
Train,2.87365796546413,2.87469898319978
Train,2.98937596382693,2.99026106279052
Train,3.10123556800639,3.10122536160634
Train,3.20993059716851,3.21091283032729
Train,2.12448753889449,2.1245317725261
Train,2.37622797953964,2.37535818495235
Train,2.61047112295244,2.60793810720497
Train,2.82839227543483,2.82892090934183
Train,3.03191388259147,3.03004270305246
Train,3.22267470115968,3.22057903694076
Train,3.40135497169036,3.4008088547198
Train,3.56952092643052,3.56755062795128
Train,3.72764548591893,3.72735146999185
Train,3.87680367195223,3.87583696630463
Train,4.01792824162725,4.01717707620992
Train,4.15128883999401,4.15065522131772
Train,4.27768033745126,4.27670472441969
Train,4.39779814126922,4.39671475663636
Train,4.51178767973404,4.51106081428588
Train,4.62040118807866,4.61934442091297
Train,4.72372854541256,4.72314260619169
Train,4.82228049245842,4.8218521066301
Train,4.91650887796888,4.91621311366907
Train,5.00644653975295,5.00600365942955
Train,2.12456826023267,2.12506566361117
Train,2.3749758235058,2.37514557983377
Train,2.60820303671835,2.60820517582033
Train,2.82539770045133,2.82579757572967
Train,3.0286826549981,3.02864596314612
Train,3.21885977897169,3.21945128377411
Train,3.39761953264523,3.39789805361215
Train,3.56552411775455,3.56604414383764
Train,3.72373817524218,3.72401780677319
Train,3.87327114474478,3.87366520097567
Train,4.01445090612998,4.01476413821365
Train,4.14830597617044,4.14865335558716
Train,4.27506151192992,4.27537809889327
Train,4.3954242957991,4.39552989335061
Train,4.51001527665339,4.51047918468976
Train,4.61895534132228,4.61908436420345
Train,4.72292328045329,4.7231595496487
Train,4.82199282961842,4.82199359910737
Train,4.91674931430864,4.91673666885617
Train,5.00723153652459,5.00727616820222
Train,4.29777857691016,4.2979328023066
Train,4.3428579851726,4.34330070435681
Train,4.3871174397523,4.38721568453184
Train,4.43043972127265,4.43002521646122
Train,4.47312746448745,4.47331135005516
Train,4.51505935637664,4.51513080403674
Train,4.55625529601209,4.55683950422099
Train,4.59673449003953,4.59693094018439
Train,4.63638784818747,4.63669286158984
Train,4.67549072235413,4.67554355495668
Train,4.71393055226305,4.71422967108083
Train,4.75172406041017,4.75181970654376
Train,4.78876814134699,4.78917144451407
Train,4.82531893001252,4.82553571248718
Train,4.86127026145525,4.86150021570938
Train,4.8966367629717,4.89612883629889
Train,4.93143258980558,4.93169849667174
Train,4.96556152266146,4.96549204697658
Train,4.99925840982208,4.99922009588045
Train,5.03242439924131,5.03236724505405
Train,4.11319932305378,4.11299852237426
Train,4.17075527596145,4.17071803059662
Train,4.22703769537236,4.22681753375946
Train,4.28208838774211,4.28198993200203
Train,4.33594734948429,4.33571917771769
Train,4.3886528638804,4.3884845395005
Train,4.44024159182955,4.44004771307664
Train,4.49074865688979,4.49062522356689
Train,4.54020772502586,4.54006427639979
Train,4.58865107944364,4.58851524009515
Train,4.63623981531012,4.63600109280378
Train,4.68274080267558,4.6824595545404
Train,4.72831538864822,4.72811621516303
Train,4.77299098409923,4.77264210615976
Train,4.8167939290642,4.81670171141013
Train,4.85974954452899,4.85962757845118
Train,4.90188218123922,4.90161063397682
Train,4.94321526573096,4.94321345945355
Train,4.98377134376546,4.98360174585832
Train,5.02357212133719,5.02323234345386
Train,5.34085887621603,5.34094027786341
Train,5.36721410677892,5.36725094239227
Train,5.39309427560669,5.39284877503087
Train,5.41869783892018,5.41875967948727
Train,5.44393691019073,5.4439436108587
Train,5.46872871561533,5.46876012381836
Train,5.49326303674949,5.4932283222297
Train,5.51736737991601,5.5173575340159
Train,5.54122606221557,5.54131815693108
Train,5.56475674883235,5.56481847508985
Train,5.58788171936932,5.5877159628435
Train,5.61077752604846,5.61075149286626
Train,5.63336492605065,5.63340388394863
Train,5.65556902245966,5.65565933326434
Train,5.6775590877445,5.67753423126851
Train,5.69917984269011,5.69911324333225
Train,5.7205959589905,5.72071327960293
Train,5.74173298466496,5.7415004102877
Train,5.76252041036768,5.76251905669778
Train,5.78311634976733,5.78310593975039
Train,4.29084151725906,4.29106657505326
Train,4.33470010483652,4.33449750606087
Train,4.37773721269599,4.37835553113837
Train,4.41997570640715,4.41966680616315
Train,4.46143761073512,4.46164528643567
Train,4.50214414793565,4.50234064951655
Train,4.54211577397613,4.54176602907683
Train,4.58137221281241,4.58174133700959
Train,4.61993248884198,4.61962576468795
Train,4.65781495764588,4.65794998909405
Train,4.69503733512348,4.69485518263537
Train,4.73161672511755,4.73183328509185
Train,4.76756964561985,4.76748231385864
Train,4.80291205364186,4.80276464571944
Train,4.8376593688291,4.83770430041477
Train,4.87182649589264,4.87193670785928
Train,4.90542784592618,4.90549171069142
Train,4.93847735667297,4.93841657205485
Train,4.97098851180219,4.97106890606665
Train,5.00297435925108,5.00275951720687
Train,2.12575379185299,2.12595068025257
Train,2.36184053442118,2.36129736605653
Train,2.58347892805492,2.58329321804922
Train,2.7924929982796,2.79187963139702
Train,2.9896772068128,2.98920442897361
Train,3.17600824102762,3.17544932737655
Train,3.35213082445846,3.35173389344709
Train,3.51929238149203,3.51810102879244
Train,3.6779546371834,3.67688069188443
Train,3.82874973914072,3.82683840273239
Train,3.97206318977672,3.97205441447295
Train,4.10879162028897,4.10789632374508
Train,4.23920961072463,4.23864687271998
Train,4.36374417654053,4.36289865634899
Train,4.48263045988161,4.4821283961719
Train,4.5965391637794,4.59609532562899
Train,4.70563476099865,4.70355617922905
Train,4.81021599991231,4.81021414387214
Train,4.91042719373235,4.90915229599341
Train,5.00678659759685,5.00589628256421
Train,2.12996243104071,2.1333990510102
Train,2.36380029922344,2.3646632671007
Train,2.58364577230244,2.58458909632463
Train,2.79111200653752,2.79182389900961
Train,2.98702950983806,2.9891027326521
Train,3.17216022997999,3.17222870141995
Train,3.34770506440688,3.34861300343618
Train,3.51407231242874,3.51415397325763
Train,3.67226467345,3.67293213174707
Train,3.82272654759459,3.82261681833188
Train,3.96587434985148,3.96621119802876
Train,4.10248942550304,4.10243367731164
Train,4.23288425011461,4.23301747438381
Train,4.35735511051347,4.35746459236543
Train,4.47652448724171,4.47663388720684
Train,4.59050556296247,4.59062750684825
Train,4.69983909093505,4.69990316865005
Train,4.80470308896046,4.80463508338289
Train,4.90526970660568,4.90541704140196
Train,5.0019830391867,5.00204756642052
Train,2.8140817237395,2.81397534692951
Train,2.97068681228013,2.97044491899578
Train,3.1209826968802,3.1209688718518
Train,3.26579719494306,3.26552077124506
Train,3.40520539118592,3.40489294352301
Train,3.53950448495652,3.53959455097356
Train,3.66876686011091,3.66836536191113
Train,3.7936627984433,3.79352052533795
Train,3.91421987871646,3.9141118007974
Train,4.03066033720511,4.03070612707234
Train,4.1430144555583,4.14266631667124
Train,4.25183571848964,4.25185296916607
Train,4.35712206066402,4.35685864960396
Train,4.45904297040337,4.45894596923608
Train,4.55760180901993,4.55761298016296
Train,4.65326326365141,4.6532290437608
Train,4.74600677289787,4.74594011985027
Train,4.83596383955697,4.83512163942214
Train,4.92312057439473,4.92298140798084
Train,5.00787267668211,5.00729626502289
Train,2.75198417435638,2.75240025114181
Train,2.93176011806198,2.93139719792089
Train,3.10151818265004,3.10099686297326
Train,3.26186363350618,3.26138257266575
Train,3.4139548263443,3.41351369061886
Train,3.55822434517798,3.55773747333296
Train,3.69526043797068,3.69510955234728
Train,3.82559380780036,3.82494165628304
Train,3.94954207967051,3.94944535424293
Train,4.06787280033881,4.068244068083
Train,4.18081116729331,4.18056387373508
Train,4.28871756503328,4.28820587970404
Train,4.39178563246932,4.39168803002394
Train,4.4905926500313,4.49039450315468
Train,4.58527299341893,4.58505019575387
Train,4.6760799001637,4.67605506609107
Train,4.76324630290442,4.76266767498601
Train,4.84687677479604,4.84684101230232
Train,4.92739369372744,4.92715859275631
Train,5.00486566914305,5.00411358184647
Train,3.8417176507736,3.8406919506233
Train,3.91584784032434,3.91573794218857
Train,3.98835474569483,3.98830016649299
Train,4.05893737521305,4.05884160272399
Train,4.12784305434423,4.12741474149516
Train,4.19513084467693,4.19462571858458
Train,4.2610215263498,4.26080644516333
Train,4.32523616459041,4.32506250471488
Train,4.38799439595774,4.38738197345083
Train,4.44934521247906,4.4493605261232
Train,4.50948561884176,4.50903983510216
Train,4.56815673274474,4.56790541662485
Train,4.62555494466262,4.62497622891533
Train,4.68172123451424,4.68157754147978
Train,4.73683253413611,4.73660677899898
Train,4.79064817149392,4.79040656972938
Train,4.84334483339475,4.84320035520795
Train,4.89495706061632,4.8945568053241
Train,4.94564468222251,4.94558156031417
Train,4.99518356304237,4.99404109211901
Train,3.98253890065541,3.98231228538498
Train,4.08761369672928,4.08739100441744
Train,4.18854649511616,4.18876377819106
Train,4.28521546873796,4.28475109030114
Train,4.37823206549898,4.37830972102529
Train,4.46746501188722,4.46742982884462
Train,4.55346149080236,4.55338703539746
Train,4.63608455940227,4.63570827942749
Train,4.7156775834943,4.71549281715124
Train,4.79254802685745,4.79235102128587
Train,4.866555381053,4.8661505223281
Train,4.93812420924155,4.93753408881457
Train,5.00711390613794,5.00721631261695
Train,5.07378616767312,5.07232518161618
Train,5.13837683026624,5.13814578041638
Train,5.20074737278202,5.20025126916153
Train,5.26123676121662,5.26101957284118
Train,5.31970887196367,5.31887203915539
Train,5.37647556806557,5.37607575675065
Train,5.43140365366362,5.43016012435692
Train,2.57541751153218,2.57503464161709
Train,2.66773351037141,2.66778906052787
Train,2.75724372216523,2.75673279158218
Train,2.84457538205123,2.84457120019943
Train,2.92956155818734,2.9293956962938
Train,3.0120574683691,3.01180684995052
Train,3.09263369745496,3.09243711077579
Train,3.17112960087315,3.17056306159066
Train,3.24740453320948,3.24716883770452
Train,3.32197990350572,3.3215840883131
Train,3.39470159682592,3.39441021200764
Train,3.46563787842457,3.46544877423003
Train,3.53465434688069,3.53443163281918
Train,3.60221630237717,3.60178969845583
Train,3.66817838554342,3.66685381787102
Train,3.73241114170206,3.73252120635152
Train,3.79534363890809,3.79515206823271
Train,3.85683695974665,3.85609252595168
Train,3.91676666194235,3.91671065439004
Train,3.9755297286727,3.97507713059895
Train,3.80579671084509,3.80686774014612
Train,3.88761316313648,3.88779810113192
Train,3.96672438214273,3.96691840569838
Train,4.04359978103431,4.0436882868089
Train,4.11816832579792,4.11844427118194
Train,4.19037317230911,4.19035937867011
Train,4.26063355140795,4.26092334251007
Train,4.32872618057114,4.32882514945231
Train,4.39504124743278,4.39494706568075
Train,4.45950510390379,4.45958979926945
Train,4.52205618977385,4.52211838224321
Train,4.58304654219205,4.58356537946383
Train,4.64240270334928,4.64236535984674
Train,4.70006219848319,4.70021699941572
Train,4.75634433085773,4.75642876594065
Train,4.81105583117705,4.81114180912118
Train,4.86449670167471,4.86458324653358
Train,4.9165954840518,4.91671254211542
Train,4.96729010380623,4.96732526197593
Train,5.01685478030241,5.01722285165306
Train,3.98188350097481,3.98264652333455
Train,4.08680313198991,4.0865000365884
Train,4.18743392569821,4.18761194876424
Train,4.28403358940905,4.28444597321504
Train,4.37683958905783,4.37664526495064
Train,4.46621432301762,4.46693274869176
Train,4.55206859007462,4.55197007031529
Train,4.6347388523018,4.6351138533355
Train,4.71439900882862,4.71418011809146
Train,4.79121052153352,4.7915597485553
Train,4.86532350740154,4.86567178444966
Train,4.93687771773986,4.93690696163685
Train,5.00600341769128,5.0059308773416
Train,5.07282217769136,5.07281943860289
Train,5.13744758698589,5.13750005963084
Train,5.20008659660723,5.1997049438578
Train,5.26063413302367,5.26070089740824
Train,5.31928749055971,5.31943286919704
Train,5.3761341869516,5.37584940619126
Train,5.43125643020805,5.43133490039327
Train,3.80668383142648,3.80599134683143
Train,3.88882324463649,3.88859483783017
Train,3.96818513953141,3.96804120983143
Train,4.0452662335182,4.04505427195545
Train,4.11998889692586,4.11972355073522
Train,4.19229098888572,4.19199436235795
Train,4.26261526232672,4.2623041180268
Train,4.33088218963967,4.33063241338095
Train,4.39702627130198,4.39669429374771
Train,4.46144474884924,4.46110398620658
Train,4.52405781885642,4.52376512725459
Train,4.58494033062171,4.58462505371426
Train,4.64402494988882,4.64382501949149
Train,4.7016585324601,4.70113251350267
Train,4.75776254791856,4.75746755568252
Train,4.81226961763522,4.81203331247525
Train,4.86549494651916,4.86509865710104
Train,4.91736174083572,4.91712769401056
Train,4.96780333482289,4.96738219841063
Train,5.01710749632245,5.01636772142228
Train,3.8065923949056,3.80699449966778
Train,3.8886064197217,3.88828896190535
Train,3.96786976195571,3.96786283100664
Train,4.0448689179732,4.0445335060358
Train,4.11935854780802,4.11916892392037
Train,4.19178912752817,4.19188803555153
Train,4.26192366820588,4.26143694999337
Train,4.33018053607644,4.33022968498699
Train,4.39633105603756,4.39630197048973
Train,4.46076484849178,4.46057578745967
Train,4.52326142725459,4.52313485639752
Train,4.58418457612679,4.58415559291461
Train,4.64332181158807,4.64319069268095
Train,4.70101360927798,4.70090621993586
Train,4.75705526032968,4.75726517754083
Train,4.81176613996812,4.81138050465233
Train,4.86494905877313,4.8647981696995
Train,4.91690422774519,4.91680755279958
Train,4.96744170531372,4.96741240548727
Train,5.01684424331222,5.01656284635101
Train,3.80598169005923,3.80614019867789
Train,3.88779166806166,3.88773230131483
Train,3.96724349491768,3.96723368870153
Train,4.04408185478775,4.04394713752845
Train,4.11860531520063,4.11857907664671
Train,4.19091693476019,4.1908183404521
Train,4.26127611010044,4.26126925104472
Train,4.32944489962584,4.32934969576309
Train,4.3956767528864,4.39573621022282
Train,4.4600530671393,4.46011685163103
Train,4.52279565009858,4.52259350822715
Train,4.58368347116849,4.58366487739113
Train,4.64293431625981,4.64283888831415
Train,4.70061332515475,4.7006180662429
Train,4.75691234861754,4.75688680740859
Train,4.8116263403641,4.81156853953871
Train,4.86494444162969,4.86490344323101
Train,4.91691939854648,4.91696671802492
Train,4.96771882120041,4.96762604940886
Train,5.01715252220658,5.01681018745148
Train,3.80611745251136,3.80678272202204
Train,3.88797624132592,3.88800694399106
Train,3.96729311878952,3.96754878362844
Train,4.04401258563774,4.04406296621164
Train,4.11859352704821,4.11872261380631
Train,4.19096154830705,4.19110521481343
Train,4.26121370022128,4.2614885502262
Train,4.32944144029445,4.32935193715821
Train,4.39558250687602,4.39561042610876
Train,4.46001950625772,4.46019356781471
Train,4.52267654508243,4.52297750510479
Train,4.58362637107861,4.58367195711617
Train,4.64280482988252,4.64280835967656
Train,4.70054659279845,4.70103348481643
Train,4.75677680023322,4.7565717347461
Train,4.81155403926451,4.81157805490511
Train,4.86493390785072,4.86542860988266
Train,4.91685242712222,4.91668733447295
Train,4.96759620615572,4.96756128012203
Train,5.01709318144252,5.01684482143173
Train,2.13110503377716,2.13415366692789
Train,2.35756594039655,2.35794364914182
Train,2.57210037883986,2.5728826677514
Train,2.77517082443318,2.77593820077891
Train,2.96810411893084,2.9691049039393
Train,3.1512295209872,3.15087939103978
Train,3.32566733230252,3.32576733079622
Train,3.49164818564297,3.49257889160799
Train,3.65012812832061,3.65062635775394
Train,3.80126413950996,3.80141225472471
Train,3.94587996244982,3.94576596149273
Train,4.08407718700531,4.08437880074052
Train,4.21657174553676,4.2162672983759
Train,4.34342335170367,4.34279628688819
Train,4.46525915279511,4.46540253525745
Train,4.5821070869374,4.58145048804727
Train,4.69452047452633,4.69487710179237
Train,4.80250309683787,4.8022880776698
Train,4.90654633848788,4.90664224561624
Train,5.00663561660344,5.00615178767475
Train,2.12542718901151,2.12506211388245
Train,2.35680946642296,2.35653554016608
Train,2.57479096064832,2.57460906638153
Train,2.78093242996199,2.78044879013032
Train,2.97596930016715,2.97583402803866
Train,3.16058243735891,3.15994551347103
Train,3.33595177927774,3.33572413896763
Train,3.50240607310473,3.50206661628908
Train,3.66093959731246,3.66060726410797
Train,3.81194632167764,3.81156870302948
Train,3.95579907932705,3.95550815021124
Train,4.09328230255759,4.09308395435801
Train,4.22467195265162,4.22439585054235
Train,4.35023256725699,4.35061707214481
Train,4.4705959788426,4.47046682245855
Train,4.58583598150907,4.5858823791059
Train,4.6965051107009,4.69642902421037
Train,4.8027582378426,4.80247504910949
Train,4.90474721886879,4.90459556727728
Train,5.00292996845484,5.00259944534628
Train,3.09471856431002,3.09504943960201
Train,3.23500323401663,3.23569073719409
Train,3.36948600584679,3.36943588795839
Train,3.49814142093172,3.49869189993478
Train,3.62152099346461,3.6224190037392
Train,3.74011669859572,3.74020800158905
Train,3.85386675800813,3.85437258236925
Train,3.96338341441379,3.96392488215497
Train,4.06858886865565,4.06908451867639
Train,4.16988148579777,4.17019139073818
Train,4.26761921468376,4.26811688548332
Train,4.36170860181815,4.36190485137922
Train,4.4524835826098,4.45308737790037
Train,4.54024536245122,4.54075750071934
Train,4.62489176091581,4.62514713880955
Train,4.70682671634155,4.70742044570216
Train,4.78594487316106,4.78615183576767
Train,4.86250170191183,4.8628379136353
Train,4.93672894857503,4.93728827140148
Train,5.00851923481957,5.00863191410463
Train,3.12102400733333,3.12067723357177
Train,3.2516600495853,3.25109075161163
Train,3.37764850734976,3.3768112751859
Train,3.49961886205335,3.49844876300631
Train,3.61738623568338,3.61652879571193
Train,3.73152542089861,3.73041623546305
Train,3.84185090945959,3.84110730559769
Train,3.948889628503,3.94807900299929
Train,4.05245698182108,4.05124790431
Train,4.1530377787631,4.15194370539393
Train,4.25044947762383,4.24985279375687
Train,4.34513964281639,4.34466010952019
Train,4.43692862425731,4.43637513258727
Train,4.52623089738912,4.52549219514913
Train,4.61287030698899,4.61185627208761
Train,4.69723180404271,4.69646820427442
Train,4.77914315195154,4.77655876044446
Train,4.85896285064671,4.85819252004148
Train,4.93652286807139,4.93446798179502
Train,5.01215791623429,5.0113082819953
Train,2.12802222313387,2.1285834658338
Train,2.36490506830686,2.36540198325383
Train,2.58741701361465,2.58741510070104
Train,2.79682731094542,2.797555607307
Train,2.99426001799898,2.99479461499141
Train,3.18050290524228,3.18144313054654
Train,3.35688074995192,3.35749410380959
Train,3.5239672003733,3.52417284781404
Train,3.68247760551795,3.68329484341666
Train,3.83305571837262,3.83379173403955
Train,3.97628243440013,3.97671124163753
Train,4.11268328066721,4.1130035537717
Train,4.2427348591471,4.24291454927152
Train,4.36687041070761,4.3674960704011
Train,4.48548463667067,4.48572969318775
Train,4.59880853452407,4.59888933813636
Train,4.70743593043426,4.7074795366716
Train,4.81153385241181,4.8115400995157
Train,4.91137981519434,4.91145254486037
Train,5.00722911664882,5.00708288971509
Train,1.81038368656383,1.81140315546509
Train,2.02548317459678,2.02581142108829
Train,2.22448315080535,2.22460795588268
Train,2.40912590843956,2.40969405179203
Train,2.58091109202867,2.58099389842391
Train,2.74113651813628,2.74124891607789
Train,2.89093102363444,2.89093679057987
Train,3.03128110080254,3.03136027833534
Train,3.16305264842496,3.1629977882767
Train,3.28700885272938,3.2872568171515
Train,3.4036290244048,3.4036192657004
Train,3.51391553922327,3.51395658681577
Train,3.61819508414626,3.61800007870625
Train,3.71694542006264,3.71719437081629
Train,3.81059495178111,3.81047629740351
Train,3.8995289411069,3.89955655463564
Train,3.98409480442473,3.98389011566178
Train,4.06460664839623,4.06472935163765
Train,4.14134916861401,4.14148798084352
Train,4.21458101321029,4.21479817726504
Train,3.63871956291818,3.63818575294135
Train,3.68443844465506,3.6842722779038
Train,3.72943380900986,3.7292481009863
Train,3.77372269602578,3.77384753341175
Train,3.81732161481877,3.81721387449943
Train,3.86024656409576,3.86029563615011
Train,3.90251305172862,3.90243571352039
Train,3.94413611343421,3.94405082977755
Train,3.98513033060777,3.9848773555932
Train,4.02550984735411,4.02567551645188
Train,4.06512318277353,4.06486679526279
Train,4.10431649407969,4.10436121452221
Train,4.14293501937491,4.1429280763914
Train,4.18099131082732,4.18084350169374
Train,4.21849755776087,4.21848635862261
Train,4.25546559967218,4.25560799184314
Train,4.29190693869096,4.29158751618525
Train,4.3278327515116,4.32796442409744
Train,4.36325390082198,4.36296874446271
Train,4.39818094625394,4.39795514813886
Train,2.12394485879005,2.12348793312412
Train,2.36253145342356,2.36142314026074
Train,2.58639664325875,2.58569899605936
Train,2.79686217341245,2.79511875902244
Train,2.99509615828359,2.99314651676832
Train,3.18213477249621,3.17940297112364
Train,3.35890036774416,3.35781160191982
Train,3.52621668424383,3.52450096439861
Train,3.68482168623649,3.68327666263212
Train,3.83537844351841,3.83367952715344
Train,3.97865648210298,3.97767425883649
Train,4.11484315904178,4.11365297970042
Train,4.24460817712452,4.24331271519623
Train,4.36839527853357,4.36760368057003
Train,4.4866082419962,4.48569244244572
Train,4.59961528261212,4.5986762233224
Train,4.70775288291926,4.70710268230323
Train,4.81132913916585,4.81086145364679
Train,4.9106266928821,4.91007481198176
Train,5.00590530649725,5.00544851155428
Train,2.12454614480475,2.12451420855359
Train,2.36124242760022,2.36122130932199
Train,2.583596571022,2.58368325549236
Train,2.79287379339299,2.79289822270221
Train,2.99019474602229,2.99028649087268
Train,3.17634440962545,3.1764438068567
Train,3.35264488666534,3.35286123979313
Train,3.51966784244275,3.51996528133168
Train,3.67812682368655,3.67813368263887
Train,3.82866403305453,3.8288065490633
Train,3.97185902836873,3.97172304488777
Train,4.10823617927866,4.10809851785598
Train,4.23827108360367,4.23817917860288
Train,4.36239610883781,4.36227086683357
Train,4.4810051948849,4.48095452220878
Train,4.5943286719227,4.59431130995654
Train,4.70295978316444,4.70275153229159
Train,4.80706504866697,4.80697551078629
Train,4.90692153400672,4.90686734088376
Train,5.00278414163215,5.0025704068612
Train,3.61781769545303,3.61622279815492
Train,3.71311090183243,3.71271661806531
Train,3.8052118033507,3.8041796639518
Train,3.89461685899784,3.89439667716942
Train,3.98127783886077,3.98002934890246
Train,4.06515968127861,4.06447074909374
Train,4.14670308777205,4.14658331055398
Train,4.22570352652498,4.22471907704312
Train,4.30256964684118,4.30266700217908
Train,4.37724455012331,4.37710530976619
Train,4.44968274008806,4.44968778556358
Train,4.52025102506863,4.51999453135068
Train,4.58889006716147,4.58829945016623
Train,4.65555096029226,4.65583541836531
Train,4.72056486130055,4.71954782505054
Train,4.78375096267509,4.78350380369375
Train,4.84541951261419,4.84507504155044
Train,4.90550990522963,4.90548056723492
Train,4.96397052250287,4.96336555179005
Train,5.02108382208846,5.01966997410636
Train,3.80529054130264,3.80493700763327
Train,3.88679681874998,3.88670913974056
Train,3.96582059737692,3.96539290568035
Train,4.04247359291613,4.04161588363058
Train,4.11702058066718,4.1168927718827
Train,4.18923660522049,4.18822187102342
Train,4.2593794489494,4.25898629940639
Train,4.32753712397606,4.32737191707565
Train,4.39379273013306,4.39354224306589
Train,4.45822479296398,4.45794092968572
Train,4.52104228020264,4.52071204837557
Train,4.58204247929134,4.58183636782633
Train,4.64143038938043,4.64124837614509
Train,4.69926909806741,4.69886741284427
Train,4.75561844390338,4.75543724335876
Train,4.81053522289395,4.81019074908545
Train,4.86418855309537,4.86343457508337
Train,4.91639651904905,4.91591559552035
Train,4.96732599419534,4.96717890554282
Train,5.01702337281038,5.0164458286672
Train,3.80736096473406,3.80779623935086
Train,3.88858403413005,3.88848772854544
Train,3.96735867808067,3.9674937042364
Train,4.04379396240969,4.04438096017839
Train,4.11799256989397,4.11786577737075
Train,4.18989753363257,4.19026783364825
Train,4.25991190495825,4.2602598205267
Train,4.32796357812471,4.32824457735114
Train,4.39413394220815,4.3944252790825
Train,4.45849994758805,4.45883632938057
Train,4.5211344044673,4.52136568956485
Train,4.58210625762007,4.58238923294994
Train,4.64148083954705,4.64189771970996
Train,4.69932010399234,4.69973923631915
Train,4.75568284157655,4.75566734122549
Train,4.81050745255944,4.81096618220181
Train,4.86408474244579,4.86391290457686
Train,4.91634471224362,4.91670851675008
Train,4.96733535591866,4.96688402346626
Train,5.01710236398957,5.01653161431022
Train,2.61222951173734,2.61208967688435
Train,2.80811446214001,2.80775718994846
Train,2.99245153987645,2.99172607959918
Train,3.16576291100847,3.1647439964654
Train,3.3294516305902,3.32808978036337
Train,3.48387819132424,3.48287810795591
Train,3.63020333715609,3.62919549500657
Train,3.76867178625001,3.76776738538319
Train,3.90025659835759,3.89933335546812
Train,4.02511866849551,4.02386334739276
Train,4.14408337770664,4.14292884412862
Train,4.25725040133072,4.25602893924224
Train,4.36532726481494,4.36411423199024
Train,4.46836864157228,4.46674457102199
Train,4.56698679313312,4.56588013695728
Train,4.66120317185336,4.6600122053278
Train,4.75155213950906,4.75041491373122
Train,4.83803057829081,4.83655296746292
Train,4.92110847417142,4.9203349209929
Train,5.0007645517408,4.99950545807224
Train,2.41282712050804,2.41288709589571
Train,2.63109429546865,2.63063807403523
Train,2.83499448716023,2.83425188669935
Train,3.02637901735132,3.02524349278974
Train,3.20614058019622,3.20627443290141
Train,3.37530678295193,3.37492002108775
Train,3.53458766572841,3.53403696561145
Train,3.68520263962307,3.68396358957398
Train,3.82766101707114,3.82735956573742
Train,3.96260791403029,3.96237837796798
Train,4.09046122106435,4.08989000542351
Train,4.21207163177726,4.21104910837312
Train,4.32773961627218,4.32673259876174
Train,4.43789034675677,4.43616824392666
Train,4.54277702375156,4.54219799341081
Train,4.64302076594095,4.64227211715479
Train,4.73880211646381,4.73783802589605
Train,4.83041255545816,4.83039162030764
Train,4.91800795756756,4.91868140796578
Train,5.00205880059445,5.00104181593633
Train,3.80573082075371,3.80567925406649
Train,3.88773727770744,3.88748572126497
Train,3.96701709542473,3.9666797230675
Train,4.04402828289242,4.04320765537705
Train,4.11855134446702,4.11808875529096
Train,4.19101016451579,4.19052572338114
Train,4.26119208402135,4.26076708327309
Train,4.32949058491133,4.32916958945862
Train,4.39569993085284,4.3951695274518
Train,4.46018640179187,4.46007187086798
Train,4.52275117028072,4.52256505996775
Train,4.58373608070372,4.58341509299498
Train,4.64294912850176,4.64248844431131
Train,4.70071012561216,4.70053700890276
Train,4.75683375293796,4.75658760366787
Train,4.81161988722901,4.81148104945169
Train,4.86488972160738,4.86448893645138
Train,4.91692503600415,4.91673324075964
Train,4.96755333844134,4.96744273494551
Train,5.01703993013606,5.0165348360315
Train,3.80679963017006,3.80747120398155
Train,3.88853619945631,3.88850589390495
Train,3.96790495497618,3.96778651550267
Train,4.0446788190934,4.04497165262728
Train,4.11914158398224,4.1190822470744
Train,4.1913960576722,4.19141290911648
Train,4.26168896550085,4.2613500621228
Train,4.32980739164389,4.33016426361428
Train,4.39599177344604,4.39617831380747
Train,4.46032332614735,4.46026981055184
Train,4.52301259847589,4.52282444263255
Train,4.58386088680499,4.58411084488034
Train,4.64307442647552,4.64320135665184
Train,4.70071822294743,4.70068833513506
Train,4.75697405317594,4.75674570518458
Train,4.81165690988026,4.81174157297937
Train,4.86494560966168,4.86488923747675
Train,4.91689279812694,4.91665088685841
Train,4.96765701656937,4.96786691137822
Train,5.01706616086291,5.01659237627609
Train,2.1264630479748,2.12402603971714
Train,2.37653488173815,2.37489843998628
Train,2.60914260244254,2.60696160539374
Train,2.8260539302984,2.82417273423926
Train,3.0288058003377,3.02675421394088
Train,3.21851318760073,3.21770061861025
Train,3.39682319959956,3.39676528842392
Train,3.56453123581615,3.56432973223127
Train,3.72255555733417,3.72274099235074
Train,3.87171135732841,3.87165542443836
Train,4.01272482711095,4.01141760163591
Train,4.1462449798098,4.14532595511992
Train,4.27285363793612,4.27071645359683
Train,4.39307390910113,4.39314346946048
Train,4.50737741030857,4.50685119118862
Train,4.61605901206237,4.6149471901881
Train,4.7197740013585,4.71873834128928
Train,4.81873533550023,4.81846853477327
Train,4.91326250996789,4.9129323297966
Train,5.00364701636392,5.00310704239382
Train,2.12529399055227,2.12536938813719
Train,2.3610535701869,2.36097922062618
Train,2.58268886024907,2.58229993627901
Train,2.79143221890031,2.79129478672257
Train,2.98837669011927,2.98785483534448
Train,3.17428418293765,3.17386331152375
Train,3.35045654353513,3.35018216744356
Train,3.51744905314268,3.51716060520994
Train,3.6759609975407,3.67548102677392
Train,3.82662239611984,3.82635110306001
Train,3.97000237094471,3.96969359368086
Train,4.10661633102428,4.10633218553994
Train,4.23693216296233,4.23664186178212
Train,4.36137558470172,4.3611800001745
Train,4.48033479145105,4.48003804230393
Train,4.5940346890195,4.5935503399669
Train,4.70306509449464,4.70261352183297
Train,4.80758836390749,4.80711834670365
Train,4.90787831398354,4.90763631006121
Train,5.00418702186823,5.0035686085248
Train,2.89537513363056,2.89450698072324
Train,3.0536379441106,3.05335866745736
Train,3.20420484140988,3.20365730165213
Train,3.34802429362926,3.34795912875416
Train,3.48515656987851,3.48457576404326
Train,3.61642334737393,3.61635262291384
Train,3.74184210854682,3.74149609773303
Train,3.86213073069763,3.86179552581598
Train,3.97727516498583,3.97681762529101
Train,4.08790741579409,4.08800925154355
Train,4.19399024030099,4.19335595136363
Train,4.2960839175057,4.29607729951385
Train,4.39413423522894,4.39389293273416
Train,4.48864103584654,4.48852242818975
Train,4.57953781612972,4.5791827433859
Train,4.66727308145552,4.66679891008243
Train,4.75177157289784,4.75176290905802
Train,4.83343786296961,4.83320788918354
Train,4.91219062008994,4.91214259208209
Train,4.98839656101453,4.98795855703065
Train,2.12906418543011,2.13034530662117
Train,2.35308141300262,2.35334871338273
Train,2.56542882672524,2.56600790126686
Train,2.76699515810088,2.76760568011377
Train,2.95858112928632,2.95914169691969
Train,3.14110098486479,3.1417494876514
Train,3.31481911535804,3.31542671225179
Train,3.48053063417806,3.48128299933887
Train,3.63877660574406,3.63947579645173
Train,3.79005041695326,3.79065302140225
Train,3.93480291554596,3.93545485544018
Train,4.07344689795771,4.07412822114566
Train,4.20636104075348,4.20693473520078
Train,4.33389335449844,4.33467082386778
Train,4.456364226402,4.4569131956232
Train,4.57419294059069,4.57458531700104
Train,4.68740004454056,4.68794355203136
Train,4.79636676456226,4.79633590301091
Train,4.90132696795993,4.9014291465428
Train,5.00249763470914,5.00235849309684
Train,2.11327924112793,2.11376376902626
Train,2.35658173031271,2.35664048874605
Train,2.58402546934839,2.58416262907122
Train,2.79756895725251,2.79753253333183
Train,2.99823329121516,2.99817935648025
Train,3.18714950788917,3.18715725842776
Train,3.36512869458639,3.36530659093842
Train,3.53345533466973,3.5334824363963
Train,3.6927224139305,3.69252020923159
Train,3.84364216199312,3.84375252557948
Train,3.98669984920483,3.98656813876005
Train,4.12278726264177,4.12305859688058
Train,4.25226189343012,4.25212218526576
Train,4.37559430295279,4.37576307380368
Train,4.49308448494283,4.49308758995176
Train,4.60538031108931,4.60539807784517
Train,4.71270265088896,4.71272625654092
Train,4.81537475333231,4.81548810927779
Train,4.91358611179845,4.91362685830245
Train,5.00782502962246,5.00796117728896
Train,2.11931570564177,2.11972150402289
Train,2.3406265962765,2.34067911773309
Train,2.55116795758867,2.55116720838123
Train,2.75129450116235,2.75132555724122
Train,2.94195662315319,2.94193998743867
Train,3.12399779507719,3.12414878034906
Train,3.29763110619184,3.29758795625821
Train,3.46376840277535,3.46401829052775
Train,3.62255649902256,3.62257005660649
Train,3.77462943147285,3.77468611941003
Train,3.92055509928084,3.92068304336863
Train,4.0604092681375,4.06049070052541
Train,4.19470191116971,4.19470912899851
Train,4.32389192490515,4.32409325446497
Train,4.44800740475618,4.4480264628728
Train,4.56758893748675,4.5676625360793
Train,4.68264181646858,4.68277918299282
Train,4.79353331726023,4.793524738001
Train,4.90059612973595,4.90065108826821
Train,5.00381083553416,5.00388011493487
Train,2.12839386717379,2.12838229900808
Train,2.365771339067,2.36548227149615
Train,2.58861642001629,2.58838098534034
Train,2.79822399569451,2.79788402349368
Train,2.99595677854541,2.99557003352675
Train,3.18238533043354,3.18217955710861
Train,3.35864594203122,3.35818464362092
Train,3.52554838030815,3.52553377048025
Train,3.68381865018817,3.68351406216243
Train,3.83410955193628,3.83359271410154
Train,3.97716753219631,3.97701289546239
Train,4.11320149800927,4.11289953255618
Train,4.24285952041615,4.24246700394724
Train,4.36657959778536,4.36649134264007
Train,4.48476050856266,4.48443170035898
Train,4.59776610501519,4.59757748866832
Train,4.70604892226684,4.70584784229868
Train,4.80966900378909,4.80942403150402
Train,4.90903120470013,4.90884294210991
Train,5.00439268407793,5.00397924519348
Train,3.72531940591216,3.72598457129789
Train,3.81355006248276,3.81401806938811
Train,3.89910370578193,3.90031285601435
Train,3.98176646028418,3.98202941998898
Train,4.06200497426463,4.06240213192359
Train,4.1396107291213,4.14030083673424
Train,4.21501447792363,4.21503511161427
Train,4.28801348777979,4.28872802661499
Train,4.35900664635875,4.35891399152752
Train,4.42779725741733,4.42796635846753
Train,4.49475579342107,4.49595745350962
Train,4.55969171397872,4.5597450838759
Train,4.62295004665311,4.62338856220595
Train,4.68434642897675,4.68418264690263
Train,4.74420301403268,4.74494333166513
Train,4.80234156827577,4.8023024855429
Train,4.85906360552771,4.8597068430754
Train,4.91419692076629,4.9137922127702
Train,4.96802434118798,4.96768927819357
Train,5.0203795533777,5.02053534200968
Train,2.12342114714285,2.12427410046803
Train,2.34787688663283,2.34854822923808
Train,2.56067714470089,2.56078683183296
Train,2.76270681057394,2.76335157658468
Train,2.95454483116554,2.95448934755404
Train,3.13735944970684,3.13740863895509
Train,3.31157383725271,3.31132612253714
Train,3.47778092391275,3.4778450081576
Train,3.63652035933355,3.63627099292353
Train,3.78828436590831,3.78859100679983
Train,3.93335700316597,3.93328317871783
Train,4.07248886439546,4.07247077483044
Train,4.20588483348326,4.20621861892869
Train,4.33389245095729,4.33507104475575
Train,4.4568317363142,4.45759105529578
Train,4.5749978593045,4.57602151587344
Train,4.68853339679662,4.68923470126174
Train,4.7979556877325,4.79779169581161
Train,4.90336333270543,4.90384237329272
Train,5.00497329444606,5.00540974846081
Train,2.1208704296624,2.12191601916129
Train,2.34465519429434,2.34455722250277
Train,2.55717767725885,2.55739378996805
Train,2.75878680337357,2.75919806167803
Train,2.95075851920009,2.9510604730749
Train,3.13333216068679,3.13410085901705
Train,3.30759612221184,3.30785471214767
Train,3.47370835082017,3.47423709889699
Train,3.63260634091391,3.63328701391583
Train,3.78438719218116,3.7847364904228
Train,3.92986554903779,3.93031694255478
Train,4.06909280128947,4.0694817914482
Train,4.20278250003747,4.20324947848712
Train,4.3309515951509,4.33154385812668
Train,4.45422962792305,4.45473165316798
Train,4.57260757488032,4.57310762679845
Train,4.68664453331732,4.68687649452477
Train,4.79631191747419,4.79658249877684
Train,4.90210926517572,4.90208686479309
Train,5.00399331640657,5.00396414467104
Train,2.12924931223767,2.12984586963285
Train,2.35912135883691,2.35905546195136
Train,2.57606560891658,2.57666664050339
Train,2.78134971765133,2.78126144677663
Train,2.97549677801343,2.97583562009095
Train,3.15957488024274,3.15977467726043
Train,3.33434752821244,3.33461089777848
Train,3.5005029360257,3.50036372948671
Train,3.65882320039333,3.65903487645119
Train,3.80954418524963,3.80978056537424
Train,3.95334573313776,3.95350561442319
Train,4.09069364756216,4.0906070678393
Train,4.22214607077486,4.22245268734696
Train,4.34781929167818,4.34780233447964
Train,4.46820830188515,4.4683614437381
Train,4.58363951855301,4.58369815801416
Train,4.69441301658393,4.69449046294176
Train,4.80091331381728,4.80096796712314
Train,4.9031747958769,4.9032805935276
Train,5.0015455379266,5.00141347546014
Train,2.12268676356649,2.12314972632885
Train,2.35437024298205,2.35449635134864
Train,2.57261457400547,2.57311878706969
Train,2.77900928900267,2.77842817502096
Train,2.97427889183946,2.97471051590401
Train,3.15929927688799,3.15905022080551
Train,3.33466344003837,3.33461677407468
Train,3.50147538002271,3.50179141091212
Train,3.66017057548459,3.65986090384104
Train,3.81132737330689,3.81121646272368
Train,3.95531135041539,3.9554610437699
Train,4.09292492768439,4.0926795829655
Train,4.22443618249143,4.2245394824422
Train,4.35024221157688,4.35040316437517
Train,4.47057315835938,4.47017569594755
Train,4.58603412447468,4.58635196562682
Train,4.69679208283185,4.69668762646324
Train,4.80312864558078,4.80265408259584
Train,4.90519018636411,4.90504756984592
Train,5.00344703892792,5.0031997029655
Train,2.12265009782257,2.1228300791845
Train,2.35572979025563,2.3556023265628
Train,2.5750598392882,2.57423286228732
Train,2.78228252437193,2.78203770243999
Train,2.97815509591462,2.9777275735978
Train,3.16337869508461,3.16315828578081
Train,3.33919032227398,3.33896409667796
Train,3.50610313654632,3.50588277811767
Train,3.66459901773056,3.66447919159691
Train,3.81563599656026,3.81547046427295
Train,3.95956741881483,3.95884984314034
Train,4.09688318371382,4.09709600967471
Train,4.22788248146663,4.22747964725568
Train,4.3532717463446,4.35315838077804
Train,4.4732692247139,4.47267618203477
Train,4.5880866177951,4.58811367499584
Train,4.69829906504583,4.69824712876289
Train,4.80405938971801,4.80413227115787
Train,4.90551810405756,4.905444072705
Train,5.0031513190045,5.00308140940615
Train,2.12003463554383,2.12002432413283
Train,2.35714783650814,2.35660019908391
Train,2.57988878253158,2.57909426409606
Train,2.78952576432176,2.7892432780136
Train,2.98718210835904,2.98667575734726
Train,3.17385631307468,3.17370651966485
Train,3.35043891934648,3.3502091972332
Train,3.51772671694906,3.51768225355045
Train,3.67643476517014,3.67667012138554
Train,3.82720661015239,3.82722697370627
Train,3.97076419218273,3.97088892158354
Train,4.10734393666354,4.10753666990058
Train,4.23757068763201,4.23769469146646
Train,4.36187763354051,4.36190429276758
Train,4.48065945461069,4.48094906920596
Train,4.59427650878617,4.59460369027511
Train,4.70305848327393,4.70321355620399
Train,4.80730758961421,4.80744904982566
Train,4.9073013674932,4.9074503841548
Train,5.00329515207782,5.00337026209309
Train,3.80508631483291,3.80491693893418
Train,3.88654810933985,3.88706608849316
Train,3.96554137244398,3.96467760075757
Train,4.04217663505703,4.04140165494755
Train,4.11655792629238,4.11720482646342
Train,4.18878324460844,4.18761274850112
Train,4.25894498856847,4.25752093663323
Train,4.32713035119821,4.32753581363795
Train,4.39342168148047,4.39221982922027
Train,4.45789681613797,4.45839867168979
Train,4.52062938451491,4.52055185275094
Train,4.58168908906809,4.58119343287399
Train,4.64114196371404,4.64185731114412
Train,4.69905061204529,4.69763541522843
Train,4.75547442722233,4.75548062997404
Train,4.81046979516499,4.81025833114836
Train,4.86409028250449,4.86412891749933
Train,4.91638681061312,4.91624600151408
Train,4.96740781690015,4.96737243765529
Train,5.01719940444774,5.01558940137329
Train,3.18919590616482,3.1892873587858
Train,3.35110363820856,3.35003763789427
Train,3.50017321443827,3.49980662125745
Train,3.63809633302091,3.63680992020818
Train,3.76566391271009,3.76566722714779
Train,3.88419202512317,3.8825752106859
Train,3.99460860156457,3.99447268617223
Train,4.09771876847839,4.09625103967846
Train,4.19438176813094,4.19386401562224
Train,4.28488832998997,4.28318849104835
Train,4.36994699884477,4.36925473775773
Train,4.4500352933538,4.44766916680237
Train,4.52570006680876,4.52522970462451
Train,4.59706403329089,4.59642716350936
Train,4.66459410755469,4.66359255249699
Train,4.72859116050274,4.7282393909627
Train,4.78932538379668,4.78885261934192
Train,4.84713484658777,4.84665493682405
Train,4.90204523927743,4.90071176354104
Train,4.95435506960501,4.9536014271871
Train,2.12396630538222,2.12377852475038
Train,2.35179801990334,2.35185711851227
Train,2.56719130228627,2.56805798652204
Train,2.77113769693759,2.77122639025038
Train,2.96472585072628,2.96576659107086
Train,3.14834545487138,3.14783567649283
Train,3.3229274537559,3.32316667892883
Train,3.48912305658993,3.48982694007282
Train,3.64752237575987,3.64712353120558
Train,3.79866142779374,3.79939596304757
Train,3.94317785281554,3.9433810017581
Train,4.08121105218151,4.08183706248383
Train,4.21332460613861,4.213690507102
Train,4.33989132251716,4.34048093973979
Train,4.46125334785472,4.46148304147937
Train,4.57772525603336,4.5780385255639
Train,4.68971305924139,4.68964003273868
Train,4.79724700049699,4.7973860274069
Train,4.90069504887542,4.90069973671052
Train,5.00028573597156,5.00037453210825
Train,2.12959268598176,2.13012782117585
Train,2.34922797403016,2.34910283433419
Train,2.55808462116416,2.55798033019528
Train,2.75693707001518,2.75742931161949
Train,2.94648730718673,2.94634385938116
Train,3.12737314322413,3.12728252529632
Train,3.300175382515,3.30072915053461
Train,3.46542405295298,3.4656390708551
Train,3.62360383613738,3.62423727827991
Train,3.77515881529847,3.77530928891065
Train,3.92049663890815,3.92046611278784
Train,4.05999218218508,4.06066848967748
Train,4.19399077574487,4.19403882488405
Train,4.32281105994149,4.32284785317461
Train,4.44674751456767,4.44708607086068
Train,4.56607270619007,4.56611210177653
Train,4.68103928921828,4.68138468359393
Train,4.79188179162676,4.79184511063795
Train,4.89881821189066,4.89908046385244
Train,5.00205145001714,5.00194415211445
Train,2.12566445510026,2.1263246564049
Train,2.3510771857013,2.35130548221059
Train,2.5643697422057,2.56449344738212
Train,2.76693524240595,2.76691131202097
Train,2.95935288700232,2.95972023856302
Train,3.14216688607041,3.14246290562733
Train,3.31645903249907,3.31658100465575
Train,3.48262977900552,3.48334938920016
Train,3.64106046988412,3.64144262838818
Train,3.79261081227122,3.79319761265651
Train,3.93756061359706,3.93759082119504
Train,4.07633189810952,4.07700360534363
Train,4.20916581699346,4.20946049733175
Train,4.33671472675721,4.33725114349363
Train,4.45915344895581,4.45976523062564
Train,4.57665406274027,4.577123414776
Train,4.68975735968976,4.69052133856167
Train,4.79858602189858,4.79883597388107
Train,4.90326284345048,4.90316863518819
Train,5.00424258269513,5.00407672826987
Train,0.883406418023391,0.885039283355582
Train,1.16053240111596,1.16098929844156
Train,1.415347312742,1.41611546024797
Train,1.64968499032115,1.65032308700029
Train,1.8662672181082,1.8668935282476
Train,2.06736284559467,2.06769711858942
Train,2.25397073943433,2.25404586573859
Train,2.42788327684906,2.42790157251147
Train,2.59061699747766,2.58931022384786
Train,2.74272144222805,2.74226234101661
Train,2.88543657785304,2.8846068965795
Train,3.01960576818161,3.01916596278897
Train,3.14618016407275,3.1455125301145
Train,3.26539767298131,3.26480356244429
Train,3.37806498066384,3.37718108856643
Train,3.48488162631605,3.48464473217609
Train,3.58596105495869,3.58536618483777
Train,3.6819099195626,3.68133948212198
Train,3.77325840106972,3.77314304138417
Train,3.86004507831147,3.85903631075053
Train,2.1277819703467,2.12751306907739
Train,2.3553920426656,2.35542083057226
Train,2.57056746525497,2.57044292197679
Train,2.774510200992,2.77431674722902
Train,2.96767848696358,2.96774385729805
Train,3.15109327755476,3.15095478114381
Train,3.32547509579793,3.32549941884645
Train,3.49147520042057,3.49127978093748
Train,3.64984737003697,3.64980943584669
Train,3.80079286731003,3.80094706200907
Train,3.9449711958806,3.94491671104333
Train,4.0828274556459,4.0826908996678
Train,4.21490531602045,4.21500227465731
Train,4.34129827692849,4.34120733806049
Train,4.46249118487946,4.46261090853659
Train,4.57879848197566,4.57877361451392
Train,4.69050975921922,4.69044274959742
Train,4.79800371026766,4.7981182939111
Train,4.90129987929587,4.90131020977424
Train,5.00074266561156,5.00075178179395
Train,2.1202359420544,2.12154807004845
Train,2.35623760001112,2.35700079234084
Train,2.5780921314055,2.57871290000912
Train,2.78703459336688,2.78763665695442
Train,2.98416034608739,2.98475968807907
Train,3.17044426101161,3.17062377926777
Train,3.34675684452105,3.34839721427124
Train,3.51387783992243,3.51430823736155
Train,3.67250775616745,3.67309227575606
Train,3.82327768285522,3.82388406543032
Train,3.96675768152906,3.96708391870925
Train,4.1034639885138,4.10379493776418
Train,4.23386522114016,4.23433535304503
Train,4.35838774460766,4.35966059113707
Train,4.4774203290061,4.47768848777196
Train,4.59131820366708,4.59161857582512
Train,4.70040659791529,4.70060916118382
Train,4.80498384255612,4.80517757730559
Train,4.90532409438881,4.90547407836129
Train,5.00167973614037,5.0018201709172
Train,3.74273550016899,3.74371379877994
Train,3.82874242906088,3.82896860200708
Train,3.91204548926235,3.91303768066427
Train,3.99277021307129,3.99411943991436
Train,4.07103448043977,4.07122849098232
Train,4.14694909332201,4.14701395578595
Train,4.22061829905803,4.22092771226016
Train,4.29214026799212,4.29200742716785
Train,4.3616075299277,4.36148214479908
Train,4.42910737349907,4.43073718105734
Train,4.49472221208447,4.49463085844764
Train,4.55852991948575,4.55864911717799
Train,4.62060413824944,4.6205009939149
Train,4.68101456319575,4.68169969016162
Train,4.73982720245054,4.73940004747419
Train,4.79710461803561,4.79811727815832
Train,4.85290614786091,4.8536746024256
Train,4.90728811077458,4.90724280715222
Train,4.96030399616043,4.96010154160467
Train,5.01200463942448,5.01211742906162
Train,3.79693439556105,3.79708266814123
Train,3.87713520306871,3.87729459947877
Train,3.9550573806178,3.95489388558053
Train,4.03066236005442,4.0307449953616
Train,4.10431291925466,4.10451077317703
Train,4.17595643483801,4.1757250703231
Train,4.24567384459165,4.24564183699113
Train,4.31354179207023,4.31383394874865
Train,4.37951559202317,4.37948575081828
Train,4.44390176439146,4.44390188031684
Train,4.50664522886314,4.50651949835446
Train,4.5678080600802,4.56783941450703
Train,4.62734330767854,4.62737481710064
Train,4.68552151860691,4.68566150519473
Train,4.74228743974852,4.74205580676062
Train,4.79769187990683,4.79784695303533
Train,4.85178323955669,4.85185599012038
Train,4.90451375460769,4.90449748171523
Train,4.95611737794341,4.95602629768109
Train,5.00653996048326,5.00652911624638
Train,2.1221828949409,2.12235473612964
Train,2.33175225558076,2.33232286874409
Train,2.5328438757832,2.53210329759168
Train,2.72558592830184,2.7261163076837
Train,2.91066809938173,2.91073499089543
Train,3.08853811646379,3.08875137188443
Train,3.25977644433965,3.26100876283454
Train,3.42442543521786,3.42557630030205
Train,3.58301291669796,3.58352078687312
Train,3.73586756797782,3.7370229895896
Train,3.88343881385723,3.88475753722014
Train,4.02571753041377,4.02805593225639
Train,4.1631175952725,4.16422111981956
Train,4.29588570789803,4.2965677444663
Train,4.42437781882477,4.42461944952083
Train,4.54855396622357,4.54912320975563
Train,4.66874551509666,4.66944768539543
Train,4.78514122530234,4.78541918652627
Train,4.89802858904853,4.89805504784454
Train,5.00734949443841,5.00707668749237
Train,2.127363861585,2.1247348908073
Train,2.36120034487585,2.36155131919077
Train,2.58131109369605,2.58147674678912
Train,2.78887016057013,2.78902381129592
Train,2.98473759057274,2.98472772875539
Train,3.1702220432636,3.17010542465141
Train,3.34596255326694,3.34646336836158
Train,3.51270727830512,3.51276011692244
Train,3.67112969428027,3.67127031188284
Train,3.82183768690393,3.82176592343603
Train,3.96524621173849,3.96558875604387
Train,4.10213074547067,4.10229932559014
Train,4.23280324799678,4.23297163686948
Train,4.35767720435445,4.35777990114002
Train,4.47713019960063,4.47731304218178
Train,4.59150773221558,4.59149153367616
Train,4.70102304081977,4.70109704135393
Train,4.80617825226882,4.80630642780307
Train,4.90713312034883,4.9072258633314
Train,5.00413438630347,5.00413008114992
Train,2.12697172194735,2.12805275429128
Train,2.34708100812815,2.34759176635998
Train,2.55662844887172,2.55712624312582
Train,2.75589571631045,2.75627041135886
Train,2.94584034493259,2.94612051152944
Train,3.12710161436918,3.12704669289815
Train,3.30046199925953,3.30072432180896
Train,3.46604339843245,3.46632573351962
Train,3.62454114621304,3.62508469722525
Train,3.77640028600461,3.77656627624674
Train,3.92219814783348,3.9222193286987
Train,4.06196608943863,4.06191653646238
Train,4.19622609537134,4.19595278707129
Train,4.32529745712326,4.32552255356131
Train,4.44961942211055,4.44995314925472
Train,4.56917146386033,4.56910200818675
Train,4.68435652012277,4.6848118633352
Train,4.79540957440937,4.79549256090104
Train,4.90267360385345,4.90306228824193
Train,5.00609851481497,5.00562424957752
Train,2.12679631226947,2.1264803758022
Train,2.35941052263164,2.35986179065367
Train,2.57855838927712,2.57816772032675
Train,2.7853763926517,2.78520466480404
Train,2.9807093859723,2.98073430135264
Train,3.16580492170389,3.16567815846065
Train,3.34129673264503,3.34094710806676
Train,3.50791335586963,3.50775365684967
Train,3.66631145689403,3.6663409020839
Train,3.81708447918541,3.8171883788018
Train,3.9606466690095,3.96068527122407
Train,4.0977387037355,4.09741630450299
Train,4.22867562454959,4.22906638457789
Train,4.35386285562561,4.35353549189313
Train,4.47367098020691,4.47377595386206
Train,4.58843940454499,4.58876411859092
Train,4.69838477973748,4.69817148883885
Train,4.80398676873918,4.8041654984554
Train,4.90541021219951,4.90548788283922
Train,5.00289830872002,5.00290471514745
Train,2.11959601515214,2.11972568935016
Train,2.35722643235063,2.35709931106976
Train,2.58036662613676,2.5803887367365
Train,2.79030275957965,2.79036109230947
Train,2.98817315549093,2.98802033477114
Train,3.17512527668088,3.17530469672784
Train,3.35178037342223,3.35142869124684
Train,3.51908850969932,3.51926567839109
Train,3.67777239842959,3.67790381672967
Train,3.82848211710734,3.82839670983958
Train,3.97180400931826,3.9719124382973
Train,4.10826830850856,4.1080083410634
Train,4.23835569298829,4.23854085196945
Train,4.36250294297825,4.36234052483633
Train,4.48110784000778,4.48122529088141
Train,4.59461671815349,4.59453877442866
Train,4.70319147943707,4.7033432023527
Train,4.80722338508463,4.80705822034361
Train,4.90699170771931,4.90720359558327
Train,5.0027532885297,5.00260331188474
Train,2.12039105261456,2.12107032501081
Train,2.3519822061585,2.35205337191292
Train,2.57043058964956,2.57046290584549
Train,2.77682410972723,2.77703517287591
Train,2.97213382689387,2.97212108955137
Train,3.15722923256873,3.15720508482627
Train,3.3328911903418,3.33300068001699
Train,3.49982294773069,3.49991765856976
Train,3.65865954593095,3.65854281625798
Train,3.80997589302896,3.81010199397861
Train,3.95429371703377,3.95447031715594
Train,4.09208757596232,4.09196385424002
Train,4.22379007087277,4.22390818048734
Train,4.3497963825008,4.34986906917766
Train,4.47046823172203,4.47056669987069
Train,4.58613734744369,4.5861863044338
Train,4.69710851194662,4.69730728893046
Train,4.80366224254902,4.8037513311283
Train,4.90605715927261,4.90600928471395
Train,5.00453208058388,5.00440035359497
Train,3.22398001027772,3.22359727713774
Train,3.29707425894986,3.2981874522884
Train,3.36821696589716,3.36810590598179
Train,3.43748525777209,3.43713180369377
Train,3.50495224991938,3.50492588902125
Train,3.57068730381067,3.57112875414168
Train,3.63475626490474,3.6339143093428
Train,3.69722168264786,3.69782100456359
Train,3.75814301415965,3.75791554478928
Train,3.81757681299849,3.81746471233782
Train,3.87542571072129,3.87550212728092
Train,3.93204693596976,3.93218069014256
Train,3.98733443150319,3.98756114675052
Train,4.04133477336249,4.04152013269049
Train,4.0940923938599,4.09412780294224
Train,4.14564970351116,4.14519775446388
Train,4.1960472047389,4.19588752059644
Train,4.24532359798794,4.24597547914891
Train,4.29351588083683,4.29314218299987
Train,4.34065944063894,4.34068603646301
Train,2.41237842794327,2.41284597188496
Train,2.51041837603494,2.50983446339524
Train,2.60552362221936,2.6056704438015
Train,2.69824767652747,2.69824424209946
Train,2.78826511213988,2.7887929522476
Train,2.87609419753086,2.87613091613457
Train,2.96142144075541,2.95984051173582
Train,3.04473318691561,3.04445599928295
Train,3.12572747707103,3.12642323339969
Train,3.20486164527284,3.2040814619977
Train,3.28184484139847,3.28219879797689
Train,3.35710795500672,3.35699671153998
Train,3.43037080987208,3.42917572545412
Train,3.50204012163821,3.50257749095908
Train,3.57184595081877,3.57159309695999
Train,3.64017285519684,3.6401895855015
Train,3.70676069880167,3.70723435085529
Train,3.77197367779375,3.77125261758192
Train,3.83556103484577,3.83597048655793
Train,3.89786821011268,3.89776082618482
Train,2.11374944733475,2.11360924936889
Train,2.34061683915293,2.34077170612727
Train,2.5556287583463,2.55609081688453
Train,2.75929575866743,2.75951212666405
Train,2.95267995739892,2.95242370283813
Train,3.13654092174186,3.13688437793462
Train,3.31173517103357,3.31179407270974
Train,3.47853700265252,3.47853771456721
Train,3.63768985289354,3.63778899662429
Train,3.78970806428591,3.78989287401782
Train,3.93520233142538,3.93532991761458
Train,4.07431271148091,4.07414953308034
Train,4.20757997417101,4.20784929345973
Train,4.33536469354172,4.335254219528
Train,4.4581179357134,4.45833673435118
Train,4.57590120583772,4.57587534079357
Train,4.68912065863185,4.68911419420328
Train,4.79803650811661,4.79806083242147
Train,4.90299193878839,4.90303361017141
Train,5.00400163362495,5.00391053554631
Train,3.84189218210925,3.84097849590762
Train,3.91914570888167,3.91785657213768
Train,3.99404245335493,3.99304820581892
Train,4.06697075439214,4.06633223317476
Train,4.13773209783996,4.13752608244977
Train,4.20668850268692,4.20279693773045
Train,4.2736477309011,4.27403112733737
Train,4.33894810605683,4.33846801290929
Train,4.40240362912144,4.40152312941791
Train,4.46433121481758,4.46205100443331
Train,4.52455101246306,4.52297556542908
Train,4.58336052897372,4.5824432495283
Train,4.64058593291853,4.63923890009028
Train,4.69650708194124,4.69446736449754
Train,4.75095600778627,4.75053330750234
Train,4.80419647036785,4.8039878470081
Train,4.8560661902854,4.85584281305637
Train,4.90681420376901,4.90558573208546
Train,4.95628373434393,4.95428363401879
Train,5.00471031572566,5.00310421512404
Train,3.17326917347123,3.17364584697498
Train,3.31114591244312,3.310988871679
Train,3.44256973444773,3.44369862552412
Train,3.56798329569134,3.56823471638927
Train,3.68794945837806,3.6886691998443
Train,3.80250955511672,3.8048535360067
Train,3.91216706133744,3.91249319186318
Train,4.01723009311391,4.02026290228241
Train,4.11798147716839,4.11810901724675
Train,4.21468129330634,4.2155929558503
Train,4.3076933378866,4.31032588771632
Train,4.39698546294538,4.39852187902579
Train,4.48289119812497,4.48505195920734
Train,4.56559960089773,4.5667501864009
Train,4.64528591275479,4.64525023548049
Train,4.72211279862145,4.72356050918461
Train,4.79633078743111,4.79845623673464
Train,4.86787852528508,4.86884295046184
Train,4.93699006652049,4.9372815810566
Train,5.00378775675194,5.00348082497658
Train,2.42746433646033,2.42882667573576
Train,2.48640199061086,2.4862962451225
Train,2.54435298802687,2.5442036160166
Train,2.60174376549108,2.60294877910201
Train,2.65838252697084,2.65806050606625
Train,2.71408770691495,2.71333918810706
Train,2.76926864099013,2.7703064822781
Train,2.82354918999678,2.82352098669799
Train,2.87732786557413,2.87770408602955
Train,2.9304241777447,2.9306977638189
Train,2.98266694162148,2.98210614373966
Train,3.03443921864485,3.0351348384429
Train,3.08556684506708,3.08498073132068
Train,3.1358844595936,3.13611310257693
Train,3.18576056252825,3.18546238962881
Train,3.23485397289149,3.23548934773135
Train,3.2835239492721,3.28317147346388
Train,3.3316061741713,3.33237506209116
Train,3.3789443720149,3.37896386806824
Train,3.42588457504986,3.42551898310194
Train,1.82646787689097,1.82697788076621
Train,1.90525791844439,1.90623880516796
Train,1.98270267548582,1.98304675710824
Train,2.05883631103993,2.05860942746222
Train,2.13391473999949,2.13450698629458
Train,2.20752038594211,2.20741496785922
Train,2.27991079699546,2.28084205634514
Train,2.35111582218725,2.35217879244738
Train,2.42116434093403,2.42136964987731
Train,2.49008430209492,2.49090975090803
Train,2.55810478786715,2.55795625120663
Train,2.62484475181526,2.6257733428356
Train,2.69053485946431,2.6903844808694
Train,2.75519968971901,2.75590918777743
Train,2.81886306018045,2.81893087572826
Train,2.88154805639523,2.88179840191879
Train,2.94346101440315,2.94353463807784
Train,3.00425295518589,3.00468658399768
Train,3.06413172113584,3.06473835875659
Train,3.12311773449742,3.12291500328865
Train,2.12516466065827,2.12513851746189
Train,2.33716114908949,2.33713682503003
Train,2.53996805982947,2.54002024646616
Train,2.7341702387169,2.73393197324185
Train,2.92030393462083,2.9206492877056
Train,3.09886174434207,3.09848952805623
Train,3.27029696576513,3.27039636208065
Train,3.4350274402613,3.43508564525109
Train,3.59343895291489,3.59346395868488
Train,3.74588824882124,3.74580919209257
Train,3.89270571509763,3.89266776156001
Train,4.03419777104592,4.03438011075195
Train,4.17064900285793,4.17044866394281
Train,4.30232407415955,4.30237719426805
Train,4.42946943938306,4.42932806862518
Train,4.55231488330608,4.55248451238003
Train,4.67107490699119,4.67092066351324
Train,4.78594997771227,4.78605709274416
Train,4.89712765818979,4.89713631566701
Train,5.00478362851573,5.00449888022558
Train,-2.74344279740449,-2.7431982119524
Train,-2.49832366551957,-2.49820122175151
Train,-2.2603346184739,-2.26076276359527
Train,-2.03018457327557,-2.03013152064523
Train,-1.8070023949338,-1.80714544800139
Train,-1.5899992113954,-1.58998609812261
Train,-1.37984986589535,-1.38012874290143
Train,-1.1753363876652,-1.17544236316462
Train,-0.977110728950478,-0.976950459458749
Train,-0.78446379399358,-0.785202367784223
Train,-0.596750155832868,-0.596724022732815
Train,-0.414587902391232,-0.414413000675268
Train,-0.237344491965689,-0.237507958307106
Train,-0.0644425461914411,-0.0645805623353226
Train,0.103532628297502,0.103213803697145
Train,0.267510008998287,0.267472092949902
Train,0.426925364204251,0.427058686349483
Train,0.58230854151931,0.582174694798596
Train,0.734145301036514,0.733655948162777
Train,0.881901677704193,0.881358693121001
Train,4.22114307401785,4.2214290748816
Train,4.27092915387103,4.27093932953721
Train,4.31968659154348,4.31992329445347
Train,4.36744694060283,4.36699357881298
Train,4.41405882320019,4.41427183541236
Train,4.45991823203486,4.4601218754251
Train,4.50486769302297,4.50527399188286
Train,4.54893402305271,4.5491413165073
Train,4.59214299550984,4.59201729196502
Train,4.63451939054477,4.63469038294716
Train,4.67592558152676,4.67625137692812
Train,4.71671046143182,4.71657876291283
Train,4.75673152064307,4.75676958706754
Train,4.7960100173901,4.79635333293118
Train,4.83456642829078,4.83430084415886
Train,4.87242048394644,4.8726531112261
Train,4.9094467456612,4.90947820664587
Train,4.94595503797459,4.94608141324716
Train,4.98181595037012,4.98148821828363
Train,5.01704655092553,5.01710225549323
Train,4.11470868154158,4.11410947460536
Train,4.17185788001603,4.1715957376
Train,4.22786464747821,4.22815853641077
Train,4.28235986950848,4.28206649312051
Train,4.33559920371485,4.33571890036546
Train,4.38762557000765,4.38762771628535
Train,4.43866756461441,4.43867975216563
Train,4.48838497194864,4.48819701730099
Train,4.53700712917677,4.53703017908992
Train,4.58456983373308,4.58437039618002
Train,4.63127910889496,4.63130569743953
Train,4.67682056651814,4.67660348078789
Train,4.72140114312707,4.72124778735451
Train,4.76505093175444,4.76483486234065
Train,4.80795663467098,4.80793041588186
Train,4.84982700370102,4.84965211707458
Train,4.89084974959399,4.89077427332813
Train,4.93105035333707,4.93089574989426
Train,4.97059884652402,4.97020185573638
Train,5.00922476797889,5.00587675919815
Train,4.21992064579747,4.21976005961187
Train,4.26974022623536,4.26957943807793
Train,4.31871438741194,4.31828845171549
Train,4.36649107150088,4.36651562790212
Train,4.4132949956313,4.41324846576026
Train,4.45915556930988,4.45875087165041
Train,4.5042762066365,4.50425354933395
Train,4.54833022727626,4.5481992531204
Train,4.59152241289011,4.5912817353601
Train,4.63387780879594,4.6337443888915
Train,4.67558247784803,4.67552526836516
Train,4.71633256765756,4.71619345751242
Train,4.75631550314629,4.75629781244061
Train,4.79555274577615,4.79531082923495
Train,4.83421518048099,4.83418600613368
Train,4.87201954791835,4.87193579319137
Train,4.90913806551148,4.90912180065061
Train,4.94558922959314,4.94545322612248
Train,4.98153056800724,4.98148707958171
Train,5.01669745030281,5.01657689232525
Train,2.87111866873502,2.87144653011637
Train,3.03689672073881,3.03692486471118
Train,3.19420326832043,3.19427097586595
Train,3.34367149289273,3.34370020657661
Train,3.48587300900729,3.48616865197982
Train,3.62132516977263,3.62131517683156
Train,3.75049735616833,3.75076099733997
Train,3.87381641140306,3.87389371419704
Train,3.99167135290364,3.99189506705443
Train,4.10441747153266,4.10454773881065
Train,4.21255285242099,4.21250679076911
Train,4.31602262236003,4.31627757158276
Train,4.41528112076258,4.41526573638839
Train,4.51058032119914,4.51081226376846
Train,4.6021524884946,4.60218533028819
Train,4.69021206873172,4.69027382010245
Train,4.77495736585336,4.77507715507818
Train,4.85657203245544,4.85669342050096
Train,4.93522639835917,4.93533745031164
Train,5.01107865718984,5.01084737795463
Train,4.3100877782714,4.31006652153155
Train,4.36115770628312,4.36127192030835
Train,4.41115580696383,4.41118190175621
Train,4.460115472284,4.46010289069091
Train,4.5080687214016,4.50796052764781
Train,4.55504627049331,4.55524899240845
Train,4.60107759836611,4.60103443596745
Train,4.64619100814373,4.64602935830771
Train,4.69041368529927,4.69041436349653
Train,4.73377175228393,4.73374321671145
Train,4.77615180588331,4.77619102231984
Train,4.81785766561425,4.81788342547952
Train,4.85877132938857,4.8587345947526
Train,4.89891515630077,4.89892785499978
Train,4.93831067186441,4.93824405260239
Train,4.97697860649986,4.97692179391015
Train,5.01493893190909,5.01494631084643
Train,5.05221089547164,5.05237538099027
Train,5.08881305278621,5.08866118869628
Train,5.12476329847349,5.12478704659588
Train,2.12016464815695,2.12022382182477
Train,2.35326866958822,2.35307145710976
Train,2.57297468503133,2.57273917605926
Train,2.78040553206236,2.77827213591809
Train,2.97656199015734,2.97434416670876
Train,3.1623389273006,3.16077017482166
Train,3.33853894949054,3.33581412199419
Train,3.50588399236667,3.50251205235691
Train,3.66502520805289,3.66288934259501
Train,3.81655143272875,3.81393432959158
Train,3.96120987843632,3.95883572281309
Train,4.09904913656665,4.09661167741433
Train,4.23073462779915,4.228720292449
Train,4.35666945194845,4.35388045877335
Train,4.47722225462845,4.4755337099341
Train,4.59273083137362,4.59138010629249
Train,4.70350528861566,4.70220271201106
Train,4.80983082380676,4.80679628351209
Train,4.91197017717116,4.91015193364001
Train,5.01016579946084,5.00588503066683
Train,2.12744169858149,2.12748345598084
Train,2.37097148215785,2.37079268932575
Train,2.59827525324982,2.59814074435417
Train,2.81148519853475,2.81103833858651
Train,3.01160754951304,3.01146579055057
Train,3.1995623451935,3.19936735669762
Train,3.37689595906516,3.37660295277601
Train,3.54403966517891,3.54391394729464
Train,3.70226675376502,3.7021194867848
Train,3.85207286361524,3.85197829923709
Train,3.99392406399412,3.99349489168526
Train,4.12879595120404,4.12807627342409
Train,4.25702028443094,4.25625537398446
Train,4.37891419273124,4.37800645057723
Train,4.49524483898669,4.49454454339866
Train,4.60608839289181,4.60549004678614
Train,4.71210664365114,4.71178194529057
Train,4.81347243784163,4.81278780545836
Train,4.91035593674023,4.90972470094857
Train,5.00329603149841,5.00296499513206
Train,2.12923639582564,2.12934144040628
Train,2.36858506485633,2.36884879197169
Train,2.59262964289315,2.59236091881758
Train,2.80336348937816,2.80352503672475
Train,3.00166886516516,3.00152653890837
Train,3.18861376921444,3.18872818758246
Train,3.36490720732054,3.36493206679734
Train,3.53188827249751,3.53156379713619
Train,3.69006001258038,3.6902033197257
Train,3.84010163414292,3.84005805311608
Train,3.98242992542413,3.98243992547214
Train,4.11799433987357,4.11813191801775
Train,4.2470892381035,4.24685769622738
Train,4.37016694240817,4.37025571562845
Train,4.48747801001475,4.48735507155652
Train,4.59972512910831,4.59981039834383
Train,4.70708208102682,4.70691284036002
Train,4.80986162114214,4.80981938107288
Train,4.90821551623668,4.90814057267562
Train,5.00268217420648,5.0023297364678
Train,3.3581303555405,3.35613692943298
Train,3.48552923692209,3.48538012013159
Train,3.60621066552336,3.60370830274042
Train,3.72112022082648,3.7188685545625
Train,3.83045774514167,3.82901932311506
Train,3.93442447594735,3.93394501347211
Train,4.03377730617876,4.03091091064562
Train,4.1284616362552,4.12652524955774
Train,4.21913759707876,4.21767531157093
Train,4.3058916975546,4.30544551469939
Train,4.38881749164177,4.38873452507687
Train,4.46846075943748,4.46662796824967
Train,4.54486908582568,4.54281246015307
Train,4.61809814921101,4.61527249592473
Train,4.68860634215515,4.68869112931861
Train,4.75628783390436,4.75401064812468
Train,4.82155383094727,4.82121849474061
Train,4.8844130678437,4.88089476025925
Train,4.94488251793182,4.94411686075182
Train,5.00331509993132,5.00178638704529
Train,2.11970819002408,2.12144880082633
Train,2.35439695283502,2.35486916634545
Train,2.57501694188082,2.5758240947689
Train,2.78331881898011,2.78308082866715
Train,2.98005861875957,2.98069726768153
Train,3.16593902633131,3.16626771582378
Train,3.34227827471404,3.34234890071821
Train,3.50958157912856,3.51050244401267
Train,3.66832588576851,3.66888688814652
Train,3.81953245900865,3.81941268644005
Train,3.96354374363294,3.96441644152947
Train,4.10086139436776,4.10061915530969
Train,4.23177597874857,4.23210359182849
Train,4.35704135783907,4.35713360174122
Train,4.47686373351261,4.47699561046466
Train,4.59144524669837,4.59210544996313
Train,4.70140033199095,4.70121499963716
Train,4.80686990281105,4.80709722990287
Train,4.90799473991276,4.90818205050164
Train,5.00528413268445,5.00544886781427
Train,3.50580575900939,3.50606972483365
Train,3.77175036935444,3.77158081325615
Train,4.01367762902903,4.01369080087898
Train,4.23427948586878,4.23432678335666
Train,4.43664259910537,4.43656295297842
Train,4.62258293097934,4.6226187990469
Train,4.79435045109314,4.79426507519383
Train,4.95320089993264,4.95318624054198
Train,5.10068010819761,5.10062089023268
Train,5.23809903316935,5.23809114494361
Train,5.366206031209,5.36614221835771
Train,5.48614763116344,5.48605355592008
Train,5.59846330519902,5.59834132742253
Train,5.70395977203252,5.7039483624103
Train,5.80333583665748,5.80313401165768
Train,5.89692769142975,5.89689744114003
Train,5.98539726985254,5.98536453262932
Train,6.06899159481619,6.06896095855336
Train,6.14825647399482,6.14825098688743
Train,6.22337371728178,6.22330081378459
Train,-0.535805342382497,-0.534756750930683
Train,-0.168468699331958,-0.168711988670111
Train,0.173127250563216,0.17353019984148
Train,0.492658789088338,0.492498789928504
Train,0.791199143134699,0.791052766428038
Train,1.07168543207368,1.07164670113707
Train,1.33482617391665,1.33511433713284
Train,1.58301046245569,1.58232096517168
Train,1.81708578223305,1.81750240627298
Train,2.03785188561479,2.03793767825846
Train,2.24711264355684,2.24744309124071
Train,2.44507903251402,2.4449995037794
Train,2.63327193619246,2.63356338853191
Train,2.81209679461256,2.81220136554475
Train,2.98195037854468,2.98226979126775
Train,3.14403533786045,3.14419573264604
Train,3.29835227457922,3.29850379316485
Train,3.44594250409114,3.44589802124392
Train,3.58676104415284,3.58691812561301
Train,3.72171743989085,3.7220144660314
Train,3.95263125566175,3.95107408928016
Train,4.02288648163984,4.02206896882126
Train,4.09099235056401,4.08820865504822
Train,4.15742951977435,4.155516220344
Train,4.22207075531228,4.22024429777957
Train,4.28480585338668,4.28317287241953
Train,4.34607175127266,4.34444813482696
Train,4.40574598160853,4.40329999560345
Train,4.46372144599926,4.46137445275963
Train,4.52039716908693,4.51855742764747
Train,4.57565565102133,4.57322723637481
Train,4.62954939495117,4.6276820929852
Train,4.68197602719439,4.67821861978155
Train,4.73329136100342,4.73228711028059
Train,4.78338457262286,4.78220657981728
Train,4.83215704686244,4.83104829831427
Train,4.87993672087812,4.87662353678752
Train,4.92661768938206,4.92525287890021
Train,4.97210515319201,4.96992362241872
Train,5.01670238294885,5.01470636401064
Train,2.86040319676761,2.86092446930707
Train,2.95516200005257,2.95516077862703
Train,3.04712330231474,3.04689654933463
Train,3.13640918463351,3.13635110218456
Train,3.22313472655317,3.22318434929184
Train,3.30765142230709,3.30765652404079
Train,3.389569224302,3.38972719054436
Train,3.46923493619347,3.46903627523716
Train,3.5467401706057,3.5470587955424
Train,3.62217163770004,3.62199430590408
Train,3.69561146877738,3.69572482449439
Train,3.76713751458212,3.76688338803797
Train,3.83682362058526,3.83714444084762
Train,3.90473988129319,3.90449016845378
Train,3.97095287542302,3.9709048076038
Train,4.03571234856193,4.03609675944608
Train,4.09870102110598,4.09846152999671
Train,4.16016733033225,4.16010143513267
Train,4.22016580789655,4.22124767534115
Train,4.27874841172472,4.27898785896832
Train,3.94834857241857,3.948356150162
Train,4.01740782830182,4.0171563192489
Train,4.08448366602558,4.08462831747602
Train,4.14999214614001,4.15024564921623
Train,4.21366295193003,4.21377649673377
Train,4.27588763399669,4.27563456497592
Train,4.33640625917733,4.33691010562325
Train,4.39558801139962,4.3958228334086
Train,4.45332951202728,4.45331073254056
Train,4.50953957443521,4.51008042225294
Train,4.56455731325964,4.56461151771509
Train,4.61814675620209,4.61826158982149
Train,4.6706290126182,4.6708844552486
Train,4.72190723519698,4.7221343314668
Train,4.77189501457726,4.77152395811572
Train,4.82088906483323,4.82107071592327
Train,4.86867467599852,4.86824880634231
Train,4.91553384593695,4.91566486976808
Train,4.96125967032967,4.96086870833096
Train,5.0061205195486,5.00564843801112
Train,4.00572486412074,4.00493928686046
Train,4.07069386799758,4.07062016438431
Train,4.1341514785684,4.13391133210826
Train,4.19582186023062,4.19525473911199
Train,4.25593840039826,4.2558390563936
Train,4.31455909413189,4.31423510353488
Train,4.37189090164368,4.37096163926617
Train,4.42767899470071,4.42704930959007
Train,4.4821289332508,4.48183090657403
Train,4.53528829293779,4.53526784867427
Train,4.58734033580375,4.58657312919968
Train,4.63804930355442,4.63806571503665
Train,4.68759766170562,4.68704096561851
Train,4.73602480488829,4.73549346100481
Train,4.78349420479014,4.78269913171971
Train,4.82978737850795,4.82968302549125
Train,4.87506741754815,4.87460725253914
Train,4.91936722087082,4.91857021240867
Train,4.96283356217221,4.96174486955715
Train,5.00526359910687,5.00436216916569
Train,4.30786190900008,4.3071685898758
Train,4.34911875274351,4.34907703069621
Train,4.38958931103504,4.38927032286301
Train,4.42958690573192,4.42965850210749
Train,4.4688315680982,4.4686346935996
Train,4.50762669888236,4.50725944720034
Train,4.5457003340541,4.54545218394196
Train,4.58334642240813,4.58136756581371
Train,4.62043602756402,4.62000485519093
Train,4.65684802204323,4.65682186733466
Train,4.69286298479566,4.69144143343146
Train,4.72822755697104,4.72836578647548
Train,4.76321391515958,4.76304613520915
Train,4.79770151081248,4.79744954219495
Train,4.83157681748398,4.83155940455617
Train,4.86510009875306,4.86453150369198
Train,4.89803478641953,4.89769077909295
Train,4.93063364025521,4.92943478304369
Train,4.96266634938228,4.96254222219432
Train,4.9943784928849,4.99388395660208
Train,2.11381598162526,2.11485939030536
Train,2.35975152066355,2.3597198391144
Train,2.58971946633783,2.58971954413573
Train,2.80467502260375,2.80493824486621
Train,3.00629967367229,3.00637012016523
Train,3.19603934511922,3.19612379978935
Train,3.3744561700665,3.3743042681308
Train,3.54275020653373,3.54278692169464
Train,3.70196371008232,3.70199437363772
Train,3.85242458682499,3.85228056297638
Train,3.99501860905168,3.99524219987507
Train,4.13034703663764,4.13028535257763
Train,4.25911725960685,4.25913392190705
Train,4.38147857577099,4.38133763115184
Train,4.49804807547099,4.49818685180071
Train,4.60937113197392,4.60931290908047
Train,4.71551941404335,4.71566009948583
Train,4.81697652558721,4.81685151009151
Train,4.9141723493683,4.9142823340153
Train,5.00712889188085,5.00699420001911
Train,2.12824086014106,2.12871552510478
Train,2.36563577693557,2.3659524544928
Train,2.58876682572363,2.58902417650825
Train,2.79834575793185,2.79868275357876
Train,2.99607567896539,2.99565155553864
Train,3.18245605234944,3.18176294987643
Train,3.35888799165738,3.35820552758378
Train,3.5257189974797,3.52544739664154
Train,3.68411765957447,3.68395297291136
Train,3.83432136404427,3.83410522906343
Train,3.97731673355594,3.97714146321232
Train,4.11326056571537,4.11338922897994
Train,4.24299498980412,4.24297438542271
Train,4.36661735849057,4.36658188296133
Train,4.48485354581673,4.48544143116305
Train,4.59775679944579,4.59760955219099
Train,4.70595833691108,4.70650023991766
Train,4.80947855874789,4.80970812792657
Train,4.90887077214744,4.90931898740382
Train,5.00413087628045,5.00414240380633
Train,2.12437101382411,2.1244807492767
Train,2.3512290524144,2.35102995621855
Train,2.56592591238666,2.5657810146804
Train,2.76941395359665,2.76900855830172
Train,2.96254862471074,2.96229369594948
Train,3.14610048437293,3.14606813753198
Train,3.32076547631727,3.32054731756216
Train,3.48717374731251,3.48703719562764
Train,3.64589724346215,3.64563435640594
Train,3.79745627785903,3.79736857480748
Train,3.9424936801774,3.94212208935642
Train,4.08109875316139,4.08116023311595
Train,4.21384435438266,4.21342906196514
Train,4.34109435273269,4.34110280958703
Train,4.46318310010972,4.46315761514415
Train,4.58041836494487,4.58035347316763
Train,4.69308392269098,4.69304388467572
Train,4.80144184917884,4.80114815496199
Train,4.90573455585667,4.90587468028389
Train,5.00618660018172,5.00599976682861
Train,5.12825314714536,5.12812280793878
Train,5.22807324783376,5.22798565760604
Train,5.3234386606687,5.32326821485913
Train,5.41445300671969,5.41430459875846
Train,5.50149719276265,5.50143594138353
Train,5.58491156061234,5.58476588089979
Train,5.66475330276161,5.66469561829581
Train,5.74140541072409,5.74125769443344
Train,5.81490305516721,5.81481424822414
Train,5.88551001183648,5.8854443618402
Train,5.95346382818578,5.9535121299341
Train,6.01877586215715,6.01856895795208
Train,6.08166230086552,6.08173311575229
Train,6.1423186225749,6.14231273315818
Train,6.20074012447725,6.20069109171163
Train,6.25716493748282,6.25722765675891
Train,6.31158068255573,6.31151137410052
Train,6.36414726549828,6.364088135575
Train,6.41501012561041,6.41510523013858
Train,6.46414862124372,6.46412216928002
Train,3.80787064129186,3.80800661076501
Train,3.8898763491532,3.88985734939342
Train,3.96929618216408,3.96931238808611
Train,4.04625055192399,4.0452053225381
Train,4.12085250832296,4.12080385089939
Train,4.19303900848582,4.1930745620266
Train,4.26325354655403,4.26309538595524
Train,4.33141573353746,4.33141672924103
Train,4.39761425773164,4.39744611129572
Train,4.46193277000705,4.46190584269789
Train,4.52445023645379,4.52426971337991
Train,4.58524126181113,4.58525013707549
Train,4.64437638646708,4.64427358467947
Train,4.70192235951398,4.70130940972012
Train,4.75794239008229,4.75787211785791
Train,4.81236848862255,4.81230769676768
Train,4.86551652420822,4.8653397641101
Train,4.9173091080499,4.91724335842446
Train,4.96779744005766,4.96763933802868
Train,5.01703017355194,5.01669674625009
Train,3.806617109391,3.80555664237909
Train,3.88872745957526,3.88866762072576
Train,3.96805714263483,3.96782361408259
Train,4.04511904278585,4.04466147924541
Train,4.11982671861387,4.11944534684881
Train,4.19211020094286,4.1916106181161
Train,4.26242708916631,4.26190555936773
Train,4.33068986335162,4.33020154574479
Train,4.39682588928662,4.39627927208494
Train,4.46124608316893,4.46076116673066
Train,4.52386335476693,4.52339809976547
Train,4.58475234690992,4.5843162091478
Train,4.64383937400634,4.64334000412055
Train,4.70148360033293,4.70110364400898
Train,4.75760000785312,4.7571437888837
Train,4.81211536859238,4.81163042126718
Train,4.865356297876,4.86506012431346
Train,4.91724002756876,4.91683929412102
Train,4.96769448492966,4.96738010081754
Train,5.01701804254222,5.01622987332667
Train,3.80588284254704,3.80695425081649
Train,3.88763077769702,3.88782649659697
Train,3.9668537308049,3.96696616597183
Train,4.04366690789852,4.04381955776626
Train,4.11817861140821,4.11831030956091
Train,4.19049074964758,4.19059795472276
Train,4.26069930183139,4.26080886671116
Train,4.32889474309265,4.32897690006212
Train,4.39516243345652,4.39504429592489
Train,4.45958297428733,4.45974950380332
Train,4.52208645869079,4.52207166788867
Train,4.5830410130851,4.58306411837839
Train,4.64236465318102,4.64233610703377
Train,4.70012197055097,4.69999435110367
Train,4.75637419038466,4.7565934425802
Train,4.81117938797974,4.81113581782847
Train,4.86459268873759,4.86443774708459
Train,4.91666645311231,4.91664748097537
Train,4.96745044781713,4.96720932878088
Train,5.01699200446504,5.01675898678513
Train,0.176039307231385,0.176030244103458
Train,0.491829061560372,0.491576131469628
Train,0.786189983580055,0.785800763995212
Train,1.060260249714,1.05953756465169
Train,1.3165208250122,1.31591325069166
Train,1.55707898845063,1.55608684768958
Train,1.78253343107456,1.78201831581828
Train,1.99463927302696,1.99345664054999
Train,2.19490352153171,2.19401951917098
Train,2.3836181001812,2.3824471810658
Train,2.56207124256819,2.56095576551888
Train,2.73107775108345,2.72980114386155
Train,2.89165437654659,2.89026243304397
Train,3.04387222746022,3.04325750996941
Train,3.18862533618351,3.18703353895398
Train,3.32669603920296,3.32569843434612
Train,3.458066060632,3.45640671709407
Train,3.583435393406,3.5827348531966
Train,3.70342045735597,3.70241193597758
Train,3.81794992943887,3.81679827696644
Train,2.12504486247883,2.12491723239509
Train,2.37489199552404,2.37641989131225
Train,2.60767217902113,2.60848694162996
Train,2.8244986217606,2.82523065603891
Train,3.02722669966997,3.02699960941391
Train,3.21744156556698,3.21812005998072
Train,3.39579031130041,3.39711159707804
Train,3.56357351961028,3.56521048409195
Train,3.72191458341093,3.72305798076559
Train,3.8711886297476,3.8726180905287
Train,4.0123415361702,4.01323410651821
Train,4.1460184888255,4.14709888423386
Train,4.27296821072343,4.27406053426239
Train,4.39336241952189,4.39461875590496
Train,4.50784962688509,4.50887446998968
Train,4.617000697633,4.61773362594977
Train,4.72090040077817,4.72165080486593
Train,4.82005198778212,4.82111112166604
Train,4.91490121639626,4.91527142123959
Train,5.00547786237325,5.00539898962597
Train,2.12749913734611,2.12617372901877
Train,2.37925839223504,2.37796890072059
Train,2.61285901515677,2.61230950250319
Train,2.83078537289142,2.82953613388963
Train,3.03428807162891,3.03330736362113
Train,3.22475320633669,3.22439229970041
Train,3.40315267803497,3.40275401654799
Train,3.57105287025575,3.57032786533819
Train,3.7291390736078,3.72842349027633
Train,3.87824731562602,3.87738735991297
Train,4.01892969351737,4.0177775635384
Train,4.15224331228767,4.15123051156115
Train,4.27857991926452,4.27742634882452
Train,4.39847326376307,4.39791819626407
Train,4.51224861884756,4.51154564588069
Train,4.62065821805496,4.62036184053431
Train,4.72393158977961,4.72354424551304
Train,4.82242530335493,4.82182705496234
Train,4.91633511783574,4.91569438441365
Train,5.00621937921477,5.00505038772826
Train,2.12250081614239,2.12037684790994
Train,2.37137815312197,2.36966004922579
Train,2.6035019872609,2.60080467978696
Train,2.81992548588734,2.81763543971465
Train,3.02273494307519,3.02095557641587
Train,3.21266267447096,3.21006474215392
Train,3.39137986178172,3.38959710697236
Train,3.55939585741418,3.55721237778198
Train,3.71785785359595,3.71665509528975
Train,3.86776095855601,3.86657396767259
Train,4.00939607948925,4.00824700271914
Train,4.14379257918816,4.14292452565132
Train,4.27114552784829,4.27008166996529
Train,4.39215851123576,4.39078832297673
Train,4.50744991679182,4.50650542072253
Train,4.61711762343804,4.61595571732323
Train,4.7218475913991,4.72114731381589
Train,4.82169386306172,4.82035920446651
Train,4.91724991121634,4.91603747590852
Train,5.00853741419454,5.0072923623884
Train,3.12589242671175,3.12481176111032
Train,3.18840736762524,3.18769532736042
Train,3.24961871669671,3.24953750427085
Train,3.3093403703835,3.30922388729232
Train,3.36806855125741,3.3678404957609
Train,3.4256092008536,3.42516447995877
Train,3.48199797791098,3.48085887277557
Train,3.53726912765386,3.53684626479662
Train,3.59125075452547,3.59095858255023
Train,3.64438803489498,3.64434938345221
Train,3.69650250230504,3.69612677357509
Train,3.74762340667057,3.74614633958845
Train,3.79758926075564,3.79696723211964
Train,3.8468099525491,3.84671605271433
Train,3.89511830851896,3.89451980071317
Train,3.94253946179539,3.94204297050601
Train,3.98909763074818,3.98826689358248
Train,4.03464322954132,4.03381303459901
Train,4.07954770695401,4.07867268482369
Train,4.1236566866922,4.12189661723824
Train,2.30174952238649,2.30182557310036
Train,2.42563849430021,2.42529776785523
Train,2.54472832004564,2.54464123085199
Train,2.65986408848766,2.65985324643407
Train,2.77096213948657,2.77114085033827
Train,2.8782312120723,2.87816866672802
Train,2.9816079679532,2.98125436883129
Train,3.08179842266637,3.08123332694231
Train,3.17870542979105,3.17900158229168
Train,3.27248779514222,3.27246396771079
Train,3.36306799464951,3.36311977261357
Train,3.45104497922095,3.45059242837306
Train,3.53631602303299,3.53648417029763
Train,3.61900407670275,3.61878574104776
Train,3.69902468544491,3.69892348358553
Train,3.77689263870125,3.7770039795214
Train,3.85250428662077,3.85241670325922
Train,3.92595629688816,3.92620362538582
Train,3.99716171304927,3.9968940024919
Train,4.06656796529797,4.06611883948062
Train,3.80127752748531,3.80183379784285
Train,3.88376399142518,3.88306995035964
Train,3.96354427333367,3.96319385048992
Train,4.04074939885598,4.04114086132904
Train,4.11550206946231,4.11450445257651
Train,4.18807501362775,4.18850338897028
Train,4.25825595785258,4.25797708932078
Train,4.32630903701418,4.3262949159398
Train,4.39232958027726,4.39289534567797
Train,4.45640730621492,4.45568377742893
Train,4.51862672958719,4.5190802891957
Train,4.57906753323467,4.57891487719462
Train,4.6378049085286,4.63765802627313
Train,4.69490986743565,4.69503240102495
Train,4.75044952892091,4.74984561711608
Train,4.80460531499195,4.80455455533229
Train,4.85719833594022,4.85725315942545
Train,4.90840670928397,4.90821252459136
Train,4.95828440621353,4.95791486385133
Train,5.00688262895638,5.00649415897351
Train,4.42405771003172,4.42299136395013
Train,4.4670126291091,4.46687240671599
Train,4.50905801934973,4.5086688453448
Train,4.55049287462654,4.54993126738555
Train,4.59119658831956,4.59063875611901
Train,4.63118834329603,4.63069241173798
Train,4.67035808054275,4.66937726952892
Train,4.70898303512818,4.70819169838069
Train,4.74694964498972,4.74628793090233
Train,4.78427459967259,4.78342799911479
Train,4.82085392069449,4.81990410937578
Train,4.85694540720588,4.85592261333659
Train,4.89244199366787,4.89115175979532
Train,4.92735826855581,4.92632308444445
Train,4.96159589677789,4.96108308227849
Train,4.99539524201747,4.99364477913332
Train,5.02865523458299,5.02759955125657
Train,5.06138868235503,5.06034455364716
Train,5.09350248887403,5.09236131877697
Train,5.12522131481153,5.1241095846708
Train,4.07463428571429,4.07467634751083
Train,4.1424878817734,4.14275600991095
Train,4.20763150318192,4.20762067029864
Train,4.27005571943413,4.27022794991353
Train,4.33025108942232,4.33110247508012
Train,4.38817811066825,4.38840396955493
Train,4.44396262968043,4.44509853352793
Train,4.49772135282087,4.49893260861427
Train,4.54942277315042,4.54892338273203
Train,4.59945231154328,4.59987548637582
Train,4.64775881540354,4.64785432122153
Train,4.69442979071714,4.69441260778694
Train,4.73942502629774,4.73918584806961
Train,4.7830685914796,4.78332232359389
Train,4.8253058575665,4.82509542720072
Train,4.86620371825587,4.86693818269123
Train,4.90582489087089,4.90565630856872
Train,4.94412435061645,4.94400688023597
Train,4.98136829008649,4.98139745552908
Train,5.01750156316566,5.0173641911606
Train,4.11391224174551,4.11309666359739
Train,4.17086899875919,4.17017686572217
Train,4.22654643261608,4.22687601670623
Train,4.28098716752216,4.28046858763264
Train,4.33423195495662,4.33437997270812
Train,4.386319775404,4.38620954393264
Train,4.43728793352601,4.43689489455573
Train,4.48717214726119,4.48686185527185
Train,4.53600663129973,4.53609265988052
Train,4.58382417534343,4.58425333123159
Train,4.63052638339636,4.62994713697117
Train,4.67640571428571,4.67646054966463
Train,4.72135855700427,4.72058629626554
Train,4.76541269530156,4.76504114222189
Train,4.80859481300768,4.8094507208807
Train,4.85093054793016,4.85070921957958
Train,4.89244454261248,4.89259958761249
Train,4.9331604921652,4.93215398999018
Train,4.97310118936505,4.97327906158898
Train,5.01228856720203,5.01246118584095
Train,4.31041569693412,4.30796216268936
Train,4.36150201322049,4.36117782224028
Train,4.4113712724966,4.41162000501208
Train,4.4603569816047,4.45545450023928
Train,4.50833916000455,4.50744927724736
Train,4.55534833281064,4.5555170684529
Train,4.60127684922546,4.60104406812025
Train,4.64642945323015,4.64663805391319
Train,4.69069343394197,4.6906387595518
Train,4.73409476849156,4.73329508428287
Train,4.77653184227533,4.7733063143678
Train,4.81828426118081,4.81833142037067
Train,4.85924606970945,4.85943280279753
Train,4.8994395133602,4.89896326319285
Train,4.93876865029425,4.93871166117606
Train,4.97749098250746,4.97726973594399
Train,5.01550681702997,5.0154528776111
Train,5.05283531438251,5.05283044557291
Train,5.08938584281513,5.08694360870868
Train,5.12539636033461,5.12473686429439
Train,2.13243861956292,2.13304146062001
Train,2.34128924043706,2.34152194525086
Train,2.54147236406507,2.54150685663626
Train,2.73351658577987,2.73420663233264
Train,2.91764908754638,2.91778522481764
Train,3.09484693270104,3.09488608168613
Train,3.26525431926018,3.2659840072738
Train,3.42925423805619,3.42958106833976
Train,3.58720140982669,3.5877373958283
Train,3.73942484636421,3.73952055070549
Train,3.88602325679968,3.88649682050891
Train,4.02770179249685,4.02787717471801
Train,4.1645107136517,4.16495148141985
Train,4.29669683792838,4.29669801104319
Train,4.42449058009706,4.42462017363141
Train,4.54810729238474,4.54810113293206
Train,4.66757958015531,4.66796891066042
Train,4.78343928285984,4.78303574580059
Train,4.89568893908169,4.89570750970597
Train,5.00449468742572,5.00399611666217
Train,2.12760523077417,2.13009698387032
Train,2.34637372309523,2.34717959696718
Train,2.55457813048694,2.55492070825858
Train,2.75296560508509,2.75382762335357
Train,2.94221446468269,2.94245236564893
Train,3.123221454504,3.1242790186152
Train,3.29597824642569,3.29611629235296
Train,3.46129167080254,3.46192254865309
Train,3.61963263821041,3.62015540369612
Train,3.77143315625735,3.77179042109492
Train,3.9170902656182,3.91758111654781
Train,4.05696950766991,4.05729596456513
Train,4.19140798749415,4.19174832457065
Train,4.32071708628142,4.32089945561893
Train,4.44518486907893,4.44545131833729
Train,4.56526444033518,4.56560845523927
Train,4.68082434171382,4.68076906340139
Train,4.7922878682364,4.79207844124176
Train,4.89986903945461,4.89960212552978
Train,5.00376722120807,5.00280465343531
Train,0.881313407493903,0.88257567006076
Train,1.04022533311853,1.04001254362811
Train,1.19485035881755,1.19508488632709
Train,1.34455630837884,1.34411807802826
Train,1.49035156023774,1.49113726193173
Train,1.63162894722668,1.63244893249794
Train,1.76932972330652,1.76997778036457
Train,1.90287082845417,1.90504089382011
Train,2.03278477320619,2.03382967011567
Train,2.15955630663759,2.15909910457412
Train,2.28263671028192,2.28288816269196
Train,2.40282653217886,2.40279403558816
Train,2.51959872791927,2.52058156367275
Train,2.63340110973659,2.6337017050173
Train,2.74464323365736,2.74538753788511
Train,2.85282871803426,2.85291369937477
Train,2.95864722385864,2.95860383605759
Train,3.06162162721572,3.06192275953072
Train,3.16240370553857,3.16249277020688
Train,3.26053467173671,3.25965006033948
Train,3.20745703847065,3.20765066026797
Train,3.30170650686263,3.30163697986427
Train,3.39306209800919,3.39316073735972
Train,3.481655078994,3.48156901098264
Train,3.56760889607013,3.56752002493158
Train,3.65103974856348,3.65130005681567
Train,3.73205711297071,3.7320091822985
Train,3.81076422222222,3.81081928101776
Train,3.88725850452219,3.88708792962279
Train,3.96163198568811,3.96175745985238
Train,4.03414958402946,4.03414818861347
Train,4.10453298015473,4.10437384742545
Train,4.17304297401347,4.1732232563445
Train,4.23975338006026,4.23963501734397
Train,4.30473418517441,4.3047648824213
Train,4.36805179357886,4.36794958230894
Train,4.42976925319048,4.43000332871452
Train,4.48994646502365,4.48970617760642
Train,4.54864037710914,4.54856105730141
Train,4.60590516424798,4.60593186309416
Train,3.81322948551779,3.81220360932639
Train,3.90691893116058,3.90712760064343
Train,3.99499599651112,3.99501271435292
Train,4.07829800435941,4.07805755446316
Train,4.15687309776207,4.15657035138429
Train,4.2314241501863,4.23125002166489
Train,4.30195598079178,4.30209339316934
Train,4.36906600413628,4.36821481333027
Train,4.43286309570572,4.43301337497542
Train,4.49345921462985,4.493253840752
Train,4.55133206798867,4.55117848017107
Train,4.60642880980625,4.60638034441217
Train,4.6591659071363,4.6589147984123
Train,4.7095853832341,4.70977548695373
Train,4.75773519097383,4.75713443498535
Train,4.80395954642162,4.80400354223093
Train,4.84818469075593,4.84781828540144
Train,4.89071654213727,4.89089299644547
Train,4.9314780344064,4.93129536522611
Train,4.97074279761159,4.97043307978311
Train,2.11871101732342,2.11882169838645
Train,2.35639971209534,2.3563914878614
Train,2.57961855820311,2.57958471683378
Train,2.78989134529572,2.78968865275237
Train,2.98785655932474,2.98805092664406
Train,3.17477896625679,3.17453945837769
Train,3.35155747229536,3.35143657191657
Train,3.51899599735828,3.51911550308432
Train,3.67799902481864,3.67777019397909
Train,3.82883959521849,3.82887827001105
Train,3.97229603415125,3.97208268905524
Train,4.10889760260885,4.10907485861389
Train,4.23927485409542,4.23907814061386
Train,4.36355570378415,4.36359146744508
Train,4.48229529172797,4.48222405367414
Train,4.59585613532836,4.59588958467066
Train,4.70456980496575,4.70438743246632
Train,4.80886099985393,4.8089997250645
Train,4.90876211796032,4.90879702333041
Train,5.00465578625424,5.00446784481755
Train,2.12948535332106,2.12999876198592
Train,2.36808451852299,2.36902733687748
Train,2.59186526912554,2.59280818227853
Train,2.80216649499457,2.80339439452655
Train,3.000170504711,3.00195025750872
Train,3.18692526529574,3.18849908312404
Train,3.36336295610416,3.36479755135952
Train,3.53031553040329,3.53218349750387
Train,3.68852783291814,3.68928070318361
Train,3.8386687097472,3.83873356402182
Train,3.98117658853724,3.98123556513747
Train,4.11693089856034,4.11627876768034
Train,4.24625164233841,4.24612454810267
Train,4.36958557581574,4.36927564872894
Train,4.48733902625815,4.48734763040557
Train,4.59988236426554,4.59988386376062
Train,4.7075538950272,4.7076850612284
Train,4.8106632549458,4.81031642575545
Train,4.90949438546162,4.90941940351331
Train,5.0043081442292,5.00378781460313
Train,3.80686095628512,3.80593772450084
Train,3.88825780035489,3.88781957348692
Train,3.96735305420407,3.9668183885442
Train,4.04390277421532,4.04302519156045
Train,4.11819219791182,4.11830300735892
Train,4.19048006029031,4.19002535539767
Train,4.26053463553273,4.25985014513572
Train,4.32860849110071,4.32843395938835
Train,4.39493142283059,4.39439709873841
Train,4.45928377012633,4.45867433601234
Train,4.52189070250458,4.52185804725741
Train,4.58282228061717,4.58244563945482
Train,4.64227670641411,4.64205611142825
Train,4.70004978487365,4.69978577701113
Train,4.75633656690906,4.7557950770788
Train,4.81131565928723,4.81150096257625
Train,4.86479384963001,4.8650277327979
Train,4.91694739191074,4.91671918562497
Train,4.96793808513569,4.96808440161112
Train,5.01758310678026,5.01690487482119
Train,3.80679430504339,3.80775938076113
Train,3.88778650624006,3.88826651821
Train,3.96636833684948,3.96725943427737
Train,4.04264582006686,4.04374063838623
Train,4.11688107377723,4.11685859185673
Train,4.18883926678568,4.18976653576829
Train,4.25877631363443,4.26059059916588
Train,4.32677618926272,4.32727153533051
Train,4.39291828014959,4.39370129546296
Train,4.45727769348714,4.45773181343975
Train,4.52006290390445,4.52020659020491
Train,4.58106298535578,4.58147341464792
Train,4.64048290846607,4.64051381717582
Train,4.69838328726409,4.70006734293565
Train,4.75482167475606,4.75577125138079
Train,4.80985275374445,4.81008269514859
Train,4.86364632096847,4.86473853173084
Train,4.91601337261856,4.91613158231485
Train,4.96712174883294,4.96742823550449
Train,5.01701629032258,5.01723391762789
Train,3.80611972270364,3.80642641663144
Train,3.88731910707581,3.88665690505877
Train,3.96625146411162,3.96562277359044
Train,4.04267301536831,4.04221315671748
Train,4.11702825065274,4.1161038855862
Train,4.18908159294882,4.18905014919437
Train,4.25924659584589,4.25844250193768
Train,4.32729583140517,4.32612178555428
Train,4.39361508479803,4.3928901369145
Train,4.45798494631505,4.4578869977413
Train,4.52076618154539,4.51941456909844
Train,4.58174721307592,4.58181770535157
Train,4.64126618351841,4.64063224165875
Train,4.69911912423919,4.69903116414935
Train,4.75562365370924,4.75510973240307
Train,4.81058316405152,4.80948667407938
Train,4.86429659539017,4.86412010065396
Train,4.91657443783087,4.91584698455699
Train,4.96769858284785,4.96757089125458
Train,5.01748634825444,5.01670570624265
Train,3.80623805303049,3.8065774052302
Train,3.88753078020919,3.88814984312194
Train,3.96637498914405,3.96688502452889
Train,4.04271066599911,4.04269727548672
Train,4.11698331648424,4.11723508539581
Train,4.18911552401937,4.18932018209307
Train,4.25919850153353,4.259564265667
Train,4.32731835193961,4.32771065532143
Train,4.39340995199618,4.39394455655565
Train,4.45784711642854,4.45806075267319
Train,4.52055203115629,4.52070257379819
Train,4.58159362124596,4.5819655143423
Train,4.64090566213999,4.64167154306779
Train,4.69881655337345,4.69859429553617
Train,4.75525002877237,4.75529818939685
Train,4.81026191371953,4.81008255139022
Train,4.86390525603733,4.86376026306243
Train,4.9161146136343,4.91618277622183
Train,4.96717254044537,4.96747277051327
Train,5.01700594790432,5.01687775048777
Train,3.80454649010638,3.80491417947633
Train,3.88620973410509,3.8859785931345
Train,3.96520051675306,3.96533101671957
Train,4.04200080796561,4.04205803399964
Train,4.11652832777307,4.11638234298152
Train,4.18871590068989,4.18915617160383
Train,4.25899516781115,4.25912576652627
Train,4.32712567822561,4.32680065966997
Train,4.39350985115307,4.39397707882017
Train,4.4580647114781,4.45801368186949
Train,4.52072010590495,4.52055191394902
Train,4.58183995535504,4.58184356624406
Train,4.64134236269766,4.64156161886058
Train,4.69915706485423,4.69873996598471
Train,4.7556148422511,4.75581472615158
Train,4.81050863151791,4.81074733875721
Train,4.86414962297946,4.86421026093012
Train,4.91645909771057,4.91645793950738
Train,4.96736826217722,4.96717707339121
Train,5.01716207657154,5.01708429829887
Train,3.80700622888093,3.80712029452116
Train,3.88877427138241,3.88911799260677
Train,3.96800600174478,3.96770512479998
Train,4.04481762614159,4.0446186606714
Train,4.1193183585778,4.11947830767167
Train,4.19176990969564,4.19150416967022
Train,4.26194646769299,4.26203834334592
Train,4.33010297897973,4.3298990143885
Train,4.39632542721955,4.39618136160425
Train,4.46069498446434,4.46082553283486
Train,4.52328834308046,4.52337103492027
Train,4.58417802057164,4.58403989367071
Train,4.64343263984584,4.64335287694121
Train,4.70111718720335,4.70118372119759
Train,4.75729325008537,4.75706929011358
Train,4.81213981254375,4.8123853552097
Train,4.86546810011917,4.86528164856281
Train,4.91745449790918,4.91728656143096
Train,4.96814902518575,4.96822217100998
Train,5.01759924575596,5.01745805942483
Train,3.80596336604268,3.80697126683663
Train,3.88769996513518,3.88813428256981
Train,3.96674161449095,3.96695857409213
Train,4.04355965949606,4.04407578232349
Train,4.11808074467046,4.11826153907896
Train,4.19040637558598,4.19068618038
Train,4.26047628850373,4.26070207928569
Train,4.32869680202522,4.32916470240161
Train,4.39499247859256,4.39522642805241
Train,4.45944364865415,4.4594792011776
Train,4.52198698971251,4.52245674233563
Train,4.58297654566406,4.58306116041786
Train,4.6423371550814,4.6426929141453
Train,4.70013321830006,4.70041333694826
Train,4.75630064541361,4.75645606858598
Train,4.81115082293435,4.81164841817372
Train,4.86461027507873,4.8646828238634
Train,4.91673123242365,4.9169469320841
Train,4.96745026806128,4.9675312079562
Train,5.01704349793831,5.01706311266025
Train,2.12495056724821,2.12553808095981
Train,2.34945777282283,2.35029956393555
Train,2.56222321742098,2.56297658208496
Train,2.7641445707376,2.76472187560285
Train,2.95625223204811,2.95707705159293
Train,3.13882167745276,3.13899425409181
Train,3.31274714406066,3.31348373756191
Train,3.47862832524072,3.47879978799028
Train,3.63701069498069,3.63759033365204
Train,3.78839150003933,3.78916870694229
Train,3.93339306210399,3.93339384420688
Train,4.07208793953699,4.07289901606418
Train,4.20503299368069,4.20541791139112
Train,4.33257851609173,4.33322745302576
Train,4.45504691063629,4.45548353056802
Train,4.57273541460253,4.57316993511631
Train,4.68605019663049,4.68626748472889
Train,4.79497683635959,4.79513030849193
Train,4.89988733030091,4.89991391122749
Train,5.00099977196109,5.00080520416668
Train,3.12057470503998,3.12124168418086
Train,3.25056695041291,3.25093575797655
Train,3.37621872657534,3.3768096302083
Train,3.4977438575222,3.49844012506946
Train,3.61534234937141,3.61603635489882
Train,3.72937877692919,3.72984626326797
Train,3.8396686208536,3.83994282169442
Train,3.94655966910797,3.94690565883502
Train,4.05020664832263,4.05058793913486
Train,4.15075503382182,4.15100525222078
Train,4.24834173087499,4.24858866865543
Train,4.3430956966223,4.34340377629997
Train,4.43513850861546,4.4354289085968
Train,4.52458488524473,4.52453874256753
Train,4.61154316273624,4.6110673594012
Train,4.69624771173823,4.69596986267425
Train,4.77852787647681,4.77836748805566
Train,4.85861100191392,4.85828501071956
Train,4.93658392646145,4.93595315855782
Train,5.01252897163456,5.01201461134769
Train,4.42397364004492,4.42500218401256
Train,4.46683735539606,4.46723966502759
Train,4.50893936539061,4.50967333512381
Train,4.55029979492786,4.55194695910177
Train,4.59081178213107,4.59166854531941
Train,4.6307488212185,4.6315423169799
Train,4.67000050224061,4.67068020026636
Train,4.70858431721445,4.71070846998919
Train,4.74651716792629,4.74702501672436
Train,4.78381539061844,4.784370719055
Train,4.82038074793771,4.82115842348867
Train,4.8564584459679,4.85697402373626
Train,4.89194731473712,4.89288759831834
Train,4.92686165310814,4.92756199531141
Train,4.9612153006917,4.96177340576833
Train,4.99502165613748,4.99517738581926
Train,5.02819021518429,5.02833304706292
Train,5.06094212110785,5.06087296793703
Train,5.09318441768244,5.09329030004301
Train,5.12492890713027,5.12471895232011
Train,2.12550104692162,2.12711294949258
Train,2.36249646776252,2.36254003643262
Train,2.58505640723356,2.58535129207303
Train,2.79446079096045,2.79550471006951
Train,2.99161351625738,2.99185171104909
Train,3.17799179941986,3.17922789808654
Train,3.3542501589361,3.3563688695649
Train,3.52119104304165,3.52298535483715
Train,3.67953424563131,3.68035185671761
Train,3.82992728112534,3.82982298004208
Train,3.9727875343067,3.97384849706577
Train,4.10898451819272,4.10873645100946
Train,4.23882202114306,4.23978148945025
Train,4.36273529873528,4.36314882736042
Train,4.48112077281812,4.48262855593202
Train,4.59434026797352,4.59496367316751
Train,4.70259797540691,4.70351002767711
Train,4.80645584613463,4.80668506862276
Train,4.90605999608534,4.90606731458683
Train,5.00166651130452,5.00142866274109
Train,2.12904881893534,2.12558005257597
Train,2.36467502334078,2.36304172259406
Train,2.5863717544168,2.5858264786948
Train,2.79486546174269,2.79301819956163
Train,2.99152432623126,2.991377744278
Train,3.17753928220471,3.17741474528157
Train,3.35335162280537,3.35371517966269
Train,3.51996756608778,3.51984680647001
Train,3.67827029863456,3.67832025258394
Train,3.8285242355018,3.82864775331836
Train,3.97149069765597,3.97146352093841
Train,4.10768730780933,4.10798140697443
Train,4.23773203527581,4.23811709239817
Train,4.36174904466134,4.3616468039254
Train,4.48028311048674,4.48009730329795
Train,4.59381959626278,4.59388098914496
Train,4.70241946335215,4.70328454695846
Train,4.8065167131807,4.80672856160527
Train,4.90649997779317,4.90654176571115
Train,5.00238865030275,5.00241860236565
Train,2.12501527018452,2.12492039347126
Train,2.35003051178219,2.35000819778361
Train,2.56320298552501,2.56273355251324
Train,2.76544366309285,2.76567751961556
Train,2.9577821852447,2.95754158415366
Train,3.14052880265688,3.14131141174585
Train,3.31457352501106,3.3144121299265
Train,3.48052343913084,3.48127540632413
Train,3.63893044409494,3.63896266520896
Train,3.79029738299524,3.79022753794561
Train,3.935241980896,3.93603165136301
Train,4.07386039520268,4.07383461733843
Train,4.20670336561969,4.20672778404696
Train,4.3341244713593,4.33384907090658
Train,4.4564490068171,4.45688368869742
Train,4.57397675444721,4.57390683463018
Train,4.68710854989513,4.68704152628925
Train,4.79584736949743,4.79598796970095
Train,4.90055910934902,4.90058436320396
Train,5.00146341314049,5.00120178546058
Train,2.42904274077958,2.42959848630562
Train,2.54128805417005,2.54177740778687
Train,2.65056593256424,2.65095067013317
Train,2.7564785354289,2.75689393859648
Train,2.85942745828435,2.8593102745217
Train,2.95977794398226,2.96007491156342
Train,3.05715430887349,3.0575810405935
Train,3.15214540181046,3.15206675116497
Train,3.24438972506331,3.24474347492651
Train,3.33422175797062,3.33418570359208
Train,3.4219471433464,3.42241126368754
Train,3.50722467475221,3.50744152914558
Train,3.5903563487981,3.59024112387851
Train,3.67161885214673,3.6718560108784
Train,3.75069005228593,3.75057785393437
Train,3.82803125587547,3.82832265592879
Train,3.90333237359765,3.90350458402099
Train,3.9768509209034,3.97711718548089
Train,4.04882379492898,4.04862103334017
Train,4.1189579695916,4.11922689263156
Train,2.12615928244812,2.12609340395284
Train,2.35640561825386,2.35630825717817
Train,2.57396830461773,2.57372429354291
Train,2.77939454680487,2.77943184960895
Train,2.9738957158573,2.97362969544338
Train,3.15853311371012,3.15846007494838
Train,3.33363468544825,3.33316834327707
Train,3.50011217092624,3.50022996436019
Train,3.6587702019829,3.6583433079868
Train,3.80979810691597,3.80993869805388
Train,3.95389951589732,3.95388881263352
Train,4.09154024536951,4.09102357298252
Train,4.22329740527652,4.22339155554801
Train,4.34924873605194,4.34910056670196
Train,4.4699090977705,4.46977498454362
Train,4.58573896656535,4.58531547263556
Train,4.69676532558195,4.69678259857756
Train,4.80340425438494,4.802971958321
Train,4.90602959692195,4.90580433039577
Train,5.00463488654235,5.00450718431239
Train,3.8059207838499,3.80673898512759
Train,3.88731757973585,3.88807448408625
Train,3.96608546145374,3.96667997599434
Train,4.04267446966147,4.04252519681904
Train,4.11701540571486,4.11819597900467
Train,4.18905248026734,4.18907133863831
Train,4.25918869378173,4.25953738534736
Train,4.32735299829126,4.32720531664381
Train,4.3934865456023,4.39388928978588
Train,4.45795239861141,4.45751332389773
Train,4.52067906156789,4.52131321908382
Train,4.58173597875038,4.58193475644657
Train,4.64106249388532,4.64120435165387
Train,4.69897715218169,4.69904191199748
Train,4.75540930973608,4.75541720553156
Train,4.81029811863013,4.81043120959657
Train,4.86393398522854,4.86402752494178
Train,4.91624761325902,4.91676966415253
Train,4.9671786385632,4.96709643693612
Train,5.01699296006305,5.01693079778488
Train,2.12484842216417,2.12566668573709
Train,2.36660916552662,2.36601028319274
Train,2.59290912964036,2.59219959623442
Train,2.80518545392664,2.80265602010331
Train,3.0047025139173,3.00310289529443
Train,3.19279607615065,3.19103234908107
Train,3.37000616992748,3.36887642967486
Train,3.53744596601947,3.53675993186334
Train,3.69590180059452,3.69586231961875
Train,3.84607783287803,3.84566669249034
Train,3.9886065068177,3.98830045299837
Train,4.12405745422408,4.12377697639749
Train,4.25294510370161,4.25270395791449
Train,4.37573520966739,4.37537149439595
Train,4.49285047613896,4.49258497933624
Train,4.60480662645768,4.60468076449615
Train,4.7116860565606,4.71116125072149
Train,4.81394631719168,4.81343651409406
Train,4.91188052474144,4.91161748787272
Train,5.00575750911989,5.00531218119431
Train,2.11009471883343,2.11188492731162
Train,2.37041039572539,2.37093480715703
Train,2.61099245908694,2.61170687891718
Train,2.83400286718623,2.83460892103903
Train,3.04129889443473,3.04179327533348
Train,3.23425959314538,3.23481684904982
Train,3.41474353528568,3.41506979027326
Train,3.58372500444503,3.58394993522234
Train,3.74226964422779,3.74287946185359
Train,3.89131540652892,3.89158165775734
Train,4.03169112121989,4.03210597444559
Train,4.16413191680804,4.16450741580047
Train,4.28929209795479,4.28973125939228
Train,4.40775595607406,4.40809482962504
Train,4.52004688997203,4.52016605059907
Train,4.62650967206529,4.62663483116921
Train,4.72782502723186,4.72794096124562
Train,4.82424362092163,4.82425119553955
Train,4.91611208106899,4.91623320282815
Train,5.00374507401355,5.00392228111014
Train,2.129067878023,2.12825805602188
Train,2.36787792905186,2.36708982384152
Train,2.59208132754936,2.59176310434123
Train,2.80248393375513,2.80159428709885
Train,3.00055431103668,3.00084769243404
Train,3.18756551755991,3.18638239943539
Train,3.36400289133691,3.36303404755745
Train,3.53093486493978,3.52963961548085
Train,3.68929589731702,3.68825741604087
Train,3.83937516522213,3.83843562436959
Train,3.98197381270913,3.98197354273725
Train,4.11763754094162,4.11755768385046
Train,4.24701295926842,4.2461367304204
Train,4.37023568941752,4.36973208974814
Train,4.48787338357829,4.48719725268893
Train,4.60043042438518,4.60056037402683
Train,4.70797402783647,4.70778115723806
Train,4.81095366343755,4.81077780282067
Train,4.90977083098347,4.90919706463319
Train,5.00444813374043,5.00440596294357
Train,2.36097802441054,2.36262286439887
Train,2.59467270880296,2.59525581744674
Train,2.80991602211101,2.81076372109965
Train,3.00828576076312,3.00874706255127
Train,3.19217654819851,3.19332388632029
Train,3.36266575017569,3.36330711608025
Train,3.52158740602271,3.52284739568859
Train,3.66968650890396,3.67059723535203
Train,3.80821594725934,3.80906779266661
Train,3.9382470175695,3.93906342452101
Train,4.06021325882976,4.06109060705785
Train,4.17514813515164,4.17595928967785
Train,4.28335361077381,4.28426939195197
Train,4.38554006922663,4.38645156351413
Train,4.4823253111259,4.48313557070651
Train,4.57388140873411,4.57454666442209
Train,4.66085324788706,4.66169733973948
Train,4.74335552867245,4.74432974492083
Train,4.8219342682751,4.82261685776029
Train,4.89666225509807,4.89721501030726
Train,3.13066823605367,3.12742457503919
Train,3.2653108264816,3.26344226843503
Train,3.39478865399112,3.39455374977842
Train,3.51898420713781,3.51798519665317
Train,3.63841031814301,3.63812224334833
Train,3.75352574052123,3.75313381142041
Train,3.86419478631816,3.86358528371056
Train,3.97084544861934,3.96969504205481
Train,4.07386216601098,4.07352653623093
Train,4.17309998647914,4.17243304190924
Train,4.26892070629017,4.26822060727136
Train,4.36149783208145,4.36084060688881
Train,4.45114097624998,4.45017102576094
Train,4.53770137997336,4.53706137237896
Train,4.62147332342409,4.62081834063429
Train,4.70272335190628,4.702095572291
Train,4.7813037669359,4.78090066072764
Train,4.85746953301625,4.85682095413358
Train,4.93145231247699,4.93029706300877
Train,5.00310747339594,5.00175756228418
Train,3.74239489362839,3.74282032295741
Train,3.82910320565476,3.82921199600969
Train,3.91283018968842,3.91261564142769
Train,3.99404431282438,3.99409316333185
Train,4.07270265527586,4.07251290058775
Train,4.14877480179739,4.14877170031104
Train,4.22267517861963,4.22266834445327
Train,4.29435470068976,4.29448150277312
Train,4.36377575593117,4.36385743138089
Train,4.43130764848334,4.43126999560627
Train,4.49689755489048,4.49706019183941
Train,4.56062805510859,4.56069144397043
Train,4.62245567120425,4.62238639021234
Train,4.68270027518888,4.68262421095278
Train,4.74130662485842,4.74159159226838
Train,4.79822877862616,4.79815957969549
Train,4.85375585529207,4.85375471295993
Train,4.90783210332889,4.90787417694082
Train,4.96041026430419,4.96041262519429
Train,5.01175299734479,5.01180196990026
Train,3.8034503864279,3.80355596442678
Train,3.88519629205936,3.88670865923632
Train,3.9642758143468,3.96404676598468
Train,4.04115558955896,4.04211406574177
Train,4.11576116141328,4.11690020521928
Train,4.18819196994992,4.18815690873453
Train,4.25838661498708,4.25723745564756
Train,4.32674812805353,4.3268216264114
Train,4.39320031641299,4.39367178975954
Train,4.45782206902926,4.45861779105326
Train,4.52054925469123,4.5206752298036
Train,4.58173363623279,4.58176156722766
Train,4.64129950786784,4.64243826202437
Train,4.69931025289988,4.69909246751195
Train,4.75570117986209,4.75478700382519
Train,4.81078211704302,4.81135642112349
Train,4.86447917330845,4.86463494972122
Train,4.91684385558621,4.91577600333403
Train,4.9678122675308,4.96801523597969
Train,5.0176594929962,5.01748404160753
Train,0.121912889345683,0.123837413404544
Train,0.321212618614355,0.320247209558147
Train,0.505488365045808,0.506022268331435
Train,0.676377270332567,0.676892110750487
Train,0.835721298201025,0.835345335108286
Train,0.983839788785082,0.984456133250205
Train,1.12225631485193,1.12159987142513
Train,1.25189388522558,1.25174192710256
Train,1.37356202535614,1.37507943367382
Train,1.48797369810938,1.48812752547383
Train,1.59605576012599,1.59697812455124
Train,1.69775822869169,1.69870317105961
Train,1.7938935331152,1.79518755173194
Train,1.88490661293244,1.8843249262427
Train,1.97119622403223,1.97263436951471
Train,2.05312077928406,2.05447585017828
Train,2.13121849731664,2.1318693412104
Train,2.20534073366341,2.20631858010893
Train,2.27597809355105,2.27697899267514
Train,2.34337069592827,2.34550232697075
Train,3.00190855643143,3.00145459842315
Train,3.11154383429012,3.1112320142347
Train,3.2174104685491,3.21725304199208
Train,3.31969949299921,3.31972562548617
Train,3.41858924454627,3.41840199194849
Train,3.51442734455197,3.51439987240883
Train,3.60700208859448,3.60661310760042
Train,3.69664654773391,3.69639449146052
Train,3.78349768358196,3.78356589065515
Train,3.86768405323916,3.867481798472
Train,3.94932644422233,3.94958391822729
Train,4.02853845268934,4.02814383473742
Train,4.10542701078235,4.10513912978786
Train,4.18009286823752,4.17976664271555
Train,4.25263103282269,4.25258796056733
Train,4.3232648426538,4.32299609135953
Train,4.39180798215632,4.39196348215773
Train,4.45847801874026,4.45808028199826
Train,4.52335069787516,4.52314457941247
Train,4.58649773530518,4.5857209080641
Train,2.1230898668007,2.12583063855709
Train,2.35310504958047,2.35385511812638
Train,2.57025444451035,2.57188100664644
Train,2.77558814575459,2.77759574452648
Train,2.97024574076675,2.97194837574352
Train,3.15465746306227,3.15634078762378
Train,3.32979227868022,3.33055262327252
Train,3.49633303012957,3.49718237607885
Train,3.65489714909719,3.65536976011936
Train,3.80604430555556,3.80764471445582
Train,3.95043246607212,3.95131175855931
Train,4.08821917312294,4.08936361278029
Train,4.21998349942063,4.22082466266147
Train,4.3461118399746,4.34771808242658
Train,4.46695822719602,4.46800384237577
Train,4.58284764957916,4.58420492991718
Train,4.6941945519255,4.69452495531732
Train,4.80103857268207,4.80164396269538
Train,4.90375409617079,4.90384046570398
Train,5.00257587715067,5.00261393181427
Train,2.12823337150201,2.1284880831372
Train,2.36411077689893,2.36422458436573
Train,2.58556084540345,2.58501395960775
Train,2.79429787321292,2.79449907859816
Train,2.99097959107034,2.9909700610151
Train,3.1770048147638,3.17696062612231
Train,3.35285279077528,3.35340770266339
Train,3.51968113936391,3.51987465940329
Train,3.67800242205579,3.67832052816811
Train,3.82829541577257,3.82874880857707
Train,3.97145202581556,3.97206744347932
Train,4.1076858400867,4.10821910321829
Train,4.23775673214238,4.23883266787016
Train,4.3619445926591,4.36250393747468
Train,4.48051650454393,4.48148201510048
Train,4.5940807056478,4.59575834759744
Train,4.70272168509138,4.70423452758405
Train,4.80696937638016,4.8079501237371
Train,4.90687679564637,4.90729264680704
Train,5.00290915065122,5.00293583435996
Train,2.12649679914649,2.12647917261347
Train,2.35759501184343,2.35745001168834
Train,2.57579871456369,2.57570638565812
Train,2.78171004898345,2.78159256347863
Train,2.97655078179956,2.97643677903397
Train,3.16119033961514,3.16107499464124
Train,3.33660020704182,3.33654515550734
Train,3.50309248504017,3.50309555280546
Train,3.66150276704624,3.66151835658093
Train,3.8124055918898,3.8124605819612
Train,3.95647937588095,3.95651165191521
Train,4.09387710541017,4.09388292304357
Train,4.22519554485524,4.22523986805027
Train,4.35082943708329,4.35092731980694
Train,4.47127164782101,4.47134749690304
Train,4.58658493578139,4.58669525138248
Train,4.69721097911515,4.6973247156493
Train,4.8034298752106,4.80356350283546
Train,4.90561165504706,4.90570408441999
Train,5.00376687657177,5.00369273168326
Train,2.12426474177798,2.12489430607093
Train,2.35063717238353,2.35115588282497
Train,2.56487196721311,2.56540126562322
Train,2.7679198323259,2.7685516743586
Train,2.96063471204643,2.96063027253695
Train,3.14378579387147,3.14442597775633
Train,3.31806776936108,3.31832433337695
Train,3.48410963961541,3.48442569088365
Train,3.64248230061874,3.64275536666537
Train,3.79370510124421,3.79396516701672
Train,3.93809071449201,3.93833157789777
Train,4.07640023404386,4.07623811862868
Train,4.20886154281866,4.20919041140587
Train,4.33583788543298,4.33603277902148
Train,4.45766303418754,4.45787320932868
Train,4.5746442187341,4.5746789465411
Train,4.68706471308976,4.68716299730295
Train,4.79518612586059,4.79515977929259
Train,4.8992504326528,4.89918798373401
Train,4.99948178390723,4.99942529424879
Train,2.12069811485206,2.121534943195
Train,2.35218470385353,2.35257370819454
Train,2.57057755642353,2.57103515876952
Train,2.7769570622838,2.77738986995973
Train,2.97228793269146,2.97281540824042
Train,3.15723568352264,3.15749559673714
Train,3.33298376109513,3.33354151628737
Train,3.50002222658851,3.50052150195552
Train,3.65898286341219,3.65904553223663
Train,3.81043779263866,3.81070712085784
Train,3.95490635331891,3.9552517766424
Train,4.09286105212978,4.09317042087787
Train,4.22473272598362,4.22491003411415
Train,4.35091503644363,4.35157308480848
Train,4.47176839471261,4.47213953293249
Train,4.58749844172053,4.58799986253871
Train,4.69866391195884,4.69918106347905
Train,4.80541421416605,4.80597810635663
Train,4.90800726291726,4.90810793694982
Train,5.00668126816914,5.00665815747197
Train,4.51947933506468,4.5195181723102
Train,4.55595585406054,4.55576592519355
Train,4.5917319627115,4.59187894399656
Train,4.627075703772,4.62710468722071
Train,4.66187178245568,4.6617732409868
Train,4.69613283019948,4.69615599016834
Train,4.72975236329546,4.72984135375009
Train,4.76298150731276,4.76270239687437
Train,4.79571121929055,4.79598870471818
Train,4.8279526748944,4.82776132917206
Train,4.85960491137652,4.85962677824136
Train,4.89090370692284,4.89100857577432
Train,4.92174579971075,4.92156714561861
Train,4.95214111344554,4.95214260789362
Train,4.98199381297,4.98216565656912
Train,5.01152570884951,5.01130763697438
Train,5.04063889265971,5.04067721829779
Train,5.06934220665434,5.0693535753453
Train,5.09754458307822,5.0975485745148
Train,5.12545508269722,5.12518415812519
Train,2.12494654509825,2.12498804970528
Train,2.36598412000708,2.36560706007731
Train,2.59196570528841,2.59152322576119
Train,2.80379698900247,2.80344260080165
Train,3.00298370934386,3.0027936332699
Train,3.19083016455647,3.19068185915239
Train,3.36789057987543,3.36730739768245
Train,3.53525081837902,3.53455754422612
Train,3.69386021820756,3.693372683294
Train,3.84405824457985,3.84339490018465
Train,3.98665280163087,3.98600153738516
Train,4.122207001394,4.12151639198419
Train,4.25137132222626,4.25074592402962
Train,4.37431687836064,4.37387157160993
Train,4.49161091976608,4.49066587387642
Train,4.60375754775155,4.60326639251434
Train,4.71085249935736,4.71015538623033
Train,4.81334220797438,4.81265604342479
Train,4.91162557614815,4.91115666588303
Train,5.00574879795207,5.00461510984314
Train,3.12543660352992,3.12555031399097
Train,3.25712552680222,3.25690957222832
Train,3.38384356666926,3.38387557608075
Train,3.50620900440506,3.50625261292589
Train,3.62411149096913,3.62429827063897
Train,3.73810966565051,3.73819008317514
Train,3.84808553713416,3.84807877818821
Train,3.95454624135555,3.95467165789887
Train,4.05751308548187,4.05791683527787
Train,4.15701563451543,4.15724241968564
Train,4.25349605830165,4.25409471882449
Train,4.34682758939512,4.34695175329398
Train,4.43741576260776,4.43762327087461
Train,4.52525628961524,4.52534601913067
Train,4.61035273249628,4.61071250509849
Train,4.69306363582991,4.69350012746145
Train,4.77326219556547,4.7737316242783
Train,4.85128003768205,4.8516512295173
Train,4.9269917254398,4.9275359013991
Train,5.00070489880787,5.00096212709468
Train,2.12586216946758,2.1284981128847
Train,2.34810903639221,2.35040853785904
Train,2.55906981011008,2.56420913508919
Train,2.75958289477367,2.76111264862266
Train,2.95019087527279,2.95409416888288
Train,3.13201922497898,3.13400783155521
Train,3.30546511329829,3.30667708464171
Train,3.47109513912386,3.4724910731602
Train,3.62942596209123,3.63019312964752
Train,3.78092968593105,3.78318978161406
Train,3.92587471946271,3.92720674690645
Train,4.06499196065997,4.06616120902618
Train,4.19847485952058,4.19957291757601
Train,4.32665891410702,4.32735851538018
Train,4.44985350448167,4.45042288211698
Train,4.56834438574395,4.57011320710444
Train,4.68226681502816,4.6831299088517
Train,4.79212856728055,4.79283780910191
Train,4.89802281184461,4.89782650068082
Train,5.00016065846189,4.99954726720171
Train,2.1239034454604,2.12315185110492
Train,2.35911492066316,2.358935731565
Train,2.58033210952386,2.58024405849574
Train,2.78876785111201,2.78860031985823
Train,2.98549876920964,2.98491054381884
Train,3.1714838731517,3.17094986077427
Train,3.34758019165918,3.34683903186669
Train,3.51455597750929,3.51428271175973
Train,3.6731019122736,3.6731650941656
Train,3.8238406558098,3.82296197738469
Train,3.96717569005629,3.96680206144811
Train,4.10394304643346,4.10373853746569
Train,4.23443871645856,4.23414663632866
Train,4.35908442797437,4.35821841225697
Train,4.47826492668644,4.47828900728928
Train,4.59233194299298,4.591900780797
Train,4.70160765894359,4.70142291850789
Train,4.80638774730354,4.80579059683805
Train,4.90694404309473,4.90688610304642
Train,5.00352689844212,5.002888439667
Train,2.12157822752679,2.12148752659414
Train,2.34997161046408,2.34966109025117
Train,2.56589949340802,2.56596344569698
Train,2.77035529952172,2.77007604307437
Train,2.96422962398634,2.96438415840385
Train,3.14851996271753,3.14816223732487
Train,3.3235451646146,3.32367304481886
Train,3.4901648213289,3.49007419167901
Train,3.64897024560068,3.64868225457758
Train,3.80049855744591,3.80052722291293
Train,3.94523875342614,3.94519964956999
Train,4.08363697812071,4.08358727274026
Train,4.21610111752593,4.21584677895589
Train,4.34300481400337,4.34300787505344
Train,4.46469098601581,4.46464334052143
Train,4.58160039291125,4.58140853018995
Train,4.69376757502804,4.69386087266321
Train,4.80159108710145,4.80146491624328
Train,4.90531844922459,4.90534648641187
Train,5.00517872577434,5.00496986757935
Train,2.12157822752679,2.12191381863522
Train,2.34997161046408,2.35056066490506
Train,2.56589949340802,2.56605301286618
Train,2.77035529952172,2.77094572735223
Train,2.96422962398634,2.96445530271012
Train,3.14851996271753,3.14867690433312
Train,3.3235451646146,3.32400282994786
Train,3.4901648213289,3.49074604121415
Train,3.64897024560068,3.64890485083015
Train,3.80049855744591,3.80105019285111
Train,3.94523875342614,3.94534562085755
Train,4.08363697812071,4.08411113758484
Train,4.21610111752593,4.2163191811851
Train,4.34300481400337,4.3432698997276
Train,4.46469098601581,4.46479648709646
Train,4.58160039291125,4.58186103357002
Train,4.69376757502804,4.69393995278369
Train,4.80159108710145,4.80185556835204
Train,4.90531844922459,4.90528220815759
Train,5.00517872577434,5.00516393080034
Train,2.8296740501142,2.83002322061657
Train,3.00087003735464,3.00101559208269
Train,3.16277266275112,3.16297636566742
Train,3.31611866365468,3.31629259238252
Train,3.4615689084876,3.46165925738023
Train,3.59971791781557,3.59983542418195
Train,3.73110198672411,3.73113160658249
Train,3.85620614249155,3.85626690851495
Train,3.97547012785809,3.97554426726128
Train,4.08929356546614,4.08931806821056
Train,4.19804043129214,4.19814824340574
Train,4.30204294258438,4.30205374277284
Train,4.401604947801,4.40160017968446
Train,4.49700489141195,4.49708797929634
Train,4.58849841449439,4.58848866732296
Train,4.67632064227137,4.67636317420693
Train,4.76068820169532,4.76078122526815
Train,4.84180100552688,4.84190130915522
Train,4.91984383384104,4.91992738436238
Train,4.99498773929687,4.99498411834065
Train,2.12307251257918,2.12429172653356
Train,2.35964578934866,2.35964049769973
Train,2.58218050412771,2.58229984295758
Train,2.79142720735334,2.79186065370595
Train,2.98897791192864,2.98994909285102
Train,3.17537342606459,3.17521916236728
Train,3.35192322830612,3.35257745442505
Train,3.51901641132875,3.51901575730153
Train,3.67756862434833,3.67798439475155
Train,3.82838570779016,3.82863318520685
Train,3.97170145535005,3.97174639694276
Train,4.10836525981417,4.10865629978071
Train,4.23853985576174,4.23877235673717
Train,4.3628148187034,4.3630497551494
Train,4.48171459673084,4.48188842931995
Train,4.59532714951275,4.59555977594573
Train,4.70423982572091,4.704491665776
Train,4.80850558860764,4.80850796637242
Train,4.90863863853738,4.90856609852926
Train,5.00466535907799,5.00498381205398
Train,2.12031013626789,2.12050668334268
Train,2.36102834848217,2.36112397930992
Train,2.58658898959166,2.58677646763681
Train,2.7983800262081,2.79832605677802
Train,2.99784901303123,2.99801286093862
Train,3.18561792614839,3.18582944235095
Train,3.36288618172805,3.36289945100725
Train,3.53051066694614,3.53065482932288
Train,3.68925750488651,3.68936540869618
Train,3.83981376202818,3.83984178957326
Train,3.9829588998068,3.98298885193071
Train,4.11891938268376,4.11901348354149
Train,4.24836903830734,4.24832435348071
Train,4.3717646127021,4.3717674651416
Train,4.48952110602165,4.48945377214113
Train,4.60201643538855,4.60197034291195
Train,4.70971741650357,4.70970920445689
Train,4.81269041611846,4.81273802207579
Train,4.91135181778044,4.91129709518282
Train,5.00596686579683,5.00586131907767
Train,2.12440624434696,2.12408189038979
Train,2.35222798355211,2.35173977950035
Train,2.56759390425402,2.56720283185859
Train,2.77149833019303,2.77101001195842
Train,2.96505326559385,2.96447943551175
Train,3.14860732130058,3.14750069603178
Train,3.32311528269837,3.32226434839686
Train,3.48922979559846,3.48802247802087
Train,3.64754219853314,3.64674741501949
Train,3.7985895563195,3.79803979710414
Train,3.94302608276754,3.94220936287456
Train,4.08095990864761,4.0800443148546
Train,4.2129716824796,4.21237405265856
Train,4.33943477525598,4.33868406165857
Train,4.46069181716834,4.45991383984074
Train,4.57705779753348,4.5763822971785
Train,4.68895122952415,4.68809626325674
Train,4.79637790324853,4.79490646539489
Train,4.8997186923022,4.89861116413522
Train,4.99920235130416,4.99807904602494
Train,2.12622589903915,2.12578926740389
Train,2.35105907196245,2.35142989162705
Train,2.56408052411292,2.56270420619694
Train,2.76596443231534,2.76603342545422
Train,2.95800431013222,2.95674877395504
Train,3.14069197335927,3.14048685080343
Train,3.31469435242682,3.31417994364165
Train,3.48061643614247,3.47980691976409
Train,3.63882531876998,3.6383936097991
Train,3.79019624579036,3.79010610919795
Train,3.93499541998522,3.93404155733879
Train,4.07364171657609,4.07361080134433
Train,4.20636535159036,4.20624812092865
Train,4.333832845834,4.33284213307343
Train,4.45620835739143,4.45648388411064
Train,4.57379102778125,4.57344343490695
Train,4.68685701678631,4.68659715646936
Train,4.79553547793856,4.79555588775111
Train,4.90031986812072,4.89961984846741
Train,5.00129839913448,5.00060718974419
Train,3.15039381919847,3.14987451546767
Train,3.2382231415356,3.23827239080856
Train,3.32371965065747,3.32392730859283
Train,3.40678219060746,3.40630491061165
Train,3.48788845652993,3.48764525231672
Train,3.56692295565203,3.56700607585663
Train,3.64396406827628,3.64410110500467
Train,3.71908627017166,3.71898363942455
Train,3.79219047864077,3.79185193765443
Train,3.86368795523912,3.86389351553953
Train,3.93346868964079,3.93380731888465
Train,4.00159377995734,4.00145557014184
Train,4.06796711744242,4.06774557987956
Train,4.13295647522878,4.1332944501919
Train,4.19645682270938,4.19607946274482
Train,4.25851875370888,4.25831982733507
Train,4.31919059560865,4.31939944063924
Train,4.37838080622098,4.37811373311706
Train,4.43641200640792,4.43639714634628
Train,4.49318561840907,4.49349405574321
Train,2.1297646112952,2.1285651457365
Train,2.35976321402919,2.359400119567
Train,2.57660054688476,2.57515959777811
Train,2.78177693703839,2.78148946260626
Train,2.97582693019832,2.97538630120107
Train,3.15999309509978,3.15975706298195
Train,3.33466796457649,3.33396507620637
Train,3.50089346110216,3.50070167868398
Train,3.65911229125799,3.6591322089298
Train,3.80974092004381,3.80970916405931
Train,3.95359590323492,3.95382088236511
Train,4.09085311686547,4.09076640947751
Train,4.2222151261859,4.22257652327971
Train,4.34792955629329,4.34794862254057
Train,4.46823410563742,4.46848444076022
Train,4.58369845487071,4.58373901847517
Train,4.69438990326048,4.69465074778418
Train,4.80080855719805,4.80099650058401
Train,4.90299475843662,4.90303138025047
Train,5.00139054318324,5.00158510726033
Train,4.42409585505031,4.42352992372616
Train,4.46699999968875,4.46694168061367
Train,4.50912999588748,4.5090288020001
Train,4.55062343413759,4.55056133491598
Train,4.59126463212535,4.59130171853758
Train,4.63119185597453,4.6310848310095
Train,4.67042375623285,4.6702919140007
Train,4.70897833946524,4.70905884685635
Train,4.74698003120916,4.74679167239083
Train,4.78422975172007,4.7841713178932
Train,4.82085262510907,4.82077744109847
Train,4.85686434244745,4.8568046282162
Train,4.89238013767545,4.89246557099978
Train,4.92721292432008,4.92719404202217
Train,4.96147863591879,4.96110844479699
Train,4.99519100856651,4.99527092184871
Train,5.02836333827751,5.02824407492881
Train,5.06110076351569,5.06120388419367
Train,5.09322977271502,5.09308554999006
Train,5.1248561911553,5.12461033777799
Train,3.12219664035665,3.12175215731259
Train,3.24953452024874,3.24696972264792
Train,3.37314604202669,3.37333398106421
Train,3.4928498320296,3.49373417878815
Train,3.60916007451301,3.60927943279239
Train,3.72189627166973,3.71901284282649
Train,3.83153353563189,3.83073255310592
Train,3.937893249733,3.93824480478361
Train,4.04141575955877,4.04161569470307
Train,4.14192507832224,4.14099652844016
Train,4.23983048635145,4.23988618236035
Train,4.33495917628389,4.33497598557005
Train,4.42769256120208,4.42799820314394
Train,4.51786140777872,4.51728425933106
Train,4.60582203826741,4.605325282595
Train,4.69140906736962,4.69152348639182
Train,4.77495614780948,4.77504905518435
Train,4.85630192241415,4.85544950565964
Train,4.93575949499856,4.93589262465684
Train,5.01317164359974,5.01251530860463
Train,2.12980838791552,2.13041483282723
Train,2.34168333658339,2.34183311946981
Train,2.54414515157146,2.54473742592381
Train,2.73824139127693,2.73832196609874
Train,2.92427150924354,2.92457436653058
Train,3.10272808016657,3.10298150424933
Train,3.27387246115437,3.27484395986539
Train,3.43851371335323,3.43942805039114
Train,3.59683781251713,3.59727895620017
Train,3.74920149103465,3.74949624691362
Train,3.89577051701384,3.89632811452611
Train,4.03718640633585,4.03776197677507
Train,4.17356288687294,4.17404837228969
Train,4.30516461492292,4.30559425913088
Train,4.43209530256108,4.43275440283469
Train,4.55487496931329,4.5554253269147
Train,4.67357034358219,4.67438453165232
Train,4.78838188846819,4.78919596273045
Train,4.89937221252288,4.89987451343768
Train,5.00697080778179,5.00724162712868
Train,2.12537416344365,2.12733897383441
Train,2.34552927409838,2.34663826294127
Train,2.55466956421632,2.55622171725554
Train,2.75404750150743,2.75470201376447
Train,2.94390490216024,2.94499393404112
Train,3.12531404718931,3.12604381865094
Train,3.29843757033248,3.29900140412065
Train,3.4642020484339,3.46495488919754
Train,3.62288854078934,3.62301402207231
Train,3.774770174997,3.77498468759586
Train,3.92060283959894,3.920817301645
Train,4.0604259611579,4.06068676141876
Train,4.19490563275434,4.19495164561522
Train,4.3241967607628,4.32434648324124
Train,4.44845398107351,4.44860779900046
Train,4.56823507402279,4.56821780579048
Train,4.68351752216831,4.6835087748841
Train,4.79480054880053,4.79470368641341
Train,4.90204659920499,4.90192014514469
Train,5.00570487775376,5.00552671962214
Train,2.13137907626679,2.13070777589019
Train,2.36558251256851,2.36511624482955
Train,2.58611448184891,2.58530653318303
Train,2.79367170301773,2.79283387810574
Train,2.98958625163742,2.98889315120323
Train,3.1748110244684,3.17319890078215
Train,3.35039506155556,3.34972261315852
Train,3.51669708659816,3.51576760173339
Train,3.67461182151582,3.67412229513138
Train,3.82475816738325,3.82349531907676
Train,3.96785686933162,3.96724255906156
Train,4.1040849131936,4.10355159561004
Train,4.23407210575375,4.23349945906375
Train,4.35823770054002,4.35773153240007
Train,4.47709846671157,4.47672022329789
Train,4.59072994667882,4.59029141290375
Train,4.69959280869004,4.69906635997177
Train,4.80398106079469,4.8035388333592
Train,4.90427851305546,4.90366494720365
Train,5.00050274038001,5.00001576707291
Train,1.35217257524446,1.35373603372136
Train,1.47399066892342,1.47472989722883
Train,1.59230603675122,1.59328183980688
Train,1.70788984059983,1.70746317512385
Train,1.82053051413345,1.82138595537981
Train,1.93004279454803,1.93036336257501
Train,2.03713200282241,2.03738774747035
Train,2.14159461111633,2.14253064952936
Train,2.24325094712242,2.2430485185032
Train,2.34274872420312,2.34277436086268
Train,2.43989262030807,2.44102111596294
Train,2.53476518976344,2.53461180384329
Train,2.6271948653086,2.62741693717544
Train,2.71776308529764,2.71798731086164
Train,2.80628541222797,2.80660459128558
Train,2.8925965675905,2.89274128941906
Train,2.9772348648877,2.97813115605823
Train,3.0600238295116,3.06006702694867
Train,3.14080449271254,3.14076634611411
Train,3.22007675336816,3.22071182008949
Train,2.13169975329619,2.13210145811172
Train,2.35657563234608,2.35673424041306
Train,2.5697195887708,2.56955250291503
Train,2.77161116287705,2.77173629693425
Train,2.96351242318112,2.96356183072203
Train,3.14577167191889,3.1458508210344
Train,3.3194547591735,3.3198112861719
Train,3.48481216801417,3.48461679997854
Train,3.64259090213786,3.64287398735178
Train,3.79345572001115,3.79354186236742
Train,3.93755376827673,3.93743230717519
Train,4.07561483172903,4.07574622915126
Train,4.20773741289214,4.20783109416516
Train,4.33442728443041,4.33457113768964
Train,4.45613844345657,4.45652620973124
Train,4.57291703333236,4.57287840201025
Train,4.685289008097,4.68537176844256
Train,4.79327551310105,4.79349554487999
Train,4.89734342494307,4.89712147718819
Train,4.99749465933353,4.99758150152775
Train,2.11800698707624,2.11876255449897
Train,2.34965765577576,2.34943585887231
Train,2.56840930776639,2.56760231842054
Train,2.77488577997022,2.77547637466341
Train,2.9702926005582,2.97051601303974
Train,3.15568719019291,3.15606522137386
Train,3.33145779694166,3.33095301128196
Train,3.49867861621973,3.49905127106467
Train,3.65763083900424,3.65782223777933
Train,3.80906884706775,3.8090047458827
Train,3.95366217337027,3.95373357635253
Train,4.09157969995091,4.09187413319887
Train,4.22340924524784,4.22333342752245
Train,4.34967552568932,4.34990379386727
Train,4.47047351119821,4.47033005589037
Train,4.58639020485336,4.58652126519155
Train,4.69748557725583,4.69737876810541
Train,4.80416453796717,4.80405618510122
Train,4.90679145152063,4.90700335659494
Train,5.00538847860667,5.00506036143634
Train,3.84179557269776,3.84149749505741
Train,3.91920875165838,3.91961839838041
Train,3.99422371956472,3.99360069528484
Train,4.06725350138824,4.06685394228407
Train,4.1382277797835,4.13886647803156
Train,4.20723213202012,4.20635429740651
Train,4.27420779048411,4.27417209270061
Train,4.33951434295091,4.33934246405988
Train,4.40308067966405,4.40300291233871
Train,4.4649754430464,4.46390843188419
Train,4.52513816900946,4.52522137286724
Train,4.58388488439728,4.58390423884703
Train,4.6411453493064,4.64107835444156
Train,4.69697526082213,4.69673468558904
Train,4.75131410345043,4.75112548129982
Train,4.80444192109512,4.80426066368818
Train,4.85629034384653,4.85623165273137
Train,4.90690503639522,4.90705831882951
Train,4.95622646817187,4.95552502806095
Train,5.00450460980597,5.003463250192
Train,2.12502787527181,2.12513775451953
Train,2.36135204633954,2.3614353180601
Train,2.58362284929565,2.58346723880823
Train,2.79268469363621,2.79327602137346
Train,2.9900326385081,2.98969744615169
Train,3.17629153514919,3.17734956622735
Train,3.35268522941764,3.35248268350551
Train,3.51967841931029,3.52032917800534
Train,3.67828647416271,3.67833018037345
Train,3.82885566655389,3.82878641844582
Train,3.972238578413,3.97277062567446
Train,4.10869287269671,4.10871866925299
Train,4.23894221158223,4.23909671518777
Train,4.36317727847259,4.36375322629465
Train,4.48201832437531,4.48239526383259
Train,4.59560495869248,4.5963526011401
Train,4.7044735138618,4.70509861191385
Train,4.80872436390115,4.80871424453653
Train,4.90882501568616,4.90901876507996
Train,5.00484551569014,5.00467712514364
Train,2.12630598483605,2.12588625684293
Train,2.35539875522112,2.35527525096404
Train,2.57176533308534,2.57171419668157
Train,2.7762152162635,2.77601398759725
Train,2.97012763582966,2.97006564609183
Train,3.154096397871,3.15391019757953
Train,3.32886723508733,3.32877070605173
Train,3.49511312972944,3.49466401068639
Train,3.65327046900327,3.6530948491054
Train,3.8042444465208,3.80417339535052
Train,3.94835614457831,3.94815355622995
Train,4.08606303712706,4.0857607597718
Train,4.21763900232919,4.2173975294354
Train,4.34375987462006,4.34327976606437
Train,4.46462571056548,4.46441102697281
Train,4.58055824708455,4.58020251300331
Train,4.69185348214286,4.6917104729655
Train,4.79866719334719,4.79830033652979
Train,4.90148964649825,4.90126175225305
Train,5.00043192536905,4.99974739468598
Train,2.12756302321726,2.1272660792165
Train,2.34357282068457,2.34369876713026
Train,2.54984329443584,2.54950281263882
Train,2.74656419884556,2.74681274306204
Train,2.9346004194769,2.93461849164305
Train,3.11472246366613,3.11463626633486
Train,3.28702110126639,3.2873985569895
Train,3.4523767881392,3.45233907569491
Train,3.61083401632121,3.61074890835152
Train,3.7629914237032,3.76325236097182
Train,3.90938665371888,3.90910451264062
Train,4.05001495535352,4.05004560676753
Train,4.185367040438,4.18552580985124
Train,4.31588545686173,4.31612342242443
Train,4.44153302115887,4.44110300823377
Train,4.56285822366104,4.56327640549716
Train,4.67980876824761,4.67980795772019
Train,4.79274789655703,4.79260557906673
Train,4.90200518548599,4.90175812182133
Train,5.00751258189677,5.00738696518238
Train,3.80374262174995,3.8036340789331
Train,3.8813644729742,3.88141115607141
Train,3.95697922789834,3.95669846698729
Train,4.03066374022847,4.03071723101311
Train,4.10249098938142,4.10223834216595
Train,4.17241839760179,4.17278869876463
Train,4.24073848405763,4.24057217621885
Train,4.30739922438136,4.30738735786872
Train,4.37246034610359,4.37240113814187
Train,4.43597874424708,4.43611835748743
Train,4.49800864726972,4.49807822547882
Train,4.55860177147655,4.5586290132851
Train,4.61780746482474,4.61745482752303
Train,4.67567284096216,4.67559085825633
Train,4.73224290426455,4.73251706385054
Train,4.78747214480045,4.78715848063439
Train,4.84158066204671,4.84164950686682
Train,4.89451729124722,4.89462660050049
Train,4.9463196958571,4.94611547009845
Train,4.99702394247805,4.99673862336931
Train,2.13398817546624,2.13440832349443
Train,2.3603036930206,2.36047407069418
Train,2.57460521573588,2.57477553037461
Train,2.77744420913406,2.77732789639413
Train,2.97007708970211,2.97016060507303
Train,3.15291186542403,3.15223657304887
Train,3.3270039647829,3.32715010040556
Train,3.49265432852556,3.49246256642073
Train,3.6507592120268,3.65025809063809
Train,3.80153884200432,3.80185785274807
Train,3.94576178529703,3.94616884525749
Train,4.08358689922918,4.08376523869811
Train,4.21567911599837,4.21588508196874
Train,4.34215029631276,4.34252838500106
Train,4.46358035984785,4.46399151972582
Train,4.58004496573176,4.58025149293826
Train,4.69205361385402,4.69207753556839
Train,4.79965394873103,4.79965945005097
Train,4.90329661362725,4.90343309937452
Train,5.00300750171342,5.00288971246482
Train,2.12692952333918,2.12683929529885
Train,2.35088489207782,2.35071472153504
Train,2.56338939913463,2.5628528276502
Train,2.76487539438893,2.76464331469469
Train,2.95637934571797,2.95625945274514
Train,3.13881695982081,3.13854178565089
Train,3.31245113616632,3.31185367710714
Train,3.4782528902867,3.47802089674224
Train,3.63640671876633,3.63591431225359
Train,3.78758909481047,3.78719218676997
Train,3.93240371759829,3.93216323191882
Train,4.07095177015897,4.0707099657011
Train,4.20377149195949,4.20338101902598
Train,4.33134563589012,4.33111548593297
Train,4.45371995796277,4.45347485378443
Train,4.57145462335721,4.57104576544953
Train,4.68456901428786,4.68454978596856
Train,4.79344493329453,4.79310264430387
Train,4.89842727377511,4.89833791575074
Train,4.99950692178822,4.99909238992404
Train,2.12371882685724,2.12322226972901
Train,2.34385229132083,2.34308522115316
Train,2.5529843127808,2.55245678765641
Train,2.75238144534349,2.75199194042943
Train,2.94226652286525,2.94179903139593
Train,3.12372518645314,3.12362623582158
Train,3.29690314324393,3.29698881223158
Train,3.46273958171679,3.46213505699416
Train,3.62150678904842,3.62106008447154
Train,3.77347042690937,3.77304651571467
Train,3.91939789573612,3.91868549282663
Train,4.0593154789097,4.0592456918821
Train,4.1939000881719,4.19395585283928
Train,4.32329993503047,4.32312887808803
Train,4.44766388388869,4.44729509945319
Train,4.56755956828605,4.56706346753344
Train,4.68295388954253,4.68287543986662
Train,4.7943553340357,4.79396631192503
Train,4.90171656914261,4.90132760763663
Train,5.00549551390638,5.00495485241117
Train,0.858570132811861,0.859233027731534
Train,1.04394113124311,1.04406913644198
Train,1.21780985666362,1.21797934410279
Train,1.38046476767378,1.38031872460851
Train,1.53365978365212,1.53352488911332
Train,1.67753229485396,1.67781020401162
Train,1.81353329009593,1.81349188909371
Train,1.94169856401498,1.94192333267711
Train,2.0629656558425,2.06300928533165
Train,2.17814266650068,2.17820241906884
Train,2.28717156304968,2.28693826102972
Train,2.39101087704773,2.39145659784117
Train,2.48956493941143,2.48941548469884
Train,2.58344419356656,2.58357925841847
Train,2.67318127111649,2.67325185264053
Train,2.7586469140583,2.75855472075636
Train,2.84051777871266,2.84070018913917
Train,2.91865223851417,2.91848666450096
Train,2.99364766201722,2.99367209763295
Train,3.06535534516765,3.06568628006062
Train,2.11836488912733,2.11910318212176
Train,2.32413838841679,2.32427451902913
Train,2.52176604908489,2.52183981029521
Train,2.71214490016071,2.71211993319594
Train,2.89546247921265,2.89554152295023
Train,3.07190808450751,3.07211333071609
Train,3.24223961470774,3.24227150965453
Train,3.40640343133022,3.40645765421505
Train,3.56508149230297,3.56511818353465
Train,3.71837330568695,3.71844874342787
Train,3.86638353331531,3.86647640039155
Train,4.00969953745136,4.00962493325642
Train,4.14838636500646,4.14857031164865
Train,4.2825150818542,4.28243743268104
Train,4.41259655644757,4.41260317185515
Train,4.53852985181722,4.53856452077889
Train,4.66078275686764,4.66078974642733
Train,4.77938175725327,4.77937001940154
Train,4.89435981211991,4.89454406002187
Train,5.00612953667992,5.00593625446345
Train,2.80431739155581,2.80444712482131
Train,3.00972497311769,3.01003475525067
Train,3.19814047253609,3.1980299497809
Train,3.37125133976355,3.37128383327217
Train,3.53100508559131,3.5313374080506
Train,3.67903463184464,3.67893981110683
Train,3.81631626614119,3.81651568701636
Train,3.94410447092034,3.94411815943022
Train,4.0634679768502,4.06369430902123
Train,4.17499426474688,4.1749525426203
Train,4.2795332183762,4.27979744412005
Train,4.37772154690942,4.37771864183742
Train,4.47021182728672,4.47044288357574
Train,4.5573143354775,4.55749808706605
Train,4.63956750088226,4.63955074530531
Train,4.71744209228868,4.71772592483467
Train,4.79113303528688,4.79111183369969
Train,4.86103761995336,4.86114394097967
Train,4.92750601768001,4.92772297399642
Train,4.9906604504058,4.99070120531542
Train,3.92049435677243,3.92009535922989
Train,3.99145171165559,3.99131225938618
Train,4.06038019918818,4.0603522347883
Train,4.12763122014509,4.12772870925983
Train,4.19313532039386,4.19301933518
Train,4.2569596945443,4.25681189878378
Train,4.31904504352194,4.31902149134112
Train,4.37970121019443,4.37977655142458
Train,4.43885954180265,4.43853302087518
Train,4.49657484268183,4.49662425930728
Train,4.55278775849454,4.55270548586122
Train,4.60777364208356,4.60788806829805
Train,4.66146558459228,4.66139160199236
Train,4.71390872886511,4.71371914105839
Train,4.76504463981533,4.76510293666797
Train,4.81511972504834,4.81509557914978
Train,4.86406937288452,4.86415261874936
Train,4.91193110299996,4.91166851687012
Train,4.95864800759439,4.95882133788109
Train,5.0044419594387,5.00434504900477
Train,3.84105780659028,3.84258523237077
Train,3.91832834994135,3.91751232058596
Train,3.99339132457357,3.99550539270422
Train,4.06634000132811,4.06927215430187
Train,4.13726246970036,4.13829156893189
Train,4.20624199270175,4.20620781819889
Train,4.27335733295105,4.27429766910063
Train,4.33868305268011,4.33867688094324
Train,4.40228979005651,4.40316844986955
Train,4.46424451397606,4.46392300259322
Train,4.5244936789611,4.52479689967731
Train,4.58333470882261,4.58345819859096
Train,4.64070477073592,4.64098307210224
Train,4.69665834288126,4.69824352575233
Train,4.75124724606848,4.75176290067611
Train,4.80452080381362,4.80403184961324
Train,4.85652599098172,4.85703871035366
Train,4.90730757193771,4.90716812023311
Train,4.95690822905911,4.95718659646082
Train,5.0053686823862,5.00504597971303
Train,2.42834849611159,2.42826346146467
Train,2.48746707092845,2.48755022713885
Train,2.54575788762654,2.54530718434398
Train,2.60303139094534,2.60357825346728
Train,2.65972085298525,2.65890562670393
Train,2.71563287692946,2.71565096941777
Train,2.77078334651799,2.77119642954494
Train,2.82518771572609,2.82477021071099
Train,2.87866785658468,2.87871790353529
Train,2.93162730929852,2.93073921842733
Train,2.98388453553816,2.98397925325844
Train,3.03545341028352,3.03588608930295
Train,3.0861642488899,3.08605251907284
Train,3.13639897887034,3.13598849693517
Train,3.18598480435449,3.18623169863713
Train,3.23493421794094,3.2348213062869
Train,3.28325939359915,3.28376625988312
Train,3.33080041565752,3.32992081037082
Train,3.37791456924576,3.3783137943974
Train,3.42443915374309,3.42415940823412
Train,2.22155204803839,2.22099779757991
Train,2.32922765133009,2.32942844424542
Train,2.43370119229795,2.43470896154759
Train,2.53465579142421,2.53403326606349
Train,2.63270837419855,2.63247440161649
Train,2.72755216680266,2.72783050438738
Train,2.81975806069971,2.81991829077742
Train,2.90902955187261,2.9087380306737
Train,2.9957001972413,2.99560306814965
Train,3.08007276147852,3.08079291731701
Train,3.16186609529202,3.16107744160399
Train,3.241556529746,3.24164121001377
Train,3.31887296567829,3.31918266216235
Train,3.39408991319927,3.39371851048054
Train,3.46745776338033,3.4671308114921
Train,3.53872002406571,3.53921748188441
Train,3.60828044587191,3.60847852601728
Train,3.67589190696518,3.6755462396759
Train,3.74193377307705,3.74177313056862
Train,3.80616796539295,3.80636924319697
Train,2.14209769603856,2.14280149445403
Train,2.21273339531818,2.21226770796056
Train,2.2823769413851,2.28160501968523
Train,2.350592547525,2.35118614279781
Train,2.41764641444086,2.41648350857577
Train,2.48378804666712,2.48349313962535
Train,2.54860206011197,2.54878610517335
Train,2.61255260736111,2.61279861018556
Train,2.67523715122211,2.67478301843948
Train,2.73689780398066,2.73726366155461
Train,2.79776203666832,2.7972660108062
Train,2.85744551416636,2.85754722739512
Train,2.91617745975339,2.91581023996696
Train,2.97417352739124,2.97483821047354
Train,3.03106640882577,3.0307047078968
Train,3.08726055967372,3.08689955731825
Train,3.14239942363412,3.14275073336466
Train,3.19669294873118,3.19636420976894
Train,3.25033907813989,3.25024014894734
Train,3.30299653175664,3.30290085719025
Train,1.81999616082544,1.82000979962322
Train,1.89765762313371,1.8979314965618
Train,1.97438270048283,1.97405515259743
Train,2.0497284008324,2.04952224250883
Train,2.12395656593575,2.12359475860285
Train,2.19731456079502,2.19764992220735
Train,2.26937773151438,2.26860034606216
Train,2.3403953394366,2.34048948867712
Train,2.41060313213166,2.41017011094664
Train,2.47959370430812,2.47954775526887
Train,2.54760463611279,2.5472587017357
Train,2.61465664623822,2.61415687830595
Train,2.68097125051267,2.68098305825697
Train,2.74616248280759,2.74601011206687
Train,2.81045360596929,2.81044241409109
Train,2.8740563042733,2.87347748255706
Train,2.93659962558512,2.93671058458131
Train,2.99829693749261,2.99837843944988
Train,3.05935074493537,3.05905564426212
Train,3.11940426712818,3.11899706264376
Train,2.12131051433176,2.12149945055717
Train,2.34157767709187,2.34102554287529
Train,2.55089051954992,2.5513361908088
Train,2.75041997728193,2.75042014917562
Train,2.94047941174105,2.94063446167274
Train,3.12206776781015,3.12199319677893
Train,3.29541318753376,3.29529170056776
Train,3.46137588089574,3.46135204108577
Train,3.62026820396298,3.62016127021343
Train,3.77238947072282,3.77252211637824
Train,3.9184378745978,3.91813140603335
Train,4.05850605266546,4.05859659590351
Train,4.19320723877575,4.19321740318992
Train,4.32272202966428,4.32287228621135
Train,4.44722696284171,4.4470092158881
Train,4.56723312140291,4.56739531681524
Train,4.68276194077873,4.68260610246944
Train,4.79426945759002,4.7944521258396
Train,4.90175901098383,4.90172405937483
Train,5.00563973868193,5.00535737685277
Train,2.11581728312473,2.11557226631703
Train,2.33047865584099,2.33060103155731
Train,2.53578948231645,2.53570001764456
Train,2.73197658332002,2.73236730862845
Train,2.91981227546609,2.91917103889864
Train,3.09981870678823,3.10027419971448
Train,3.27263879538605,3.2726817710718
Train,3.43838038489641,3.43846170866891
Train,3.59762025954928,3.59755418394343
Train,3.75073363400826,3.75110773320193
Train,3.89820705850173,3.89794287881523
Train,4.04007726729951,4.04027006516117
Train,4.17678714525193,4.1768990203127
Train,4.30861321308013,4.30867666650738
Train,4.43593332062855,4.43597888020304
Train,4.55874123514964,4.55873963872727
Train,4.67738517395463,4.67744073802896
Train,4.79207338478934,4.79213858216099
Train,4.90310587350724,4.90319355884276
Train,5.01045046455225,5.0103670190947
Train,2.12340780063026,2.12417542208277
Train,2.33555182157128,2.33585025800858
Train,2.53826171316524,2.53920289365487
Train,2.73252129019331,2.73246495849162
Train,2.91849468018317,2.91842917308531
Train,3.09703969551917,3.09722327048803
Train,3.26826695843802,3.26879156091309
Train,3.4329299474644,3.43307183786237
Train,3.591248371111,3.59222641599627
Train,3.74343716572525,3.7441186098149
Train,3.89012436427303,3.89035051507381
Train,4.03133386362594,4.03176580272702
Train,4.16762609628764,4.16776059362746
Train,4.29912814868422,4.29921045181982
Train,4.42596729516976,4.42589049522212
Train,4.54862072987129,4.54876382982911
Train,4.66706619002326,4.66717350467661
Train,4.78173499906128,4.781687343675
Train,4.89259322452992,4.89252761253738
Train,5.00003247031494,5.00001122799586
Train,-2.52020399747413,-2.51884793605132
Train,-2.29591448626899,-2.29562429783255
Train,-2.07832454396176,-2.07783854756417
Train,-1.86808267620809,-1.86863182602974
Train,-1.66391071808652,-1.66377668859059
Train,-1.46643689877274,-1.46627116627496
Train,-1.27447895842263,-1.2745845098907
Train,-1.08864441514788,-1.08873340071295
Train,-0.907836374848127,-0.907252907083603
Train,-0.73264157362904,-0.733074557923828
Train,-0.562039432900503,-0.561392420109769
Train,-0.39659609735487,-0.396462358323333
Train,-0.235359490400793,-0.235575933213113
Train,-0.0788755415109268,-0.0786899541635648
Train,0.0737461038603353,0.0735327275615418
Train,0.221979226239904,0.222368628885306
Train,0.366658369217015,0.366635068749019
Train,0.507276431250276,0.507403475116007
Train,0.644617321591916,0.644462310418021
Train,0.778192409141088,0.778814034521929
Train,3.78722333247141,3.78673176011944
Train,3.86835707725558,3.86858382292121
Train,3.94712554082616,3.94734556011099
Train,4.02363066926337,4.02274417270382
Train,4.0979686329837,4.09845180695993
Train,4.17023023004647,4.16996183499577
Train,4.24050125613106,4.24034064332955
Train,4.30886284435454,4.30729806048475
Train,4.37539177775957,4.37523071924079
Train,4.44016077700295,4.43925655124622
Train,4.50341168856786,4.50252847760567
Train,4.56485960942645,4.5652897865948
Train,4.6247441025641,4.62378278259712
Train,4.6831240862016,4.68176327509718
Train,4.74005555482039,4.73925452094409
Train,4.79559175829861,4.79383313268772
Train,4.84978336803594,4.84856624378881
Train,4.90267863115647,4.9020898774761
Train,4.95432351377617,4.95372141282132
Train,5.0047618342289,5.00397058494855
Train,4.06779321762793,4.06777122708445
Train,4.12886362446846,4.12882102940785
Train,4.18843650502565,4.18846120098897
Train,4.24656627409439,4.24647829739843
Train,4.3034897491331,4.3034936795666
Train,4.35888192481813,4.3588177366546
Train,4.41297936164961,4.41288581750268
Train,4.46582693013893,4.46587742066913
Train,4.51746745109716,4.51733979183336
Train,4.56794181135225,4.56799218918604
Train,4.61745010965688,4.61737658403581
Train,4.6657040691344,4.66564670374646
Train,4.71290408416591,4.71292786317645
Train,4.75908431150662,4.75892079340701
Train,4.80427744772708,4.80433971302409
Train,4.84851480641581,4.84842264004692
Train,4.89196783246196,4.89193441528914
Train,4.93437948805927,4.93439705251512
Train,4.97592179954134,4.97592040750897
Train,5.01662122515669,5.01639140845509
Train,4.22014920295026,4.22115364531783
Train,4.27001595389997,4.27023149131128
Train,4.31884733509992,4.31905830905453
Train,4.36649106477317,4.3665394393829
Train,4.41334987882338,4.41364014592546
Train,4.45926512455976,4.45931265581021
Train,4.50426501801582,4.50453594858845
Train,4.5483766613159,4.54843728585547
Train,4.59145944968607,4.59166599929449
Train,4.63387492262615,4.6340944639378
Train,4.67547720517421,4.67544037733023
Train,4.71628946103913,4.71644045066205
Train,4.75617962708936,4.75625280108943
Train,4.79548073861762,4.79560804500215
Train,4.83405616692232,4.83421165473555
Train,4.87192582742161,4.87202159898879
Train,4.9091089134031,4.90918102855358
Train,4.9454831181638,4.9455791635628
Train,4.98135040320262,4.98143140522734
Train,5.01658461081217,5.01659898273647
Train,0.0232534855056645,0.0243373156554298
Train,0.324712944071901,0.324418439166038
Train,0.60536286614481,0.605185752283433
Train,0.867286065839493,0.867903599573765
Train,1.11229637454543,1.11186681174877
Train,1.34246542260862,1.34195459876355
Train,1.55818922335934,1.55829032723705
Train,1.76121419379661,1.76267671594542
Train,1.95262957125149,1.95413870365155
Train,2.13340348386394,2.13270109776204
Train,2.30439932758651,2.30453819606919
Train,2.46638955566902,2.46747213544586
Train,2.62006734534397,2.62004231652827
Train,2.76605651343147,2.76577498266124
Train,2.90491998000819,2.90511157147557
Train,3.03744826357064,3.03741070255637
Train,3.16352782107499,3.16416039150499
Train,3.28387356534576,3.28406210986577
Train,3.39886794131181,3.39855574761168
Train,3.50886012159005,3.50982200132421
Train,4.28859561403509,4.28859641195595
Train,4.34205553093081,4.3420466582611
Train,4.39413825412554,4.39413197708927
Train,4.44523806813899,4.44522361961572
Train,4.49521413955049,4.49517801575712
Train,4.54393920473399,4.54391563665558
Train,4.5917797177037,4.59177380688925
Train,4.63844468822171,4.63841377883364
Train,4.68428365944228,4.68423279916897
Train,4.72916704473182,4.7291810639872
Train,4.77297694083089,4.77296106921131
Train,4.81603966114015,4.81599924048351
Train,4.85823186116631,4.85803753302025
Train,4.89944090909091,4.89893997983017
Train,4.93997216624685,4.93997737953759
Train,4.9795747829991,4.97950151447003
Train,5.01854127914636,5.0185301730744
Train,5.05675790632441,5.05675977721694
Train,5.09412023228766,5.09407386743987
Train,5.1309029953917,5.13084296752641
Train,2.58610026583734,2.58844330508146
Train,2.76851465918126,2.77067653531412
Train,2.94272882802608,2.94461388195487
Train,3.10901911744448,3.11011833170051
Train,3.26841993749323,3.26923101351713
Train,3.42110751508397,3.42239275009342
Train,3.56749720103519,3.56735292792291
Train,3.70797077464581,3.70906217771699
Train,3.84266509114177,3.84247944816161
Train,3.97234198581784,3.9732445666159
Train,4.09707757069643,4.09732050784078
Train,4.21714899668871,4.21810859742254
Train,4.3326287426891,4.33260340530978
Train,4.44413033620157,4.44377697280288
Train,4.55168393839327,4.55173881653172
Train,4.65549558435397,4.65652825964207
Train,4.75575721774563,4.75723854684475
Train,4.85249322518756,4.85256012406171
Train,4.9461851749025,4.94621501693473
Train,5.03682941941548,5.03631071776181
Train,2.98775249380128,2.98652807542385
Train,3.12206960094632,3.11990559134574
Train,3.25290130390781,3.25213830568828
Train,3.37993974614198,3.37969354893721
Train,3.50377640960752,3.50350722257281
Train,3.62411220201402,3.62418442205671
Train,3.74150019080705,3.74232358497102
Train,3.85565013384334,3.85519438901974
Train,3.96688702225547,3.96629564818431
Train,4.07550945630258,4.07446210869966
Train,4.18124040876721,4.18215345237695
Train,4.28455202488485,4.28437472166115
Train,4.38517594829115,4.38511848326743
Train,4.48338609932238,4.48273942733067
Train,4.57943510371219,4.58099918419612
Train,4.67306727396642,4.67480170530325
Train,4.76469060628296,4.76450454375299
Train,4.85405759289072,4.85635413937416
Train,4.94155423929131,4.94116055052291
Train,5.02694097839383,5.02569057923392
Train,4.14401671994345,4.14461382790614
Train,4.19751144380353,4.19771976628545
Train,4.24985505831044,4.25008819504001
Train,4.30108432264442,4.30151170043246
Train,4.35123444732833,4.35144156292517
Train,4.40033917493346,4.40014894473279
Train,4.44843085579031,4.44888736352732
Train,4.49554051906142,4.49575417151937
Train,4.54169793950441,4.54165815321903
Train,4.58693170022691,4.58699807940866
Train,4.63126925171151,4.63160308902297
Train,4.67473696736674,4.67491442561004
Train,4.71736019584034,4.71736205558409
Train,4.75916331031284,4.75917803306947
Train,4.80016975497286,4.80037059669121
Train,4.84040208886042,4.84057467916136
Train,4.87988202725041,4.87979807506053
Train,4.91863048073583,4.91869204466639
Train,4.95666759215853,4.95660930624581
Train,4.99401277152463,4.99421157659526
Train,3.88106647881116,3.88019567591255
Train,3.95498534175077,3.95381293964601
Train,4.02671478618677,4.02667493055924
Train,4.09670141090502,4.09684496908449
Train,4.16483624467702,4.16385545871162
Train,4.23102517859931,4.23126658507681
Train,4.29567456628328,4.29455348158081
Train,4.35852034698589,4.35841155496746
Train,4.41994505606517,4.41985164580547
Train,4.47984525635399,4.47940879341331
Train,4.53813014425581,4.5373083661907
Train,4.59515032639944,4.59492884071369
Train,4.65080606957692,4.65045092315268
Train,4.70500913105349,4.70503518605983
Train,4.75808209561698,4.7573873912188
Train,4.80979863708371,4.80951959233062
Train,4.86046452629652,4.86031613686646
Train,4.90998639728125,4.90981952857692
Train,4.95828074029674,4.95706988391612
Train,5.00563050217586,5.00511665488011
Train,2.12621823990325,2.12645348628575
Train,2.35335536725129,2.35317601168936
Train,2.56848775657863,2.56840298176394
Train,2.77206855266668,2.77229402153171
Train,2.96522830288204,2.96506520715775
Train,3.14896097896573,3.14863367220823
Train,3.32353294524035,3.32391799275501
Train,3.49000016938564,3.49004519788286
Train,3.64854390333541,3.64846020352707
Train,3.79989311823147,3.79968381373328
Train,3.94469562852031,3.94497402851994
Train,4.08304353576476,4.08330241754447
Train,4.21551363640978,4.21546428588772
Train,4.34262124740616,4.34243252347369
Train,4.46440022385062,4.46452232507727
Train,4.5814523120877,4.58143693915918
Train,4.69378410219524,4.69375880067673
Train,4.80180183201991,4.80189445658471
Train,4.9058711871293,4.90588239666249
Train,5.00596980801308,5.00588966733631
Train,3.98151939479087,3.98166463332745
Train,4.08560394980828,4.08585467495141
Train,4.18538760819451,4.18533832385583
Train,4.28149214122652,4.28109421562112
Train,4.3737693593754,4.37395993153768
Train,4.46277764000615,4.46286646645603
Train,4.54836467816459,4.54852730214043
Train,4.63103463127504,4.63086059428315
Train,4.71063354983805,4.7106215585809
Train,4.78761888365643,4.78776524392742
Train,4.86183683844562,4.86197642609477
Train,4.93370436064246,4.93332824910613
Train,5.00306911414454,5.00324765640835
Train,5.07031270660277,5.07047758541739
Train,5.13528519349241,5.13521362607571
Train,5.19833717447293,5.19858058769023
Train,5.25932175401187,5.25902052470337
Train,5.31856218030005,5.31869944559003
Train,5.37591505757774,5.3758731944763
Train,5.43167938954815,5.43121779061767
Train,3.56330827873525,3.56340774743876
Train,3.61943027308644,3.6194436822334
Train,3.67467932599725,3.67456718070753
Train,3.72860979994892,3.72860027623392
Train,3.78149458101501,3.78125195782195
Train,3.83336379059865,3.8333612618153
Train,3.88446551995038,3.88449243314972
Train,3.93438531230801,3.93439051831956
Train,3.98337334956381,3.98340068207472
Train,4.03145547738693,4.03160377157474
Train,4.07885992830399,4.0787947460849
Train,4.12520035364699,4.12501060306386
Train,4.17070699209888,4.1706863171712
Train,4.21540214606916,4.21545524673274
Train,4.25949652745226,4.25945734092966
Train,4.30262920059413,4.30256004798139
Train,4.34501278816023,4.34516204838292
Train,4.38666663622413,4.38675374416925
Train,4.42778591658008,4.42745969266252
Train,4.46803273530061,4.46799407317303
Train,5.37057636424032,5.37054790629918
Train,5.43382141873497,5.43380468894611
Train,5.49501443885656,5.49509753882739
Train,5.55425370004127,5.5542259289723
Train,5.61163130089327,5.61156000669143
Train,5.66723364096217,5.66723203285073
Train,5.72114185484868,5.72114837266417
Train,5.77343220722596,5.77344830238872
Train,5.82417645282135,5.82423595703585
Train,5.87344216493173,5.87340203730128
Train,5.92120404498644,5.92118481802754
Train,5.96770266156324,5.96772662892909
Train,6.01290314905093,6.01288861360081
Train,6.05685912002681,6.05686322410475
Train,6.09962127490142,6.09962499284302
Train,6.14123759700093,6.14122121941182
Train,6.18175353217474,6.1817599033966
Train,6.22121215434194,6.22122523922735
Train,6.25965431824423,6.25964614703844
Train,6.29711880054416,6.29713908089616
Train,3.43469817214436,3.43487052389537
Train,3.71526197914561,3.71532063811173
Train,3.96912085994883,3.96898445641273
Train,4.19970213449115,4.19976789502834
Train,4.41045529222628,4.4103561653028
Train,4.60365386091897,4.60366084674024
Train,4.78140345001849,4.78142992689391
Train,4.94548586823508,4.94547954748123
Train,5.09727810462039,5.09728050410195
Train,5.23837314178011,5.23841810600425
Train,5.36974091204346,5.36976334139035
Train,5.49235381109834,5.49236458590167
Train,5.60695185997092,5.60701011828496
Train,5.71449665703554,5.71457139319682
Train,5.8155254137919,5.81557147792773
Train,5.91061291862125,5.91060106276564
Train,6.00026828715781,6.00027341423993
Train,6.08486476854503,6.08488906577986
Train,6.16496886465042,6.16499161899264
Train,6.24085787471548,6.24087306148431
Train,3.35747576609748,3.35651512306504
Train,3.46979775418912,3.46879279363202
Train,3.57789529176079,3.57756223895558
Train,3.68200230337501,3.68232986365183
Train,3.78212479428875,3.78121333579475
Train,3.87889364851317,3.87852972119435
Train,3.97227749373612,3.97266998958366
Train,4.06245089010111,4.06164240904764
Train,4.14957659815377,4.14939310921181
Train,4.23380655928289,4.23350267706701
Train,4.3151111586512,4.31524889924913
Train,4.39397198583075,4.39406699491519
Train,4.47033614290024,4.4696934648091
Train,4.54432034612779,4.54422910741414
Train,4.61603414828639,4.61646415448922
Train,4.6855804799257,4.68514880901785
Train,4.75291380124137,4.75308039593074
Train,4.81841406116404,4.81815319720772
Train,4.88202044711433,4.88188950545737
Train,4.94381392771371,4.94338744400011
Train,3.95379085585895,3.95386698740185
Train,4.02387689874655,4.02427358751447
Train,4.09202787585003,4.09206245486712
Train,4.15832283624358,4.15827885217732
Train,4.22265524360137,4.22285512684903
Train,4.28546338401749,4.28574303225469
Train,4.34662808607946,4.34671943902504
Train,4.40621302012163,4.40619143271033
Train,4.46427860944328,4.46444054047606
Train,4.52088223469157,4.52102606576955
Train,4.57592311844487,4.57614053400903
Train,4.62976750947251,4.62961667017953
Train,4.6823055082136,4.68250020662526
Train,4.73358408906357,4.73368137907528
Train,4.78364800099205,4.78394859191758
Train,4.83253989778802,4.83263335283846
Train,4.88016595915179,4.88007441155787
Train,4.9268370631556,4.92705573025887
Train,4.9724526102253,4.97274338747229
Train,5.0170480101116,5.01701921301719
Train,3.80648225569434,3.80762535597751
Train,3.88819773140044,3.88902399754443
Train,3.9675845776397,3.96870283015596
Train,4.04434546678564,4.04502649199276
Train,4.1187993066945,4.11966114136158
Train,4.19123440546412,4.19132570101647
Train,4.26137018770759,4.26218701089965
Train,4.32948904552383,4.32963230890891
Train,4.39584710591179,4.39710626655869
Train,4.46017989826154,4.46036590022413
Train,4.52273921278602,4.52329534017917
Train,4.58359738725435,4.58460982282122
Train,4.64297543427099,4.64333331020316
Train,4.70062906181099,4.7012807166393
Train,4.75677643828702,4.75728381443332
Train,4.81161680267712,4.81234190559917
Train,4.86491994475946,4.86475502376561
Train,4.91688305589834,4.91708318511519
Train,4.96768669976923,4.96754717297881
Train,5.01711383153096,5.01696520785481
Train,3.8066694585454,3.80950867907814
Train,3.88830813858995,3.89053510693338
Train,3.96762431052348,3.96964150033455
Train,4.04432259282697,4.04603027895064
Train,4.11891043444386,4.12078787261999
Train,4.19110358009718,4.19290734328388
Train,4.26137364197484,4.26355881062045
Train,4.32944724323035,4.33109278033953
Train,4.39576388554881,4.39816775071813
Train,4.46006075378851,4.46351301191316
Train,4.52274846433141,4.52406209016772
Train,4.58357440276936,4.58443855590303
Train,4.64292310555896,4.64449937211612
Train,4.70055177180784,4.70322447105718
Train,4.75682130961977,4.75862148495798
Train,4.81149833123813,4.8132800081803
Train,4.86492226818416,4.86527331786056
Train,4.9168687417456,4.9170568548725
Train,4.96765760327812,4.96771158643242
Train,5.01707308206896,5.01711658037675
Train,2.1236001698057,2.12619593774434
Train,2.3312267024633,2.33172181369446
Train,2.53079190975058,2.53138465490338
Train,2.72221107576009,2.72481020158011
Train,2.90649628017563,2.90756613980193
Train,3.08353435789103,3.08481190823659
Train,3.25422961376912,3.25507895057672
Train,3.41844845121932,3.42055476384849
Train,3.57700345480192,3.57950498782157
Train,3.72974665350828,3.73133330860583
Train,3.87741200225108,3.87795695323439
Train,4.01984174897882,4.02097405686072
Train,4.15770198454672,4.15860648403032
Train,4.290828668106,4.29148367869493
Train,4.41982895049952,4.42030520532717
Train,4.54453516025359,4.54531071155361
Train,4.66550296056914,4.66578247039433
Train,4.78256307189015,4.78335199374851
Train,4.89622593620364,4.89640451801824
Train,5.00632220143366,5.00637038655259
Train,2.11929806066128,2.120917518434
Train,2.33912576422513,2.34005048397376
Train,2.54859528613601,2.54950112858205
Train,2.74780960314826,2.7494383412195
Train,2.93779495529389,2.93912530081434
Train,3.11945687375641,3.12152257929847
Train,3.29279699955795,3.29400412968971
Train,3.45862885425712,3.45940272853477
Train,3.61767431655396,3.61891686679155
Train,3.76987241815197,3.77079913680063
Train,3.91588042011057,3.91604367383843
Train,4.05606843534068,4.05784392132773
Train,4.19098530903493,4.19170820400905
Train,4.32052286055671,4.32068183369847
Train,4.44518840503133,4.44540839793626
Train,4.56543701782796,4.5659196388151
Train,4.6811416941507,4.68150954617158
Train,4.79272714137776,4.79283153972938
Train,4.90057583290482,4.90070023944281
Train,5.00455067461036,5.00429100762267
Train,2.79788184818482,2.80084669559437
Train,2.97335468643221,2.97348716211127
Train,3.13886891715424,3.14270348813443
Train,3.29576238654505,3.29582142884465
Train,3.44444714550587,3.44479471941304
Train,3.58531949114351,3.58810335899034
Train,3.71941916855353,3.71942194235453
Train,3.84701300755902,3.85103211025125
Train,3.96836344940053,3.96908414712379
Train,4.08429867299206,4.08455861036782
Train,4.19499065489583,4.19616187595238
Train,4.30078722298537,4.30104046950146
Train,4.40183938328847,4.40183957049157
Train,4.49877838020913,4.49891543052217
Train,4.5916967674814,4.59163233453
Train,4.68069257122139,4.68091349347378
Train,4.7662911811145,4.7661144237718
Train,4.84854735918329,4.84869914436422
Train,4.92752249937938,4.92758816862624
Train,5.00366031197705,5.00351196253177
Train,1.49400356488097,1.49444691631652
Train,1.57682794872268,1.5767367527078
Train,1.6584071625663,1.65863520184212
Train,1.73815252095142,1.73810367615806
Train,1.81672692283096,1.8165006763229
Train,1.89356181483551,1.89358789096877
Train,1.96929441392374,1.96935599876451
Train,2.04337531582866,2.04291285681393
Train,2.11641754009361,2.11654033455852
Train,2.1878899089651,2.1879177597948
Train,2.25838261570457,2.25851200390025
Train,2.327381842575,2.32712136086775
Train,2.3954562249571,2.39543618235621
Train,2.46210849074814,2.46200118093111
Train,2.5278868926327,2.52790784305398
Train,2.59230993820457,2.59234188753908
Train,2.65590658789213,2.65599534859939
Train,2.71821040810501,2.71829010664806
Train,2.77973208027049,2.7785107065356
Train,2.8400195506646,2.83916234732169
Train,3.79651087817818,3.79682870329998
Train,3.87628483249643,3.87586465419736
Train,3.95402468652431,3.95412577345269
Train,4.02946536235789,4.02960107910621
Train,4.10287290473821,4.10255347503698
Train,4.1743284105928,4.17463910062361
Train,4.24406620952719,4.24418522504129
Train,4.31184013007536,4.31157714121218
Train,4.37788100216708,4.37786421332567
Train,4.44225446036291,4.44251749925024
Train,4.5051650316377,4.50484124656214
Train,4.56638419583678,4.56652499319171
Train,4.6261141293753,4.62599268025224
Train,4.68440852026206,4.6846432165039
Train,4.74144748054827,4.74134388152015
Train,4.79701879050252,4.796841810552
Train,4.85130101388361,4.85143701975176
Train,4.90433849078683,4.90419894702063
Train,4.95629108787155,4.95611896242917
Train,5.0069615428495,5.00646718595817
Train,2.11265652053321,2.11255556043034
Train,2.3578566649345,2.35704291680304
Train,2.58709638398645,2.58633266561083
Train,2.80188488942419,2.80120977548358
Train,3.0035469266887,3.00284415583155
Train,3.19300068400244,3.19226285954937
Train,3.37179232928029,3.37094600033015
Train,3.5405745503095,3.53980245271669
Train,3.70016500671517,3.6994137731308
Train,3.85129466049826,3.85058345748257
Train,3.9946189701457,3.99383615075931
Train,4.1307273939857,4.13006145700638
Train,4.26015149340538,4.25929494523007
Train,4.38337187082695,4.38272268263972
Train,4.50082413335532,4.50004520741641
Train,4.61275563701275,4.61210421792202
Train,4.71983010816281,4.71936065937916
Train,4.82222099538286,4.82179651138722
Train,4.92022902122279,4.91974854706496
Train,5.01412970272404,5.01361160029774
Train,2.14401432385432,2.14559692134935
Train,2.38115906837723,2.38173783466482
Train,2.6037154860944,2.60436288550409
Train,2.81248742451155,2.81265948998771
Train,3.00895291571405,3.00886537435144
Train,3.19439187912844,3.19310032697103
Train,3.36928552276897,3.36935588629422
Train,3.53490699190702,3.53402492737223
Train,3.6915961922994,3.69063486716186
Train,3.8402358800163,3.83865136946406
Train,3.9816013822551,3.98199225688586
Train,4.11588896677827,4.11603643980925
Train,4.24377162448729,4.24298961548629
Train,4.36584447361433,4.36565012565552
Train,4.48221255814478,4.48226096833969
Train,4.59353582159029,4.59335356247902
Train,4.6998773243844,4.69941387129074
Train,4.80168739654563,4.80088741713553
Train,4.89936800597654,4.89932830595353
Train,4.99293804110241,4.99177972530015
Train,2.1089386522176,2.1091321629865
Train,2.37514073023038,2.3750528619712
Train,2.62060179571228,2.62023424737708
Train,2.84707197075652,2.84702005593135
Train,3.05721315704382,3.05741502320598
Train,3.25222648526667,3.25183339882642
Train,3.43415752082525,3.43410426540504
Train,3.60384084059762,3.60385033349303
Train,3.76267811596061,3.76275110850111
Train,3.91187006831308,3.911299519983
Train,4.05190585526976,4.05192211400572
Train,4.18394524024873,4.18399330967077
Train,4.30833067579597,4.30812036364659
Train,4.42586142983442,4.42585481445713
Train,4.53723364108906,4.53708477282635
Train,4.64264426466738,4.64241518440394
Train,4.74281992770265,4.74291890203313
Train,4.83789302383836,4.83762074133847
Train,4.92847952912802,4.92854447031277
Train,5.01466450809957,5.01408909721795
Train,2.1288000425236,2.12865917252202
Train,2.34823611622065,2.34802630581544
Train,2.55721056391098,2.55708128486003
Train,2.75599004423558,2.75589632042829
Train,2.94552363337288,2.94535025091318
Train,3.12665298750669,3.12657485235104
Train,3.29952074244584,3.29947334841563
Train,3.46506570261306,3.46499387305084
Train,3.6233729771198,3.62335639755474
Train,3.77508423011347,3.77506177371106
Train,3.92077359844153,3.9207346843541
Train,4.06046525202083,4.06047051406495
Train,4.19467901969374,4.19462576836668
Train,4.3238821364358,4.32388865538087
Train,4.44805868915352,4.44799410361884
Train,4.56777660105704,4.5677670054356
Train,4.68300122001707,4.68299618628225
Train,4.79411099883308,4.7940928902608
Train,4.90144833177892,4.90142809531972
Train,5.00495885637076,5.00485404967912
Train,2.12903313037011,2.12987230584258
Train,2.37371497467302,2.37353962905036
Train,2.60247029364738,2.60325293210917
Train,2.81623456115528,2.81646670601185
Train,3.01670163660666,3.0151006278611
Train,3.20532645089991,3.20583947034902
Train,3.38265358908176,3.38271574914688
Train,3.54989189897027,3.54752186722908
Train,3.70809013959052,3.70901860015147
Train,3.8575609457185,3.85784242355294
Train,3.99919673222576,3.99751606738573
Train,4.13359781405886,4.13414279267454
Train,4.26147622394797,4.26176988112275
Train,4.38296867091488,4.38164356561174
Train,4.4986971616588,4.49929986074858
Train,4.60921087066979,4.60523596408893
Train,4.71457055299424,4.71402283887437
Train,4.81526389425394,4.81481244863244
Train,4.91172399174008,4.91101790360699
Train,5.00396334665218,5.0023793291839
Train,2.13040396222976,2.1305483774704
Train,2.37303853282408,2.3727886797642
Train,2.60015547822851,2.60023039836233
Train,2.81263070033132,2.81266575834161
Train,3.01210130581198,3.01242995553912
Train,3.19997617682496,3.20016616117209
Train,3.37676511064571,3.37402279023081
Train,3.54386697152176,3.54411070559581
Train,3.70163413213781,3.70163374164258
Train,3.85102716016077,3.85075948835583
Train,3.99288537720786,3.99320102784259
Train,4.12740371639727,4.12714179493923
Train,4.25530873339397,4.25522871020075
Train,4.37723989298125,4.37704697110166
Train,4.493294071595,4.49330085460679
Train,4.60418353903414,4.6041219194376
Train,4.70996079497985,4.70955038586544
Train,4.81110720463325,4.81045433650434
Train,4.90805066782361,4.90766171892756
Train,5.00079777774893,4.99966294835758
Train,4.03678158433773,4.03690928583819
Train,4.13566729713179,4.13570767215424
Train,4.23097241930034,4.23093734316353
Train,4.32253303108006,4.32252081796469
Train,4.41073584423757,4.41072444771999
Train,4.49592692277096,4.49590623508266
Train,4.57793968546789,4.57792371226969
Train,4.6572551368398,4.65726548805833
Train,4.73370733785268,4.73366438838275
Train,4.80759144513496,4.80759769713768
Train,4.87917329958169,4.87914830852242
Train,4.94829025844663,4.94829364270845
Train,5.01519696033909,5.01510490632063
Train,5.08012355466713,5.08011207363597
Train,5.14291246511713,5.14289908479259
Train,5.20390367316847,5.2038980445941
Train,5.26294356871021,5.26295999029389
Train,5.32023532421494,5.32019735136419
Train,5.37596355005784,5.37594807173446
Train,5.42998106724748,5.4298736855344
Train,2.76429712269479,2.76461527423089
Train,2.99662453130539,2.99667115804914
Train,3.21286783191093,3.21287462899636
Train,3.41419547717616,3.41403694281325
Train,3.60251571015027,3.60243294545216
Train,3.77865864230516,3.77841007951793
Train,3.94413510895602,3.94400221022806
Train,4.09953984965417,4.09914723876864
Train,4.2459277761753,4.24537411536585
Train,4.38421528045004,4.38364200813521
Train,4.51476550454941,4.51420530401083
Train,4.63848546459697,4.63842964646756
Train,4.75563590627726,4.75526688629907
Train,4.86685051434591,4.86632451081095
Train,4.97268738411074,4.97256889877463
Train,5.07330223853307,5.07329619114898
Train,5.16928654997398,5.16895525834843
Train,5.26074791253988,5.26087517636188
Train,5.34819410489527,5.34786911591073
Train,5.43169660327504,5.4315140378385
Train,3.80381777795189,3.80398785011494
Train,3.88514324005325,3.88530121080112
Train,3.96402527890594,3.96407735627145
Train,4.04074982268281,4.04055534704094
Train,4.11505901581572,4.11515200320719
Train,4.18723194122482,4.18746197415749
Train,4.25735941480867,4.25699261752743
Train,4.32552717676686,4.32557060814725
Train,4.39197006127829,4.39225983955839
Train,4.45645288468365,4.45623267381598
Train,4.51920628604514,4.51933495229605
Train,4.58029891907628,4.58006526256941
Train,4.63993401138155,4.63988699340553
Train,4.69789341540057,4.69811177317752
Train,4.75437753520853,4.75415242229064
Train,4.80944199021849,4.80937602731137
Train,4.86313963868017,4.8631472128036
Train,4.91564248218195,4.91570077966026
Train,4.96675195093874,4.96658954586746
Train,5.01663835745596,5.01664092880674
Train,3.80664091162018,3.80620892860316
Train,3.88860513026176,3.8886254878671
Train,3.9679995475491,3.96772588245949
Train,4.04494315355178,4.0447079736623
Train,4.11954770383565,4.11904283286276
Train,4.1919182610461,4.19196248363005
Train,4.26215368855679,4.26211302828597
Train,4.33034710106158,4.33034616584337
Train,4.39658627642818,4.39649165991432
Train,4.46095403264424,4.4607698709151
Train,4.52367796994307,4.52373236326093
Train,4.58452912445033,4.58449343698885
Train,4.64373103384914,4.64383083862049
Train,4.70134985075786,4.7012992420423
Train,4.75744823655694,4.7565453962452
Train,4.81208558870454,4.81205058997875
Train,4.86531825051979,4.86523930755357
Train,4.91719970499118,4.91708750061662
Train,4.9677807540116,4.96785126041505
Train,5.01710968430264,5.01676710208267
Train,1.61461103702992,1.61483889729425
Train,2.00542657563896,2.00522208619077
Train,2.35758061384121,2.35749121891422
Train,2.67595499157941,2.67544067549898
Train,2.96545351484543,2.96503144636517
Train,3.23007786762063,3.22960015682474
Train,3.47245396223694,3.47335083203507
Train,3.69568666082168,3.69699827725708
Train,3.90157605727133,3.90270748559851
Train,4.09224436676495,4.09334508498432
Train,4.26948383431432,4.27047653166665
Train,4.43435795345876,4.4352632895534
Train,4.58826026605805,4.58923691807286
Train,4.73238495656922,4.73342828541354
Train,4.86738295180506,4.86809466815612
Train,4.99433137694464,4.99447647182387
Train,5.11370594655759,5.11364291000064
Train,5.22627002247981,5.22617006881774
Train,5.33268984781122,5.3325372032341
Train,5.4332664421867,5.43308655339933
Train,1.18428791394519,1.18539134928142
Train,1.63622234477721,1.63653575797798
Train,2.03966537388795,2.03985954175732
Train,2.40202412271444,2.4015065848871
Train,2.72927020845774,2.72836912358616
Train,3.02627142594558,3.02569904630218
Train,3.29703552707117,3.29663137958414
Train,3.54489212669147,3.54431170729367
Train,3.77263031285526,3.77212534053979
Train,3.98260405466821,3.98212392769346
Train,4.17681386944818,4.17624354256986
Train,4.35697076170014,4.35643912252999
Train,4.52454676694965,4.52399239953957
Train,4.68081526395373,4.68039750715252
Train,4.82688339281796,4.82650973697309
Train,4.96371832551304,4.96347065347072
Train,5.09216870721911,5.09184986016771
Train,5.21298227338585,5.21266685275623
Train,5.32682041531893,5.32668289214052
Train,5.43427029363221,5.43396789936378
Train,2.11854974520265,2.1193799953835
Train,2.36965329953032,2.37276685331017
Train,2.60291369662723,2.60375890602882
Train,2.82074288747963,2.82149475489132
Train,3.02408366216741,3.02732477353857
Train,3.21483992653704,3.21613410879945
Train,3.39366947362023,3.39493319095345
Train,3.56210365267221,3.56345113959105
Train,3.72060116765344,3.72095537941641
Train,3.87041413984253,3.8714171218744
Train,4.01185999458537,4.01205280437716
Train,4.14597750162666,4.14703000482405
Train,4.27298251658091,4.27405694414483
Train,4.39374797378785,4.39432250183745
Train,4.5084159270133,4.50935421490431
Train,4.61772841628796,4.61824802130286
Train,4.72177341797621,4.72245857941743
Train,4.82118822113108,4.82141120601591
Train,4.91602092961166,4.91627437482384
Train,5.00682395082493,5.00689516573038
Train,4.12029750582454,4.12028320196259
Train,4.17735496874578,4.17704106404562
Train,4.23298871820292,4.23309453567344
Train,4.28755224265169,4.28730492576142
Train,4.34078056588744,4.34102703945246
Train,4.39301016246763,4.39274735643266
Train,4.44398575846483,4.44409002875909
Train,4.49402803643194,4.49419256360852
Train,4.54302639095992,4.54281630604964
Train,4.59088048913341,4.59123666038795
Train,4.63788935800581,4.63819758933096
Train,4.68381995465423,4.68423250025808
Train,4.72895809292725,4.72893880707124
Train,4.77320123589407,4.77277995576878
Train,4.81645576932464,4.81682479758456
Train,4.85898929060412,4.85930480080424
Train,4.90058839484491,4.90065574979235
Train,4.94150950752117,4.94101784514351
Train,4.98154643049578,4.98166836864402
Train,5.02094511455809,5.02088842468947
Train,2.13108253715747,2.13188401160005
Train,2.3634225107439,2.36365513876081
Train,2.58234426957046,2.58248922097118
Train,2.78872206994565,2.78896678484307
Train,2.98408712843775,2.98429030623083
Train,3.16906850956499,3.16933062075259
Train,3.34447262355661,3.34421558151371
Train,3.51102448520961,3.51128094223532
Train,3.66918121602325,3.66933462147426
Train,3.81993600410763,3.81939090176456
Train,3.96361774986868,3.96395498259517
Train,4.10071281829953,4.10106651259412
Train,4.23150110558036,4.23148106358713
Train,4.35671938119378,4.35674823665613
Train,4.47656656134204,4.4763782396476
Train,4.59138097054597,4.59171747132496
Train,4.70147310298635,4.70147251227172
Train,4.80699671021597,4.80698583100457
Train,4.90848328994059,4.90850463882089
Train,5.00603822010173,5.00589161318931
Train,3.04119409913443,3.04093325736903
Train,3.19008903585689,3.18937967422244
Train,3.33178815602225,3.33144693568465
Train,3.46656537724521,3.4662749786803
Train,3.59536463091558,3.59463804405095
Train,3.7183597587099,3.71784835989092
Train,3.83593444559867,3.83567996756028
Train,3.94843928740004,3.94828018240514
Train,4.05600691507524,4.05545587093366
Train,4.15931622960259,4.15909076223761
Train,4.25844130188877,4.25769986279192
Train,4.35363129196219,4.35336914641812
Train,4.44495577097793,4.44490688229416
Train,4.53295339705236,4.53253175316058
Train,4.61765389777833,4.61749433035584
Train,4.69923917216988,4.69915384098567
Train,4.77787798061389,4.77766931819497
Train,4.8535940634255,4.85368187136919
Train,4.92680396804945,4.92627608741168
Train,4.99750567947043,4.99705686084781
Train,2.12952051089091,2.12992191539524
Train,2.3669523637525,2.36709179377067
Train,2.58984900460194,2.58940378294938
Train,2.79950552654577,2.79963766910805
Train,2.99706760274245,2.99706895862619
Train,3.18355243123405,3.18366424576379
Train,3.35986625274271,3.35989348794828
Train,3.52681907826002,3.52681040519383
Train,3.68513713151105,3.68537005008693
Train,3.83547340951763,3.83575875129463
Train,3.97841668516907,3.97901790946344
Train,4.11449921352282,4.11502541707159
Train,4.24420335448835,4.24471062017255
Train,4.36796728559095,4.36835992187116
Train,4.48618994740472,4.48637545064412
Train,4.5992353392663,4.59951128788089
Train,4.7074362627208,4.70778429097118
Train,4.81109759379642,4.81135965514841
Train,4.9104991518747,4.91080304254865
Train,5.00589822200829,5.00604211207974
Train,3.86767499240352,3.8671110275609
Train,3.93988814312301,3.93942478379176
Train,4.0101984399561,4.01058511094016
Train,4.07901616013599,4.07797102972836
Train,4.14622331643736,4.14625703394995
Train,4.21171516262025,4.21152911415265
Train,4.27586994226197,4.27582280772185
Train,4.33857416610701,4.33841400851816
Train,4.39972643404632,4.3987119916128
Train,4.45967663300769,4.46003485731489
Train,4.51831577123988,4.51776011168113
Train,4.57568639126128,4.57570366445725
Train,4.63169173067754,4.63149768417497
Train,4.68664865034855,4.68626484372362
Train,4.7404540428401,4.74056073384418
Train,4.79301465417683,4.7926202718736
Train,4.84462560898169,4.84504174556059
Train,4.89518807231036,4.89456292923569
Train,4.94461226602947,4.9445373959461
Train,4.99317378018728,4.99223980946408
Train,2.13029736085885,2.12997116641782
Train,2.36488484898228,2.36495233621099
Train,2.5852044874433,2.5854746181285
Train,2.79302233464975,2.79260553331551
Train,2.98889740163149,2.98848643167003
Train,3.17427966419733,3.17298290428153
Train,3.34956388030625,3.35078306664218
Train,3.51595707532843,3.51434210941807
Train,3.67392665456806,3.67385658033891
Train,3.82391386438706,3.82305267344054
Train,3.96685640371195,3.96764645400253
Train,4.10290718919506,4.10223625619983
Train,4.23286926881838,4.23222423689003
Train,4.35699086341235,4.35772660058865
Train,4.47551231208091,4.4754320727443
Train,4.58908113602055,4.58831988171733
Train,4.69773558542738,4.69815275296423
Train,4.80204241739314,4.80226620392932
Train,4.90201266315861,4.90224785966711
Train,4.99814603642864,4.99758608236152
Train,2.12135140905587,2.12192951242469
Train,2.3581271563838,2.35814227785886
Train,2.58082347541767,2.58168820731953
Train,2.79014316886457,2.78979778855137
Train,2.98749947850021,2.98834709637595
Train,3.17411978402841,3.17396780751005
Train,3.35042062414992,3.34967441491608
Train,3.51764780114237,3.51776406865974
Train,3.67609155608704,3.67627353216085
Train,3.82661231789763,3.82734778758459
Train,3.96996736034316,3.96960453750216
Train,4.10631792695103,4.10632776332932
Train,4.2363261944277,4.23648819110531
Train,4.36057871671653,4.36084402636334
Train,4.47915454082872,4.479112049783
Train,4.5927157035838,4.59266676061816
Train,4.7013034034086,4.70154075267783
Train,4.80536659178628,4.80558030094835
Train,4.90530652005249,4.90558353286178
Train,5.00112464163372,5.00068098761403
Train,2.11977512070295,2.11986757372506
Train,2.35543592062117,2.35571625789453
Train,2.57728379397804,2.5765634628915
Train,2.78597788921882,2.78678018703795
Train,2.98314523520744,2.98252719108859
Train,3.16925003574032,3.16844823781867
Train,3.34563771372171,3.34442604512151
Train,3.51263198312321,3.51323529890942
Train,3.67136005374403,3.67094045828708
Train,3.82204322514936,3.81919263077725
Train,3.9656369708923,3.96572077819292
Train,4.10228723103854,4.10240551889729
Train,4.23281242014042,4.23358765777812
Train,4.35730261727197,4.35645839920471
Train,4.47646546379672,4.47628681862261
Train,4.59034940695082,4.59104499570822
Train,4.69957152779093,4.69954581591446
Train,4.80414914034005,4.80379135972908
Train,4.90462451282397,4.90459757254575
Train,5.00099164739789,5.0000890148367
Train,2.12804897949919,2.12802229394583
Train,2.35914572896653,2.35880218830425
Train,2.57710276155572,2.57672252051998
Train,2.78300974754792,2.7827487413233
Train,2.97783911053135,2.9774688707912
Train,3.16246138375598,3.162201318999
Train,3.33765821454383,3.33738740644912
Train,3.50413342654931,3.50398990615213
Train,3.66252247004433,3.66243097613915
Train,3.81340052777421,3.81326450144115
Train,3.95728949435615,3.95736689800833
Train,4.09466400771843,4.09452630954183
Train,4.2259566794682,4.22602426966478
Train,4.35156264562758,4.35150130137481
Train,4.47184353858334,4.47181751713651
Train,4.58713096434958,4.58713058853755
Train,4.697729555561,4.69772796546749
Train,4.80391965938697,4.8039474406396
Train,4.90595971030359,4.90604326022731
Train,5.00408833000427,5.00394292461715
Train,2.12104874676721,2.12276657704206
Train,2.34903509161392,2.34977859378705
Train,2.56480918105226,2.56500777210749
Train,2.76889724478091,2.76926932143397
Train,2.96242686686407,2.96312277534889
Train,3.14639019060585,3.14643113899365
Train,3.32111104645295,3.32135648346593
Train,3.48744392435907,3.48790581804496
Train,3.64614588497367,3.64612511526502
Train,3.79741081622558,3.79774471197015
Train,3.94190181739046,3.94208351985435
Train,4.08006394730618,4.08002113299881
Train,4.21244385637252,4.21229536972533
Train,4.33912900985612,4.33924018759717
Train,4.4606074234926,4.46046028838464
Train,4.57731699312864,4.57714207281242
Train,4.68929586349491,4.68934299113607
Train,4.79693976588629,4.79667563288967
Train,4.90060535136465,4.9006670432791
Train,5.00029769645624,4.99997450572118
Train,2.58725567566457,2.58860085214837
Train,2.70154279218157,2.70143737920444
Train,2.8119908417709,2.81245130515163
Train,2.91879006872852,2.91914905616431
Train,3.02187803688052,3.02211671638361
Train,3.12190950100178,3.12222761791054
Train,3.21879218484894,3.21888991353626
Train,3.31267246016338,3.31258244973287
Train,3.40368776495202,3.40355345753051
Train,3.49196727482679,3.49163265141397
Train,3.57743298806315,3.57705769324821
Train,3.66060417040359,3.66046563264536
Train,3.74138311732907,3.74044410962961
Train,3.81987157661885,3.81973716310313
Train,3.89616560659639,3.89580125631619
Train,3.97035596832019,3.96989628014853
Train,4.04236018004115,4.041883316444
Train,4.11260055730009,4.11217199468956
Train,4.1809810485133,4.18044393097807
Train,4.24757455997282,4.24623675220937
Train,3.80664009908338,3.80768473658827
Train,3.88748447184076,3.88731892926444
Train,3.96611514799725,3.96642788933968
Train,4.0422824060348,4.04242924560822
Train,4.11626428105104,4.11656520044926
Train,4.18831347492961,4.18812982136296
Train,4.25819315247365,4.25895316987589
Train,4.32615063881179,4.32610325413407
Train,4.39241138017627,4.39228787545289
Train,4.45675108578473,4.45740003439278
Train,4.51939116947626,4.51921818395931
Train,4.5803981000977,4.58038748442777
Train,4.63996736368178,4.64003806545225
Train,4.69789058285393,4.69838298342074
Train,4.75436050542579,4.75430207551108
Train,4.80955391802398,4.80956172366132
Train,4.86327366852856,4.8632207064511
Train,4.91569450904407,4.91584763258288
Train,4.96697710872871,4.96685867266933
Train,5.01693489562961,5.01717442462541
Train,3.80622059177964,3.8067555491798
Train,3.8873288589235,3.88749383686809
Train,3.96601881127915,3.96642702796089
Train,4.04239701643749,4.04265274087811
Train,4.11640392475877,4.11667514174769
Train,4.18845862756364,4.18875021610438
Train,4.25848579499905,4.25867860196013
Train,4.32656981845119,4.32675219492376
Train,4.39279046993933,4.39358861915389
Train,4.45722321391436,4.45742548468843
Train,4.51980408338386,4.52014919831709
Train,4.58087512371354,4.58129146301508
Train,4.64036142544034,4.64058296031726
Train,4.69832388230876,4.69848743352486
Train,4.75482030771955,4.75510705327906
Train,4.80990562707344,4.81039035163849
Train,4.86351593951924,4.86339296493679
Train,4.9159359608391,4.91603229131579
Train,4.967093940438,4.96748210836085
Train,5.01703491275559,5.01699380201899
Train,3.8062145422959,3.80724490011926
Train,3.88739885079821,3.88839667246793
Train,3.9661491602232,3.96689224468719
Train,4.04257331506356,4.04317290460313
Train,4.11677288144057,4.11673591376893
Train,4.18884359743401,4.18931189431896
Train,4.25887578519916,4.25873649261484
Train,4.32695472860115,4.32685145712458
Train,4.39316101968649,4.39420815423364
Train,4.4575708769512,4.45759126206394
Train,4.52025643804822,4.52087244665745
Train,4.58128602929732,4.58216474093933
Train,4.64072441411457,4.64092118645203
Train,4.69863302226005,4.69853042987961
Train,4.75507016160996,4.75546163706895
Train,4.81009121398775,4.81049686452752
Train,4.86374881643681,4.86371981164848
Train,4.91609302918206,4.91626915236702
Train,4.96717149140691,4.96741477678006
Train,5.01702956586459,5.0169652264085
Train,1.47921976864386,1.47839425176062
Train,1.61425948358227,1.61343765941274
Train,1.74472348591131,1.74458384673198
Train,1.87084046764482,1.87043087156781
Train,1.99282413063477,1.99222052619734
Train,2.11121399002517,2.11042527268728
Train,2.22550739656884,2.22596750291996
Train,2.33623066738517,2.33511467507924
Train,2.44354850832307,2.44384658176568
Train,2.54761564721408,2.5472726590815
Train,2.64857757819521,2.64801022475149
Train,2.74657124038271,2.74610244324867
Train,2.84172563755433,2.84142720224918
Train,2.93416240473665,2.93405351587717
Train,3.02399632693052,3.02328164769278
Train,3.11158763745007,3.11150644423469
Train,3.1965283137682,3.19663496851717
Train,3.27917423913044,3.27852979538147
Train,3.35961716637309,3.35929244872386
Train,3.43794402116728,3.43788674786629
Train,3.80709435417755,3.80686016115942
Train,3.88895848836872,3.88865076060756
Train,3.9684383660783,3.96873095755291
Train,4.0452913543107,4.04529671937053
Train,4.11981218005613,4.11890978078736
Train,4.19210541355431,4.19237590981356
Train,4.26242693353728,4.26273133874201
Train,4.33054996456339,4.32975079603784
Train,4.39672409915869,4.39686930512107
Train,4.46103179034476,4.46070200679242
Train,4.52369133231124,4.52426052453666
Train,4.5844916386426,4.58392247925804
Train,4.64364672846964,4.64352404239617
Train,4.70122248809531,4.70079027213797
Train,4.75740734281136,4.75764844824153
Train,4.81200518427256,4.81184629006748
Train,4.86520153396366,4.86527795464644
Train,4.91704967116202,4.91680852779245
Train,4.96771391344005,4.96727748148987
Train,5.01701216782744,5.01662169151678
Train,2.12766243390009,2.12761280354607
Train,2.35796193148441,2.35770086039702
Train,2.57555122907879,2.57503844385064
Train,2.78097702930455,2.78055511542334
Train,2.97568291358558,2.97439598821802
Train,3.16005768113608,3.15968849897763
Train,3.33530918134515,3.3347437046541
Train,3.50171055742646,3.50082171645045
Train,3.66009982418037,3.6601577276524
Train,3.81121792669311,3.81086767181841
Train,3.95521826045487,3.95463611054583
Train,4.09291271982939,4.09163264207746
Train,4.22439945915351,4.22473037474992
Train,4.3502356980954,4.34864729292894
Train,4.47091882709077,4.47047871896939
Train,4.58648866250055,4.5867310483809
Train,4.69752254819782,4.69674254195706
Train,4.80403300530759,4.8038955779266
Train,4.90653031990999,4.9063049835604
Train,5.00500636182361,5.00332305962365
Train,3.08679121425573,3.08709908262244
Train,3.24633859421611,3.24650119773287
Train,3.39517634891969,3.39537555626885
Train,3.53434778838563,3.53434672104777
Train,3.66456023306791,3.66457207220083
Train,3.78703626284991,3.78698841771256
Train,3.90226379998657,3.90224263146229
Train,4.01086783096387,4.01071938586392
Train,4.11340349872762,4.11317633980798
Train,4.21036559396694,4.21003304118494
Train,4.30205163687515,4.30200369805243
Train,4.38915561187569,4.38882882730832
Train,4.47188161130028,4.47164474247984
Train,4.55055160906844,4.55028014339769
Train,4.62545676222388,4.62531681569089
Train,4.69686101171854,4.69663403747109
Train,4.76489626509146,4.76510868625337
Train,4.8300015519113,4.83000081921637
Train,4.89226320933295,4.89219383950694
Train,4.95186355917643,4.95155080450786
Train,2.12241780512704,2.12275638512074
Train,2.35135539584207,2.35132420121954
Train,2.56739830893723,2.56743207450927
Train,2.77206150249708,2.77206102113996
Train,2.96600456138248,2.96618536341703
Train,3.14984305289255,3.14946474778844
Train,3.32473655160042,3.32448962454509
Train,3.49113632416393,3.49037206618959
Train,3.64946938341394,3.64873213613464
Train,3.80064609238498,3.80021647035755
Train,3.94497923240077,3.94476251840388
Train,4.08292321703611,4.08251288767497
Train,4.21474537094069,4.21456086352555
Train,4.34112721413172,4.34077571029775
Train,4.46226276825089,4.46205093908065
Train,4.57834180019962,4.57810639511445
Train,4.6899244923032,4.6896220301569
Train,4.79714664378861,4.79699688420078
Train,4.90014324531993,4.8999733356759
Train,4.99938189771693,4.99916412170569
Train,4.51931776847356,4.5200370638413
Train,4.55567673384203,4.55596086461446
Train,4.59146817615258,4.59197094040428
Train,4.6267052801126,4.62676835031016
Train,4.66152647465309,4.66188956559199
Train,4.69569094135459,4.69580077769933
Train,4.7293382964878,4.72959389028983
Train,4.76248019232878,4.76261312549468
Train,4.79512793367652,4.79553959471377
Train,4.82729249070953,4.82766362804978
Train,4.85909932288176,4.85950027655053
Train,4.89032747595552,4.89051336825651
Train,4.92110350386524,4.92126266428386
Train,4.95143715493046,4.95164179817948
Train,4.98133789922444,4.98136046178843
Train,5.01081493843122,5.01085895187134
Train,5.03998253307041,5.04004888483178
Train,5.06863727402527,5.06848416412686
Train,5.09689442747473,5.09685978441848
Train,5.12476221125896,5.12470290506462
Train,2.13189221657788,2.13233134370967
Train,2.36766544456705,2.36769011378055
Train,2.58921296683259,2.59017995026079
Train,2.7977845711513,2.79816043665051
Train,2.99426480936508,2.99457513013476
Train,3.18009684912226,3.18073716141953
Train,3.35592348227075,3.35691745938675
Train,3.52253157937561,3.52323631122999
Train,3.68062760799323,3.68125536815205
Train,3.83084764641597,3.83310782360059
Train,3.9736032197814,3.97603992887889
Train,4.10974713564277,4.11558477688232
Train,4.23958008064822,4.24059429048793
Train,4.36353093337985,4.36695903789951
Train,4.48199057245654,4.48482537015661
Train,4.59531599397164,4.59638263823581
Train,4.70370996237847,4.70443916225486
Train,4.8077250215466,4.80974929719378
Train,4.90750700734156,4.9078632418823
Train,5.00330917483839,5.0033882193602
Train,2.12839164602064,2.12943253426783
Train,2.36247316665261,2.36277502503799
Train,2.58301480421574,2.58300800972211
Train,2.79067067804873,2.79085747314821
Train,2.9869981285103,2.98709430167946
Train,3.17246333417267,3.1726170726979
Train,3.34835629682222,3.34828877685504
Train,3.51500690889576,3.51495175052696
Train,3.67331105438731,3.67315889080783
Train,3.8240578461484,3.82385166944732
Train,3.96743748779582,3.96696644357144
Train,4.10429937019524,4.10455412862211
Train,4.23476980815697,4.23527390942036
Train,4.35943325315064,4.3594455216371
Train,4.47880981867035,4.47875984083657
Train,4.59295876151782,4.59279850508028
Train,4.70247458147216,4.7028562405394
Train,4.80738530232696,4.80775221248041
Train,4.90821357881677,4.908163473272
Train,5.00496385103977,5.00496953384572
Train,2.12201620608503,2.1247424283647
Train,2.36450349956983,2.36472018101631
Train,2.59116977482313,2.59264288553823
Train,2.80395560508875,2.8048078318534
Train,3.00389018829859,3.00516708166833
Train,3.1919080162322,3.19261487676704
Train,3.36941267015483,3.36982003909361
Train,3.53708711964804,3.53767323712236
Train,3.69556068002169,3.69630149054865
Train,3.84588366653932,3.84646025291295
Train,3.98852006558705,3.98900846239121
Train,4.1240447463273,4.12439956122398
Train,4.25284195876933,4.25371943112259
Train,4.37565704931787,4.37627933785552
Train,4.49277464891498,4.49282870924799
Train,4.60446523917708,4.60467123648414
Train,4.71132106651224,4.71123903856642
Train,4.81354216413267,4.81360888318886
Train,4.91132109330327,4.91132400257629
Train,5.00513782515033,5.00517306714755
Train,2.12305847928144,2.12589790860511
Train,2.35226514714969,2.3524476915627
Train,2.56881436200018,2.57262753548275
Train,2.77372642346124,2.77449491114385
Train,2.96791484066613,2.9722749760258
Train,3.15198039802484,3.15256536344532
Train,3.32711172043142,3.32799263652123
Train,3.4937447500178,3.49442390760669
Train,3.65248340688745,3.65362000573805
Train,3.80387571286322,3.80464350865805
Train,3.94842011258447,3.94955043256778
Train,4.08657095581079,4.08779568284808
Train,4.21874326797939,4.21954771278979
Train,4.34531691453664,4.34610844658891
Train,4.46664024705632,4.4678233569939
Train,4.5828939027359,4.58336351545586
Train,4.694656728845,4.6946583039753
Train,4.80205504924403,4.80242804718
Train,4.90533962829596,4.90539596460439
Train,5.00474238101145,5.00464739822928
Train,2.12305305977826,2.1228927034972
Train,2.35927087394167,2.35888425647136
Train,2.58108208550189,2.58023713599687
Train,2.79022005828889,2.79001006938779
Train,2.98752570765147,2.9875655691576
Train,3.17377250611526,3.17364481803816
Train,3.35024923196853,3.35030239404296
Train,3.51733983974209,3.51715279700875
Train,3.67612005116997,3.6766286209604
Train,3.82702973356129,3.82688319867157
Train,3.97048299923083,3.97065763706632
Train,4.10731814410908,4.10737862061069
Train,4.23783980035548,4.23805703946709
Train,4.36233864022949,4.36265953496331
Train,4.48148288908426,4.48191615216638
Train,4.59536069313629,4.59577279480436
Train,4.70455288144413,4.70531487616972
Train,4.80922783284459,4.80954073231987
Train,4.90954999146692,4.91006007066608
Train,5.00599688376397,5.00589649854373
Train,2.12239698054196,2.12254480187403
Train,2.34457611443719,2.34423365901603
Train,2.55538573492275,2.55567677975341
Train,2.75609528560321,2.75615238321916
Train,2.94721380312319,2.9467620252326
Train,3.12941271557673,3.1293117570458
Train,3.30312046673219,3.30309335876518
Train,3.46926432297417,3.46935687075893
Train,3.62816129811696,3.62799286207155
Train,3.7802754151496,3.78045711140294
Train,3.92587927429142,3.9256625813432
Train,4.06567474782217,4.06588735911646
Train,4.19986173892056,4.19953611034725
Train,4.32877112211096,4.32870309983991
Train,4.45257824775527,4.45252675319352
Train,4.57183022717752,4.57156955631217
Train,4.68665319451203,4.68677567556006
Train,4.79728939124619,4.79708655681316
Train,4.90385166000563,4.9037491634881
Train,5.00677707587938,5.00662255351926
Train,3.42901042692851,3.43150970958959
Train,3.54044545959411,3.54091637370584
Train,3.64742769048059,3.64746286974696
Train,3.75056023575532,3.75078225615289
Train,3.84971744934167,3.84936610043223
Train,3.94544197875907,3.94620801680139
Train,4.0376023406599,4.03762355738581
Train,4.12668930102519,4.12637700803316
Train,4.21271091252278,4.21274646232632
Train,4.29568468936691,4.29621931973088
Train,4.37603641438931,4.37655137569527
Train,4.45362983495513,4.45333740606293
Train,4.52885432743004,4.52864074485842
Train,4.60169534846567,4.6021267538672
Train,4.67214706252256,4.6724681597334
Train,4.74055240657206,4.74031667537201
Train,4.80677826409416,4.80710461674607
Train,4.87114110577564,4.87105036038702
Train,4.93351023112156,4.93350191490754
Train,4.99417861336703,4.99436879373388
Train,4.08017278688525,4.07997179161612
Train,4.14017484907005,4.14048211645422
Train,4.19862253152457,4.19885208595952
Train,4.25587590740224,4.25563055094244
Train,4.31182352798814,4.31172989704646
Train,4.36636575334579,4.36626956021064
Train,4.41983558087884,4.41994614306896
Train,4.47212624629398,4.47198909924919
Train,4.52314177230391,4.52298467115907
Train,4.57319107759054,4.57301944353821
Train,4.62217196420917,4.62219321101293
Train,4.67011828266798,4.67004618312785
Train,4.7169389182248,4.7167355279671
Train,4.76291460740113,4.76281739202386
Train,4.80794900029676,4.80815690905729
Train,4.85195455279491,4.8521858854001
Train,4.8951933685157,4.89508814271539
Train,4.93757327636441,4.93769717928808
Train,4.97901020524745,4.97900878965447
Train,5.0197494529876,5.01950599507109
Train,2.15559069773346,2.15669121072278
Train,2.43250552074585,2.43285199929232
Train,2.68433813089823,2.68427642979077
Train,2.91379628361804,2.91393323509692
Train,3.12398781810597,3.12507501207438
Train,3.31724156644519,3.31896299731306
Train,3.4957411310791,3.49639760254649
Train,3.66071413121474,3.66122813941183
Train,3.81382731707758,3.8138061056452
Train,3.95631520711583,3.95691444378463
Train,4.08940832198007,4.09004191587155
Train,4.21370335097722,4.21461991209071
Train,4.33018642833708,4.33034255700477
Train,4.43957158810882,4.43982206524379
Train,4.54261404052913,4.54313911343343
Train,4.63961269455973,4.64022759933869
Train,4.73119591141636,4.73166043627134
Train,4.81780489097946,4.81875262584799
Train,4.89993462386474,4.90010367226932
Train,4.97773299206552,4.97748836685787
Train,3.80678547672767,3.80427221634454
Train,3.88830552120323,3.88782630893547
Train,3.96732731396479,3.96602000658459
Train,4.04396396346085,4.04239163652528
Train,4.1183218516675,4.11738223626162
Train,4.19065777786382,4.18957607487391
Train,4.26074831360627,4.25998168234946
Train,4.3288437833466,4.3277883276678
Train,4.39502817350667,4.39462465226097
Train,4.45938082163388,4.45862390144612
Train,4.52197673367046,4.51991610846744
Train,4.58288687558949,4.58091832180799
Train,4.64217844178192,4.64126077667606
Train,4.69991510232846,4.6975309467598
Train,4.75615723106922,4.75417098882463
Train,4.81108128602305,4.81019789172569
Train,4.86450033679016,4.86422525970556
Train,4.91658833834603,4.91474461900361
Train,4.96739442739898,4.96686200289696
Train,5.01696535149724,5.01534971877845
Train,3.80739449478882,3.80838526059961
Train,3.88848464895535,3.88963096237421
Train,3.96731062372242,3.96803955321229
Train,4.04363704974116,4.04412376919936
Train,4.11773988575936,4.11821818473982
Train,4.18971490526765,4.19023260765243
Train,4.2598029955438,4.26025150019996
Train,4.32778421916422,4.32825450808014
Train,4.39389406630724,4.39471181987756
Train,4.45820876027913,4.4587785925105
Train,4.52093526877318,4.52129006609903
Train,4.58186871909127,4.5825020888733
Train,4.64121237777854,4.64176678236981
Train,4.69902766161321,4.69954309693276
Train,4.75549432106236,4.75641854713467
Train,4.81042177795929,4.81142738374183
Train,4.86398725208032,4.8646646168927
Train,4.91624078070771,4.91660440759006
Train,4.9673399600617,4.96752308226132
Train,5.0171075550939,5.01707365197217
Train,2.12690503882029,2.12754565183423
Train,2.35784755001863,2.3578907862975
Train,2.57544108542503,2.57499095175444
Train,2.78127891202186,2.78144257413078
Train,2.97606629377245,2.97535276992858
Train,3.16045931759117,3.15992602150072
Train,3.33566791021446,3.3358940274702
Train,3.50217114428338,3.50166550033464
Train,3.66042106562472,3.66013548724732
Train,3.81136132934809,3.81090579402371
Train,3.95532199883044,3.95518275138602
Train,4.09277624686765,4.09279675597645
Train,4.22400497651647,4.22405656777119
Train,4.34970955395323,4.34935480499553
Train,4.47009338183143,4.4700639302464
Train,4.58535495467794,4.58513587500784
Train,4.69606819125944,4.69598528204369
Train,4.8023748897889,4.80249210683542
Train,4.90441570468925,4.90428539130517
Train,5.00266786477395,5.00221912012057
Train,2.12908150441046,2.12896578734217
Train,2.3557228052369,2.35441828251351
Train,2.56988514109415,2.5687093780507
Train,2.77301969809914,2.77207726001507
Train,2.96553069061696,2.96458704026008
Train,3.14863477783601,3.14863821550534
Train,3.32261934759476,3.32208300277125
Train,3.48851608253403,3.48729089766857
Train,3.64670065554545,3.64581039969926
Train,3.79753131688409,3.79699616674043
Train,3.9418289176121,3.94113696218847
Train,4.07970247293019,4.07935484384507
Train,4.21186471251341,4.2114611440993
Train,4.33852246744661,4.33775517900358
Train,4.45987767350149,4.45941418113216
Train,4.57651548003581,4.57574924144137
Train,4.68845636146453,4.6879643958091
Train,4.79621789742696,4.7960628892688
Train,4.89979895371093,4.89956506489398
Train,4.99966023770793,4.99952986637072
Train,3.79879635434255,3.79897286461346
Train,3.87892305621105,3.87928206345532
Train,3.95675120769345,3.95699932600837
Train,4.03237831608655,4.03224206152663
Train,4.10589645041598,4.10617976558569
Train,4.17724601452383,4.17749690917117
Train,4.24680644424389,4.24679533472954
Train,4.31450490970812,4.31459966680268
Train,4.38041518396485,4.38049975936883
Train,4.44460719357199,4.44477780059242
Train,4.50714726606388,4.50730505705724
Train,4.56809835855585,4.56828560637223
Train,4.6275202691425,4.62747903815034
Train,4.6854698325821,4.6856526808042
Train,4.74200110161298,4.74212483630981
Train,4.79705221183331,4.79714561925357
Train,4.85090144162714,4.85128896318201
Train,4.90347937076666,4.90341348173388
Train,4.95483049431226,4.95490888741915
Train,5.00499725485495,5.00498183097079
Train,4.68701658202835,4.68648769259016
Train,4.72093289360058,4.72072403174388
Train,4.75422002740472,4.75462420553231
Train,4.78678212727875,4.78644565271679
Train,4.81886436652009,4.81976189010311
Train,4.85036754599872,4.85053055656317
Train,4.88130720287331,4.88153815888654
Train,4.91169832337872,4.911676695403
Train,4.94145188588581,4.94108535134001
Train,4.97079060327525,4.97113876013464
Train,4.99962262695463,4.99959852296161
Train,5.02796097081072,5.02799056861841
Train,5.05572162787799,5.05547233469406
Train,5.08311152384989,5.0831653030109
Train,5.11004416345865,5.10982644589239
Train,5.13653090231005,5.13648650642426
Train,5.16258272308677,5.16259391539643
Train,5.18812137115213,5.18809336426057
Train,5.21333631738599,5.21302987791569
Train,5.23814717001802,5.237982605242
Train,2.12764774870194,2.12841867068346
Train,2.35445726966236,2.35492551096104
Train,2.56906504774185,2.56925864802179
Train,2.77267025255495,2.7732976528132
Train,2.9656410532022,2.96542594266793
Train,3.14900600969598,3.14914849161869
Train,3.32346495394999,3.32386379936361
Train,3.48965134817074,3.48920273185649
Train,3.64832785115024,3.64875348920759
Train,3.7996330281429,3.80006352088822
Train,3.94424017460211,3.94404781493358
Train,4.08258442531832,4.08278059303848
Train,4.21522138721336,4.21542096203484
Train,4.34219504590622,4.34195620935498
Train,4.46400509765697,4.46428379316058
Train,4.58096024619998,4.58085635480529
Train,4.69334506846879,4.69359553837421
Train,4.80155097156812,4.80162250465946
Train,4.90555887087389,4.90519712008245
Train,5.00572752505852,5.00581209960365
Train,2.12941596662493,2.12985276451946
Train,2.34949356155513,2.35049416032416
Train,2.55891641585048,2.5595296646643
Train,2.75796351705586,2.75844016576593
Train,2.94761383641213,2.94787292776891
Train,3.12873402319509,3.12969682215044
Train,3.30147273061752,3.3018368783014
Train,3.46659612985834,3.46714208992489
Train,3.6247863965345,3.6253207520931
Train,3.77610783927268,3.77678618609934
Train,3.92117211554736,3.92171247660008
Train,4.06035946613775,4.06092230162903
Train,4.19418047804422,4.19474909648125
Train,4.32263065959233,4.32316201686626
Train,4.44617522540063,4.44670576867065
Train,4.56523292878498,4.56586021660041
Train,4.67976803848911,4.68035290715488
Train,4.79016605540284,4.79034780392976
Train,4.8967753291825,4.89650048727344
Train,4.99953990729427,4.99959218263393
Train,2.11978876680852,2.12021264206851
Train,2.34642393125933,2.34631801413343
Train,2.56095978271401,2.56079721068818
Train,2.76434004436675,2.76433461445413
Train,2.95741278165482,2.95764428996335
Train,3.14094222280755,3.14113407090917
Train,3.31561886885405,3.31561232994136
Train,3.48206817507465,3.48212659461569
Train,3.64085803397725,3.64116009532154
Train,3.79250524848166,3.79259681598342
Train,3.93765384651862,3.93771695141186
Train,4.07638183772122,4.07656817904353
Train,4.20926418338778,4.20902498297073
Train,4.3366627406525,4.33655072109832
Train,4.45891010421156,4.45895436826686
Train,4.57631250567816,4.57630559066456
Train,4.68915237491036,4.68910649198369
Train,4.79769060841322,4.79765099575161
Train,4.90216858316797,4.90185698614368
Train,5.0028099486075,5.00262317966553
Train,2.0913519187303,2.091714016482
Train,2.18518955500076,2.18607971788879
Train,2.27669018024772,2.27673000560753
Train,2.36594002500987,2.36589276429004
Train,2.45302112908076,2.45344337999995
Train,2.53801159303689,2.53797427882819
Train,2.62098581186477,2.62016244372353
Train,2.70201469215569,2.70202049725049
Train,2.78116585420106,2.78133472459012
Train,2.85850382019889,2.85922871585353
Train,2.93409018967254,2.93353162972198
Train,3.00798380310384,3.00835147834732
Train,3.08024089469435,3.07971024749713
Train,3.15091523508813,3.15155581723229
Train,3.22005826481735,3.21944937504304
Train,3.28771921916669,3.28876630448212
Train,3.35394524509352,3.35380257957149
Train,3.41878151078733,3.41921822265431
Train,3.48227130840343,3.48245159968792
Train,3.54445615046195,3.54482276739873
Train,2.11667232262277,2.11651904600149
Train,2.32251209751356,2.32196460106934
Train,2.52020787161841,2.51972710464906
Train,2.71079801030086,2.71014842877048
Train,2.89411376355215,2.89371340010985
Train,3.07108825770395,3.07032305830217
Train,3.24153777822092,3.24080085273454
Train,3.40630524445251,3.40579405008612
Train,3.56543332961945,3.56483335696976
Train,3.71897830160098,3.71819068770128
Train,3.86767023431075,3.86699630591465
Train,4.01130762381448,4.01035602164484
Train,4.15055740140867,4.14999907896708
Train,4.28541662788122,4.2845787559927
Train,4.41589539942372,4.41512769788824
Train,4.54258020678892,4.54208933172777
Train,4.66526811791512,4.66438214722439
Train,4.78449983652832,4.78356608372269
Train,4.90007440926561,4.89936589340505
Train,5.01249192947453,5.01084169944806
Train,3.11073868583817,3.11011122745549
Train,3.24479919142761,3.24462794599822
Train,3.37386907178902,3.37362354170182
Train,3.4982219110929,3.49745464813168
Train,3.61811165532263,3.61835809927288
Train,3.73362444047771,3.73335731200496
Train,3.84528490360992,3.84349749649846
Train,3.95314245155855,3.95350897314347
Train,4.0573881100275,4.0562686770063
Train,4.15820032143129,4.15828677952959
Train,4.25574596422045,4.25509550191782
Train,4.35018127470054,4.3499881266689
Train,4.44165268205579,4.44098498013045
Train,4.53029756596447,4.53018455368874
Train,4.61624494505053,4.61559629820113
Train,4.69950776136667,4.69920094990084
Train,4.7804199956169,4.77992579618876
Train,4.85897747050863,4.85800104896771
Train,4.93528150625834,4.93515610769828
Train,5.00942769248706,5.00870565789228
Train,2.12404225021414,2.12482300213742
Train,2.34964960435225,2.34973532526055
Train,2.56328204585033,2.56317228603439
Train,2.76586834249329,2.76565856524394
Train,2.95824363628126,2.95847630965
Train,3.14116095102361,3.14098413773172
Train,3.31530104336949,3.31572861248424
Train,3.48128086897002,3.48115237771708
Train,3.63966088570605,3.64033783783088
Train,3.79095137617817,3.79088297855924
Train,3.93561793974694,3.93604565638816
Train,4.07408627865554,4.07437255880359
Train,4.20674638187165,4.20682732982823
Train,4.33395619325473,4.33422268919094
Train,4.45604483670774,4.45657044266409
Train,4.57331545950356,4.57351532142638
Train,4.68604774550388,4.68583846258844
Train,4.7945001421344,4.79459501229576
Train,4.89891183844338,4.89892227128439
Train,4.99950452610901,4.99933044926729
Train,3.74189266374406,3.74101159913698
Train,3.82778636035636,3.82767280584085
Train,3.91099959666898,3.91055441379285
Train,3.99165591751737,3.99098672581749
Train,4.069871390228,4.06971929420251
Train,4.14589282419531,4.14543831127958
Train,4.21954361602458,4.21943325216853
Train,4.29106240194903,4.29021078753431
Train,4.36054043553201,4.36059235507855
Train,4.42806383584355,4.42753470227763
Train,4.49371394357418,4.49334888582962
Train,4.5575676479155,4.55730944320385
Train,4.61969768696932,4.61946503760555
Train,4.68017292415302,4.68026624280174
Train,4.73905860280948,4.7386881423663
Train,4.79652083991859,4.79615207004827
Train,4.85240715410266,4.85217437726533
Train,4.90688027866776,4.90715181142878
Train,4.95999314705382,4.95928796727821
Train,5.01179608168382,5.01152985667431
Train,3.26389504820393,3.26366696685
Train,3.38948504564324,3.38935213438526
Train,3.50992282864683,3.50982741647022
Train,3.62551907194806,3.6253317775554
Train,3.73655996449524,3.73665773512039
Train,3.84330957514337,3.84325392472238
Train,3.9460119492718,3.94574625908717
Train,4.044892971369,4.04488656233298
Train,4.14016202350526,4.14016086284391
Train,4.23201346532108,4.23190594629705
Train,4.32076813562063,4.32065846203477
Train,4.40630901368748,4.40626763998443
Train,4.4889380334595,4.48883464992105
Train,4.56880138855577,4.56866173745948
Train,4.64603564722659,4.64595635863952
Train,4.72076853169191,4.72063998464
Train,4.79311962296542,4.79301150426181
Train,4.86320099934581,4.86311977761943
Train,4.93111781574609,4.93096683477779
Train,4.99696883015901,4.99673819203599
Train,3.80599805069466,3.80547067344014
Train,3.88733191940926,3.88736472694291
Train,3.96636870253196,3.96620678755426
Train,4.04287758668489,4.04296069851262
Train,4.11729416407471,4.11735083778331
Train,4.18939502392284,4.18910471616255
Train,4.25958499197496,4.25974060633598
Train,4.32764809200477,4.32783567050501
Train,4.39396157624627,4.3934784969606
Train,4.45831684372526,4.45844349128311
Train,4.52106633873803,4.52154370427888
Train,4.58200871084584,4.58082154893054
Train,4.64147400341201,4.64134357791772
Train,4.6992679457908,4.69941307764384
Train,4.75570028487941,4.75546862558986
Train,4.81058362762101,4.81070225682197
Train,4.86420927229291,4.86411597060942
Train,4.91639648069518,4.9155475193038
Train,4.96741973156524,4.96771947538946
Train,5.01710470649286,5.01700075393455
Train,1.02091656230163,1.02073314457084
Train,1.41009072482468,1.4103571857122
Train,1.76365378241522,1.76457398077036
Train,2.08689965460262,2.08649518067978
Train,2.38328213060095,2.38375353202719
Train,2.65575369120077,2.65547701446485
Train,2.90758115447517,2.90752306181093
Train,3.14079945882144,3.14129036237136
Train,3.35718831570746,3.35678048060799
Train,3.55889639217026,3.55937109946535
Train,3.74718584148771,3.74695122322009
Train,3.92335256958997,3.9231430388827
Train,4.08837030369103,4.08731153739791
Train,4.24356665535119,4.24293102149386
Train,4.38965066465061,4.38909111971589
Train,4.5272677594567,4.52650340514811
Train,4.65738691864815,4.6572371457587
Train,4.78048435420709,4.78030215924809
Train,4.89699960173085,4.89658578535455
Train,5.00766300985782,5.00708808192576
Train,2.12286196379505,2.1230076313077
Train,2.35404628500258,2.3540404638843
Train,2.57187871414686,2.57159369723377
Train,2.77793188808856,2.77801484188967
Train,2.97292325093331,2.97240112889995
Train,3.15751874926084,3.15775747701264
Train,3.33291068010133,3.33285948136472
Train,3.49940627882133,3.49928012675082
Train,3.65801200821964,3.65784023651213
Train,3.80911024170722,3.8090735138976
Train,3.95306404674862,3.95270504050859
Train,4.09066942363462,4.0908325534765
Train,4.22219299809946,4.22214295963931
Train,4.34789138183509,4.34779228726984
Train,4.46840717831192,4.46839360349986
Train,4.58380085794655,4.58367150370032
Train,4.69463516894196,4.69439846889145
Train,4.80105810017695,4.8008866176242
Train,4.90321559078414,4.90293710112019
Train,5.00157494290319,5.00121324447537
Train,2.12194975275501,2.12263254590653
Train,2.34457216482315,2.34475552630465
Train,2.5558260826583,2.55630234713317
Train,2.75656064483741,2.75627201240422
Train,2.94754247880768,2.94820815631829
Train,3.12925847668646,3.12949915821082
Train,3.30276173438749,3.30277731316892
Train,3.46840770170272,3.46866560349736
Train,3.62671830009497,3.62688671584328
Train,3.77817022742651,3.77886415839021
Train,3.92319975228832,3.92333107013837
Train,4.06220691107433,4.06213871407817
Train,4.19555919283872,4.1959747607616
Train,4.32359478341279,4.32416032944457
Train,4.4466254290817,4.44636659864773
Train,4.56480371678054,4.56492915495619
Train,4.67867137915612,4.67887377091392
Train,4.7883343713768,4.7883396590114
Train,4.89402136359219,4.89395629496721
Train,4.99594473962073,4.99580694358156
Train,2.11837286660064,2.11936678650818
Train,2.34737861520036,2.34636528941337
Train,2.56359489635411,2.56204417201661
Train,2.76850151013485,2.76723897327611
Train,2.96254748643875,2.96252833341714
Train,3.14696831484299,3.14451466795435
Train,3.32208714436454,3.32129981118487
Train,3.48894765233596,3.4879152083231
Train,3.64777942233377,3.64627223731804
Train,3.79947342694146,3.79933051435364
Train,3.94418908795118,3.94458830748772
Train,4.08269426751685,4.08137078764412
Train,4.21509539527555,4.21406818489049
Train,4.3420599402401,4.34205497795483
Train,4.46365408140939,4.46361602329853
Train,4.58046256134503,4.57962647466775
Train,4.69252086085267,4.6918356278693
Train,4.80034489956636,4.79982874617417
Train,4.90394668693518,4.90313769068598
Train,5.00378438193365,5.00296637968131
Train,2.12442338288073,2.12403802551853
Train,2.35579920812511,2.35551714555186
Train,2.57400061982387,2.57369621248654
Train,2.78012168606061,2.77968585668714
Train,2.97513859561976,2.97464781003509
Train,3.15992511755526,3.15952758995991
Train,3.3352656899645,3.33474633418518
Train,3.5018665515638,3.50150516900612
Train,3.66036524920537,3.65995939357526
Train,3.81133879120879,3.81074436260678
Train,3.95515066960552,3.95487657997728
Train,4.09260408140797,4.09217352521955
Train,4.22396522548211,4.22357560710952
Train,4.34963035641259,4.34916404484829
Train,4.46996209365094,4.46952848104411
Train,4.58529291615545,4.58496753276995
Train,4.69592823019507,4.69552161265165
Train,4.80214906992685,4.80175769503694
Train,4.90421448102826,4.90376428673335
Train,5.00236362994877,5.00143280196789
Train,2.13069270995709,2.12895490762457
Train,2.34358357852775,2.34345956550533
Train,2.5471615972976,2.54671681609761
Train,2.74157539729887,2.74146632290649
Train,2.92764474999873,2.92682714465627
Train,3.10610162030767,3.10617009353882
Train,3.27700822256989,3.2762158195037
Train,3.44121293343616,3.44139271004678
Train,3.59873746818549,3.59793776409788
Train,3.75015634493236,3.75013849472452
Train,3.89598649835701,3.89588261982863
Train,4.03620653888343,4.03601819777396
Train,4.17129038082635,4.17141700947104
Train,4.30166613350094,4.30157290764328
Train,4.4272840941308,4.42703003634961
Train,4.54868113466339,4.54869658041571
Train,4.66579443445186,4.66546333824226
Train,4.77897796013771,4.77910096969572
Train,4.88855332920334,4.88833145301032
Train,4.99444418315484,4.9940938366417
Train,2.12808034893737,2.12812455868698
Train,2.35112466218989,2.3515845336733
Train,2.56271668654416,2.56285601110721
Train,2.7634951875332,2.76352302315354
Train,2.95468917425529,2.9546696600155
Train,3.13676800551006,3.1365368163024
Train,3.31036835099227,3.31020634494053
Train,3.47606893652864,3.47588868543244
Train,3.63422226056738,3.63476013248146
Train,3.78566663529134,3.78597971115232
Train,3.93065965892099,3.92984152431018
Train,4.06960496419778,4.06968078767386
Train,4.20272585421643,4.20292149521993
Train,4.33066382949492,4.33116889566008
Train,4.45357956101408,4.45323367751553
Train,4.57176308066675,4.57195074360789
Train,4.68548250986946,4.68517581510241
Train,4.79486478544858,4.79526160233945
Train,4.90038706285921,4.90003074927517
Train,5.00213714460938,5.00182319070154
Train,2.11491407524425,2.11568799831002
Train,2.31671594501718,2.31674568682502
Train,2.51134675777038,2.51120181949227
Train,2.69918207738369,2.69969559136371
Train,2.88057169224501,2.8807663395055
Train,3.05561445754979,3.05529047975142
Train,3.22507705928698,3.2252215665867
Train,3.38900898775053,3.38927073674131
Train,3.54767664873223,3.54752173682209
Train,3.70132960848083,3.70155702552438
Train,3.85020190354028,3.85017762058123
Train,3.99451323020027,3.99467085203651
Train,4.13447002627336,4.13454707706114
Train,4.2702664564011,4.27007950373081
Train,4.40208531077922,4.40212805564079
Train,4.52993237727082,4.52995815248141
Train,4.6543076903439,4.65433512292657
Train,4.77519322043309,4.77540325610607
Train,4.89273381251369,4.8926403086225
Train,5.00706640514168,5.00678709353815
Train,1.52995030013884,1.53192875227978
Train,1.64415782390322,1.64407517025393
Train,1.75485116068289,1.75490782155248
Train,1.86272764456143,1.86292892818892
Train,1.96763054096679,1.96748203313473
Train,2.06968112766221,2.07005665425095
Train,2.16874611420499,2.16850497177802
Train,2.26543684175608,2.26676626536937
Train,2.35960148775745,2.35973577559344
Train,2.45133776802094,2.45168745917908
Train,2.54051496586932,2.54011018412712
Train,2.62767365441654,2.62836190577946
Train,2.71266829127092,2.71276749837853
Train,2.79557848457756,2.79522353685024
Train,2.87627764601249,2.8767567557079
Train,2.95524739250586,2.95548415382655
Train,3.03234911272936,3.03210273427976
Train,3.10764831402885,3.10813521134696
Train,3.18102339679048,3.1811994549571
Train,3.25290632628511,3.25351427026908
Train,2.12554648004325,2.12885644844209
Train,2.3577430645608,2.3594309676846
Train,2.57660865979447,2.57776442399336
Train,2.78325927760292,2.78477715780173
Train,2.97848011559794,2.97959285344405
Train,3.16359101040625,3.16429884255194
Train,3.33916858560766,3.33977030491951
Train,3.50593081060285,3.50617941031669
Train,3.6645253251217,3.6650793786248
Train,3.81553784492369,3.81618850804807
Train,3.95934436881433,3.95968370627816
Train,4.09674449501847,4.09727471605584
Train,4.22801525761179,4.22848104364675
Train,4.35355785065996,4.35398960784369
Train,4.47373920259712,4.47404571445804
Train,4.58889555799368,4.58933419498499
Train,4.69921634588595,4.69936031405086
Train,4.80522877554046,4.80532263859641
Train,4.90707013992005,4.90722732790891
Train,5.00498185595562,5.00492905946885
Train,2.12517767595753,2.12595209515712
Train,2.36120353977032,2.36119529883581
Train,2.58320927773569,2.58356468812417
Train,2.79195992332138,2.79217893755413
Train,2.98881916463409,2.988902177196
Train,3.17477494695386,3.17516890362458
Train,3.3508978835555,3.35129121089267
Train,3.51758879965555,3.51774806484173
Train,3.67575563874661,3.67619838869723
Train,3.82603594367509,3.82617486508389
Train,3.96915935556266,3.96960819821106
Train,4.10533122499744,4.10545699299109
Train,4.23518593091057,4.23552431345161
Train,4.35915309821122,4.35935183516995
Train,4.47775225987151,4.47781675666192
Train,4.59107948651038,4.59126385988202
Train,4.69959582591217,4.69977801128698
Train,4.80360125347652,4.80378394075524
Train,4.90347930910433,4.90355434869707
Train,4.99926328363442,4.9993331186779
Train,3.80397153353049,3.80454490776174
Train,3.88549905352172,3.8852573937329
Train,3.96439451241222,3.96457735512377
Train,4.04109836128839,4.04077963891177
Train,4.11554705236603,4.11574592428224
Train,4.18783860010102,4.18830847918434
Train,4.25792089821145,4.25821031217492
Train,4.32617424255073,4.32643104450835
Train,4.39253227066793,4.39283507943037
Train,4.45707284755318,4.4566909260393
Train,4.51974029825615,4.51946207820583
Train,4.58086644253112,4.58129349714
Train,4.6403844502267,4.6404773918548
Train,4.69835695886223,4.69933922881319
Train,4.75472697723642,4.75447796498338
Train,4.80978668613821,4.80993478505843
Train,4.86347022912095,4.86357950526144
Train,4.91582856334116,4.91613880984369
Train,4.9668048161818,4.96661464033969
Train,5.01665833605347,5.01653240776068
Train,3.11921770338445,3.11929670863174
Train,3.25694889014861,3.25726273383043
Train,3.38892613912794,3.38888179804053
Train,3.51550264249553,3.51556123786577
Train,3.63700326550487,3.63719712639431
Train,3.75372733053275,3.75393046814133
Train,3.8659510791042,3.86600012493727
Train,3.97392985453209,3.97441736157634
Train,4.07790004147265,4.07776158425258
Train,4.17808079340616,4.17831737900269
Train,4.27467557461214,4.27489904393587
Train,4.36787353947091,4.36783747030131
Train,4.45785076876746,4.45811588929064
Train,4.54477137999981,4.54530926224106
Train,4.62878852642228,4.62913739532814
Train,4.71004529761849,4.71007130356156
Train,4.78867553274412,4.78916306597966
Train,4.86480455616247,4.86486843114835
Train,4.93854984397785,4.93857950919482
Train,5.01002162892301,5.0101575325898
Train,2.12639329274567,2.13043899933109
Train,2.3490875059615,2.35030105398619
Train,2.56026436168063,2.56111359583883
Train,2.7612285875963,2.76184595802624
Train,2.95249648343076,2.95374249047745
Train,3.13455619083396,3.13501426146831
Train,3.30843299542765,3.30977379883552
Train,3.47430665113683,3.47520072980114
Train,3.63306088750707,3.63440494978568
Train,3.78497954505791,3.78661793563515
Train,3.93033705105284,3.93097791006585
Train,4.06985185861098,4.07030878195656
Train,4.20372380871544,4.20472490514658
Train,4.33214890836769,4.33298266585189
Train,4.45572111535878,4.45620074331237
Train,4.57445194751556,4.57479665553547
Train,4.68886893282057,4.68952579826873
Train,4.79908297058058,4.79944614792475
Train,4.90520593710802,4.9051000586187
Train,5.00768424404255,5.00766728915187
Train,2.12306683064063,2.12425799278572
Train,2.33869818119025,2.33883383854118
Train,2.54470257457936,2.54478775258758
Train,2.7411965484669,2.74217219808634
Train,2.9293146528236,2.92929181786894
Train,3.10911040135459,3.10905232232471
Train,3.28157451613356,3.28168282475963
Train,3.44671361556348,3.44698263459577
Train,3.60519185160221,3.60506687946327
Train,3.75760371949205,3.75727479175112
Train,3.90390703121558,3.90403495955979
Train,4.04483059373848,4.04464544561051
Train,4.18030995646588,4.18017668626271
Train,4.31082557486255,4.31068174706888
Train,4.43681051502507,4.4365795535341
Train,4.55817758578735,4.55797134686145
Train,4.67548360745169,4.67507164916606
Train,4.78863139998403,4.78855013663269
Train,4.89812539860234,4.89781043022958
Train,5.00386145733355,5.00308157955442
Train,3.37418207933184,3.37543203805399
Train,3.48771316086674,3.48798234671267
Train,3.59740949207486,3.59842931640014
Train,3.70374658654003,3.70396049795818
Train,3.80673822284573,3.80746831392753
Train,3.90653983255267,3.90639470720635
Train,4.0031677275453,4.00385235152498
Train,4.09702222950947,4.09721035658004
Train,4.18809872423923,4.18799805650633
Train,4.27651875268608,4.2772029655971
Train,4.36228170389985,4.36225233625009
Train,4.44572920586415,4.44621249982447
Train,4.52684473954759,4.5267147827908
Train,4.60572470937067,4.60624468563765
Train,4.68235729320513,4.68210187219665
Train,4.75703747718801,4.75735486041231
Train,4.82974113055596,4.82961108355812
Train,4.90054569654937,4.9005504353845
Train,4.96943198418893,4.96956440243957
Train,5.03665732809543,5.03659008353861
Train,1.47906637796318,1.47897337226459
Train,1.54847132110152,1.54913079918333
Train,1.61668827204686,1.61657101200399
Train,1.68374747394573,1.68365487688425
Train,1.74992672169434,1.74974293152627
Train,1.81475299492386,1.81509684407501
Train,1.87850641097442,1.87854795878957
Train,1.94121338450977,1.94125116990472
Train,2.00289947011669,2.00260532472021
Train,2.06358939702812,2.06382257876248
Train,2.12353234011451,2.12319398311956
Train,2.18229743436358,2.18229179469927
Train,2.24013601222948,2.24050199348858
Train,2.29706981412639,2.29701717795251
Train,2.35311990557129,2.35289254251984
Train,2.40830670317121,2.40851360915985
Train,2.46285504285922,2.46303979588993
Train,2.51637093142627,2.51590166536334
Train,2.56908119458516,2.56895781815547
Train,2.62100388819452,2.62099967312679
Train,2.12316287095229,2.12217914045323
Train,2.35733488356204,2.35696187064605
Train,2.57774453589439,2.57783696080151
Train,2.78557042192426,2.78486665209493
Train,2.98166887104452,2.98169404693908
Train,3.16736750034535,3.16693659904558
Train,3.34330017341102,3.34293945493118
Train,3.51021754427218,3.50950839409052
Train,3.66879525741862,3.66873550202581
Train,3.81964308866274,3.81873766409262
Train,3.96317210430354,3.96279427314585
Train,4.10017057426975,4.10011084665894
Train,4.230945912449,4.23050378575135
Train,4.35591272906889,4.35581614937837
Train,4.4754496038413,4.4753160147884
Train,4.58990291664978,4.58966177286493
Train,4.69948247075727,4.69943069364672
Train,4.80469970018842,4.80461460241349
Train,4.90571057777323,4.90559865827527
Train,5.00276240125249,5.00244945669692
Train,3.8399474919057,3.83911201441515
Train,3.91797041366502,3.91786409591441
Train,3.99373156779974,3.99181372288876
Train,4.06732789708,4.06706191815465
Train,4.13885088216309,4.13609937972069
Train,4.20838692094431,4.20738995920692
Train,4.2760176767254,4.2741762697915
Train,4.34182039815031,4.34009523151326
Train,4.40586821354372,4.40534658161778
Train,4.46823040201005,4.46710806187912
Train,4.52897264340603,4.52726890800113
Train,4.58815724908277,4.58576037726016
Train,4.64584337510152,4.64567365404946
Train,4.70208721945693,4.70021477441333
Train,4.75694220468976,4.75640563548222
Train,4.81045914713663,4.80948001431534
Train,4.86268641394373,4.86256405705353
Train,4.91367006886434,4.91349009295664
Train,4.96345400776392,4.96269539366767
Train,5.01208008467049,5.01052353960404
Train,3.94041200594176,3.94041844534513
Train,4.01103845336588,4.01116571191233
Train,4.07976040964551,4.07977687160746
Train,4.14651807034064,4.14670522714005
Train,4.21165862267943,4.21164773467899
Train,4.27511085796261,4.27495940501831
Train,4.33693957334793,4.33731506818003
Train,4.39720629201451,4.39695203239535
Train,4.45585006067793,4.4560427375327
Train,4.51316818961715,4.51328847993864
Train,4.56909110919117,4.56896597277955
Train,4.62366914908778,4.6238370048377
Train,4.67684191507672,4.67695714948059
Train,4.72887428637699,4.72866380472988
Train,4.77969887961256,4.77992623532919
Train,4.82935726482975,4.82947737908398
Train,4.87788912600241,4.87780709144135
Train,4.92523583959125,4.92520620412688
Train,4.97162881144193,4.97183127491007
Train,5.01700394805863,5.01681948757323
Train,2.11915873517799,2.1198889751322
Train,2.35727870532536,2.35682967617322
Train,2.58087633180816,2.58112078233535
Train,2.79124082412194,2.79152683261782
Train,2.98932924530374,2.98938406982779
Train,3.17653308654593,3.1766815157971
Train,3.35356077231393,3.35411305894377
Train,3.52122009115745,3.52096161645022
Train,3.68023553866835,3.68082013984531
Train,3.83125878335402,3.83140771642502
Train,3.97474378092154,3.97504540310183
Train,4.11149599516865,4.11140417677234
Train,4.24185667813914,4.24252351863106
Train,4.36626368901568,4.36647525060107
Train,4.48511578515851,4.48533471102564
Train,4.59877689163794,4.5990145161777
Train,4.70747812334787,4.70738292327587
Train,4.81173205104633,4.81201143185172
Train,4.91171246547347,4.91182949025824
Train,5.00767685508978,5.00772000868892
Train,2.12097484995748,2.12126948607329
Train,2.3570244066971,2.35705437741854
Train,2.57917724510196,2.57918171727943
Train,2.78827183761761,2.78791829924739
Train,2.9857602457956,2.98554519060417
Train,3.17226676546705,3.17266625116463
Train,3.34898158544675,3.34921947367548
Train,3.51637211032389,3.51661951407004
Train,3.67542680844879,3.67588117183914
Train,3.8264965960216,3.82637934850936
Train,3.97041214690829,3.97051340841426
Train,4.10743686740182,4.10776820239698
Train,4.23827627485483,4.2380291915033
Train,4.36312736322162,4.36356125794555
Train,4.48259512680321,4.48255249884824
Train,4.59682571375125,4.59682634467026
Train,4.7063424534687,4.70667760318611
Train,4.81125227227238,4.8112535409964
Train,4.912011459775,4.91206621724268
Train,5.00869649437444,5.00857269510743
Train,3.74221786854835,3.74419076443155
Train,3.82759592391708,3.82871904502827
Train,3.91031966929254,3.91256346126465
Train,3.99051098941804,3.99025376874488
Train,4.06814015703655,4.07132401704439
Train,4.14360767996845,4.14369249546144
Train,4.21686628168486,4.21673628565622
Train,4.28801154544047,4.28981762229523
Train,4.35713361819891,4.35964783311647
Train,4.42431759170031,4.42390870767849
Train,4.48952252467707,4.49119768793753
Train,4.55307035924607,4.5532944075967
Train,4.61490826097532,4.61532696858922
Train,4.67510432947241,4.67503275633499
Train,4.73372309555121,4.73402715039992
Train,4.79082575198911,4.79129180704331
Train,4.84636690986774,4.84766986376053
Train,4.90061121442188,4.90072060969396
Train,4.95350491488309,4.95316623991675
Train,5.0050978331145,5.00518992030993
Train,2.12790953015028,2.12814080050885
Train,2.35906158917739,2.35885737275385
Train,2.57705395297792,2.57704069822648
Train,2.78297930772664,2.78207332296734
Train,2.97781262592478,2.97791686504934
Train,3.16242660211071,3.1625515460255
Train,3.33760472175379,3.3380285478197
Train,3.50405237617955,3.50465656105371
Train,3.66240635607351,3.66242295231496
Train,3.81324299296503,3.81362368987902
Train,3.95695494556972,3.9576236299763
Train,4.09428398088022,4.09533372835722
Train,4.22552700135128,4.22653979402094
Train,4.35107980776958,4.35175260851247
Train,4.47130460822062,4.47188704257132
Train,4.58653350792196,4.58656341997994
Train,4.69707157285524,4.69738467498246
Train,4.80319952671123,4.80308897842042
Train,4.90517613135008,4.90528588908637
Train,5.00324029327474,5.00329913912719
Train,2.42575801110583,2.42466834559309
Train,2.51860536917424,2.51872638152417
Train,2.60921960482224,2.60936597955151
Train,2.69810539310535,2.69786039848987
Train,2.78510255816765,2.78514759300742
Train,2.870066605187,2.86945287128765
Train,2.95346695108527,2.95369490761368
Train,3.03495417042908,3.03504189556406
Train,3.11497623469144,3.11434608520358
Train,3.1933836937102,3.19358056521742
Train,3.27004072382629,3.26939251308067
Train,3.34536582016967,3.34559868120414
Train,3.4192156942979,3.4190068761236
Train,3.49145961481836,3.49178433825728
Train,3.56248946779936,3.56119027261593
Train,3.63200077714586,3.6321736986647
Train,3.70036910666572,3.70016205358115
Train,3.76746090138273,3.76769488548598
Train,3.83315360919314,3.83200876315823
Train,3.89780018236408,3.89775887530413
Train,3.84147967601678,3.84176764207223
Train,3.91874691650185,3.9186564881602
Train,3.99379963922919,3.99394060025952
Train,4.06673170295911,4.06690787677508
Train,4.13763173627338,4.13755993120139
Train,4.20658349687749,4.20658147605718
Train,4.2736662016842,4.27412227247987
Train,4.33895483041375,4.33905635170959
Train,4.40252040515677,4.40259876793425
Train,4.46443024809127,4.46466817112378
Train,4.52474821931997,4.52471469919692
Train,4.58353493659396,4.58360964225722
Train,4.64084797851232,4.64104694486014
Train,4.69674207262926,4.69677325891826
Train,4.75126926976078,4.75135160990612
Train,4.8044791056577,4.80439264985762
Train,4.85641875110067,4.85671972604905
Train,4.90713315137299,4.90716337056801
Train,4.95666515597815,4.95666502301174
Train,5.00505563938889,5.00516248097847
Train,2.13093431136139,2.13134520850144
Train,2.36173253263277,2.36167647176626
Train,2.57960416579599,2.58016083847906
Train,2.78522381368925,2.78485059066588
Train,2.97995773098067,2.98030354057846
Train,3.16430526142737,3.16489524384815
Train,3.33940086214668,3.33941440106719
Train,3.50561446880442,3.50648319830361
Train,3.66375221540188,3.66379682718252
Train,3.81452904290541,3.81469030732114
Train,3.95817924027155,3.95814699072798
Train,4.09545203176414,4.09605643469695
Train,4.22651813315897,4.22660906811507
Train,4.3519060733678,4.35234952940664
Train,4.47208916050811,4.47208695385052
Train,4.58716968009763,4.58757140510716
Train,4.69767208671587,4.6980438241153
Train,4.80366586042009,4.80363919286174
Train,4.90561185767913,4.90581085714075
Train,5.0035541492979,5.00374788163026
Train,2.19008209802406,2.19038945963985
Train,2.28752949738916,2.28762068490323
Train,2.38249714478179,2.38310655819805
Train,2.47459700787344,2.47417444107123
Train,2.56418993112239,2.56425597419002
Train,2.65160444600734,2.65147438498389
Train,2.73647509780624,2.73604033933952
Train,2.81912628733712,2.81955749575718
Train,2.89985420627631,2.90027171626571
Train,2.9783145823319,2.97764600919618
Train,3.05480064598804,3.05532656619471
Train,3.12938599127602,3.12932909542724
Train,3.20233070358334,3.20184502853226
Train,3.27331658037968,3.27383963308966
Train,3.34260186799083,3.34246411630011
Train,3.41042378539512,3.41041450457124
Train,3.47648211846914,3.47641325647419
Train,3.5410128529697,3.5400914887723
Train,3.60423327360308,3.60476710488729
Train,3.66585988561657,3.66475462275412
Train,-3.00972532222686,-3.00779991471791
Train,-2.77027516152536,-2.7705153185816
Train,-2.53798792711913,-2.53835687793617
Train,-2.31254694717572,-2.31158150597184
Train,-2.09365394545574,-2.09381248105637
Train,-1.88102772467469,-1.88139809731365
Train,-1.67440296135268,-1.67427834543196
Train,-1.47352910129147,-1.47278403426026
Train,-1.27816934601103,-1.27915865406248
Train,-1.08809972152453,-1.08726664110873
Train,-0.902674695665418,-0.90255109420832
Train,-0.722571847995917,-0.723403861440602
Train,-0.547155482550075,-0.546555676875869
Train,-0.376245027227549,-0.376208408750244
Train,-0.209669068984317,-0.209505433354934
Train,-0.0472647803921919,-0.046779277981841
Train,0.111122611251297,0.110510241938755
Train,0.265640315901262,0.266248841762717
Train,0.416428437119278,0.416956446388212
Train,0.563620395776271,0.565832850108563
Train,3.17029914725127,3.17048175068339
Train,3.3047494477121,3.30528900299396
Train,3.43345762907231,3.43339724746329
Train,3.55678385305505,3.55730157778453
Train,3.67505877776957,3.67489043073874
Train,3.78858651816742,3.78891992181889
Train,3.89764725704139,3.89775480203389
Train,4.0024995537644,4.00357345691009
Train,4.10338239081813,4.10376016731607
Train,4.20051699220949,4.20072544430877
Train,4.29398576367971,4.29453167056636
Train,4.38422881043541,4.38433945196448
Train,4.47129586031017,4.47172310849419
Train,4.55535167712919,4.55597478450363
Train,4.6365498216616,4.63659510617435
Train,4.71503358788966,4.7155211286663
Train,4.79093684692594,4.79090835586976
Train,4.86438480903404,4.86497166402842
Train,4.93549471287743,4.93531044773408
Train,5.0043764499773,5.00450803804415
Train,2.12071369414638,2.12017367871886
Train,2.34870241554951,2.34871705326077
Train,2.56436405004535,2.56436181689787
Train,2.76867204799779,2.7689703601136
Train,2.96232299068296,2.96260581085517
Train,3.14646582700934,3.14608737106028
Train,3.32162366240465,3.32249964716902
Train,3.48843845168318,3.48952522353648
Train,3.64749241756996,3.64748373422481
Train,3.79931484014471,3.79926284012618
Train,3.94425499664599,3.94474613885541
Train,4.08302477317747,4.08289079443784
Train,4.21588794523717,4.2160563514044
Train,4.34321376788951,4.34305629122537
Train,4.46534134554679,4.46536276838742
Train,4.58258264775804,4.58285952105507
Train,4.69512166931357,4.69485099426674
Train,4.80343473072028,4.80346709050355
Train,4.90765950913735,4.9075034078196
Train,5.00802318580937,5.008039322478
Train,2.12719927447224,2.12926120799966
Train,2.30685326115167,2.30702297820972
Train,2.48268867789443,2.48246855171601
Train,2.65482599077466,2.65508606890216
Train,2.82338065140398,2.8236494926241
Train,2.98846335515627,2.98813755241281
Train,3.15018028359814,3.15040665870765
Train,3.30863333224064,3.30865490892029
Train,3.46392032463882,3.46398941463849
Train,3.61613521378453,3.61627772819338
Train,3.76568200473302,3.76515627543995
Train,3.9120139441336,3.91198468765651
Train,4.055534430743,4.05553335863806
Train,4.19632371762419,4.19631206232589
Train,4.33445903219222,4.33396825326781
Train,4.47001471747151,4.46999957093067
Train,4.60306236551262,4.60258901876659
Train,4.7336709434715,4.73349800425785
Train,4.86190691281768,4.86169253379921
Train,4.98783434210451,4.98624475932593
Train,2.03977337980033,2.04018551109039
Train,2.11207904966116,2.11215748843824
Train,2.18344460985997,2.18368190440378
Train,2.25342893898317,2.25421259403811
Train,2.32252158183652,2.32301327056484
Train,2.39029459078425,2.39097013349237
Train,2.4572211976065,2.45773203093268
Train,2.52288606257122,2.52271382106846
Train,2.5877469169,2.58773433106398
Train,2.65140049378057,2.65190634284227
Train,2.71428978273273,2.71433320554934
Train,2.77602308378297,2.77614573419123
Train,2.8370293543787,2.83794195157679
Train,2.89692798236151,2.89661557944783
Train,2.9561345574659,2.9561367778806
Train,3.01427910166795,3.01453301175934
Train,3.07176445965856,3.07207138155354
Train,3.12823085761803,3.12810821513267
Train,3.18406897941634,3.18466100602382
Train,3.23892884777766,3.23903607790271
Train,1.82605402176371,1.82684208956198
Train,1.90392792857126,1.90371614633477
Train,1.98038557732879,1.97940259079769
Train,2.05591581690099,2.0563441673221
Train,2.13008960468624,2.12991892353602
Train,2.20338040846053,2.20295441677445
Train,2.27537115960175,2.27536962571321
Train,2.34652066864817,2.34635231171706
Train,2.41663300600877,2.4157263856614
Train,2.48552406234811,2.48453941989283
Train,2.55363191166574,2.55370614932326
Train,2.62056737302902,2.6204000188809
Train,2.68675548322066,2.68571879334195
Train,2.75201263230251,2.75255562701932
Train,2.81616586172225,2.81594636092632
Train,2.87962172076681,2.87885210680543
Train,2.94201626748627,2.94232054413442
Train,3.00374440170931,3.00345517318783
Train,3.06445160527657,3.06432700642472
Train,3.12452162783985,3.12443742842879
Train,0.829690155850197,0.830453324997507
Train,0.915686692859388,0.916985504023614
Train,0.998760478063029,1.00044542163232
Train,1.07905802441517,1.07781740344944
Train,1.15671621319135,1.15708940344484
Train,1.23216855556595,1.2326755950271
Train,1.30491432142434,1.30380980380141
Train,1.37538145627047,1.37699997611344
Train,1.44367537027361,1.4438681913889
Train,1.50989507059576,1.50913283525733
Train,1.5741336402972,1.57493251196865
Train,1.63647867489251,1.63631264738797
Train,1.69701268086281,1.69774003900238
Train,1.75581343993658,1.75595632858312
Train,1.8129543425212,1.81341223914205
Train,1.86873103238866,1.8691456710585
Train,1.92275015972049,1.92181576249277
Train,1.97530643525357,1.97493022114213
Train,2.0264584867622,2.02769902
Train,2.07626185043145,2.07749353361578
Train,2.12059914974408,2.12078759805445
Train,2.34328037761278,2.34249068806093
Train,2.5549366972347,2.55504995970841
Train,2.75599889067898,2.75515771247592
Train,2.9474179653071,2.94736607273808
Train,3.13003855830087,3.13010112250777
Train,3.30413429750203,3.30384757483262
Train,3.47044079606479,3.47022606091195
Train,3.6296152801069,3.62892114389979
Train,3.78182725424777,3.7809615157239
Train,3.92765751382965,3.92695631782408
Train,4.06749916250778,4.06707475837175
Train,4.20183703672248,4.20175151227158
Train,4.33075252997693,4.33053637014382
Train,4.45468129831863,4.45485553758772
Train,4.57401691742505,4.57384956456372
Train,4.68879861220041,4.68867238730309
Train,4.79938387393273,4.79937648690247
Train,4.9060969212841,4.90627111292997
Train,5.00894794641336,5.00893899403309
Train,2.11765116113951,2.11779824009136
Train,2.331076120331,2.33079442683811
Train,2.5350821757667,2.535373882165
Train,2.73027938076781,2.73025551554019
Train,2.91722621861503,2.9172822720866
Train,3.09643493902598,3.09637843021483
Train,3.26837624540536,3.26850379947427
Train,3.43348342318464,3.43356865658279
Train,3.59215598548838,3.59197306251735
Train,3.74476290070689,3.74485745397396
Train,3.89178524844331,3.89194390416378
Train,4.03325450148473,4.03304934393236
Train,4.16960912000323,4.16963838855736
Train,4.30112154837743,4.3012081644556
Train,4.42804521861775,4.42816938613396
Train,4.55061618038728,4.55050715583639
Train,4.66905456615047,4.66914837333752
Train,4.78356591058269,4.78357123762544
Train,4.89434234087785,4.89428710109496
Train,5.00156365245528,5.00160966997646
Train,4.2984075219197,4.29852581255545
Train,4.34970196264881,4.34981316235644
Train,4.39988860711867,4.39986952779873
Train,4.44900295924065,4.44902722799452
Train,4.49707902180318,4.49709432848613
Train,4.54398707631752,4.54401875941403
Train,4.59008629395852,4.59008245944278
Train,4.63524088247894,4.63532901713916
Train,4.6794795823174,4.67949297084851
Train,4.72282997971035,4.72284675519768
Train,4.76531856405638,4.76532110738481
Train,4.806970781893,4.80699679208919
Train,4.84781108771691,4.8478308122867
Train,4.88786299186117,4.88787939683243
Train,4.92714910562606,4.92718228835292
Train,4.96555815818128,4.96554601330718
Train,5.00337962345558,5.00341110013687
Train,5.04049808296363,5.04050962445035
Train,5.07693295687885,5.0769144759397
Train,5.11270295660467,5.11268046122132
Train,3.11238807213922,3.11251125017588
Train,3.16919694430401,3.16931614679197
Train,3.22492402378291,3.22488095443259
Train,3.28006627690833,3.28004381866776
Train,3.33440088330287,3.33442996585654
Train,3.38771829142044,3.38781795223622
Train,3.44049320797784,3.44038615602039
Train,3.49251174515677,3.4925386621544
Train,3.54357246262938,3.54351939842309
Train,3.59412928383372,3.59417689569091
Train,3.6439767440968,3.64404500295495
Train,3.69312966893727,3.69306967456214
Train,3.7413967519174,3.74148789662286
Train,3.78920627276411,3.78912292035238
Train,3.83636327141016,3.8363480251719
Train,3.88268356402146,3.88272642136872
Train,3.92857761543065,3.9286029932191
Train,3.97385783645987,3.97384182824317
Train,4.01834678893248,4.01828108805057
Train,4.0624382207582,4.0625681656602
Train,4.55922120239093,4.55929357893183
Train,4.72110733269788,4.72115696458786
Train,4.87180306698566,4.87184618799802
Train,5.01268853560669,5.01275919096952
Train,5.144570098747,5.144594755242
Train,5.2681703274234,5.26819334121683
Train,5.38445959846425,5.38444736009114
Train,5.49386587381854,5.49387663185189
Train,5.59717321056753,5.59715593235887
Train,5.69478749151531,5.694794241419
Train,5.78708131723367,5.78704015454423
Train,5.87463998688025,5.87468825531687
Train,5.95774177529795,5.95766947302764
Train,6.03664538871303,6.03667442018195
Train,6.11180031203641,6.11176556430291
Train,6.18333462263282,6.18334205350402
Train,6.25163043831265,6.25166211392934
Train,6.31684219420673,6.31679263861588
Train,6.37911629093982,6.37912807398243
Train,6.43875761669118,6.43881104108004
Train,4.04506807141098,4.04555702372454
Train,4.10858879478827,4.10893437045161
Train,4.1701996903519,4.17020857999887
Train,4.23037661612313,4.23043221580156
Train,4.28897724916576,4.28895837681921
Train,4.34606272363447,4.3460109241787
Train,4.40150979637571,4.40161155209353
Train,4.45574060858136,4.45572510216152
Train,4.50862154227834,4.50862660694838
Train,4.56020237837136,4.56024199038802
Train,4.61036639081713,4.61038918182749
Train,4.65949076115278,4.65946599414019
Train,4.70745029988105,4.70747311760351
Train,4.75428595209553,4.75421479321085
Train,4.7998875163024,4.79994167161931
Train,4.84459415011638,4.84471640493575
Train,4.88828866414124,4.88817582801857
Train,4.9310050439588,4.93098886428925
Train,4.97263943418284,4.97270823533472
Train,5.01349853460424,5.01342462040338
Train,4.72294694016069,4.72239312130841
Train,4.75454734386273,4.75330886246957
Train,4.78575104926538,4.78574512112391
Train,4.81656547975132,4.81686435616575
Train,4.84699787463386,4.84673219555407
Train,4.87705529482699,4.87706511418946
Train,4.9067446283071,4.90664787919377
Train,4.93607259537537,4.93623846192349
Train,4.96504575372901,4.96514042461786
Train,4.99367050334968,4.99317688536394
Train,5.02208632702543,5.02225046569947
Train,5.05003127323255,5.05009859302663
Train,5.07764613853987,5.07720268442063
Train,5.10493673689893,5.10502811789775
Train,5.13190874651787,5.13163266342599
Train,5.15856771380009,5.15890669934015
Train,5.18491905714653,5.18456252414762
Train,5.21096807062713,5.21088006273931
Train,5.23671992752663,5.23496867603535
Train,5.26217968376971,5.26172085434519
Train,2.12825209006589,2.12738905095466
Train,2.37288651948368,2.37273248960264
Train,2.6015996243621,2.60068161882373
Train,2.81528600769792,2.81530726756318
Train,3.01595153015302,3.01490892782749
Train,3.20421201232764,3.20367399727547
Train,3.38169017706613,3.38172468987614
Train,3.54880712329803,3.54839329046808
Train,3.70667035232721,3.70563186521031
Train,3.85624211049127,3.85581144995376
Train,3.99775202123379,3.99753909755236
Train,4.13222031585773,4.13199294856895
Train,4.25979250843669,4.25941750594211
Train,4.38116010379978,4.3804804493484
Train,4.49693146052466,4.49663435629918
Train,4.60716695077571,4.60567551122222
Train,4.71255743600543,4.7113130978687
Train,4.81312507730122,4.81284704307473
Train,4.90947085848767,4.90858899333398
Train,5.00158892011668,5.00025151757291
Train,3.33837507438564,3.33645997770509
Train,3.46058512059142,3.45952705594391
Train,3.57758834194159,3.5770863691796
Train,3.68971055696617,3.68911128024774
Train,3.7970389887063,3.79618023194053
Train,3.90028120103303,3.89978826919832
Train,3.99946994956018,3.99892560795706
Train,4.09483935702305,4.09422485868708
Train,4.18660585657113,4.18616262232536
Train,4.27496983150741,4.27440591498453
Train,4.3599488657098,4.35963194471697
Train,4.44205784887757,4.44160755065968
Train,4.52128268956086,4.52106301474851
Train,4.5977727265908,4.597305291878
Train,4.67166716352079,4.67143883260724
Train,4.74309591410339,4.74270040683768
Train,4.81204363813467,4.8117826156813
Train,4.87890171475166,4.87861305657134
Train,4.94363516172037,4.94344723617542
Train,5.00634367040845,5.00589549128199
Train,3.87523881948464,3.8758043978014
Train,3.95404801755029,3.95433192303608
Train,4.02974677351441,4.03007703021285
Train,4.10292194731429,4.10259524649155
Train,4.17350044387368,4.173633477556
Train,4.2416180711961,4.24172184106283
Train,4.30721815852196,4.3070129780026
Train,4.37079114225444,4.37073978292756
Train,4.43225758817814,4.43233774160035
Train,4.49172049239818,4.49178650638351
Train,4.54911580420057,4.54904740455095
Train,4.60485973229656,4.6049121336473
Train,4.65887127083764,4.65900522279117
Train,4.71122994200335,4.71112208912382
Train,4.76186878193004,4.76188992102107
Train,4.81114564194774,4.81122119526844
Train,4.85898064890606,4.85904556998867
Train,4.90543617377345,4.90525021347275
Train,4.95044499285234,4.95037814408715
Train,4.9943182385265,4.99425926072581
Train,2.12311179524227,2.12251169553929
Train,2.36751726846775,2.367969557381
Train,2.59550603933668,2.5938638992302
Train,2.80928385868297,2.80942582478747
Train,3.00985405698779,3.00989768143336
Train,3.19813614601615,3.19767718175717
Train,3.37573022364217,3.37616946131311
Train,3.54304395578921,3.54245587559853
Train,3.70139536231884,3.70146551981452
Train,3.85127174548446,3.85122343456896
Train,3.99313316542645,3.99297897028009
Train,4.12799027670336,4.12807461096236
Train,4.2561659178122,4.25556739560125
Train,4.37797035217499,4.37788759992691
Train,4.49419907105336,4.49338839830307
Train,4.60490884462151,4.60482751147356
Train,4.7107863806475,4.71044405712746
Train,4.81199606506584,4.81196191758499
Train,4.90870119118297,4.90867845303728
Train,5.0014615561532,5.00107419982669
Train,4.21460060524327,4.21458469608478
Train,4.27184610746874,4.27113292149443
Train,4.32756432777398,4.32758575759362
Train,4.38216518189821,4.38216748065315
Train,4.43533869979944,4.43490842651954
Train,4.48747402996703,4.48735984911036
Train,4.53827327651232,4.53826422124257
Train,4.58810638819991,4.58768446889735
Train,4.63668690777751,4.63675917410728
Train,4.68436699623143,4.68400314600876
Train,4.73087103717317,4.73092533499585
Train,4.77653467911823,4.77648672452051
Train,4.82109258463286,4.82093951734714
Train,4.86486504466356,4.86494855646015
Train,4.90759647274213,4.90722641401226
Train,4.94959285071009,4.94975532016542
Train,4.99060784704465,4.99019737044728
Train,5.03093408857086,5.03095979624777
Train,5.07033403274121,5.07016700119857
Train,5.10908782153109,5.10893879860669
Train,2.12263903924964,2.12348895399919
Train,2.35807015296182,2.35816877251636
Train,2.57974484642919,2.57993487860222
Train,2.78837739364784,2.78849305475887
Train,2.98530132159036,2.98530782052694
Train,3.17167952933067,3.17191111177817
Train,3.34794984921552,3.34806661404582
Train,3.51527966341244,3.51540811864106
Train,3.67398325661824,3.67403667431063
Train,3.82487657295672,3.82506660058425
Train,3.96868036886023,3.96879021883797
Train,4.10558113118152,4.10562459078938
Train,4.23620791477005,4.23646566476236
Train,4.36111986584978,4.36114006306889
Train,4.48042067206134,4.48045326412102
Train,4.59473184480475,4.5948321303149
Train,4.70411834186003,4.70420402018499
Train,4.80900732241856,4.80906578229042
Train,4.90978177642934,4.90971868622
Train,5.00646528238212,5.00660397316096
Train,2.12978706987508,2.12985508868587
Train,2.36882069850899,2.3678894578552
Train,2.59261215430348,2.5924645189225
Train,2.80313151282221,2.80254268389399
Train,3.00099948610341,3.00078263299656
Train,3.18781862874191,3.18736016380717
Train,3.36402009506598,3.36354630255664
Train,3.53092731925708,3.53052862232289
Train,3.68904603490195,3.68827318521653
Train,3.83885289774519,3.83854953799164
Train,3.98136579636856,3.98105658226268
Train,4.11674306531189,4.11612716217496
Train,4.24585155992919,4.2454516976577
Train,4.36895225977064,4.36839542911184
Train,4.48629809260513,4.48573757033591
Train,4.59858307454001,4.59805492656596
Train,4.70584033135645,4.7055283387017
Train,4.80867487629262,4.80806948710233
Train,4.9070908218437,4.90667297282926
Train,5.0016197234077,5.00110594928992
Train,3.01705252024819,3.01712914268865
Train,3.12032357990782,3.12026480610803
Train,3.22038247139588,3.22010296515509
Train,3.31686011162121,3.31693034382624
Train,3.41044335856909,3.41043592841743
Train,3.50077652363319,3.50083167879347
Train,3.58849302349511,3.58840783140477
Train,3.67325055883843,3.67310513008852
Train,3.75541534497091,3.75534379554301
Train,3.83531783454091,3.83543530153111
Train,3.91263541315482,3.9122906267803
Train,3.98789265358023,3.98800170789036
Train,4.06077964596225,4.06077269263187
Train,4.1315955694541,4.13143495101394
Train,4.20061187697461,4.20073735836195
Train,4.26753690378768,4.26752829551697
Train,4.33281256516588,4.33265311929426
Train,4.39615877849211,4.39600120446266
Train,4.45798986844476,4.45795318961609
Train,4.51803684629886,4.51771367330366
Train,2.12435123144132,2.12429028160841
Train,2.38506153637641,2.38503764407506
Train,2.62609199254129,2.62606885853165
Train,2.8490559046886,2.8489675454839
Train,3.05615884325127,3.05621986503684
Train,3.24903512992055,3.2488467772564
Train,3.42931825626768,3.42916732127196
Train,3.59779709538334,3.59810666971316
Train,3.75578404828765,3.75544093201461
Train,3.90422958107013,3.90402936755709
Train,4.04414122005214,4.04396826967422
Train,4.17591596121601,4.17613080921728
Train,4.30039365297306,4.29975300800288
Train,4.41816407872983,4.41791237800498
Train,4.52989011171437,4.5295258910337
Train,4.63576888778802,4.63531391561992
Train,4.73636936325297,4.73634984657838
Train,4.83207664209496,4.83171417354606
Train,4.92334980841375,4.92303946056927
Train,5.01027888515012,5.00985463792313
Train,3.11173865344614,3.11124388879398
Train,3.24201294778975,3.24196674064297
Train,3.36799787365329,3.36782623497129
Train,3.48990184544406,3.48975732561667
Train,3.60774586783278,3.60758959125815
Train,3.7220664898684,3.72203977545723
Train,3.83285550280785,3.83252946470748
Train,3.94027406583884,3.94025834627973
Train,4.04447367942224,4.04448327095452
Train,4.14559689820399,4.14545283956977
Train,4.24363292184211,4.24353319768852
Train,4.33900255930691,4.33891579863848
Train,4.43167584960844,4.43173288417893
Train,4.52176554790441,4.52172444542521
Train,4.6093782088937,4.60943950978253
Train,4.69461460724415,4.69449694669311
Train,4.77744741477016,4.77745828875777
Train,4.8582156134013,4.85823907684971
Train,4.93687878459299,4.93686782591249
Train,5.01351816340897,5.01339880705927
Train,3.11038299446124,3.10993769272318
Train,3.24251381050943,3.24238983955001
Train,3.37001630594949,3.3701409500718
Train,3.49312947838734,3.49285265278013
Train,3.61207614870286,3.61215268254455
Train,3.72689245643938,3.72681039714371
Train,3.8381220550937,3.83807415356569
Train,3.94576909947967,3.94588162300352
Train,4.05000393018696,4.04997257074865
Train,4.15098625732076,4.15079126056662
Train,4.24886597703618,4.24885719535087
Train,4.34378391394922,4.34387362076814
Train,4.43587249715733,4.43583345690422
Train,4.5252563766945,4.52526972275518
Train,4.61205298645539,4.61196846323583
Train,4.6962467383612,4.69621024681692
Train,4.77819830456011,4.77812736544001
Train,4.8578763944213,4.85783188777714
Train,4.93537431881503,4.935438271983
Train,5.01078035115356,5.01052241811703
Train,2.12717572834508,2.1275346871771
Train,2.34656196174529,2.34659053070209
Train,2.55533954832282,2.5554475932513
Train,2.75425981062326,2.75429243940016
Train,2.9440047608186,2.94390214373561
Train,3.12495162852631,3.12513872214186
Train,3.29816338632991,3.29820314574317
Train,3.46390243918338,3.4642194811895
Train,3.62264215738028,3.62266186934721
Train,3.77481675614259,3.77476524760277
Train,3.92082526201542,3.9209284139215
Train,4.06103500668285,4.06132104502467
Train,4.19578471261601,4.19558477618557
Train,4.32538722512265,4.3257266647197
Train,4.45013193718625,4.45019769018108
Train,4.57012493075912,4.57035652604827
Train,4.68594476426799,4.68574013153557
Train,4.79765438822268,4.79783393243997
Train,4.90546878245043,4.90542736017233
Train,5.00958819131908,5.00945344084175
Train,3.8077383077291,3.80809027965734
Train,3.88956870088414,3.88939191982354
Train,3.96883780908673,3.96885231658234
Train,4.04586049738461,4.04571851822402
Train,4.12034912875369,4.1202724890536
Train,4.19261091250044,4.192525812643
Train,4.26274423583776,4.26263747543999
Train,4.330841774137,4.33074738095456
Train,4.39716025110821,4.39709512611444
Train,4.46143866296428,4.46137071496923
Train,4.5239291575605,4.52366133677424
Train,4.58470530859315,4.58440071498626
Train,4.64398821207787,4.64385822990153
Train,4.70153671594073,4.70119576492289
Train,4.75756890434818,4.75735446780163
Train,4.8121439269539,4.81191538486019
Train,4.86531789642492,4.86509417928755
Train,4.91727698397285,4.91725117404712
Train,4.96780267936954,4.96717383516807
Train,5.01707941296385,5.01662548878812
Train,2.12451639919632,2.12379822151706
Train,2.37095652419414,2.37062325394072
Train,2.60086088926851,2.6005722601767
Train,2.81583975804045,2.81583053078066
Train,3.01702488381918,3.01649823756452
Train,3.20622096492552,3.2067883987329
Train,3.38422383841342,3.38474153375137
Train,3.55199828304379,3.55313002710318
Train,3.71040129767525,3.71064177154039
Train,3.86019674307784,3.86059473337082
Train,4.00187229445328,4.00248898545397
Train,4.13644125644717,4.1377239847061
Train,4.26424865589965,4.26496090189175
Train,4.38579161654852,4.38635127947055
Train,4.5015196951498,4.50198674850253
Train,4.61184043783561,4.61236523021216
Train,4.71697865411628,4.71742381290096
Train,4.81756907862544,4.81822311568249
Train,4.91376716590751,4.91463092956837
Train,5.00585445987398,5.00586068011762
Train,3.80662470609681,3.8063510226566
Train,3.88834139484332,3.88824428969383
Train,3.96752945990506,3.96724486246967
Train,4.04430448083083,4.04424396029208
Train,4.11877509892742,4.11874028712191
Train,4.19123039931236,4.19130416581174
Train,4.26138749685472,4.26134272971103
Train,4.32952962685583,4.32923745369771
Train,4.39574236757914,4.39566909889254
Train,4.46010651877933,4.4598031360365
Train,4.52269843063781,4.5223933103407
Train,4.58359030589586,4.58351908988698
Train,4.64285047769928,4.64267020575062
Train,4.70054366540238,4.70043305946456
Train,4.75673121034444,4.75650532321743
Train,4.81161311274734,4.8115701869101
Train,4.86495737130899,4.86494970749482
Train,4.91696197120851,4.91677448470728
Train,4.96767675181377,4.96737019180728
Train,5.01714911054099,5.0164373044172
Train,3.88622426022213,3.8849850747647
Train,3.96164668389391,3.9614596225656
Train,4.0348601358272,4.03426847198716
Train,4.10596025994981,4.1057442927995
Train,4.17503725716661,4.17456928782485
Train,4.24236220699547,4.24179809053749
Train,4.30763854938547,4.30736849397363
Train,4.37113357939236,4.37097219550924
Train,4.43291923031841,4.43298439480714
Train,4.49306361380875,4.49249262303056
Train,4.55163127031993,4.55179675337422
Train,4.60868340014465,4.60878862137906
Train,4.66427807673126,4.66400280338712
Train,4.71847044386108,4.71805274969665
Train,4.77131289809084,4.77107406991126
Train,4.8229982536463,4.82254832490435
Train,4.87328446117769,4.87301795604435
Train,4.92236321499513,4.92198053926404
Train,4.9702774885615,4.96999634843087
Train,5.01706824000553,5.01681437015941
Train,3.80644674670169,3.80747097329731
Train,3.88847600875965,3.88885098855098
Train,3.96773063373205,3.96806913395267
Train,4.04474016867335,4.04510032783583
Train,4.1194079399054,4.12002194489469
Train,4.19183916285478,4.19154362026893
Train,4.26195387879296,4.26259456393745
Train,4.33020842950115,4.33080096659251
Train,4.39650636424915,4.39716182274424
Train,4.46093062803061,4.46162800177262
Train,4.52339996024945,4.52439326429158
Train,4.58431189892117,4.58563505251368
Train,4.64357233269813,4.64425393748388
Train,4.70124752908323,4.70151390521642
Train,4.75725706973349,4.75756761574303
Train,4.81195053374266,4.81212061796396
Train,4.86523732333805,4.86533080517256
Train,4.91717101741401,4.91726999726961
Train,4.96767331329048,4.96774019355507
Train,5.01705415131406,5.01687680563919
Train,3.88561095913345,3.88455813527253
Train,3.96119177124388,3.96086324360658
Train,4.03473624895416,4.03453017716674
Train,4.10593930375339,4.10520062677824
Train,4.17509750447742,4.17490790920419
Train,4.24247968764583,4.24217965078424
Train,4.30779880974293,4.30724696155085
Train,4.37131959580068,4.37135466135078
Train,4.43328276073025,4.4329290073947
Train,4.49341826626526,4.49327271831862
Train,4.55196386760316,4.55141455814737
Train,4.60898179459056,4.60888375236391
Train,4.66468170843888,4.6646450821645
Train,4.71881455058613,4.71856929017667
Train,4.77158811550613,4.77127509157435
Train,4.82319259471207,4.82302356902801
Train,4.8733934161917,4.87335112470464
Train,4.92237948905449,4.92193998297444
Train,4.97032416257258,4.97003470165509
Train,5.0170063243159,5.01669000964466
Train,2.04995207767634,2.05132775768288
Train,2.36853908008567,2.36848826502683
Train,2.65218403000353,2.65220078045968
Train,2.90697799059126,2.9070451410953
Train,3.13681895400483,3.13692425830232
Train,3.34493759146171,3.3450300988261
Train,3.53475567764635,3.53461296015303
Train,3.70814353059593,3.70842523431202
Train,3.86755159856861,3.86721562290768
Train,4.01441735876953,4.01476279719645
Train,4.14999157374313,4.14973275297234
Train,4.27585004088018,4.27572922666877
Train,4.39285082733998,4.39299038576428
Train,4.50175732771425,4.50162505238404
Train,4.60364289826535,4.60359712867648
Train,4.69891970599052,4.69901696990564
Train,4.78844078951357,4.7884640011689
Train,4.87260377911667,4.872599371447
Train,4.95177352323288,4.95162256261392
Train,5.02657446774441,5.02672912797425
Train,3.79776981423491,3.79421796245151
Train,3.87866391563431,3.87861204193905
Train,3.95733255148876,3.95519537528162
Train,4.03349598599817,4.03332219844015
Train,4.10745087021112,4.10623769632366
Train,4.17946630826417,4.17816179326474
Train,4.24927794713938,4.24941925098392
Train,4.31731451379763,4.31557912575227
Train,4.3833215856408,4.38285155245103
Train,4.44754411235117,4.44536953671195
Train,4.51020540375935,4.51071774172306
Train,4.57106532148577,4.57052544262842
Train,4.63034402714585,4.62838986371207
Train,4.68824278619348,4.68808159594482
Train,4.74453495022828,4.74378339807299
Train,4.79955297006165,4.79950761012879
Train,4.85307873738572,4.85231752345862
Train,4.90529873932715,4.90484650943108
Train,4.95638418598853,4.95624569227948
Train,5.00612909016259,5.00486550104688
Train,4.42407979305922,4.42591120227735
Train,4.46691166169733,4.46737775267684
Train,4.50912477111424,4.50968182255019
Train,4.55044429854992,4.55116409916081
Train,4.59117995517835,4.59108046734764
Train,4.63106584876699,4.6312405965873
Train,4.67040028310135,4.6715777090576
Train,4.7089258818307,4.70845490361535
Train,4.74679841304018,4.74690336837375
Train,4.78416389339247,4.78442879726936
Train,4.82077698868006,4.82105305285222
Train,4.85691013934685,4.85708836022968
Train,4.89232559324423,4.89179618590424
Train,4.92716514174534,4.92762458280049
Train,4.9615620179239,4.96211185164429
Train,4.9952892112185,4.99519071708346
Train,5.02859656183774,5.0286560067907
Train,5.06126383485798,5.0612265547752
Train,5.09353261837211,5.09383701519255
Train,5.12518916146475,5.12508851648454
Train,3.30379708995377,3.30583882530482
Train,3.37063607511235,3.37049020423001
Train,3.43594095318669,3.43567295951652
Train,3.50021101875945,3.50089458827279
Train,3.56324967428117,3.56392043486994
Train,3.62487627902781,3.62465455274651
Train,3.68555999675628,3.68685696520697
Train,3.74511346377582,3.74740935515729
Train,3.80336403233353,3.81036162975943
Train,3.86075342218445,3.86054074906133
Train,3.91710293691303,3.91738372614782
Train,3.97244058600369,3.97252063602355
Train,4.02660369597233,4.02830153421382
Train,4.08000102968489,4.08158432203345
Train,4.13246463090554,4.13373694186157
Train,4.18383881813632,4.18369386345148
Train,4.23451003727776,4.2348885518295
Train,4.28431781539126,4.28447703126585
Train,4.33311307090034,4.3328653398712
Train,4.38126173574197,4.38241997739533
Train,2.12773036473068,2.12908495908778
Train,2.3649065243032,2.36674965092971
Train,2.58760154553829,2.5884337489988
Train,2.79710239047386,2.79908372889622
Train,2.99454790960518,2.9966307346549
Train,3.18094955298383,3.18277785785904
Train,3.35720870051651,3.3566920448211
Train,3.52413123825805,3.52528056038864
Train,3.68243987811222,3.68353355254658
Train,3.83278461826202,3.83114476287301
Train,3.97556294397721,3.97580843504693
Train,4.11169127601103,4.11112820031121
Train,4.24145180712177,4.24153672706598
Train,4.36528113452564,4.36557046923554
Train,4.48357683453216,4.484858990465
Train,4.59670172663849,4.59791149445664
Train,4.70498759042142,4.70556056398345
Train,4.80873841543619,4.81003486159898
Train,4.90823325117055,4.90845842855197
Train,5.00372871332178,5.00326455164031
Train,2.94396057417874,2.94536794081796
Train,3.02904204492581,3.02974259374605
Train,3.11249314466046,3.11331893357419
Train,3.19385305171646,3.19423965637543
Train,3.27369338257743,3.27425569292973
Train,3.35157067143682,3.35215730919299
Train,3.42802961105894,3.42892930789822
Train,3.50264320083869,3.50302990693308
Train,3.57570375000409,3.57601989782415
Train,3.64748194003505,3.64782237279724
Train,3.71757390075242,3.71795700383518
Train,3.78646493188244,3.786735910282
Train,3.85376562625473,3.85453109267837
Train,3.91973486482703,3.91991450037312
Train,3.98461316037663,3.98474011630606
Train,4.0480314553435,4.0486773384182
Train,4.11042501092023,4.11067357449792
Train,4.17143751496782,4.17165058960381
Train,4.23148638807138,4.23187628052983
Train,4.29022744655551,4.29076162336423
Train,2.12761174416641,2.12852176290471
Train,2.36279442088078,2.36299453832908
Train,2.58395732298534,2.58449106533226
Train,2.79231779223193,2.79258157320146
Train,2.98895619854973,2.98888001951855
Train,3.17508165318044,3.1749563796111
Train,3.35104687070944,3.35078733773116
Train,3.51788324992824,3.51783632599836
Train,3.67628321749673,3.67600488581957
Train,3.82687089911298,3.82656960473105
Train,3.970210338345,3.97012397113576
Train,4.10681255656116,4.106640739461
Train,4.23714164022874,4.23680678436358
Train,4.36162000840189,4.36142724479578
Train,4.48063298638124,4.48088420343993
Train,4.59468504368087,4.59485120532918
Train,4.70378792393856,4.70390779632726
Train,4.80839661537336,4.80826801035437
Train,4.90878320246356,4.90853627461183
Train,5.0051982409802,5.00519825967785
Train,2.12564260553235,2.12529093073681
Train,2.3692842087651,2.36883070622571
Train,2.5970195011085,2.59490391216968
Train,2.81035692451563,2.80906096600665
Train,3.01062003217446,3.0088559169817
Train,3.19897497342765,3.19623313919874
Train,3.37645321728042,3.37468875300692
Train,3.54397044982052,3.5419540639341
Train,3.702342376625,3.70030136228161
Train,3.85229800582354,3.85041792830452
Train,3.99449086828511,3.99158118509513
Train,4.1295085392597,4.12189056835632
Train,4.25788075407853,4.25675399412285
Train,4.38008635429281,4.3765052562303
Train,4.49655925627669,4.49545019074139
Train,4.60769359911385,4.6064223992289
Train,4.71384820047982,4.71189728906029
Train,4.81535042666837,4.81415285213006
Train,4.91249956470073,4.91154147418274
Train,5.00556976968764,5.00402802911412
Train,2.12332372125674,2.12392612390249
Train,2.35597412277977,2.35609562315949
Train,2.57527205640544,2.57532544356945
Train,2.78233495980589,2.78249576904636
Train,2.97793134939884,2.97813897892775
Train,3.16341918459217,3.16342578968761
Train,3.33935720074798,3.33950155571074
Train,3.50646439603735,3.5065675429214
Train,3.66538935861286,3.66537175377744
Train,3.81671867952971,3.81665737808362
Train,3.96081584539365,3.960874663906
Train,4.09850844309289,4.09864506512531
Train,4.23006024014663,4.2300425864305
Train,4.35587307616933,4.3559750750137
Train,4.47631447861992,4.47628508255002
Train,4.59172124855168,4.59182426425832
Train,4.70227307418351,4.7023106412671
Train,4.80851856973015,4.80857850129541
Train,4.91058478884492,4.91064149277372
Train,5.00871356929856,5.00876883591991
Train,2.13048260114339,2.13089400743775
Train,2.36141822993024,2.36165057175094
Train,2.57944345882077,2.57945790427038
Train,2.78512743558809,2.78494073534239
Train,2.97971772296535,2.97987876837578
Train,3.16430534752431,3.16433665946533
Train,3.33922968627402,3.33956917998148
Train,3.50562174580382,3.5052117424857
Train,3.66371758572177,3.66418330649321
Train,3.81430002114748,3.81396803250391
Train,3.95806182042704,3.95807896884799
Train,4.09513188791548,4.09567742975923
Train,4.22612142233379,4.22623155923793
Train,4.35157447540485,4.35159789699537
Train,4.47155056615015,4.4715703461261
Train,4.58667274847743,4.58662426481169
Train,4.69696821929686,4.69688985437824
Train,4.80285956120148,4.80282731045008
Train,4.90472601682359,4.90463389071374
Train,5.00256052426806,5.00227413015818
Train,4.29923127466113,4.29971178701817
Train,4.37593472586425,4.37610615326412
Train,4.45007638384635,4.44987510651845
Train,4.52208960493034,4.52132268303831
Train,4.59191509940888,4.59226923335518
Train,4.65950632982142,4.65976776072785
Train,4.72524942079411,4.72545670825639
Train,4.78908225473821,4.78914089401951
Train,4.85095431879322,4.85121972944034
Train,4.91121191789884,4.91144023407833
Train,4.96979172171991,4.9699664156069
Train,5.02676284216546,5.02662078790308
Train,5.08207203793809,5.08191518008243
Train,5.13602154890217,5.13489580652094
Train,5.18854810300832,5.18854928533983
Train,5.23959773178527,5.2392648218447
Train,5.28944500655008,5.28906407798786
Train,5.33802752592299,5.33769466514059
Train,5.38529136179834,5.38365160900867
Train,5.43148710977632,5.43097537415451
Train,3.80440535788305,3.80543681496783
Train,3.88609514022405,3.88580317781452
Train,3.96528315492449,3.96633532999113
Train,4.04208259449204,4.04166556036944
Train,4.11659992436134,4.11781270759093
Train,4.18893537531834,4.189232719953
Train,4.25918339329396,4.25892124660459
Train,4.32743305077164,4.32766294541216
Train,4.39376842357708,4.39410231316288
Train,4.45826893640157,4.45847069009324
Train,4.52100968004451,4.5204473538106
Train,4.58206170303944,4.5823635907218
Train,4.64149228004463,4.64214231120422
Train,4.69936515912984,4.6994455568929
Train,4.75574078987013,4.75619192950398
Train,4.81067653396255,4.81065430310264
Train,4.86422685990817,4.86509947211016
Train,4.91644352314866,4.91633044728951
Train,4.96737573290946,4.967243364561
Train,5.01707030688033,5.01712800258247
Train,3.80280800392127,3.8036908096401
Train,3.88500313680383,3.88537788468966
Train,3.96462254200146,3.96483199977956
Train,4.04178542414326,4.04168534467317
Train,4.11660374389121,4.11685446983756
Train,4.18918275996791,4.18914255256823
Train,4.25962152323343,4.25959604489617
Train,4.3280133276884,4.32814113764471
Train,4.39444612272151,4.39451060907595
Train,4.45900289043215,4.45898175011826
Train,4.52161773197884,4.52175519223238
Train,4.5826571574904,4.58292005359544
Train,4.64204285768417,4.64210075452138
Train,4.69984114025796,4.69983937220968
Train,4.75611481476927,4.75629522380768
Train,4.810923420318,4.81091828519857
Train,4.8643234356747,4.86432269674697
Train,4.91636847341338,4.91654489735083
Train,4.96710945945157,4.96705972939526
Train,5.01659479926165,5.01672426412551
Train,1.44204620238152,1.44310363198019
Train,1.54499419923156,1.54561607325741
Train,1.64543580189771,1.64572643161227
Train,1.74346144137553,1.743764074301
Train,1.8395167720947,1.83974408633367
Train,1.9329564411699,1.93329695561988
Train,2.02422693088534,2.02465024556295
Train,2.1134029099952,2.11339253537153
Train,2.20055565907522,2.20093120983802
Train,2.28575326054506,2.28618515701237
Train,2.36937400784446,2.36949523258954
Train,2.45084680904313,2.45106306143134
Train,2.53055145851384,2.53089739343704
Train,2.60854489795918,2.60881085081928
Train,2.6848816500424,2.68496441298339
Train,2.75961394549668,2.76019760653435
Train,2.83306718070384,2.83312448942161
Train,2.90473303721677,2.90491270216444
Train,2.97493870467927,2.97566590097267
Train,3.04372835998313,3.04464383558661
Train,2.12339852599247,2.12388014423777
Train,2.37271606636546,2.3729939419718
Train,2.6051295613652,2.60626782762847
Train,2.82173155304113,2.8220014151957
Train,3.02434872715534,3.02478121284366
Train,3.21429311425399,3.21513995457644
Train,3.39295298198351,3.39384824392619
Train,3.56086107035745,3.56106462657044
Train,3.71916840218757,3.71961132233264
Train,3.86867552762641,3.86907101922407
Train,4.01028359872553,4.01059853871993
Train,4.14424724555703,4.14449811593659
Train,4.27133734096803,4.27167496213224
Train,4.39206966622313,4.39228108988755
Train,4.50706208430027,4.50728849430743
Train,4.61642365268879,4.61661505761003
Train,4.72069636620039,4.72102312395145
Train,4.82022734355424,4.82017271108634
Train,4.91545935003735,4.91560058198957
Train,5.0064226522255,5.00667008057644
Train,2.12910230615172,2.12999507851055
Train,2.38291006667188,2.38247741098894
Train,2.61827066256745,2.61725748189929
Train,2.83741639544739,2.83691285749956
Train,3.04142214561449,3.04084636532207
Train,3.23205864293634,3.2312513390716
Train,3.4105983963277,3.40914232999785
Train,3.57815738802642,3.57689943938021
Train,3.7359295471496,3.73514158194303
Train,3.88434948784635,3.88351005780714
Train,4.02441245639959,4.02398484364676
Train,4.15680495054935,4.15626650861668
Train,4.28230877565294,4.28163982173282
Train,4.40112793004536,4.40051587175549
Train,4.51393418368952,4.51348780831177
Train,4.62117270132084,4.62060929099971
Train,4.72324576235384,4.7227399838448
Train,4.82064899338996,4.82034138423478
Train,4.9134449975405,4.91322231034428
Train,5.00207252958786,5.00176892445597
Train,2.11638447506989,2.11648415696254
Train,2.36806330015287,2.36817725456058
Train,2.60208647853893,2.60159803478018
Train,2.82024890795233,2.82019696250791
Train,3.02411016473525,3.0242485388153
Train,3.21503184491851,3.21528057965043
Train,3.39420801361869,3.39512069521152
Train,3.56269020239473,3.56250552841084
Train,3.7214080604634,3.72133177963406
Train,3.87118651652451,3.87116976650577
Train,4.01276012021567,4.01283217131277
Train,4.14678508952929,4.14660587834078
Train,4.27384948118426,4.27394996734802
Train,4.39448181651128,4.39443473042775
Train,4.50915842973614,4.50915536325192
Train,4.61830975410945,4.618308730016
Train,4.7223257207859,4.72233498062997
Train,4.82156041319686,4.82177760380728
Train,4.91633609400439,4.91654479459976
Train,5.00694670114171,5.00698905540776
Train,2.73194750145983,2.73305096580589
Train,2.83756888193852,2.8376147545132
Train,2.94019821728092,2.93949409314519
Train,3.03996086994695,3.0400003495015
Train,3.13697529551304,3.13705792754627
Train,3.23162571138575,3.23174553442368
Train,3.32346648187123,3.3220614453021
Train,3.41287774329284,3.4128770354364
Train,3.49995464068828,3.50023818144109
Train,3.58478741498906,3.58459348682663
Train,3.66746171496911,3.66792160774639
Train,3.74805888568102,3.74761867833877
Train,3.82665623542172,3.82685832444986
Train,3.90332728306944,3.90292047569528
Train,3.97814198745518,3.97827610687818
Train,4.05137792223462,4.05136235033569
Train,4.12267166838888,4.12247738964652
Train,4.19229981504695,4.19236591907975
Train,4.26032005709038,4.2602358505319
Train,4.32678745515108,4.3250043411681
Train,4.42433949203684,4.42447800308582
Train,4.46726370337328,4.4676121195007
Train,4.50941354452157,4.50903734136955
Train,4.55080978308231,4.55121695758862
Train,4.59147245062257,4.59098792045552
Train,4.63142087499709,4.63150694439537
Train,4.67067371098119,4.67024561058497
Train,4.7092489693173,4.70963637953537
Train,4.74716404427015,4.74721525720088
Train,4.78443573977929,4.78417770161468
Train,4.82120060968204,4.82157006410125
Train,4.857231720581,4.85733761916345
Train,4.89266661349976,4.89235989593726
Train,4.92751996570969,4.92765010710718
Train,4.9618059766503,4.96165092907177
Train,4.9955383872175,4.99599350146309
Train,5.02873049812514,5.02889885288459
Train,5.06139518739115,5.06164230270224
Train,5.09354492699682,5.09353237103642
Train,5.12519179876422,5.12406462597573
Train,4.31090793132855,4.31072868982301
Train,4.36374862530706,4.36342957725719
Train,4.41544374948998,4.41534033884818
Train,4.46603015778154,4.46558221067244
Train,4.51554314003183,4.51579005257372
Train,4.56388176850847,4.56344388754951
Train,4.61135070252854,4.61127792906336
Train,4.65784340604492,4.6566928092725
Train,4.70338968779305,4.70301752549858
Train,4.74801815514197,4.74799310509843
Train,4.79175627401314,4.79165724543418
Train,4.83463042524858,4.83426570366282
Train,4.87666595767126,4.87423017228139
Train,4.91788723806207,4.91740860709979
Train,4.95831769826044,4.95765455528453
Train,4.99786952455175,4.99796803778736
Train,5.03678718722075,5.03620119697007
Train,5.07497908978046,5.07264622353978
Train,5.11246534630136,5.11205387180235
Train,5.14926533438925,5.14865988966631
Train,4.308190724255,4.30856848219992
Train,4.3521783700908,4.35226947558112
Train,4.39537752787371,4.39554307418439
Train,4.4378092100058,4.43787191239244
Train,4.4794936888508,4.47964669878274
Train,4.52058585633077,4.52071952072583
Train,4.56083161368657,4.56091252337501
Train,4.60038691902989,4.6005447048592
Train,4.63926938922814,4.63937992500723
Train,4.67749604687772,4.67801547336421
Train,4.71508334515268,4.71517047948873
Train,4.7520471914169,4.75211749437585
Train,4.78840296967105,4.78862149539782
Train,4.82416556190072,4.82421068945405
Train,4.85934936838812,4.85945199359412
Train,4.89408279421208,4.89412351435749
Train,4.92814858322893,4.92823703800241
Train,4.96167612876043,4.96174154133769
Train,4.9946780872855,4.99474365822971
Train,5.02716672155627,5.02723966417398
Train,3.00160651401106,3.00192366233387
Train,3.15463679628811,3.15459775855561
Train,3.30007029819874,3.30037041440664
Train,3.43869343102216,3.43878334198962
Train,3.57052615090931,3.5704892708236
Train,3.69626818327652,3.69639693616773
Train,3.81633208380699,3.81636982414057
Train,3.93109397132671,3.93097580234462
Train,4.04108396939694,4.0413538226785
Train,4.14623581497797,4.14600284429616
Train,4.24703279551337,4.24732304263307
Train,4.34373995773457,4.34366939668689
Train,4.43675927405157,4.43690691225493
Train,4.52599357082417,4.52611609309679
Train,4.61181503568939,4.61175827965781
Train,4.69441578427859,4.69457697636244
Train,4.77397377833914,4.7741880030153
Train,4.85078481946625,4.85082493242953
Train,4.92473623450318,4.92496501814458
Train,4.99610622931943,4.99594732134574
Train,0.997575222013758,0.997821466204186
Train,1.16186758910368,1.16278203161346
Train,1.32074799826293,1.32094998828688
Train,1.47366138911936,1.47351158248057
Train,1.62172490413065,1.6220321936562
Train,1.7644018410866,1.7643404874616
Train,1.90271667770345,1.90323851496214
Train,2.03615169078058,2.0353767333072
Train,2.16530458872005,2.16616791351407
Train,2.29071273714249,2.29022898343101
Train,2.4118870891156,2.41173155666183
Train,2.52966583099353,2.52971509187773
Train,2.64357876846181,2.64302867670631
Train,2.75410785744556,2.75434214785491
Train,2.86168895070688,2.86099001127877
Train,2.96587925882376,2.96598687302321
Train,3.0673778286487,3.06727399444935
Train,3.16575941829679,3.16529108222312
Train,3.26167710851068,3.26163881884713
Train,3.35472254747568,3.35400817397021
Train,3.11903672464875,3.11733175892732
Train,3.26469583275668,3.26388589522685
Train,3.4027201251646,3.40186749223358
Train,3.53415755936693,3.53294930125412
Train,3.65924732761896,3.65876703931281
Train,3.77822795870944,3.77752751241496
Train,3.89193758405085,3.89084233604808
Train,4.00033447689783,3.99985110531998
Train,4.10414919275386,4.10314061208919
Train,4.20349002559976,4.20292469105334
Train,4.29847163878961,4.29656007884478
Train,4.38969750662139,4.3882749354525
Train,4.47723057370719,4.4752662212195
Train,4.56114162020212,4.55930656779674
Train,4.64193705712467,4.64009052587062
Train,4.71951117742665,4.71802099393972
Train,4.79431800787612,4.79281289820938
Train,4.86637477917787,4.86471468042146
Train,4.93570706635376,4.93373929793597
Train,5.00270422355668,4.9988315196606
Train,2.16876670265954,2.16986839105084
Train,2.43537916696171,2.43637268955354
Train,2.67931790010512,2.67910405120347
Train,2.90292346700431,2.90371392204543
Train,3.10903604531345,3.10845031720964
Train,3.29926082160365,3.30045274696022
Train,3.47570979101645,3.47541099094815
Train,3.63950735375726,3.63999928777775
Train,3.79226492423301,3.79210844673798
Train,3.93478337966086,3.93525390806462
Train,4.0683197627375,4.06831900696852
Train,4.19345188202423,4.19317578529444
Train,4.31117944973751,4.31103582157084
Train,4.4219232426661,4.42206436972629
Train,4.52649190421331,4.52621529481257
Train,4.62519368350649,4.62555589798285
Train,4.71869254049011,4.71858208820049
Train,4.80721484657521,4.80721950081352
Train,4.89131307272175,4.89099974909914
Train,4.97115322691084,4.9713177323938
Train,2.12940269889565,2.12942649803153
Train,2.35953685250925,2.35936247481732
Train,2.57652258375496,2.5763086181687
Train,2.78192907181291,2.78197815410385
Train,2.97643410182638,2.97622637244058
Train,3.16066994155131,3.16024680676492
Train,3.33583370480199,3.33586065294367
Train,3.50219360252866,3.50194367337826
Train,3.6607639709942,3.66076057133614
Train,3.81190399768766,3.81176696261537
Train,3.95595681914466,3.95570738453534
Train,4.09372879004296,4.0934247103869
Train,4.22546880089746,4.2253875959359
Train,4.35141812517153,4.35124827870459
Train,4.47223072861984,4.47226041375689
Train,4.58794513229911,4.58783964187751
Train,4.69913564763078,4.6989471904526
Train,4.80593807049328,4.80587207552162
Train,4.90848769987926,4.90836087407661
Train,5.00726329210842,5.00710099909338
Train,2.13549878782615,2.13550981519802
Train,2.36261445382408,2.3615089825762
Train,2.57706670235827,2.57581923132966
Train,2.78036122066628,2.7788067489164
Train,2.97289495250553,2.97162586801278
Train,3.15592876567196,3.15489544121374
Train,3.32974047258084,3.32834440068837
Train,3.49539823950988,3.49411237552704
Train,3.6532770662603,3.65115372830041
Train,3.80373540381063,3.80281406223367
Train,3.94762223590932,3.94657717747759
Train,4.08503514632217,4.08435967073456
Train,4.21671091636138,4.21556789588067
Train,4.34285280547558,4.3420473016231
Train,4.46366010513296,4.46237625001959
Train,4.57973738250479,4.5779720147475
Train,4.69109415890515,4.68905085555161
Train,4.79826506057782,4.79644554394326
Train,4.90123842129323,4.89984740901127
Train,5.00049004351434,4.99924867684604
Train,3.43233189858258,3.43173591495724
Train,3.54297691166042,3.54300656296982
Train,3.6494692081052,3.64945856123086
Train,3.75222680270983,3.75240898000629
Train,3.85107875250637,3.85137534737441
Train,3.94641845689116,3.94701051084849
Train,4.03842983551685,4.03854127103114
Train,4.12728418700284,4.12780977389775
Train,4.21329931753722,4.2133901705165
Train,4.29630304238441,4.29679864610807
Train,4.37659828816552,4.37666012456611
Train,4.45431549648567,4.45453674336022
Train,4.52971557309727,4.52981188035483
Train,4.60263141578898,4.60236225556582
Train,4.67331378365666,4.67276011456852
Train,4.74186374861585,4.74149764490721
Train,4.80837637476763,4.80869264773355
Train,4.87306029240632,4.87307784313452
Train,4.93575814948735,4.93567915756284
Train,4.99667216970627,4.99642746507743
Train,3.80276334554978,3.80221814948891
Train,3.88462691319972,3.88371575899509
Train,3.96379935970237,3.96313532558997
Train,4.04075597172001,4.03887182870676
Train,4.11542037466245,4.11476839358511
Train,4.18773080868589,4.18738426611526
Train,4.25811235670846,4.25747951705853
Train,4.32648713053531,4.32635032359394
Train,4.39279050206204,4.39196828154672
Train,4.45740500969366,4.45751153930905
Train,4.52025268608374,4.51895585814782
Train,4.58140502264334,4.58106582835899
Train,4.64079591398827,4.64026516002195
Train,4.69876056352692,4.69703442677564
Train,4.75522235865604,4.75527317500382
Train,4.81011527592982,4.80915123259911
Train,4.8637446498106,4.86379630606098
Train,4.91603558359532,4.91458847823378
Train,4.96692281636916,4.96656713302218
Train,5.01668570127464,5.01598068603926
Train,3.80580373453581,3.80588723463006
Train,3.88786162856758,3.88777855120134
Train,3.96716955468882,3.96704757112457
Train,4.04421005131988,4.04431021341588
Train,4.11891007174364,4.1187046307241
Train,4.19121132764483,4.19073921373638
Train,4.26154415830862,4.26144371481496
Train,4.32983334757356,4.32958269058145
Train,4.39601706843497,4.39563197030657
Train,4.46048160205608,4.46022718249151
Train,4.52315118130179,4.5228236415569
Train,4.5840997450206,4.58400464244914
Train,4.6432633676977,4.64277720953396
Train,4.7009795145738,4.70046891775564
Train,4.75717333648196,4.75715803612547
Train,4.81178066296121,4.81149271802133
Train,4.86510827234475,4.86483768939797
Train,4.91708280168147,4.91699600868014
Train,4.96764059775644,4.96689508843701
Train,5.01706182334771,5.01660257763433
Train,-0.289166347486342,-0.287694937527704
Train,-0.038635989254015,-0.0391374145110603
Train,0.198987934421492,0.200721247099864
Train,0.423730775442445,0.42293799026811
Train,0.637059907039239,0.638400151481619
Train,0.840250342291749,0.840659873967525
Train,1.03319354113932,1.03407520917244
Train,1.21703207455347,1.21618011494866
Train,1.39276554449284,1.39454921407741
Train,1.56021030850831,1.55998226278462
Train,1.72027629928379,1.72014995739301
Train,1.87344074150816,1.8746319083366
Train,2.020450721041,2.02076263719937
Train,2.16107407838061,2.16103423589084
Train,2.29600276321256,2.2955766336454
Train,2.42585011658558,2.42723713292798
Train,2.55036964780297,2.5497155983976
Train,2.67013560427102,2.66989799457951
Train,2.78565940191339,2.78600524989452
Train,2.89669098080092,2.89803220953036
Train,1.46654665383069,1.46481700793811
Train,1.60487607548111,1.60491552876192
Train,1.73837542115043,1.73794763204933
Train,1.86729332905194,1.86635253512941
Train,1.99186165972811,1.99185630870488
Train,2.11264317866532,2.11245031754515
Train,2.22913643824374,2.22877229199366
Train,2.34188882264016,2.34087911756069
Train,2.45107767694597,2.45063303730421
Train,2.55686931068677,2.55672004212101
Train,2.65941984305435,2.65920773069956
Train,2.75887597162545,2.75856801252667
Train,2.85537567252784,2.85522715968546
Train,2.94904883908154,2.94865382140415
Train,3.04001786513155,3.03960293513228
Train,3.12865291298487,3.1286192857151
Train,3.21454636739516,3.21432370131515
Train,3.29806327362749,3.29786746339232
Train,3.37930091927607,3.37957180501689
Train,3.45835135326626,3.4570671323454
Train,1.26401216555,1.26419268601603
Train,1.40422897999426,1.40472529275576
Train,1.5397028599546,1.53994006854191
Train,1.67067045279697,1.67197751086496
Train,1.79735292016857,1.79747489828151
Train,1.92030988935585,1.92165888653108
Train,2.03901867514578,2.03897648352722
Train,2.15402530432285,2.15394815560285
Train,2.2655003058233,2.26646020436601
Train,2.37360389374036,2.37372274841618
Train,2.47848673560325,2.47926233107137
Train,2.58029065299588,2.5805826056021
Train,2.67914926136628,2.67996729641891
Train,2.77518855509646,2.77495046518015
Train,2.86852744321989,2.86949004043709
Train,2.95953990433454,2.95973735472217
Train,3.04780167532275,3.04804002191668
Train,3.13368225524882,3.13390140933188
Train,3.21727672383665,3.21787545856205
Train,3.29867516532052,3.29957098831801
Train,3.87900242188409,3.87942446904344
Train,3.93759949513966,3.93720362047316
Train,3.99495743347672,3.99528591542912
Train,4.05142191865217,4.0514575995112
Train,4.10686211753859,4.10676341553335
Train,4.16130565099826,4.16089145748992
Train,4.21463355556371,4.21468454307615
Train,4.26716528716114,4.26757518732484
Train,4.31877741502651,4.3193955820534
Train,4.3694938770694,4.3690600671398
Train,4.41920202843064,4.41921946992079
Train,4.4681980188624,4.46842629826278
Train,4.51636529558682,4.51612866658979
Train,4.56372470746795,4.56415542594914
Train,4.61016952671442,4.61003495946352
Train,4.65597509431825,4.65598288515321
Train,4.7010312444799,4.70138258492807
Train,4.74535621961414,4.74524179418222
Train,4.78884882483664,4.78912983500049
Train,4.83176574170551,4.83174246558337
Train,3.78704646554857,3.7878615056834
Train,3.86521842768102,3.86689242756256
Train,3.94153198296837,3.94247337569686
Train,4.01605262366938,4.0175706270893
Train,4.0888428004159,4.09043829860457
Train,4.15996209676235,4.16088169616705
Train,4.22946739185135,4.23007085626159
Train,4.2974130121289,4.29811438462639
Train,4.36385087295954,4.36474471407564
Train,4.42883061091743,4.42936989115697
Train,4.49226563380934,4.4930472891283
Train,4.55447239490796,4.5552613666805
Train,4.61535737682637,4.61489519843599
Train,4.67496226475994,4.67585965353646
Train,4.73332700929397,4.73329983404983
Train,4.79048991570074,4.79085188138561
Train,4.84648772777645,4.84606126618019
Train,4.90135570660357,4.90137213080015
Train,4.95512770459337,4.95516733220575
Train,5.00783623513536,5.00716676840239
Train,3.12613944878982,3.12654276166722
Train,3.26158071985582,3.26200925156445
Train,3.3917613131307,3.39178658825404
Train,3.51661005857919,3.51680437292816
Train,3.63680473185573,3.63693712370878
Train,3.7522567061369,3.75245545346115
Train,3.86357192718626,3.86403519030864
Train,3.97064944621926,3.97113204134075
Train,4.07403405143818,4.07445276596263
Train,4.17361633549054,4.17412022581993
Train,4.2698886334348,4.27087837790168
Train,4.36273599565,4.36350984841556
Train,4.45260546455716,4.45358862985449
Train,4.53937875372946,4.540219550654
Train,4.62346355046167,4.62392850311153
Train,4.70473989989033,4.70568228367483
Train,4.78358109418154,4.78417258510308
Train,4.85986677020062,4.86028417039051
Train,4.93393999711208,4.93456747874006
Train,5.00568095185321,5.00573257672659
Train,2.87421438121072,2.87395298370393
Train,3.04263861807118,3.04348634827329
Train,3.20199389016095,3.2015461924093
Train,3.35299348434731,3.35338699763815
Train,3.49627779711737,3.49505532828334
Train,3.63263018748448,3.63220041412569
Train,3.7621477064373,3.7620705000154
Train,3.88551887791609,3.88576960972568
Train,4.0031710801912,4.00289123741095
Train,4.11549296618303,4.11591662985302
Train,4.22283875250148,4.22297904235165
Train,4.32553195079798,4.32546515361173
Train,4.42386862423514,4.42406997067155
Train,4.51812023811989,4.51819176680874
Train,4.60853616250618,4.60873727896978
Train,4.69547839229914,4.69549042377184
Train,4.77888829283891,4.77903328468528
Train,4.85909910884228,4.85898301896668
Train,4.9362914227516,4.93646827583871
Train,5.01063247662664,5.01052419162443
Train,2.12884689355539,2.12968304636888
Train,2.36615130434783,2.36744081439974
Train,2.58919757435144,2.5906008944512
Train,2.79874171741578,2.80023422579688
Train,2.99643653980588,2.99918061259086
Train,3.18282153138155,3.18388077221607
Train,3.35925392062249,3.36109176296304
Train,3.52611746281569,3.52853501692152
Train,3.68435589729504,3.68676434632653
Train,3.83479802059246,3.83640947994718
Train,3.97766925495038,3.97905173114123
Train,4.11384744793386,4.11605352936022
Train,4.24348609288458,4.24585624186875
Train,4.36719093030841,4.37120765649161
Train,4.48549976718799,4.48635912140162
Train,4.59849094691884,4.60019234316132
Train,4.70677052103431,4.70808220258914
Train,4.81038194189409,4.81037753115379
Train,4.90985556970815,4.91112328129384
Train,5.00520853998989,5.00472159065248
Train,2.12168894142507,2.12137411857111
Train,2.35903646406905,2.35874736840924
Train,2.58169705379614,2.58103055331594
Train,2.79149847291344,2.79084327456803
Train,2.98928432976782,2.98847751600988
Train,3.17605810615937,3.17484732458252
Train,3.3525010564956,3.35204139850248
Train,3.51985170461805,3.51887115099817
Train,3.67860271010408,3.67681367528712
Train,3.82940033264978,3.82797214688617
Train,3.97265383774693,3.97184758926596
Train,4.10924651280638,4.108261736641
Train,4.23947406938949,4.2379345805748
Train,4.3637712919567,4.36183551440627
Train,4.48238999665366,4.47883257192007
Train,4.59598646652545,4.59574183767108
Train,4.70474058418434,4.70341406627995
Train,4.80895551525773,4.80804416482715
Train,4.90878800418509,4.90874451303534
Train,5.00474220750618,5.00357120788249
Train,2.12326987459695,2.12459830105945
Train,2.35046379035817,2.35294869346399
Train,2.56518125285028,2.56570625493623
Train,2.76882941117277,2.76934928998526
Train,2.96204914607699,2.96556922159652
Train,3.14543771658306,3.14537548241788
Train,3.32007644790049,3.32371370595502
Train,3.48640999199256,3.48622821120807
Train,3.64485797321563,3.64534893699602
Train,3.79627180097835,3.79660287628212
Train,3.94096423757318,3.94102479470166
Train,4.07937311764745,4.07971230947442
Train,4.21176588146603,4.21180618021754
Train,4.33878163210758,4.33887457953824
Train,4.46061869799635,4.46062633176189
Train,4.57746977514261,4.57768942341499
Train,4.68986088903145,4.68958433713851
Train,4.79793360765224,4.7981087502194
Train,4.90182736363478,4.90182812100102
Train,5.00198165120171,5.0017773311265
Train,2.13145586051408,2.13132544606196
Train,2.34790586645907,2.347559450689
Train,2.55420283454264,2.55422632955015
Train,2.75104476816105,2.75061982257466
Train,2.9388644598026,2.9390828088799
Train,3.11865577712709,3.11868029980542
Train,3.29073674887468,3.29042119679798
Train,3.45559295003958,3.45561138820631
Train,3.61367002049273,3.61347242647753
Train,3.76537768774906,3.76559226514655
Train,3.91093582569427,3.91097609842109
Train,4.05101357899951,4.05079709959682
Train,4.18576875207896,4.18589602628344
Train,4.31549905458074,4.31553206293029
Train,4.44048040000646,4.44027928978903
Train,4.56096886455336,4.56124883994926
Train,4.67707654705726,4.67698944219592
Train,4.78928103420043,4.78915702660015
Train,4.89765824893007,4.89777582927491
Train,5.00240072877263,5.00215425695933
Train,2.11609585494351,2.11677874230372
Train,2.35799736935475,2.35792455898627
Train,2.58453388305162,2.58452180268068
Train,2.79712425641571,2.79715185928944
Train,2.99701786962423,2.99702707904362
Train,3.18531919401391,3.18530273998476
Train,3.36300820905686,3.36295948095358
Train,3.53095746195695,3.53094135365973
Train,3.6899463967891,3.69015717707953
Train,3.84067344979145,3.84060564409447
Train,3.98360580835531,3.98385739334481
Train,4.11963797271371,4.11949177030328
Train,4.24911218798108,4.24953457570518
Train,4.37249151866849,4.37249732787313
Train,4.49019643512087,4.49031244138314
Train,4.60260960086398,4.60280081957899
Train,4.7100800284612,4.71005045673519
Train,4.81292669897145,4.8130723672657
Train,4.91144172407944,4.91134023509221
Train,5.00589311692319,5.00589029034018
Train,3.83902217308907,3.83742465470277
Train,3.91331960759849,3.9124389073404
Train,3.98596978649989,3.98547714669257
Train,4.05667613975288,4.05558669838501
Train,4.12585677430994,4.12600659956661
Train,4.19322625011142,4.19244528855779
Train,4.2591800775171,4.25902719493024
Train,4.32344344091015,4.32273148146487
Train,4.38639107183842,4.38530220946268
Train,4.44775828960431,4.44774301608413
Train,4.50790067311738,4.50738266571716
Train,4.56656320519221,4.56665774986323
Train,4.62408377132825,4.62053178883798
Train,4.68021656581554,4.67961587005266
Train,4.73528309397901,4.73550671539851
Train,4.78904632954425,4.78783189675596
Train,4.84181258278146,4.84228520756733
Train,4.89335319497542,4.89083562276937
Train,4.94396035365885,4.94277823477751
Train,4.99341337579618,4.9917712110182
Train,2.12932433413457,2.12746679949487
Train,2.36688147086949,2.36691064533079
Train,2.58984757480893,2.58937523244822
Train,2.79952688894545,2.79907560170977
Train,2.99707271127515,2.99663279395463
Train,3.18330224037153,3.18295188204502
Train,3.35955095901933,3.35930977536918
Train,3.52641499522416,3.52626808259811
Train,3.6846244673844,3.68419547221856
Train,3.83483567173847,3.83452845540887
Train,3.97764018252018,3.97754934505065
Train,4.11357263835793,4.11327950539271
Train,4.24311743099134,4.24267870891345
Train,4.36671447269685,4.36656519957614
Train,4.48476418714616,4.48455780601216
Train,4.59750611052085,4.59733796503133
Train,4.70553093946844,4.704586427084
Train,4.80901307310064,4.80898217661888
Train,4.90823315687631,4.90806634039473
Train,5.0034491851954,5.00293145951582
Train,2.12495028001534,2.12578124078573
Train,2.36374329707051,2.36363123167393
Train,2.58770839833069,2.58798321060021
Train,2.79818510973865,2.79839851329598
Train,2.99657923720489,2.99646625764581
Train,3.18348098598039,3.18361614213063
Train,3.36005944702231,3.36035750745941
Train,3.52714692575984,3.52705672239244
Train,3.68548859742229,3.68579645551654
Train,3.83575361782611,3.83617526030866
Train,3.97870591550919,3.97886719922826
Train,4.11455917615633,4.11460000473744
Train,4.24397555506753,4.24400260345283
Train,4.36740194524148,4.3672542158165
Train,4.48524480683546,4.48559194119298
Train,4.59787463874721,4.5979120999109
Train,4.70575202577669,4.70615142230963
Train,4.80893729039859,4.80898392673407
Train,4.9078420789771,4.90788048801187
Train,5.00272733223452,5.00241693653516
Train,3.80651519897803,3.80578471450281
Train,3.88807078252951,3.8876470577743
Train,3.96713069035404,3.96640633953939
Train,4.04364321071277,4.04312285460037
Train,4.11804840206236,4.11721270488488
Train,4.19027658152484,4.18967693455488
Train,4.26042191684389,4.25970485942526
Train,4.32857322192667,4.32785347595927
Train,4.39467203400802,4.39401230062504
Train,4.45908605583843,4.45846303438884
Train,4.52174380642785,4.52086769912421
Train,4.58271614777852,4.58227489849378
Train,4.6419425810658,4.64155839920568
Train,4.69974521040031,4.69922871332528
Train,4.75605328519805,4.75553535161453
Train,4.81092403082604,4.81039829042129
Train,4.86441178798037,4.86390301275242
Train,4.91645597281461,4.91565737171913
Train,4.96733286268282,4.96675928367767
Train,5.01697410883087,5.01656144442677
Train,3.80728206211371,3.80787442726432
Train,3.88842073279314,3.88837793649873
Train,3.96712075845751,3.96752818902314
Train,4.04349045262832,4.04363583141094
Train,4.11778959936226,4.11824620496191
Train,4.18979423712496,4.18975107132428
Train,4.25975752844971,4.26036908523383
Train,4.32776506890379,4.32784038384852
Train,4.39389773454921,4.3939613368857
Train,4.45823200279573,4.45895514135918
Train,4.52097365260648,4.521170011496
Train,4.58192090706111,4.58211001245945
Train,4.64127577629868,4.64186508645071
Train,4.69909986258143,4.69945671415189
Train,4.75545163113625,4.75547003930842
Train,4.81038660733243,4.81068459916423
Train,4.86407182365417,4.86423532362096
Train,4.91632614568077,4.91661223409028
Train,4.96731447182039,4.96763090395689
Train,5.01708225944127,5.01691871696676
Train,2.122132055305,2.12704285758809
Train,2.36916131608526,2.37125456984359
Train,2.59930353707909,2.60242984163779
Train,2.81472191749938,2.81677032184234
Train,3.01632638848282,3.01800771090348
Train,3.20583532514127,3.20883276702807
Train,3.38389914390656,3.38720474437287
Train,3.55190698314483,3.55464114341885
Train,3.71050605209104,3.71245397967868
Train,3.86029396742171,3.86180008397059
Train,4.00230941877655,4.00441620890342
Train,4.13683382320392,4.14104892044998
Train,4.2647370996202,4.26783885081386
Train,4.38635685171037,4.38876984124363
Train,4.50201236869135,4.50396109782741
Train,4.61238469461506,4.61392947720014
Train,4.71758596168047,4.71862481608696
Train,4.81820196999331,4.81905024308799
Train,4.91430499582718,4.91457782428188
Train,5.00640340298282,5.00646616434824
Train,2.12283645584247,2.12359408760676
Train,2.36007090439505,2.3600847315538
Train,2.58286729539039,2.58283319756447
Train,2.79225542179532,2.79190072811616
Train,2.98988040521396,2.98975102691475
Train,3.17648371349875,3.1761258866245
Train,3.35296236216991,3.35298291900835
Train,3.52011859778538,3.52001393070532
Train,3.67848277949649,3.67873031824274
Train,3.82909036340494,3.82898591735284
Train,3.97232605035136,3.97215268736181
Train,4.10871816641636,4.10842084621254
Train,4.23859009636088,4.23849144510314
Train,4.36269545702973,4.36235825900076
Train,4.48126764986463,4.48084518613905
Train,4.59466864550904,4.59425871266285
Train,4.70322951570088,4.70289778724691
Train,4.80712884133085,4.80673268959072
Train,4.90689988168367,4.90647708624601
Train,5.00266867204802,5.00225047772983
Train,3.4258078853734,3.42688116282079
Train,3.46669307564727,3.46698243558785
Train,3.50726152086697,3.5072624655877
Train,3.54715024630265,3.5470271025406
Train,3.58655544907872,3.58716062910389
Train,3.62566418507938,3.62554521406128
Train,3.66412622032491,3.66398296484113
Train,3.70230445245403,3.70240786862269
Train,3.73985678163678,3.74005915984162
Train,3.77696732230424,3.77688371948898
Train,3.8138118482927,3.81416038360476
Train,3.85005993548612,3.85030174286658
Train,3.8858889841592,3.88536957453471
Train,3.92146848965713,3.92147888612817
Train,3.95647912068525,3.95686629255943
Train,3.99125052323192,3.9913193665343
Train,4.02547046154487,4.02564405355224
Train,4.0593059390152,4.05895473376586
Train,4.09291671518999,4.09294482105179
Train,4.12600075798107,4.12662875185924
Train,3.80635286570417,3.80687128094723
Train,3.88803823971042,3.88796316471417
Train,3.96720059662091,3.96758278552443
Train,4.04411655704676,4.04459597614186
Train,4.11856652379885,4.11872634309111
Train,4.19081884417673,4.19104642877937
Train,4.26096940951611,4.2612520138282
Train,4.32910861234492,4.32895461147564
Train,4.39546121217612,4.39553372632508
Train,4.45982492227979,4.46019789390994
Train,4.52241933920705,4.52237839154986
Train,4.58331642795063,4.58333450538339
Train,4.64270924600566,4.64270083070005
Train,4.70040914821605,4.70053420695331
Train,4.75660563733541,4.75683193100122
Train,4.81135671649584,4.81152981534251
Train,4.8647174429583,4.8648807974896
Train,4.91684987569653,4.9167884017661
Train,4.96758149327971,4.96773263903742
Train,5.01707213255279,5.01718403268023
Train,2.11989751072107,2.12061481746059
Train,2.35242041142136,2.35263738744834
Train,2.57161454849247,2.57175575628935
Train,2.77837437334599,2.77869819756597
Train,2.97414429498144,2.97433085449302
Train,3.15958043294359,3.15989069351781
Train,3.33547995637601,3.3356167806196
Train,3.50256009628174,3.50263533883117
Train,3.6612986784715,3.66164550048416
Train,3.81262745048163,3.81327001245518
Train,3.95689932860896,3.95726353362988
Train,4.09459669028098,4.09484844553663
Train,4.2260184974925,4.22652153690433
Train,4.3518527570029,4.35230460357707
Train,4.47231947569886,4.47304385282769
Train,4.58775491567232,4.58775520734343
Train,4.69846782566558,4.69928305719804
Train,4.80462850173758,4.80521282701375
Train,4.90673043199547,4.90712034062017
Train,5.00489673882123,5.00516047014389
Train,2.12610031651882,2.12644335545338
Train,2.35566929304389,2.35571473299933
Train,2.57269921923504,2.57269075068325
Train,2.77774545185462,2.77781470659102
Train,2.97219472666659,2.97215300873359
Train,3.1564477024956,3.15648610643984
Train,3.33166562328908,3.33184225895093
Train,3.4981351671716,3.49807309677271
Train,3.65666761488349,3.65637804821745
Train,3.80798179269646,3.8083390466345
Train,3.95224548285089,3.95208970265958
Train,4.09024016583838,4.08994399401126
Train,4.22207832124006,4.22168382919335
Train,4.34830030118167,4.34807793779328
Train,4.46938937073266,4.46917419000965
Train,4.58539909567401,4.58535324339027
Train,4.69688536710317,4.69657788734912
Train,4.80387390334524,4.80354021101084
Train,4.90685601471269,4.90684680661798
Train,5.00583615499794,5.00530787219031
Train,3.12498922093813,3.12628325993865
Train,3.25775809046625,3.25875244565395
Train,3.38561382311721,3.38683965326345
Train,3.5088241819059,3.50994878584606
Train,3.62763781977791,3.62873656753072
Train,3.74213332437832,3.7440458087076
Train,3.85283645428167,3.85404365496652
Train,3.95978980346664,3.96083131211344
Train,4.06318072007727,4.06415355612262
Train,4.163184276214,4.16466866563132
Train,4.2599642572173,4.26163692132104
Train,4.35367405680106,4.35599006327539
Train,4.44445748832653,4.44566311093513
Train,4.53244952124125,4.53398350556381
Train,4.61777695061478,4.61924329597969
Train,4.70044850677974,4.70218110831047
Train,4.7808006351125,4.7820874448953
Train,4.8588251926334,4.85960399346368
Train,4.93462187004641,4.93481790763326
Train,5.00828474513783,5.00851123519533
Train,4.42390794963588,4.42353094257851
Train,4.46697631783282,4.46617933181551
Train,4.50925459024382,4.50858210761362
Train,4.55076431089625,4.55081614466326
Train,4.59152624760039,4.59133373745863
Train,4.63143643314661,4.63080671662465
Train,4.67076435640498,4.67037011337379
Train,4.70940242199662,4.70911246047035
Train,4.74736862347034,4.74721913622489
Train,4.78468033400134,4.78367972531851
Train,4.82135433289893,4.8213115660983
Train,4.85740683076662,4.85733378575969
Train,4.89285349339383,4.89275483501115
Train,4.9277094644531,4.92729215186409
Train,4.96198938707212,4.96133030315832
Train,4.99560291635719,4.99554139847169
Train,5.02877446304548,5.02845029952005
Train,5.06141104680405,5.06113336335693
Train,5.09352550526689,5.09344568716187
Train,5.12513026857055,5.12459036094515
Train,3.88016110686573,3.88107305399899
Train,3.95536563569093,3.95601412060205
Train,4.02833756226135,4.02797628363624
Train,4.09917485156568,4.10003000461438
Train,4.16781139556268,4.16776297528122
Train,4.23465558184553,4.23440190147812
Train,4.29962651764113,4.30024221308122
Train,4.36280185916166,4.36284380868892
Train,4.42425502877288,4.42485332412616
Train,4.48405549965283,4.48390420854412
Train,4.54213484531608,4.54231580977648
Train,4.59882732288789,4.59865533048287
Train,4.65405421051519,4.65466659754748
Train,4.70787161469405,4.7077897961135
Train,4.76033281414033,4.7605186912333
Train,4.81148843572382,4.81163002775429
Train,4.86127146244878,4.86111877515941
Train,4.90996078374859,4.91038066667534
Train,4.95748196854741,4.95746183612209
Train,5.00387655679908,5.00377985990781
Train,2.12769317906464,2.12876974826213
Train,2.36390161415898,2.36398321230809
Train,2.58562185762895,2.58588570923894
Train,2.79464475158075,2.79528413263324
Train,2.99179519351995,2.99242960022093
Train,3.17805677825856,3.17876097418775
Train,3.35409691643887,3.35557296451589
Train,3.52113335560815,3.5220578395456
Train,3.67964974095875,3.68076177651528
Train,3.83028173636688,3.83078083308646
Train,3.97343171348775,3.97302426035458
Train,4.10997046470525,4.11011952137778
Train,4.24018928780956,4.2405761604532
Train,4.36451705028823,4.36503790076677
Train,4.4832020946795,4.48336574789573
Train,4.59689276717836,4.59690858032263
Train,4.70576682712876,4.70531275006942
Train,4.81012401562257,4.81061769241205
Train,4.9101193604267,4.91023470721848
Train,5.0062517405904,5.00581131546642
Train,2.12650841334914,2.12725714351109
Train,2.36434938779084,2.36498246274277
Train,2.58759476286287,2.58760956760671
Train,2.79733935638551,2.79807815714594
Train,2.99516529710068,2.99541930912528
Train,3.18187422137519,3.18221418691974
Train,3.35837761522866,3.35903406253055
Train,3.52548997165255,3.52556790233939
Train,3.68378321289555,3.68440475956595
Train,3.83423782109083,3.83504903739231
Train,3.97727881422506,3.97751250115107
Train,4.11344097288535,4.11386073118047
Train,4.243079010143,4.24349695879209
Train,4.36689858265792,4.36691378454998
Train,4.48516417688475,4.485203567383
Train,4.59824128467914,4.59834293962922
Train,4.70646401692559,4.70636700323666
Train,4.81003440688476,4.81024921956123
Train,4.90944551216138,4.90950318397518
Train,5.00484702838629,5.00470574438077
Train,2.13783291267389,2.13813598060369
Train,2.37395814931301,2.37383781382232
Train,2.5960497672077,2.59644698766351
Train,2.80488507339801,2.8048452383955
Train,3.00182261398242,3.00218905441579
Train,3.1880461009014,3.18709687337832
Train,3.36403695641809,3.36425363158924
Train,3.53096607137094,3.53116488187516
Train,3.6891828863548,3.689097632021
Train,3.83950998918753,3.83992028533248
Train,3.9826736898442,3.98346136954206
Train,4.11888698121908,4.11897890245746
Train,4.24878067232548,4.24926166045043
Train,4.37291532114759,4.37231332715601
Train,4.49141543921868,4.49265988422849
Train,4.60489522090665,4.60567170246213
Train,4.71343769892355,4.71443363684375
Train,4.81746794767962,4.81889190249785
Train,4.91736706323598,4.91751848195418
Train,5.01317359845264,5.01294995100761
Train,2.12973519737458,2.13007448876306
Train,2.34693223809566,2.34710302061285
Train,2.5537827245844,2.55392969708919
Train,2.75100877109727,2.75112122850987
Train,2.93926682188742,2.93948958392139
Train,3.11894251808914,3.11902422278945
Train,3.29101591273333,3.29112309232733
Train,3.45576441896453,3.45588732018223
Train,3.61364600247671,3.61375305932597
Train,3.76508123119673,3.76506479341333
Train,3.91045701631707,3.91048938007589
Train,4.05012991306222,4.05025725808082
Train,4.18442904047433,4.18439360393677
Train,4.31365867055238,4.31375404526625
Train,4.43810052961983,4.43794975730998
Train,4.55787365416001,4.55780809571297
Train,4.67351003348212,4.67350468023506
Train,4.78508771463573,4.78514416044345
Train,4.89281669543899,4.89273738672637
Train,4.99689273222612,4.99666915468697
Train,2.12944251813937,2.12981798224791
Train,2.36258742963163,2.36244758852263
Train,2.58217601405236,2.58229000839492
Train,2.78935722718863,2.78941131891042
Train,2.98494380580783,2.9850822833323
Train,3.17028002028445,3.17041914212314
Train,3.34596214273818,3.34599185735715
Train,3.51272534272185,3.51279492620961
Train,3.67123199237962,3.67130257460667
Train,3.82208045938805,3.82212103293568
Train,3.96565791946239,3.96588946900738
Train,4.10277285462389,4.10285172498698
Train,4.23371064372566,4.23391020158306
Train,4.35887951977772,4.35898230324528
Train,4.47865251894029,4.47877803912706
Train,4.59337119372083,4.59346393447777
Train,4.70323011432451,4.70342712179263
Train,4.80875949195975,4.80869152436208
Train,4.91010062783055,4.9101484565399
Train,5.00749800435924,5.00744851701165
Train,2.13127603328011,2.13089391174435
Train,2.36007196669116,2.35969361697062
Train,2.57639609124244,2.57597142866871
Train,2.7807862072374,2.78031837791787
Train,2.97441846338933,2.97389719001512
Train,3.15812042375489,3.15776893301518
Train,3.3328313478764,3.33239044785296
Train,3.49882509191766,3.49832929835975
Train,3.65691426441176,3.65652475725074
Train,3.80765035442331,3.80706246017508
Train,3.95169541278685,3.95131981891609
Train,4.08917776891722,4.08880707882054
Train,4.22068270555645,4.220264542113
Train,4.34659175548018,4.34619306516106
Train,4.46738968179708,4.4670064000893
Train,4.58312216995324,4.58280042125989
Train,4.69422551729655,4.69388294645614
Train,4.80097201707506,4.80066138911934
Train,4.90372806329322,4.90342328607221
Train,5.00249164357716,5.0019066147579
Train,3.74212698727728,3.74240563577769
Train,3.82795253145181,3.82796492525813
Train,3.91111746774402,3.91160871427564
Train,3.99174362677898,3.9919030183446
Train,4.06980286768288,4.07005321438191
Train,4.14569239525475,4.14535948432604
Train,4.21936661936617,4.21970107868401
Train,4.29092114552115,4.29098071732005
Train,4.36044615586632,4.36077280680183
Train,4.42802678837315,4.427937031498
Train,4.49362346226042,4.49362627918163
Train,4.55755553008452,4.55757673424523
Train,4.61977157804481,4.62004797233385
Train,4.68033978149179,4.68003339895222
Train,4.73932475161255,4.7394021172513
Train,4.79678776534111,4.79689154250809
Train,4.85268459388378,4.85258826689096
Train,4.90727779343434,4.90723899678414
Train,4.96051481179055,4.96055591080221
Train,5.01244556349468,5.01205042843503
Train,2.06775960739239,2.06915328310424
Train,2.33537302512907,2.33588373601378
Train,2.58183561670268,2.5820670800822
Train,2.80905400802637,2.80956633114693
Train,3.01943123996932,3.01977665387676
Train,3.21477277353868,3.21505817701109
Train,3.39683788380617,3.39735894513433
Train,3.56655596424399,3.56687082369172
Train,3.72531913927744,3.72554767765541
Train,3.87415491757298,3.87441565369954
Train,4.01412292998609,4.01439026399021
Train,4.14569727085948,4.14592680676287
Train,4.26975007183713,4.26998386388732
Train,4.38690837155735,4.38712425660924
Train,4.49785604627757,4.49814911225258
Train,4.60283765460804,4.60304856373114
Train,4.7024338187161,4.70276069626561
Train,4.79704857653756,4.7971796560596
Train,4.88714803790167,4.88729660634999
Train,4.97285429252283,4.97294029178738
Train,2.82556355354427,2.82650869902136
Train,2.98792999332475,2.98839641793893
Train,3.14289600246491,3.14352529095049
Train,3.29095625920367,3.29139895954722
Train,3.43256231402501,3.43304456330952
Train,3.56812718943482,3.56860511742707
Train,3.69802940332793,3.69846369714651
Train,3.82261649849118,3.82288161992619
Train,3.94220814754943,3.9425639009205
Train,4.05709889176424,4.05740607265034
Train,4.16769251188528,4.16799486506352
Train,4.27397143696865,4.2743601430484
Train,4.37630544764867,4.37663501733914
Train,4.47491018573962,4.47528718888498
Train,4.56998585740224,4.57030407565617
Train,4.66171858996953,4.66214950359426
Train,4.75028164812387,4.75052750430768
Train,4.83583652614616,4.83608065464068
Train,4.9185339307239,4.91869250339369
Train,4.99851466690141,4.99858949329064
Train,2.12618448920161,2.12419678365404
Train,2.36018367315486,2.35934214958252
Train,2.58041070802632,2.57822892551485
Train,2.78804668782429,2.78318435861729
Train,2.98435252379794,2.97888976074319
Train,3.16983096420754,3.16450023154175
Train,3.34554291288489,3.34189877790777
Train,3.5122399734953,3.50822017845348
Train,3.67059855665392,3.66773057277169
Train,3.82122905370021,3.81898275574349
Train,3.9648387757476,3.96271655026067
Train,4.10161128164104,4.09799562156695
Train,4.23216455446367,4.22903759380279
Train,4.35691335979793,4.35455195631948
Train,4.47623638388567,4.47405930679088
Train,4.59048007318574,4.58856564649614
Train,4.70008070678024,4.69820513354352
Train,4.80508769499449,4.80280033127201
Train,4.90589312878991,4.90407305842382
Train,5.00274423197138,5.00064897955599
Train,2.01551279585143,2.01540803485841
Train,2.29286043451065,2.29231968057138
Train,2.55001516212107,2.55024072992092
Train,2.78910480283114,2.78902038179513
Train,3.01217090119193,3.01226434114506
Train,3.22039290160047,3.22027891602193
Train,3.41538216713398,3.41547811725468
Train,3.59836128159368,3.5981188686419
Train,3.77040672102396,3.77043355198111
Train,3.93247004672183,3.93253514922253
Train,4.08553531602062,4.08541222281929
Train,4.23006702167173,4.23006653621269
Train,4.36688454474247,4.36683849574911
Train,4.49658943279684,4.49637806991814
Train,4.61972227348993,4.61975550977513
Train,4.73677022574812,4.73673225019593
Train,4.84827573278228,4.84807622697554
Train,4.95442820875158,4.95445087605913
Train,5.05569703774393,5.05547239709995
Train,5.15241165704906,5.15222486813582
Train,2.32873264544486,2.32943407573475
Train,2.38449831992033,2.38463681878056
Train,2.43938170270433,2.43905032960902
Train,2.49340356810746,2.4936150717549
Train,2.54636139325193,2.54618546552229
Train,2.59872341108727,2.59917452304944
Train,2.65028237206533,2.65032235468243
Train,2.70105660987561,2.70078548632591
Train,2.75106390434794,2.75093680307327
Train,2.80032150221081,2.80039484191366
Train,2.84864290857491,2.84873385234823
Train,2.89645380998679,2.89688838316943
Train,2.94356368479989,2.94327431558486
Train,2.98998783898982,2.99008230178151
Train,3.03574113617102,3.03553402280522
Train,3.08083801346312,3.08073543573119
Train,3.12510625537951,3.12505616968701
Train,3.16893459849484,3.16930270667217
Train,3.21214736769743,3.21182254549058
Train,3.25475744125418,3.25514381785615
Train,3.56004569290789,3.56043660733121
Train,3.63981717515835,3.63971425385535
Train,3.71704564595918,3.71712653688883
Train,3.79215805722753,3.79211033096362
Train,3.86509031487225,3.86515215864347
Train,3.93579079456096,3.93589161508862
Train,4.00464221717891,4.0046781970741
Train,4.07144130508955,4.07145504091022
Train,4.13654506296769,4.13664559360041
Train,4.19988691351634,4.19997174711898
Train,4.26141096190037,4.26125510843121
Train,4.32144029626708,4.3216287793839
Train,4.3799083869084,4.38011747388373
Train,4.4367584420021,4.43682341654494
Train,4.49228431814828,4.49227051099297
Train,4.54630912005329,4.5465019609037
Train,4.59910940874723,4.59896959423349
Train,4.6506202378172,4.65077465736977
Train,4.7007850239268,4.70078170055058
Train,4.74985715319459,4.74996826848655
Train,2.2572648626249,2.25885842210118
Train,2.34607341327384,2.34585086747393
Train,2.43309478178628,2.43298004369717
Train,2.51785910581673,2.51816017353121
Train,2.60096223625691,2.60067973003606
Train,2.68195242850527,2.68207515041286
Train,2.76139612129789,2.76258654118283
Train,2.8388587499106,2.83807763075311
Train,2.91464596919438,2.91441368617234
Train,2.98904011874727,2.98931134906161
Train,3.06163075024979,3.06246536906838
Train,3.13291980817609,3.13273347155337
Train,3.20251191030356,3.2021500758492
Train,3.27067613539832,3.27188682719861
Train,3.33766190039194,3.33697956638935
Train,3.40309500042276,3.403215117738
Train,3.46742347237164,3.46706067823834
Train,3.53028636105219,3.53114489283325
Train,3.59211258131978,3.59256140189973
Train,3.65255377507985,3.65198044029967
Train,2.12990039761091,2.13000484128861
Train,2.35479666087574,2.3548267983424
Train,2.56764181330797,2.5677446244008
Train,2.76978336194458,2.76968875094462
Train,2.96181638017785,2.96203319367487
Train,3.14429765023518,3.1445074657604
Train,3.31827101272817,3.31818514774204
Train,3.48415131556952,3.48428272995079
Train,3.6423315689734,3.64234574427246
Train,3.79363932600679,3.79373079136712
Train,3.93836736880642,3.93840985753195
Train,4.07693574886826,4.07701790313877
Train,4.20959600713684,4.20980689747375
Train,4.3369741436038,4.33709605382319
Train,4.45925625469796,4.45936181452271
Train,4.57662389961421,4.57673423636152
Train,4.68959485291794,4.68975605168816
Train,4.7983019584441,4.7985499320057
Train,4.9028766539762,4.90280547196744
Train,5.00375340276404,5.00389846409234
Train,2.12842946653502,2.12847883917129
Train,2.35910033691548,2.35944334458327
Train,2.57687133472544,2.57706704865268
Train,2.78239793936068,2.78252203761076
Train,2.97687224821104,2.97690618527122
Train,3.16134064482579,3.16172242566972
Train,3.33621728887425,3.33637685685972
Train,3.50255292155652,3.50240212902281
Train,3.66065175353165,3.66096573791583
Train,3.81125662124315,3.81153615844232
Train,3.95502734303515,3.955221059623
Train,4.09215241056984,4.09236323295772
Train,4.22320927731757,4.22348770137614
Train,4.34871384122617,4.3487365609908
Train,4.46877805243446,4.46917538090202
Train,4.58397180285985,4.58428058092977
Train,4.69437060253124,4.69457381797838
Train,4.80037074780407,4.80060776741448
Train,4.90232916285204,4.90256826559198
Train,5.00028173544128,5.0002277185049
Train,2.12784567274977,2.12817160160193
Train,2.35484616147948,2.35489907695592
Train,2.56933435091723,2.56949739263655
Train,2.7727449088423,2.77295499818865
Train,2.96571083793611,2.96543172353995
Train,3.14901646046436,3.14963339286624
Train,3.32318559480437,3.32298445555352
Train,3.48923491637245,3.48932876675099
Train,3.64755187676198,3.64765948623244
Train,3.79866429193418,3.79910070814367
Train,3.94290038097987,3.94287260518468
Train,4.08101095571973,4.08146378400852
Train,4.21323798880881,4.21291589039902
Train,4.3399495995671,4.34047077041032
Train,4.46135511794328,4.46090593246481
Train,4.57802802580031,4.57868475739815
Train,4.69012076815346,4.69006096987141
Train,4.7978978547793,4.79821499725949
Train,4.90149381316999,4.9014818028445
Train,5.00135907815631,5.00116575651191
Train,2.4198740384319,2.41973331489135
Train,2.50139218192443,2.50226310189464
Train,2.58136051570873,2.58143122469482
Train,2.65937707085773,2.65890085645515
Train,2.73572919864248,2.73556469519826
Train,2.8106827113128,2.8111113893392
Train,2.88385745996966,2.88361088294914
Train,2.95572391030835,2.9561334907703
Train,3.02591557102342,3.02572653775132
Train,3.09468565130097,3.095570394471
Train,3.16226916336365,3.16169921606343
Train,3.22831884874349,3.22829550748429
Train,3.29307031720138,3.29346650431398
Train,3.35674265710888,3.35625779294787
Train,3.41900646226232,3.41878355160588
Train,3.48025586699971,3.4810686058845
Train,3.54017266275737,3.54022105648619
Train,3.59896700316905,3.5994520540844
Train,3.65683488080912,3.65647901671764
Train,3.7134738918094,3.71345903473411
Train,2.42854043178117,2.42812085549667
Train,2.53900746604855,2.53920300659229
Train,2.64680584840788,2.64627740618744
Train,2.75158750287432,2.75209415244171
Train,2.85369247863248,2.85378677483823
Train,2.95343247890253,2.95299898200028
Train,3.05047765717715,3.050233966409
Train,3.14533553120596,3.14572752582171
Train,3.23768791127301,3.23742859367485
Train,3.32782285607784,3.32825572290312
Train,3.4160054702483,3.4154141235922
Train,3.50193425021025,3.50190546746308
Train,3.58587160353833,3.58620057261578
Train,3.6680595687953,3.66711212229711
Train,3.74821236356141,3.74868273142056
Train,3.82673594672038,3.82638596672768
Train,3.9033544889321,3.9035833111484
Train,3.97829469540439,3.97808538124809
Train,4.05176640483454,4.05197963869432
Train,4.12350793647515,4.12297121252777
Train,3.74139660136355,3.74232808173838
Train,3.82753447976949,3.82782076380681
Train,3.91080843698549,3.91180388460634
Train,3.99166296106769,3.99126502617582
Train,4.07005395917321,4.0709288513317
Train,4.14594912086399,4.14674539063708
Train,4.21974341463277,4.2199949067799
Train,4.29125251104537,4.29233681956975
Train,4.36084287761804,4.36116595994099
Train,4.42846289161257,4.42910372979532
Train,4.49407113470028,4.49491381569533
Train,4.55799682903202,4.55813218044204
Train,4.62018625108409,4.62079627360072
Train,4.68059501580697,4.68120512786845
Train,4.73952057163948,4.74062991819665
Train,4.79679997804304,4.797408397455
Train,4.85271203185112,4.85332513467438
Train,4.907201961366,4.90751261133846
Train,4.96022304544931,4.96045148363919
Train,5.01202926980227,5.01214671814523
Train,2.88911557643573,2.88956625603169
Train,3.05962748130459,3.05948363352218
Train,3.22047308152307,3.21986406482756
Train,3.3720631289335,3.37216287918272
Train,3.51554106395864,3.51503685047646
Train,3.65119283043496,3.65179282835743
Train,3.77997154483437,3.77881656571117
Train,3.90207275902964,3.90211120089953
Train,4.01830075138574,4.01809804181539
Train,4.12878494634839,4.1289822429535
Train,4.2342115099948,4.23388206431991
Train,4.33466110413301,4.33446057225228
Train,4.43072491929808,4.43058807597845
Train,4.52244744600113,4.52224739956
Train,4.61034258453423,4.60996617700584
Train,4.69442789027478,4.69466707609536
Train,4.7751536771242,4.77521652793075
Train,4.85251740939255,4.85190128000249
Train,4.92691656631781,4.92661238156143
Train,4.99833363775753,4.99827730700781
Train,2.11698502778085,2.11666374256311
Train,2.34789472361745,2.34763764093077
Train,2.56563727722163,2.56541336818191
Train,2.77174753904404,2.77158782450715
Train,2.96671592425451,2.96625975635834
Train,3.15181768197495,3.15155959090043
Train,3.32740680896714,3.32712459597678
Train,3.4945559013555,3.49418641112425
Train,3.65351794601538,3.6531050429985
Train,3.80520503511604,3.80507860204671
Train,3.94979465214421,3.94940556583606
Train,4.08807009533258,4.08780925830797
Train,4.2201519681196,4.21996660687728
Train,4.3467189871561,4.34645613357134
Train,4.46784863765661,4.467583766389
Train,4.58413379296975,4.58398244047567
Train,4.69561909861594,4.69540458566917
Train,4.80282626612044,4.80263627718523
Train,4.90577485144478,4.90561377464473
Train,5.00492703790887,5.00440613152023
Train,2.0285747208774,2.02960278242244
Train,2.34161043339605,2.34144846050913
Train,2.62161281605078,2.6220082058062
Train,2.87402753936587,2.87398920130363
Train,3.10230512409291,3.10185504610126
Train,3.3101459755133,3.31030934344017
Train,3.49981375741039,3.49950327203987
Train,3.67392536081534,3.67404322592483
Train,3.83401158731738,3.83398294493236
Train,3.98198565608937,3.981699649863
Train,4.11890814455753,4.11906408499635
Train,4.2462177259299,4.24630819557933
Train,4.36466349270322,4.36446741238615
Train,4.47535367181874,4.47493801558448
Train,4.57882541247595,4.57881876541069
Train,4.67595040343839,4.67607712347672
Train,4.76711825971212,4.76673079172178
Train,4.85302723982855,4.85309703411622
Train,4.93396224152703,4.93382594411378
Train,5.01049165501075,5.01004609900701
Train,3.83998478964401,3.83880705069168
Train,3.91735431805658,3.91752500072471
Train,3.99249765536527,3.99182519151509
Train,4.06565404850459,4.06468286612653
Train,4.13661985190469,4.13676120554737
Train,4.20562825988225,4.20511379612435
Train,4.27275915477953,4.26913931987656
Train,4.338088130555,4.33640682991972
Train,4.40181279025241,4.40124382423528
Train,4.46374568120263,4.46335099540738
Train,4.52408056070796,4.5240864557054
Train,4.58287848958547,4.58159942134807
Train,4.64031110479769,4.64064694487024
Train,4.69620341304164,4.69576064491412
Train,4.75072437417168,4.75072739644384
Train,4.80392384661809,4.8036073352414
Train,4.85584930079682,4.85456029626948
Train,4.90664655398535,4.90588727621798
Train,4.95615518841342,4.95564671349712
Train,5.00451933239256,5.00418134434585
Train,3.8413016720303,3.8416638998242
Train,3.91877116735842,3.91866345671588
Train,3.99385238120107,3.99372576697351
Train,4.06693453708367,4.06720082014363
Train,4.13795952610887,4.13793490669923
Train,4.20688026002873,4.20675652217324
Train,4.27404679753858,4.27417446942127
Train,4.33939923224341,4.33948906480509
Train,4.40288773185486,4.40275704176747
Train,4.4648288925544,4.46453567301069
Train,4.52516218105871,4.52538576797815
Train,4.58394940107347,4.58377557017957
Train,4.64113894360831,4.64125897986378
Train,4.69700986172568,4.69694183380489
Train,4.75150202410989,4.75124250409863
Train,4.80456347262778,4.80481540261826
Train,4.85644938898578,4.85653268863098
Train,4.90710056535766,4.90691052188777
Train,4.95646527679404,4.95673937523679
Train,5.004777820559,5.00438479789591
Train,2.53021971250433,2.53045168941753
Train,2.76895151406682,2.76897896721493
Train,2.98635448432316,2.98605551184301
Train,3.18553741246981,3.18558200806001
Train,3.36852679966304,3.36831062477722
Train,3.53706183927051,3.5370195380965
Train,3.69308345281889,3.69298256610637
Train,3.83766253096543,3.83747515767755
Train,3.97226711670387,3.97218079146842
Train,4.09777628737314,4.09771504948731
Train,4.21497087460185,4.21482170710806
Train,4.32485850597542,4.32478138914303
Train,4.42800401903014,4.42781675666629
Train,4.52491743115182,4.52491160402133
Train,4.61632041254969,4.61635487966851
Train,4.70250591207801,4.70220160599274
Train,4.78406325604814,4.78405313644907
Train,4.86128191328156,4.86118922998867
Train,4.93442940909931,4.93430854584585
Train,5.00395183231247,5.00376461276755
Train,2.1256789941219,2.12656581999909
Train,2.34147672774837,2.34206312239257
Train,2.54717971470107,2.54852242119523
Train,2.74388678450879,2.7439610003421
Train,2.93198044309296,2.93274665006902
Train,3.11201431559259,3.11294630483462
Train,3.28431688145789,3.28494981992844
Train,3.44971829454415,3.45048326485266
Train,3.60846017031838,3.60913165284001
Train,3.76093676996648,3.76153919120406
Train,3.90735972793643,3.90779621202091
Train,4.04837509909494,4.04911325102148
Train,4.18413580889384,4.18475730284263
Train,4.31493019219789,4.3154331130645
Train,4.44089482707496,4.44137877293542
Train,4.56254510741394,4.56281899283931
Train,4.67997665125368,4.68030366132007
Train,4.79340517192868,4.79360831708618
Train,4.90291785763055,4.90327210503892
Train,5.00893455248677,5.00888068650966
Train,2.12234235156832,2.12423907265475
Train,2.33432837449666,2.3334367575444
Train,2.53734969957332,2.53801785068208
Train,2.73155234538943,2.73172241105931
Train,2.9176952191061,2.91865702716314
Train,3.09645878478206,3.09696264546074
Train,3.26791011726104,3.26745487348671
Train,3.4326630441845,3.43378191148076
Train,3.59127041195518,3.59109046391677
Train,3.74374640473846,3.74325773763849
Train,3.89059522592537,3.89125167186285
Train,4.03212274015086,4.03242964227684
Train,4.16875781139799,4.16955923318164
Train,4.30047010063914,4.3002072729505
Train,4.42765571561123,4.42825971940329
Train,4.55067453693822,4.55073179896135
Train,4.66947550784439,4.66970541512273
Train,4.78439377206992,4.784248235017
Train,4.89573479151293,4.89563291124068
Train,5.00343392980118,5.00345207985083
Train,2.12151842484861,2.12127656505618
Train,2.3483905995244,2.34838130595745
Train,2.56309847992403,2.56310274390853
Train,2.76659484975689,2.76650325623632
Train,2.95991426868961,2.95993930453551
Train,3.14346135033684,3.14343817516783
Train,3.31812044395086,3.31821961131209
Train,3.48452186933008,3.48449642379273
Train,3.64323772118086,3.64323017683637
Train,3.79478844046019,3.79498610064911
Train,3.9397830447989,3.93970127006469
Train,4.07838022499195,4.07830598946748
Train,4.21111745932066,4.21126994131191
Train,4.33835869524785,4.338479119775
Train,4.46043835296429,4.46051974947477
Train,4.57766426031683,4.57763500531291
Train,4.69042514292907,4.69036513542233
Train,4.79876935204435,4.79885582507995
Train,4.90304843110461,4.90300043298339
Train,5.00348695564886,5.00345396299963
Train,1.50644750280794,1.50809568214754
Train,1.62208970787843,1.62187159308087
Train,1.73435267572872,1.73419123743224
Train,1.84338239289296,1.84290830336977
Train,1.94931655625397,1.94975884995802
Train,2.05253769994081,2.05266509481589
Train,2.15265661642001,2.15280503909889
Train,2.25004917866215,2.2494500918765
Train,2.34482525345006,2.34533869503503
Train,2.43708888258762,2.43702237014077
Train,2.52693866388988,2.52736288933374
Train,2.61446810265634,2.61399850270391
Train,2.6997659362613,2.70040593906015
Train,2.78291643422989,2.78265531724901
Train,2.86399967593308,2.86422724172007
Train,2.9432861327958,2.94279881875264
Train,3.02045492155443,3.02090748188493
Train,3.09577419901031,3.09582263004995
Train,3.16930966890538,3.16903302325954
Train,3.24112395924308,3.24128471747827
Train,2.11507480032924,2.11572224846168
Train,2.28057692284563,2.28037284591119
Train,2.43949489392366,2.43976945793111
Train,2.59249640756329,2.59250218153466
Train,2.73963347605055,2.74000775269815
Train,2.8814990106399,2.88152144635387
Train,3.0181182667804,3.01826684129628
Train,3.15002081423819,3.15048423538974
Train,3.2773288183394,3.27744464879652
Train,3.40016443968929,3.40013749359787
Train,3.51897912727278,3.5191037402692
Train,3.63375421639971,3.63404949116375
Train,3.74489804107146,3.7449876587998
Train,3.85248042892122,3.8527239208488
Train,3.95657330072061,3.95682329651754
Train,4.05753077339021,4.05735992403061
Train,4.15531078314181,4.15573226170818
Train,4.25023697135582,4.2503109047102
Train,4.34226146635304,4.34221785973205
Train,4.43168113773658,4.4319084409799
Train,-2.35092337062336,-2.35036845052673
Train,-2.12971461454833,-2.13003879905591
Train,-1.91459454437282,-1.91406518654549
Train,-1.70531518963749,-1.70492651537643
Train,-1.50164186480364,-1.50211229416163
Train,-1.30335229134357,-1.30281140431907
Train,-1.1102357885409,-1.11069460560975
Train,-0.922092526807722,-0.922362706478452
Train,-0.738732837955355,-0.738395868320367
Train,-0.55997657741414,-0.559690009751648
Train,-0.385243607971775,-0.385279638612701
Train,-0.21519891008935,-0.215530388777552
Train,-0.0492682992833693,-0.0491133685936802
Train,0.112695745142354,0.112232739367755
Train,0.270833774232827,0.271807696590258
Train,0.425279776180655,0.425005966884783
Train,0.576161554961111,0.576140441095049
Train,0.723601083052447,0.723980242633843
Train,0.867714830287349,0.866794273504638
Train,1.00861407069894,1.00895582298836
Train,2.82455408199376,2.82407051774499
Train,2.98964563638818,2.98956647844898
Train,3.14673665638075,3.14650261100178
Train,3.29673425362447,3.29661281577137
Train,3.43994580343475,3.43952145607909
Train,3.57666653071268,3.57660872145061
Train,3.7076246190961,3.70742198628432
Train,3.83289215517622,3.83246385276288
Train,3.95310475024759,3.9531227146872
Train,4.06843118382072,4.0683003237209
Train,4.17903766857006,4.17888928706816
Train,4.28544974735908,4.2853830601307
Train,4.38778506079614,4.38772650737519
Train,4.48616150289017,4.48615703048563
Train,4.5810200400195,4.58098214037454
Train,4.67233784312079,4.67222929518175
Train,4.76051006172916,4.76058338509029
Train,4.84559943555379,4.84558149603981
Train,4.92767129396024,4.92757677225018
Train,5.00706408970801,5.00697710837994
Train,2.12639289157931,2.12575826660031
Train,2.34908337291617,2.34934805275407
Train,2.56031288618356,2.55988919368974
Train,2.76134265872727,2.76147575475625
Train,2.9527037789803,2.95256546910241
Train,3.13489622142483,3.13466077636986
Train,3.30890919060546,3.3082170733469
Train,3.47495058616417,3.47495475867618
Train,3.63387193050624,3.63388463128649
Train,3.78596994998897,3.78571557801479
Train,3.93152973800508,3.93128411268845
Train,4.07124221730126,4.07093277434615
Train,4.20531894425078,4.2046681852953
Train,4.33396576648384,4.33390065973799
Train,4.45775278579726,4.45747900720016
Train,4.57671242593098,4.57667363033397
Train,4.69135039128198,4.69062456322717
Train,4.80178752794454,4.80152217840805
Train,4.90814422853262,4.90802136639104
Train,5.01084765387236,5.01037326197547
Train,2.12007856582921,2.11987734662398
Train,2.34243320221836,2.34261133393011
Train,2.55358639444492,2.55343089015514
Train,2.75436378016118,2.75431959595153
Train,2.94551180118739,2.94543722817616
Train,3.1278793841406,3.1279700199666
Train,3.30172851121384,3.30160568115389
Train,3.46779950793909,3.46789882893063
Train,3.62660295094828,3.62640952686343
Train,3.77860568630502,3.77866859152709
Train,3.92423541322608,3.92414249490685
Train,4.06388470309687,4.06399360040086
Train,4.19791453331384,4.19784667609201
Train,4.32665740293744,4.3267708453277
Train,4.45042008677481,4.45016008128732
Train,4.56959925868044,4.56978233535483
Train,4.68422675243362,4.68422334548814
Train,4.79466334310539,4.79477643789869
Train,4.9011347404128,4.90097414157935
Train,5.00385073183236,5.00398385986773
Train,1.82145424255091,1.82139744854067
Train,1.9003363174597,1.90056230728078
Train,1.9776991889143,1.97766806549771
Train,2.05402941585559,2.05431431806937
Train,2.12890966337589,2.12846334525966
Train,2.2028098984058,2.20336221851176
Train,2.27532513644714,2.27485819727735
Train,2.34690959879145,2.34716017428582
Train,2.41717012809494,2.4168081246753
Train,2.48654598917055,2.48695152403525
Train,2.55465535654564,2.55460639191006
Train,2.6219232752941,2.62210827090894
Train,2.68797878276292,2.68775965013629
Train,2.75323339291977,2.75299433752662
Train,2.81732656148809,2.81760557626694
Train,2.88065691574832,2.8807693764611
Train,2.94287390845139,2.94271320349071
Train,3.00436388391471,3.00416632283304
Train,3.06478589225009,3.06544250837032
Train,3.12451456102766,3.12441733568994
Train,1.81901523993668,1.8191764430012
Train,1.89812677768063,1.89770061781746
Train,1.97571171263014,1.97643197316938
Train,2.052270255216,2.05224341684516
Train,2.12737149670813,2.12755632709013
Train,2.20149866077354,2.20139727432979
Train,2.27423359221494,2.2740527019414
Train,2.346043390677,2.34651261653198
Train,2.41673337978685,2.41659691406676
Train,2.4861215404836,2.48649158578337
Train,2.55465226736227,2.55518449964438
Train,2.62193699294537,2.62179715478123
Train,2.68840590162665,2.68874623047304
Train,2.75387713510043,2.75360534450738
Train,2.81818016630319,2.81822274494334
Train,2.88172511531986,2.88175685836904
Train,2.94415004660397,2.94395128046745
Train,3.00585248984949,3.00652160544996
Train,3.06648041642699,3.06676985599915
Train,3.12641934376298,3.12591144428006
Train,-0.008591696,-0.00868570336751873
Train,-0.595243713,-0.595500636918587
Train,-1.172871245,-1.17274887858366
Train,-1.741680939,-1.74180321158929
Train,-2.301873179,-2.30178155667818
Train,-2.853642325,-2.85374488821253
Train,-3.397176934,-3.3971592030648
Train,-3.932659979,-3.93279335799889
Train,-4.460269049,-4.46029806817387
Train,-4.980176551,-4.98016154777724
Train,-5.492549894,-5.49264533355745
Train,-5.997551669,-5.99762440459745
Train,-6.495339825,-6.49536968554457
Train,-6.986067826,-6.98617830721923
Train,-7.469884819,-7.47003799267986
Train,-7.946935775,-7.94695172426145
Train,-8.417361639,-8.41764822694677
Train,-8.881299472,-8.8814218181069
Train,-9.338882575,-9.33823201965424
Train,-9.790240625,-9.78918392799096
Train,0.304775769,0.304440372390673
Train,-0.306968618,-0.306617081500008
Train,-0.895768706,-0.896137996933248
Train,-1.46289157,-1.46264311995037
Train,-2.009512672,-2.00951501710369
Train,-2.536723998,-2.53668476980238
Train,-3.045541335,-3.04571484717599
Train,-3.536910807,-3.53677364555188
Train,-4.011714742,-4.01183554987074
Train,-4.470776965,-4.47029292527441
Train,-4.914867564,-4.91507427366741
Train,-5.344707203,-5.34498740220442
Train,-5.760971024,-5.76078911858349
Train,-6.164292185,-6.16449303364789
Train,-6.555265073,-6.55469273602648
Train,-6.93444823,-6.93483867447503
Train,-7.30236701,-7.30237851753191
Train,-7.659516014,-7.65954630778288
Train,-8.0063613,-8.00632588008739
Train,-8.343342422,-8.34193461231916
