Dataset,log10(VaporPressure)[Pa],PredictedValues
Train,3.98175463770349,3.95842403477582
Train,4.04932305858101,4.0107079502377
Train,4.11477137842338,4.10700084774362
Train,4.17860035723072,4.20704154081614
Train,4.24067221089411,4.2396345046709
Train,4.30086758489531,4.26333060751858
Train,4.35964114957729,4.35711070193247
Train,4.4166798729731,4.41171188078079
Train,4.4724112241305,4.43239894368344
Train,4.52670703628025,4.52102180913607
Train,4.57945461972669,4.55164237638928
Train,4.63104506247912,4.63660109517514
Train,4.68135601189175,4.67396125556479
Train,4.73027910181263,4.7464676528034
Train,4.77817357460061,4.76485624787347
Train,4.82477472651115,4.80365562335828
Train,4.87042273192382,4.86509704671698
Train,4.9150046382442,4.90162716312079
Train,4.95841937623246,4.92776444032097
Train,5.00098128055359,4.96929714436919
Train,4.30010560133218,4.33229426229445
Train,4.34427184483812,4.36078017215004
Train,4.38778768455022,4.39691533881341
Train,4.43030624680307,4.42283439385028
Train,4.47203699184417,4.492421468467
Train,4.51317506335072,4.54661396761185
Train,4.55339132856532,4.5551255841383
Train,4.59304985209152,4.60035152326964
Train,4.63183261108566,4.6682501667492
Train,4.66992863791146,4.65827493635152
Train,4.70751454903432,4.71628902997145
Train,4.74428797613294,4.75594787410591
Train,4.78042712158626,4.7844488381088
Train,4.81609875182695,4.81296588436817
Train,4.85101505180784,4.85065039739129
Train,4.88548978014872,4.88572905343426
Train,4.9192442673934,4.91534290452364
Train,4.9524406518283,4.94658759091908
Train,4.98523105115627,4.97804676858505
Train,5.01734972614166,5.00412760540348
Train,2.40723462755712,2.32803501533817
Train,2.56513503874003,2.53029064218572
Train,2.71499584705765,2.68967487360896
Train,2.85809116491507,2.8256076812122
Train,2.99422238692747,2.9947318738341
Train,3.1245013548171,3.09518757713886
Train,3.24870689808873,3.23274086665879
Train,3.36781737092902,3.36718495381319
Train,3.48186872181456,3.46865104098106
Train,3.59091739404102,3.58984949982369
Train,3.6957820955895,3.6950716007068
Train,3.79622041181391,3.78811311335812
Train,3.89296534689602,3.87034589890027
Train,3.98599522177954,3.99368077061808
Train,4.0753073026763,4.0721254935379
Train,4.16152919933199,4.15688854097607
Train,4.24442277125436,4.29918267736502
Train,4.3245575718585,4.31070109474422
Train,4.40170049422835,4.38298765871696
Train,4.47637078102655,4.43592713973339
Train,4.10463697882894,4.13389873939741
Train,4.17074900920869,4.17525683284111
Train,4.23497660616162,4.24340013739857
Train,4.29770749095443,4.30368917552914
Train,4.35884230168902,4.36350724936347
Train,4.41844118701092,4.42543823368032
Train,4.47641816646144,4.47821932590523
Train,4.53311737727362,4.53655460541995
Train,4.58844379215196,4.60234638557449
Train,4.64244667175736,4.63923966195216
Train,4.695043011095,4.69821308032078
Train,4.74654044024681,4.75235914728
Train,4.79684857287659,4.79579371614091
Train,4.84600813762163,4.84146073213378
Train,4.89393954830248,4.89553734318179
Train,4.94091954065217,4.93665406487526
Train,4.98686243565959,5.00135786185274
Train,5.03180219976478,5.02763037463956
Train,5.07566286465291,5.07182987804481
Train,5.1186947810147,5.1147307827523
Train,2.12634095170165,2.25273181968441
Train,2.34917905981492,2.43602014718454
Train,2.56035803075609,2.72641278840092
Train,2.76139026157764,3.04279106875038
Train,2.95239751108316,3.20841121849662
Train,3.13467488148997,3.34837091002919
Train,3.3082685004719,3.54345828618534
Train,3.47429827157139,3.70326663689048
Train,3.63275550535709,3.82918646043618
Train,3.78461713835079,3.94566690573083
Train,3.92983478763237,4.05148291841579
Train,4.06926744332494,4.20021227482357
Train,4.20283811938457,4.35007537614911
Train,4.33130752773176,4.45258211742112
Train,4.45457827495476,4.56533825724364
Train,4.57332843424736,4.68017205889555
Train,4.68744629981927,4.76216668776397
Train,4.79753987412685,4.84415499718671
Train,4.90348769403999,4.94158750188581
Train,5.00583788977193,5.01629098995545
Train,2.88046290086084,3.1677389358556
Train,3.04228836074974,3.29886879969126
Train,3.19628974068213,3.37601700228697
Train,3.34302107544689,3.47499614464687
Train,3.4832325498699,3.62379606142713
Train,3.61687622512777,3.84746434311637
Train,3.74462833676121,3.93200443513888
Train,3.86687006926299,3.98576336323094
Train,3.98395041779922,4.13782259790605
Train,4.09618951576602,4.19084276223293
Train,4.20407234771843,4.3007788205141
Train,4.30748066459877,4.45013583142281
Train,4.40686293198251,4.5428047156056
Train,4.50244978259969,4.57318772684084
Train,4.59445456348642,4.70848780661436
Train,4.68307492563127,4.77152783373458
Train,4.76864591200637,4.81404683084475
Train,4.85102920804275,4.87518557112344
Train,4.93054057642846,4.94837278061823
Train,5.00732761990619,5.03403751436235
Train,4.27199914054099,4.24535546234256
Train,4.31623598492297,4.24181845547355
Train,4.35964691208702,4.36193869140152
Train,4.40207129247597,4.41054361390525
Train,4.44390164282583,4.39652003249648
Train,4.48497225214198,4.46421227114297
Train,4.52530363227296,4.45262316156004
Train,4.56491556326831,4.54948972676721
Train,4.60365943419434,4.53445742661461
Train,4.64189196601387,4.60567872807405
Train,4.67946023719595,4.64657642233942
Train,4.71638141017,4.67377921301886
Train,4.75251561722666,4.68180103599479
Train,4.78819439904288,4.77768283568548
Train,4.82327408468699,4.81075372282066
Train,4.85776963800905,4.76290283269736
Train,4.89169552863041,4.83311929404044
Train,4.9249218473152,4.85945686079322
Train,4.95775227308045,4.90478472176619
Train,4.99005362107623,4.92874704708447
Train,3.09879131504472,3.09800907304452
Train,3.20688447920261,3.21424676724928
Train,3.31154306993914,3.31507573893759
Train,3.41246156356073,3.40125101460944
Train,3.51006148459059,3.50438585648772
Train,3.60472197691417,3.60713981333356
Train,3.69615073797291,3.69632402904608
Train,3.78471441620538,3.78028334681403
Train,3.87074397403632,3.87318880856765
Train,3.95396123584687,3.95693521001522
Train,4.03468789935892,4.02824519965179
Train,4.11303412722585,4.11531221564474
Train,4.18927964615201,4.18032463559939
Train,4.26316533524953,4.26870488307031
Train,4.33496466732952,4.33070086772386
Train,4.40492634634553,4.41249525314743
Train,4.47280519298641,4.46412928286372
Train,4.5388452472855,4.53850094224981
Train,4.60326908747275,4.60846752876569
Train,4.66584492516523,4.65943246198367
Train,3.96385879113756,3.97709334460524
Train,4.03116913998356,4.07221824593034
Train,4.09679254901116,4.09349351423589
Train,4.16097275339707,4.11572784640521
Train,4.22340271714688,4.18829667142745
Train,4.28432479424751,4.25202290255038
Train,4.34379296336818,4.39791657682508
Train,4.40185865715212,4.38871243644462
Train,4.45873151067894,4.27039754462749
Train,4.51413342027608,4.38544626098701
Train,4.56827343444891,4.46856952273265
Train,4.62119418122334,4.47712055019656
Train,4.6730829929364,4.50783328439138
Train,4.72368238792407,4.74620300514107
Train,4.77317952343501,4.68722564144628
Train,4.82161002889709,4.84365527851514
Train,4.86900801452666,4.87205115213328
Train,4.91553769119185,4.87136153014035
Train,4.96096455506777,4.79970234820394
Train,5.00545297515671,4.88244455730273
Train,2.12788403567532,2.1503208283284
Train,2.36819302921465,2.3349492715497
Train,2.59329395614837,2.55628856055773
Train,2.80429609638261,2.72644261410642
Train,3.00302950148803,2.94156865569857
Train,3.19027589677673,3.13851284206976
Train,3.36700325018103,3.29855399350345
Train,3.53407374488209,3.46611153700724
Train,3.69203973961787,3.6631741524161
Train,3.8420392282288,3.8127815806929
Train,3.98446298509171,3.93782128733983
Train,4.11987079334068,4.06630879969089
Train,4.24859041874655,4.19950457678351
Train,4.37144496325803,4.31291829075053
Train,4.4886637951177,4.42914999553614
Train,4.60062601017576,4.53252033685931
Train,4.70767744922746,4.61631002238573
Train,4.80999225329507,4.72059009979967
Train,4.90814993845898,4.85799773410145
Train,5.00226797724252,4.92118896297507
Train,2.45586800616354,2.48440111209311
Train,2.57251913549492,2.59417729603047
Train,2.68671202655411,2.7057271394624
Train,2.79803906105356,2.83112586385505
Train,2.90684243391766,2.95401850476446
Train,3.0132069963619,3.03771501169103
Train,3.11743988539512,3.14110769006948
Train,3.21916161152615,3.24956902762096
Train,3.31867748144247,3.34423109664021
Train,3.41605847717184,3.43941799673121
Train,3.51157982113161,3.55685433004328
Train,3.60488779021973,3.64929889435189
Train,3.69625650938333,3.72340908295882
Train,3.78574581293894,3.81276474560036
Train,3.87360380836359,3.90140979969874
Train,3.95950033618228,3.98029538168885
Train,4.04368293011242,4.05703736407668
Train,4.12620238181459,4.13754113881078
Train,4.20728356602196,4.22659575136822
Train,4.28661786079396,4.31542484063175
Train,2.12510320565132,2.19668505460322
Train,2.36450590744654,2.43583236807899
Train,2.5892783729484,2.65915410678281
Train,2.80015256765738,2.87824584241025
Train,2.99891425619126,3.06955973782715
Train,3.1860716610347,3.26686102500389
Train,3.3630898001018,3.43013924679326
Train,3.53031782869707,3.59265301570485
Train,3.68897477126427,3.73739060509615
Train,3.83929528336276,3.90272038973853
Train,3.98230653579164,4.03248358167002
Train,4.11815993437227,4.16300891721403
Train,4.24773075530079,4.30599330954647
Train,4.37110940301977,4.41311163990031
Train,4.48904925728639,4.54528652893896
Train,4.60159577372393,4.63802097441476
Train,4.70940330455624,4.7422145471719
Train,4.8124840750195,4.85400717429729
Train,4.91141108866208,4.93359171670636
Train,5.00617198264477,4.98667294245206
Train,4.41854245835269,4.35025071458222
Train,4.45312992100964,4.35659492904233
Train,4.48741672547849,4.44764706897331
Train,4.52110957024481,4.51768686594733
Train,4.55436901596237,4.56828601848429
Train,4.58734772379609,4.54919989423797
Train,4.61976325975854,4.56253701491914
Train,4.65176973147504,4.64249499877587
Train,4.68351379848467,4.61958830613185
Train,4.71472330752752,4.71544700849699
Train,4.74554629886374,4.72661438754949
Train,4.77598990861288,4.76393368889512
Train,4.80619333922419,4.82845181995071
Train,4.83589729811518,4.76469509621165
Train,4.86524228622075,4.78639925126481
Train,4.89436228311218,4.88196238345154
Train,4.92300706156931,4.88279543985482
Train,4.95131184176319,4.90767068594141
Train,4.97940567258973,4.96069013774104
Train,5.00704692919741,4.92138671881548
Train,2.12870689177883,2.26616094999918
Train,2.35840003678672,2.40312948087376
Train,2.57506222723586,2.61360323856206
Train,2.78026925143138,2.87491094537472
Train,2.97443371611683,3.1366667295697
Train,3.15887135126489,3.18653702318625
Train,3.33386880351584,3.42751249205503
Train,3.50053789724489,3.53548574181514
Train,3.6592657938012,3.70844658771603
Train,3.81042252309549,3.8652934280417
Train,3.95488893636085,3.98904608409248
Train,4.09276268893165,4.12146560217479
Train,4.22480683422564,4.27841446290586
Train,4.351228887892,4.37041107341975
Train,4.47223250935706,4.51826631445147
Train,4.58844237165059,4.6204606262454
Train,4.69986492072681,4.73114121050276
Train,4.80705183205883,4.84662130128345
Train,4.90998781878905,4.93568344282903
Train,5.00916328085571,5.00873103544473
Train,2.12358485252895,2.18715534085823
Train,2.35687510462215,2.35813313430481
Train,2.57630097507879,2.5822408729673
Train,2.7835463975625,2.85566022798594
Train,2.97914002944791,3.0355139122621
Train,3.16447083208418,3.34523912756049
Train,3.33991431861208,3.40369888999885
Train,3.50663138991981,3.66602278195751
Train,3.66507127915407,3.84055581354551
Train,3.81565865143579,3.83790500161922
Train,3.95930000469031,4.01441990550302
Train,4.09614307690385,4.24581422899064
Train,4.22696645354881,4.29061102322157
Train,4.35201155667451,4.46530279206127
Train,4.47151224480521,4.59314837177953
Train,4.58609866651922,4.67718289473851
Train,4.69580904864332,4.72804199611528
Train,4.80119612694177,4.8176633684543
Train,4.90227187880251,4.91128329335334
Train,4.99952458775658,4.99157235645725
Train,3.54158992248062,3.684325365939
Train,3.64932670739794,3.66297849219518
Train,3.75211986612313,3.79020043531273
Train,3.85070847423054,3.94455047598058
Train,3.94514966718438,3.96970313406018
Train,4.03551265646732,4.10796555464185
Train,4.12241475598331,4.18207611287289
Train,4.20587791784939,4.23927523686325
Train,4.28593634000573,4.32704784808448
Train,4.36311315704935,4.43110368566522
Train,4.43740690585964,4.44978276668917
Train,4.50897617693706,4.5094574692157
Train,4.57782520133718,4.5720238242975
Train,4.64438162176282,4.6412839322802
Train,4.70862447931945,4.70305208969148
Train,4.77054367453595,4.77105752116768
Train,4.83051144087317,4.81287073721069
Train,4.88849790715506,4.87412087970552
Train,4.94448323047384,4.93521062053333
Train,4.99879439946019,4.97761456112494
Train,2.96861348794602,2.86533323192816
Train,3.12006243081936,3.08499202613166
Train,3.26476624008512,3.21189762981521
Train,3.40266121368909,3.40343993533133
Train,3.53445711150059,3.52375585156551
Train,3.66054982043774,3.54581461577982
Train,3.78152260636192,3.71407618519697
Train,3.89725686105017,3.88244479281275
Train,4.00828840077774,3.97199287732292
Train,4.11489815131868,4.05708279280771
Train,4.21753284398514,4.10175653114857
Train,4.31604901785331,4.2666134578576
Train,4.41086311100029,4.38375064449065
Train,4.50217995229034,4.39280855357174
Train,4.59035105331564,4.54908805823106
Train,4.67522415541327,4.641302622902
Train,4.75713090727361,4.65341068555063
Train,4.83622415071686,4.82333292206386
Train,4.91278683353426,4.87969268966117
Train,4.9866665259708,4.91184153138602
Train,3.73112152025016,3.73077636743437
Train,3.78505566398762,3.78032298007201
Train,3.83767877916289,3.83697649072565
Train,3.88948073095055,3.888953707361
Train,3.94004384196557,3.9388819670221
Train,3.98983758678971,3.98952041404118
Train,4.03845933128003,4.04403270850344
Train,4.08635942430598,4.07862245748765
Train,4.13335100761955,4.13616193086091
Train,4.17926194807307,4.17504828897654
Train,4.22451603560118,4.22560178264575
Train,4.26874498367226,4.26955142539737
Train,4.31235618914258,4.30709493458744
Train,4.3551776152622,4.35867124426841
Train,4.39705010271392,4.39830962783708
Train,4.43835819269686,4.43815971295408
Train,4.47876383934296,4.48167816519344
Train,4.51863742212504,4.51243732525836
Train,4.55765197739223,4.56208558969047
Train,4.59616450056517,4.59935064086676
Train,3.37596356618039,3.38743688930663
Train,3.43385252019318,3.43479580557141
Train,3.49038089165988,3.48081758808985
Train,3.54607214981692,3.54061555892986
Train,3.60070894756255,3.61374145030277
Train,3.65409103245976,3.65697644553438
Train,3.70671106027392,3.68557492366017
Train,3.75814070601598,3.7721235582394
Train,3.80885360351466,3.81084123122491
Train,3.85864962627429,3.85698128391959
Train,3.9073436005585,3.91314587678971
Train,3.95538263564551,3.96284506288248
Train,4.0025760387495,4.00342731877754
Train,4.04874695189893,4.05142908023299
Train,4.09431815382023,4.08959001589392
Train,4.13891553375531,4.16188409239112
Train,4.18294676083556,4.19359909232116
Train,4.22623552293009,4.21166365422687
Train,4.26861771268798,4.25865297683777
Train,4.31047981209282,4.32340615264911
Train,3.80648744678725,3.94427310289757
Train,3.88817414648541,3.95670854688433
Train,3.9673419079164,4.04893666328826
Train,4.04410547507773,4.12944880463328
Train,4.11857272703358,4.17980831567911
Train,4.19084518374526,4.24789333010813
Train,4.2610184678258,4.31985270852783
Train,4.32918272663514,4.40026266657151
Train,4.39542301863376,4.46055137016992
Train,4.4598196674767,4.49343979889454
Train,4.52229338230476,4.56689262139844
Train,4.58323054925241,4.64507792123732
Train,4.64253958882269,4.67411600324522
Train,4.70028489160498,4.73644072851312
Train,4.75652749693512,4.78850636382776
Train,4.81132530811805,4.8468078711303
Train,4.86473329127436,4.89090359880902
Train,4.91680365924644,4.92739131900998
Train,4.96758604185765,4.95805298976484
Train,5.01712764369139,5.01471496312115
Train,3.95502014602191,4.00581760814021
Train,4.02500081959128,4.02538362678024
Train,4.09305442226825,4.07817484411135
Train,4.15907340829941,4.12334993359582
Train,4.2235091680474,4.2114329566175
Train,4.28624086887074,4.27383068234121
Train,4.34733522654095,4.34734434058555
Train,4.40685551903343,4.38693921000231
Train,4.46469864100186,4.4083922371974
Train,4.52125203507968,4.53480898475937
Train,4.57640252576081,4.5695028660557
Train,4.63020167561379,4.63941193221217
Train,4.68255079228133,4.67326212548505
Train,4.73379562519591,4.729089480943
Train,4.78382929000936,4.77208038662866
Train,4.83269422403237,4.8203557492925
Train,4.88043090488689,4.85852544389491
Train,4.92694657720347,4.92561448493143
Train,4.9725438458373,4.94107189709393
Train,5.01712351890589,4.98351900365014
Train,4.29841779401732,4.36255793666896
Train,4.37576636230952,4.4826089815615
Train,4.45075305317021,4.46389383358473
Train,4.5231857571375,4.54916860910271
Train,4.5933367703075,4.60368360456778
Train,4.66131223366984,4.66251341793941
Train,4.72734756112364,4.72821557721363
Train,4.79126085126198,4.78638089046945
Train,4.85328020296701,4.85266173324635
Train,4.9134885715682,4.91077352380307
Train,4.97208470727067,4.97346608923908
Train,5.02889781816455,5.03085473521787
Train,5.08412163022613,5.0846314819355
Train,5.13782191247937,5.12707392587436
Train,5.19016865083657,5.19321876938557
Train,5.24100222806338,5.22313165373271
Train,5.29048916075971,5.29282607231471
Train,5.33868226082581,5.33019408626569
Train,5.38572856464135,5.38955132567753
Train,5.43147925079419,5.41999286044484
Train,3.80634689857586,3.83070138804396
Train,3.88818389374431,3.90514990164775
Train,3.96747550726277,3.9775102409094
Train,4.04433867437772,4.04900396431003
Train,4.11888327566754,4.13179137581392
Train,4.19121266114529,4.20621513318292
Train,4.26142412832175,4.2632703319232
Train,4.32960935887922,4.34107742685774
Train,4.39585481807703,4.42096475600374
Train,4.46024212054759,4.46719008380933
Train,4.52300872452169,4.53854146712547
Train,4.58390245932309,4.5996340789261
Train,4.64315717150108,4.66916705348558
Train,4.70083815648239,4.71362642800159
Train,4.75700728682593,4.7741334798302
Train,4.81172323361019,4.82164318421565
Train,4.86504167085719,4.87703728200177
Train,4.91701546449018,4.92287181633401
Train,4.96769484717344,4.95968693317627
Train,5.01712758024944,4.99444960056462
Train,2.12720289941401,2.15596088378334
Train,2.36895047556817,2.38124537833573
Train,2.59548052387839,2.58742954859372
Train,2.80765710218812,2.78370847698352
Train,3.00729918255065,2.98195737350579
Train,3.19501675556925,3.1281536591996
Train,3.37228899382507,3.25216512216502
Train,3.53954566493507,3.3752399114328
Train,3.69780982440076,3.57912650968137
Train,3.847975427811,3.74284341941348
Train,3.99029174654648,3.86302389855518
Train,4.12569721510124,3.98138796113926
Train,4.25436026838331,4.06786715253475
Train,4.37692578806624,4.16606054197109
Train,4.49396396148388,4.32097232393426
Train,4.60555980148241,4.44492971612817
Train,4.71235215167378,4.52362717456344
Train,4.81438775880535,4.65871336709461
Train,4.91222314216942,4.7542204976362
Train,5.0058764458363,4.83238672542575
Train,2.12577628543865,2.07809261559305
Train,2.35910542133341,2.34825720453046
Train,2.57855324877811,2.57706572105599
Train,2.78578953414083,2.78009506584203
Train,2.98136385622422,2.95911257131229
Train,3.16665168472096,3.14567981001164
Train,3.34204667520501,3.2942606946508
Train,3.50869701698244,3.4159161720836
Train,3.66706131847468,3.50909817987485
Train,3.81757200684407,3.55327092936204
Train,3.96112407600752,3.6352920264344
Train,4.09787862599108,3.70398474441754
Train,4.22860351212244,3.79015534490463
Train,4.35354693058741,3.9528274276945
Train,4.4729484448728,3.95145631950618
Train,4.58742855121314,4.01397171287317
Train,4.69703584038648,4.46116837452428
Train,4.80231404988286,4.57289184681576
Train,4.90328461943615,4.71876343951226
Train,5.00042743712401,4.64679931804494
Train,2.1252327531892,2.47012653202
Train,2.35262959634089,2.8361329890231
Train,2.56774878669824,2.96023572515151
Train,2.77155853240541,3.2321470340521
Train,2.96511758587159,3.56790865381117
Train,3.14881931227696,3.32950868132502
Train,3.32356945527173,3.46403031171212
Train,3.49000675358271,3.70294107514746
Train,3.64871058829585,3.82072255387175
Train,3.8002077213954,3.86127152023801
Train,3.94512068778491,3.89358916958372
Train,4.08359654600292,4.10961035640139
Train,4.21618537723349,4.25090968997574
Train,4.34325478055089,4.36979069939116
Train,4.46514237411475,4.47385766578373
Train,4.5821587906009,4.60866821849959
Train,4.69470132429505,4.7211721877502
Train,4.80280802993744,4.80838369299272
Train,4.90683873015391,4.91000410252491
Train,5.00701967939389,4.97134686616482
Train,2.12563825515184,2.17050943552022
Train,2.35957580661594,2.40536040423103
Train,2.58003484437923,2.58519378815254
Train,2.78760067177418,2.81348233314566
Train,2.98388817134336,2.97933802743501
Train,3.16930290688473,3.15347266083154
Train,3.34518694965435,3.31439183705697
Train,3.51181632770522,3.52125530441481
Train,3.67011147006798,3.65957560251627
Train,3.82088143765786,3.82956575484423
Train,3.96427068415346,3.94860779427108
Train,4.10116975320082,4.06776754253769
Train,4.23166360433955,4.18099101008193
Train,4.35635636626489,4.28713675040126
Train,4.47578455163636,4.41963220663274
Train,4.58997152137304,4.55412710639393
Train,4.69954497021306,4.71265229872733
Train,4.80450006980822,4.79303452909153
Train,4.90539009692318,4.87203919593958
Train,5.00218930263703,4.96294853182008
Train,2.12939867670262,2.21311598754983
Train,2.34317312485391,2.39423941747191
Train,2.54732380204281,2.59806027586092
Train,2.74248627156825,2.75507529393144
Train,2.9292413378717,2.9507563968964
Train,3.10812081958014,3.14994560153536
Train,3.27961260727194,3.290239629383
Train,3.44416510726636,3.48005525522603
Train,3.60219115666688,3.60110540847927
Train,3.75407148162967,3.77580022444818
Train,3.89996118436959,3.9101854863311
Train,4.04058605359105,4.0415117438115
Train,4.17604326244209,4.18676960879384
Train,4.30661252207658,4.31323206047637
Train,4.43255371475526,4.43051214828301
Train,4.55410862035029,4.54508677640297
Train,4.67150246554501,4.6641177751535
Train,4.78494531661465,4.78282175698587
Train,4.89463333390844,4.89167909154276
Train,5.00074990379376,4.98569299648625
Train,4.29664048019049,4.3081214739741
Train,4.37365588780181,4.37598032939241
Train,4.44823768943357,4.44846090547799
Train,4.5203392141586,4.51850144816126
Train,4.59039238254246,4.59179161530119
Train,4.65833204598888,4.65501679215049
Train,4.7242524298127,4.72664196993719
Train,4.78824224028073,4.78379445218707
Train,4.85024711697362,4.86291056185655
Train,4.91062567773854,4.92575061752177
Train,4.96931032269479,4.96809468588981
Train,5.0263713497548,5.02400544217744
Train,5.08175191326154,5.08025921419539
Train,5.13576480681074,5.13943631635448
Train,5.18834283744974,5.18753221221777
Train,5.23954243180047,5.24241657057064
Train,5.28941709609736,5.28574490610481
Train,5.33790953720273,5.33379570010948
Train,5.38528680582464,5.38732780603095
Train,5.43148383603301,5.41325755587786
Train,4.29937141013488,4.29615693896631
Train,4.37682219789931,4.37412641380979
Train,4.45173384738423,4.45015330285423
Train,4.52422920908456,4.5264449203969
Train,4.59442333415318,4.58969206970687
Train,4.66242408367159,4.66435590152287
Train,4.72833268168494,4.7266703232126
Train,4.79224421796532,4.79488321150166
Train,4.85424810575537,4.84916178729145
Train,4.91442849912591,4.91320616500343
Train,4.97286467404463,4.97388204541312
Train,5.02963137678428,5.02999973589249
Train,5.08479914289027,5.08087931476621
Train,5.13843458956968,5.13913591471828
Train,5.19060068405011,5.19111121518654
Train,5.24135699018136,5.23970376663783
Train,5.29075989531044,5.29440646444164
Train,5.33886281924671,5.33644534429914
Train,5.38571640694519,5.38439253814249
Train,5.43136870636914,5.42981292127297
Train,3.80292719277638,3.90507517764854
Train,3.88437856516371,4.00803500833899
Train,3.96337632575466,4.04172161349015
Train,4.04002969703647,4.1167617157098
Train,4.11444151356633,4.1299591037241
Train,4.18687393367971,4.16699809310012
Train,4.25708319310227,4.32081443127026
Train,4.32532567877965,4.42199559471555
Train,4.39168289208522,4.43412875699323
Train,4.45623189261983,4.49135256417139
Train,4.51904559673657,4.544797081262
Train,4.58019305230894,4.64617935869683
Train,4.63973969191895,4.654787956375
Train,4.69774756641705,4.68423051964237
Train,4.7542755606066,4.77910739444087
Train,4.80950583020654,4.80463775096905
Train,4.86323591520112,4.82791699481641
Train,4.91564581305726,4.88848902103564
Train,4.96678359019412,4.92469247880581
Train,5.01669500762288,4.98206672314154
Train,3.80561764372524,3.89112260386901
Train,3.88720640513784,3.95158711081422
Train,3.96647764657886,4.02006333976533
Train,4.04316928642668,4.08935766057402
Train,4.11757872739867,4.16802724162335
Train,4.18997538778694,4.22939430603583
Train,4.26011091214848,4.30191539086991
Train,4.32824858438096,4.36004421348844
Train,4.3946276582346,4.42774778824241
Train,4.45901319711333,4.49469855575626
Train,4.52163988787521,4.54209300192451
Train,4.58257883023192,4.59240136324297
Train,4.64203636402681,4.65468513071573
Train,4.69979460762681,4.70078544137868
Train,4.7560568274691,4.76101098334038
Train,4.81100895772219,4.8122383632217
Train,4.8644451496216,4.8654284536442
Train,4.91654906803902,4.91576303341935
Train,4.96748914879306,4.97560610080473
Train,5.01707087650369,5.01038608379895
Train,4.29926837072573,4.43659396473959
Train,4.3765189847937,4.46000641449973
Train,4.45140841274446,4.49918177578002
Train,4.52376583722763,4.56228064494644
Train,4.59398556820681,4.62882767138763
Train,4.66190041917752,4.68778785312679
Train,4.72787398891343,4.74743400920488
Train,4.79174320336244,4.78892410140907
Train,4.85372563062882,4.86629876532243
Train,4.91401903176114,4.93004377438774
Train,4.97246704161038,4.96744940410645
Train,5.02937065399834,5.0339997266492
Train,5.08457816591872,5.09354008811897
Train,5.13826701551487,5.14979767680234
Train,5.19059925354224,5.19629398091638
Train,5.2414302435442,5.240474355267
Train,5.29101341218977,5.30301503894952
Train,5.33920880350811,5.34108897164515
Train,5.38625396759431,5.39217929350343
Train,5.43201355690896,5.45266606437872
Train,2.12722064098751,2.19258628694661
Train,2.36648512160242,2.44929526497617
Train,2.59108522115809,2.66630861321391
Train,2.80176800019963,2.87809588800519
Train,3.00031560119314,3.07990213599078
Train,3.18724847838958,3.27141708554518
Train,3.36402723453242,3.43360633598422
Train,3.53101118752063,3.59046623015274
Train,3.6894145845325,3.75274198065199
Train,3.83948070424567,3.90083058630444
Train,3.98223183490613,4.03430001639026
Train,4.11782682944623,4.17909085526117
Train,4.2471361282419,4.30245176724566
Train,4.37025666284832,4.43211150431307
Train,4.48793711199598,4.53825232882264
Train,4.6002287231584,4.64411408745582
Train,4.70778133097119,4.75095066128961
Train,4.81061235358852,4.83787511615992
Train,4.90929048465327,4.93449947919908
Train,5.00380805803415,5.02390682055557
Train,1.39319080042102,1.32108773279469
Train,1.50113012877037,1.45089323314096
Train,1.6063474017394,1.50939508279771
Train,1.7089443058975,1.71196951123966
Train,1.80939333433093,1.76512669295153
Train,1.90702577795434,1.92876601772878
Train,2.00231441553937,1.94545733815175
Train,2.09534264564486,2.06792469395077
Train,2.18618995650004,2.0931995346491
Train,2.27493215252998,2.23796645137372
Train,2.36196746862453,2.32903863066895
Train,2.44670581466237,2.41236039978321
Train,2.52954664049928,2.48467069171602
Train,2.61055297632279,2.56626656506705
Train,2.68978509131488,2.6300916250002
Train,2.76730064319489,2.74784230978548
Train,2.84344013462197,2.79864444513805
Train,2.91767976021737,2.8833792094847
Train,2.99036167092162,2.95101084175076
Train,3.06153438429168,3.01121465659162
Train,1.56109793891969,1.61617222676432
Train,1.6656878982115,1.71022856469244
Train,1.7675620934572,1.80548375693252
Train,1.86682494454299,1.89043799772116
Train,1.96393878639749,2.00733180988755
Train,2.05826237692066,2.08973195267572
Train,2.15025779863353,2.19420890134279
Train,2.24001019922683,2.29352810512319
Train,2.32760062427873,2.35590037867405
Train,2.41310626134646,2.45189990411018
Train,2.49691438833093,2.52428557202256
Train,2.57846044761871,2.61680691700712
Train,2.65813257280663,2.69915061673237
Train,2.73599462483371,2.76951673044823
Train,2.81210759551406,2.83909596327248
Train,2.88652976687614,2.92852241547007
Train,2.95959056535686,3.04785042354706
Train,3.03078996389235,3.06847797122828
Train,3.10045878079482,3.13395582148951
Train,3.16864584584779,3.17440499217628
Train,0.344694174001131,0.43616368173025
Train,0.552936784146457,0.578165616494516
Train,0.752101096541526,0.759277771947382
Train,0.943651842395905,0.992210076074116
Train,1.12759071777016,1.18851380863998
Train,1.30436260562312,1.40619494347811
Train,1.47398504689747,1.48314722936993
Train,1.63763938489299,1.70358376489821
Train,1.79526894815214,1.89400671755175
Train,1.94720041775546,2.04970216652873
Train,2.0933977916145,2.14015476115856
Train,2.23483408583172,2.28259676000744
Train,2.37142042321581,2.4701351656422
Train,2.50340206172452,2.56986626442631
Train,2.63071201679654,2.73264445145833
Train,2.7541658816878,2.75524528381357
Train,2.87365796546413,2.94475631807472
Train,2.98937596382693,3.03431639255541
Train,3.10123556800639,3.14932478681658
Train,3.20993059716851,3.27229914889358
Train,2.12448753889449,2.14456075629278
Train,2.37622797953964,2.37377101956372
Train,2.61047112295244,2.55702051564367
Train,2.82839227543483,2.85533524115635
Train,3.03191388259147,2.98901751327139
Train,3.22267470115968,3.17288137236574
Train,3.40135497169036,3.37498914021126
Train,3.56952092643052,3.5235548342007
Train,3.72764548591893,3.72482539228258
Train,3.87680367195223,3.85776717734552
Train,4.01792824162725,3.99901291406422
Train,4.15128883999401,4.13570722129589
Train,4.27768033745126,4.24869095551185
Train,4.39779814126922,4.36865384578959
Train,4.51178767973404,4.49268673945335
Train,4.62040118807866,4.59287573162874
Train,4.72372854541256,4.70502493086497
Train,4.82228049245842,4.80820907246016
Train,4.91650887796888,4.908138345314
Train,5.00644653975295,4.99224453757051
Train,2.12456826023267,2.19368915849373
Train,2.3749758235058,2.42766934614519
Train,2.60820303671835,2.64301389634784
Train,2.82539770045133,2.88604957111238
Train,3.0286826549981,3.08206380293814
Train,3.21885977897169,3.28181397414301
Train,3.39761953264523,3.46695895982157
Train,3.56552411775455,3.63129136882708
Train,3.72373817524218,3.82138391241097
Train,3.87327114474478,3.92575751800905
Train,4.01445090612998,4.08192630266058
Train,4.14830597617044,4.21928375206517
Train,4.27506151192992,4.31562619939359
Train,4.3954242957991,4.41831215579441
Train,4.51001527665339,4.58498224264622
Train,4.61895534132228,4.62852846390888
Train,4.72292328045329,4.73142645866756
Train,4.82199282961842,4.82007083943972
Train,4.91674931430864,4.91668745202333
Train,5.00723153652459,5.01199239382913
Train,4.29777857691016,4.27551356791446
Train,4.3428579851726,4.27493639285422
Train,4.3871174397523,4.34664907667138
Train,4.43043972127265,4.30303744502453
Train,4.47312746448745,4.43232032100059
Train,4.51505935637664,4.46296410605282
Train,4.55625529601209,4.55323509955269
Train,4.59673449003953,4.56087264689086
Train,4.63638784818747,4.60851768772955
Train,4.67549072235413,4.62574256013249
Train,4.71393055226305,4.61048338765613
Train,4.75172406041017,4.70775796684393
Train,4.78876814134699,4.76130576399373
Train,4.82531893001252,4.75725719146794
Train,4.86127026145525,4.81389516314266
Train,4.8966367629717,4.80528578450503
Train,4.93143258980558,4.92459698386301
Train,4.96556152266146,4.94192053773986
Train,4.99925840982208,4.94332901809685
Train,5.03242439924131,4.98724630568904
Train,4.11319932305378,4.16146756972194
Train,4.17075527596145,4.22122172186209
Train,4.22703769537236,4.29129442108933
Train,4.28208838774211,4.33690434103119
Train,4.33594734948429,4.42749221527265
Train,4.3886528638804,4.47698072573439
Train,4.44024159182955,4.56211600503775
Train,4.49074865688979,4.57010614809224
Train,4.54020772502586,4.63973442377028
Train,4.58865107944364,4.68022086492601
Train,4.63623981531012,4.69926151517393
Train,4.68274080267558,4.70532489002289
Train,4.72831538864822,4.75383165368839
Train,4.77299098409923,4.85542445696592
Train,4.8167939290642,4.87040276501648
Train,4.85974954452899,4.87291232632379
Train,4.90188218123922,4.95058758869345
Train,4.94321526573096,4.95250883478184
Train,4.98377134376546,5.00201180267686
Train,5.02357212133719,5.05067398656138
Train,5.34085887621603,5.34471729209508
Train,5.36721410677892,5.37038292197758
Train,5.39309427560669,5.3781420532232
Train,5.41869783892018,5.42360635459045
Train,5.44393691019073,5.44312171466663
Train,5.46872871561533,5.4755424335417
Train,5.49326303674949,5.4901437072258
Train,5.51736737991601,5.51555649713555
Train,5.54122606221557,5.54762126838614
Train,5.56475674883235,5.56876103211289
Train,5.58788171936932,5.57700073505475
Train,5.61077752604846,5.61225168576493
Train,5.63336492605065,5.63599116840123
Train,5.65556902245966,5.66189328642395
Train,5.6775590877445,5.67445545097144
Train,5.69917984269011,5.69677687040348
Train,5.7205959589905,5.72850451968043
Train,5.74173298466496,5.72824663659776
Train,5.76252041036768,5.76256706590175
Train,5.78311634976733,5.78530433164087
Train,4.29084151725906,4.3005149477649
Train,4.33470010483652,4.35361526877205
Train,4.37773721269599,4.40191198620232
Train,4.41997570640715,4.41374876049485
Train,4.46143761073512,4.47881522437092
Train,4.50214414793565,4.51430597440594
Train,4.54211577397613,4.52958605123968
Train,4.58137221281241,4.60811529685452
Train,4.61993248884198,4.63383213429915
Train,4.65781495764588,4.66548775463889
Train,4.69503733512348,4.69019251335158
Train,4.73161672511755,4.74812724628282
Train,4.76756964561985,4.76334276577836
Train,4.80291205364186,4.81317916145781
Train,4.8376593688291,4.84508877175358
Train,4.87182649589264,4.88134747874574
Train,4.90542784592618,4.91179691962679
Train,4.93847735667297,4.94066187744647
Train,4.97098851180219,4.97943923943603
Train,5.00297435925108,5.00891564933954
Train,2.12575379185299,2.1509421317096
Train,2.36184053442118,2.32083730655177
Train,2.58347892805492,2.5647742645142
Train,2.7924929982796,2.71639140898333
Train,2.9896772068128,2.86746112316177
Train,3.17600824102762,2.99101384107053
Train,3.35213082445846,3.16591848415919
Train,3.51929238149203,3.35675209299734
Train,3.6779546371834,3.5168040859935
Train,3.82874973914072,3.62525269111757
Train,3.97206318977672,3.84580792206361
Train,4.10879162028897,3.98684516353751
Train,4.23920961072463,4.10570806031865
Train,4.36374417654053,4.22577447201547
Train,4.48263045988161,4.34572072480296
Train,4.5965391637794,4.45888634517723
Train,4.70563476099865,4.58176082536374
Train,4.81021599991231,4.68258972544572
Train,4.91042719373235,4.78922131864601
Train,5.00678659759685,4.85499092931059
Train,2.12996243104071,2.87327040181663
Train,2.36380029922344,2.76363786547881
Train,2.58364577230244,3.01266841843244
Train,2.79111200653752,2.99902684394146
Train,2.98702950983806,3.22465295258735
Train,3.17216022997999,3.30163001125038
Train,3.34770506440688,3.45039954815002
Train,3.51407231242874,3.5556443509995
Train,3.67226467345,3.71212495111649
Train,3.82272654759459,3.84215700377536
Train,3.96587434985148,3.99894060646329
Train,4.10248942550304,4.10791687716119
Train,4.23288425011461,4.25079719481073
Train,4.35735511051347,4.37164640117771
Train,4.47652448724171,4.48226171827446
Train,4.59050556296247,4.59814347615611
Train,4.69983909093505,4.704490209293
Train,4.80470308896046,4.80440572442239
Train,4.90526970660568,4.9105082486094
Train,5.0019830391867,5.00593409925204
Train,2.8140817237395,2.79122092856414
Train,2.97068681228013,2.92502181223608
Train,3.1209826968802,3.06079039580618
Train,3.26579719494306,3.21665735858369
Train,3.40520539118592,3.31310956947891
Train,3.53950448495652,3.39207056601481
Train,3.66876686011091,3.63076800200361
Train,3.7936627984433,3.73962924632178
Train,3.91421987871646,3.85407251966717
Train,4.03066033720511,3.9405254211415
Train,4.1430144555583,4.09972105483394
Train,4.25183571848964,4.15200263363295
Train,4.35712206066402,4.3119888071451
Train,4.45904297040337,4.39363057766241
Train,4.55760180901993,4.47584991592885
Train,4.65326326365141,4.53901401887197
Train,4.74600677289787,4.64697138358315
Train,4.83596383955697,4.63623999528136
Train,4.92312057439473,4.81468715292976
Train,5.00787267668211,4.90879049853902
Train,2.75198417435638,2.7762335655425
Train,2.93176011806198,2.89991619601278
Train,3.10151818265004,3.03065009573584
Train,3.26186363350618,3.20058333431371
Train,3.4139548263443,3.37962428963874
Train,3.55822434517798,3.42586193825991
Train,3.69526043797068,3.52390206787459
Train,3.82559380780036,3.83743702150423
Train,3.94954207967051,3.93504394432421
Train,4.06787280033881,3.93041876432289
Train,4.18081116729331,4.19456809645089
Train,4.28871756503328,4.2885136292407
Train,4.39178563246932,4.39627595952334
Train,4.4905926500313,4.49971323280624
Train,4.58527299341893,4.59291073792701
Train,4.6760799001637,4.69443563506502
Train,4.76324630290442,4.78874118418025
Train,4.84687677479604,4.83900854654348
Train,4.92739369372744,4.90095637133527
Train,5.00486566914305,4.96796172028189
Train,3.8417176507736,3.77824938128106
Train,3.91584784032434,3.91239611287529
Train,3.98835474569483,4.02505185319023
Train,4.05893737521305,4.04639626559219
Train,4.12784305434423,4.02811437080891
Train,4.19513084467693,3.98791480314685
Train,4.2610215263498,3.93702938123715
Train,4.32523616459041,4.08435775224643
Train,4.38799439595774,4.21272375558146
Train,4.44934521247906,4.36747998077408
Train,4.50948561884176,4.21330069930991
Train,4.56815673274474,4.53410830235589
Train,4.62555494466262,4.38085097037219
Train,4.68172123451424,4.5839619093349
Train,4.73683253413611,4.66092879286225
Train,4.79064817149392,4.70239542977652
Train,4.84334483339475,4.75677728565097
Train,4.89495706061632,4.84825896043003
Train,4.94564468222251,4.87928808439028
Train,4.99518356304237,4.81077935116991
Train,3.98253890065541,3.9790300970144
Train,4.08761369672928,4.07505322270481
Train,4.18854649511616,4.19542908821677
Train,4.28521546873796,4.25715081404633
Train,4.37823206549898,4.37983407981301
Train,4.46746501188722,4.46325411635007
Train,4.55346149080236,4.54810568017092
Train,4.63608455940227,4.61878494950906
Train,4.7156775834943,4.71420734656931
Train,4.79254802685745,4.78593375509081
Train,4.866555381053,4.84907543688496
Train,4.93812420924155,4.88605822618047
Train,5.00711390613794,5.02162029752617
Train,5.07378616767312,4.96092480399602
Train,5.13837683026624,5.11017110339162
Train,5.20074737278202,5.15931957028079
Train,5.26123676121662,5.21590373795152
Train,5.31970887196367,5.23928849744698
Train,5.37647556806557,5.31189508730313
Train,5.43140365366362,5.32578117234516
Train,2.57541751153218,2.64583199279332
Train,2.66773351037141,2.70183570134213
Train,2.75724372216523,2.77898792239648
Train,2.84457538205123,2.9762036959437
Train,2.92956155818734,3.00337881727864
Train,3.0120574683691,3.08280317671233
Train,3.09263369745496,3.11049575513061
Train,3.17112960087315,3.21785559208365
Train,3.24740453320948,3.32082050928148
Train,3.32197990350572,3.38791854271767
Train,3.39470159682592,3.37897529351903
Train,3.46563787842457,3.497037279285
Train,3.53465434688069,3.58952833736475
Train,3.60221630237717,3.68611728365431
Train,3.66817838554342,3.5216346846064
Train,3.73241114170206,3.73983656219934
Train,3.79534363890809,3.75851980690641
Train,3.85683695974665,3.74696900904019
Train,3.91676666194235,3.86584806542851
Train,3.9755297286727,3.90296981935535
Train,3.80579671084509,3.79955392593729
Train,3.88761316313648,3.87185532670264
Train,3.96672438214273,3.96804688049451
Train,4.04359978103431,4.03752904140492
Train,4.11816832579792,4.12864828221427
Train,4.19037317230911,4.1828098423648
Train,4.26063355140795,4.25485816392393
Train,4.32872618057114,4.33143957483844
Train,4.39504124743278,4.37621204835341
Train,4.45950510390379,4.44065324380972
Train,4.52205618977385,4.45389478368452
Train,4.58304654219205,4.57555931115894
Train,4.64240270334928,4.6181102598548
Train,4.70006219848319,4.67830764333303
Train,4.75634433085773,4.7444333245312
Train,4.81105583117705,4.79244104264399
Train,4.86449670167471,4.85653387111961
Train,4.9165954840518,4.91332830023384
Train,4.96729010380623,4.95509967779799
Train,5.01685478030241,5.01651823646171
Train,3.98188350097481,3.87894820673864
Train,4.08680313198991,4.07056476997241
Train,4.18743392569821,4.14558769403448
Train,4.28403358940905,4.29651781169014
Train,4.37683958905783,4.39604880110346
Train,4.46621432301762,4.42345447419575
Train,4.55206859007462,4.52173911168211
Train,4.6347388523018,4.60189957622788
Train,4.71439900882862,4.67776024535851
Train,4.79121052153352,4.78280250483476
Train,4.86532350740154,4.85961545397731
Train,4.93687771773986,4.92008784506106
Train,5.00600341769128,4.9996152472977
Train,5.07282217769136,5.06715263864862
Train,5.13744758698589,5.1392626185152
Train,5.20008659660723,5.1496500629728
Train,5.26063413302367,5.2575128455901
Train,5.31928749055971,5.32043386992336
Train,5.3761341869516,5.34460336237316
Train,5.43125643020805,5.42558097596157
Train,3.80668383142648,3.74940649557539
Train,3.88882324463649,3.83249224376777
Train,3.96818513953141,3.93080657460268
Train,4.0452662335182,4.02434249912403
Train,4.11998889692586,4.08179956348249
Train,4.19229098888572,4.16029690532378
Train,4.26261526232672,4.23519795868378
Train,4.33088218963967,4.30418168135111
Train,4.39702627130198,4.36681789410977
Train,4.46144474884924,4.4284371238482
Train,4.52405781885642,4.49917340835418
Train,4.58494033062171,4.55354010524388
Train,4.64402494988882,4.62646115941061
Train,4.7016585324601,4.65175335875938
Train,4.75776254791856,4.73440617485358
Train,4.81226961763522,4.78847622584908
Train,4.86549494651916,4.82384688933598
Train,4.91736174083572,4.89397006730906
Train,4.96780333482289,4.92681254168747
Train,5.01710749632245,4.98239781654047
Train,3.8065923949056,3.86597696246099
Train,3.8886064197217,3.91021571034071
Train,3.96786976195571,4.0050047164259
Train,4.0448689179732,4.06721980640941
Train,4.11935854780802,4.14390040772196
Train,4.19178912752817,4.22365706429628
Train,4.26192366820588,4.27296934838523
Train,4.33018053607644,4.35757614668546
Train,4.39633105603756,4.41570858756859
Train,4.46076484849178,4.46923343530761
Train,4.52326142725459,4.53948747999675
Train,4.58418457612679,4.6049574374083
Train,4.64332181158807,4.65652781190147
Train,4.70101360927798,4.71690500016484
Train,4.75705526032968,4.79202161804642
Train,4.81176613996812,4.81101489180583
Train,4.86494905877313,4.85209251161905
Train,4.91690422774519,4.92274914542213
Train,4.96744170531372,4.96619810084485
Train,5.01684424331222,4.99974933956946
Train,3.80598169005923,3.82739116634184
Train,3.88779166806166,3.89434125091248
Train,3.96724349491768,3.9742572299383
Train,4.04408185478775,4.04161920414481
Train,4.11860531520063,4.12022338461975
Train,4.19091693476019,4.19198611259708
Train,4.26127611010044,4.2632429194382
Train,4.32944489962584,4.32813465760046
Train,4.3956767528864,4.40303246287112
Train,4.4600530671393,4.46625604781184
Train,4.52279565009858,4.51278250758151
Train,4.58368347116849,4.58097564266063
Train,4.64293431625981,4.63691315201686
Train,4.70061332515475,4.70146051698794
Train,4.75691234861754,4.75722694943033
Train,4.8116263403641,4.80543139449583
Train,4.86494444162969,4.86260495161514
Train,4.91691939854648,4.91801473325904
Train,4.96771882120041,4.9626537746517
Train,5.01715252220658,4.99805027395996
Train,3.80611745251136,3.78713991654877
Train,3.88797624132592,3.81963595307752
Train,3.96729311878952,3.94260603819566
Train,4.04401258563774,3.98933101980583
Train,4.11859352704821,4.07389924119707
Train,4.19096154830705,4.15195136032344
Train,4.26121370022128,4.25339000087479
Train,4.32944144029445,4.2753814233638
Train,4.39558250687602,4.3531281038031
Train,4.46001950625772,4.43862061947948
Train,4.52267654508243,4.51434454157061
Train,4.58362637107861,4.55358968956534
Train,4.64280482988252,4.61080457772732
Train,4.70054659279845,4.70872099796907
Train,4.75677680023322,4.71971791095893
Train,4.81155403926451,4.75570361169594
Train,4.86493390785072,4.86020907774036
Train,4.91685242712222,4.88165097498131
Train,4.96759620615572,4.92448634312677
Train,5.01709318144252,4.94574485098929
Train,2.13110503377716,2.26671971599535
Train,2.35756594039655,2.39004808370555
Train,2.57210037883986,2.58067404561916
Train,2.77517082443318,2.75500842207839
Train,2.96810411893084,2.95719360153089
Train,3.1512295209872,3.07384727398312
Train,3.32566733230252,3.27144809130914
Train,3.49164818564297,3.47080597581589
Train,3.65012812832061,3.59190130526258
Train,3.80126413950996,3.73583428324855
Train,3.94587996244982,3.88835864901921
Train,4.08407718700531,4.05526288647161
Train,4.21657174553676,4.14406190182854
Train,4.34342335170367,4.24371946233805
Train,4.46525915279511,4.4323396606087
Train,4.5821070869374,4.48266664915354
Train,4.69452047452633,4.6894277254778
Train,4.80250309683787,4.76935984520605
Train,4.90654633848788,4.88896680294965
Train,5.00663561660344,4.95689407857753
Train,2.12542718901151,2.09990464120347
Train,2.35680946642296,2.30401818811515
Train,2.57479096064832,2.53069476030214
Train,2.78093242996199,2.71895281009893
Train,2.97596930016715,2.92180252366234
Train,3.16058243735891,3.10410025840065
Train,3.33595177927774,3.30983345962704
Train,3.50240607310473,3.47437724817792
Train,3.66093959731246,3.62637429734968
Train,3.81194632167764,3.77777895912732
Train,3.95579907932705,3.90499093322796
Train,4.09328230255759,4.06917549438185
Train,4.22467195265162,4.17807443572747
Train,4.35023256725699,4.34476895181797
Train,4.4705959788426,4.42080542780968
Train,4.58583598150907,4.57901323687292
Train,4.6965051107009,4.69331310282905
Train,4.8027582378426,4.77312598914796
Train,4.90474721886879,4.8818461885312
Train,5.00292996845484,4.96667370164869
Train,3.09471856431002,3.22550613484418
Train,3.23500323401663,3.32428537307715
Train,3.36948600584679,3.43192368884229
Train,3.49814142093172,3.57808619003845
Train,3.62152099346461,3.73451839971858
Train,3.74011669859572,3.80091748633276
Train,3.85386675800813,3.92680851817568
Train,3.96338341441379,4.01214015161531
Train,4.06858886865565,4.10690454705764
Train,4.16988148579777,4.18954193692116
Train,4.26761921468376,4.30787510157643
Train,4.36170860181815,4.38924640161713
Train,4.4524835826098,4.51386870173701
Train,4.54024536245122,4.59331247573209
Train,4.62489176091581,4.65037824957835
Train,4.70682671634155,4.7396471597458
Train,4.78594487316106,4.80224486753468
Train,4.86250170191183,4.88180104197454
Train,4.93672894857503,4.94909346300665
Train,5.00851923481957,5.01557058148319
Train,3.12102400733333,3.09683757185485
Train,3.2516600495853,3.21940513430127
Train,3.37764850734976,3.33002042789485
Train,3.49961886205335,3.43160408126278
Train,3.61738623568338,3.52375908018439
Train,3.73152542089861,3.67090902323253
Train,3.84185090945959,3.77458432917956
Train,3.948889628503,3.86830134152115
Train,4.05245698182108,3.96980301928488
Train,4.1530377787631,4.09485272516213
Train,4.25044947762383,4.18902969077317
Train,4.34513964281639,4.29173954051657
Train,4.43692862425731,4.39327360631978
Train,4.52623089738912,4.51239337508378
Train,4.61287030698899,4.54294447195571
Train,4.69723180404271,4.65438645351605
Train,4.77914315195154,4.68832883993309
Train,4.85896285064671,4.77431625800818
Train,4.93652286807139,4.85492553113909
Train,5.01215791623429,4.91712434066903
Train,2.12802222313387,2.50438847105397
Train,2.36490506830686,2.74244922333492
Train,2.58741701361465,2.9848447704735
Train,2.79682731094542,3.10773109400543
Train,2.99426001799898,3.24590699253713
Train,3.18050290524228,3.33545471294383
Train,3.35688074995192,3.43366628184594
Train,3.5239672003733,3.57691115573289
Train,3.68247760551795,3.74997473321127
Train,3.83305571837262,3.90982043132499
Train,3.97628243440013,4.11925174666248
Train,4.11268328066721,4.25747617735215
Train,4.2427348591471,4.40957087705829
Train,4.36687041070761,4.53243584779921
Train,4.48548463667067,4.53116941230292
Train,4.59880853452407,4.67140617501536
Train,4.70743593043426,4.74498674777169
Train,4.81153385241181,4.82072597777187
Train,4.91137981519434,4.9166122445622
Train,5.00722911664882,4.99225354715418
Train,1.81038368656383,1.89037100467249
Train,2.02548317459678,2.13903716290406
Train,2.22448315080535,2.28238169647739
Train,2.40912590843956,2.39102904391257
Train,2.58091109202867,2.63751576423965
Train,2.74113651813628,2.6930401077916
Train,2.89093102363444,2.86193856560749
Train,3.03128110080254,2.90752598840299
Train,3.16305264842496,3.12110233006024
Train,3.28700885272938,3.18782811234269
Train,3.4036290244048,3.40547527761737
Train,3.51391553922327,3.47823035784677
Train,3.61819508414626,3.45124729766394
Train,3.71694542006264,3.67355633556872
Train,3.81059495178111,3.8111310089098
Train,3.8995289411069,3.67925156976344
Train,3.98409480442473,3.86768307551756
Train,4.06460664839623,4.01174221716246
Train,4.14134916861401,4.14236454465754
Train,4.21458101321029,4.2663895707301
Train,3.63871956291818,3.65635568236212
Train,3.68443844465506,3.73067288784841
Train,3.72943380900986,3.75607764128108
Train,3.77372269602578,3.78166120043898
Train,3.81732161481877,3.78596219007522
Train,3.86024656409576,3.8967553063103
Train,3.90251305172862,3.93407825971371
Train,3.94413611343421,3.95349446505679
Train,3.98513033060777,3.98932424684972
Train,4.02550984735411,4.01206716195156
Train,4.06512318277353,4.0614440334648
Train,4.10431649407969,4.15409381618701
Train,4.14293501937491,4.10415735140123
Train,4.18099131082732,4.18232518461082
Train,4.21849755776087,4.27208016636905
Train,4.25546559967218,4.22720424607178
Train,4.29190693869096,4.28389721826352
Train,4.3278327515116,4.3155676444112
Train,4.36325390082198,4.34365099570459
Train,4.39818094625394,4.42912111618352
Train,2.12394485879005,2.10577170243232
Train,2.36253145342356,2.31503825173968
Train,2.58639664325875,2.54927978674277
Train,2.79686217341245,2.69808245374952
Train,2.99509615828359,2.78671747324006
Train,3.18213477249621,3.00119621490558
Train,3.35890036774416,3.23428649281232
Train,3.52621668424383,3.31413135054026
Train,3.68482168623649,3.50799014915901
Train,3.83537844351841,3.7102955591381
Train,3.97865648210298,3.87053006962378
Train,4.11484315904178,3.93083809602103
Train,4.24460817712452,4.07825442231297
Train,4.36839527853357,4.22557782716467
Train,4.4866082419962,4.39131796442598
Train,4.59961528261212,4.48969269923145
Train,4.70775288291926,4.60741920925648
Train,4.81132913916585,4.65331325997431
Train,4.9106266928821,4.75737188586572
Train,5.00590530649725,4.89047522062901
Train,2.12454614480475,2.21188278402769
Train,2.36124242760022,2.40429902247342
Train,2.583596571022,2.55875596652186
Train,2.79287379339299,2.73945345952234
Train,2.99019474602229,2.91574575736377
Train,3.17634440962545,3.13082226073675
Train,3.35264488666534,3.3634976049143
Train,3.51966784244275,3.5025405040069
Train,3.67812682368655,3.61834958030158
Train,3.82866403305453,3.80744923057864
Train,3.97185902836873,3.92734809352805
Train,4.10823617927866,4.07859543772611
Train,4.23827108360367,4.2033423515004
Train,4.36239610883781,4.31318747788646
Train,4.4810051948849,4.43493524716359
Train,4.5943286719227,4.58088508719629
Train,4.70295978316444,4.68102653830465
Train,4.80706504866697,4.76688214361275
Train,4.90692153400672,4.87555479411094
Train,5.00278414163215,4.9639354918254
Train,3.61781769545303,3.54998727651036
Train,3.71311090183243,3.65370033237195
Train,3.8052118033507,3.7374627993122
Train,3.89461685899784,3.86534716679489
Train,3.98127783886077,3.93243821534634
Train,4.06515968127861,4.03026555233737
Train,4.14670308777205,4.13800132116739
Train,4.22570352652498,4.17728175565571
Train,4.30256964684118,4.25602456722117
Train,4.37724455012331,4.35671697514226
Train,4.44968274008806,4.44178238542554
Train,4.52025102506863,4.50833528901785
Train,4.58889006716147,4.56741359482112
Train,4.65555096029226,4.66390576513913
Train,4.72056486130055,4.67825368475678
Train,4.78375096267509,4.73990284265528
Train,4.84541951261419,4.80664687306489
Train,4.90550990522963,4.87227423422155
Train,4.96397052250287,4.91675576802299
Train,5.02108382208846,4.95191597706071
Train,3.80529054130264,3.7233937696019
Train,3.88679681874998,3.85389054103689
Train,3.96582059737692,3.91293094607681
Train,4.04247359291613,3.98252565263101
Train,4.11702058066718,4.04493899882254
Train,4.18923660522049,4.13348811237665
Train,4.2593794489494,4.25032029552858
Train,4.32753712397606,4.32460650667781
Train,4.39379273013306,4.33932557306434
Train,4.45822479296398,4.41461997956867
Train,4.52104228020264,4.43665652303389
Train,4.58204247929134,4.57938101862601
Train,4.64143038938043,4.60294067256473
Train,4.69926909806741,4.65201366953625
Train,4.75561844390338,4.69922290905015
Train,4.81053522289395,4.76390874745448
Train,4.86418855309537,4.83884686466081
Train,4.91639651904905,4.86242137722002
Train,4.96732599419534,4.93053383546976
Train,5.01702337281038,4.94953502080534
Train,3.80736096473406,3.854298610353
Train,3.88858403413005,3.97229157201218
Train,3.96735867808067,4.04378922185424
Train,4.04379396240969,4.08200152694553
Train,4.11799256989397,4.2074136006031
Train,4.18989753363257,4.22951246307275
Train,4.25991190495825,4.26853537889838
Train,4.32796357812471,4.41024523517444
Train,4.39413394220815,4.42949935521756
Train,4.45849994758805,4.48351429863033
Train,4.5211344044673,4.57076386879271
Train,4.58210625762007,4.62894724781836
Train,4.64148083954705,4.64200617618008
Train,4.69932010399234,4.74144554758095
Train,4.75568284157655,4.78759209119198
Train,4.81050745255944,4.81051674133414
Train,4.86408474244579,4.87812224293884
Train,4.91634471224362,4.92658130091877
Train,4.96733535591866,4.95403775325758
Train,5.01710236398957,4.98969089994171
Train,2.61222951173734,2.62758454090726
Train,2.80811446214001,2.81034486500721
Train,2.99245153987645,2.90728501468402
Train,3.16576291100847,3.0286604669036
Train,3.3294516305902,3.20430864764967
Train,3.48387819132424,3.32684167053958
Train,3.63020333715609,3.51454237829421
Train,3.76867178625001,3.64865700749579
Train,3.90025659835759,3.7661162348486
Train,4.02511866849551,3.84877243319897
Train,4.14408337770664,4.03276304088286
Train,4.25725040133072,4.10505432061473
Train,4.36532726481494,4.22677181906874
Train,4.46836864157228,4.31161899023573
Train,4.56698679313312,4.43452232614072
Train,4.66120317185336,4.5417883119153
Train,4.75155213950906,4.59820289680283
Train,4.83803057829081,4.73081530622949
Train,4.92110847417142,4.8021554159659
Train,5.0007645517408,4.87946215645206
Train,2.41282712050804,2.46274688597259
Train,2.63109429546865,2.65408449060851
Train,2.83499448716023,2.80345311628116
Train,3.02637901735132,2.94548703963301
Train,3.20614058019622,3.16219058328898
Train,3.37530678295193,3.33761763443545
Train,3.53458766572841,3.48925519246404
Train,3.68520263962307,3.64217612854554
Train,3.82766101707114,3.75398186626444
Train,3.96260791403029,3.89902790438646
Train,4.09046122106435,4.03932943389918
Train,4.21207163177726,4.15645235156444
Train,4.32773961627218,4.24296638517808
Train,4.43789034675677,4.32508191017405
Train,4.54277702375156,4.46393947616343
Train,4.64302076594095,4.55535255142058
Train,4.73880211646381,4.66801793047489
Train,4.83041255545816,4.79612507371894
Train,4.91800795756756,4.8976733911004
Train,5.00205880059445,4.91342161629291
Train,3.80573082075371,3.6365941052718
Train,3.88773727770744,3.74017150482905
Train,3.96701709542473,3.83218154965289
Train,4.04402828289242,3.89911536902036
Train,4.11855134446702,4.01301423100995
Train,4.19101016451579,4.08135768548709
Train,4.26119208402135,4.14787026976228
Train,4.32949058491133,4.27545364606885
Train,4.39569993085284,4.29571047183526
Train,4.46018640179187,4.40994330491412
Train,4.52275117028072,4.49068496255495
Train,4.58373608070372,4.55600516207232
Train,4.64294912850176,4.60343769312021
Train,4.70071012561216,4.66762558652408
Train,4.75683375293796,4.72360637805468
Train,4.81161988722901,4.80084506131061
Train,4.86488972160738,4.85722186929161
Train,4.91692503600415,4.90696708368887
Train,4.96755333844134,4.96366337009749
Train,5.01703993013606,5.0001968005563
Train,3.80679963017006,3.88361588937732
Train,3.88853619945631,3.91888653533897
Train,3.96790495497618,3.98089419030111
Train,4.0446788190934,4.11409897082922
Train,4.11914158398224,4.11947181925098
Train,4.1913960576722,4.1640898116857
Train,4.26168896550085,4.22309767513252
Train,4.32980739164389,4.36746802400012
Train,4.39599177344604,4.42904206199091
Train,4.46032332614735,4.44449836897911
Train,4.52301259847589,4.50801545239665
Train,4.58386088680499,4.60325825911968
Train,4.64307442647552,4.62302623644609
Train,4.70071822294743,4.63558895426468
Train,4.75697405317594,4.69745740036888
Train,4.81165690988026,4.73080073309757
Train,4.86494560966168,4.79916253298506
Train,4.91689279812694,4.85020297173287
Train,4.96765701656937,4.90999513132192
Train,5.01706616086291,4.96988396695451
Train,2.1264630479748,1.97383572004219
Train,2.37653488173815,2.19165267009157
Train,2.60914260244254,2.41543545058994
Train,2.8260539302984,2.67612465132697
Train,3.0288058003377,2.89622714651523
Train,3.21851318760073,3.16683350746098
Train,3.39682319959956,3.3920035764786
Train,3.56453123581615,3.55951564237876
Train,3.72255555733417,3.73265343883759
Train,3.87171135732841,3.87565566011108
Train,4.01272482711095,3.95955368742943
Train,4.1462449798098,4.11354031695373
Train,4.27285363793612,4.18200587672618
Train,4.39307390910113,4.39294686787071
Train,4.50737741030857,4.48070583837398
Train,4.61605901206237,4.56846933623456
Train,4.7197740013585,4.67665656332247
Train,4.81873533550023,4.80416591080757
Train,4.91326250996789,4.89171767812149
Train,5.00364701636392,4.97328673547599
Train,2.12529399055227,2.24099260930234
Train,2.3610535701869,2.37145037943992
Train,2.58268886024907,2.59520836565571
Train,2.79143221890031,2.81379952408861
Train,2.98837669011927,3.01225883145526
Train,3.17428418293765,3.28351034660227
Train,3.35045654353513,3.40937820059298
Train,3.51744905314268,3.47986348985614
Train,3.6759609975407,3.60475008912545
Train,3.82662239611984,3.71205655375161
Train,3.97000237094471,3.91072191875355
Train,4.10661633102428,4.07875040870749
Train,4.23693216296233,4.19009920921599
Train,4.36137558470172,4.34776758603221
Train,4.48033479145105,4.42384817508537
Train,4.5940346890195,4.54433623401746
Train,4.70306509449464,4.63844971899744
Train,4.80758836390749,4.70499695220133
Train,4.90787831398354,4.866239068715
Train,5.00418702186823,4.96455192219946
Train,2.89537513363056,2.83436748366148
Train,3.0536379441106,3.01262483292703
Train,3.20420484140988,3.177733319244
Train,3.34802429362926,3.31219938702088
Train,3.48515656987851,3.42865796790284
Train,3.61642334737393,3.60027066674957
Train,3.74184210854682,3.72964587713795
Train,3.86213073069763,3.83409552434932
Train,3.97727516498583,3.95421791539411
Train,4.08790741579409,4.09042401584884
Train,4.19399024030099,4.19261012952484
Train,4.2960839175057,4.29612827019446
Train,4.39413423522894,4.36327771521246
Train,4.48864103584654,4.44553564014495
Train,4.57953781612972,4.53387638590539
Train,4.66727308145552,4.62350416000481
Train,4.75177157289784,4.72220307990574
Train,4.83343786296961,4.79575024504629
Train,4.91219062008994,4.88374200734324
Train,4.98839656101453,4.95156252509332
Train,2.12906418543011,2.25416251313072
Train,2.35308141300262,2.41672523440138
Train,2.56542882672524,2.64584013074636
Train,2.76699515810088,2.83429504293235
Train,2.95858112928632,3.01955431522583
Train,3.14110098486479,3.22105835243929
Train,3.31481911535804,3.39957379555199
Train,3.48053063417806,3.56089417425392
Train,3.63877660574406,3.72633364899775
Train,3.79005041695326,3.85158902625517
Train,3.93480291554596,3.98101150484035
Train,4.07344689795771,4.10800774208656
Train,4.20636104075348,4.20803584947316
Train,4.33389335449844,4.36565679127671
Train,4.456364226402,4.45580770077868
Train,4.57419294059069,4.56893052148189
Train,4.68740004454056,4.70512057530868
Train,4.79636676456226,4.76373085987689
Train,4.90132696795993,4.88419800970951
Train,5.00249763470914,4.96329602380865
Train,2.11327924112793,2.27043162756127
Train,2.35658173031271,2.52434609190823
Train,2.58402546934839,2.72927418770087
Train,2.79756895725251,2.91213723663714
Train,2.99823329121516,3.09603847996186
Train,3.18714950788917,3.29947785187142
Train,3.36512869458639,3.45272524242682
Train,3.53345533466973,3.6289706820171
Train,3.6927224139305,3.7220905513459
Train,3.84364216199312,3.91430795232918
Train,3.98669984920483,4.04156270069871
Train,4.12278726264177,4.22529488087457
Train,4.25226189343012,4.29084668779615
Train,4.37559430295279,4.45059419432073
Train,4.49308448494283,4.53684325600989
Train,4.60538031108931,4.65930324205692
Train,4.71270265088896,4.75095712844086
Train,4.81537475333231,4.84731661126534
Train,4.91358611179845,4.93286548777542
Train,5.00782502962246,5.01751859808428
Train,2.11931570564177,2.2521084903874
Train,2.3406265962765,2.3840981355861
Train,2.55116795758867,2.57016979864238
Train,2.75129450116235,2.80215528484041
Train,2.94195662315319,2.93166361654949
Train,3.12399779507719,3.17263041005936
Train,3.29763110619184,3.29070801632406
Train,3.46376840277535,3.50220970016017
Train,3.62255649902256,3.63544933407138
Train,3.77462943147285,3.81274540022241
Train,3.92055509928084,3.91912858499563
Train,4.0604092681375,4.07658925401302
Train,4.19470191116971,4.21250639288519
Train,4.32389192490515,4.33893108619304
Train,4.44800740475618,4.4526949721494
Train,4.56758893748675,4.58035246004874
Train,4.68264181646858,4.69011247486196
Train,4.79353331726023,4.7920316626678
Train,4.90059612973595,4.89953536560279
Train,5.00381083553416,4.99631463333208
Train,2.12839386717379,2.21958904131134
Train,2.365771339067,2.49643981582631
Train,2.58861642001629,2.72810941538228
Train,2.79822399569451,2.89741888130266
Train,2.99595677854541,3.07325814764954
Train,3.18238533043354,3.30005151046862
Train,3.35864594203122,3.46860288692733
Train,3.52554838030815,3.56138851814103
Train,3.68381865018817,3.72022151216515
Train,3.83410955193628,3.86272249778449
Train,3.97716753219631,3.98070925362481
Train,4.11320149800927,4.14574757974697
Train,4.24285952041615,4.27587254665923
Train,4.36657959778536,4.38678114942377
Train,4.48476050856266,4.49392643402643
Train,4.59776610501519,4.62219530490802
Train,4.70604892226684,4.72343553342944
Train,4.80966900378909,4.84327264796957
Train,4.90903120470013,4.90942479729347
Train,5.00439268407793,4.9941614716281
Train,3.72531940591216,3.75957192723763
Train,3.81355006248276,3.84437542765227
Train,3.89910370578193,3.95455743350067
Train,3.98176646028418,4.00300364311079
Train,4.06200497426463,4.08753434958271
Train,4.1396107291213,4.17486952916806
Train,4.21501447792363,4.22542407740002
Train,4.28801348777979,4.32126714208971
Train,4.35900664635875,4.37258420657781
Train,4.42779725741733,4.43918491629483
Train,4.49475579342107,4.5437830463743
Train,4.55969171397872,4.57075288919805
Train,4.62295004665311,4.65128765879672
Train,4.68434642897675,4.69101173964009
Train,4.74420301403268,4.7786751813619
Train,4.80234156827577,4.81810518406928
Train,4.85906360552771,4.88392866291179
Train,4.91419692076629,4.91664069080616
Train,4.96802434118798,4.95278723716547
Train,5.0203795533777,5.02533970494915
Train,2.12342114714285,2.19834966438793
Train,2.34787688663283,2.36557902685854
Train,2.56067714470089,2.60063949393589
Train,2.76270681057394,2.78721651049455
Train,2.95454483116554,2.97653444918251
Train,3.13735944970684,3.16933065331068
Train,3.31157383725271,3.32828245546625
Train,3.47778092391275,3.50772550365036
Train,3.63652035933355,3.63540895285405
Train,3.78828436590831,3.80297982347474
Train,3.93335700316597,3.93760350058801
Train,4.07248886439546,4.06164651701874
Train,4.20588483348326,4.20376828828921
Train,4.33389245095729,4.38222040835717
Train,4.4568317363142,4.4889986827875
Train,4.5749978593045,4.61255661645191
Train,4.68853339679662,4.71530596723824
Train,4.7979556877325,4.77921112412878
Train,4.90336333270543,4.88940179665769
Train,5.00497329444606,5.01211037725443
Train,2.1208704296624,2.15189496631137
Train,2.34465519429434,2.28562069843247
Train,2.55717767725885,2.5124583476736
Train,2.75878680337357,2.74492313900009
Train,2.95075851920009,2.94537390469486
Train,3.13333216068679,3.18293790261305
Train,3.30759612221184,3.31029259719435
Train,3.47370835082017,3.49535892043605
Train,3.63260634091391,3.66746052334565
Train,3.78438719218116,3.81814253302036
Train,3.92986554903779,3.97740216692364
Train,4.06909280128947,4.14043101691459
Train,4.20278250003747,4.26195878916769
Train,4.3309515951509,4.40308236403507
Train,4.45422962792305,4.54820542170455
Train,4.57260757488032,4.67709291859501
Train,4.68664453331732,4.71167030415018
Train,4.79631191747419,4.82417227276892
Train,4.90210926517572,4.88557783067154
Train,5.00399331640657,5.00515470270875
Train,2.12924931223767,2.18565897767076
Train,2.35912135883691,2.4048114218931
Train,2.57606560891658,2.66659424140016
Train,2.78134971765133,2.84582446422428
Train,2.97549677801343,3.0175721417836
Train,3.15957488024274,3.20798313368505
Train,3.33434752821244,3.38126088927129
Train,3.5005029360257,3.52662894839159
Train,3.65882320039333,3.72062547921632
Train,3.80954418524963,3.87184744998012
Train,3.95334573313776,4.01053447023332
Train,4.09069364756216,4.13282264600275
Train,4.22214607077486,4.3109155498496
Train,4.34781929167818,4.39114296356456
Train,4.46820830188515,4.51362398297351
Train,4.58363951855301,4.62978094836399
Train,4.69441301658393,4.75054388874014
Train,4.80091331381728,4.85710971268236
Train,4.9031747958769,4.93746002272383
Train,5.0015455379266,5.02105918882808
Train,2.12268676356649,2.24435023683873
Train,2.35437024298205,2.42047359135358
Train,2.57261457400547,2.6502732598783
Train,2.77900928900267,2.89007170069999
Train,2.97427889183946,3.07890102298916
Train,3.15929927688799,3.26660961343805
Train,3.33466344003837,3.43966106919834
Train,3.50147538002271,3.61367038513345
Train,3.66017057548459,3.76636337601667
Train,3.81132737330689,3.90934991452013
Train,3.95531135041539,4.0628066116642
Train,4.09292492768439,4.1973620882236
Train,4.22443618249143,4.29695387972242
Train,4.35024221157688,4.42887963698377
Train,4.47057315835938,4.57493184698615
Train,4.58603412447468,4.6657152205953
Train,4.69679208283185,4.76026367056511
Train,4.80312864558078,4.79350203745707
Train,4.90519018636411,4.90239574467705
Train,5.00344703892792,4.98141498650148
Train,2.12265009782257,2.16350857467478
Train,2.35572979025563,2.33034302289889
Train,2.5750598392882,2.49556422282694
Train,2.78228252437193,2.71336892480213
Train,2.97815509591462,2.91377447668856
Train,3.16337869508461,3.09732625760444
Train,3.33919032227398,3.29043671073669
Train,3.50610313654632,3.48737552051352
Train,3.66459901773056,3.64343475958594
Train,3.81563599656026,3.75026957458613
Train,3.95956741881483,3.89167081561027
Train,4.09688318371382,4.06737524372511
Train,4.22788248146663,4.18936432795817
Train,4.3532717463446,4.31327648491242
Train,4.4732692247139,4.42821015503432
Train,4.5880866177951,4.56635566488512
Train,4.69829906504583,4.66851650900571
Train,4.80405938971801,4.77870301456824
Train,4.90551810405756,4.88554852976813
Train,5.0031513190045,4.98577507995651
Train,2.12003463554383,2.17588803050603
Train,2.35714783650814,2.42780291808413
Train,2.57988878253158,2.62597026403455
Train,2.78952576432176,2.85326166786399
Train,2.98718210835904,3.01861359673785
Train,3.17385631307468,3.19769426676794
Train,3.35043891934648,3.33028171763181
Train,3.51772671694906,3.6386204425271
Train,3.67643476517014,3.77611818401783
Train,3.82720661015239,3.88023223399614
Train,3.97076419218273,4.0306276632291
Train,4.10734393666354,4.20172923302925
Train,4.23757068763201,4.30297205179704
Train,4.36187763354051,4.37184720688856
Train,4.48065945461069,4.50870415255122
Train,4.59427650878617,4.63191969191757
Train,4.70305848327393,4.73797031150207
Train,4.80730758961421,4.83431763368753
Train,4.9073013674932,4.92773159495482
Train,5.00329515207782,5.01212166836922
Train,3.80508631483291,3.78537204368149
Train,3.88654810933985,3.88342992848629
Train,3.96554137244398,3.91794445417145
Train,4.04217663505703,4.00355879144445
Train,4.11655792629238,4.11719193201679
Train,4.18878324460844,4.13668530815085
Train,4.25894498856847,4.20000862109737
Train,4.32713035119821,4.31673673697878
Train,4.39342168148047,4.34265194130239
Train,4.45789681613797,4.45249782648716
Train,4.52062938451491,4.51805444563979
Train,4.58168908906809,4.55325768964576
Train,4.64114196371404,4.63246933686787
Train,4.69905061204529,4.64916884593913
Train,4.75547442722233,4.73966350125556
Train,4.81046979516499,4.79083049997826
Train,4.86409028250449,4.85129940934348
Train,4.91638681061312,4.90419964615285
Train,4.96740781690015,4.95607597964954
Train,5.01719940444774,4.96002985595987
Train,3.18919590616482,3.18395002028956
Train,3.35110363820856,3.31077811744399
Train,3.50017321443827,3.47146404248633
Train,3.63809633302091,3.56215394150058
Train,3.76566391271009,3.73177753400159
Train,3.88419202512317,3.71632644605961
Train,3.99460860156457,3.95771332173899
Train,4.09771876847839,4.01391296554539
Train,4.19438176813094,4.1476599824382
Train,4.28488832998997,4.16966569815486
Train,4.36994699884477,4.30027860747578
Train,4.4500352933538,4.31194819215852
Train,4.52570006680876,4.43729444516066
Train,4.59706403329089,4.52219846786102
Train,4.66459410755469,4.540769316769
Train,4.72859116050274,4.66909084340659
Train,4.78932538379668,4.73277583010531
Train,4.84713484658777,4.79800742121733
Train,4.90204523927743,4.71489100822146
Train,4.95435506960501,4.88438574340944
Train,2.12396630538222,2.17651181817928
Train,2.35179801990334,2.39940866118559
Train,2.56719130228627,2.63925741680396
Train,2.77113769693759,2.833521993467
Train,2.96472585072628,3.04316981632655
Train,3.14834545487138,3.17025807483515
Train,3.3229274537559,3.39221764231661
Train,3.48912305658993,3.58067759800178
Train,3.64752237575987,3.66524258747086
Train,3.79866142779374,3.89099899205758
Train,3.94317785281554,4.01132574534131
Train,4.08121105218151,4.15240054411152
Train,4.21332460613861,4.28584896774191
Train,4.33989132251716,4.40285798516925
Train,4.46125334785472,4.51525551074155
Train,4.57772525603336,4.61341128692402
Train,4.68971305924139,4.71799320140417
Train,4.79724700049699,4.82502611978452
Train,4.90069504887542,4.90370686062852
Train,5.00028573597156,5.01051043865118
Train,2.12959268598176,2.16383954243429
Train,2.34922797403016,2.38877148652136
Train,2.55808462116416,2.58149139436864
Train,2.75693707001518,2.80821665402618
Train,2.94648730718673,2.95663023850466
Train,3.12737314322413,3.14497453817603
Train,3.300175382515,3.33749479427024
Train,3.46542405295298,3.49995176506673
Train,3.62360383613738,3.67815595203137
Train,3.77515881529847,3.80925563596429
Train,3.92049663890815,3.95235930149647
Train,4.05999218218508,4.10122994774429
Train,4.19399077574487,4.24268983167349
Train,4.32281105994149,4.36694602874559
Train,4.44674751456767,4.48584323960495
Train,4.56607270619007,4.60672438042275
Train,4.68103928921828,4.72197388681343
Train,4.79188179162676,4.82740828611713
Train,4.89881821189066,4.91862080165447
Train,5.00205145001714,5.00419615549981
Train,2.12566445510026,2.32279600365291
Train,2.3510771857013,2.52359389368394
Train,2.5643697422057,2.68993908623997
Train,2.76693524240595,2.83854834405247
Train,2.95935288700232,3.07721306149324
Train,3.14216688607041,3.24537832655551
Train,3.31645903249907,3.4110317956347
Train,3.48262977900552,3.62234569072643
Train,3.64106046988412,3.73121389206426
Train,3.79261081227122,3.90236161026769
Train,3.93756061359706,3.97439766551906
Train,4.07633189810952,4.20205942262874
Train,4.20916581699346,4.29509180881905
Train,4.33671472675721,4.44025133811738
Train,4.45915344895581,4.58039110969185
Train,4.57665406274027,4.67336424132009
Train,4.68975735968976,4.77914330256863
Train,4.79858602189858,4.83047217196145
Train,4.90326284345048,4.89467917271031
Train,5.00424258269513,4.97920402566524
Train,0.883406418023391,1.02323282636462
Train,1.16053240111596,1.24799436475951
Train,1.415347312742,1.55875202201969
Train,1.64968499032115,1.82290507264042
Train,1.8662672181082,1.97282525616538
Train,2.06736284559467,2.14646702610662
Train,2.25397073943433,2.26302675167426
Train,2.42788327684906,2.41743307023899
Train,2.59061699747766,2.56265325210188
Train,2.74272144222805,2.71751775165467
Train,2.88543657785304,2.8695467833204
Train,3.01960576818161,2.97657243359572
Train,3.14618016407275,3.13623930045287
Train,3.26539767298131,3.2587650903879
Train,3.37806498066384,3.36646074583223
Train,3.48488162631605,3.45382510675154
Train,3.58596105495869,3.57084996657431
Train,3.6819099195626,3.6569429894007
Train,3.77325840106972,3.73390730173924
Train,3.86004507831147,3.83111382284369
Train,2.1277819703467,2.15985157409705
Train,2.3553920426656,2.37325390467595
Train,2.57056746525497,2.57032283381704
Train,2.774510200992,2.79104775638552
Train,2.96767848696358,2.97492749457706
Train,3.15109327755476,3.15967068600366
Train,3.32547509579793,3.32729681797173
Train,3.49147520042057,3.49366722194281
Train,3.64984737003697,3.65812394332897
Train,3.80079286731003,3.81373843737856
Train,3.9449711958806,3.95419806782229
Train,4.0828274556459,4.08571359368761
Train,4.21490531602045,4.22338055599903
Train,4.34129827692849,4.34796710707269
Train,4.46249118487946,4.47682923332104
Train,4.57879848197566,4.58808793902972
Train,4.69050975921922,4.69809819073271
Train,4.79800371026766,4.81080590914462
Train,4.90129987929587,4.91164601618584
Train,5.00074266561156,5.00354134463669
Train,2.1202359420544,2.22656482823913
Train,2.35623760001112,2.43866661545508
Train,2.5780921314055,2.65126011940083
Train,2.78703459336688,2.88399457635205
Train,2.98416034608739,3.11979846737449
Train,3.17044426101161,3.2468557574939
Train,3.34675684452105,3.53999058352929
Train,3.51387783992243,3.62397199665247
Train,3.67250775616745,3.80301171585961
Train,3.82327768285522,3.95146840462257
Train,3.96675768152906,4.06380290524066
Train,4.1034639885138,4.16021372426076
Train,4.23386522114016,4.3509722963372
Train,4.35838774460766,4.53021159824493
Train,4.4774203290061,4.58133304545845
Train,4.59131820366708,4.66679557543102
Train,4.70040659791529,4.76891022526252
Train,4.80498384255612,4.83855518520249
Train,4.90532409438881,4.92338980712884
Train,5.00167973614037,5.00611077452049
Train,3.74273550016899,3.78095844768177
Train,3.82874242906088,3.84897871721296
Train,3.91204548926235,3.95783675530038
Train,3.99277021307129,4.04790397411671
Train,4.07103448043977,4.08137832492503
Train,4.14694909332201,4.1544731926715
Train,4.22061829905803,4.23558373290325
Train,4.29214026799212,4.29469859012715
Train,4.3616075299277,4.38674205137067
Train,4.42910737349907,4.49582870952872
Train,4.49472221208447,4.50983864455338
Train,4.55852991948575,4.56829840823411
Train,4.62060413824944,4.61988765581373
Train,4.68101456319575,4.71611759189727
Train,4.73982720245054,4.72129912743912
Train,4.79710461803561,4.83523120956852
Train,4.85290614786091,4.88277883905539
Train,4.90728811077458,4.91562605944273
Train,4.96030399616043,4.95260045658506
Train,5.01200463942448,5.01060001347832
Train,3.79693439556105,3.81597038999098
Train,3.87713520306871,3.8803387715634
Train,3.9550573806178,3.97971299804522
Train,4.03066236005442,4.04668206242786
Train,4.10431291925466,4.11096094052846
Train,4.17595643483801,4.21068021887368
Train,4.24567384459165,4.24834472037037
Train,4.31354179207023,4.34391774850155
Train,4.37951559202317,4.38759013356503
Train,4.44390176439146,4.46824189707695
Train,4.50664522886314,4.49567789047978
Train,4.5678080600802,4.58417415794793
Train,4.62734330767854,4.6341421067591
Train,4.68552151860691,4.6991303427767
Train,4.74228743974852,4.74519012702876
Train,4.79769187990683,4.82117600708807
Train,4.85178323955669,4.87107286774335
Train,4.90451375460769,4.91319794097035
Train,4.95611737794341,4.96216838487999
Train,5.00653996048326,5.00712225761163
Train,2.1221828949409,2.10398804574834
Train,2.33175225558076,2.32201129964596
Train,2.5328438757832,2.50178130672793
Train,2.72558592830184,2.72026063706471
Train,2.91066809938173,2.90546719911072
Train,3.08853811646379,3.08979493350489
Train,3.25977644433965,3.2940792130139
Train,3.42442543521786,3.45940158033045
Train,3.58301291669796,3.56498687028943
Train,3.73586756797782,3.76365799941595
Train,3.88343881385723,3.91920494065562
Train,4.02571753041377,4.08638806914132
Train,4.1631175952725,4.17191344692947
Train,4.29588570789803,4.28484339208626
Train,4.42437781882477,4.39879099294194
Train,4.54855396622357,4.53979697869909
Train,4.66874551509666,4.67114642514753
Train,4.78514122530234,4.76831176644191
Train,4.89802858904853,4.87603365720133
Train,5.00734949443841,4.97699706142521
Train,2.127363861585,2.02106652830116
Train,2.36120034487585,2.36342764021356
Train,2.58131109369605,2.58458863428496
Train,2.78887016057013,2.78395026321414
Train,2.98473759057274,2.96899194231082
Train,3.1702220432636,3.14802220022284
Train,3.34596255326694,3.37964788915451
Train,3.51270727830512,3.50577700698341
Train,3.67112969428027,3.67614055958984
Train,3.82183768690393,3.81278993217529
Train,3.96524621173849,3.98431013877416
Train,4.10213074547067,4.11651878734119
Train,4.23280324799678,4.25316757621113
Train,4.35767720435445,4.37581323841368
Train,4.47713019960063,4.50092989183395
Train,4.59150773221558,4.58626405391624
Train,4.70102304081977,4.69484503059175
Train,4.80617825226882,4.81048951217235
Train,4.90713312034883,4.90952196449325
Train,5.00413438630347,5.00490284122679
Train,2.12697172194735,2.17064888627829
Train,2.34708100812815,2.37607541332363
Train,2.55662844887172,2.58278882966988
Train,2.75589571631045,2.77202941068026
Train,2.94584034493259,2.95791590498811
Train,3.12710161436918,3.12842778345657
Train,3.30046199925953,3.31825158446009
Train,3.46604339843245,3.4790188771367
Train,3.62454114621304,3.64629512308966
Train,3.77640028600461,3.7714815324216
Train,3.92219814783348,3.90332139097518
Train,4.06196608943863,4.0499057188099
Train,4.19622609537134,4.16558872495807
Train,4.32529745712326,4.3191282214575
Train,4.44961942211055,4.44372328270401
Train,4.56917146386033,4.55486813301104
Train,4.68435652012277,4.68025340424538
Train,4.79540957440937,4.78615657538467
Train,4.90267360385345,4.895063962309
Train,5.00609851481497,4.94206175152067
Train,2.12679631226947,2.11098675999165
Train,2.35941052263164,2.38854409533269
Train,2.57855838927712,2.56434957783858
Train,2.7853763926517,2.7740656956903
Train,2.9807093859723,2.924355483623
Train,3.16580492170389,3.06542404147513
Train,3.34129673264503,3.25870086128816
Train,3.50791335586963,3.42300542941848
Train,3.66631145689403,3.58328946542679
Train,3.81708447918541,3.72447138220014
Train,3.9606466690095,3.88858192668704
Train,4.0977387037355,4.0523625966016
Train,4.22867562454959,4.16156092210076
Train,4.35386285562561,4.32647266785716
Train,4.47367098020691,4.44491858934634
Train,4.58843940454499,4.53900340836844
Train,4.69838477973748,4.68609471726086
Train,4.80398676873918,4.78066460217087
Train,4.90541021219951,4.89519226115226
Train,5.00289830872002,4.99131208879771
Train,2.11959601515214,2.12989564374948
Train,2.35722643235063,2.34791625093567
Train,2.58036662613676,2.57290554377687
Train,2.79030275957965,2.77591765301986
Train,2.98817315549093,2.97595977999117
Train,3.17512527668088,3.16975936537347
Train,3.35178037342223,3.33821693718346
Train,3.51908850969932,3.5048754473828
Train,3.67777239842959,3.66928077290504
Train,3.82848211710734,3.81905567554168
Train,3.97180400931826,3.95740156896318
Train,4.10826830850856,4.10258389985756
Train,4.23835569298829,4.22630006717009
Train,4.36250294297825,4.35595575583284
Train,4.48110784000778,4.47078718982812
Train,4.59461671815349,4.58747162357031
Train,4.70319147943707,4.69054037853857
Train,4.80722338508463,4.80396677065255
Train,4.90699170771931,4.89969143143571
Train,5.0027532885297,4.99181167450297
Train,2.12039105261456,2.21039666416436
Train,2.3519822061585,2.40275363347791
Train,2.57043058964956,2.5932090548813
Train,2.77682410972723,2.83120554795823
Train,2.97213382689387,2.99277604360395
Train,3.15722923256873,3.17483451227599
Train,3.3328911903418,3.35114727393375
Train,3.49982294773069,3.51805687767956
Train,3.65865954593095,3.66143892093714
Train,3.80997589302896,3.85551903142186
Train,3.95429371703377,3.98929120538378
Train,4.09208757596232,4.10037159767671
Train,4.22379007087277,4.23448009286949
Train,4.3497963825008,4.35742486905656
Train,4.47046823172203,4.47574071775489
Train,4.58613734744369,4.58744521452172
Train,4.69710851194662,4.70303530026285
Train,4.80366224254902,4.80506341767614
Train,4.90605715927261,4.90527750043475
Train,5.00453208058388,4.99923182660132
Train,3.22398001027772,3.23131376789024
Train,3.29707425894986,3.36124543517508
Train,3.36821696589716,3.38181394174171
Train,3.43748525777209,3.4413890212054
Train,3.50495224991938,3.51663577859836
Train,3.57068730381067,3.59387829624939
Train,3.63475626490474,3.6167770799766
Train,3.69722168264786,3.72410813821261
Train,3.75814301415965,3.76426566493683
Train,3.81757681299849,3.82520857542841
Train,3.87542571072129,3.88846205128357
Train,3.93204693596976,3.94705860926661
Train,3.98733443150319,4.00462035318196
Train,4.04133477336249,4.0615991345494
Train,4.0940923938599,4.11419381034466
Train,4.14564970351116,4.13587014994846
Train,4.1960472047389,4.19309404407431
Train,4.24532359798794,4.2754323796089
Train,4.29351588083683,4.28469820587452
Train,4.34065944063894,4.33940772634196
Train,2.41237842794327,2.45471033915055
Train,2.51041837603494,2.49287690526398
Train,2.60552362221936,2.65978661160261
Train,2.69824767652747,2.74411502182738
Train,2.78826511213988,2.85660908090904
Train,2.87609419753086,2.92035843903068
Train,2.96142144075541,2.93298042128117
Train,3.04473318691561,3.06085507780699
Train,3.12572747707103,3.1882316531628
Train,3.20486164527284,3.19993958472514
Train,3.28184484139847,3.3058171107441
Train,3.35710795500672,3.35836781004764
Train,3.43037080987208,3.44516135603408
Train,3.50204012163821,3.54067838556512
Train,3.57184595081877,3.59434218672141
Train,3.64017285519684,3.68796501311226
Train,3.70676069880167,3.74299872131087
Train,3.77197367779375,3.78156529502303
Train,3.83556103484577,3.84913237189176
Train,3.89786821011268,3.90693614562406
Train,2.11374944733475,2.14518564943683
Train,2.34061683915293,2.35878263799168
Train,2.5556287583463,2.58935548883164
Train,2.75929575866743,2.77845117797551
Train,2.95267995739892,2.97154077530286
Train,3.13654092174186,3.18748966540988
Train,3.31173517103357,3.36576784932186
Train,3.47853700265252,3.51990009012297
Train,3.63768985289354,3.6994853001197
Train,3.78970806428591,3.86244247985815
Train,3.93520233142538,4.00747618059904
Train,4.07431271148091,4.13307521898423
Train,4.20757997417101,4.27197739050462
Train,4.33536469354172,4.38843015548446
Train,4.4581179357134,4.51178509279453
Train,4.57590120583772,4.61503557072501
Train,4.68912065863185,4.72507442450114
Train,4.79803650811661,4.82445389404711
Train,4.90299193878839,4.91474763388396
Train,5.00400163362495,5.0031569366347
Train,3.84189218210925,3.79854273094315
Train,3.91914570888167,3.87752435497896
Train,3.99404245335493,3.96413789639155
Train,4.06697075439214,4.04148132993578
Train,4.13773209783996,4.11914241575505
Train,4.20668850268692,4.11669307645934
Train,4.2736477309011,4.27542962868574
Train,4.33894810605683,4.30668602125297
Train,4.40240362912144,4.35587315319572
Train,4.46433121481758,4.39812703704047
Train,4.52455101246306,4.4804201839288
Train,4.58336052897372,4.54479072152753
Train,4.64058593291853,4.56915381615909
Train,4.69650708194124,4.64334498505559
Train,4.75095600778627,4.73472429263347
Train,4.80419647036785,4.79381816213572
Train,4.8560661902854,4.84890499420362
Train,4.90681420376901,4.86074124802144
Train,4.95628373434393,4.89350558566002
Train,5.00471031572566,4.96433750849974
Train,3.17326917347123,3.19674384087375
Train,3.31114591244312,3.32010887926299
Train,3.44256973444773,3.51628163003079
Train,3.56798329569134,3.56048216386989
Train,3.68794945837806,3.70960414031288
Train,3.80250955511672,3.87745109410025
Train,3.91216706133744,3.91991392031559
Train,4.01723009311391,4.06473282463412
Train,4.11798147716839,4.11075150859324
Train,4.21468129330634,4.22003257614961
Train,4.3076933378866,4.37099913977363
Train,4.39698546294538,4.46446125161128
Train,4.48289119812497,4.54456324862804
Train,4.56559960089773,4.59649730855926
Train,4.64528591275479,4.64140022216816
Train,4.72211279862145,4.7765031480576
Train,4.79633078743111,4.85219314374808
Train,4.86787852528508,4.90168593831913
Train,4.93699006652049,4.95291674976397
Train,5.00378775675194,4.98592414452287
Train,2.42746433646033,2.48954250443421
Train,2.48640199061086,2.51168489437441
Train,2.54435298802687,2.57304790094713
Train,2.60174376549108,2.68281858932642
Train,2.65838252697084,2.68354491695209
Train,2.71408770691495,2.77987891056182
Train,2.76926864099013,2.81682363412983
Train,2.82354918999678,2.8448617419308
Train,2.87732786557413,2.91605069751677
Train,2.9304241777447,2.95304788414433
Train,2.98266694162148,2.96020061888339
Train,3.03443921864485,3.07910476748111
Train,3.08556684506708,3.043099102626
Train,3.1358844595936,3.13391979118387
Train,3.18576056252825,3.18355629081634
Train,3.23485397289149,3.26117473643171
Train,3.2835239492721,3.27372458464379
Train,3.3316061741713,3.373688814454
Train,3.3789443720149,3.38700623168916
Train,3.42588457504986,3.39282331736285
Train,1.82646787689097,1.83895308917454
Train,1.90525791844439,1.93484181426538
Train,1.98270267548582,2.00481666030464
Train,2.05883631103993,2.04642844690898
Train,2.13391473999949,2.15754518429276
Train,2.20752038594211,2.20738539036392
Train,2.27991079699546,2.30920609502937
Train,2.35111582218725,2.4116904087532
Train,2.42116434093403,2.43525221035816
Train,2.49008430209492,2.52688943162866
Train,2.55810478786715,2.55636296796001
Train,2.62484475181526,2.65686654716592
Train,2.69053485946431,2.69201579714718
Train,2.75519968971901,2.77133547525591
Train,2.81886306018045,2.81979464440883
Train,2.88154805639523,2.89047441118782
Train,2.94346101440315,2.95234948291545
Train,3.00425295518589,3.02205631398101
Train,3.06413172113584,3.08620319672264
Train,3.12311773449742,3.12528849671435
Train,2.12516466065827,2.15452554357398
Train,2.33716114908949,2.34432915179059
Train,2.53996805982947,2.55810538226433
Train,2.7341702387169,2.7337057985751
Train,2.92030393462083,2.94316756956141
Train,3.09886174434207,3.07681060875984
Train,3.27029696576513,3.28602447842786
Train,3.4350274402613,3.43816626280022
Train,3.59343895291489,3.60417447547843
Train,3.74588824882124,3.74330791396096
Train,3.89270571509763,3.88700550041722
Train,4.03419777104592,4.04697215081978
Train,4.17064900285793,4.16435287109925
Train,4.30232407415955,4.30130863870363
Train,4.42946943938306,4.42130027615349
Train,4.55231488330608,4.56335358774959
Train,4.67107490699119,4.66218456846764
Train,4.78594997771227,4.79276967801161
Train,4.89712765818979,4.89508299681074
Train,5.00478362851573,4.99016350337661
Train,-2.74344279740449,-2.8312839181217
Train,-2.49832366551957,-2.46796385649395
Train,-2.2603346184739,-2.32973334031522
Train,-2.03018457327557,-2.04513789603698
Train,-1.8070023949338,-1.83918463638656
Train,-1.5899992113954,-1.57248840444299
Train,-1.37984986589535,-1.43102216462648
Train,-1.1753363876652,-1.20467293092406
Train,-0.977110728950478,-0.967125204246258
Train,-0.78446379399358,-0.92737330019736
Train,-0.596750155832868,-0.601983692484282
Train,-0.414587902391232,-0.400508599130262
Train,-0.237344491965689,-0.251787906103345
Train,-0.0644425461914411,-0.111040889027208
Train,0.103532628297502,0.0397512662566442
Train,0.267510008998287,0.24487935558318
Train,0.426925364204251,0.464915613789344
Train,0.58230854151931,0.528284758220252
Train,0.734145301036514,0.645501505943685
Train,0.881901677704193,0.79752794596061
Train,4.22114307401785,4.22043266754736
Train,4.27092915387103,4.28395228089539
Train,4.31968659154348,4.32841286617986
Train,4.36744694060283,4.36324014415368
Train,4.41405882320019,4.41593011014811
Train,4.45991823203486,4.46684394029035
Train,4.50486769302297,4.51817042821494
Train,4.54893402305271,4.55307576710402
Train,4.59214299550984,4.59392601927357
Train,4.63451939054477,4.64377607174902
Train,4.67592558152676,4.68385327942997
Train,4.71671046143182,4.72242403352539
Train,4.75673152064307,4.75920045323801
Train,4.7960100173901,4.80131859969879
Train,4.83456642829078,4.84466147113199
Train,4.87242048394644,4.88328065782662
Train,4.9094467456612,4.9111317970146
Train,4.94595503797459,4.94739091237534
Train,4.98181595037012,4.97543405255601
Train,5.01704655092553,5.0137997273232
Train,4.11470868154158,4.07580163967577
Train,4.17185788001603,4.15176956115465
Train,4.22786464747821,4.2221602385689
Train,4.28235986950848,4.27245522925477
Train,4.33559920371485,4.31371548173411
Train,4.38762557000765,4.3742445089083
Train,4.43866756461441,4.41712635689146
Train,4.48838497194864,4.48108543711714
Train,4.53700712917677,4.52589354393422
Train,4.58456983373308,4.57484847877822
Train,4.63127910889496,4.61385059931308
Train,4.67682056651814,4.65762308817648
Train,4.72140114312707,4.71261114128356
Train,4.76505093175444,4.74083589607835
Train,4.80795663467098,4.78324166084712
Train,4.84982700370102,4.82405411172658
Train,4.89084974959399,4.87382786464877
Train,4.93105035333707,4.89139632285878
Train,4.97059884652402,4.93517285880807
Train,5.00922476797889,4.89348959636118
Train,4.21992064579747,4.21229588953611
Train,4.26974022623536,4.25851036911627
Train,4.31871438741194,4.30591708782413
Train,4.36649107150088,4.35827121057082
Train,4.4132949956313,4.4055788804726
Train,4.45915556930988,4.44774747515476
Train,4.5042762066365,4.49763009721755
Train,4.54833022727626,4.54069854584668
Train,4.59152241289011,4.58461574713147
Train,4.63387780879594,4.62436792794142
Train,4.67558247784803,4.67063101715394
Train,4.71633256765756,4.71186366782604
Train,4.75631550314629,4.75236558355755
Train,4.79555274577615,4.78997766748944
Train,4.83421518048099,4.82844309415304
Train,4.87201954791835,4.86946183404143
Train,4.90913806551148,4.90526026653424
Train,4.94558922959314,4.9435516745325
Train,4.98153056800724,4.9781464025109
Train,5.01669745030281,5.00871279633429
Train,2.87111866873502,2.89343059844578
Train,3.03689672073881,3.04417145829575
Train,3.19420326832043,3.19560426337921
Train,3.34367149289273,3.33914181506043
Train,3.48587300900729,3.507699725149
Train,3.62132516977263,3.62220580265603
Train,3.75049735616833,3.76894756504225
Train,3.87381641140306,3.88297092704306
Train,3.99167135290364,4.00313945825474
Train,4.10441747153266,4.11301077728058
Train,4.21255285242099,4.22330878752473
Train,4.31602262236003,4.3293391602474
Train,4.41528112076258,4.42446509955516
Train,4.51058032119914,4.52814540742111
Train,4.6021524884946,4.61211512050431
Train,4.69021206873172,4.69911265616247
Train,4.77495736585336,4.78484885258877
Train,4.85657203245544,4.86411771268831
Train,4.93522639835917,4.93596839166094
Train,5.01107865718984,5.00755780033796
Train,4.3100877782714,4.33330950495292
Train,4.36115770628312,4.41748534312501
Train,4.41115580696383,4.45931878290503
Train,4.460115472284,4.5871215411953
Train,4.5080687214016,4.53360820218586
Train,4.55504627049331,4.65934472526897
Train,4.60107759836611,4.61939663454359
Train,4.64619100814373,4.64001131348778
Train,4.69041368529927,4.70364518165479
Train,4.73377175228393,4.75611875867071
Train,4.77615180588331,4.78373833022852
Train,4.81785766561425,4.8199493410375
Train,4.85877132938857,4.8554903139011
Train,4.89891515630077,4.8952457853411
Train,4.93831067186441,4.93409150967273
Train,4.97697860649986,4.96183655810637
Train,5.01493893190909,5.00869939281802
Train,5.05221089547164,5.05943413846398
Train,5.08881305278621,5.08279966561531
Train,5.12476329847349,5.13387724047789
Train,2.12016464815695,2.18443259520791
Train,2.35326866958822,2.36520741605636
Train,2.57297468503133,2.55267817691129
Train,2.78040553206236,2.61892089909452
Train,2.97656199015734,2.83586070384627
Train,3.1623389273006,3.07327168159281
Train,3.33853894949054,3.22819836437702
Train,3.50588399236667,3.34565519169701
Train,3.66502520805289,3.60418058250616
Train,3.81655143272875,3.59998222109243
Train,3.96120987843632,3.88894537124543
Train,4.09904913656665,3.96503819356985
Train,4.23073462779915,4.17680567496609
Train,4.35666945194845,4.19149756191109
Train,4.47722225462845,4.4041850196445
Train,4.59273083137362,4.54095876969404
Train,4.70350528861566,4.6727994950561
Train,4.80983082380676,4.73452315945906
Train,4.91197017717116,4.8460987746821
Train,5.01016579946084,4.92109036711372
Train,2.12744169858149,2.13958437839756
Train,2.37097148215785,2.36601833293389
Train,2.59827525324982,2.59931586809216
Train,2.81148519853475,2.80055516620632
Train,3.01160754951304,3.03475922072903
Train,3.1995623451935,3.21392923838175
Train,3.37689595906516,3.37763297248239
Train,3.54403966517891,3.55477154283835
Train,3.70226675376502,3.70355071115773
Train,3.85207286361524,3.85996301323394
Train,3.99392406399412,3.98809078975682
Train,4.12879595120404,4.09104742691852
Train,4.25702028443094,4.18239922983048
Train,4.37891419273124,4.32214046423178
Train,4.49524483898669,4.3947971734051
Train,4.60608839289181,4.5173349428369
Train,4.71210664365114,4.68235655903118
Train,4.81347243784163,4.7035675936113
Train,4.91035593674023,4.86826300606299
Train,5.00329603149841,4.90363617865478
Train,2.12923639582564,2.15742839144696
Train,2.36858506485633,2.36479418705494
Train,2.59262964289315,2.59550420732739
Train,2.80336348937816,2.80273862818649
Train,3.00166886516516,2.99092205317538
Train,3.18861376921444,3.18067430416158
Train,3.36490720732054,3.36215649120277
Train,3.53188827249751,3.51940627925433
Train,3.69006001258038,3.67892857972947
Train,3.84010163414292,3.81907106989092
Train,3.98242992542413,3.9808079432496
Train,4.11799433987357,4.08766858901981
Train,4.2470892381035,4.185696739778
Train,4.37016694240817,4.33700450836659
Train,4.48747801001475,4.41177162233907
Train,4.59972512910831,4.56124658939007
Train,4.70708208102682,4.61987847361524
Train,4.80986162114214,4.7391871965574
Train,4.90821551623668,4.83606893452998
Train,5.00268217420648,4.93628036986047
Train,3.3581303555405,3.27564987344704
Train,3.48552923692209,3.47756305822986
Train,3.60621066552336,3.48348793601326
Train,3.72112022082648,3.64487143282895
Train,3.83045774514167,3.77641672448954
Train,3.93442447594735,3.93645422303234
Train,4.03377730617876,3.85098604834639
Train,4.1284616362552,4.01383084520421
Train,4.21913759707876,4.1946426916802
Train,4.3058916975546,4.28039540671307
Train,4.38881749164177,4.38727824213129
Train,4.46846075943748,4.38509886792235
Train,4.54486908582568,4.47433894106507
Train,4.61809814921101,4.51830761844758
Train,4.68860634215515,4.68605388532524
Train,4.75628783390436,4.67534155170142
Train,4.82155383094727,4.79217954415799
Train,4.8844130678437,4.7523218548522
Train,4.94488251793182,4.89685186829229
Train,5.00331509993132,4.93632416293622
Train,2.11970819002408,2.26818595421355
Train,2.35439695283502,2.47343073875527
Train,2.57501694188082,2.67063903277813
Train,2.78331881898011,2.801924877087
Train,2.98005861875957,3.05960934801442
Train,3.16593902633131,3.19665845478812
Train,3.34227827471404,3.36338002631419
Train,3.50958157912856,3.62170293113195
Train,3.66832588576851,3.80184219567855
Train,3.81953245900865,3.85400287539051
Train,3.96354374363294,4.07201583501228
Train,4.10086139436776,4.10267311780626
Train,4.23177597874857,4.2763802841655
Train,4.35704135783907,4.39723751843121
Train,4.47686373351261,4.53766433739474
Train,4.59144524669837,4.76352291137664
Train,4.70140033199095,4.72859013827474
Train,4.80686990281105,4.85182991031616
Train,4.90799473991276,4.9578292295555
Train,5.00528413268445,5.04033702693414
Train,3.50580575900939,3.52065237080751
Train,3.77175036935444,3.76522666554229
Train,4.01367762902903,4.01441739402071
Train,4.23427948586878,4.23686281529808
Train,4.43664259910537,4.43297559665916
Train,4.62258293097934,4.62379958925521
Train,4.79435045109314,4.79041244919244
Train,4.95320089993264,4.95210997910908
Train,5.10068010819761,5.09780923424842
Train,5.23809903316935,5.23722256483234
Train,5.366206031209,5.36270641228475
Train,5.48614763116344,5.48124039730828
Train,5.59846330519902,5.59301742644675
Train,5.70395977203252,5.70254195380403
Train,5.80333583665748,5.7929158039824
Train,5.89692769142975,5.89468334089906
Train,5.98539726985254,5.98275022723283
Train,6.06899159481619,6.06669405649518
Train,6.14825647399482,6.14714148839266
Train,6.22337371728178,6.21901444943433
Train,-0.535805342382497,-0.485327502152359
Train,-0.168468699331958,-0.169436948082875
Train,0.173127250563216,0.192643177500941
Train,0.492658789088338,0.485088422428817
Train,0.791199143134699,0.78238543070438
Train,1.07168543207368,1.06885243694342
Train,1.33482617391665,1.34699828788689
Train,1.58301046245569,1.5415964347012
Train,1.81708578223305,1.83553309035051
Train,2.03785188561479,2.0429985421888
Train,2.24711264355684,2.26096211476397
Train,2.44507903251402,2.43967754256846
Train,2.63327193619246,2.64609876737268
Train,2.81209679461256,2.81815305412238
Train,2.98195037854468,2.99993714632728
Train,3.14403533786045,3.16044520292053
Train,3.29835227457922,3.31552574700436
Train,3.44594250409114,3.47856852773111
Train,3.58676104415284,3.62712576966987
Train,3.72171743989085,3.77139824391634
Train,3.95263125566175,3.90737629495379
Train,4.02288648163984,3.9867634993534
Train,4.09099235056401,4.02432265318566
Train,4.15742951977435,4.10132523707762
Train,4.22207075531228,4.1593845578991
Train,4.28480585338668,4.23440041001595
Train,4.34607175127266,4.28699654838965
Train,4.40574598160853,4.33812744297757
Train,4.46372144599926,4.39235248084151
Train,4.52039716908693,4.465854069942
Train,4.57565565102133,4.52042072486802
Train,4.62954939495117,4.59173564386583
Train,4.68197602719439,4.61158464586333
Train,4.73329136100342,4.69701433222144
Train,4.78338457262286,4.73792055343074
Train,4.83215704686244,4.79300693755431
Train,4.87993672087812,4.80806052106891
Train,4.92661768938206,4.88052121558758
Train,4.97210515319201,4.91081378259696
Train,5.01670238294885,4.95841027240203
Train,2.86040319676761,2.89450348522951
Train,2.95516200005257,2.99690594955791
Train,3.04712330231474,3.05381149064851
Train,3.13640918463351,3.11467250468195
Train,3.22313472655317,3.27056006542625
Train,3.30765142230709,3.32597125892789
Train,3.389569224302,3.42508605753937
Train,3.46923493619347,3.46657360718564
Train,3.5467401706057,3.57182168107465
Train,3.62217163770004,3.64182873251957
Train,3.69561146877738,3.71312081576252
Train,3.76713751458212,3.77560367521619
Train,3.83682362058526,3.87085394107089
Train,3.90473988129319,3.90827285288105
Train,3.97095287542302,3.96254803460761
Train,4.03571234856193,4.05571328609949
Train,4.09870102110598,4.08539301537894
Train,4.16016733033225,4.14795853535907
Train,4.22016580789655,4.24577670168765
Train,4.27874841172472,4.2412264348568
Train,3.94834857241857,3.93154875725668
Train,4.01740782830182,3.92603524508741
Train,4.08448366602558,4.06965070385741
Train,4.14999214614001,4.13623790786914
Train,4.21366295193003,4.18848251706913
Train,4.27588763399669,4.26027903690556
Train,4.33640625917733,4.35122797059557
Train,4.39558801139962,4.40276069121137
Train,4.45332951202728,4.41571333000866
Train,4.50953957443521,4.49837297435988
Train,4.56455731325964,4.54774587456268
Train,4.61814675620209,4.57592043999466
Train,4.6706290126182,4.65465118245083
Train,4.72190723519698,4.73676598718521
Train,4.77189501457726,4.75915844008523
Train,4.82088906483323,4.77485560771311
Train,4.86867467599852,4.87436883478222
Train,4.91553384593695,4.92396297270716
Train,4.96125967032967,4.90756773113571
Train,5.0061205195486,4.94888541237378
Train,4.00572486412074,3.9751505551485
Train,4.07069386799758,4.02576282653899
Train,4.1341514785684,4.11242833428332
Train,4.19582186023062,4.1705286795459
Train,4.25593840039826,4.22546895868254
Train,4.31455909413189,4.28925715150763
Train,4.37189090164368,4.24639122486406
Train,4.42767899470071,4.35552237978118
Train,4.4821289332508,4.44400144913016
Train,4.53528829293779,4.49473187191688
Train,4.58734033580375,4.52385740510908
Train,4.63804930355442,4.56842045589474
Train,4.68759766170562,4.62308528229369
Train,4.73602480488829,4.63762519461307
Train,4.78349420479014,4.70379242476338
Train,4.82978737850795,4.73267073265197
Train,4.87506741754815,4.80858246804746
Train,4.91936722087082,4.76716183269673
Train,4.96283356217221,4.89430059145343
Train,5.00526359910687,4.92419757520656
Train,4.30786190900008,4.34056032147964
Train,4.34911875274351,4.36350783855596
Train,4.38958931103504,4.40525087130118
Train,4.42958690573192,4.44993743786472
Train,4.4688315680982,4.48440021308852
Train,4.50762669888236,4.55052264444566
Train,4.5457003340541,4.55499130226963
Train,4.58334642240813,4.56068071181289
Train,4.62043602756402,4.61815086538081
Train,4.65684802204323,4.68991420364
Train,4.69286298479566,4.69832980515639
Train,4.72822755697104,4.75661585393755
Train,4.76321391515958,4.77694147701914
Train,4.79770151081248,4.81240663778226
Train,4.83157681748398,4.83693045468681
Train,4.86510009875306,4.8777527127404
Train,4.89803478641953,4.89108686096733
Train,4.93063364025521,4.89861128122357
Train,4.96266634938228,4.94221752399426
Train,4.9943784928849,4.9887341313588
Train,2.11381598162526,2.13777632922029
Train,2.35975152066355,2.35470154838185
Train,2.58971946633783,2.5876380009995
Train,2.80467502260375,2.80767370404101
Train,3.00629967367229,3.00940270916908
Train,3.19603934511922,3.19856345659355
Train,3.3744561700665,3.35990988695266
Train,3.54275020653373,3.54185258673897
Train,3.70196371008232,3.70252307095143
Train,3.85242458682499,3.84043550055503
Train,3.99501860905168,4.01246753573105
Train,4.13034703663764,4.12528477482374
Train,4.25911725960685,4.25797960093587
Train,4.38147857577099,4.36986033494759
Train,4.49804807547099,4.50567211110865
Train,4.60937113197392,4.60434036790321
Train,4.71551941404335,4.7229707129809
Train,4.81697652558721,4.80489635595404
Train,4.9141723493683,4.92040524094409
Train,5.00712889188085,5.00250901451363
Train,2.12824086014106,2.21240176686842
Train,2.36563577693557,2.44232240201382
Train,2.58876682572363,2.65765272770113
Train,2.79834575793185,2.91725347365718
Train,2.99607567896539,3.04677783622537
Train,3.18245605234944,3.22623842097892
Train,3.35888799165738,3.39980908715188
Train,3.5257189974797,3.56368261911302
Train,3.68411765957447,3.72318446772624
Train,3.83432136404427,3.88217089906175
Train,3.97731673355594,4.02500190906358
Train,4.11326056571537,4.1649782246368
Train,4.24299498980412,4.29879609358431
Train,4.36661735849057,4.41825452556259
Train,4.48485354581673,4.54724484070903
Train,4.59775679944579,4.64686776986127
Train,4.70595833691108,4.75572167994505
Train,4.80947855874789,4.85105237792959
Train,4.90887077214744,4.93723324279927
Train,5.00413087628045,5.03548546915408
Train,2.12437101382411,2.12960029673923
Train,2.3512290524144,2.32919600586501
Train,2.56592591238666,2.51390446991172
Train,2.76941395359665,2.72044737562464
Train,2.96254862471074,2.92582247063547
Train,3.14610048437293,3.14074100403377
Train,3.32076547631727,3.28354753140047
Train,3.48717374731251,3.47391190023518
Train,3.64589724346215,3.60777595659783
Train,3.79745627785903,3.7875591196389
Train,3.9424936801774,3.88854070936213
Train,4.08109875316139,4.08238738619912
Train,4.21384435438266,4.19959047270822
Train,4.34109435273269,4.36070372548238
Train,4.46318310010972,4.48199142886915
Train,4.58041836494487,4.60294834027991
Train,4.69308392269098,4.70529983136475
Train,4.80144184917884,4.81712252297075
Train,4.90573455585667,4.92123686812192
Train,5.00618660018172,5.00524583864535
Train,5.12825314714536,5.0977485283729
Train,5.22807324783376,5.19951121099075
Train,5.3234386606687,5.29843581016758
Train,5.41445300671969,5.3970346171991
Train,5.50149719276265,5.48919763898812
Train,5.58491156061234,5.56664572201953
Train,5.66475330276161,5.6534957607364
Train,5.74140541072409,5.72367248632509
Train,5.81490305516721,5.80761545430687
Train,5.88551001183648,5.87779657945248
Train,5.95346382818578,5.95680067362264
Train,6.01877586215715,6.0037851602101
Train,6.08166230086552,6.0865816679925
Train,6.1423186225749,6.14193294178949
Train,6.20074012447725,6.19814664949809
Train,6.25716493748282,6.26085142404554
Train,6.31158068255573,6.30525546000717
Train,6.36414726549828,6.36116681477324
Train,6.41501012561041,6.42086632818609
Train,6.46414862124372,6.46315426303408
Train,3.80787064129186,3.7972331559813
Train,3.8898763491532,3.8930414813276
Train,3.96929618216408,3.99468963044274
Train,4.04625055192399,3.92054494421791
Train,4.12085250832296,4.12795041702884
Train,4.19303900848582,4.20293675229732
Train,4.26325354655403,4.26781600965842
Train,4.33141573353746,4.35380114377404
Train,4.39761425773164,4.41201285161515
Train,4.46193277000705,4.47638195249056
Train,4.52445023645379,4.53051946474807
Train,4.58524126181113,4.61216086298009
Train,4.64437638646708,4.66871647829612
Train,4.70192235951398,4.66966195290843
Train,4.75794239008229,4.78005268866946
Train,4.81236848862255,4.83317746318426
Train,4.86551652420822,4.87909319419487
Train,4.9173091080499,4.92989004956871
Train,4.96779744005766,4.96735828966121
Train,5.01703017355194,5.00428329604074
Train,3.806617109391,3.60558319385564
Train,3.88872745957526,3.82879014943865
Train,3.96805714263483,3.81241013428371
Train,4.04511904278585,3.89922509291318
Train,4.11982671861387,3.93160896551308
Train,4.19211020094286,3.89638266755537
Train,4.26242708916631,4.14781259023221
Train,4.33068986335162,4.06519557461434
Train,4.39682588928662,4.13267748990984
Train,4.46124608316893,4.2709907960907
Train,4.52386335476693,4.35499065091426
Train,4.58475234690992,4.41832143894499
Train,4.64383937400634,4.44576809108912
Train,4.70148360033293,4.4206897045442
Train,4.75760000785312,4.57209460898412
Train,4.81211536859238,4.69740146304139
Train,4.865356297876,4.75117292236064
Train,4.91724002756876,4.81998497845962
Train,4.96769448492966,4.80870752054579
Train,5.01701804254222,4.87596154126004
Train,3.80588284254704,3.78488587497122
Train,3.88763077769702,3.87861071020052
Train,3.9668537308049,3.92425365271629
Train,4.04366690789852,3.99833845738249
Train,4.11817861140821,4.0671268050246
Train,4.19049074964758,4.14737595491169
Train,4.26069930183139,4.22657527486808
Train,4.32889474309265,4.3049218525648
Train,4.39516243345652,4.369372033736
Train,4.45958297428733,4.4125483281714
Train,4.52208645869079,4.4824457446357
Train,4.5830410130851,4.5394020029089
Train,4.64236465318102,4.60854649698194
Train,4.70012197055097,4.63001990845805
Train,4.75637419038466,4.67846740835012
Train,4.81117938797974,4.73006241991243
Train,4.86459268873759,4.82931607934734
Train,4.91666645311231,4.89274065611244
Train,4.96745044781713,4.91029515224
Train,5.01699200446504,4.96768490591785
Train,0.176039307231385,0.173496124087251
Train,0.491829061560372,0.478993738355712
Train,0.786189983580055,0.765069097309606
Train,1.060260249714,1.01855241751764
Train,1.3165208250122,1.27598301947728
Train,1.55707898845063,1.49553773118168
Train,1.78253343107456,1.74439700135372
Train,1.99463927302696,1.92643193807999
Train,2.19490352153171,2.14877526100645
Train,2.3836181001812,2.3331609192719
Train,2.56207124256819,2.50575167798524
Train,2.73107775108345,2.67138231329955
Train,2.89165437654659,2.82867906498905
Train,3.04387222746022,2.98615436151158
Train,3.18862533618351,3.1141789037174
Train,3.32669603920296,3.28004650933508
Train,3.458066060632,3.39381819837581
Train,3.583435393406,3.51084999155137
Train,3.70342045735597,3.60475608927482
Train,3.81794992943887,3.74519035320918
Train,2.12504486247883,2.13572091524838
Train,2.37489199552404,2.4395306925544
Train,2.60767217902113,2.6449239154299
Train,2.8244986217606,2.86157796119369
Train,3.02722669966997,3.05177986726994
Train,3.21744156556698,3.24285778377816
Train,3.39579031130041,3.4339292467721
Train,3.56357351961028,3.61701476302915
Train,3.72191458341093,3.76908036958048
Train,3.8711886297476,3.92439739865404
Train,4.0123415361702,4.05220022049798
Train,4.1460184888255,4.18980647947865
Train,4.27296821072343,4.3164189967938
Train,4.39336241952189,4.43642125281985
Train,4.50784962688509,4.54557877273692
Train,4.617000697633,4.64907576557016
Train,4.72090040077817,4.75158868309882
Train,4.82005198778212,4.85928794919892
Train,4.91490121639626,4.92938005248288
Train,5.00547786237325,5.00454473069112
Train,2.12749913734611,2.03747745094188
Train,2.37925839223504,2.29710480229915
Train,2.61285901515677,2.57347605959512
Train,2.83078537289142,2.72342974548519
Train,3.03428807162891,2.98287762597101
Train,3.22475320633669,3.18626242503706
Train,3.40315267803497,3.35606693380032
Train,3.57105287025575,3.4941067760592
Train,3.7291390736078,3.68183734396916
Train,3.87824731562602,3.83699104318293
Train,4.01892969351737,3.96914216524601
Train,4.15224331228767,4.10548674269012
Train,4.27857991926452,4.22798296778274
Train,4.39847326376307,4.37514076977277
Train,4.51224861884756,4.48092239434845
Train,4.62065821805496,4.60375902045962
Train,4.72393158977961,4.70299082048768
Train,4.82242530335493,4.79489205808204
Train,4.91633511783574,4.88592873623566
Train,5.00621937921477,4.9534794510655
Train,2.12250081614239,2.01646213006097
Train,2.37137815312197,2.25318754115142
Train,2.6035019872609,2.46398664421577
Train,2.81992548588734,2.71540568216733
Train,3.02273494307519,2.93804099528279
Train,3.21266267447096,3.08127301398781
Train,3.39137986178172,3.29882042377722
Train,3.55939585741418,3.47428326595036
Train,3.71785785359595,3.65950403254283
Train,3.86776095855601,3.8121409087471
Train,4.00939607948925,3.95414247712688
Train,4.14379257918816,4.10029075870079
Train,4.27114552784829,4.22770896408838
Train,4.39215851123576,4.33310600046207
Train,4.50744991679182,4.46119378691583
Train,4.61711762343804,4.57172764638199
Train,4.7218475913991,4.69626210450588
Train,4.82169386306172,4.76783355435509
Train,4.91724991121634,4.87533976534542
Train,5.00853741419454,4.97174879057457
Train,3.12589242671175,2.99062689450875
Train,3.18840736762524,3.07801635280885
Train,3.24961871669671,3.1026161957634
Train,3.3093403703835,3.2519112753871
Train,3.36806855125741,3.27925935919484
Train,3.4256092008536,3.30604761044015
Train,3.48199797791098,3.29079384721081
Train,3.53726912765386,3.43137448249036
Train,3.59125075452547,3.45282582332948
Train,3.64438803489498,3.59681112125145
Train,3.69650250230504,3.59188251961677
Train,3.74762340667057,3.60570954904688
Train,3.79758926075564,3.71116917830659
Train,3.8468099525491,3.7482754489065
Train,3.89511830851896,3.79491545392557
Train,3.94253946179539,3.82179781230298
Train,3.98909763074818,3.80918989308702
Train,4.03464322954132,3.8921759975201
Train,4.07954770695401,3.90266614457687
Train,4.1236566866922,3.94706813187986
Train,2.30174952238649,2.28375787286859
Train,2.42563849430021,2.40671812179062
Train,2.54472832004564,2.53487911433876
Train,2.65986408848766,2.65092101475966
Train,2.77096213948657,2.75803064225511
Train,2.8782312120723,2.85433180339169
Train,2.9816079679532,2.890496636026
Train,3.08179842266637,2.9001636594694
Train,3.17870542979105,2.9996761118382
Train,3.27248779514222,3.03623941471596
Train,3.36306799464951,3.14692328402998
Train,3.45104497922095,3.22778156780987
Train,3.53631602303299,3.33017780890441
Train,3.61900407670275,3.25389461821942
Train,3.69902468544491,3.49175507425207
Train,3.77689263870125,3.59257191459255
Train,3.85250428662077,3.66805098900295
Train,3.92595629688816,3.75745090794589
Train,3.99716171304927,3.81777789237094
Train,4.06656796529797,3.83799943291524
Train,3.80127752748531,3.78859156126782
Train,3.88376399142518,3.83093834623651
Train,3.96354427333367,3.91011526332295
Train,4.04074939885598,3.99853798001095
Train,4.11550206946231,3.98496806075855
Train,4.18807501362775,4.19068731365041
Train,4.25825595785258,4.2361444266935
Train,4.32630903701418,4.30338150951502
Train,4.39232958027726,4.37813137569538
Train,4.45640730621492,4.40509737077082
Train,4.51862672958719,4.50140708295476
Train,4.57906753323467,4.55677663899587
Train,4.6378049085286,4.62812951395608
Train,4.69490986743565,4.65345615741899
Train,4.75044952892091,4.67999103352486
Train,4.80460531499195,4.73738746053277
Train,4.85719833594022,4.82752054441153
Train,4.90840670928397,4.88700072108804
Train,4.95828440621353,4.89686408172383
Train,5.00688262895638,4.97770559357014
Train,4.42405771003172,4.4203582954633
Train,4.4670126291091,4.49292665092253
Train,4.50905801934973,4.50202328767591
Train,4.55049287462654,4.57390721496267
Train,4.59119658831956,4.58777088462193
Train,4.63118834329603,4.6448169391515
Train,4.67035808054275,4.65627515217056
Train,4.70898303512818,4.75718286884694
Train,4.74694964498972,4.7632963175638
Train,4.78427459967259,4.76660741029627
Train,4.82085392069449,4.80702674168606
Train,4.85694540720588,4.83595970281749
Train,4.89244199366787,4.87726440771439
Train,4.92735826855581,4.90033756138473
Train,4.96159589677789,4.94111630607222
Train,4.99539524201747,4.96143103171198
Train,5.02865523458299,4.99057187699145
Train,5.06138868235503,5.00112530817205
Train,5.09350248887403,5.02271677673343
Train,5.12522131481153,5.06658205657004
Train,4.07463428571429,4.17218048524046
Train,4.1424878817734,4.20526218416489
Train,4.20763150318192,4.25709656339495
Train,4.27005571943413,4.3193980136748
Train,4.33025108942232,4.40287010778957
Train,4.38817811066825,4.3930807836332
Train,4.44396262968043,4.50498254345075
Train,4.49772135282087,4.58352398691204
Train,4.54942277315042,4.52628065655517
Train,4.59945231154328,4.65964908172828
Train,4.64775881540354,4.66519493065607
Train,4.69442979071714,4.65313400785453
Train,4.73942502629774,4.69396772037726
Train,4.7830685914796,4.80477183788753
Train,4.8253058575665,4.79492668782405
Train,4.86620371825587,4.92228630050522
Train,4.90582489087089,4.85105264592858
Train,4.94412435061645,4.90467309261112
Train,4.98136829008649,4.9715220878079
Train,5.01750156316566,4.98968370213879
Train,4.11391224174551,4.06633381499523
Train,4.17086899875919,4.16019564226008
Train,4.22654643261608,4.23555189577019
Train,4.28098716752216,4.26346513194403
Train,4.33423195495662,4.33808745314491
Train,4.386319775404,4.36222046688454
Train,4.43728793352601,4.40458274285629
Train,4.48717214726119,4.448580893908
Train,4.53600663129973,4.52515636965472
Train,4.58382417534343,4.58546392932476
Train,4.63052638339636,4.57921739611993
Train,4.67640571428571,4.64871353881426
Train,4.72135855700427,4.68342020829004
Train,4.76541269530156,4.70570102977945
Train,4.80859481300768,4.76795917463278
Train,4.85093054793016,4.8457037578155
Train,4.89244454261248,4.85708519933542
Train,4.9331604921652,4.86883921953813
Train,4.97310118936505,4.98297760762216
Train,5.01228856720203,4.98314342122103
Train,4.31041569693412,4.19459092581747
Train,4.36150201322049,4.32586054070271
Train,4.4113712724966,4.40001375722204
Train,4.4603569816047,4.33231131518733
Train,4.50833916000455,4.45828618585074
Train,4.55534833281064,4.5472412815252
Train,4.60127684922546,4.59126993109385
Train,4.64642945323015,4.6881275769374
Train,4.69069343394197,4.68732490517505
Train,4.73409476849156,4.70436132393297
Train,4.77653184227533,4.67266998130799
Train,4.81828426118081,4.82489104580782
Train,4.85924606970945,4.86668163000468
Train,4.8994395133602,4.87702804936634
Train,4.93876865029425,4.91873489169302
Train,4.97749098250746,4.94725525464673
Train,5.01550681702997,5.01217575789269
Train,5.05283531438251,5.01910870136271
Train,5.08938584281513,4.99465749712181
Train,5.12539636033461,5.08504151700799
Train,2.13243861956292,2.19280223930764
Train,2.34128924043706,2.38682957499623
Train,2.54147236406507,2.56134416900568
Train,2.73351658577987,2.81513436906243
Train,2.91764908754638,2.93029648574702
Train,3.09484693270104,3.1290578266744
Train,3.26525431926018,3.38858610995339
Train,3.42925423805619,3.62275954211873
Train,3.58720140982669,3.74632877951262
Train,3.73942484636421,3.86739300997215
Train,3.88602325679968,4.02250042686137
Train,4.02770179249685,4.11833563139589
Train,4.1645107136517,4.25684318936328
Train,4.29669683792838,4.3415359531391
Train,4.42449058009706,4.47404805296901
Train,4.54810729238474,4.58733384485095
Train,4.66757958015531,4.69618246891878
Train,4.78343928285984,4.79752584499693
Train,4.89568893908169,4.90631917077008
Train,5.00449468742572,4.98547369849439
Train,2.12760523077417,2.26571329304352
Train,2.34637372309523,2.41024193357225
Train,2.55457813048694,2.58613901166973
Train,2.75296560508509,2.78402545051722
Train,2.94221446468269,2.97213927008124
Train,3.123221454504,3.16488113028026
Train,3.29597824642569,3.32796114777739
Train,3.46129167080254,3.50787340522584
Train,3.61963263821041,3.67176353095601
Train,3.77143315625735,3.82290634289529
Train,3.9170902656182,3.96481009835406
Train,4.05696950766991,4.09583420185663
Train,4.19140798749415,4.21607041535572
Train,4.32071708628142,4.33648034944054
Train,4.44518486907893,4.4801611814928
Train,4.56526444033518,4.58380031059642
Train,4.68082434171382,4.69632459811692
Train,4.7922878682364,4.79922432578496
Train,4.89986903945461,4.90080499565738
Train,5.00376722120807,4.98949581352645
Train,0.881313407493903,0.995833566710644
Train,1.04022533311853,1.10395118629458
Train,1.19485035881755,1.25095772038731
Train,1.34455630837884,1.36489267738398
Train,1.49035156023774,1.57158115865604
Train,1.63162894722668,1.68267425673366
Train,1.76932972330652,1.82074381698294
Train,1.90287082845417,2.02873686777821
Train,2.03278477320619,2.060408151714
Train,2.15955630663759,2.18384837807389
Train,2.28263671028192,2.32957531402462
Train,2.40282653217886,2.41379825680997
Train,2.51959872791927,2.58804630723353
Train,2.63340110973659,2.62905929939006
Train,2.74464323365736,2.8212274411253
Train,2.85282871803426,2.89035223140309
Train,2.95864722385864,2.96371060421734
Train,3.06162162721572,3.09416058178795
Train,3.16240370553857,3.17662918917267
Train,3.26053467173671,3.22789233883668
Train,3.20745703847065,3.21659214063766
Train,3.30170650686263,3.30085268427501
Train,3.39306209800919,3.39801791773425
Train,3.481655078994,3.4736888487987
Train,3.56760889607013,3.55855200326187
Train,3.65103974856348,3.66917867704251
Train,3.73205711297071,3.73173288185171
Train,3.81076422222222,3.81344921035452
Train,3.88725850452219,3.87585949413915
Train,3.96163198568811,3.97000711479268
Train,4.03414958402946,4.03526042144222
Train,4.10453298015473,4.09607987169147
Train,4.17304297401347,4.18486621108605
Train,4.23975338006026,4.23598348730047
Train,4.30473418517441,4.30471805688103
Train,4.36805179357886,4.36462778050191
Train,4.42976925319048,4.44440807219871
Train,4.48994646502365,4.47657872414311
Train,4.54864037710914,4.54494152576626
Train,4.60590516424798,4.6118864719283
Train,3.81322948551779,3.76055371361508
Train,3.90691893116058,3.91163782948934
Train,3.99499599651112,3.98319698626619
Train,4.07829800435941,4.0569894845321
Train,4.15687309776207,4.12165520579765
Train,4.2314241501863,4.20359340331925
Train,4.30195598079178,4.2826608242558
Train,4.36906600413628,4.32832236221657
Train,4.43286309570572,4.43375752762404
Train,4.49345921462985,4.49869375178059
Train,4.55133206798867,4.54268822131235
Train,4.60642880980625,4.6097103985685
Train,4.6591659071363,4.65564749545592
Train,4.7095853832341,4.70668006283086
Train,4.75773519097383,4.76239188845102
Train,4.80395954642162,4.80565735363234
Train,4.84818469075593,4.8575038784802
Train,4.89071654213727,4.89447642255254
Train,4.9314780344064,4.93491822947362
Train,4.97074279761159,4.97447794905747
Train,2.11871101732342,2.21059238555426
Train,2.35639971209534,2.38866429535119
Train,2.57961855820311,2.62096148058481
Train,2.78989134529572,2.7833444865737
Train,2.98785655932474,3.03147719734989
Train,3.17477896625679,3.21188910268393
Train,3.35155747229536,3.33656795117167
Train,3.51899599735828,3.59819465162582
Train,3.67799902481864,3.62027660548483
Train,3.82883959521849,3.86181379216214
Train,3.97229603415125,3.99150081207154
Train,4.10889760260885,4.11944326283992
Train,4.23927485409542,4.25317732678013
Train,4.36355570378415,4.4103901443923
Train,4.48229529172797,4.45627953702206
Train,4.59585613532836,4.66501009965214
Train,4.70456980496575,4.71991921901281
Train,4.80886099985393,4.77171163705134
Train,4.90876211796032,4.85669707183479
Train,5.00465578625424,4.97127349135553
Train,2.12948535332106,2.12229868448048
Train,2.36808451852299,2.38719075000336
Train,2.59186526912554,2.62062524740395
Train,2.80216649499457,2.81521291581885
Train,3.000170504711,3.00567654172482
Train,3.18692526529574,3.18819906510544
Train,3.36336295610416,3.41432179269395
Train,3.53031553040329,3.5743919826582
Train,3.68852783291814,3.63351446776869
Train,3.8386687097472,3.81016689820535
Train,3.98117658853724,3.94456529665331
Train,4.11693089856034,4.02128704895404
Train,4.24625164233841,4.16905280303763
Train,4.36958557581574,4.30154207019223
Train,4.48733902625815,4.43964194673026
Train,4.59988236426554,4.56003140635585
Train,4.7075538950272,4.66487240328752
Train,4.8106632549458,4.75635959364445
Train,4.90949438546162,4.83359184564506
Train,5.0043081442292,4.91449034826655
Train,3.80686095628512,3.76850836002632
Train,3.88825780035489,3.86525746937696
Train,3.96735305420407,3.9327167718202
Train,4.04390277421532,3.99850840217368
Train,4.11819219791182,4.11737348969473
Train,4.19048006029031,4.14494301493323
Train,4.26053463553273,4.21736991330727
Train,4.32860849110071,4.32381205606907
Train,4.39493142283059,4.36566469333411
Train,4.45928377012633,4.4157936850188
Train,4.52189070250458,4.52535002236436
Train,4.58282228061717,4.57954268827962
Train,4.64227670641411,4.63761848366448
Train,4.70004978487365,4.68509964896111
Train,4.75633656690906,4.71244586636567
Train,4.81131565928723,4.80721545019333
Train,4.86479384963001,4.87774800571788
Train,4.91694739191074,4.91386179050096
Train,4.96793808513569,4.96459506388783
Train,5.01758310678026,4.9909475182285
Train,3.80679430504339,3.87046892538638
Train,3.88778650624006,3.95731887691363
Train,3.96636833684948,4.13596706562021
Train,4.04264582006686,4.19359080652794
Train,4.11688107377723,4.22763623213723
Train,4.18883926678568,4.29813752876908
Train,4.25877631363443,4.36741719770907
Train,4.32677618926272,4.35044163423845
Train,4.39291828014959,4.45971107561309
Train,4.45727769348714,4.52209302997653
Train,4.52006290390445,4.5457936130897
Train,4.58106298535578,4.60296125269087
Train,4.64048290846607,4.67830182060243
Train,4.69838328726409,4.75466249955207
Train,4.75482167475606,4.78455402054351
Train,4.80985275374445,4.84905197073022
Train,4.86364632096847,4.90353409497766
Train,4.91601337261856,4.9267106907937
Train,4.96712174883294,4.98678363361614
Train,5.01701629032258,5.05062900328994
Train,3.80611972270364,3.95452044360354
Train,3.88731910707581,3.93647692582999
Train,3.96625146411162,4.03939131153675
Train,4.04267301536831,4.13572117184958
Train,4.11702825065274,4.14203707306478
Train,4.18908159294882,4.18084343575538
Train,4.25924659584589,4.24352573694705
Train,4.32729583140517,4.31536951339513
Train,4.39361508479803,4.43572945727465
Train,4.45798494631505,4.43229986980987
Train,4.52076618154539,4.45887661496454
Train,4.58174721307592,4.63110849941404
Train,4.64126618351841,4.57111330973385
Train,4.69911912423919,4.70614533708249
Train,4.75562365370924,4.76105310552884
Train,4.81058316405152,4.77256699539066
Train,4.86429659539017,4.8212580434556
Train,4.91657443783087,4.8873468979582
Train,4.96769858284785,4.97385921460409
Train,5.01748634825444,4.97705258309725
Train,3.80623805303049,3.81138736813955
Train,3.88753078020919,3.88519194286528
Train,3.96637498914405,3.99070705308623
Train,4.04271066599911,3.98776457395797
Train,4.11698331648424,4.1209211800342
Train,4.18911552401937,4.20007809805793
Train,4.25919850153353,4.24971840740182
Train,4.32731835193961,4.34432920808104
Train,4.39340995199618,4.36965057092493
Train,4.45784711642854,4.47080521884891
Train,4.52055203115629,4.50141581445132
Train,4.58159362124596,4.60128782248466
Train,4.64090566213999,4.65706085609054
Train,4.69881655337345,4.67318554009398
Train,4.75525002877237,4.75736357373353
Train,4.81026191371953,4.8030496731426
Train,4.86390525603733,4.86435947049176
Train,4.9161146136343,4.90353740515275
Train,4.96717254044537,4.95666857463766
Train,5.01700594790432,4.98783897242902
Train,3.80454649010638,3.82074680039295
Train,3.88620973410509,3.88157011646399
Train,3.96520051675306,3.96999343804964
Train,4.04200080796561,4.04427538783966
Train,4.11652832777307,4.11283251922032
Train,4.18871590068989,4.20770560831807
Train,4.25899516781115,4.2669656684684
Train,4.32712567822561,4.31343088129324
Train,4.39350985115307,4.41262920760528
Train,4.4580647114781,4.45657194349405
Train,4.52072010590495,4.5126328253973
Train,4.58183995535504,4.58150514890622
Train,4.64134236269766,4.64885661188237
Train,4.69915706485423,4.68120104764785
Train,4.7556148422511,4.76580457558885
Train,4.81050863151791,4.82069241314093
Train,4.86414962297946,4.867412276295
Train,4.91645909771057,4.91528079521413
Train,4.96736826217722,4.95928264453687
Train,5.01716207657154,5.01166612963789
Train,3.80700622888093,3.7560944468114
Train,3.88877427138241,3.95606413235146
Train,3.96800600174478,3.86864569475802
Train,4.04481762614159,4.01091389424982
Train,4.1193183585778,4.12856674809336
Train,4.19176990969564,4.07946696546787
Train,4.26194646769299,4.22840772591735
Train,4.33010297897973,4.27569880782357
Train,4.39632542721955,4.36222744747283
Train,4.46069498446434,4.442716830059
Train,4.52328834308046,4.50175487271918
Train,4.58417802057164,4.50727616709082
Train,4.64343263984584,4.62432187760351
Train,4.70111718720335,4.65124424183887
Train,4.75729325008537,4.65768185503839
Train,4.81213981254375,4.79825908484054
Train,4.86546810011917,4.84282556303151
Train,4.91745449790918,4.85643174468714
Train,4.96814902518575,4.95998034270997
Train,5.01759924575596,4.96652377798091
Train,3.80596336604268,3.82500276569226
Train,3.88769996513518,3.89480095604631
Train,3.96674161449095,3.96699136559619
Train,4.04355965949606,4.06051395076247
Train,4.11808074467046,4.11465245768341
Train,4.19040637558598,4.19087953831695
Train,4.26047628850373,4.25437729019541
Train,4.32869680202522,4.33881102820669
Train,4.39499247859256,4.38899911500994
Train,4.45944364865415,4.44351308327168
Train,4.52198698971251,4.53079897843054
Train,4.58297654566406,4.56685236948397
Train,4.6423371550814,4.64626874814712
Train,4.70013321830006,4.70119672357032
Train,4.75630064541361,4.74834842556083
Train,4.81115082293435,4.82588431416843
Train,4.86461027507873,4.8517443028104
Train,4.91673123242365,4.91396260517649
Train,4.96745026806128,4.95406282919976
Train,5.01704349793831,4.98762221619836
Train,2.12495056724821,2.184854476287
Train,2.34945777282283,2.40047031396352
Train,2.56222321742098,2.59756728214415
Train,2.7641445707376,2.8246079933524
Train,2.95625223204811,3.00788853234371
Train,3.13882167745276,3.17036123032631
Train,3.31274714406066,3.34613134919528
Train,3.47862832524072,3.52705542371405
Train,3.63701069498069,3.66912932239393
Train,3.78839150003933,3.80543298988778
Train,3.93339306210399,3.88338867929815
Train,4.07208793953699,4.06024601801619
Train,4.20503299368069,4.15561495547263
Train,4.33257851609173,4.3545432504834
Train,4.45504691063629,4.44038780923256
Train,4.57273541460253,4.56319028525286
Train,4.68605019663049,4.67511152724546
Train,4.79497683635959,4.77625975726551
Train,4.89988733030091,4.86658658989109
Train,5.00099977196109,4.97208580007282
Train,3.12057470503998,3.18101114929414
Train,3.25056695041291,3.32685801822663
Train,3.37621872657534,3.46499568883155
Train,3.4977438575222,3.54392561008717
Train,3.61534234937141,3.6884061618839
Train,3.72937877692919,3.82702436203181
Train,3.8396686208536,3.90532562004955
Train,3.94655966910797,4.03256026826057
Train,4.05020664832263,4.13779207839798
Train,4.15075503382182,4.23997288273858
Train,4.24834173087499,4.30352523592228
Train,4.3430956966223,4.41381652269047
Train,4.43513850861546,4.51666502055559
Train,4.52458488524473,4.5691446622186
Train,4.61154316273624,4.63343513004656
Train,4.69624771173823,4.71738148838631
Train,4.77852787647681,4.80235842066941
Train,4.85861100191392,4.87862123771993
Train,4.93658392646145,4.91970018514803
Train,5.01252897163456,5.00587153357992
Train,4.42397364004492,4.51792464757636
Train,4.46683735539606,4.54008465466359
Train,4.50893936539061,4.58770023184297
Train,4.55029979492786,4.65167158484655
Train,4.59081178213107,4.68291790316653
Train,4.6307488212185,4.71406287395985
Train,4.67000050224061,4.76773737355143
Train,4.70858431721445,4.76861684255346
Train,4.74651716792629,4.80375762150652
Train,4.78381539061844,4.86611924288081
Train,4.82038074793771,4.88953522816701
Train,4.8564584459679,4.92765347563
Train,4.89194731473712,4.97002776992485
Train,4.92686165310814,4.98040276958272
Train,4.9612153006917,5.00784244540591
Train,4.99502165613748,5.01731728811501
Train,5.02819021518429,5.03822679059704
Train,5.06094212110785,5.05850420061688
Train,5.09318441768244,5.10043134739317
Train,5.12492890713027,5.11665378458019
Train,2.12550104692162,2.23051362987098
Train,2.36249646776252,2.38685353412438
Train,2.58505640723356,2.61720871821308
Train,2.79446079096045,2.83853940370318
Train,2.99161351625738,2.98150414131851
Train,3.17799179941986,3.25003165456474
Train,3.3542501589361,3.42333900803351
Train,3.52119104304165,3.60945816008825
Train,3.67953424563131,3.78726216943869
Train,3.82992728112534,3.78928340122548
Train,3.9727875343067,4.01230110155302
Train,4.10898451819272,4.12865857123506
Train,4.23882202114306,4.24445085682601
Train,4.36273529873528,4.36841156410264
Train,4.48112077281812,4.50251592910718
Train,4.59434026797352,4.61526368579325
Train,4.70259797540691,4.72554402710739
Train,4.80645584613463,4.81004238437708
Train,4.90605999608534,4.88179875460628
Train,5.00166651130452,4.9739157039312
Train,2.12904881893534,2.00514707619914
Train,2.36467502334078,2.34462496542983
Train,2.5863717544168,2.66070506435062
Train,2.79486546174269,2.7410274606591
Train,2.99152432623126,3.28353178408906
Train,3.17753928220471,3.32139853936678
Train,3.35335162280537,3.52155167039382
Train,3.51996756608778,3.65306508713729
Train,3.67827029863456,3.88274212925899
Train,3.8285242355018,4.15460634184274
Train,3.97149069765597,4.13670758833541
Train,4.10768730780933,4.43048534236368
Train,4.23773203527581,4.37332086049537
Train,4.36174904466134,4.44227270534975
Train,4.48028311048674,4.52567427484792
Train,4.59381959626278,4.68468454860704
Train,4.70241946335215,4.77200674039887
Train,4.8065167131807,4.86457902171787
Train,4.90649997779317,4.93261788761811
Train,5.00238865030275,5.00850799583532
Train,2.12501527018452,2.15181191832016
Train,2.35003051178219,2.41802604846453
Train,2.56320298552501,2.50498642866842
Train,2.76544366309285,2.87162163270659
Train,2.9577821852447,3.02321416543782
Train,3.14052880265688,3.21670903760969
Train,3.31457352501106,3.37207861454772
Train,3.48052343913084,3.55430543035618
Train,3.63893044409494,3.67015906963206
Train,3.79029738299524,3.80031871961182
Train,3.935241980896,3.97214227186305
Train,4.07386039520268,4.06597728052839
Train,4.20670336561969,4.19878990404504
Train,4.3341244713593,4.32447882223823
Train,4.4564490068171,4.4560706298962
Train,4.57397675444721,4.57709296208486
Train,4.68710854989513,4.67321199469916
Train,4.79584736949743,4.77076073914577
Train,4.90055910934902,4.88038255426363
Train,5.00146341314049,4.98551171396866
Train,2.42904274077958,2.50744351721187
Train,2.54128805417005,2.59347166770021
Train,2.65056593256424,2.73002845712108
Train,2.7564785354289,2.87388165366792
Train,2.85942745828435,2.92190518977077
Train,2.95977794398226,3.07646137066513
Train,3.05715430887349,3.14574981694022
Train,3.15214540181046,3.26252131539513
Train,3.24438972506331,3.31405998471746
Train,3.33422175797062,3.40116150959329
Train,3.4219471433464,3.49260688833056
Train,3.50722467475221,3.61155877407327
Train,3.5903563487981,3.59021930981544
Train,3.67161885214673,3.75865723742754
Train,3.75069005228593,3.80118021012095
Train,3.82803125587547,3.89403527343529
Train,3.90333237359765,3.94838770537899
Train,3.9768509209034,4.03653618350836
Train,4.04882379492898,4.08175679674059
Train,4.1189579695916,4.18654300249545
Train,2.12615928244812,2.12123944703126
Train,2.35640561825386,2.30409304512796
Train,2.57396830461773,2.52179650817015
Train,2.77939454680487,2.73966556691994
Train,2.9738957158573,2.87017770366583
Train,3.15853311371012,3.09973544546665
Train,3.33363468544825,3.27427670133147
Train,3.50011217092624,3.43441814698235
Train,3.6587702019829,3.60011939268952
Train,3.80979810691597,3.78357060923372
Train,3.95389951589732,3.89227002987536
Train,4.09154024536951,4.0556659616941
Train,4.22329740527652,4.16134727223653
Train,4.34924873605194,4.27303435255999
Train,4.4699090977705,4.43911090979964
Train,4.58573896656535,4.55050557464529
Train,4.69676532558195,4.66026495594633
Train,4.80340425438494,4.75278645409526
Train,4.90602959692195,4.85384175998479
Train,5.00463488654235,4.88164925474848
Train,3.8059207838499,3.81262699847866
Train,3.88731757973585,3.91903963181721
Train,3.96608546145374,3.99644877043829
Train,4.04267446966147,4.03242008703091
Train,4.11701540571486,4.16502241575836
Train,4.18905248026734,4.18616457102144
Train,4.25918869378173,4.27087577955717
Train,4.32735299829126,4.31429243025377
Train,4.3934865456023,4.41315112413213
Train,4.45795239861141,4.43138017297861
Train,4.52067906156789,4.56476328740609
Train,4.58173597875038,4.60640034933203
Train,4.64106249388532,4.65496988166888
Train,4.69897715218169,4.70400403554413
Train,4.75540930973608,4.76591313117206
Train,4.81029811863013,4.81938621183508
Train,4.86393398522854,4.89313366563692
Train,4.91624761325902,4.94649460923574
Train,4.9671786385632,4.97104026418674
Train,5.01699296006305,5.00139508852226
Train,2.12484842216417,2.23945034449935
Train,2.36660916552662,2.43745276611298
Train,2.59290912964036,2.62128244004452
Train,2.80518545392664,2.89433155204279
Train,3.0047025139173,2.95981825400668
Train,3.19279607615065,3.29175691692581
Train,3.37000616992748,3.42590028286759
Train,3.53744596601947,3.61291997423905
Train,3.69590180059452,3.7917188282554
Train,3.84607783287803,3.94132246915251
Train,3.9886065068177,4.07367598571182
Train,4.12405745422408,4.22145635268316
Train,4.25294510370161,4.30774457101325
Train,4.37573520966739,4.42293384134973
Train,4.49285047613896,4.58459458175457
Train,4.60480662645768,4.68655793696598
Train,4.7116860565606,4.72801855482612
Train,4.81394631719168,4.80986080487128
Train,4.91188052474144,4.91768412735655
Train,5.00575750911989,4.96532393988309
Train,2.11009471883343,2.40549734060551
Train,2.37041039572539,2.62200322196622
Train,2.61099245908694,2.86812053530412
Train,2.83400286718623,3.03494698897339
Train,3.04129889443473,3.21766934301741
Train,3.23425959314538,3.40719524833185
Train,3.41474353528568,3.57664348941398
Train,3.58372500444503,3.74013717861999
Train,3.74226964422779,3.89300400517095
Train,3.89131540652892,4.01220211440341
Train,4.03169112121989,4.20551823505048
Train,4.16413191680804,4.32047559048806
Train,4.28929209795479,4.4305993703656
Train,4.40775595607406,4.50530704009543
Train,4.52004688997203,4.56756580065121
Train,4.62650967206529,4.6829590973739
Train,4.72782502723186,4.78431385925614
Train,4.82424362092163,4.85427043473646
Train,4.91611208106899,4.9469871222027
Train,5.00374507401355,5.02076698504243
Train,2.129067878023,2.04491782635523
Train,2.36787792905186,2.32182344879402
Train,2.59208132754936,2.55492665370548
Train,2.80248393375513,2.74016109217337
Train,3.00055431103668,3.00424053336974
Train,3.18756551755991,3.13252428423584
Train,3.36400289133691,3.32616299649453
Train,3.53093486493978,3.46829906552375
Train,3.68929589731702,3.63710083304431
Train,3.83937516522213,3.7971325762046
Train,3.98197381270913,3.96272730944656
Train,4.11763754094162,4.07630292039357
Train,4.24701295926842,4.17858800011891
Train,4.37023568941752,4.30592847252228
Train,4.48787338357829,4.43008061954788
Train,4.60043042438518,4.54714677699849
Train,4.70797402783647,4.6455588558274
Train,4.81095366343755,4.76240443680399
Train,4.90977083098347,4.8740868184359
Train,5.00444813374043,4.96038900902386
Train,2.36097802441054,2.4973493356174
Train,2.59467270880296,2.6765841642009
Train,2.80991602211101,2.90584875561035
Train,3.00828576076312,3.05555833853941
Train,3.19217654819851,3.28392097096366
Train,3.36266575017569,3.4031981224598
Train,3.52158740602271,3.63194913405277
Train,3.66968650890396,3.74955020087509
Train,3.80821594725934,3.90387189478133
Train,3.9382470175695,3.99699988836801
Train,4.06021325882976,4.12422204590621
Train,4.17514813515164,4.2384360079559
Train,4.28335361077381,4.33848048084838
Train,4.38554006922663,4.42228179664016
Train,4.4823253111259,4.56053046248962
Train,4.57388140873411,4.62155861125211
Train,4.66085324788706,4.71856837566156
Train,4.74335552867245,4.81071235141462
Train,4.8219342682751,4.88368601120965
Train,4.89666225509807,4.93954914252026
Train,3.13066823605367,2.99806188409275
Train,3.2653108264816,3.17976065477524
Train,3.39478865399112,3.35736074807573
Train,3.51898420713781,3.4924896134853
Train,3.63841031814301,3.60023664694381
Train,3.75352574052123,3.72155036520417
Train,3.86419478631816,3.80437324050399
Train,3.97084544861934,3.90118680570049
Train,4.07386216601098,3.99211436237238
Train,4.17309998647914,4.09180726616069
Train,4.26892070629017,4.20645601814249
Train,4.36149783208145,4.2815199002398
Train,4.45114097624998,4.30733923918888
Train,4.53770137997336,4.43854711051426
Train,4.62147332342409,4.49027749543347
Train,4.70272335190628,4.54895579705772
Train,4.7813037669359,4.6622386417348
Train,4.85746953301625,4.75412295297065
Train,4.93145231247699,4.87188895671716
Train,5.00310747339594,4.92263661066681
Train,3.74239489362839,3.75650330684039
Train,3.82910320565476,3.80967215787314
Train,3.91283018968842,3.87544338812586
Train,3.99404431282438,3.95244862194704
Train,4.07270265527586,4.02513198197994
Train,4.14877480179739,4.11414953953499
Train,4.22267517861963,4.20568957407522
Train,4.29435470068976,4.30163472400818
Train,4.36377575593117,4.34743216578499
Train,4.43130764848334,4.38503694251085
Train,4.49689755489048,4.46622297577596
Train,4.56062805510859,4.50994009222813
Train,4.62245567120425,4.62682623262117
Train,4.68270027518888,4.68190203303857
Train,4.74130662485842,4.74192520307042
Train,4.79822877862616,4.79426548895572
Train,4.85375585529207,4.79491529822553
Train,4.90783210332889,4.87908858004812
Train,4.96041026430419,4.89865642204677
Train,5.01175299734479,4.95996362966798
Train,3.8034503864279,3.80257395730951
Train,3.88519629205936,3.94300999094412
Train,3.9642758143468,3.95937501752451
Train,4.04115558955896,4.08187576057753
Train,4.11576116141328,4.15400667934955
Train,4.18819196994992,4.18333938980504
Train,4.25838661498708,4.20988517379919
Train,4.32674812805353,4.32215937294677
Train,4.39320031641299,4.41323028072293
Train,4.45782206902926,4.48520789482063
Train,4.52054925469123,4.52574670119247
Train,4.58173363623279,4.58066986255835
Train,4.64129950786784,4.67714817505112
Train,4.69931025289988,4.68684220766409
Train,4.75570117986209,4.71872823852755
Train,4.81078211704302,4.83450817535231
Train,4.86447917330845,4.86348874145369
Train,4.91684385558621,4.87366305582327
Train,4.9678122675308,4.96711962960762
Train,5.0176594929962,5.00766797099277
Train,0.121912889345683,0.189764795875817
Train,0.321212618614355,0.282574599612417
Train,0.505488365045808,0.530246144515331
Train,0.676377270332567,0.691076050254196
Train,0.835721298201025,0.824523234905428
Train,0.983839788785082,1.00083884203559
Train,1.12225631485193,1.09904011372601
Train,1.25189388522558,1.25263906321197
Train,1.37356202535614,1.42536118050702
Train,1.48797369810938,1.50872080360205
Train,1.59605576012599,1.65848676505993
Train,1.69775822869169,1.74686444834151
Train,1.7938935331152,1.93658599362971
Train,1.88490661293244,1.88148129795263
Train,1.97119622403223,2.09858188326689
Train,2.05312077928406,2.13707465610059
Train,2.13121849731664,2.2059957329493
Train,2.20534073366341,2.28642030435003
Train,2.27597809355105,2.34527967899703
Train,2.34337069592827,2.48001998808468
Train,3.00190855643143,2.89953042410525
Train,3.11154383429012,3.0200687086035
Train,3.2174104685491,3.11345838134002
Train,3.31969949299921,3.15602808555377
Train,3.41858924454627,3.37411540379799
Train,3.51442734455197,3.42931414682971
Train,3.60700208859448,3.43360738055526
Train,3.69664654773391,3.65783381924848
Train,3.78349768358196,3.74268132491852
Train,3.86768405323916,3.81306332079475
Train,3.94932644422233,3.938700036706
Train,4.02853845268934,3.92313746774562
Train,4.10542701078235,4.12902117133126
Train,4.18009286823752,4.2574653409938
Train,4.25263103282269,4.27842325100755
Train,4.3232648426538,4.27563235104753
Train,4.39180798215632,4.38306651148741
Train,4.45847801874026,4.43577040130367
Train,4.52335069787516,4.44579895248171
Train,4.58649773530518,4.5153417987276
Train,2.1230898668007,2.22515823027061
Train,2.35310504958047,2.41250613272496
Train,2.57025444451035,2.66519031918142
Train,2.77558814575459,2.8779685772497
Train,2.97024574076675,3.03358287646188
Train,3.15465746306227,3.23404716259938
Train,3.32979227868022,3.39033247087536
Train,3.49633303012957,3.56119603059778
Train,3.65489714909719,3.68627076162375
Train,3.80604430555556,3.86150373760029
Train,3.95043246607212,4.02268771400122
Train,4.08821917312294,4.12010965028639
Train,4.21998349942063,4.2662683244962
Train,4.3461118399746,4.41372638122994
Train,4.46695822719602,4.5116680595238
Train,4.58284764957916,4.62778961969525
Train,4.6941945519255,4.71741143636973
Train,4.80103857268207,4.8091659344409
Train,4.90375409617079,4.90438574702785
Train,5.00257587715067,4.98696578568524
Train,2.12823337150201,2.13679601974582
Train,2.36411077689893,2.27481068042289
Train,2.58556084540345,2.51723143673007
Train,2.79429787321292,2.72691198972097
Train,2.99097959107034,2.92951276861641
Train,3.1770048147638,3.09825294601251
Train,3.35285279077528,3.31284204140502
Train,3.51968113936391,3.48614419319711
Train,3.67800242205579,3.64748625770517
Train,3.82829541577257,3.77381663370397
Train,3.97145202581556,3.9763024781314
Train,4.1076858400867,4.17616731402995
Train,4.23775673214238,4.26189665549828
Train,4.3619445926591,4.39416249032911
Train,4.48051650454393,4.51491982912012
Train,4.5940807056478,4.60565747080364
Train,4.70272168509138,4.74602944576691
Train,4.80696937638016,4.83347605599556
Train,4.90687679564637,4.90959747367015
Train,5.00290915065122,5.00913527141165
Train,2.12649679914649,2.19046753529983
Train,2.35759501184343,2.38889934688268
Train,2.57579871456369,2.56103470632661
Train,2.78171004898345,2.7747758675996
Train,2.97655078179956,2.9509060712262
Train,3.16119033961514,3.13979915655727
Train,3.33660020704182,3.30841854454593
Train,3.50309248504017,3.48052169201037
Train,3.66150276704624,3.65940810845495
Train,3.8124055918898,3.82039472542419
Train,3.95647937588095,3.96556051876541
Train,4.09387710541017,4.09349465590822
Train,4.22519554485524,4.21419421643805
Train,4.35082943708329,4.33709882941184
Train,4.47127164782101,4.47697054638593
Train,4.58658493578139,4.59264439029903
Train,4.69721097911515,4.70457363221067
Train,4.8034298752106,4.80438389262417
Train,4.90561165504706,4.90469009232402
Train,5.00376687657177,4.99551731255815
Train,2.12426474177798,2.16290082812884
Train,2.35063717238353,2.42062156459906
Train,2.56487196721311,2.61514747685214
Train,2.7679198323259,2.84523239988994
Train,2.96063471204643,2.97553874310506
Train,3.14378579387147,3.19050706737471
Train,3.31806776936108,3.36852230051954
Train,3.48410963961541,3.53464069470829
Train,3.64248230061874,3.69117642622041
Train,3.79370510124421,3.86312274586089
Train,3.93809071449201,3.98351831595937
Train,4.07640023404386,4.07998746956036
Train,4.20886154281866,4.28034179175665
Train,4.33583788543298,4.4197837861575
Train,4.45766303418754,4.54009440297705
Train,4.5746442187341,4.6405125782785
Train,4.68706471308976,4.76569915104483
Train,4.79518612586059,4.84394246109696
Train,4.8992504326528,4.88057545827178
Train,4.99948178390723,5.01080264251323
Train,2.12069811485206,2.21664631677231
Train,2.35218470385353,2.44233567917217
Train,2.57057755642353,2.66115700290175
Train,2.7769570622838,2.87747105826566
Train,2.97228793269146,3.07564607874883
Train,3.15723568352264,3.21460606888286
Train,3.33298376109513,3.42541759667802
Train,3.50002222658851,3.55605583979195
Train,3.65898286341219,3.68600226944363
Train,3.81043779263866,3.96374349817597
Train,3.95490635331891,4.02862691220071
Train,4.09286105212978,4.16636184936579
Train,4.22473272598362,4.30589822094407
Train,4.35091503644363,4.4071426568371
Train,4.47176839471261,4.53031137407015
Train,4.58749844172053,4.68407756103989
Train,4.69866391195884,4.7932903089204
Train,4.80541421416605,4.85205753643095
Train,4.90800726291726,4.90524562317478
Train,5.00668126816914,4.99171593937535
Train,4.51947933506468,4.5462694305279
Train,4.55595585406054,4.60938970738971
Train,4.5917319627115,4.61635709900656
Train,4.627075703772,4.66192654031147
Train,4.66187178245568,4.67961086583637
Train,4.69613283019948,4.72662116055471
Train,4.72975236329546,4.737136311418
Train,4.76298150731276,4.79123063044062
Train,4.79571121929055,4.81413853572121
Train,4.8279526748944,4.82669155824442
Train,4.85960491137652,4.87090573554269
Train,4.89090370692284,4.90635040151574
Train,4.92174579971075,4.92571940364724
Train,4.95214111344554,4.9396827043438
Train,4.98199381297,4.98322973067116
Train,5.01152570884951,4.99451357030921
Train,5.04063889265971,5.03480476658478
Train,5.06934220665434,5.06173051399855
Train,5.09754458307822,5.08675320830116
Train,5.12545508269722,5.0981529049659
Train,2.12494654509825,2.16241285614342
Train,2.36598412000708,2.37854382362275
Train,2.59196570528841,2.59676057657998
Train,2.80379698900247,2.84574458863426
Train,3.00298370934386,3.02757155781728
Train,3.19083016455647,3.20832950740805
Train,3.36789057987543,3.36099521801225
Train,3.53525081837902,3.53134513631085
Train,3.69386021820756,3.70818980034346
Train,3.84405824457985,3.86985465479302
Train,3.98665280163087,4.02633508236795
Train,4.122207001394,4.1484404690018
Train,4.25137132222626,4.2763338816294
Train,4.37431687836064,4.40690736898614
Train,4.49161091976608,4.51417471357854
Train,4.60375754775155,4.64038633033124
Train,4.71085249935736,4.73319947362324
Train,4.81334220797438,4.83603695641432
Train,4.91162557614815,4.90001136025785
Train,5.00574879795207,4.94780989284845
Train,3.12543660352992,3.19690506794723
Train,3.25712552680222,3.29808231590323
Train,3.38384356666926,3.43493101830791
Train,3.50620900440506,3.5638730575738
Train,3.62411149096913,3.6825721698624
Train,3.73810966565051,3.79328955539131
Train,3.84808553713416,3.90345162618905
Train,3.95454624135555,4.01833984791301
Train,4.05751308548187,4.1170730426893
Train,4.15701563451543,4.26243636380241
Train,4.25349605830165,4.33143376129192
Train,4.34682758939512,4.43457847675381
Train,4.43741576260776,4.49044244493052
Train,4.52525628961524,4.6004979533227
Train,4.61035273249628,4.67354481931397
Train,4.69306363582991,4.76393842057951
Train,4.77326219556547,4.8395202951051
Train,4.85128003768205,4.90321623751879
Train,4.9269917254398,4.99039235856799
Train,5.00070489880787,5.01155100905999
Train,2.12586216946758,2.22025152172318
Train,2.34810903639221,2.39230276568742
Train,2.55906981011008,2.60691198140012
Train,2.75958289477367,2.79800931236787
Train,2.95019087527279,2.98807276339903
Train,3.13201922497898,3.16127323345791
Train,3.30546511329829,3.36800206011685
Train,3.47109513912386,3.50060670734638
Train,3.62942596209123,3.63050310203835
Train,3.78092968593105,3.81368836607726
Train,3.92587471946271,3.95392318853192
Train,4.06499196065997,4.10316662513651
Train,4.19847485952058,4.24786546750693
Train,4.32665891410702,4.34344217678517
Train,4.44985350448167,4.43605093458609
Train,4.56834438574395,4.58324630083007
Train,4.68226681502816,4.6935587142616
Train,4.79212856728055,4.79585561880413
Train,4.89802281184461,4.88289991122474
Train,5.00016065846189,4.96574017135208
Train,2.1239034454604,2.07830008840028
Train,2.35911492066316,2.32481579140403
Train,2.58033210952386,2.54536596827529
Train,2.78876785111201,2.75070303525536
Train,2.98549876920964,2.92097354344151
Train,3.1714838731517,3.07159708093241
Train,3.34758019165918,3.25038769157254
Train,3.51455597750929,3.46106094805145
Train,3.6731019122736,3.64310025893792
Train,3.8238406558098,3.73453220990086
Train,3.96717569005629,3.91442818771247
Train,4.10394304643346,4.06360087101712
Train,4.23443871645856,4.20386998376307
Train,4.35908442797437,4.28501695034356
Train,4.47826492668644,4.45366644346359
Train,4.59233194299298,4.54376860965385
Train,4.70160765894359,4.65306382449489
Train,4.80638774730354,4.7343253867366
Train,4.90694404309473,4.88360848048433
Train,5.00352689844212,4.94963414619451
Train,2.12157822752679,2.1616900351346
Train,2.34997161046408,2.38235016530598
Train,2.56589949340802,2.58804474689896
Train,2.77035529952172,2.81203424704654
Train,2.96422962398634,2.97738342953744
Train,3.14851996271753,3.21313743169594
Train,3.3235451646146,3.32003380662354
Train,3.4901648213289,3.52992015531163
Train,3.64897024560068,3.70684388247719
Train,3.80049855744591,3.82375197597867
Train,3.94523875342614,3.96615873976043
Train,4.08363697812071,4.11172055938732
Train,4.21610111752593,4.25839279853972
Train,4.34300481400337,4.41353046837685
Train,4.46469098601581,4.48440624557225
Train,4.58160039291125,4.61020376848319
Train,4.69376757502804,4.67171685051653
Train,4.80159108710145,4.80467705422961
Train,4.90531844922459,4.89126994150138
Train,5.00517872577434,4.97969383755481
Train,2.12157822752679,2.16095513098116
Train,2.34997161046408,2.36868810873602
Train,2.56589949340802,2.60054291487904
Train,2.77035529952172,2.78014915373751
Train,2.96422962398634,2.95009904170729
Train,3.14851996271753,3.16459554721951
Train,3.3235451646146,3.33326868466247
Train,3.4901648213289,3.51684034201753
Train,3.64897024560068,3.63337699402837
Train,3.80049855744591,3.79219536353594
Train,3.94523875342614,3.92989430861053
Train,4.08363697812071,4.10637771948677
Train,4.21610111752593,4.22992963071738
Train,4.34300481400337,4.39577872620976
Train,4.46469098601581,4.46272431816396
Train,4.58160039291125,4.58197145422128
Train,4.69376757502804,4.70517165004276
Train,4.80159108710145,4.82146209797065
Train,4.90531844922459,4.89583140931791
Train,5.00517872577434,4.97976496139199
Train,2.8296740501142,3.11499374356572
Train,3.00087003735464,3.15691971038905
Train,3.16277266275112,3.28495529943757
Train,3.31611866365468,3.43869604598149
Train,3.4615689084876,3.52570986440332
Train,3.59971791781557,3.71350854324191
Train,3.73110198672411,3.80803566760369
Train,3.85620614249155,3.92145861278914
Train,3.97547012785809,4.06470499016177
Train,4.08929356546614,4.177120838478
Train,4.19804043129214,4.30552677909691
Train,4.30204294258438,4.36750357888377
Train,4.401604947801,4.45746677710122
Train,4.49700489141195,4.54778235284903
Train,4.58849841449439,4.62565706634996
Train,4.67632064227137,4.71320880645908
Train,4.76068820169532,4.7920201807483
Train,4.84180100552688,4.86193480306429
Train,4.91984383384104,4.93392210924503
Train,4.99498773929687,4.9945412427187
Train,2.12307251257918,2.30900907858086
Train,2.35964578934866,2.48775196610586
Train,2.58218050412771,2.75256802860167
Train,2.79142720735334,2.95595100630635
Train,2.98897791192864,3.14619232318728
Train,3.17537342606459,3.33489494067544
Train,3.35192322830612,3.537839014989
Train,3.51901641132875,3.69210485806252
Train,3.67756862434833,3.87800287720893
Train,3.82838570779016,3.96832073664336
Train,3.97170145535005,4.11935337597424
Train,4.10836525981417,4.3662142272351
Train,4.23853985576174,4.39139224762766
Train,4.3628148187034,4.5218840100224
Train,4.48171459673084,4.60832602957817
Train,4.59532714951275,4.71480830841392
Train,4.70423982572091,4.78700365321492
Train,4.80850558860764,4.86011003653766
Train,4.90863863853738,4.92470544282151
Train,5.00466535907799,5.04824793995067
Train,2.12031013626789,2.22775003193965
Train,2.36102834848217,2.40602031078379
Train,2.58658898959166,2.60984000809185
Train,2.7983800262081,2.87317454634831
Train,2.99784901303123,2.99768445700465
Train,3.18561792614839,3.21165992832175
Train,3.36288618172805,3.40807012951518
Train,3.53051066694614,3.52717584280981
Train,3.68925750488651,3.6822550581528
Train,3.83981376202818,3.89768786946661
Train,3.9829588998068,4.0141773213345
Train,4.11891938268376,4.13572336351353
Train,4.24836903830734,4.23059859221758
Train,4.3717646127021,4.38046417330042
Train,4.48952110602165,4.49940639364468
Train,4.60201643538855,4.64219658193724
Train,4.70971741650357,4.73264239790115
Train,4.81269041611846,4.82032244388756
Train,4.91135181778044,4.85247092516329
Train,5.00596686579683,4.96296561202143
Train,2.12440624434696,2.07865464925089
Train,2.35222798355211,2.31434761476521
Train,2.56759390425402,2.47769733839414
Train,2.77149833019303,2.62696420050634
Train,2.96505326559385,2.83750018747742
Train,3.14860732130058,3.00614853712977
Train,3.32311528269837,3.22574237165645
Train,3.48922979559846,3.36598803218112
Train,3.64754219853314,3.54603309134473
Train,3.7985895563195,3.66411905131099
Train,3.94302608276754,3.87199631331532
Train,4.08095990864761,3.96334391139862
Train,4.2129716824796,4.10788633548145
Train,4.33943477525598,4.27027026549513
Train,4.46069181716834,4.38766968298114
Train,4.57705779753348,4.48336687146002
Train,4.68895122952415,4.60192407148497
Train,4.79637790324853,4.68887778673889
Train,4.8997186923022,4.82400014951054
Train,4.99920235130416,4.94167823326643
Train,2.12622589903915,2.11390954567287
Train,2.35105907196245,2.30335626152919
Train,2.56408052411292,2.41042166678017
Train,2.76596443231534,2.706448814326
Train,2.95800431013222,2.86161845196511
Train,3.14069197335927,3.08579082520009
Train,3.31469435242682,3.25818447160964
Train,3.48061643614247,3.40437227108305
Train,3.63882531876998,3.56872305267098
Train,3.79019624579036,3.76690811606204
Train,3.93499541998522,3.87083813417485
Train,4.07364171657609,4.00006995327931
Train,4.20636535159036,4.12346441586851
Train,4.333832845834,4.24640615986573
Train,4.45620835739143,4.41148725281528
Train,4.57379102778125,4.51272909250292
Train,4.68685701678631,4.62801367233988
Train,4.79553547793856,4.77538888525305
Train,4.90031986812072,4.8186820673418
Train,5.00129839913448,4.92391369249526
Train,3.15039381919847,3.16159678408258
Train,3.2382231415356,3.25574762340148
Train,3.32371965065747,3.33985565489638
Train,3.40678219060746,3.40101244634207
Train,3.48788845652993,3.48489372423683
Train,3.56692295565203,3.58083344590523
Train,3.64396406827628,3.6615347776642
Train,3.71908627017166,3.72699511609608
Train,3.79219047864077,3.79186802852018
Train,3.86368795523912,3.88654029409918
Train,3.93346868964079,3.97008947768154
Train,4.00159377995734,4.00542457734446
Train,4.06796711744242,4.06295919627883
Train,4.13295647522878,4.14719949226128
Train,4.19645682270938,4.18953144023544
Train,4.25851875370888,4.25887491307731
Train,4.31919059560865,4.32021667120716
Train,4.37838080622098,4.37904750809685
Train,4.43641200640792,4.43787546868043
Train,4.49318561840907,4.50532960019882
Train,2.1297646112952,2.05891777689612
Train,2.35976321402919,2.32466750616732
Train,2.57660054688476,2.48110973236544
Train,2.78177693703839,2.7568874661265
Train,2.97582693019832,2.9525660706804
Train,3.15999309509978,3.14565398388731
Train,3.33466796457649,3.28396732209148
Train,3.50089346110216,3.48960272469412
Train,3.65911229125799,3.6549489045683
Train,3.80974092004381,3.79902508165833
Train,3.95359590323492,3.96198013009234
Train,4.09085311686547,4.07005218354425
Train,4.2222151261859,4.24157229971752
Train,4.34792955629329,4.34663849350181
Train,4.46823410563742,4.48223250218689
Train,4.58369845487071,4.58004505283861
Train,4.69438990326048,4.70899021042351
Train,4.80080855719805,4.81493545879857
Train,4.90299475843662,4.90976886155113
Train,5.00139054318324,5.01450085885517
Train,4.42409585505031,4.3773124610052
Train,4.46699999968875,4.45912269954715
Train,4.50912999588748,4.50074794056854
Train,4.55062343413759,4.5356714151967
Train,4.59126463212535,4.57714212365863
Train,4.63119185597453,4.62811142334067
Train,4.67042375623285,4.65085778354478
Train,4.70897833946524,4.7076648574166
Train,4.74698003120916,4.72950781129839
Train,4.78422975172007,4.77188291990205
Train,4.82085262510907,4.80543561736158
Train,4.85686434244745,4.84744811265409
Train,4.89238013767545,4.8906962588444
Train,4.92721292432008,4.91631700934158
Train,4.96147863591879,4.93245195698728
Train,4.99519100856651,4.98964440358577
Train,5.02836333827751,5.01498888545393
Train,5.06110076351569,5.05219235656477
Train,5.09322977271502,5.08009206010684
Train,5.1248561911553,5.09985899010098
Train,3.12219664035665,3.1108569413409
Train,3.24953452024874,3.14938220461045
Train,3.37314604202669,3.44838256012008
Train,3.4928498320296,3.51980051317878
Train,3.60916007451301,3.65658570587766
Train,3.72189627166973,3.55750986121348
Train,3.83153353563189,3.78028574691962
Train,3.937893249733,3.91767222796261
Train,4.04141575955877,4.01752427936663
Train,4.14192507832224,4.09354138554227
Train,4.23983048635145,4.21829023239843
Train,4.33495917628389,4.30970934409379
Train,4.42769256120208,4.39449693273309
Train,4.51786140777872,4.48470440175697
Train,4.60582203826741,4.54520639323891
Train,4.69140906736962,4.63334377175852
Train,4.77495614780948,4.7276846923869
Train,4.85630192241415,4.79760606276795
Train,4.93575949499856,4.92065169855414
Train,5.01317164359974,4.96103592199324
Train,2.12980838791552,2.22033530687258
Train,2.34168333658339,2.38356854707672
Train,2.54414515157146,2.59287138545733
Train,2.73824139127693,2.81301504444309
Train,2.92427150924354,3.01836469608497
Train,3.10272808016657,3.22541640338568
Train,3.27387246115437,3.32926523439892
Train,3.43851371335323,3.47785785111955
Train,3.59683781251713,3.61660178195416
Train,3.74920149103465,3.77264379124244
Train,3.89577051701384,3.93077342207653
Train,4.03718640633585,4.09821451000062
Train,4.17356288687294,4.19853363775837
Train,4.30516461492292,4.34337458946902
Train,4.43209530256108,4.48242830132767
Train,4.55487496931329,4.55626758702783
Train,4.67357034358219,4.71072766638827
Train,4.78838188846819,4.81347394497607
Train,4.89937221252288,4.89834153385527
Train,5.00697080778179,4.99200570282483
Train,2.12537416344365,2.32762300211471
Train,2.34552927409838,2.51367123918499
Train,2.55466956421632,2.79070095199859
Train,2.75404750150743,2.86322330181429
Train,2.94390490216024,3.10391707412964
Train,3.12531404718931,3.20031156485311
Train,3.29843757033248,3.4203737045973
Train,3.4642020484339,3.58757060715288
Train,3.62288854078934,3.68298629566561
Train,3.774770174997,3.89737327601688
Train,3.92060283959894,4.00081961550131
Train,4.0604259611579,4.17774647930128
Train,4.19490563275434,4.29306575772353
Train,4.3241967607628,4.42141647199969
Train,4.44845398107351,4.54049066417247
Train,4.56823507402279,4.59143163675799
Train,4.68351752216831,4.68528240799969
Train,4.79480054880053,4.80999361181966
Train,4.90204659920499,4.90227507061718
Train,5.00570487775376,5.00013657031013
Train,2.13137907626679,2.11162784019507
Train,2.36558251256851,2.35756129558104
Train,2.58611448184891,2.49460091927176
Train,2.79367170301773,2.67009946753569
Train,2.98958625163742,2.89606243986054
Train,3.1748110244684,3.0401309866611
Train,3.35039506155556,3.29438292868508
Train,3.51669708659816,3.40013012331292
Train,3.67461182151582,3.58551301705302
Train,3.82475816738325,3.70548367934134
Train,3.96785686933162,3.87694082036978
Train,4.1040849131936,4.03170179406879
Train,4.23407210575375,4.17222719282108
Train,4.35823770054002,4.31592476647347
Train,4.47709846671157,4.42931741163011
Train,4.59072994667882,4.52545174604347
Train,4.69959280869004,4.6443254866208
Train,4.80398106079469,4.72263174741602
Train,4.90427851305546,4.81098157167071
Train,5.00050274038001,4.93068296829006
Train,1.35217257524446,1.43213429988464
Train,1.47399066892342,1.51899528179274
Train,1.59230603675122,1.67179277774994
Train,1.70788984059983,1.67883242526477
Train,1.82053051413345,1.85220078246493
Train,1.93004279454803,1.92999017809416
Train,2.03713200282241,2.06990184825918
Train,2.14159461111633,2.18785480937186
Train,2.24325094712242,2.20555376633638
Train,2.34274872420312,2.34624981338129
Train,2.43989262030807,2.5051052614308
Train,2.53476518976344,2.52423769739835
Train,2.6271948653086,2.6350569403221
Train,2.71776308529764,2.7329854134332
Train,2.80628541222797,2.82307545211734
Train,2.8925965675905,2.90726844221717
Train,2.9772348648877,3.03214994639166
Train,3.0600238295116,3.06309928910377
Train,3.14080449271254,3.11224796663737
Train,3.22007675336816,3.24720257647459
Train,2.13169975329619,2.18785562870107
Train,2.35657563234608,2.40526506243623
Train,2.5697195887708,2.58006197833492
Train,2.77161116287705,2.78574585417664
Train,2.96351242318112,2.97763038215635
Train,3.14577167191889,3.1639327638768
Train,3.3194547591735,3.34960883850181
Train,3.48481216801417,3.47018604247205
Train,3.64259090213786,3.65655039894773
Train,3.79345572001115,3.79233146156002
Train,3.93755376827673,3.9279568105012
Train,4.07561483172903,4.08699135127608
Train,4.20773741289214,4.23307210461098
Train,4.33442728443041,4.35077302398349
Train,4.45613844345657,4.480931075228
Train,4.57291703333236,4.58559646613321
Train,4.685289008097,4.69787530064787
Train,4.79327551310105,4.82308270079557
Train,4.89734342494307,4.90446312258246
Train,4.99749465933353,4.99070151370688
Train,2.11800698707624,2.10498400753931
Train,2.34965765577576,2.31621232767066
Train,2.56840930776639,2.50060077355738
Train,2.77488577997022,2.75147895335431
Train,2.9702926005582,2.94373486512632
Train,3.15568719019291,3.13037601419455
Train,3.33145779694166,3.23299894349111
Train,3.49867861621973,3.47778838880186
Train,3.65763083900424,3.64076658260637
Train,3.80906884706775,3.7737958628677
Train,3.95366217337027,3.93466372293551
Train,4.09157969995091,4.09097229235522
Train,4.22340924524784,4.20804497003155
Train,4.34967552568932,4.34707874519154
Train,4.47047351119821,4.43827120631249
Train,4.58639020485336,4.5746031759827
Train,4.69748557725583,4.66852385666061
Train,4.80416453796717,4.77847486151222
Train,4.90679145152063,4.89660819737401
Train,5.00538847860667,4.95210697948824
Train,3.84179557269776,3.82840793460491
Train,3.91920875165838,3.92926640137921
Train,3.99422371956472,3.96542590147874
Train,4.06725350138824,4.04728188914487
Train,4.1382277797835,4.17130660404291
Train,4.20723213202012,4.17100192859652
Train,4.27420779048411,4.26536415132432
Train,4.33951434295091,4.3250404497503
Train,4.40308067966405,4.37989954550358
Train,4.4649754430464,4.41078039169952
Train,4.52513816900946,4.50758298194887
Train,4.58388488439728,4.58063981039959
Train,4.6411453493064,4.63989655837577
Train,4.69697526082213,4.67459107811555
Train,4.75131410345043,4.74479109007007
Train,4.80444192109512,4.79729543487701
Train,4.85629034384653,4.84975763919101
Train,4.90690503639522,4.90462531103549
Train,4.95622646817187,4.92147284081511
Train,5.00450460980597,4.9519693596485
Train,2.12502787527181,2.04171141539337
Train,2.36135204633954,2.28432663523927
Train,2.58362284929565,2.52654493143928
Train,2.79268469363621,2.75763058156372
Train,2.9900326385081,2.98724980456609
Train,3.17629153514919,3.19878766068541
Train,3.35268522941764,3.36382905569917
Train,3.51967841931029,3.51586925583979
Train,3.67828647416271,3.66136965246187
Train,3.82885566655389,3.83467657259462
Train,3.972238578413,3.97702284774277
Train,4.10869287269671,4.1094697382905
Train,4.23894221158223,4.21871819061016
Train,4.36317727847259,4.31197250198056
Train,4.48201832437531,4.45529088473086
Train,4.59560495869248,4.60882670520004
Train,4.7044735138618,4.68044610118523
Train,4.80872436390115,4.76576079893493
Train,4.90882501568616,4.86445955369345
Train,5.00484551569014,4.95540812835679
Train,2.12630598483605,2.07385408741538
Train,2.35539875522112,2.30033345127958
Train,2.57176533308534,2.52486095590575
Train,2.7762152162635,2.70792308391901
Train,2.97012763582966,2.92023675153905
Train,3.154096397871,3.10101741108338
Train,3.32886723508733,3.26790572911523
Train,3.49511312972944,3.41819601218594
Train,3.65327046900327,3.59682734098533
Train,3.8042444465208,3.74964707700747
Train,3.94835614457831,3.88453999627018
Train,4.08606303712706,4.04829957815673
Train,4.21763900232919,4.16604224271032
Train,4.34375987462006,4.27814514598867
Train,4.46462571056548,4.40788090739989
Train,4.58055824708455,4.53303262011468
Train,4.69185348214286,4.63109805039312
Train,4.79866719334719,4.74391994397592
Train,4.90148964649825,4.85867596528442
Train,5.00043192536905,4.95816036857286
Train,2.12756302321726,2.08176739987903
Train,2.34357282068457,2.32598798899198
Train,2.54984329443584,2.4757529635026
Train,2.74656419884556,2.75657277092432
Train,2.9346004194769,2.91490661356693
Train,3.11472246366613,3.10865898045631
Train,3.28702110126639,3.30151463414222
Train,3.4523767881392,3.44560658541741
Train,3.61083401632121,3.60137200907775
Train,3.7629914237032,3.77914727907773
Train,3.90938665371888,3.88396985245708
Train,4.05001495535352,4.04765397186929
Train,4.185367040438,4.19587082264661
Train,4.31588545686173,4.32717429090553
Train,4.44153302115887,4.41561374561752
Train,4.56285822366104,4.58348677489266
Train,4.67980876824761,4.67669526865393
Train,4.79274789655703,4.7775577991888
Train,4.90200518548599,4.87931068871694
Train,5.00751258189677,4.99753516872443
Train,3.80374262174995,3.86602264423345
Train,3.8813644729742,3.93891907329453
Train,3.95697922789834,4.02555252788807
Train,4.03066374022847,4.09084036497916
Train,4.10249098938142,4.20361997380678
Train,4.17241839760179,4.24056004349768
Train,4.24073848405763,4.31654392291966
Train,4.30739922438136,4.35409454452019
Train,4.37246034610359,4.4378591546847
Train,4.43597874424708,4.52765469875521
Train,4.49800864726972,4.57221323984413
Train,4.55860177147655,4.61876331086387
Train,4.61780746482474,4.63627614007783
Train,4.67567284096216,4.71945847095594
Train,4.73224290426455,4.79937453509774
Train,4.78747214480045,4.78870471444316
Train,4.84158066204671,4.8603225449624
Train,4.89451729124722,4.89993413819502
Train,4.9463196958571,4.93967656610766
Train,4.99702394247805,4.99110413559538
Train,2.13398817546624,2.17884006234817
Train,2.3603036930206,2.38088335789871
Train,2.57460521573588,2.59281621591435
Train,2.77744420913406,2.77903092413726
Train,2.97007708970211,2.98392479542235
Train,3.15291186542403,3.14426232571532
Train,3.3270039647829,3.41207924911396
Train,3.49265432852556,3.57088861117882
Train,3.6507592120268,3.65036895745288
Train,3.80153884200432,3.88530482968054
Train,3.94576178529703,4.0272307707346
Train,4.08358689922918,4.15427800495672
Train,4.21567911599837,4.27831615813921
Train,4.34215029631276,4.40809832584637
Train,4.46358035984785,4.60987757131261
Train,4.58004496573176,4.62192881561168
Train,4.69205361385402,4.70285034012704
Train,4.79965394873103,4.80001591734799
Train,4.90329661362725,4.91164416936226
Train,5.00300750171342,4.99038938280682
Train,2.12692952333918,2.07564618570541
Train,2.35088489207782,2.32130672451603
Train,2.56338939913463,2.53119975187474
Train,2.76487539438893,2.73759825454908
Train,2.95637934571797,2.92570154909845
Train,3.13881695982081,3.10975569469338
Train,3.31245113616632,3.2748735537607
Train,3.4782528902867,3.44604510533463
Train,3.63640671876633,3.59222890018646
Train,3.78758909481047,3.74743302303614
Train,3.93240371759829,3.89999844909107
Train,4.07095177015897,4.03491473639951
Train,4.20377149195949,4.17100892659073
Train,4.33134563589012,4.30140163431497
Train,4.45371995796277,4.42363575133277
Train,4.57145462335721,4.53953114426258
Train,4.68456901428786,4.66839317171252
Train,4.79344493329453,4.76471252763258
Train,4.89842727377511,4.88200883653553
Train,4.99950692178822,4.97214723539037
Train,2.12371882685724,2.11082278123649
Train,2.34385229132083,2.30072796373497
Train,2.5529843127808,2.51872996861312
Train,2.75238144534349,2.71949230395694
Train,2.94226652286525,2.90923167487563
Train,3.12372518645314,3.10533642821611
Train,3.29690314324393,3.27526206164293
Train,3.46273958171679,3.42096017575932
Train,3.62150678904842,3.57163702979597
Train,3.77347042690937,3.73091340770043
Train,3.91939789573612,3.83539326173013
Train,4.0593154789097,4.03976942103327
Train,4.1939000881719,4.16951619167776
Train,4.32329993503047,4.28509768480581
Train,4.44766388388869,4.39929481444233
Train,4.56755956828605,4.51571954334031
Train,4.68295388954253,4.65377207889833
Train,4.7943553340357,4.74721353226232
Train,4.90171656914261,4.843569595585
Train,5.00549551390638,4.93430541594898
Train,0.858570132811861,0.899565802972575
Train,1.04394113124311,1.05843440630633
Train,1.21780985666362,1.22714968010951
Train,1.38046476767378,1.37232363997828
Train,1.53365978365212,1.51809604946538
Train,1.67753229485396,1.70869261954977
Train,1.81353329009593,1.80964352261799
Train,1.94169856401498,1.99082414105033
Train,2.0629656558425,2.07019003418281
Train,2.17814266650068,2.18799437100279
Train,2.28717156304968,2.29465159571373
Train,2.39101087704773,2.43920680052179
Train,2.48956493941143,2.48895829673711
Train,2.58344419356656,2.59708638700977
Train,2.67318127111649,2.67940900898611
Train,2.7586469140583,2.75496363322418
Train,2.84051777871266,2.86689178651977
Train,2.91865223851417,2.89339357589961
Train,2.99364766201722,3.00808066813261
Train,3.06535534516765,3.09237753380694
Train,2.11836488912733,2.34676312328884
Train,2.32413838841679,2.56108180317096
Train,2.52176604908489,2.62249296818118
Train,2.71214490016071,2.83846549019836
Train,2.89546247921265,2.97912682278911
Train,3.07190808450751,3.17751474122633
Train,3.24223961470774,3.38047666859893
Train,3.40640343133022,3.48355039598391
Train,3.56508149230297,3.6334170245882
Train,3.71837330568695,3.78829420634429
Train,3.86638353331531,3.93731334494623
Train,4.00969953745136,4.05726236051487
Train,4.14838636500646,4.21594948188977
Train,4.2825150818542,4.31319915834501
Train,4.41259655644757,4.44634363677869
Train,4.53852985181722,4.56717549957284
Train,4.66078275686764,4.67717840749901
Train,4.77938175725327,4.79851953078105
Train,4.89435981211991,4.90694403774614
Train,5.00612953667992,4.99416124582058
Train,2.80431739155581,2.82317458437137
Train,3.00972497311769,3.09225621747828
Train,3.19814047253609,3.21191877704587
Train,3.37125133976355,3.39374468685492
Train,3.53100508559131,3.57735301485445
Train,3.67903463184464,3.71585240215427
Train,3.81631626614119,3.86178415273207
Train,3.94410447092034,3.97390344785344
Train,4.0634679768502,4.10735970588576
Train,4.17499426474688,4.18117975113091
Train,4.2795332183762,4.31842548756322
Train,4.37772154690942,4.37483052034986
Train,4.47021182728672,4.48963216538868
Train,4.5573143354775,4.56090182043772
Train,4.63956750088226,4.6378088442998
Train,4.71744209228868,4.73055118154844
Train,4.79113303528688,4.78964984306003
Train,4.86103761995336,4.87030762067661
Train,4.92750601768001,4.93975812255485
Train,4.9906604504058,4.99336770141053
Train,3.92049435677243,3.86609688302451
Train,3.99145171165559,3.96058634000292
Train,4.06038019918818,4.04479539984459
Train,4.12763122014509,4.1148801048621
Train,4.19313532039386,4.18240005723419
Train,4.2569596945443,4.24046651236858
Train,4.31904504352194,4.31442309901468
Train,4.37970121019443,4.39694884050368
Train,4.43885954180265,4.3861475662743
Train,4.49657484268183,4.51092946257631
Train,4.55278775849454,4.54786143648016
Train,4.60777364208356,4.62196292262888
Train,4.66146558459228,4.64949220996641
Train,4.71390872886511,4.68478481136844
Train,4.76504463981533,4.7707042269576
Train,4.81511972504834,4.81297419231305
Train,4.86406937288452,4.87213479318962
Train,4.91193110299996,4.87714800771755
Train,4.95864800759439,4.96541661281481
Train,5.0044419594387,4.99256529055674
Train,3.84105780659028,3.89701088873335
Train,3.91832834994135,3.8810705602009
Train,3.99339132457357,4.04858635563505
Train,4.06634000132811,4.13673715783079
Train,4.13726246970036,4.17962696398536
Train,4.20624199270175,4.22029875740554
Train,4.27335733295105,4.31286282864858
Train,4.33868305268011,4.35220723349448
Train,4.40228979005651,4.43228601096234
Train,4.46424451397606,4.46381562350871
Train,4.5244936789611,4.53130290287299
Train,4.58333470882261,4.57816203309085
Train,4.64070477073592,4.65055068492074
Train,4.69665834288126,4.74684882525798
Train,4.75124724606848,4.77707871194434
Train,4.80452080381362,4.77614340010587
Train,4.85652599098172,4.87301423297322
Train,4.90730757193771,4.90016816185744
Train,4.95690822905911,4.96904546977385
Train,5.0053686823862,4.98966475711313
Train,2.42834849611159,2.44571501310929
Train,2.48746707092845,2.48727776900341
Train,2.54575788762654,2.51707290943159
Train,2.60303139094534,2.60144458029026
Train,2.65972085298525,2.60047726833545
Train,2.71563287692946,2.70150081016254
Train,2.77078334651799,2.7333182396651
Train,2.82518771572609,2.75507675821791
Train,2.87866785658468,2.8050595437071
Train,2.93162730929852,2.77363417259949
Train,2.98388453553816,2.96650472038891
Train,3.03545341028352,3.04511063294558
Train,3.0861642488899,3.06586580790281
Train,3.13639897887034,3.12338850424567
Train,3.18598480435449,3.19112036814477
Train,3.23493421794094,3.20366883838869
Train,3.28325939359915,3.32698538839759
Train,3.33080041565752,3.25893145349801
Train,3.37791456924576,3.42625893780496
Train,3.42443915374309,3.41040528976919
Train,2.22155204803839,2.21734097045373
Train,2.32922765133009,2.36303203946409
Train,2.43370119229795,2.50765926968779
Train,2.53465579142421,2.51150450122441
Train,2.63270837419855,2.6308783334589
Train,2.72755216680266,2.75677932111284
Train,2.81975806069971,2.85757363193443
Train,2.90902955187261,2.92198774468488
Train,2.9957001972413,3.00599615743158
Train,3.08007276147852,3.13843360123246
Train,3.16186609529202,3.12897029726446
Train,3.241556529746,3.25810827857822
Train,3.31887296567829,3.33616929213531
Train,3.39408991319927,3.38115910112174
Train,3.46745776338033,3.47315483878992
Train,3.53872002406571,3.58902013575789
Train,3.60828044587191,3.63729356293516
Train,3.67589190696518,3.66758411135561
Train,3.74193377307705,3.75091849430282
Train,3.80616796539295,3.82933780250096
Train,2.14209769603856,2.17579224243673
Train,2.21273339531818,2.19000818582936
Train,2.2823769413851,2.23749326881443
Train,2.350592547525,2.38732379693647
Train,2.41764641444086,2.38491617911859
Train,2.48378804666712,2.47789460911918
Train,2.54860206011197,2.5569262335157
Train,2.61255260736111,2.63240789463089
Train,2.67523715122211,2.66095230562132
Train,2.73689780398066,2.75947687073494
Train,2.79776203666832,2.77006778410032
Train,2.85744551416636,2.87512698639875
Train,2.91617745975339,2.90975637883457
Train,2.97417352739124,2.99984788837901
Train,3.03106640882577,3.02419046174691
Train,3.08726055967372,3.05985972254712
Train,3.14239942363412,3.14975615487128
Train,3.19669294873118,3.18304943609837
Train,3.25033907813989,3.25026164354495
Train,3.30299653175664,3.28342748474643
Train,1.81999616082544,1.84872424442983
Train,1.89765762313371,1.91283441309861
Train,1.97438270048283,1.96098991081089
Train,2.0497284008324,2.04051649690882
Train,2.12395656593575,2.10589726014041
Train,2.19731456079502,2.20719340674987
Train,2.26937773151438,2.23355475830977
Train,2.3403953394366,2.33758042623776
Train,2.41060313213166,2.3888107083967
Train,2.47959370430812,2.47163982317215
Train,2.54760463611279,2.53384933934649
Train,2.61465664623822,2.59314214552069
Train,2.68097125051267,2.68378289341308
Train,2.74616248280759,2.73960564956724
Train,2.81045360596929,2.80840557570264
Train,2.8740563042733,2.84995245331993
Train,2.93659962558512,2.94012158435908
Train,2.99829693749261,3.00318879949918
Train,3.05935074493537,3.0500689682176
Train,3.11940426712818,3.10483457201553
Train,2.12131051433176,2.13344681820308
Train,2.34157767709187,2.29932248663681
Train,2.55089051954992,2.58776490337186
Train,2.75041997728193,2.76156449463633
Train,2.94047941174105,2.95260430945382
Train,3.12206776781015,3.12155170415826
Train,3.29541318753376,3.28601370542492
Train,3.46137588089574,3.46387049567784
Train,3.62026820396298,3.6163158772506
Train,3.77238947072282,3.78821544795937
Train,3.9184378745978,3.89583572396441
Train,4.05850605266546,4.07109866134124
Train,4.19320723877575,4.21377319538442
Train,4.32272202966428,4.35073840899895
Train,4.44722696284171,4.43570630985778
Train,4.56723312140291,4.58892906358233
Train,4.68276194077873,4.67246407854691
Train,4.79426945759002,4.81309027338102
Train,4.90175901098383,4.90026600746205
Train,5.00563973868193,4.9815533130768
Train,2.11581728312473,2.05338838334137
Train,2.33047865584099,2.30753273257869
Train,2.53578948231645,2.48950459116713
Train,2.73197658332002,2.71186384524844
Train,2.91981227546609,2.7995094065609
Train,3.09981870678823,3.11108103790502
Train,3.27263879538605,3.26747717279068
Train,3.43838038489641,3.42160307807171
Train,3.59762025954928,3.57280498016189
Train,3.75073363400826,3.7699532007482
Train,3.89820705850173,3.84796184643528
Train,4.04007726729951,4.04126588921827
Train,4.17678714525193,4.17789117115535
Train,4.30861321308013,4.29373137885523
Train,4.43593332062855,4.43159084641593
Train,4.55874123514964,4.53346004916239
Train,4.67738517395463,4.66805640554412
Train,4.79207338478934,4.78986894991613
Train,4.90310587350724,4.90298934221209
Train,5.01045046455225,4.99366926245057
Train,2.12340780063026,2.1534275196027
Train,2.33555182157128,2.36395214145159
Train,2.53826171316524,2.60215582659475
Train,2.73252129019331,2.66709376537256
Train,2.91849468018317,2.89652215645765
Train,3.09703969551917,3.09807533832645
Train,3.26826695843802,3.28456665677732
Train,3.4329299474644,3.38400535497931
Train,3.591248371111,3.64299932373433
Train,3.74343716572525,3.78029364775102
Train,3.89012436427303,3.87871982234356
Train,4.03133386362594,4.04814708772756
Train,4.16762609628764,4.17168363289238
Train,4.29912814868422,4.29092967655924
Train,4.42596729516976,4.40162973627594
Train,4.54862072987129,4.52455174085844
Train,4.66706619002326,4.67652162782178
Train,4.78173499906128,4.76734257520729
Train,4.89259322452992,4.87917201171331
Train,5.00003247031494,4.99420687412021
Train,-2.52020399747413,-2.42826553563282
Train,-2.29591448626899,-2.22603728549984
Train,-2.07832454396176,-2.03171202679914
Train,-1.86808267620809,-1.92493162904793
Train,-1.66391071808652,-1.63952228888775
Train,-1.46643689877274,-1.4485402026985
Train,-1.27447895842263,-1.2746028598558
Train,-1.08864441514788,-1.09102992357475
Train,-0.907836374848127,-0.836577114630927
Train,-0.73264157362904,-0.752202245290391
Train,-0.562039432900503,-0.499949319730149
Train,-0.39659609735487,-0.387618819293493
Train,-0.235359490400793,-0.254635692908778
Train,-0.0788755415109268,-0.0784437600486854
Train,0.0737461038603353,0.0615256891942408
Train,0.221979226239904,0.238056551845148
Train,0.366658369217015,0.364312953935951
Train,0.507276431250276,0.503838936303509
Train,0.644617321591916,0.649279326267788
Train,0.778192409141088,0.816010761338475
Train,3.78722333247141,3.77881573406557
Train,3.86835707725558,3.87548913079809
Train,3.94712554082616,3.95141489703565
Train,4.02363066926337,3.99544405334564
Train,4.0979686329837,4.11148298984335
Train,4.17023023004647,4.15866217898292
Train,4.24050125613106,4.22144405373183
Train,4.30886284435454,4.2344605148719
Train,4.37539177775957,4.34629668805428
Train,4.44016077700295,4.38738044817001
Train,4.50341168856786,4.44836037132336
Train,4.56485960942645,4.55383495736714
Train,4.6247441025641,4.55996766352655
Train,4.6831240862016,4.59367611961352
Train,4.74005555482039,4.66691962132609
Train,4.79559175829861,4.70879950706512
Train,4.84978336803594,4.77724319691333
Train,4.90267863115647,4.85046807264371
Train,4.95432351377617,4.90184507491722
Train,5.0047618342289,4.9513386385679
Train,4.06779321762793,4.06532154856359
Train,4.12886362446846,4.12687737340457
Train,4.18843650502565,4.18862730046385
Train,4.24656627409439,4.24223495129263
Train,4.3034897491331,4.30338645448683
Train,4.35888192481813,4.35515986621613
Train,4.41297936164961,4.40902201222525
Train,4.46582693013893,4.46543323289006
Train,4.51746745109716,4.51149535465083
Train,4.56794181135225,4.56699917673541
Train,4.61745010965688,4.61548251045679
Train,4.6657040691344,4.66032338550212
Train,4.71290408416591,4.708996795247
Train,4.75908431150662,4.75446078234199
Train,4.80427744772708,4.80203447225358
Train,4.84851480641581,4.84163702985825
Train,4.89196783246196,4.89060947289181
Train,4.93437948805927,4.93148361767089
Train,4.97592179954134,4.97557700202378
Train,5.01662122515669,5.00489347105031
Train,4.22014920295026,4.25530027701097
Train,4.27001595389997,4.28521887119678
Train,4.31884733509992,4.32736856757401
Train,4.36649106477317,4.3749049333419
Train,4.41334987882338,4.41971782902328
Train,4.45926512455976,4.4714276028335
Train,4.50426501801582,4.51527563620584
Train,4.5483766613159,4.55276302441234
Train,4.59145944968607,4.59800716548307
Train,4.63387492262615,4.64022655944609
Train,4.67547720517421,4.6789331711152
Train,4.71628946103913,4.72281031363855
Train,4.75617962708936,4.7634697526446
Train,4.79548073861762,4.79788230259328
Train,4.83405616692232,4.84162841703801
Train,4.87192582742161,4.87525218009068
Train,4.9091089134031,4.91609834554947
Train,4.9454831181638,4.9497815691193
Train,4.98135040320262,4.98368862742791
Train,5.01658461081217,5.01712373735791
Train,0.0232534855056645,0.0801555585312599
Train,0.324712944071901,0.312284116649607
Train,0.60536286614481,0.604932935322722
Train,0.867286065839493,0.893684563407078
Train,1.11229637454543,1.08698533923962
Train,1.34246542260862,1.31688916610437
Train,1.55818922335934,1.56703391286283
Train,1.76121419379661,1.82328490358486
Train,1.95262957125149,2.0219804679582
Train,2.13340348386394,2.10499424559202
Train,2.30439932758651,2.31684241822222
Train,2.46638955566902,2.51144555256906
Train,2.62006734534397,2.62188438829617
Train,2.76605651343147,2.75663182064091
Train,2.90491998000819,2.91270614924906
Train,3.03744826357064,3.04117885967571
Train,3.16352782107499,3.19165407127366
Train,3.28387356534576,3.30553254845654
Train,3.39886794131181,3.40278487484466
Train,3.50886012159005,3.55694909361409
Train,4.28859561403509,4.27655363163285
Train,4.34205553093081,4.33055297625469
Train,4.39413825412554,4.38473879995945
Train,4.44523806813899,4.44063066176022
Train,4.49521413955049,4.48450991897334
Train,4.54393920473399,4.54029067414376
Train,4.5917797177037,4.59215823773047
Train,4.63844468822171,4.63715465453242
Train,4.68428365944228,4.68151526985821
Train,4.72916704473182,4.7218435883733
Train,4.77297694083089,4.76217259081022
Train,4.81603966114015,4.79956431375831
Train,4.85823186116631,4.84316060254787
Train,4.89944090909091,4.79145651626641
Train,4.93997216624685,4.93441198414075
Train,4.9795747829991,4.96882817747792
Train,5.01854127914636,5.01522931943146
Train,5.05675790632441,5.04851243001758
Train,5.09412023228766,5.08979324984284
Train,5.1309029953917,5.11418417810637
Train,2.58610026583734,2.65724718224737
Train,2.76851465918126,2.78774617429008
Train,2.94272882802608,2.98518831375623
Train,3.10901911744448,3.13580656220256
Train,3.26841993749323,3.25934298895663
Train,3.42110751508397,3.37676549953176
Train,3.56749720103519,3.48940508292981
Train,3.70797077464581,3.62398850291902
Train,3.84266509114177,3.73986010817498
Train,3.97234198581784,3.94102405678677
Train,4.09707757069643,4.0634493526577
Train,4.21714899668871,4.17365477951171
Train,4.3326287426891,4.28453597672524
Train,4.44413033620157,4.39119945584753
Train,4.55168393839327,4.51589715502087
Train,4.65549558435397,4.62813372833807
Train,4.75575721774563,4.78362603647838
Train,4.85249322518756,4.79738450118202
Train,4.9461851749025,4.88112742228986
Train,5.03682941941548,4.9761989923154
Train,2.98775249380128,2.83384372082219
Train,3.12206960094632,2.99725928561929
Train,3.25290130390781,3.14803468180253
Train,3.37993974614198,3.27142314980847
Train,3.50377640960752,3.42156982403685
Train,3.62411220201402,3.57413499270842
Train,3.74150019080705,3.72440401552194
Train,3.85565013384334,3.81566408444633
Train,3.96688702225547,3.94545561193809
Train,4.07550945630258,3.93977641355013
Train,4.18124040876721,4.16229595271034
Train,4.28455202488485,4.23529646113093
Train,4.38517594829115,4.33069833980699
Train,4.48338609932238,4.41698274334158
Train,4.57943510371219,4.61797933550952
Train,4.67306727396642,4.71006197978204
Train,4.76469060628296,4.72620357607775
Train,4.85405759289072,4.87692201148275
Train,4.94155423929131,4.93646678795631
Train,5.02694097839383,4.94791297012489
Train,4.14401671994345,4.14036001870954
Train,4.19751144380353,4.20361399570538
Train,4.24985505831044,4.24225317283526
Train,4.30108432264442,4.30090394844228
Train,4.35123444732833,4.36574272039979
Train,4.40033917493346,4.37997996826743
Train,4.44843085579031,4.43289078737871
Train,4.49554051906142,4.51113782799803
Train,4.54169793950441,4.52923261813703
Train,4.58693170022691,4.5934371173862
Train,4.63126925171151,4.61538787889003
Train,4.67473696736674,4.67802478656995
Train,4.71736019584034,4.71698417874541
Train,4.75916331031284,4.76233365617554
Train,4.80016975497286,4.79257646163933
Train,4.84040208886042,4.85075737791522
Train,4.87988202725041,4.88597110493538
Train,4.91863048073583,4.91766409685806
Train,4.95666759215853,4.95529876318506
Train,4.99401277152463,4.99545431524166
Train,3.88106647881116,3.63358450119631
Train,3.95498534175077,3.76235873850055
Train,4.02671478618677,3.95153986642435
Train,4.09670141090502,3.81078542877549
Train,4.16483624467702,3.96833996784335
Train,4.23102517859931,4.07086694302961
Train,4.29567456628328,4.22790283143149
Train,4.35852034698589,4.2173825944119
Train,4.41994505606517,4.22770538411169
Train,4.47984525635399,4.33073422929556
Train,4.53813014425581,4.35380301594159
Train,4.59515032639944,4.41442430452116
Train,4.65080606957692,4.47835358107477
Train,4.70500913105349,4.53217717894404
Train,4.75808209561698,4.61529720865474
Train,4.80979863708371,4.65433115774067
Train,4.86046452629652,4.7073998089636
Train,4.90998639728125,4.78592959463822
Train,4.95828074029674,4.74044522592521
Train,5.00563050217586,4.74964384661507
Train,2.12621823990325,2.17343731346409
Train,2.35335536725129,2.34957180044694
Train,2.56848775657863,2.58224062505178
Train,2.77206855266668,2.84329481819259
Train,2.96522830288204,2.95815178867997
Train,3.14896097896573,3.11950565645384
Train,3.32353294524035,3.40927965395167
Train,3.49000016938564,3.48179505139706
Train,3.64854390333541,3.63793359642114
Train,3.79989311823147,3.77708360960605
Train,3.94469562852031,3.98633223098659
Train,4.08304353576476,4.11485488309518
Train,4.21551363640978,4.21043085641759
Train,4.34262124740616,4.31060647862614
Train,4.46440022385062,4.46110972026145
Train,4.5814523120877,4.56055828232638
Train,4.69378410219524,4.6831212442703
Train,4.80180183201991,4.78338106605224
Train,4.9058711871293,4.88952262414386
Train,5.00596980801308,4.98752372333365
Train,3.98151939479087,3.97750401864323
Train,4.08560394980828,4.10111057663562
Train,4.18538760819451,4.15633334666563
Train,4.28149214122652,4.22349775164002
Train,4.3737693593754,4.38905374771275
Train,4.46277764000615,4.44360922928536
Train,4.54836467816459,4.54713707052906
Train,4.63103463127504,4.59049486902768
Train,4.71063354983805,4.68773044912814
Train,4.78761888365643,4.79353222385907
Train,4.86183683844562,4.83141026617159
Train,4.93370436064246,4.88097062886663
Train,5.00306911414454,5.00248004709283
Train,5.07031270660277,5.05185282748607
Train,5.13528519349241,5.12345838103101
Train,5.19833717447293,5.19134191568264
Train,5.25932175401187,5.22510167869768
Train,5.31856218030005,5.30054834957627
Train,5.37591505757774,5.36645612291431
Train,5.43167938954815,5.3461170613391
Train,3.56330827873525,3.56848556608566
Train,3.61943027308644,3.61928439725853
Train,3.67467932599725,3.66882104458637
Train,3.72860979994892,3.72548520969212
Train,3.78149458101501,3.76434628656716
Train,3.83336379059865,3.83023668206624
Train,3.88446551995038,3.88449546232368
Train,3.93438531230801,3.9350962015742
Train,3.98337334956381,3.98652794744157
Train,4.03145547738693,4.04125315563942
Train,4.07885992830399,4.0700582580921
Train,4.12520035364699,4.10849760616657
Train,4.17070699209888,4.1703317352567
Train,4.21540214606916,4.21621589232745
Train,4.25949652745226,4.25347107991911
Train,4.30262920059413,4.29309219351853
Train,4.34501278816023,4.35448882789751
Train,4.38666663622413,4.39011298122205
Train,4.42778591658008,4.40107315802561
Train,4.46803273530061,4.4617107386166
Train,5.37057636424032,5.36679291303517
Train,5.43382141873497,5.43206213729536
Train,5.49501443885656,5.4969751518729
Train,5.55425370004127,5.55386566360357
Train,5.61163130089327,5.6086940379937
Train,5.66723364096217,5.66693458086957
Train,5.72114185484868,5.72121342488026
Train,5.77343220722596,5.77350567839494
Train,5.82417645282135,5.82442841382363
Train,5.87344216493173,5.87279995700192
Train,5.92120404498644,5.92059684139531
Train,5.96770266156324,5.96854998647541
Train,6.01290314905093,6.01185187531337
Train,6.05685912002681,6.05733586876886
Train,6.09962127490142,6.09913398726894
Train,6.14123759700093,6.14046046152362
Train,6.18175353217474,6.18202274285431
Train,6.22121215434194,6.22149874773277
Train,6.25965431824423,6.25919783223253
Train,6.29711880054416,6.2978804018785
Train,3.43469817214436,3.44890607475645
Train,3.71526197914561,3.71915942263513
Train,3.96912085994883,3.96241133752483
Train,4.19970213449115,4.20076826956938
Train,4.41045529222628,4.40775724779633
Train,4.60365386091897,4.6046164390682
Train,4.78140345001849,4.78281014732056
Train,4.94548586823508,4.94670177657281
Train,5.09727810462039,5.09857896278481
Train,5.23837314178011,5.24174491938356
Train,5.36974091204346,5.37143837201984
Train,5.49235381109834,5.49425618314672
Train,5.60695185997092,5.61065104286172
Train,5.71449665703554,5.71810374704364
Train,5.8155254137919,5.81951268579724
Train,5.91061291862125,5.91085542265864
Train,6.00026828715781,6.00243589369711
Train,6.08486476854503,6.08660374921237
Train,6.16496886465042,6.16649891127236
Train,6.24085787471548,6.2430594262587
Train,3.35747576609748,3.29856020356237
Train,3.46979775418912,3.41619385626473
Train,3.57789529176079,3.55437645433631
Train,3.68200230337501,3.67481622683954
Train,3.78212479428875,3.74695361237536
Train,3.87889364851317,3.85714157414259
Train,3.97227749373612,3.97091455106784
Train,4.06245089010111,4.02399865856205
Train,4.14957659815377,4.13273428942193
Train,4.23380655928289,4.21469038011492
Train,4.3151111586512,4.31134862388717
Train,4.39397198583075,4.38928105014929
Train,4.47033614290024,4.44001456514161
Train,4.54432034612779,4.53204496771468
Train,4.61603414828639,4.61560248085516
Train,4.6855804799257,4.67196407327356
Train,4.75291380124137,4.75046946533985
Train,4.81841406116404,4.8052742467371
Train,4.88202044711433,4.87007230247036
Train,4.94381392771371,4.92246973562942
Train,3.95379085585895,3.93961022090298
Train,4.02387689874655,4.01687896499607
Train,4.09202787585003,4.07425824870916
Train,4.15832283624358,4.14152479703262
Train,4.22265524360137,4.20704754078179
Train,4.28546338401749,4.27945064154665
Train,4.34662808607946,4.32684846723168
Train,4.40621302012163,4.38175485631291
Train,4.46427860944328,4.45061206422542
Train,4.52088223469157,4.51078302118367
Train,4.57592311844487,4.539917995613
Train,4.62976750947251,4.60996794593302
Train,4.6823055082136,4.63018294629546
Train,4.73358408906357,4.71734997727617
Train,4.78364800099205,4.77459956677922
Train,4.83253989778802,4.82033068272358
Train,4.88016595915179,4.87262580163951
Train,4.9268370631556,4.86113121388371
Train,4.9724526102253,4.96753295611416
Train,5.0170480101116,4.96051460989474
Train,3.80648225569434,3.871432249387
Train,3.88819773140044,3.9287062411895
Train,3.9675845776397,4.02187591612528
Train,4.04434546678564,4.0809527954134
Train,4.1187993066945,4.15946456513484
Train,4.19123440546412,4.22761689656181
Train,4.26137018770759,4.31030827441282
Train,4.32948904552383,4.36873617658421
Train,4.39584710591179,4.46913429525375
Train,4.46017989826154,4.49182031341479
Train,4.52273921278602,4.55154248644249
Train,4.58359738725435,4.62499346456752
Train,4.64297543427099,4.66764247051833
Train,4.70062906181099,4.72282544984773
Train,4.75677643828702,4.78492685645506
Train,4.81161680267712,4.842444013575
Train,4.86491994475946,4.89949234738378
Train,4.91688305589834,4.93311515709684
Train,4.96768669976923,4.96481790522557
Train,5.01711383153096,5.0078104262393
Train,3.8066694585454,3.92440202167927
Train,3.88830813858995,3.97359689492987
Train,3.96762431052348,4.05682378243364
Train,4.04432259282697,4.12759988002472
Train,4.11891043444386,4.20036327596245
Train,4.19110358009718,4.27669748149128
Train,4.26137364197484,4.33397193337441
Train,4.32944724323035,4.43245434145501
Train,4.39576388554881,4.47433509029179
Train,4.46006075378851,4.54520976071763
Train,4.52274846433141,4.59497107582138
Train,4.58357440276936,4.64750507551798
Train,4.64292310555896,4.6971468768279
Train,4.70055177180784,4.76509563655236
Train,4.75682130961977,4.8114811763553
Train,4.81149833123813,4.86120439549995
Train,4.86492226818416,4.88464787810881
Train,4.9168687417456,4.92735676207303
Train,4.96765760327812,4.97084156318306
Train,5.01707308206896,5.01722902103575
Train,2.1236001698057,2.23302386221621
Train,2.3312267024633,2.37823256268712
Train,2.53079190975058,2.62608849011667
Train,2.72221107576009,2.96877415339804
Train,2.90649628017563,3.17661819514979
Train,3.08353435789103,3.35322203453325
Train,3.25422961376912,3.53010790493499
Train,3.41844845121932,3.69806146298106
Train,3.57700345480192,3.76513315470584
Train,3.72974665350828,3.90978132179953
Train,3.87741200225108,4.12813276794259
Train,4.01984174897882,4.17667082139451
Train,4.15770198454672,4.32315444633059
Train,4.290828668106,4.45881111905328
Train,4.41982895049952,4.55106979432094
Train,4.54453516025359,4.62195045856606
Train,4.66550296056914,4.7490620676399
Train,4.78256307189015,4.82445060328428
Train,4.89622593620364,4.92719513313205
Train,5.00632220143366,5.01335143398319
Train,2.11929806066128,2.32720912054538
Train,2.33912576422513,2.48542574008206
Train,2.54859528613601,2.88053510190002
Train,2.74780960314826,3.03268609458792
Train,2.93779495529389,3.40789888094696
Train,3.11945687375641,3.41324392776005
Train,3.29279699955795,3.70364058031373
Train,3.45862885425712,3.79587941337923
Train,3.61767431655396,3.88605004790406
Train,3.76987241815197,4.19136232458186
Train,3.91588042011057,4.10848510744108
Train,4.05606843534068,4.22558919328549
Train,4.19098530903493,4.42126952228864
Train,4.32052286055671,4.44577569768626
Train,4.44518840503133,4.50517063054758
Train,4.56543701782796,4.60467418347616
Train,4.6811416941507,4.70745032661216
Train,4.79272714137776,4.81990400259383
Train,4.90057583290482,4.91356716101291
Train,5.00455067461036,5.00084565983343
Train,2.79788184818482,3.04246719646108
Train,2.97335468643221,3.14327184208923
Train,3.13886891715424,3.36507095361776
Train,3.29576238654505,3.42194721623673
Train,3.44444714550587,3.55478126562957
Train,3.58531949114351,3.79342818462101
Train,3.71941916855353,3.85614118892772
Train,3.84701300755902,4.0915085593806
Train,3.96836344940053,4.10873409720261
Train,4.08429867299206,4.19445692442241
Train,4.19499065489583,4.30538431790774
Train,4.30078722298537,4.40215371836894
Train,4.40183938328847,4.49934771040898
Train,4.49877838020913,4.5716322521148
Train,4.5916967674814,4.65184353521909
Train,4.68069257122139,4.71237650555486
Train,4.7662911811145,4.7667176275736
Train,4.84854735918329,4.85982975517072
Train,4.92752249937938,4.93141546115839
Train,5.00366031197705,4.99814298449382
Train,1.49400356488097,1.51860786551333
Train,1.57682794872268,1.58295588893088
Train,1.6584071625663,1.66699444335791
Train,1.73815252095142,1.73870443802116
Train,1.81672692283096,1.80659741960881
Train,1.89356181483551,1.89256419345111
Train,1.96929441392374,1.96694602266325
Train,2.04337531582866,2.02812482522131
Train,2.11641754009361,2.12346614153466
Train,2.1878899089651,2.1898237405785
Train,2.25838261570457,2.24723488872769
Train,2.327381842575,2.31294837854512
Train,2.3954562249571,2.39046303241048
Train,2.46210849074814,2.44966815769294
Train,2.5278868926327,2.5027785702714
Train,2.59230993820457,2.5611961740542
Train,2.65590658789213,2.64000083278552
Train,2.71821040810501,2.68716775416942
Train,2.77973208027049,2.71318863119632
Train,2.8400195506646,2.76850578706035
Train,3.79651087817818,3.71731675270166
Train,3.87628483249643,3.74469516102181
Train,3.95402468652431,3.91860782069489
Train,4.02946536235789,3.90425222534031
Train,4.10287290473821,4.05175930656333
Train,4.1743284105928,4.16604353977709
Train,4.24406620952719,4.2424786209067
Train,4.31184013007536,4.25808879460601
Train,4.37788100216708,4.34506012804559
Train,4.44225446036291,4.45147604379417
Train,4.5051650316377,4.47701416607379
Train,4.56638419583678,4.55152846722922
Train,4.6261141293753,4.61277162236729
Train,4.68440852026206,4.68312439545844
Train,4.74144748054827,4.72481029960545
Train,4.79701879050252,4.7822687786811
Train,4.85130101388361,4.84262261554431
Train,4.90433849078683,4.87228930397032
Train,4.95629108787155,4.9046821498705
Train,5.0069615428495,4.94122667524061
Train,2.11265652053321,2.1804376912205
Train,2.3578566649345,2.38500545958595
Train,2.58709638398645,2.5934907803221
Train,2.80188488942419,2.80979991242202
Train,3.0035469266887,3.00300358136883
Train,3.19300068400244,3.17902335715553
Train,3.37179232928029,3.29614094668614
Train,3.5405745503095,3.44636016649383
Train,3.70016500671517,3.63339836265368
Train,3.85129466049826,3.768541517009
Train,3.9946189701457,3.93880771381373
Train,4.1307273939857,4.064530126092
Train,4.26015149340538,4.10775012736849
Train,4.38337187082695,4.2935739093864
Train,4.50082413335532,4.36649913256588
Train,4.61275563701275,4.55622920574569
Train,4.71983010816281,4.66972422710387
Train,4.82222099538286,4.77061792037239
Train,4.92022902122279,4.83822432771194
Train,5.01412970272404,4.94389775870513
Train,2.14401432385432,2.34021676594421
Train,2.38115906837723,2.58861709557095
Train,2.6037154860944,2.83647440913774
Train,2.81248742451155,3.01190780245997
Train,3.00895291571405,3.11040957732985
Train,3.19439187912844,3.22218448490094
Train,3.36928552276897,3.51372732349773
Train,3.53490699190702,3.59590587910134
Train,3.6915961922994,3.72254942607833
Train,3.8402358800163,3.96395127755022
Train,3.9816013822551,4.13194384700364
Train,4.11588896677827,4.25284613350414
Train,4.24377162448729,4.29721192066972
Train,4.36584447361433,4.36566326822322
Train,4.48221255814478,4.48054135646453
Train,4.59353582159029,4.57603560330972
Train,4.6998773243844,4.66643470394774
Train,4.80168739654563,4.7548524594622
Train,4.89936800597654,4.88988263476131
Train,4.99293804110241,4.93212440411844
Train,2.1089386522176,2.15585289840055
Train,2.37514073023038,2.37964626847861
Train,2.62060179571228,2.5862084933342
Train,2.84707197075652,2.84206518593965
Train,3.05721315704382,3.06475898353528
Train,3.25222648526667,3.18150883551061
Train,3.43415752082525,3.32841820518661
Train,3.60384084059762,3.57213257735566
Train,3.76267811596061,3.62153444853175
Train,3.91187006831308,3.57967499693041
Train,4.05190585526976,3.77554337425863
Train,4.18394524024873,4.12028823292349
Train,4.30833067579597,4.17137526056285
Train,4.42586142983442,4.33987996060205
Train,4.53723364108906,4.40542873183585
Train,4.64264426466738,4.4261840423751
Train,4.74281992770265,4.66975591081427
Train,4.83789302383836,4.65458643379679
Train,4.92847952912802,4.92986070466395
Train,5.01466450809957,4.83948912453707
Train,2.1288000425236,2.13418088273284
Train,2.34823611622065,2.41635984974528
Train,2.55721056391098,2.5728881794621
Train,2.75599004423558,2.74732447557108
Train,2.94552363337288,2.95991221021177
Train,3.12665298750669,3.13808983316449
Train,3.29952074244584,3.30173784020189
Train,3.46506570261306,3.48335877777754
Train,3.6233729771198,3.6352785122217
Train,3.77508423011347,3.79106902879721
Train,3.92077359844153,3.94978290503059
Train,4.06046525202083,4.0999693835056
Train,4.19467901969374,4.23024616481052
Train,4.3238821364358,4.34034938242075
Train,4.44805868915352,4.45675957648746
Train,4.56777660105704,4.56523648467737
Train,4.68300122001707,4.65588358074456
Train,4.79411099883308,4.73870581271331
Train,4.90144833177892,4.84532836313338
Train,5.00495885637076,4.8913177181912
Train,2.12903313037011,2.19693661663587
Train,2.37371497467302,2.37204222733271
Train,2.60247029364738,2.69417486218663
Train,2.81623456115528,2.81131092735268
Train,3.01670163660666,2.88379958908263
Train,3.20532645089991,3.2117072255096
Train,3.38265358908176,3.282197081091
Train,3.54989189897027,3.32411675563708
Train,3.70809013959052,3.81825874056085
Train,3.8575609457185,3.81141760615719
Train,3.99919673222576,3.80892001619577
Train,4.13359781405886,4.15155349961969
Train,4.26147622394797,4.2670423604086
Train,4.38296867091488,4.1928886702899
Train,4.4986971616588,4.50624169237562
Train,4.60921087066979,4.22422433116844
Train,4.71457055299424,4.63349318373002
Train,4.81526389425394,4.77570986019782
Train,4.91172399174008,4.85793721744267
Train,5.00396334665218,4.91815202236285
Train,2.13040396222976,2.15977424716584
Train,2.37303853282408,2.35955423551604
Train,2.60015547822851,2.63616948844901
Train,2.81263070033132,2.81810392691114
Train,3.01210130581198,3.09490715081665
Train,3.19997617682496,3.21739403471292
Train,3.37676511064571,3.14807360877239
Train,3.54386697152176,3.5735074491713
Train,3.70163413213781,3.68699563868904
Train,3.85102716016077,3.80901584028106
Train,3.99288537720786,4.06068796197724
Train,4.12740371639727,4.11953609432203
Train,4.25530873339397,4.22877103530482
Train,4.37723989298125,4.39086170795417
Train,4.493294071595,4.51949229276943
Train,4.60418353903414,4.6376818147728
Train,4.70996079497985,4.70201613879362
Train,4.81110720463325,4.78373831854697
Train,4.90805066782361,4.9139350939422
Train,5.00079777774893,4.98463176891892
Train,4.03678158433773,4.04799741966053
Train,4.13566729713179,4.13926804030416
Train,4.23097241930034,4.23223308788874
Train,4.32253303108006,4.32101501295983
Train,4.41073584423757,4.41048034002961
Train,4.49592692277096,4.49539799200647
Train,4.57793968546789,4.57610738013136
Train,4.6572551368398,4.65776751797603
Train,4.73370733785268,4.73167503545301
Train,4.80759144513496,4.808376777597
Train,4.87917329958169,4.87785950209945
Train,4.94829025844663,4.94852321157668
Train,5.01519696033909,5.00770115516752
Train,5.08012355466713,5.08033041267845
Train,5.14291246511713,5.14313546669655
Train,5.20390367316847,5.20331226944472
Train,5.26294356871021,5.26505424292191
Train,5.32023532421494,5.31809716909265
Train,5.37596355005784,5.37532259207183
Train,5.42998106724748,5.42533574824483
Train,2.76429712269479,2.72466461779914
Train,2.99662453130539,2.92337243342627
Train,3.21286783191093,3.13377983532337
Train,3.41419547717616,3.25558263467428
Train,3.60251571015027,3.47429531405396
Train,3.77865864230516,3.64440309572819
Train,3.94413510895602,3.84361795198129
Train,4.09953984965417,3.97876319675925
Train,4.2459277761753,4.10998757361631
Train,4.38421528045004,4.23564527761118
Train,4.51476550454941,4.41942504429971
Train,4.63848546459697,4.56759629439148
Train,4.75563590627726,4.66197649361129
Train,4.86685051434591,4.75627641979554
Train,4.97268738411074,4.91026092672655
Train,5.07330223853307,5.01930847694894
Train,5.16928654997398,5.06095921765518
Train,5.26074791253988,5.23667838047186
Train,5.34819410489527,5.24897594948561
Train,5.43169660327504,5.36656314609718
Train,3.80381777795189,3.81659602937543
Train,3.88514324005325,3.90485327171518
Train,3.96402527890594,3.964862186971
Train,4.04074982268281,4.03500119932323
Train,4.11505901581572,4.11794529631516
Train,4.18723194122482,4.19181956780812
Train,4.25735941480867,4.23482948861238
Train,4.32552717676686,4.32025413057272
Train,4.39197006127829,4.39591411263245
Train,4.45645288468365,4.45856765674034
Train,4.51920628604514,4.5000623459182
Train,4.58029891907628,4.56661199225346
Train,4.63993401138155,4.62390041271647
Train,4.69789341540057,4.68746397298855
Train,4.75437753520853,4.748958535356
Train,4.80944199021849,4.804806864071
Train,4.86313963868017,4.86465850626882
Train,4.91564248218195,4.89192600592651
Train,4.96675195093874,4.96183387450947
Train,5.01663835745596,5.00808861628138
Train,3.80664091162018,3.73384506345064
Train,3.88860513026176,3.8644067326768
Train,3.9679995475491,3.93780549217263
Train,4.04494315355178,4.0127799083275
Train,4.11954770383565,3.9641160911433
Train,4.1919182610461,4.034183791744
Train,4.26215368855679,4.2753062490392
Train,4.33034710106158,4.33406598521105
Train,4.39658627642818,4.38666009173539
Train,4.46095403264424,4.43601536377173
Train,4.52367796994307,4.53083786031493
Train,4.58452912445033,4.57947923192114
Train,4.64373103384914,4.62858149814201
Train,4.70134985075786,4.66538601562934
Train,4.75744823655694,4.69034901627856
Train,4.81208558870454,4.78650023825321
Train,4.86531825051979,4.83206260326915
Train,4.91719970499118,4.89252115872478
Train,4.9677807540116,4.93556583548707
Train,5.01710968430264,4.97473969051134
Train,1.61461103702992,1.61387110257238
Train,2.00542657563896,1.97635045865172
Train,2.35758061384121,2.33103738964383
Train,2.67595499157941,2.62439973083747
Train,2.96545351484543,2.91555281792716
Train,3.23007786762063,3.13237681356441
Train,3.47245396223694,3.45682053781456
Train,3.69568666082168,3.7811729664154
Train,3.90157605727133,3.93599109225761
Train,4.09224436676495,4.14124658749461
Train,4.26948383431432,4.31004027991003
Train,4.43435795345876,4.4652274798118
Train,4.58826026605805,4.59852726586905
Train,4.73238495656922,4.78447035220233
Train,4.86738295180506,4.86337552505211
Train,4.99433137694464,4.94954376521127
Train,5.11370594655759,5.08283463547559
Train,5.22627002247981,5.18715124552546
Train,5.33268984781122,5.30097282985298
Train,5.4332664421867,5.4070447108279
Train,1.18428791394519,1.27227486037555
Train,1.63622234477721,1.70146105407184
Train,2.03966537388795,2.08497726230962
Train,2.40202412271444,2.41596089756422
Train,2.72927020845774,2.72538565634568
Train,3.02627142594558,3.0295724337102
Train,3.29703552707117,3.31705710774077
Train,3.54489212669147,3.56316634320137
Train,3.77263031285526,3.84534888921007
Train,3.98260405466821,4.01865150774756
Train,4.17681386944818,4.19242343330188
Train,4.35697076170014,4.36823637748967
Train,4.52454676694965,4.54381994384676
Train,4.68081526395373,4.6659481151255
Train,4.82688339281796,4.80675473458359
Train,4.96371832551304,4.94869367449064
Train,5.09216870721911,5.06971475548562
Train,5.21298227338585,5.18506334880294
Train,5.32682041531893,5.30843871451543
Train,5.43427029363221,5.41421018304027
Train,2.11854974520265,2.1739905559898
Train,2.36965329953032,2.46490197351886
Train,2.60291369662723,2.60465508836933
Train,2.82074288747963,2.82361511774434
Train,3.02408366216741,3.11085022849329
Train,3.21483992653704,3.24020316925635
Train,3.39366947362023,3.4187750746496
Train,3.56210365267221,3.59610338169477
Train,3.72060116765344,3.72268056480607
Train,3.87041413984253,3.9055495458997
Train,4.01185999458537,4.00372960572531
Train,4.14597750162666,4.16712889423252
Train,4.27298251658091,4.30352912202761
Train,4.39374797378785,4.41453318704589
Train,4.5084159270133,4.53227586692083
Train,4.61772841628796,4.62075721385372
Train,4.72177341797621,4.74229243109221
Train,4.82118822113108,4.82261112700508
Train,4.91602092961166,4.92018481353989
Train,5.00682395082493,5.00521854498948
Train,4.12029750582454,4.1450622293487
Train,4.17735496874578,4.17984701154819
Train,4.23298871820292,4.23420581219762
Train,4.28755224265169,4.28908572824548
Train,4.34078056588744,4.33759675837064
Train,4.39301016246763,4.3632105626657
Train,4.44398575846483,4.45303251161931
Train,4.49402803643194,4.51556579380485
Train,4.54302639095992,4.53338053847801
Train,4.59088048913341,4.58947404239552
Train,4.63788935800581,4.6267273784506
Train,4.68381995465423,4.69718318376727
Train,4.72895809292725,4.71837705574944
Train,4.77320123589407,4.72863710300589
Train,4.81645576932464,4.76251127239811
Train,4.85898929060412,4.8729817867079
Train,4.90058839484491,4.8718620634645
Train,4.94150950752117,4.9360680029713
Train,4.98154643049578,4.97745968884738
Train,5.02094511455809,5.00641369031473
Train,2.13108253715747,2.55470564407369
Train,2.3634225107439,2.68594313546782
Train,2.58234426957046,3.15288302908994
Train,2.78872206994565,3.18423491130488
Train,2.98408712843775,3.1972455495852
Train,3.16906850956499,3.35892253254497
Train,3.34447262355661,3.61727594481636
Train,3.51102448520961,3.72395422267618
Train,3.66918121602325,3.99883480382232
Train,3.81993600410763,3.97369448523204
Train,3.96361774986868,4.18801495677872
Train,4.10071281829953,4.31655556033547
Train,4.23150110558036,4.3280973559813
Train,4.35671938119378,4.38830243220764
Train,4.47656656134204,4.53616771657471
Train,4.59138097054597,4.65825606018916
Train,4.70147310298635,4.74300991728887
Train,4.80699671021597,4.83264471102848
Train,4.90848328994059,4.93609186475442
Train,5.00603822010173,5.02558175433114
Train,3.04119409913443,3.07955492817746
Train,3.19008903585689,3.17554747883332
Train,3.33178815602225,3.34261198160675
Train,3.46656537724521,3.48835613719348
Train,3.59536463091558,3.60551188075624
Train,3.7183597587099,3.7456723453779
Train,3.83593444559867,3.89388159126065
Train,3.94843928740004,4.00164310584478
Train,4.05600691507524,4.09531346691438
Train,4.15931622960259,4.20628751349795
Train,4.25844130188877,4.26369281245206
Train,4.35363129196219,4.44938564674339
Train,4.44495577097793,4.48283422601889
Train,4.53295339705236,4.55036718644624
Train,4.61765389777833,4.62795834072313
Train,4.69923917216988,4.6997101504985
Train,4.77787798061389,4.76684043540808
Train,4.8535940634255,4.84883724427709
Train,4.92680396804945,4.92988952419
Train,4.99750567947043,4.95994948457701
Train,2.12952051089091,2.19812581702354
Train,2.3669523637525,2.36532423125936
Train,2.58984900460194,2.50931506852794
Train,2.79950552654577,2.7621667531148
Train,2.99706760274245,2.96196365357719
Train,3.18355243123405,3.14280916957796
Train,3.35986625274271,3.33338599052149
Train,3.52681907826002,3.46908132062345
Train,3.68513713151105,3.639913514
Train,3.83547340951763,3.80396031113924
Train,3.97841668516907,3.97907623003266
Train,4.11449921352282,4.10246988354083
Train,4.24420335448835,4.24188113662422
Train,4.36796728559095,4.28159507668715
Train,4.48618994740472,4.38315458843863
Train,4.5992353392663,4.49699443591817
Train,4.7074362627208,4.60147125704316
Train,4.81109759379642,4.78522479966705
Train,4.9104991518747,4.89342803637737
Train,5.00589822200829,4.91713784015519
Train,3.86767499240352,3.85647679401154
Train,3.93988814312301,3.90985022926179
Train,4.0101984399561,4.00565026322329
Train,4.07901616013599,4.05388165095792
Train,4.14622331643736,4.14273486714774
Train,4.21171516262025,4.19822706430023
Train,4.27586994226197,4.26391129584226
Train,4.33857416610701,4.29703685719505
Train,4.39972643404632,4.34633357033817
Train,4.45967663300769,4.46621053007038
Train,4.51831577123988,4.49453427509798
Train,4.57568639126128,4.57464359829828
Train,4.63169173067754,4.62829554382552
Train,4.68664865034855,4.68212657894037
Train,4.7404540428401,4.75979909328817
Train,4.79301465417683,4.79525105447283
Train,4.84462560898169,4.87617702934949
Train,4.89518807231036,4.86983430512191
Train,4.94461226602947,4.93370398877414
Train,4.99317378018728,4.96822113957387
Train,2.13029736085885,2.1209250728316
Train,2.36488484898228,2.33647703366296
Train,2.5852044874433,2.54210835345657
Train,2.79302233464975,2.72146843464725
Train,2.98889740163149,2.9039877260293
Train,3.17427966419733,3.07200016378192
Train,3.34956388030625,3.25721378622256
Train,3.51595707532843,3.43332250445019
Train,3.67392665456806,3.60637023083473
Train,3.82391386438706,3.77015459006725
Train,3.96685640371195,3.91246358114404
Train,4.10290718919506,4.07201376457488
Train,4.23286926881838,4.1954928939922
Train,4.35699086341235,4.31477553799414
Train,4.47551231208091,4.46433114849788
Train,4.58908113602055,4.56643554114999
Train,4.69773558542738,4.68587269813179
Train,4.80204241739314,4.80075852399568
Train,4.90201266315861,4.88301681310077
Train,4.99814603642864,4.98795697240894
Train,2.12135140905587,2.19606849164484
Train,2.3581271563838,2.37056034136003
Train,2.58082347541767,2.64394538485794
Train,2.79014316886457,2.80959881033777
Train,2.98749947850021,2.94750477691559
Train,3.17411978402841,3.13881521641633
Train,3.35042062414992,3.24833952453264
Train,3.51764780114237,3.49652063875328
Train,3.67609155608704,3.61367742216135
Train,3.82661231789763,3.83141329603131
Train,3.96996736034316,3.95284048316535
Train,4.10631792695103,4.09239905152754
Train,4.2363261944277,4.22823574478207
Train,4.36057871671653,4.37881064750763
Train,4.47915454082872,4.49584055382729
Train,4.5927157035838,4.59524951571439
Train,4.7013034034086,4.69874290920416
Train,4.80536659178628,4.76917622270048
Train,4.90530652005249,4.8688220552267
Train,5.00112464163372,4.96738026083403
Train,2.11977512070295,2.12668763068541
Train,2.35543592062117,2.33341770139668
Train,2.57728379397804,2.53507898428506
Train,2.78597788921882,2.78293668027618
Train,2.98314523520744,2.91632619490338
Train,3.16925003574032,3.11270148739641
Train,3.34563771372171,3.29762001922791
Train,3.51263198312321,3.48423077149346
Train,3.67136005374403,3.61315039601868
Train,3.82204322514936,3.70416781553286
Train,3.9656369708923,3.91974789962842
Train,4.10228723103854,4.06405228322001
Train,4.23281242014042,4.18951610916338
Train,4.35730261727197,4.30857136096529
Train,4.47646546379672,4.44586633030485
Train,4.59034940695082,4.56707932934478
Train,4.69957152779093,4.69688275890258
Train,4.80414914034005,4.75734205986555
Train,4.90462451282397,4.86236059427574
Train,5.00099164739789,4.96288322482724
Train,2.12804897949919,2.1415361503332
Train,2.35914572896653,2.34647948491693
Train,2.57710276155572,2.5064423452859
Train,2.78300974754792,2.66279621611466
Train,2.97783911053135,2.90648859914108
Train,3.16246138375598,3.07105953712744
Train,3.33765821454383,3.26981091084963
Train,3.50413342654931,3.19336726860274
Train,3.66252247004433,3.18591376040968
Train,3.81340052777421,3.59676532123376
Train,3.95728949435615,3.61066031569499
Train,4.09466400771843,3.74598894939663
Train,4.2259566794682,4.00905510176017
Train,4.35156264562758,4.27843453757305
Train,4.47184353858334,4.41427014139117
Train,4.58713096434958,4.57292860180678
Train,4.697729555561,4.64026422430106
Train,4.80391965938697,4.75813302033748
Train,4.90595971030359,4.88879282903872
Train,5.00408833000427,4.96488621249955
Train,2.12104874676721,2.22782360893325
Train,2.34903509161392,2.41087773499567
Train,2.56480918105226,2.58960346254935
Train,2.76889724478091,2.78751499247664
Train,2.96242686686407,3.00749916995846
Train,3.14639019060585,3.13638958372758
Train,3.32111104645295,3.34048793907277
Train,3.48744392435907,3.51760411444957
Train,3.64614588497367,3.6274624321286
Train,3.79741081622558,3.8418579344816
Train,3.94190181739046,3.93806671019775
Train,4.08006394730618,4.06663124218903
Train,4.21244385637252,4.21617618954406
Train,4.33912900985612,4.32833555635989
Train,4.4606074234926,4.45753862889251
Train,4.57731699312864,4.57345065891604
Train,4.68929586349491,4.68438032227459
Train,4.79693976588629,4.79103887709789
Train,4.90060535136465,4.89514045822216
Train,5.00029769645624,4.98618127875488
Train,2.58725567566457,2.65016688475043
Train,2.70154279218157,2.66084852903259
Train,2.8119908417709,2.84366281713847
Train,2.91879006872852,2.94879846341428
Train,3.02187803688052,3.05747753893957
Train,3.12190950100178,3.12497066553078
Train,3.21879218484894,3.19946997590159
Train,3.31267246016338,3.29257579390469
Train,3.40368776495202,3.34424660982222
Train,3.49196727482679,3.45384245949572
Train,3.57743298806315,3.53493737684221
Train,3.66060417040359,3.58605785686086
Train,3.74138311732907,3.72277207126535
Train,3.81987157661885,3.81148433572162
Train,3.89616560659639,3.88164348283317
Train,3.97035596832019,3.93878386662618
Train,4.04236018004115,4.01802848797888
Train,4.11260055730009,4.08235371692717
Train,4.1809810485133,4.14147819633035
Train,4.24757455997282,4.18270332180327
Train,3.80664009908338,3.97385893712271
Train,3.88748447184076,4.05717134847873
Train,3.96611514799725,4.12429240452911
Train,4.0422824060348,4.24390847858922
Train,4.11626428105104,4.2946139841988
Train,4.18831347492961,4.29459898401547
Train,4.25819315247365,4.39901007777553
Train,4.32615063881179,4.37318920781217
Train,4.39241138017627,4.46630003772407
Train,4.45675108578473,4.61402573935266
Train,4.51939116947626,4.6383702913372
Train,4.5803981000977,4.67265710108404
Train,4.63996736368178,4.6938430507762
Train,4.69789058285393,4.72279711662668
Train,4.75436050542579,4.78592393766849
Train,4.80955391802398,4.82039777154932
Train,4.86327366852856,4.87151055930735
Train,4.91569450904407,4.92031457562007
Train,4.96697710872871,4.96848549567585
Train,5.01693489562961,5.0213601280775
Train,3.80622059177964,3.81413785316363
Train,3.8873288589235,3.92898038459862
Train,3.96601881127915,4.00947494969296
Train,4.04239701643749,4.08542380994004
Train,4.11640392475877,4.15111809274094
Train,4.18845862756364,4.21118688886418
Train,4.25848579499905,4.30001969461227
Train,4.32656981845119,4.3684556362241
Train,4.39279046993933,4.41642382309146
Train,4.45722321391436,4.493030345031
Train,4.51980408338386,4.58045435598069
Train,4.58087512371354,4.60926758790811
Train,4.64036142544034,4.67728556361726
Train,4.69832388230876,4.70415581256384
Train,4.75482030771955,4.77101518448399
Train,4.80990562707344,4.79227886755325
Train,4.86351593951924,4.83146215562374
Train,4.9159359608391,4.89777357985804
Train,4.967093940438,4.93776093223642
Train,5.01703491275559,4.99972760045421
Train,3.8062145422959,3.80461783667852
Train,3.88739885079821,3.98641120244429
Train,3.9661491602232,3.96531049132682
Train,4.04257331506356,4.09338940611451
Train,4.11677288144057,4.08310809473005
Train,4.18884359743401,4.17656757401346
Train,4.25887578519916,4.17263083483886
Train,4.32695472860115,4.265036537372
Train,4.39316101968649,4.44005351549822
Train,4.4575708769512,4.454312620157
Train,4.52025643804822,4.52585037210702
Train,4.58128602929732,4.62369085548562
Train,4.64072441411457,4.5094886981642
Train,4.69863302226005,4.63660043078198
Train,4.75507016160996,4.75669548709993
Train,4.81009121398775,4.82905681155717
Train,4.86374881643681,4.847180899249
Train,4.91609302918206,4.95425579281982
Train,4.96717149140691,4.99936425549095
Train,5.01702956586459,4.98705459439952
Train,1.47921976864386,1.43239604162773
Train,1.61425948358227,1.57425780458289
Train,1.74472348591131,1.72782874745826
Train,1.87084046764482,1.84775689611342
Train,1.99282413063477,1.97001670119425
Train,2.11121399002517,2.0755249073336
Train,2.22550739656884,2.23520021427976
Train,2.33623066738517,2.29628239479462
Train,2.44354850832307,2.44758101386287
Train,2.54761564721408,2.530349994262
Train,2.64857757819521,2.62443948867076
Train,2.74657124038271,2.72054356647459
Train,2.84172563755433,2.82200540037229
Train,2.93416240473665,2.92815783640435
Train,3.02399632693052,2.99655415271081
Train,3.11158763745007,3.10681832591763
Train,3.1965283137682,3.19865329971071
Train,3.27917423913044,3.25240857085009
Train,3.35961716637309,3.34187841082166
Train,3.43794402116728,3.43616381151696
Train,3.80709435417755,3.64223811759075
Train,3.88895848836872,3.69941463459509
Train,3.9684383660783,3.82848242700493
Train,4.0452913543107,3.87135139902239
Train,4.11981218005613,3.80136409342413
Train,4.19210541355431,4.07011284943655
Train,4.26242693353728,4.15973823092099
Train,4.33054996456339,4.12566433670509
Train,4.39672409915869,4.316593957843
Train,4.46103179034476,4.27272010831985
Train,4.52369133231124,4.42549544816211
Train,4.5844916386426,4.31821437148938
Train,4.64364672846964,4.37236817353187
Train,4.70122248809531,4.52288696628239
Train,4.75740734281136,4.63803376985197
Train,4.81200518427256,4.65910698289736
Train,4.86520153396366,4.66280799984088
Train,4.91704967116202,4.72730509901885
Train,4.96771391344005,4.82420681789881
Train,5.01701216782744,4.89165933427284
Train,2.12766243390009,2.12503997634667
Train,2.35796193148441,2.31390436785659
Train,2.57555122907879,2.48822634939461
Train,2.78097702930455,2.67918878174532
Train,2.97568291358558,2.82980865767604
Train,3.16005768113608,3.07129174781403
Train,3.33530918134515,3.26047257483333
Train,3.50171055742646,3.39862503235781
Train,3.66009982418037,3.52757509316507
Train,3.81121792669311,3.70166479760155
Train,3.95521826045487,3.84977013062962
Train,4.09291271982939,3.99357646919452
Train,4.22439945915351,4.13552894984241
Train,4.3502356980954,4.23850596390184
Train,4.47091882709077,4.37549346986998
Train,4.58648866250055,4.51169874791594
Train,4.69752254819782,4.61130737799613
Train,4.80403300530759,4.73128645441102
Train,4.90653031990999,4.83005614357353
Train,5.00500636182361,4.81509446573546
Train,3.08679121425573,3.0515459016824
Train,3.24633859421611,3.18362107640314
Train,3.39517634891969,3.32089144265228
Train,3.53434778838563,3.4944860116666
Train,3.66456023306791,3.58473168932142
Train,3.78703626284991,3.7814158120982
Train,3.90226379998657,3.82059203404788
Train,4.01086783096387,3.96293709965721
Train,4.11340349872762,4.11612255202454
Train,4.21036559396694,4.16318369776855
Train,4.30205163687515,4.24870164541244
Train,4.38915561187569,4.33330067129828
Train,4.47188161130028,4.40044876100183
Train,4.55055160906844,4.48792150637018
Train,4.62545676222388,4.53706889169553
Train,4.69686101171854,4.67868947938769
Train,4.76489626509146,4.77198114119528
Train,4.8300015519113,4.79118253422348
Train,4.89226320933295,4.86141537782896
Train,4.95186355917643,4.91363189112781
Train,2.12241780512704,2.19529231684464
Train,2.35135539584207,2.40691307787711
Train,2.56739830893723,2.62005739415144
Train,2.77206150249708,2.81901126509001
Train,2.96600456138248,3.02861905222744
Train,3.14984305289255,3.17803514084699
Train,3.32473655160042,3.35732297856885
Train,3.49113632416393,3.5005297110547
Train,3.64946938341394,3.66819676747946
Train,3.80064609238498,3.83942239339376
Train,3.94497923240077,4.01072731977729
Train,4.08292321703611,4.15532680044271
Train,4.21474537094069,4.27112695969481
Train,4.34112721413172,4.3799193042978
Train,4.46226276825089,4.53249946548749
Train,4.57834180019962,4.66093778312825
Train,4.6899244923032,4.73813071979748
Train,4.79714664378861,4.83866086887974
Train,4.90014324531993,4.94558498600418
Train,4.99938189771693,5.01354413426998
Train,4.51931776847356,4.59501786726833
Train,4.55567673384203,4.68937281637409
Train,4.59146817615258,4.66270849220382
Train,4.6267052801126,4.68855910392631
Train,4.66152647465309,4.73531478872246
Train,4.69569094135459,4.74869622125334
Train,4.7293382964878,4.7741556581168
Train,4.76248019232878,4.81134008547815
Train,4.79512793367652,4.84406278304959
Train,4.82729249070953,4.84208922875769
Train,4.85909932288176,4.89130067195583
Train,4.89032747595552,4.91041182445588
Train,4.92110350386524,4.95955663470886
Train,4.95143715493046,4.96867944164296
Train,4.98133789922444,4.98285724082052
Train,5.01081493843122,5.01210179391455
Train,5.03998253307041,5.03636027998073
Train,5.06863727402527,5.04680074958014
Train,5.09689442747473,5.08429821164646
Train,5.12476221125896,5.11475198389599
Train,2.13189221657788,2.24553384073442
Train,2.36766544456705,2.43703732681388
Train,2.58921296683259,2.62082739074685
Train,2.7977845711513,2.86613457721432
Train,2.99426480936508,3.02011495168335
Train,3.18009684912226,3.27730147309194
Train,3.35592348227075,3.44470003049719
Train,3.52253157937561,3.52110171931236
Train,3.68062760799323,3.68112058529005
Train,3.83084764641597,3.87440782451449
Train,3.9736032197814,4.03598578799938
Train,4.10974713564277,4.2219745164075
Train,4.23958008064822,4.29455713543393
Train,4.36353093337985,4.45578268737881
Train,4.48199057245654,4.53020555484181
Train,4.59531599397164,4.62228388558469
Train,4.70370996237847,4.69091300498621
Train,4.8077250215466,4.84737249871978
Train,4.90750700734156,4.89885632280493
Train,5.00330917483839,4.98300077920794
Train,2.12839164602064,2.17085928197412
Train,2.36247316665261,2.35818860898689
Train,2.58301480421574,2.57061724214145
Train,2.79067067804873,2.78776934222878
Train,2.9869981285103,2.98915797974223
Train,3.17246333417267,3.16178852496887
Train,3.34835629682222,3.40069509487148
Train,3.51500690889576,3.57810526811954
Train,3.67331105438731,3.66592986050091
Train,3.8240578461484,3.80048131674994
Train,3.96743748779582,3.91594115725093
Train,4.10429937019524,4.12840830398818
Train,4.23476980815697,4.28354865923211
Train,4.35943325315064,4.3548412889395
Train,4.47880981867035,4.42334929869321
Train,4.59295876151782,4.54575885225131
Train,4.70247458147216,4.74407764483112
Train,4.80738530232696,4.84038576333114
Train,4.90821357881677,4.90305655458906
Train,5.00496385103977,4.99758721058788
Train,2.12201620608503,2.35257340933822
Train,2.36450349956983,2.52156035256121
Train,2.59116977482313,2.80644996034243
Train,2.80395560508875,2.99302611453277
Train,3.00389018829859,3.18782683086829
Train,3.1919080162322,3.39008249353719
Train,3.36941267015483,3.53425796362353
Train,3.53708711964804,3.74624990270058
Train,3.69556068002169,3.8700594501297
Train,3.84588366653932,4.02871656741263
Train,3.98852006558705,4.17770835261217
Train,4.1240447463273,4.29279300125927
Train,4.25284195876933,4.43436898937944
Train,4.37565704931787,4.46138666672778
Train,4.49277464891498,4.55869314033043
Train,4.60446523917708,4.65644847086151
Train,4.71132106651224,4.75702507072492
Train,4.81354216413267,4.84335657291376
Train,4.91132109330327,4.91968073237149
Train,5.00513782515033,5.01446048445905
Train,2.12305847928144,2.2070767037967
Train,2.35226514714969,2.38856448707702
Train,2.56881436200018,2.70164386160832
Train,2.77372642346124,2.86386809787291
Train,2.96791484066613,3.1345335708229
Train,3.15198039802484,3.21229114319431
Train,3.32711172043142,3.40187343681646
Train,3.4937447500178,3.56708672609238
Train,3.65248340688745,3.76895003294339
Train,3.80387571286322,3.88111140524052
Train,3.94842011258447,4.03899792818629
Train,4.08657095581079,4.17127230839287
Train,4.21874326797939,4.28191429235812
Train,4.34531691453664,4.41233309529525
Train,4.46664024705632,4.55966992844151
Train,4.5828939027359,4.61950399910529
Train,4.694656728845,4.73925497900564
Train,4.80205504924403,4.83350419248927
Train,4.90533962829596,4.90186145170992
Train,5.00474238101145,4.97266849788321
Train,2.12305305977826,2.14112417917568
Train,2.35927087394167,2.24847267078439
Train,2.58108208550189,2.52903212301499
Train,2.79022005828889,2.6937400989118
Train,2.98752570765147,2.95533801040983
Train,3.17377250611526,3.16951888116091
Train,3.35024923196853,3.22176404742277
Train,3.51733983974209,3.36200307491708
Train,3.67612005116997,3.43800244646263
Train,3.82702973356129,3.74365682745338
Train,3.97048299923083,3.9412072617888
Train,4.10731814410908,4.00884270190727
Train,4.23783980035548,4.18658086776122
Train,4.36233864022949,4.33065239222014
Train,4.48148288908426,4.50183551919872
Train,4.59536069313629,4.6056827866887
Train,4.70455288144413,4.74311717300225
Train,4.80922783284459,4.78517445304351
Train,4.90954999146692,4.92224100231942
Train,5.00599688376397,4.9883315258121
Train,2.12239698054196,2.11874054330292
Train,2.34457611443719,2.33816222905261
Train,2.55538573492275,2.56272939886185
Train,2.75609528560321,2.75808415984284
Train,2.94721380312319,2.92511816543265
Train,3.12941271557673,3.12467245759399
Train,3.30312046673219,3.30289317808274
Train,3.46926432297417,3.47159835950879
Train,3.62816129811696,3.62262357376312
Train,3.7802754151496,3.78668275653217
Train,3.92587927429142,3.91912456297177
Train,4.06567474782217,4.07564780458415
Train,4.19986173892056,4.18851164172884
Train,4.32877112211096,4.3297392996119
Train,4.45257824775527,4.45277105116111
Train,4.57183022717752,4.56284130177482
Train,4.68665319451203,4.69850744285759
Train,4.79728939124619,4.79305609071343
Train,4.90385166000563,4.90589945268403
Train,5.00677707587938,5.01135634727689
Train,3.42901042692851,3.4945603463857
Train,3.54044545959411,3.56963606736099
Train,3.64742769048059,3.69227701938144
Train,3.75056023575532,3.81109148536234
Train,3.84971744934167,3.87940076692757
Train,3.94544197875907,4.0596960998846
Train,4.0376023406599,4.08665411986294
Train,4.12668930102519,4.09584375540362
Train,4.21271091252278,4.2259399193681
Train,4.29568468936691,4.37658110289703
Train,4.37603641438931,4.44674106116508
Train,4.45362983495513,4.4123163334516
Train,4.52885432743004,4.55271816422282
Train,4.60169534846567,4.64342937823494
Train,4.67214706252256,4.70692967770628
Train,4.74055240657206,4.74064844668101
Train,4.80677826409416,4.84430624568813
Train,4.87114110577564,4.88103584747296
Train,4.93351023112156,4.94678140274846
Train,4.99417861336703,4.99442109475422
Train,4.08017278688525,4.06130335926537
Train,4.14017484907005,4.12534125882667
Train,4.19862253152457,4.24374490262562
Train,4.25587590740224,4.21321381998132
Train,4.31182352798814,4.31197487366262
Train,4.36636575334579,4.37155676354996
Train,4.41983558087884,4.42744357982519
Train,4.47212624629398,4.45918937233546
Train,4.52314177230391,4.49867183179231
Train,4.57319107759054,4.55472986527457
Train,4.62217196420917,4.6022357401871
Train,4.67011828266798,4.659472902782
Train,4.7169389182248,4.6841592642304
Train,4.76291460740113,4.73999885217563
Train,4.80794900029676,4.81423971634831
Train,4.85195455279491,4.8828648331455
Train,4.8951933685157,4.87337534132894
Train,4.93757327636441,4.92569244042534
Train,4.97901020524745,4.95534952675553
Train,5.0197494529876,4.97970290067315
Train,2.15559069773346,2.29166588288717
Train,2.43250552074585,2.52147442986461
Train,2.68433813089823,2.72099157755656
Train,2.91379628361804,2.96105836621246
Train,3.12398781810597,3.21108830971934
Train,3.31724156644519,3.43012804729369
Train,3.4957411310791,3.55761964686644
Train,3.66071413121474,3.74420561294028
Train,3.81382731707758,3.86772878534794
Train,3.95631520711583,4.02010750732734
Train,4.08940832198007,4.14479038030913
Train,4.21370335097722,4.28457005640303
Train,4.33018642833708,4.37329296752432
Train,4.43957158810882,4.47022223754902
Train,4.54261404052913,4.5678905086279
Train,4.63961269455973,4.67431899264921
Train,4.73119591141636,4.76848034838258
Train,4.81780489097946,4.85703923782421
Train,4.89993462386474,4.89777411797695
Train,4.97773299206552,4.95701703898339
Train,3.80678547672767,3.71639672244964
Train,3.88830552120323,3.8193856307953
Train,3.96732731396479,3.90896433933995
Train,4.04396396346085,3.9700051637592
Train,4.1183218516675,4.00836530749075
Train,4.19065777786382,4.12672445322278
Train,4.26074831360627,4.21223156955966
Train,4.3288437833466,4.2606118183121
Train,4.39502817350667,4.34394604233057
Train,4.45938082163388,4.40674530570323
Train,4.52197673367046,4.4486282371563
Train,4.58288687558949,4.50436417383025
Train,4.64217844178192,4.57930032469085
Train,4.69991510232846,4.60974930896191
Train,4.75615723106922,4.6644135549177
Train,4.81108128602305,4.75109857712414
Train,4.86450033679016,4.81676938541023
Train,4.91658833834603,4.84580324969102
Train,4.96739442739898,4.91510198235846
Train,5.01696535149724,4.94047053324721
Train,3.80739449478882,3.84276921696073
Train,3.88848464895535,3.95763673016154
Train,3.96731062372242,3.96241511979315
Train,4.04363704974116,4.07977647207372
Train,4.11773988575936,4.09662696319356
Train,4.18971490526765,4.18719147379852
Train,4.2598029955438,4.26502016519589
Train,4.32778421916422,4.33073386954493
Train,4.39389406630724,4.42253648187216
Train,4.45820876027913,4.48344971783627
Train,4.52093526877318,4.55238148083299
Train,4.58186871909127,4.5986173465426
Train,4.64121237777854,4.71951517197522
Train,4.69902766161321,4.72933034279595
Train,4.75549432106236,4.74513159995331
Train,4.81042177795929,4.84543426306846
Train,4.86398725208032,4.88121503263756
Train,4.91624078070771,4.93075748211049
Train,4.9673399600617,4.96000648274821
Train,5.0171075550939,5.00328920538595
Train,2.12690503882029,2.11580086225513
Train,2.35784755001863,2.30153687944949
Train,2.57544108542503,2.43609110472426
Train,2.78127891202186,2.63910763975582
Train,2.97606629377245,2.78231195934677
Train,3.16045931759117,2.95436995270575
Train,3.33566791021446,3.17245989403091
Train,3.50217114428338,3.34586498213685
Train,3.66042106562472,3.5344533862899
Train,3.81136132934809,3.68276065810642
Train,3.95532199883044,3.84962547456416
Train,4.09277624686765,3.99498003410008
Train,4.22400497651647,4.12872191180031
Train,4.34970955395323,4.23345927940863
Train,4.47009338183143,4.35835616316217
Train,4.58535495467794,4.47022970889338
Train,4.69606819125944,4.58398837808636
Train,4.8023748897889,4.74560678267881
Train,4.90441570468925,4.81973583302351
Train,5.00266786477395,4.92946915678476
Train,2.12908150441046,2.15408139210194
Train,2.3557228052369,2.31537507970279
Train,2.56988514109415,2.54839429225831
Train,2.77301969809914,2.76099222439552
Train,2.96553069061696,2.93671139997605
Train,3.14863477783601,3.17433989120764
Train,3.32261934759476,3.3143713187219
Train,3.48851608253403,3.46120677968429
Train,3.64670065554545,3.62617751800644
Train,3.79753131688409,3.7956708415586
Train,3.9418289176121,3.95004286950825
Train,4.07970247293019,4.07026017581302
Train,4.21186471251341,4.20365244816639
Train,4.33852246744661,4.32369561146515
Train,4.45987767350149,4.48358044186716
Train,4.57651548003581,4.55713066255521
Train,4.68845636146453,4.70513823766669
Train,4.79621789742696,4.82576531540872
Train,4.89979895371093,4.91295817631908
Train,4.99966023770793,5.01252432822002
Train,3.79879635434255,3.75826162145313
Train,3.87892305621105,3.87345684869069
Train,3.95675120769345,3.95448984747418
Train,4.03237831608655,3.9889379626311
Train,4.10589645041598,4.05343057775463
Train,4.17724601452383,4.17587022941734
Train,4.24680644424389,4.21446890607331
Train,4.31450490970812,4.30006527843398
Train,4.38041518396485,4.35440482634112
Train,4.44460719357199,4.43117824018555
Train,4.50714726606388,4.4997262527213
Train,4.56809835855585,4.55318531820558
Train,4.6275202691425,4.5962066352713
Train,4.6854698325821,4.6686932376615
Train,4.74200110161298,4.73104412748762
Train,4.79705221183331,4.78258255841865
Train,4.85090144162714,4.85039663599127
Train,4.90347937076666,4.88145523365529
Train,4.95483049431226,4.93888836574843
Train,5.00499725485495,4.98524326142979
Train,4.68701658202835,4.66882548243484
Train,4.72093289360058,4.70176710876149
Train,4.75422002740472,4.76188169025045
Train,4.78678212727875,4.75790206659258
Train,4.81886436652009,4.85714648443354
Train,4.85036754599872,4.84837810157114
Train,4.88130720287331,4.87927489628419
Train,4.91169832337872,4.89551365484476
Train,4.94145188588581,4.93737169395718
Train,4.97079060327525,4.96279908396355
Train,4.99962262695463,4.98551483426127
Train,5.02796097081072,5.00239339420114
Train,5.05572162787799,5.02578740181343
Train,5.08311152384989,5.05452280869213
Train,5.11004416345865,5.08466368352128
Train,5.13653090231005,5.11692792722897
Train,5.16258272308677,5.14355019891445
Train,5.18812137115213,5.16174416241847
Train,5.21333631738599,5.1760155444299
Train,5.23814717001802,5.20541715989384
Train,2.12764774870194,2.19121462768817
Train,2.35445726966236,2.38358576648898
Train,2.56906504774185,2.57356301884101
Train,2.77267025255495,2.7926938699311
Train,2.9656410532022,2.93294280167174
Train,3.14900600969598,3.11141216775286
Train,3.32346495394999,3.27694558684016
Train,3.48965134817074,3.41763716116475
Train,3.64832785115024,3.67810100227143
Train,3.7996330281429,3.83952964737
Train,3.94424017460211,3.90949599249507
Train,4.08258442531832,4.04912741791304
Train,4.21522138721336,4.19188037988533
Train,4.34219504590622,4.2905609021891
Train,4.46400509765697,4.44483184152705
Train,4.58096024619998,4.55566136234665
Train,4.69334506846879,4.68726254087233
Train,4.80155097156812,4.79343773897563
Train,4.90555887087389,4.87992197589847
Train,5.00572752505852,4.98213827881227
Train,2.12941596662493,2.18265416545728
Train,2.34949356155513,2.4690205671177
Train,2.55891641585048,2.61818955601666
Train,2.75796351705586,2.8030369444441
Train,2.94761383641213,2.97826620083288
Train,3.12873402319509,3.1991931967932
Train,3.30147273061752,3.32586378548876
Train,3.46659612985834,3.50343003953094
Train,3.6247863965345,3.65697376301978
Train,3.77610783927268,3.83055509340193
Train,3.92117211554736,3.96314355824143
Train,4.06035946613775,4.07822668469635
Train,4.19418047804422,4.23964915255056
Train,4.32263065959233,4.35568971494104
Train,4.44617522540063,4.47929231389207
Train,4.56523292878498,4.58329718068126
Train,4.67976803848911,4.70055856730505
Train,4.79016605540284,4.78534443087483
Train,4.8967753291825,4.8716149423235
Train,4.99953990729427,4.99939340465608
Train,2.11978876680852,2.22089190356201
Train,2.34642393125933,2.35566462041425
Train,2.56095978271401,2.54686359304833
Train,2.76434004436675,2.76938573464577
Train,2.95741278165482,2.98388464599157
Train,3.14094222280755,3.1527620643119
Train,3.31561886885405,3.30734233728981
Train,3.48206817507465,3.47336709270712
Train,3.64085803397725,3.64967560319383
Train,3.79250524848166,3.79029429862931
Train,3.93765384651862,3.93947095400654
Train,4.07638183772122,4.09036616996309
Train,4.20926418338778,4.19715425085451
Train,4.3366627406525,4.3259499346168
Train,4.45891010421156,4.46055903718661
Train,4.57631250567816,4.57377273265047
Train,4.68915237491036,4.67927260902979
Train,4.79769060841322,4.78390160147319
Train,4.90216858316797,4.85710892602583
Train,5.0028099486075,4.97407829876101
Train,2.0913519187303,2.18368059741988
Train,2.18518955500076,2.28827497904422
Train,2.27669018024772,2.33499220150588
Train,2.36594002500987,2.37917372755328
Train,2.45302112908076,2.52701504951256
Train,2.53801159303689,2.54690604405005
Train,2.62098581186477,2.6065886608485
Train,2.70201469215569,2.72705581095579
Train,2.78116585420106,2.81477184612231
Train,2.85850382019889,2.92394510357008
Train,2.93409018967254,2.93185266757246
Train,3.00798380310384,3.04091853023419
Train,3.08024089469435,3.07124853103232
Train,3.15091523508813,3.19172832009826
Train,3.22005826481735,3.21778022835679
Train,3.28771921916669,3.35409635920951
Train,3.35394524509352,3.37619817559425
Train,3.41878151078733,3.44631303524147
Train,3.48227130840343,3.51262018442321
Train,3.54445615046195,3.58820647309403
Train,2.11667232262277,2.12007243540211
Train,2.32251209751356,2.27824559393412
Train,2.52020787161841,2.45131262585346
Train,2.71079801030086,2.64845439044802
Train,2.89411376355215,2.85028506353956
Train,3.07108825770395,3.0023793168948
Train,3.24153777822092,3.16747067869073
Train,3.40630524445251,3.36746369525281
Train,3.56543332961945,3.48563192790243
Train,3.71897830160098,3.65303887483788
Train,3.86767023431075,3.79662490439296
Train,4.01130762381448,3.95060299713259
Train,4.15055740140867,4.10655747687269
Train,4.28541662788122,4.23101135865909
Train,4.41589539942372,4.36634633367066
Train,4.54258020678892,4.4944666719075
Train,4.66526811791512,4.59453063449655
Train,4.78449983652832,4.69379140521232
Train,4.90007440926561,4.7976177863784
Train,5.01249192947453,4.87915685127336
Train,3.11073868583817,2.88660059124231
Train,3.24479919142761,3.15938684844332
Train,3.37386907178902,3.33811248079292
Train,3.4982219110929,3.45588688149292
Train,3.61811165532263,3.56545291299881
Train,3.73362444047771,3.65743654657672
Train,3.84528490360992,3.64785129963457
Train,3.95314245155855,3.76157401976707
Train,4.0573881100275,3.81649783462126
Train,4.15820032143129,4.00733034948644
Train,4.25574596422045,4.15625647546221
Train,4.35018127470054,4.25972684245426
Train,4.44165268205579,4.35663784382996
Train,4.53029756596447,4.40671492497495
Train,4.61624494505053,4.51583513733749
Train,4.69950776136667,4.60928654395684
Train,4.7804199956169,4.68033220290818
Train,4.85897747050863,4.78532698996787
Train,4.93528150625834,4.83381993342118
Train,5.00942769248706,4.89648149692584
Train,2.12404225021414,2.27592632626693
Train,2.34964960435225,2.43104021875479
Train,2.56328204585033,2.60944251749061
Train,2.76586834249329,2.75229062476319
Train,2.95824363628126,2.8886316044518
Train,3.14116095102361,3.03657836665661
Train,3.31530104336949,3.1677273106161
Train,3.48128086897002,3.39139546494334
Train,3.63966088570605,3.5198110341662
Train,3.79095137617817,3.74954702471587
Train,3.93561793974694,3.97696500393431
Train,4.07408627865554,4.10326088964757
Train,4.20674638187165,4.21199514924956
Train,4.33395619325473,4.3893402599515
Train,4.45604483670774,4.47898245214128
Train,4.57331545950356,4.58983165305472
Train,4.68604774550388,4.65196876168193
Train,4.7945001421344,4.79258198291791
Train,4.89891183844338,4.89824418378703
Train,4.99950452610901,4.98325966304037
Train,3.74189266374406,3.83402278429276
Train,3.82778636035636,3.98170854211094
Train,3.91099959666898,3.99635009081612
Train,3.99165591751737,4.17853527801526
Train,4.069871390228,4.21421075921899
Train,4.14589282419531,4.34110823357332
Train,4.21954361602458,4.3554479098384
Train,4.29106240194903,4.3836659840581
Train,4.36054043553201,4.47505781787913
Train,4.42806383584355,4.471272839015
Train,4.49371394357418,4.52816961810095
Train,4.5575676479155,4.58398635888079
Train,4.61969768696932,4.64335877783014
Train,4.68017292415302,4.70237726467712
Train,4.73905860280948,4.73762019884816
Train,4.79652083991859,4.78169354561032
Train,4.85240715410266,4.83007299110977
Train,4.90688027866776,4.89937368647225
Train,4.95999314705382,4.92609448173243
Train,5.01179608168382,4.99150470143468
Train,3.26389504820393,3.4496844876885
Train,3.38948504564324,3.52292294488143
Train,3.50992282864683,3.66709412003911
Train,3.62551907194806,3.74521888141317
Train,3.73655996449524,3.96694362939525
Train,3.84330957514337,4.04053194146945
Train,3.9460119492718,4.05719489539479
Train,4.044892971369,4.17871434104381
Train,4.14016202350526,4.22650857768895
Train,4.23201346532108,4.31806445382244
Train,4.32076813562063,4.4125979452856
Train,4.40630901368748,4.52602939221106
Train,4.4889380334595,4.60010355118175
Train,4.56880138855577,4.64282301334242
Train,4.64603564722659,4.69391568812898
Train,4.72076853169191,4.74788306511437
Train,4.79311962296542,4.82256535122724
Train,4.86320099934581,4.86778636939744
Train,4.93111781574609,4.92503814442716
Train,4.99696883015901,4.98105205819411
Train,3.80599805069466,3.77199511581966
Train,3.88733191940926,3.87357717244595
Train,3.96636870253196,3.95067343068513
Train,4.04287758668489,4.04734591187298
Train,4.11729416407471,4.11121646556421
Train,4.18939502392284,4.1715419519096
Train,4.25958499197496,4.26051001181622
Train,4.32764809200477,4.31992761930996
Train,4.39396157624627,4.3557822554576
Train,4.45831684372526,4.45055278349537
Train,4.52106633873803,4.53349183755927
Train,4.58200871084584,4.45308908792686
Train,4.64147400341201,4.60312996512221
Train,4.6992679457908,4.68555318785729
Train,4.75570028487941,4.73591366636902
Train,4.81058362762101,4.7997592563097
Train,4.86420927229291,4.83508913304468
Train,4.91639648069518,4.84079831063718
Train,4.96741973156524,4.9607598252951
Train,5.01710470649286,4.99802563474441
Train,1.02091656230163,1.00632489969212
Train,1.41009072482468,1.42333714507913
Train,1.76365378241522,1.79689876830889
Train,2.08689965460262,2.0710559889485
Train,2.38328213060095,2.40007055536444
Train,2.65575369120077,2.64103947422518
Train,2.90758115447517,2.90140562046872
Train,3.14079945882144,3.16468985602478
Train,3.35718831570746,3.32913856339292
Train,3.55889639217026,3.5864561083381
Train,3.74718584148771,3.74376822640625
Train,3.92335256958997,3.92596316624804
Train,4.08837030369103,4.04569463204461
Train,4.24356665535119,4.21744496480824
Train,4.38965066465061,4.37217766221147
Train,4.5272677594567,4.49803345279906
Train,4.65738691864815,4.66181433472229
Train,4.78048435420709,4.77466756728791
Train,4.89699960173085,4.87817078552143
Train,5.00766300985782,4.98928475289176
Train,2.12286196379505,2.19383371165895
Train,2.35404628500258,2.34694940203735
Train,2.57187871414686,2.44858186394413
Train,2.77793188808856,2.67220600712426
Train,2.97292325093331,2.86331207031071
Train,3.15751874926084,3.04887449966191
Train,3.33291068010133,3.21251536495947
Train,3.49940627882133,3.40081098011797
Train,3.65801200821964,3.53996260921485
Train,3.80911024170722,3.67208691596898
Train,3.95306404674862,3.87756251612154
Train,4.09066942363462,4.02664986924174
Train,4.22219299809946,4.1559125236945
Train,4.34789138183509,4.25584455476746
Train,4.46840717831192,4.35872897130866
Train,4.58380085794655,4.51060830432107
Train,4.69463516894196,4.60128039055598
Train,4.80105810017695,4.73423554341753
Train,4.90321559078414,4.86081341889803
Train,5.00157494290319,4.9263467657911
Train,2.12194975275501,2.26266958605083
Train,2.34457216482315,2.47804411402467
Train,2.5558260826583,2.72789088128411
Train,2.75656064483741,3.02003086188051
Train,2.94754247880768,3.06437445306801
Train,3.12925847668646,3.3038415799947
Train,3.30276173438749,3.55741426315035
Train,3.46840770170272,3.66222267942248
Train,3.62671830009497,3.85245420327919
Train,3.77817022742651,3.97423085085211
Train,3.92319975228832,4.12961562324381
Train,4.06220691107433,4.31894108076085
Train,4.19555919283872,4.29361747364237
Train,4.32359478341279,4.40084727548674
Train,4.4466254290817,4.48890411006869
Train,4.56480371678054,4.61418140228852
Train,4.67867137915612,4.71638445227654
Train,4.7883343713768,4.83098488475298
Train,4.89402136359219,4.92723633786227
Train,4.99594473962073,4.99677362006696
Train,2.11837286660064,2.13110663549014
Train,2.34737861520036,2.2949570842211
Train,2.56359489635411,2.47106628909023
Train,2.76850151013485,2.68811640103013
Train,2.96254748643875,2.92920638789292
Train,3.14696831484299,3.00397512677409
Train,3.32208714436454,3.23703241408475
Train,3.48894765233596,3.42720436388117
Train,3.64777942233377,3.55089726951701
Train,3.79947342694146,3.85047599303471
Train,3.94418908795118,3.97535247262567
Train,4.08269426751685,3.99172211288897
Train,4.21509539527555,4.15589765705954
Train,4.3420599402401,4.34028648460662
Train,4.46365408140939,4.43823701026668
Train,4.58046256134503,4.51610441695993
Train,4.69252086085267,4.63412062727366
Train,4.80034489956636,4.74403886969776
Train,4.90394668693518,4.83605242690646
Train,5.00378438193365,4.92503355122244
Train,2.12442338288073,2.09128864435297
Train,2.35579920812511,2.32689522821784
Train,2.57400061982387,2.5531272314438
Train,2.78012168606061,2.72454457647473
Train,2.97513859561976,2.92974125056026
Train,3.15992511755526,3.10838476526988
Train,3.3352656899645,3.3033770531456
Train,3.5018665515638,3.52852618354336
Train,3.66036524920537,3.69547723368669
Train,3.81133879120879,3.91362497279988
Train,3.95515066960552,3.96774567292596
Train,4.09260408140797,4.08078350890355
Train,4.22396522548211,4.12899886160812
Train,4.34963035641259,4.21141602837088
Train,4.46996209365094,4.3667071703494
Train,4.58529291615545,4.43162957262393
Train,4.69592823019507,4.54841623991706
Train,4.80214906992685,4.66323771213865
Train,4.90421448102826,4.76628460887878
Train,5.00236362994877,4.87089507237215
Train,2.13069270995709,2.0223965253499
Train,2.34358357852775,2.355080536483
Train,2.5471615972976,2.54968472560358
Train,2.74157539729887,2.73861772559758
Train,2.92764474999873,2.88142288104245
Train,3.10610162030767,3.11517908385213
Train,3.27700822256989,3.23412558378004
Train,3.44121293343616,3.46490677848487
Train,3.59873746818549,3.56373805835574
Train,3.75015634493236,3.74350151126782
Train,3.89598649835701,3.89481201270428
Train,4.03620653888343,4.03289871836932
Train,4.17129038082635,4.17979956869021
Train,4.30166613350094,4.2976194197945
Train,4.4272840941308,4.41507052805173
Train,4.54868113466339,4.5448310624015
Train,4.66579443445186,4.6486093139174
Train,4.77897796013771,4.78369869651215
Train,4.88855332920334,4.87343915008933
Train,4.99444418315484,4.97032730176761
Train,2.12808034893737,2.16161696845666
Train,2.35112466218989,2.37630804453693
Train,2.56271668654416,2.58014206583721
Train,2.7634951875332,2.77960419321244
Train,2.95468917425529,2.93201065635367
Train,3.13676800551006,3.09517340849197
Train,3.31036835099227,3.2599451338865
Train,3.47606893652864,3.4529905028412
Train,3.63422226056738,3.68898917397928
Train,3.78566663529134,3.82252750136649
Train,3.93065965892099,3.87519074634292
Train,4.06960496419778,4.08168566432869
Train,4.20272585421643,4.22271298360101
Train,4.33066382949492,4.35244605737716
Train,4.45357956101408,4.46966460845942
Train,4.57176308066675,4.60335228739677
Train,4.68548250986946,4.68868505145292
Train,4.79486478544858,4.83526381442425
Train,4.90038706285921,4.88234835053845
Train,5.00213714460938,4.97835510470941
Train,2.11491407524425,2.28617778877015
Train,2.31671594501718,2.34905717420042
Train,2.51134675777038,2.65700692061728
Train,2.69918207738369,2.92204567645967
Train,2.88057169224501,3.20128421421396
Train,3.05561445754979,3.04562754323706
Train,3.22507705928698,3.28771424273691
Train,3.38900898775053,3.52422489948003
Train,3.54767664873223,3.50610793386113
Train,3.70132960848083,3.88258969083654
Train,3.85020190354028,3.89653444766191
Train,3.99451323020027,4.10321357316934
Train,4.13447002627336,4.15666638046423
Train,4.2702664564011,4.21575214089535
Train,4.40208531077922,4.42559846554286
Train,4.52993237727082,4.51726572275766
Train,4.6543076903439,4.62068589801129
Train,4.77519322043309,4.75097339482818
Train,4.89273381251369,4.82010553985492
Train,5.00706640514168,4.91174095856877
Train,1.52995030013884,1.72305074076212
Train,1.64415782390322,1.7542452128946
Train,1.75485116068289,1.90567639449
Train,1.86272764456143,2.0062330898254
Train,1.96763054096679,2.06668005424763
Train,2.06968112766221,2.18324840735477
Train,2.16874611420499,2.26847951887066
Train,2.26543684175608,2.50959425241308
Train,2.35960148775745,2.51871276048405
Train,2.45133776802094,2.55343805944722
Train,2.54051496586932,2.66062723851792
Train,2.62767365441654,2.75986542181454
Train,2.71266829127092,2.88825424352581
Train,2.79557848457756,3.12269399381694
Train,2.87627764601249,3.28945776117325
Train,2.95524739250586,3.08018534779876
Train,3.03234911272936,3.19209857007809
Train,3.10764831402885,3.29317198744684
Train,3.18102339679048,3.34472083840592
Train,3.25290632628511,3.50297974919886
Train,2.12554648004325,2.27585430214276
Train,2.3577430645608,2.44510260115021
Train,2.57660865979447,2.6358771819614
Train,2.78325927760292,2.84816716890055
Train,2.97848011559794,3.02917259156675
Train,3.16359101040625,3.20152067261552
Train,3.33916858560766,3.38043351966007
Train,3.50593081060285,3.52270923908873
Train,3.6645253251217,3.71770739640669
Train,3.81553784492369,3.87372246437735
Train,3.95934436881433,4.00121851710355
Train,4.09674449501847,4.13102422179509
Train,4.22801525761179,4.25207825859252
Train,4.35355785065996,4.38113580739991
Train,4.47373920259712,4.49192626105287
Train,4.58889555799368,4.63240112385756
Train,4.69921634588595,4.72985935001998
Train,4.80522877554046,4.81665793510365
Train,4.90707013992005,4.91903875664502
Train,5.00498185595562,4.99931483791261
Train,2.12517767595753,2.42525391672461
Train,2.36120353977032,2.59369098729803
Train,2.58320927773569,2.82005864565144
Train,2.79195992332138,3.04536285239919
Train,2.98881916463409,3.22656667903539
Train,3.17477494695386,3.39791427052114
Train,3.3508978835555,3.55242332979287
Train,3.51758879965555,3.70699666713153
Train,3.67575563874661,3.86143688260017
Train,3.82603594367509,3.98887132655727
Train,3.96915935556266,4.14287516907643
Train,4.10533122499744,4.26337952322137
Train,4.23518593091057,4.45108384055129
Train,4.35915309821122,4.54514385179391
Train,4.47775225987151,4.62387370165561
Train,4.59107948651038,4.70972212561537
Train,4.69959582591217,4.7816051275222
Train,4.80360125347652,4.83769306542854
Train,4.90347930910433,4.91192139666236
Train,4.99926328363442,5.00198268176973
Train,3.80397153353049,3.83650263267555
Train,3.88549905352172,3.90113189797739
Train,3.96439451241222,3.97709492934518
Train,4.04109836128839,4.05118178827252
Train,4.11554705236603,4.13726731847783
Train,4.18783860010102,4.22575287788277
Train,4.25792089821145,4.33597792480577
Train,4.32617424255073,4.38688531285516
Train,4.39253227066793,4.42563764948136
Train,4.45707284755318,4.45371973448891
Train,4.51974029825615,4.52895113313753
Train,4.58086644253112,4.623494651496
Train,4.6403844502267,4.68425991060576
Train,4.69835695886223,4.75782410232569
Train,4.75472697723642,4.77078318629538
Train,4.80978668613821,4.82308405248295
Train,4.86347022912095,4.87854722892371
Train,4.91582856334116,4.92972458322947
Train,4.9668048161818,4.9666484832851
Train,5.01665833605347,5.01034060050733
Train,3.11921770338445,3.17802720808868
Train,3.25694889014861,3.32390928697168
Train,3.38892613912794,3.41904216912008
Train,3.51550264249553,3.55035038287679
Train,3.63700326550487,3.67518766733701
Train,3.75372733053275,3.79085405846308
Train,3.8659510791042,3.90693660172656
Train,3.97392985453209,4.03832282823896
Train,4.07790004147265,4.09897634695881
Train,4.17808079340616,4.22186435018921
Train,4.27467557461214,4.31750550264042
Train,4.36787353947091,4.39503392361075
Train,4.45785076876746,4.50017423480494
Train,4.54477137999981,4.58342068045022
Train,4.62878852642228,4.6616947742732
Train,4.71004529761849,4.7171759454468
Train,4.78867553274412,4.81507892633454
Train,4.86480455616247,4.87797964732817
Train,4.93854984397785,4.95119016161152
Train,5.01002162892301,5.01487698491474
Train,2.12639329274567,2.29870270402535
Train,2.3490875059615,2.38494782802445
Train,2.56026436168063,2.59190889710408
Train,2.7612285875963,2.81395974082807
Train,2.95249648343076,2.95491605170537
Train,3.13455619083396,3.12928390812158
Train,3.30843299542765,3.31388281116415
Train,3.47430665113683,3.49075300251752
Train,3.63306088750707,3.65909676221054
Train,3.78497954505791,3.76854932379683
Train,3.93033705105284,3.92547626441228
Train,4.06985185861098,4.0688182668182
Train,4.20372380871544,4.20745485771113
Train,4.33214890836769,4.33188545501616
Train,4.45572111535878,4.44717987451804
Train,4.57445194751556,4.55359671014958
Train,4.68886893282057,4.68392635835698
Train,4.79908297058058,4.79366818427116
Train,4.90520593710802,4.88302466876303
Train,5.00768424404255,4.986587719206
Train,2.12306683064063,2.19653468860997
Train,2.33869818119025,2.32875797527595
Train,2.54470257457936,2.53956061064491
Train,2.7411965484669,2.84646780852927
Train,2.9293146528236,2.92906288073027
Train,3.10911040135459,3.13453649619987
Train,3.28157451613356,3.29522500927305
Train,3.44671361556348,3.44469268110333
Train,3.60519185160221,3.59416411504753
Train,3.75760371949205,3.72113548664856
Train,3.90390703121558,3.90469198442952
Train,4.04483059373848,4.03135429670328
Train,4.18030995646588,4.16789721127861
Train,4.31082557486255,4.2880658422855
Train,4.43681051502507,4.37969091590094
Train,4.55817758578735,4.50319589109313
Train,4.67548360745169,4.61596748606098
Train,4.78863139998403,4.76178423708916
Train,4.89812539860234,4.84566596385775
Train,5.00386145733355,4.96730872110129
Train,3.37418207933184,3.52945816332976
Train,3.48771316086674,3.5632944019053
Train,3.59740949207486,3.74718166923412
Train,3.70374658654003,3.78165487632577
Train,3.80673822284573,3.91494771948055
Train,3.90653983255267,3.97754695146068
Train,4.0031677275453,4.11555370272981
Train,4.09702222950947,4.17604294756165
Train,4.18809872423923,4.23838690508455
Train,4.27651875268608,4.33263476159482
Train,4.36228170389985,4.39501550200112
Train,4.44572920586415,4.49085389295396
Train,4.52684473954759,4.55451712328977
Train,4.60572470937067,4.6423176811968
Train,4.68235729320513,4.70097340131906
Train,4.75703747718801,4.77630518747173
Train,4.82974113055596,4.83598178070679
Train,4.90054569654937,4.90559092487456
Train,4.96943198418893,4.97568267990937
Train,5.03665732809543,5.03931109580481
Train,1.47906637796318,1.55186757253796
Train,1.54847132110152,1.58618648796619
Train,1.61668827204686,1.62811654630059
Train,1.68374747394573,1.70989640197513
Train,1.74992672169434,1.76111991217476
Train,1.81475299492386,1.82526701923598
Train,1.87850641097442,1.90777495024304
Train,1.94121338450977,1.95150097454643
Train,2.00289947011669,2.01858256712512
Train,2.06358939702812,2.08036125590843
Train,2.12353234011451,2.16768294778922
Train,2.18229743436358,2.19020828127577
Train,2.24013601222948,2.26273322678935
Train,2.29706981412639,2.31796976258192
Train,2.35311990557129,2.36546328473196
Train,2.40830670317121,2.41725584662709
Train,2.46285504285922,2.47288118866891
Train,2.51637093142627,2.7412449033036
Train,2.56908119458516,2.60847600170382
Train,2.62100388819452,2.65328784904341
Train,2.12316287095229,2.07734121291833
Train,2.35733488356204,2.33155180132053
Train,2.57774453589439,2.57588022606069
Train,2.78557042192426,2.72209731293333
Train,2.98166887104452,2.96487875767889
Train,3.16736750034535,3.13060223960201
Train,3.34330017341102,3.31106818553963
Train,3.51021754427218,3.46576332087898
Train,3.66879525741862,3.663752022685
Train,3.81964308866274,3.76048092133351
Train,3.96317210430354,3.93409996272021
Train,4.10017057426975,4.09360625410045
Train,4.230945912449,4.19963818761971
Train,4.35591272906889,4.34132556924851
Train,4.4754496038413,4.45855499513891
Train,4.58990291664978,4.5544561163897
Train,4.69948247075727,4.68500219197085
Train,4.80469970018842,4.78925127420553
Train,4.90571057777323,4.89206035135066
Train,5.00276240125249,4.97213191263836
Train,3.8399474919057,3.79175218844466
Train,3.91797041366502,3.91143827490487
Train,3.99373156779974,3.93631531389838
Train,4.06732789708,4.06057203641649
Train,4.13885088216309,4.06904042609676
Train,4.20838692094431,4.17375398827426
Train,4.2760176767254,4.22781320884678
Train,4.34182039815031,4.30672477546068
Train,4.40586821354372,4.38756851646758
Train,4.46823040201005,4.42454943017765
Train,4.52897264340603,4.47864487228253
Train,4.58815724908277,4.53056417872904
Train,4.64584337510152,4.64681290281078
Train,4.70208721945693,4.65773623618225
Train,4.75694220468976,4.73818385396953
Train,4.81045914713663,4.76784191294792
Train,4.86268641394373,4.85863732262987
Train,4.91367006886434,4.9078212684035
Train,4.96345400776392,4.9373034700584
Train,5.01208008467049,4.96305369509719
Train,3.94041200594176,3.94291631101078
Train,4.01103845336588,3.98846046141807
Train,4.07976040964551,4.08218474874957
Train,4.14651807034064,4.15415332618068
Train,4.21165862267943,4.20549600459344
Train,4.27511085796261,4.2752043159453
Train,4.33693957334793,4.33841846683572
Train,4.39720629201451,4.39364345481772
Train,4.45585006067793,4.46564474855586
Train,4.51316818961715,4.51796432039919
Train,4.56909110919117,4.57561537456058
Train,4.62366914908778,4.63408885890931
Train,4.67684191507672,4.68505381462819
Train,4.72887428637699,4.72511215405211
Train,4.77969887961256,4.786074430589
Train,4.82935726482975,4.8332383089728
Train,4.87788912600241,4.87687237126738
Train,4.92523583959125,4.92311882831382
Train,4.97162881144193,4.97317180690516
Train,5.01700394805863,5.00449508712882
Train,2.11915873517799,2.16920306584507
Train,2.35727870532536,2.33865960823641
Train,2.58087633180816,2.58792199772688
Train,2.79124082412194,2.79455946505914
Train,2.98932924530374,2.98514056123895
Train,3.17653308654593,3.17821478398764
Train,3.35356077231393,3.37972931207332
Train,3.52122009115745,3.51381562972892
Train,3.68023553866835,3.70637737464131
Train,3.83125878335402,3.8338244171282
Train,3.97474378092154,3.99121748651487
Train,4.11149599516865,4.12170768111719
Train,4.24185667813914,4.28700241598017
Train,4.36626368901568,4.39261156738939
Train,4.48511578515851,4.51775464157436
Train,4.59877689163794,4.64364198089061
Train,4.70747812334787,4.72361168959833
Train,4.81173205104633,4.85911561379544
Train,4.91171246547347,4.93423179160527
Train,5.00767685508978,5.01928625515939
Train,2.12097484995748,2.12789666132085
Train,2.3570244066971,2.37850817335311
Train,2.57917724510196,2.59297537247949
Train,2.78827183761761,2.7893229351539
Train,2.9857602457956,2.96931843690618
Train,3.17226676546705,3.24947429456915
Train,3.34898158544675,3.39841435195558
Train,3.51637211032389,3.60312510743279
Train,3.67542680844879,3.68343270834885
Train,3.8264965960216,3.84772865341074
Train,3.97041214690829,3.91336658330147
Train,4.10743686740182,4.14247066009739
Train,4.23827627485483,4.22205112028314
Train,4.36312736322162,4.38864560484217
Train,4.48259512680321,4.48165256100583
Train,4.59682571375125,4.57652191892157
Train,4.7063424534687,4.68120262543562
Train,4.81125227227238,4.79118293688043
Train,4.912011459775,4.89579943408171
Train,5.00869649437444,4.99561418359008
Train,3.74221786854835,3.80585152954518
Train,3.82759592391708,3.873715334792
Train,3.91031966929254,3.97798167482506
Train,3.99051098941804,3.99383277448942
Train,4.06814015703655,4.15859360875584
Train,4.14360767996845,4.14674290274706
Train,4.21686628168486,4.21961511915833
Train,4.28801154544047,4.34670902528524
Train,4.35713361819891,4.42747691942714
Train,4.42431759170031,4.42083077218376
Train,4.48952252467707,4.53987411667003
Train,4.55307035924607,4.57263108768529
Train,4.61490826097532,4.62120101877008
Train,4.67510432947241,4.67472430700218
Train,4.73372309555121,4.74800227546802
Train,4.79082575198911,4.81761861470659
Train,4.84636690986774,4.88942486812084
Train,4.90061121442188,4.91071010600353
Train,4.95350491488309,4.94726484250714
Train,5.0050978331145,5.00945526611576
Train,2.12790953015028,2.07217815252443
Train,2.35906158917739,2.31664428821568
Train,2.57705395297792,2.55078853440318
Train,2.78297930772664,2.70574069594477
Train,2.97781262592478,2.96428331535571
Train,3.16242660211071,3.16987547489407
Train,3.33760472175379,3.39575131874335
Train,3.50405237617955,3.54612004353294
Train,3.66240635607351,3.70590156081562
Train,3.81324299296503,3.87215587105129
Train,3.95695494556972,4.04082001644019
Train,4.09428398088022,4.25043142473078
Train,4.22552700135128,4.36900727501416
Train,4.35107980776958,4.43437921376244
Train,4.47130460822062,4.51147324233716
Train,4.58653350792196,4.57004897044499
Train,4.69707157285524,4.72021173457142
Train,4.80319952671123,4.78615437603366
Train,4.90517613135008,4.91393013359448
Train,5.00324029327474,5.00589402252626
Train,2.42575801110583,2.39938627087395
Train,2.51860536917424,2.5463400514891
Train,2.60921960482224,2.58967128460608
Train,2.69810539310535,2.66715508631205
Train,2.78510255816765,2.73803614390999
Train,2.870066605187,2.7953898325286
Train,2.95346695108527,2.91158017600901
Train,3.03495417042908,3.01738619458774
Train,3.11497623469144,3.0263454322976
Train,3.1933836937102,3.17180047254806
Train,3.27004072382629,3.19657384851234
Train,3.34536582016967,3.31721420536996
Train,3.4192156942979,3.35939429660721
Train,3.49145961481836,3.4725061324807
Train,3.56248946779936,3.45826238688096
Train,3.63200077714586,3.58975991321313
Train,3.70036910666572,3.64627797721369
Train,3.76746090138273,3.71819731296819
Train,3.83315360919314,3.7434189132382
Train,3.89780018236408,3.86004143201717
Train,3.84147967601678,3.82946359692141
Train,3.91874691650185,3.89553252627411
Train,3.99379963922919,3.99207656759245
Train,4.06673170295911,4.06812218587766
Train,4.13763173627338,4.11898389238377
Train,4.20658349687749,4.19622706763585
Train,4.2736662016842,4.28159981512181
Train,4.33895483041375,4.33899696766821
Train,4.40252040515677,4.3989391425348
Train,4.46443024809127,4.46836591579995
Train,4.52474821931997,4.50589500113892
Train,4.58353493659396,4.57727670497115
Train,4.64084797851232,4.63693531181343
Train,4.69674207262926,4.68870785475156
Train,4.75126926976078,4.74470252157334
Train,4.8044791056577,4.78634924738799
Train,4.85641875110067,4.86272239044592
Train,4.90713315137299,4.90565309689919
Train,4.95666515597815,4.94031214107963
Train,5.00505563938889,4.99017183688557
Train,2.13093431136139,2.15638389819833
Train,2.36173253263277,2.36274902229707
Train,2.57960416579599,2.60940943282367
Train,2.78522381368925,2.75116807800987
Train,2.97995773098067,2.99774197176339
Train,3.16430526142737,3.18295771491285
Train,3.33940086214668,3.30928609721741
Train,3.50561446880442,3.55070479417373
Train,3.66375221540188,3.62768767580019
Train,3.81452904290541,3.80529753652081
Train,3.95817924027155,3.95273204980185
Train,4.09545203176414,4.13745787783591
Train,4.22651813315897,4.23911948167552
Train,4.3519060733678,4.38891351728489
Train,4.47208916050811,4.47844900239943
Train,4.58716968009763,4.61867147879639
Train,4.69767208671587,4.72677314234534
Train,4.80366586042009,4.79918363196339
Train,4.90561185767913,4.92020280659199
Train,5.0035541492979,5.01735978041506
Train,2.19008209802406,2.22790310181335
Train,2.28752949738916,2.30929056938294
Train,2.38249714478179,2.42811744989376
Train,2.47459700787344,2.47560299533507
Train,2.56418993112239,2.57633458120654
Train,2.65160444600734,2.65264509305052
Train,2.73647509780624,2.71297428523212
Train,2.81912628733712,2.84729208529461
Train,2.89985420627631,2.93186302573849
Train,2.9783145823319,2.95479608024834
Train,3.05480064598804,3.09310170584104
Train,3.12938599127602,3.14703236302012
Train,3.20233070358334,3.18608511623097
Train,3.27331658037968,3.31478065352712
Train,3.34260186799083,3.35403230550946
Train,3.41042378539512,3.43230248546206
Train,3.47648211846914,3.4929583731755
Train,3.5410128529697,3.49331493534555
Train,3.60423327360308,3.66693676062641
Train,3.66585988561657,3.6276925214861
Train,-3.00972532222686,-2.93058851890237
Train,-2.77027516152536,-2.76262353165293
Train,-2.53798792711913,-2.54344008253793
Train,-2.31254694717572,-2.27446729674011
Train,-2.09365394545574,-2.09632051713015
Train,-1.88102772467469,-1.89314779287633
Train,-1.67440296135268,-1.66911519164023
Train,-1.47352910129147,-1.43528087561208
Train,-1.27816934601103,-1.33142583898916
Train,-1.08809972152453,-1.05123347640983
Train,-0.902674695665418,-0.895886060861812
Train,-0.722571847995917,-0.754233077695972
Train,-0.547155482550075,-0.526128301453355
Train,-0.376245027227549,-0.366570281606982
Train,-0.209669068984317,-0.191813272876971
Train,-0.0472647803921919,-0.0257057275593979
Train,0.111122611251297,0.101676040212624
Train,0.265640315901262,0.297535407580654
Train,0.416428437119278,0.466385578347399
Train,0.563620395776271,0.657112496461195
Train,3.17029914725127,3.17986530212329
Train,3.3047494477121,3.34076768113846
Train,3.43345762907231,3.42019359115875
Train,3.55678385305505,3.57929845698891
Train,3.67505877776957,3.66014019688737
Train,3.78858651816742,3.8031844893012
Train,3.89764725704139,3.90739023674178
Train,4.0024995537644,4.08073482379768
Train,4.10338239081813,4.13159416249437
Train,4.20051699220949,4.20663043179229
Train,4.29398576367971,4.31784170136598
Train,4.38422881043541,4.3820385473482
Train,4.47129586031017,4.48687843912558
Train,4.55535167712919,4.59317126935821
Train,4.6365498216616,4.62911225483913
Train,4.71503358788966,4.73284116722971
Train,4.79093684692594,4.77832253651468
Train,4.86438480903404,4.90102964954167
Train,4.93549471287743,4.91311270547885
Train,5.0043764499773,5.00475635222392
Train,2.12071369414638,2.11033835787021
Train,2.34870241554951,2.35047210878656
Train,2.56436405004535,2.5458747263292
Train,2.76867204799779,2.7472921274566
Train,2.96232299068296,2.93737122499806
Train,3.14646582700934,3.06818916116208
Train,3.32162366240465,3.33372631171005
Train,3.48843845168318,3.52126615089583
Train,3.64749241756996,3.61661322184409
Train,3.79931484014471,3.76556297270508
Train,3.94425499664599,3.9569118621057
Train,4.08302477317747,4.07204452267979
Train,4.21588794523717,4.22899066128412
Train,4.34321376788951,4.33664697555105
Train,4.46534134554679,4.47013436297493
Train,4.58258264775804,4.60410895594396
Train,4.69512166931357,4.68544123480024
Train,4.80343473072028,4.80492894173221
Train,4.90765950913735,4.89973408768128
Train,5.00802318580937,5.01288637407379
Train,2.12719927447224,2.23199406067397
Train,2.30685326115167,2.31498526204814
Train,2.48268867789443,2.48745454055825
Train,2.65482599077466,2.69369850352086
Train,2.82338065140398,2.8405252618395
Train,2.98846335515627,2.96950131840276
Train,3.15018028359814,3.15563721061699
Train,3.30863333224064,3.29518758436279
Train,3.46392032463882,3.45432738510499
Train,3.61613521378453,3.60392004033929
Train,3.76568200473302,3.70680746746075
Train,3.9120139441336,3.87606675574716
Train,4.055534430743,4.04044288785735
Train,4.19632371762419,4.18046946134928
Train,4.33445903219222,4.27202518186823
Train,4.47001471747151,4.44438500218894
Train,4.60306236551262,4.55382743694099
Train,4.7336709434715,4.69330638212887
Train,4.86190691281768,4.80383916444407
Train,4.98783434210451,4.85027830948275
Train,2.03977337980033,2.07641786111708
Train,2.11207904966116,2.1278972655964
Train,2.18344460985997,2.21654720457445
Train,2.25342893898317,2.34092723298272
Train,2.32252158183652,2.37531420426967
Train,2.39029459078425,2.43470513865213
Train,2.4572211976065,2.48894818259214
Train,2.52288606257122,2.49969024649727
Train,2.5877469169,2.58951521633571
Train,2.65140049378057,2.68376926712881
Train,2.71428978273273,2.72310634175483
Train,2.77602308378297,2.80180900890991
Train,2.8370293543787,2.88609342261771
Train,2.89692798236151,2.86734395290296
Train,2.9561345574659,2.96435217668477
Train,3.01427910166795,3.0245827193703
Train,3.07176445965856,3.10356127602427
Train,3.12823085761803,3.12221906925697
Train,3.18406897941634,3.21754273989427
Train,3.23892884777766,3.24280487019132
Train,1.82605402176371,1.89154635864907
Train,1.90392792857126,1.92260697229176
Train,1.98038557732879,1.96244699211093
Train,2.05591581690099,2.08391997998478
Train,2.13008960468624,2.13442480017329
Train,2.20338040846053,2.20021166666265
Train,2.27537115960175,2.26892473921907
Train,2.34652066864817,2.36183556463948
Train,2.41663300600877,2.36957558139693
Train,2.48552406234811,2.45383581748501
Train,2.55363191166574,2.56395491768308
Train,2.62056737302902,2.60441788276694
Train,2.68675548322066,2.65976544663863
Train,2.75201263230251,2.78969558929748
Train,2.81616586172225,2.81701657239864
Train,2.87962172076681,2.86202692625193
Train,2.94201626748627,2.96989468792708
Train,3.00374440170931,2.98786988820029
Train,3.06445160527657,3.07448225331973
Train,3.12452162783985,3.13200123310889
Train,0.829690155850197,0.863095412121766
Train,0.915686692859388,0.986370011843974
Train,0.998760478063029,1.08098243984205
Train,1.07905802441517,1.05142307634014
Train,1.15671621319135,1.16108343595261
Train,1.23216855556595,1.24792559719754
Train,1.30491432142434,1.26939000980201
Train,1.37538145627047,1.44937629963169
Train,1.44367537027361,1.45145099814545
Train,1.50989507059576,1.48719410153171
Train,1.5741336402972,1.59264099520078
Train,1.63647867489251,1.64478678733576
Train,1.69701268086281,1.72427286241873
Train,1.75581343993658,1.76989842361218
Train,1.8129543425212,1.83887665151815
Train,1.86873103238866,1.8787803035375
Train,1.92275015972049,1.88731627349443
Train,1.97530643525357,1.9752655704815
Train,2.0264584867622,2.07266713890203
Train,2.07626185043145,2.12421168124092
Train,2.12059914974408,2.1711657009273
Train,2.34328037761278,2.34502902154964
Train,2.5549366972347,2.59239201807031
Train,2.75599889067898,2.76185639111645
Train,2.9474179653071,2.94968391867587
Train,3.13003855830087,3.14608510288235
Train,3.30413429750203,3.32130635751491
Train,3.47044079606479,3.48027093866767
Train,3.6296152801069,3.5911376361255
Train,3.78182725424777,3.74381876340885
Train,3.92765751382965,3.86887965061942
Train,4.06749916250778,4.04944363555478
Train,4.20183703672248,4.22098434284635
Train,4.33075252997693,4.34393119580272
Train,4.45468129831863,4.48116306995871
Train,4.57401691742505,4.57744554885176
Train,4.68879861220041,4.68711489951966
Train,4.79938387393273,4.80309588762611
Train,4.9060969212841,4.92591411102694
Train,5.00894794641336,5.01434303753013
Train,2.11765116113951,2.11569578576746
Train,2.331076120331,2.32786090577974
Train,2.5350821757667,2.59111581676552
Train,2.73027938076781,2.74398637369086
Train,2.91722621861503,2.91064974631445
Train,3.09643493902598,3.09123882061795
Train,3.26837624540536,3.32381732870635
Train,3.43348342318464,3.46974555961606
Train,3.59215598548838,3.58781126320173
Train,3.74476290070689,3.77672278836326
Train,3.89178524844331,3.90665904441994
Train,4.03325450148473,4.01226445649263
Train,4.16960912000323,4.16925754395925
Train,4.30112154837743,4.32081396866306
Train,4.42804521861775,4.46782420242198
Train,4.55061618038728,4.54198644132521
Train,4.66905456615047,4.6888486127973
Train,4.78356591058269,4.78609020520526
Train,4.89434234087785,4.88792600953457
Train,5.00156365245528,4.99763515969244
Train,4.2984075219197,4.30723344736361
Train,4.34970196264881,4.35655072671943
Train,4.39988860711867,4.40302078242348
Train,4.44900295924065,4.45276598677447
Train,4.49707902180318,4.50101544010613
Train,4.54398707631752,4.54718666091139
Train,4.59008629395852,4.59292434640702
Train,4.63524088247894,4.63911584343805
Train,4.6794795823174,4.6949333164921
Train,4.72282997971035,4.72509024387
Train,4.76531856405638,4.76783388339391
Train,4.806970781893,4.80892889800452
Train,4.84781108771691,4.85210698181618
Train,4.88786299186117,4.89072754515473
Train,4.92714910562606,4.92987833850202
Train,4.96555815818128,4.96842859822027
Train,5.00337962345558,5.00560610413231
Train,5.04049808296363,5.04188618079934
Train,5.07693295687885,5.07613296359705
Train,5.11270295660467,5.11105943430812
Train,3.11238807213922,3.11622860977513
Train,3.16919694430401,3.17492723462419
Train,3.22492402378291,3.22423415238154
Train,3.28006627690833,3.27881043368689
Train,3.33440088330287,3.33652952404373
Train,3.38771829142044,3.39138201695823
Train,3.44049320797784,3.43803728195962
Train,3.49251174515677,3.49291073640052
Train,3.54357246262938,3.54130351713866
Train,3.59412928383372,3.59682692306706
Train,3.6439767440968,3.64581444075884
Train,3.69312966893727,3.69212623022395
Train,3.7413967519174,3.74429759926534
Train,3.78920627276411,3.78685109115395
Train,3.83636327141016,3.83661511374157
Train,3.88268356402146,3.8841168014369
Train,3.92857761543065,3.92970661235449
Train,3.97385783645987,3.97377410201079
Train,4.01834678893248,4.01798568156846
Train,4.0624382207582,4.06826950016693
Train,4.55922120239093,4.56894110070061
Train,4.72110733269788,4.73065718311045
Train,4.87180306698566,4.87782773133222
Train,5.01268853560669,5.01983658800964
Train,5.144570098747,5.14597061747554
Train,5.2681703274234,5.26931105999938
Train,5.38445959846425,5.38304755315221
Train,5.49386587381854,5.49340633998509
Train,5.59717321056753,5.59561694487275
Train,5.69478749151531,5.69436185789527
Train,5.78708131723367,5.78358261484209
Train,5.87463998688025,5.87883601836984
Train,5.95774177529795,5.95149666674479
Train,6.03664538871303,6.03824896227161
Train,6.11180031203641,6.11023779622701
Train,6.18333462263282,6.18322165816789
Train,6.25163043831265,6.25367575147902
Train,6.31684219420673,6.31422499696237
Train,6.37911629093982,6.3799775362404
Train,6.43875761669118,6.44229447560065
Train,4.04506807141098,4.06583671873705
Train,4.10858879478827,4.14219772194338
Train,4.1701996903519,4.17740740724366
Train,4.23037661612313,4.23070795673993
Train,4.28897724916576,4.29774753296078
Train,4.34606272363447,4.34802200066042
Train,4.40150979637571,4.40166025837243
Train,4.45574060858136,4.45940530911685
Train,4.50862154227834,4.51825186662609
Train,4.56020237837136,4.55848703857919
Train,4.61036639081713,4.61957289715065
Train,4.65949076115278,4.66131213146946
Train,4.70745029988105,4.70677473240721
Train,4.75428595209553,4.76125347714878
Train,4.7998875163024,4.80104302878863
Train,4.84459415011638,4.84759115953239
Train,4.88828866414124,4.8874999969994
Train,4.9310050439588,4.93408476774312
Train,4.97263943418284,4.97355786357366
Train,5.01349853460424,5.01098736532913
Train,4.72294694016069,4.68058721670241
Train,4.75454734386273,4.67919377414182
Train,4.78575104926538,4.74262463006926
Train,4.81656547975132,4.80930810654536
Train,4.84699787463386,4.80588974770217
Train,4.87705529482699,4.8147819441765
Train,4.9067446283071,4.87075065479803
Train,4.93607259537537,4.93273424344079
Train,4.96504575372901,4.9327342822744
Train,4.99367050334968,4.94490030936504
Train,5.02208632702543,4.99990873967545
Train,5.05003127323255,5.03679795926291
Train,5.07764613853987,5.01639496633288
Train,5.10493673689893,5.08886581637489
Train,5.13190874651787,5.10004281137481
Train,5.15856771380009,5.13845262940413
Train,5.18491905714653,5.09259974209272
Train,5.21096807062713,5.14382064917299
Train,5.23671992752663,5.08240801614738
Train,5.26217968376971,5.19006770375199
Train,2.12825209006589,2.07811170154673
Train,2.37288651948368,2.34783018624876
Train,2.6015996243621,2.51400224533427
Train,2.81528600769792,2.7954856997967
Train,3.01595153015302,2.88714723803787
Train,3.20421201232764,3.13123870151685
Train,3.38169017706613,3.27803434016096
Train,3.54880712329803,3.41866200485129
Train,3.70667035232721,3.58958079624063
Train,3.85624211049127,3.7672288677968
Train,3.99775202123379,3.86077141607166
Train,4.13222031585773,4.05311640336731
Train,4.25979250843669,4.05304012692432
Train,4.38116010379978,4.30164867378335
Train,4.49693146052466,4.35528825081019
Train,4.60716695077571,4.44481031601208
Train,4.71255743600543,4.57925793815048
Train,4.81312507730122,4.64380426223397
Train,4.90947085848767,4.75494637189331
Train,5.00158892011668,4.87406259813361
Train,3.33837507438564,3.15377341651038
Train,3.46058512059142,3.23097637003411
Train,3.57758834194159,3.45055441586373
Train,3.68971055696617,3.543013439883
Train,3.7970389887063,3.65181950133774
Train,3.90028120103303,3.76187059272706
Train,3.99946994956018,3.89394935641576
Train,4.09483935702305,3.98105741463041
Train,4.18660585657113,4.11268368278979
Train,4.27496983150741,4.20843317515391
Train,4.3599488657098,4.3023745523551
Train,4.44205784887757,4.40579259170045
Train,4.52128268956086,4.47352386891725
Train,4.5977727265908,4.54112253508356
Train,4.67166716352079,4.62154542488133
Train,4.74309591410339,4.68206396412461
Train,4.81204363813467,4.72631544162141
Train,4.87890171475166,4.8136277057929
Train,4.94363516172037,4.90001013909023
Train,5.00634367040845,4.9629046190712
Train,3.87523881948464,3.97774453790407
Train,3.95404801755029,4.01015444866243
Train,4.02974677351441,4.12731612397147
Train,4.10292194731429,4.13156417487335
Train,4.17350044387368,4.20530962965495
Train,4.2416180711961,4.27194669586243
Train,4.30721815852196,4.32574886424845
Train,4.37079114225444,4.38480491709743
Train,4.43225758817814,4.45662848564461
Train,4.49172049239818,4.52352405215788
Train,4.54911580420057,4.55975725724056
Train,4.60485973229656,4.62925512455695
Train,4.65887127083764,4.66456418452071
Train,4.71122994200335,4.72711764229098
Train,4.76186878193004,4.77027866311255
Train,4.81114564194774,4.82755897445895
Train,4.85898064890606,4.86193589386312
Train,4.90543617377345,4.92780966756982
Train,4.95044499285234,4.95187921012621
Train,4.9943182385265,4.98865602075784
Train,2.12311179524227,2.09793827206886
Train,2.36751726846775,2.37564262110391
Train,2.59550603933668,2.52612827913617
Train,2.80928385868297,2.80228835880189
Train,3.00985405698779,2.99446330111095
Train,3.19813614601615,3.18533979890526
Train,3.37573022364217,3.33535234052761
Train,3.54304395578921,3.51988997308763
Train,3.70139536231884,3.69891930924678
Train,3.85127174548446,3.81995231732435
Train,3.99313316542645,3.99643387656215
Train,4.12799027670336,4.11106615886274
Train,4.2561659178122,4.26184977517369
Train,4.37797035217499,4.37299911786249
Train,4.49419907105336,4.49163775720444
Train,4.60490884462151,4.59278120855924
Train,4.7107863806475,4.71541181057182
Train,4.81199606506584,4.8052440421452
Train,4.90870119118297,4.90899785454894
Train,5.0014615561532,4.99184968919872
Train,4.21460060524327,4.3218760123018
Train,4.27184610746874,4.27253921117153
Train,4.32756432777398,4.37593313463003
Train,4.38216518189821,4.41813414417993
Train,4.43533869979944,4.47052455833546
Train,4.48747402996703,4.55343584018556
Train,4.53827327651232,4.60464851152028
Train,4.58810638819991,4.61352872442512
Train,4.63668690777751,4.71811397455531
Train,4.68436699623143,4.69638795694482
Train,4.73087103717317,4.75080831300693
Train,4.77653467911823,4.78024717234439
Train,4.82109258463286,4.81684061035048
Train,4.86486504466356,4.87309655118224
Train,4.90759647274213,4.8872973934067
Train,4.94959285071009,4.95242180275091
Train,4.99060784704465,4.97451872646343
Train,5.03093408857086,5.02895986857948
Train,5.07033403274121,5.06323360601891
Train,5.10908782153109,5.10540599337219
Train,2.12263903924964,2.22887024012743
Train,2.35807015296182,2.39863758300453
Train,2.57974484642919,2.59667033874575
Train,2.78837739364784,2.82393383777526
Train,2.98530132159036,3.00318983056604
Train,3.17167952933067,3.22812501004591
Train,3.34794984921552,3.44740976952562
Train,3.51527966341244,3.63465647347766
Train,3.67398325661824,3.7752947328263
Train,3.82487657295672,3.9534289728399
Train,3.96868036886023,4.10369462835661
Train,4.10558113118152,4.18463825832441
Train,4.23620791477005,4.28636251284115
Train,4.36111986584978,4.37559484410122
Train,4.48042067206134,4.48268377416753
Train,4.59473184480475,4.60200284515668
Train,4.70411834186003,4.70826084523651
Train,4.80900732241856,4.81208201524169
Train,4.90978177642934,4.90654712906326
Train,5.00646528238212,5.01615994267195
Train,2.12978706987508,2.15615545347828
Train,2.36882069850899,2.34169780184675
Train,2.59261215430348,2.60693255787737
Train,2.80313151282221,2.81639664587783
Train,3.00099948610341,2.99925341812559
Train,3.18781862874191,3.17565862213087
Train,3.36402009506598,3.36432262551534
Train,3.53092731925708,3.53390683487123
Train,3.68904603490195,3.67172464111354
Train,3.83885289774519,3.85600474916646
Train,3.98136579636856,3.98638104840938
Train,4.11674306531189,4.12363492281474
Train,4.24585155992919,4.24545602778926
Train,4.36895225977064,4.36052919344729
Train,4.48629809260513,4.49855073533399
Train,4.59858307454001,4.60347504487072
Train,4.70584033135645,4.72458514884966
Train,4.80867487629262,4.81694114109268
Train,4.9070908218437,4.91690463750092
Train,5.0016197234077,4.98307384368854
Train,3.01705252024819,3.00906380570086
Train,3.12032357990782,3.1102250985914
Train,3.22038247139588,3.21051719396564
Train,3.31686011162121,3.3004699071862
Train,3.41044335856909,3.38917348223913
Train,3.50077652363319,3.47335444105192
Train,3.58849302349511,3.57489298688415
Train,3.67325055883843,3.64467642862837
Train,3.75541534497091,3.73916914250549
Train,3.83531783454091,3.81217899548938
Train,3.91263541315482,3.90106811961959
Train,3.98789265358023,3.9578997679946
Train,4.06077964596225,4.04719588042099
Train,4.1315955694541,4.11502970092988
Train,4.20061187697461,4.16507928006104
Train,4.26753690378768,4.24362775295594
Train,4.33281256516588,4.35459576341782
Train,4.39615877849211,4.38712913911877
Train,4.45798986844476,4.44620231561021
Train,4.51803684629886,4.56642349065623
Train,2.12435123144132,2.09772247498404
Train,2.38506153637641,2.36977370269597
Train,2.62609199254129,2.60122413201134
Train,2.8490559046886,2.80485426770247
Train,3.05615884325127,3.01572282771667
Train,3.24903512992055,3.1865238751343
Train,3.42931825626768,3.36033669877179
Train,3.59779709538334,3.56004725923049
Train,3.75578404828765,3.69672511868885
Train,3.90422958107013,3.85840130821816
Train,4.04414122005214,4.02826454743263
Train,4.17591596121601,4.20227492785307
Train,4.30039365297306,4.31587107071027
Train,4.41816407872983,4.49674642374339
Train,4.52989011171437,4.59956380313452
Train,4.63576888778802,4.71944750368857
Train,4.73636936325297,4.827929532501
Train,4.83207664209496,4.88081615880401
Train,4.92334980841375,4.90601946147217
Train,5.01027888515012,4.9689733071682
Train,3.11173865344614,3.17167630065705
Train,3.24201294778975,3.28636774743427
Train,3.36799787365329,3.39710425238627
Train,3.48990184544406,3.51190539936761
Train,3.60774586783278,3.63792986235967
Train,3.7220664898684,3.76078211091408
Train,3.83285550280785,3.86047475730084
Train,3.94027406583884,3.96716166069564
Train,4.04447367942224,4.05667900785375
Train,4.14559689820399,4.15741275127948
Train,4.24363292184211,4.24598093454915
Train,4.33900255930691,4.36512102615779
Train,4.43167584960844,4.46475404426747
Train,4.52176554790441,4.53128001424921
Train,4.6093782088937,4.62352779120192
Train,4.69461460724415,4.71218716698422
Train,4.77744741477016,4.78925971663557
Train,4.8582156134013,4.86989849886595
Train,4.93687878459299,4.93313749917797
Train,5.01351816340897,4.98103657165484
Train,3.11038299446124,3.09742769285731
Train,3.24251381050943,3.21434202004275
Train,3.37001630594949,3.34173590744103
Train,3.49312947838734,3.44336997650498
Train,3.61207614870286,3.58426720524403
Train,3.72689245643938,3.67448766813322
Train,3.8381220550937,3.79632969052545
Train,3.94576909947967,3.92531466480796
Train,4.05000393018696,4.00270380470647
Train,4.15098625732076,4.10012787756568
Train,4.24886597703618,4.20994391206477
Train,4.34378391394922,4.36463581810494
Train,4.43587249715733,4.39534694285248
Train,4.5252563766945,4.49417009611352
Train,4.61205298645539,4.57094342482014
Train,4.6962467383612,4.64843193579145
Train,4.77819830456011,4.72750465571698
Train,4.8578763944213,4.8118536578404
Train,4.93537431881503,4.92472597508277
Train,5.01078035115356,4.92943307321184
Train,2.12717572834508,2.18549182840252
Train,2.34656196174529,2.37306874839305
Train,2.55533954832282,2.54432555877793
Train,2.75425981062326,2.7466928195754
Train,2.9440047608186,2.94634762995884
Train,3.12495162852631,3.12575429725439
Train,3.29816338632991,3.3025675331919
Train,3.46390243918338,3.47022418725464
Train,3.62264215738028,3.61673372249606
Train,3.77481675614259,3.77068683539983
Train,3.92082526201542,3.92325112682374
Train,4.06103500668285,4.07718292269237
Train,4.19578471261601,4.18574123315193
Train,4.32538722512265,4.34484126922325
Train,4.45013193718625,4.45624851388493
Train,4.57012493075912,4.57332899203175
Train,4.68594476426799,4.67928020160616
Train,4.79765438822268,4.79293007689012
Train,4.90546878245043,4.89912042057404
Train,5.00958819131908,4.98767463478725
Train,3.8077383077291,3.80361802861444
Train,3.88956870088414,3.86525999131845
Train,3.96883780908673,3.97178822457681
Train,4.04586049738461,4.03265964652383
Train,4.12034912875369,4.06788153743946
Train,4.19261091250044,4.19423096118589
Train,4.26274423583776,4.28443567541399
Train,4.330841774137,4.315240761729
Train,4.39716025110821,4.33808106345168
Train,4.46143866296428,4.47986731274068
Train,4.5239291575605,4.42898411424176
Train,4.58470530859315,4.58974292513449
Train,4.64398821207787,4.65610590966389
Train,4.70153671594073,4.64329394352535
Train,4.75756890434818,4.73728936477164
Train,4.8121439269539,4.78903822637585
Train,4.86531789642492,4.75295786741117
Train,4.91727698397285,4.85468578632026
Train,4.96780267936954,4.78091950873204
Train,5.01707941296385,4.893915505103
Train,2.12451639919632,2.08740904722981
Train,2.37095652419414,2.3534113458918
Train,2.60086088926851,2.58721399493152
Train,2.81583975804045,2.81716734927249
Train,3.01702488381918,2.99140784164229
Train,3.20622096492552,3.23079718493318
Train,3.38422383841342,3.4189118164395
Train,3.55199828304379,3.64106217886365
Train,3.71040129767525,3.82576334361329
Train,3.86019674307784,3.95115305276704
Train,4.00187229445328,4.12482648562764
Train,4.13644125644717,4.26195051555987
Train,4.26424865589965,4.33211695409227
Train,4.38579161654852,4.47990214999845
Train,4.5015196951498,4.56461996506914
Train,4.61184043783561,4.68141168094007
Train,4.71697865411628,4.81240847060326
Train,4.81756907862544,4.86493730057555
Train,4.91376716590751,4.95692819655778
Train,5.00585445987398,5.01043351077715
Train,3.80662470609681,3.77651474632512
Train,3.88834139484332,3.86984433276848
Train,3.96752945990506,3.95651757945416
Train,4.04430448083083,4.03528943498532
Train,4.11877509892742,4.1185419290814
Train,4.19123039931236,4.199600187123
Train,4.26138749685472,4.26616495181042
Train,4.32952962685583,4.32701687609188
Train,4.39574236757914,4.38796407430345
Train,4.46010651877933,4.44591681304883
Train,4.52269843063781,4.51099832265209
Train,4.58359030589586,4.57961991425691
Train,4.64285047769928,4.63450951850064
Train,4.70054366540238,4.68769972650261
Train,4.75673121034444,4.7473258179707
Train,4.81161311274734,4.80821522888436
Train,4.86495737130899,4.8610697407039
Train,4.91696197120851,4.90263396243972
Train,4.96767675181377,4.95189901118283
Train,5.01714911054099,4.97897223191103
Train,3.88622426022213,3.7933590599896
Train,3.96164668389391,3.86897210731149
Train,4.0348601358272,3.94421502467594
Train,4.10596025994981,4.03576974384669
Train,4.17503725716661,4.10363407670775
Train,4.24236220699547,4.17395339347786
Train,4.30763854938547,4.21483644448926
Train,4.37113357939236,4.29901659912503
Train,4.43291923031841,4.35038137586889
Train,4.49306361380875,4.43036746192593
Train,4.55163127031993,4.48710641654543
Train,4.60868340014465,4.55101294826272
Train,4.66427807673126,4.59349130074042
Train,4.71847044386108,4.67173250193628
Train,4.77131289809084,4.73682648871545
Train,4.8229982536463,4.78182989407287
Train,4.87328446117769,4.83533171640011
Train,4.92236321499513,4.87484207230409
Train,4.9702774885615,4.88474602090355
Train,5.01706824000553,4.95195189085644
Train,3.80644674670169,3.84447527387056
Train,3.88847600875965,3.90960973754954
Train,3.96773063373205,3.99120795581439
Train,4.04474016867335,4.07049877376448
Train,4.1194079399054,4.15578456736148
Train,4.19183916285478,4.19206108880826
Train,4.26195387879296,4.29784008262868
Train,4.33020842950115,4.36171908151482
Train,4.39650636424915,4.43835964626851
Train,4.46093062803061,4.50869590121511
Train,4.52339996024945,4.58198827391971
Train,4.58431189892117,4.64864449131892
Train,4.64357233269813,4.68894482158794
Train,4.70124752908323,4.72361370837643
Train,4.75725706973349,4.77833722843934
Train,4.81195053374266,4.82585329236827
Train,4.86523732333805,4.87203093394237
Train,4.91717101741401,4.92172774818391
Train,4.96767331329048,4.96844695775508
Train,5.01705415131406,5.00379140544283
Train,3.88561095913345,3.85716055207922
Train,3.96119177124388,3.95578414079864
Train,4.03473624895416,4.02611688217075
Train,4.10593930375339,4.08680026292859
Train,4.17509750447742,4.16421913709564
Train,4.24247968764583,4.23093227687787
Train,4.30779880974293,4.28968772342705
Train,4.37131959580068,4.36584967961971
Train,4.43328276073025,4.41950600018572
Train,4.49341826626526,4.47769159525524
Train,4.55196386760316,4.52967377573441
Train,4.60898179459056,4.58167412657713
Train,4.66468170843888,4.65295675206107
Train,4.71881455058613,4.69917382871245
Train,4.77158811550613,4.75696987092488
Train,4.82319259471207,4.79950940393974
Train,4.8733934161917,4.86093782663738
Train,4.92237948905449,4.90632091623957
Train,4.97032416257258,4.94225334254043
Train,5.0170063243159,4.99014240428733
Train,2.04995207767634,2.22338035692883
Train,2.36853908008567,2.43182750869528
Train,2.65218403000353,2.75376418827182
Train,2.90697799059126,2.89353572734035
Train,3.13681895400483,3.09296337280102
Train,3.34493759146171,3.40693567124254
Train,3.53475567764635,3.59129313904123
Train,3.70814353059593,3.79712871148149
Train,3.86755159856861,3.9154458874782
Train,4.01441735876953,4.06862142272439
Train,4.14999157374313,4.13611990311256
Train,4.27585004088018,4.25844235798286
Train,4.39285082733998,4.38183732613834
Train,4.50175732771425,4.49756030976096
Train,4.60364289826535,4.61230897178757
Train,4.69891970599052,4.72852596836856
Train,4.78844078951357,4.79720578329216
Train,4.87260377911667,4.88637885749267
Train,4.95177352323288,4.95520407455479
Train,5.02657446774441,5.05491963390341
Train,3.79776981423491,3.73393717930776
Train,3.87866391563431,3.90731638334182
Train,3.95733255148876,3.99748487827128
Train,4.03349598599817,4.03416717468463
Train,4.10745087021112,4.0711068803721
Train,4.17946630826417,4.15035873233501
Train,4.24927794713938,4.2630316046525
Train,4.31731451379763,4.30399678366302
Train,4.3833215856408,4.38296354386694
Train,4.44754411235117,4.41399408048346
Train,4.51020540375935,4.52348778767919
Train,4.57106532148577,4.56193515167251
Train,4.63034402714585,4.58766506275788
Train,4.68824278619348,4.69066141104122
Train,4.74453495022828,4.74779516194394
Train,4.79955297006165,4.82431953571177
Train,4.85307873738572,4.81959808619649
Train,4.90529873932715,4.88162876100796
Train,4.95638418598853,4.93265137823437
Train,5.00612909016259,4.95166064384102
Train,4.42407979305922,4.49554701037232
Train,4.46691166169733,4.46372817244264
Train,4.50912477111424,4.51908898899637
Train,4.55044429854992,4.57613338346346
Train,4.59117995517835,4.56988191378696
Train,4.63106584876699,4.62136903020291
Train,4.67040028310135,4.73079685770244
Train,4.7089258818307,4.66406698137871
Train,4.74679841304018,4.74861988053817
Train,4.78416389339247,4.78031905022362
Train,4.82077698868006,4.83172743896102
Train,4.85691013934685,4.83757637376038
Train,4.89232559324423,4.84135099580453
Train,4.92716514174534,4.94891227180233
Train,4.9615620179239,4.96803513495797
Train,4.9952892112185,4.95460766579163
Train,5.02859656183774,5.02053840641202
Train,5.06126383485798,5.05396705671592
Train,5.09353261837211,5.08931543178369
Train,5.12518916146475,5.07170059384589
Train,3.30379708995377,3.33279273305016
Train,3.37063607511235,3.36692618045709
Train,3.43594095318669,3.4519985786028
Train,3.50021101875945,3.50433642338248
Train,3.56324967428117,3.58754568975928
Train,3.62487627902781,3.63843391876435
Train,3.68555999675628,3.67951517197253
Train,3.74511346377582,3.77245500971003
Train,3.80336403233353,3.89668604399412
Train,3.86075342218445,3.85312138236986
Train,3.91710293691303,3.9143570597098
Train,3.97244058600369,3.97790801715928
Train,4.02660369597233,4.03168895617637
Train,4.08000102968489,4.11375734623834
Train,4.13246463090554,4.14736625444311
Train,4.18383881813632,4.16166799129496
Train,4.23451003727776,4.21889547161845
Train,4.28431781539126,4.27846434704043
Train,4.33311307090034,4.32731289899129
Train,4.38126173574197,4.31172912616239
Train,2.12773036473068,2.16925583576995
Train,2.3649065243032,2.36758020201523
Train,2.58760154553829,2.58205281490154
Train,2.79710239047386,2.82024107665529
Train,2.99454790960518,3.01221256501231
Train,3.18094955298383,3.17043007091888
Train,3.35720870051651,3.28957636077757
Train,3.52413123825805,3.51399362260054
Train,3.68243987811222,3.65780658822041
Train,3.83278461826202,3.80251631271858
Train,3.97556294397721,3.9275367477203
Train,4.11169127601103,4.08622859512252
Train,4.24145180712177,4.22042107868219
Train,4.36528113452564,4.33462248227988
Train,4.48357683453216,4.47053222124123
Train,4.59670172663849,4.59225566370515
Train,4.70498759042142,4.71406419198865
Train,4.80873841543619,4.79759622711936
Train,4.90823325117055,4.86149010798908
Train,5.00372871332178,4.99237503718177
Train,2.94396057417874,3.08212801292029
Train,3.02904204492581,3.08830507229322
Train,3.11249314466046,3.22603024768432
Train,3.19385305171646,3.28030523299458
Train,3.27369338257743,3.35438245473051
Train,3.35157067143682,3.42701692792798
Train,3.42802961105894,3.37673092803016
Train,3.50264320083869,3.59198154411388
Train,3.57570375000409,3.66580753033122
Train,3.64748194003505,3.72268596686808
Train,3.71757390075242,3.76143598759882
Train,3.78646493188244,3.85653938554242
Train,3.85376562625473,3.9052568551906
Train,3.91973486482703,3.97292752210342
Train,3.98461316037663,4.04159295070713
Train,4.0480314553435,4.04126796926721
Train,4.11042501092023,4.14090709071752
Train,4.17143751496782,4.19860594703277
Train,4.23148638807138,4.28516240273348
Train,4.29022744655551,4.20685970890554
Train,2.12761174416641,2.17338935154839
Train,2.36279442088078,2.38879471069049
Train,2.58395732298534,2.60397168435702
Train,2.79231779223193,2.81230113643505
Train,2.98895619854973,2.99197678981909
Train,3.17508165318044,3.1756485296828
Train,3.35104687070944,3.34023993632036
Train,3.51788324992824,3.52311353310142
Train,3.67628321749673,3.67698266963816
Train,3.82687089911298,3.82098272712574
Train,3.970210338345,3.9686608239208
Train,4.10681255656116,4.10907998280891
Train,4.23714164022874,4.24498971766661
Train,4.36162000840189,4.37423481480073
Train,4.48063298638124,4.49797366410712
Train,4.59468504368087,4.61958431238781
Train,4.70378792393856,4.73481331159928
Train,4.80839661537336,4.81817959570435
Train,4.90878320246356,4.9149911339282
Train,5.0051982409802,4.98545098521026
Train,2.12564260553235,2.12193853016106
Train,2.3692842087651,2.28463868986728
Train,2.5970195011085,2.45645455563317
Train,2.81035692451563,2.66961688571791
Train,3.01062003217446,2.87489926573653
Train,3.19897497342765,3.0518865885897
Train,3.37645321728042,3.24820330485818
Train,3.54397044982052,3.36289200690953
Train,3.702342376625,3.49015902912652
Train,3.85229800582354,3.62198107555741
Train,3.99449086828511,3.76535627398334
Train,4.1295085392597,3.92020527150817
Train,4.25788075407853,4.00100296530218
Train,4.38008635429281,4.18493238266456
Train,4.49655925627669,4.32645503982349
Train,4.60769359911385,4.3903677448252
Train,4.71384820047982,4.54296251352935
Train,4.81535042666837,4.64732801940045
Train,4.91249956470073,4.75790025467541
Train,5.00556976968764,4.84377129358109
Train,2.12332372125674,2.17297891494673
Train,2.35597412277977,2.39275183155769
Train,2.57527205640544,2.61950930677267
Train,2.78233495980589,2.84479454714892
Train,2.97793134939884,3.05150203654011
Train,3.16341918459217,3.21999832290385
Train,3.33935720074798,3.35083244811176
Train,3.50646439603735,3.48018354821943
Train,3.66538935861286,3.65529527727813
Train,3.81671867952971,3.8051060229518
Train,3.96081584539365,3.96351618846893
Train,4.09850844309289,4.13028394668436
Train,4.23006024014663,4.26367194565137
Train,4.35587307616933,4.36259959655945
Train,4.47631447861992,4.45460247875417
Train,4.59172124855168,4.54371264802467
Train,4.70227307418351,4.65668798910701
Train,4.80851856973015,4.78381040813474
Train,4.91058478884492,4.89207254029679
Train,5.00871356929856,4.98913227139928
Train,2.13048260114339,2.16166137365144
Train,2.36141822993024,2.38003204094275
Train,2.57944345882077,2.56393147643394
Train,2.78512743558809,2.7626915181263
Train,2.97971772296535,2.98571576550603
Train,3.16430534752431,3.16226803087011
Train,3.33922968627402,3.33792910998272
Train,3.50562174580382,3.48408334451597
Train,3.66371758572177,3.66063481766287
Train,3.81430002114748,3.81185089891187
Train,3.95806182042704,3.95540527677076
Train,4.09513188791548,4.10472845684853
Train,4.22612142233379,4.22898997069569
Train,4.35157447540485,4.35447532191029
Train,4.47155056615015,4.47672022055485
Train,4.58667274847743,4.59137982707034
Train,4.69696821929686,4.69884972202453
Train,4.80285956120148,4.81601629063698
Train,4.90472601682359,4.9040265025269
Train,5.00256052426806,4.99359525939508
Train,4.29923127466113,4.36530067689637
Train,4.37593472586425,4.36097246766803
Train,4.45007638384635,4.3311272850533
Train,4.52208960493034,4.39949689942296
Train,4.59191509940888,4.60736601752069
Train,4.65950632982142,4.64486703579132
Train,4.72524942079411,4.71794410548137
Train,4.78908225473821,4.77491856905544
Train,4.85095431879322,4.84608565310373
Train,4.91121191789884,4.86959096068858
Train,4.96979172171991,4.949942665462
Train,5.02676284216546,4.99995682099689
Train,5.08207203793809,5.03387168178961
Train,5.13602154890217,4.94351763643135
Train,5.18854810300832,5.1483471019219
Train,5.23959773178527,5.2037975038802
Train,5.28944500655008,5.25486064443976
Train,5.33802752592299,5.30524192881967
Train,5.38529136179834,5.26422645260573
Train,5.43148710977632,5.36034032377211
Train,3.80440535788305,3.84266731441312
Train,3.88609514022405,3.88521975226831
Train,3.96528315492449,4.00374811061192
Train,4.04208259449204,4.02823115318097
Train,4.11659992436134,4.16097652867575
Train,4.18893537531834,4.20345543291114
Train,4.25918339329396,4.24813528824598
Train,4.32743305077164,4.33626838702003
Train,4.39376842357708,4.40603609347272
Train,4.45826893640157,4.46402014174964
Train,4.52100968004451,4.4974017525783
Train,4.58206170303944,4.59253390120284
Train,4.64149228004463,4.66716317308601
Train,4.69936515912984,4.70733383432344
Train,4.75574078987013,4.77470476361486
Train,4.81067653396255,4.81354047236891
Train,4.86422685990817,4.90008136995311
Train,4.91644352314866,4.91281585651632
Train,4.96737573290946,4.96035152343393
Train,5.01707030688033,5.01849974292418
Train,3.80280800392127,3.6150193127105
Train,3.88500313680383,3.73063383334011
Train,3.96462254200146,3.79010204988299
Train,4.04178542414326,3.85979146520913
Train,4.11660374389121,3.96421211926463
Train,4.18918275996791,4.04286993196729
Train,4.25962152323343,4.14278110648229
Train,4.3280133276884,4.20294038183783
Train,4.39444612272151,4.28395412196187
Train,4.45900289043215,4.3735062203632
Train,4.52161773197884,4.45715686977746
Train,4.5826571574904,4.55736833823903
Train,4.64204285768417,4.59148674216704
Train,4.69984114025796,4.60859291929046
Train,4.75611481476927,4.69484751713389
Train,4.810923420318,4.741304831452
Train,4.8643234356747,4.81559756101706
Train,4.91636847341338,4.90534223374016
Train,4.96710945945157,4.90364946768386
Train,5.01659479926165,4.97602564548652
Train,1.44204620238152,1.49960912444294
Train,1.54499419923156,1.58935141559414
Train,1.64543580189771,1.67101934697894
Train,1.74346144137553,1.76622449010392
Train,1.8395167720947,1.86239592018865
Train,1.9329564411699,1.95555932366733
Train,2.02422693088534,2.05089034970115
Train,2.1134029099952,2.12712167461359
Train,2.20055565907522,2.21597226203994
Train,2.28575326054506,2.3174091676774
Train,2.36937400784446,2.38161300625688
Train,2.45084680904313,2.46629839737034
Train,2.53055145851384,2.55547843373643
Train,2.60854489795918,2.63320263104652
Train,2.6848816500424,2.68019239168643
Train,2.75961394549668,2.78946754034769
Train,2.83306718070384,2.83502866075287
Train,2.90473303721677,2.92188697200618
Train,2.97493870467927,3.01604455276902
Train,3.04372835998313,3.07344135871972
Train,2.12339852599247,2.1882975788576
Train,2.37271606636546,2.43012451148752
Train,2.6051295613652,2.70791188926887
Train,2.82173155304113,2.86054550592053
Train,3.02434872715534,3.07130818245241
Train,3.21429311425399,3.33337727623075
Train,3.39295298198351,3.52651557535319
Train,3.56086107035745,3.60654747031367
Train,3.71916840218757,3.79019091008377
Train,3.86867552762641,3.90526836046411
Train,4.01028359872553,4.05115586945794
Train,4.14424724555703,4.16308997578017
Train,4.27133734096803,4.32169490315755
Train,4.39206966622313,4.42253928459468
Train,4.50706208430027,4.51571790328126
Train,4.61642365268879,4.62229956529518
Train,4.72069636620039,4.73674944548111
Train,4.82022734355424,4.80214234036976
Train,4.91545935003735,4.91178289857089
Train,5.0064226522255,5.00843838518631
Train,2.12910230615172,2.12310300136232
Train,2.38291006667188,2.32393042081094
Train,2.61827066256745,2.55381702099476
Train,2.83741639544739,2.79447421805889
Train,3.04142214561449,2.99658622597053
Train,3.23205864293634,3.18387260557392
Train,3.4105983963277,3.34765238781438
Train,3.57815738802642,3.51942186840643
Train,3.7359295471496,3.68529457057411
Train,3.88434948784635,3.84801493598934
Train,4.02441245639959,3.99762660105444
Train,4.15680495054935,4.1283763841966
Train,4.28230877565294,4.26022689212914
Train,4.40112793004536,4.43907300566025
Train,4.51393418368952,4.55258941426473
Train,4.62117270132084,4.62546842276424
Train,4.72324576235384,4.71190796698647
Train,4.82064899338996,4.80702294986986
Train,4.9134449975405,4.90507158759829
Train,5.00207252958786,4.99301237737927
Train,2.11638447506989,2.13188696779434
Train,2.36806330015287,2.37225688869876
Train,2.60208647853893,2.59370315865635
Train,2.82024890795233,2.81375936450058
Train,3.02411016473525,3.02062267510883
Train,3.21503184491851,3.23254346938484
Train,3.39420801361869,3.42934948602124
Train,3.56269020239473,3.55769658640384
Train,3.7214080604634,3.71852499264423
Train,3.87118651652451,3.86992496620587
Train,4.01276012021567,4.01065148199996
Train,4.14678508952929,4.144428711199
Train,4.27384948118426,4.28497083999719
Train,4.39448181651128,4.39427379067638
Train,4.50915842973614,4.51409853677615
Train,4.61830975410945,4.61400854975909
Train,4.7223257207859,4.72012504348095
Train,4.82156041319686,4.81973284079868
Train,4.91633609400439,4.91161060536615
Train,5.00694670114171,4.9985540601574
Train,2.73194750145983,2.84512205103965
Train,2.83756888193852,2.89360523166033
Train,2.94019821728092,2.98132308443746
Train,3.03996086994695,3.05847214127607
Train,3.13697529551304,3.13805257862987
Train,3.23162571138575,3.19061279470952
Train,3.32346648187123,3.24357628889811
Train,3.41287774329284,3.30584543282748
Train,3.49995464068828,3.50583586594439
Train,3.58478741498906,3.45887365307317
Train,3.66746171496911,3.73498994764304
Train,3.74805888568102,3.48963778067264
Train,3.82665623542172,3.73993724860156
Train,3.90332728306944,3.73910544612954
Train,3.97814198745518,3.91655373523827
Train,4.05137792223462,3.95046549201288
Train,4.12267166838888,4.07315108487091
Train,4.19229981504695,4.11561088513554
Train,4.26032005709038,4.21622602515527
Train,4.32678745515108,4.25156939639419
Train,4.42433949203684,4.45964228436969
Train,4.46726370337328,4.44253524908345
Train,4.50941354452157,4.47096417894136
Train,4.55080978308231,4.53733552099584
Train,4.59147245062257,4.57625644884502
Train,4.63142087499709,4.58111624429148
Train,4.67067371098119,4.66097821380208
Train,4.7092489693173,4.68560075264759
Train,4.74716404427015,4.70149595407565
Train,4.78443573977929,4.73440040994865
Train,4.82120060968204,4.75764898395028
Train,4.857231720581,4.79417755956456
Train,4.89266661349976,4.88820044610111
Train,4.92751996570969,4.89158332109946
Train,4.9618059766503,4.91196873534136
Train,4.9955383872175,4.96352768683573
Train,5.02873049812514,4.97397133408413
Train,5.06139518739115,5.00891981942186
Train,5.09354492699682,5.02745847088227
Train,5.12519179876422,5.04197544441195
Train,4.31090793132855,4.25138968270949
Train,4.36374862530706,4.33072146251834
Train,4.41544374948998,4.39953320435234
Train,4.46603015778154,4.41963997746643
Train,4.51554314003183,4.49544866584802
Train,4.56388176850847,4.49635885980751
Train,4.61135070252854,4.5712605319095
Train,4.65784340604492,4.59335953328628
Train,4.70338968779305,4.59431888209474
Train,4.74801815514197,4.71364063248257
Train,4.79175627401314,4.72730921016955
Train,4.83463042524858,4.79039347856451
Train,4.87666595767126,4.65310235796278
Train,4.91788723806207,4.83048784587481
Train,4.95831769826044,4.92860003255555
Train,4.99786952455175,4.93567648267162
Train,5.03678718722075,4.95711328394282
Train,5.07497908978046,4.94862842184011
Train,5.11246534630136,5.04745122888016
Train,5.14926533438925,5.0559551615097
Train,4.308190724255,4.35545366610677
Train,4.3521783700908,4.37914153247038
Train,4.39537752787371,4.45970376534024
Train,4.4378092100058,4.4618438690577
Train,4.4794936888508,4.53783793493494
Train,4.52058585633077,4.55006709921872
Train,4.56083161368657,4.61458621154452
Train,4.60038691902989,4.63796396684302
Train,4.63926938922814,4.66493695302233
Train,4.67749604687772,4.76331142742492
Train,4.71508334515268,4.76639525070095
Train,4.7520471914169,4.78295042298487
Train,4.78840296967105,4.8248106151641
Train,4.82416556190072,4.85083230294913
Train,4.85934936838812,4.87602511820114
Train,4.89408279421208,4.90155202335154
Train,4.92814858322893,4.93245995845427
Train,4.96167612876043,4.97142600929146
Train,4.9946780872855,4.99964669517249
Train,5.02716672155627,5.0310397830217
Train,3.00160651401106,3.10769418453674
Train,3.15463679628811,3.32162562256417
Train,3.30007029819874,3.40528065365652
Train,3.43869343102216,3.49763600959341
Train,3.57052615090931,3.68124986005205
Train,3.69626818327652,3.83409643682353
Train,3.81633208380699,4.03048478592609
Train,3.93109397132671,4.05437989392885
Train,4.04108396939694,4.15809661527055
Train,4.14623581497797,4.23860090646485
Train,4.24703279551337,4.41512580279959
Train,4.34373995773457,4.41714525593125
Train,4.43675927405157,4.58568593606833
Train,4.52599357082417,4.60065439325263
Train,4.61181503568939,4.69415361446227
Train,4.69441578427859,4.73553705139966
Train,4.77397377833914,4.78132105397162
Train,4.85078481946625,4.87852278997889
Train,4.92473623450318,4.91957147012909
Train,4.99610622931943,4.9686742355243
Train,0.997575222013758,1.02963868494408
Train,1.16186758910368,1.11752385347245
Train,1.32074799826293,1.27603146507136
Train,1.47366138911936,1.50730557082352
Train,1.62172490413065,1.57532789206198
Train,1.7644018410866,1.72551049988397
Train,1.90271667770345,1.92700215566401
Train,2.03615169078058,2.05369266015441
Train,2.16530458872005,2.18373936498028
Train,2.29071273714249,2.23446604292621
Train,2.4118870891156,2.39465304849728
Train,2.52966583099353,2.53997931825506
Train,2.64357876846181,2.61036218656409
Train,2.75410785744556,2.78714454872534
Train,2.86168895070688,2.85436041277171
Train,2.96587925882376,2.97773634786972
Train,3.0673778286487,3.08702270749563
Train,3.16575941829679,3.14408148717484
Train,3.26167710851068,3.28428321867978
Train,3.35472254747568,3.37665791484142
Train,3.11903672464875,3.0332791022156
Train,3.26469583275668,3.18608897408012
Train,3.4027201251646,3.32980394897641
Train,3.53415755936693,3.4290439358665
Train,3.65924732761896,3.48473275624383
Train,3.77822795870944,3.63283692974437
Train,3.89193758405085,3.72107027105267
Train,4.00033447689783,3.80182258284549
Train,4.10414919275386,3.99515912147399
Train,4.20349002559976,4.16928883500441
Train,4.29847163878961,4.24364232091102
Train,4.38969750662139,4.2766507097258
Train,4.47723057370719,4.261837497339
Train,4.56114162020212,4.30927604997487
Train,4.64193705712467,4.50477611353563
Train,4.71951117742665,4.48276380450807
Train,4.79431800787612,4.60325655175438
Train,4.86637477917787,4.68187951941945
Train,4.93570706635376,4.72064164370022
Train,5.00270422355668,4.70038401452803
Train,2.16876670265954,2.26252900028339
Train,2.43537916696171,2.56173151924122
Train,2.67931790010512,2.66563486087944
Train,2.90292346700431,2.96706885399908
Train,3.10903604531345,3.0708690014726
Train,3.29926082160365,3.38360288675904
Train,3.47570979101645,3.47108899950581
Train,3.63950735375726,3.66180117431213
Train,3.79226492423301,3.79557527360157
Train,3.93478337966086,3.95626713988713
Train,4.0683197627375,4.0575472984674
Train,4.19345188202423,4.1855098741089
Train,4.31117944973751,4.3024341538403
Train,4.4219232426661,4.42015155037734
Train,4.52649190421331,4.52194848663203
Train,4.62519368350649,4.62877613676756
Train,4.71869254049011,4.71401488996344
Train,4.80721484657521,4.80712475166001
Train,4.89131307272175,4.88643094853251
Train,4.97115322691084,4.96741573773943
Train,2.12940269889565,2.15939864792017
Train,2.35953685250925,2.30031897450317
Train,2.57652258375496,2.53891198367455
Train,2.78192907181291,2.76920902055281
Train,2.97643410182638,2.93935233094271
Train,3.16066994155131,3.11606209578167
Train,3.33583370480199,3.28239490257874
Train,3.50219360252866,3.42765361974671
Train,3.6607639709942,3.61150283249663
Train,3.81190399768766,3.78229924916377
Train,3.95595681914466,3.92237563316849
Train,4.09372879004296,4.09222390601099
Train,4.22546880089746,4.20021741926212
Train,4.35141812517153,4.3331288160316
Train,4.47223072861984,4.42696963178059
Train,4.58794513229911,4.52840237378223
Train,4.69913564763078,4.70272191330696
Train,4.80593807049328,4.75748920567094
Train,4.90848769987926,4.79224323700328
Train,5.00726329210842,4.95302266153521
Train,2.13549878782615,2.15313855872591
Train,2.36261445382408,2.32674341987877
Train,2.57706670235827,2.5131562135557
Train,2.78036122066628,2.70477586206835
Train,2.97289495250553,2.92078907001269
Train,3.15592876567196,3.11040393915755
Train,3.32974047258084,3.27156894980362
Train,3.49539823950988,3.39512881238807
Train,3.6532770662603,3.56981191945124
Train,3.80373540381063,3.75264587252968
Train,3.94762223590932,3.87247500964986
Train,4.08503514632217,4.0356068406436
Train,4.21671091636138,4.08685573237017
Train,4.34285280547558,4.1455143566327
Train,4.46366010513296,4.36666356548994
Train,4.57973738250479,4.50249037561662
Train,4.69109415890515,4.58794103102082
Train,4.79826506057782,4.69816624746272
Train,4.90123842129323,4.80299434159679
Train,5.00049004351434,4.87968494906818
Train,3.43233189858258,3.34544071330311
Train,3.54297691166042,3.5013312936826
Train,3.6494692081052,3.59460032283641
Train,3.75222680270983,3.69353153904376
Train,3.85107875250637,3.72628613493907
Train,3.94641845689116,3.85865124351221
Train,4.03842983551685,3.88319558005969
Train,4.12728418700284,4.00962546139272
Train,4.21329931753722,4.16703621733723
Train,4.29630304238441,4.1656634349074
Train,4.37659828816552,4.21615430658494
Train,4.45431549648567,4.36235949420006
Train,4.52971557309727,4.38459894595508
Train,4.60263141578898,4.49879975815929
Train,4.67331378365666,4.54679570339977
Train,4.74186374861585,4.63780220827903
Train,4.80837637476763,4.69348957564944
Train,4.87306029240632,4.76698595993548
Train,4.93575814948735,4.84264024715048
Train,4.99667216970627,4.86028593824631
Train,3.80276334554978,3.84527618817083
Train,3.88462691319972,3.85507599884295
Train,3.96379935970237,4.01499894335393
Train,4.04075597172001,3.8585261343469
Train,4.11542037466245,4.18206038887365
Train,4.18773080868589,4.24319878941242
Train,4.25811235670846,4.27229628351415
Train,4.32648713053531,4.36967982362148
Train,4.39279050206204,4.40339131743167
Train,4.45740500969366,4.51584488188746
Train,4.52025268608374,4.51687910269357
Train,4.58140502264334,4.63878952766026
Train,4.64079591398827,4.68341100374892
Train,4.69876056352692,4.58024114887303
Train,4.75522235865604,4.79193695760114
Train,4.81011527592982,4.7929159328487
Train,4.8637446498106,4.88674304761662
Train,4.91603558359532,4.87959658170075
Train,4.96692281636916,4.96939503897738
Train,5.01668570127464,5.02449207017162
Train,3.80580373453581,3.74524093687796
Train,3.88786162856758,3.89552172883123
Train,3.96716955468882,3.9580858020181
Train,4.04421005131988,4.02472869214034
Train,4.11891007174364,4.08500120403733
Train,4.19121132764483,4.18472432719864
Train,4.26154415830862,4.22147684867377
Train,4.32983334757356,4.31374910735394
Train,4.39601706843497,4.38417459236371
Train,4.46048160205608,4.4545408588292
Train,4.52315118130179,4.52407368315289
Train,4.5840997450206,4.57084046349883
Train,4.6432633676977,4.62802156764337
Train,4.7009795145738,4.67856805804331
Train,4.75717333648196,4.72968160247183
Train,4.81178066296121,4.79518813093637
Train,4.86510827234475,4.8423451555318
Train,4.91708280168147,4.9077710887068
Train,4.96764059775644,4.9374320744555
Train,5.01706182334771,5.00524003512874
Train,-0.289166347486342,-0.223161081998114
Train,-0.038635989254015,-0.0496094279133104
Train,0.198987934421492,0.282526737388253
Train,0.423730775442445,0.411929983620212
Train,0.637059907039239,0.70969563831386
Train,0.840250342291749,0.880648987393215
Train,1.03319354113932,1.07922575342673
Train,1.21703207455347,1.21489811861284
Train,1.39276554449284,1.48308478974286
Train,1.56021030850831,1.55616528576684
Train,1.72027629928379,1.73853861620228
Train,1.87344074150816,1.93129117647186
Train,2.020450721041,2.04571753672099
Train,2.16107407838061,2.16520883533485
Train,2.29600276321256,2.29961181705767
Train,2.42585011658558,2.47799426293932
Train,2.55036964780297,2.53173904087271
Train,2.67013560427102,2.66529924358838
Train,2.78565940191339,2.80919129946415
Train,2.89669098080092,2.95773203526187
Train,1.46654665383069,1.37163588019394
Train,1.60487607548111,1.57535303125769
Train,1.73837542115043,1.70435422142327
Train,1.86729332905194,1.81480920035392
Train,1.99186165972811,1.97526140334412
Train,2.11264317866532,2.08836232477552
Train,2.22913643824374,2.19392895745295
Train,2.34188882264016,2.28974180732257
Train,2.45107767694597,2.41898092881092
Train,2.55686931068677,2.53367192169753
Train,2.65941984305435,2.64452354144669
Train,2.75887597162545,2.74100550651747
Train,2.85537567252784,2.84421651357297
Train,2.94904883908154,2.92077083886579
Train,3.04001786513155,3.01464197705536
Train,3.12865291298487,3.12027307367316
Train,3.21454636739516,3.20402091416508
Train,3.29806327362749,3.28818475946537
Train,3.37930091927607,3.3839352944633
Train,3.45835135326626,3.40005855972777
Train,1.26401216555,1.27917751260429
Train,1.40422897999426,1.43434516399066
Train,1.5397028599546,1.56944758410827
Train,1.67067045279697,1.72937884526618
Train,1.79735292016857,1.82873532417943
Train,1.92030988935585,1.97623180315531
Train,2.03901867514578,2.04963558303461
Train,2.15402530432285,2.14814685134661
Train,2.2655003058233,2.30741706384833
Train,2.37360389374036,2.38159199718575
Train,2.47848673560325,2.5147629766052
Train,2.58029065299588,2.60219748014424
Train,2.67914926136628,2.71342572367212
Train,2.77518855509646,2.7606838751235
Train,2.86852744321989,2.91438874871892
Train,2.95953990433454,2.96819762144514
Train,3.04780167532275,3.04890984320627
Train,3.13368225524882,3.14419954504774
Train,3.21727672383665,3.25161724306963
Train,3.29867516532052,3.34631732220441
Train,3.87900242188409,3.78591220819726
Train,3.93759949513966,3.88401070541659
Train,3.99495743347672,3.93136538234285
Train,4.05142191865217,3.97638311817536
Train,4.10686211753859,4.07916555195152
Train,4.16130565099826,4.14344822840212
Train,4.21463355556371,4.13854398807962
Train,4.26716528716114,4.22063349124073
Train,4.31877741502651,4.2887995575984
Train,4.3694938770694,4.33782198299377
Train,4.41920202843064,4.38029364372778
Train,4.4681980188624,4.41051318144855
Train,4.51636529558682,4.48586147512106
Train,4.56372470746795,4.52569865508303
Train,4.61016952671442,4.5762034979889
Train,4.65597509431825,4.5753828698671
Train,4.7010312444799,4.63321673762766
Train,4.74535621961414,4.69155667573614
Train,4.78884882483664,4.70207287425001
Train,4.83176574170551,4.76868638562155
Train,3.78704646554857,3.8174970199907
Train,3.86521842768102,3.96661817637869
Train,3.94153198296837,4.02540094044525
Train,4.01605262366938,4.10497379404478
Train,4.0888428004159,4.14326747213636
Train,4.15996209676235,4.21153124659395
Train,4.22946739185135,4.27748469136168
Train,4.2974130121289,4.32450953617081
Train,4.36385087295954,4.42675207412867
Train,4.42883061091743,4.4496035992579
Train,4.49226563380934,4.54532929619745
Train,4.55447239490796,4.60612202839548
Train,4.61535737682637,4.58536703194659
Train,4.67496226475994,4.72090400539855
Train,4.73332700929397,4.74264337363093
Train,4.79048991570074,4.80777664241759
Train,4.84648772777645,4.81266000838878
Train,4.90135570660357,4.90363555544172
Train,4.95512770459337,4.93802788154426
Train,5.00783623513536,4.954869525096
Train,3.12613944878982,3.21002796674293
Train,3.26158071985582,3.30597411925555
Train,3.3917613131307,3.48482138349755
Train,3.51661005857919,3.5778089618525
Train,3.63680473185573,3.77299342422339
Train,3.7522567061369,3.86800366443822
Train,3.86357192718626,4.01013692064225
Train,3.97064944621926,4.12929138471554
Train,4.07403405143818,4.18045317830911
Train,4.17361633549054,4.31069734921948
Train,4.2698886334348,4.39160344002812
Train,4.36273599565,4.49660489973758
Train,4.45260546455716,4.58731707358675
Train,4.53937875372946,4.6620449419861
Train,4.62346355046167,4.75972695390374
Train,4.70473989989033,4.78263996236092
Train,4.78358109418154,4.83614099832812
Train,4.85986677020062,4.9115744451683
Train,4.93393999711208,4.97838364251766
Train,5.00568095185321,5.01858376248128
Train,2.87421438121072,2.9247074089144
Train,3.04263861807118,3.16171713376389
Train,3.20199389016095,3.24401509863492
Train,3.35299348434731,3.42319662218688
Train,3.49627779711737,3.47813726557251
Train,3.63263018748448,3.62335877472287
Train,3.7621477064373,3.78018917234294
Train,3.88551887791609,3.95013966541228
Train,4.0031710801912,4.04031639748246
Train,4.11549296618303,4.17217265645741
Train,4.22283875250148,4.27671630290752
Train,4.32553195079798,4.35111070808853
Train,4.42386862423514,4.4603837949162
Train,4.51812023811989,4.56110161526703
Train,4.60853616250618,4.64360059372484
Train,4.69547839229914,4.68962300908242
Train,4.77888829283891,4.8005592684458
Train,4.85909910884228,4.85724746858432
Train,4.9362914227516,4.95892145508697
Train,5.01063247662664,5.01232106037787
Train,2.12884689355539,2.13659733590612
Train,2.36615130434783,2.32892334540884
Train,2.58919757435144,2.56737844268355
Train,2.79874171741578,2.72391613221589
Train,2.99643653980588,2.94476589738406
Train,3.18282153138155,3.06914789799157
Train,3.35925392062249,3.27832243306511
Train,3.52611746281569,3.5036290333228
Train,3.68435589729504,3.66039066125268
Train,3.83479802059246,3.7880689346166
Train,3.97766925495038,3.94896495515422
Train,4.11384744793386,4.09762124268491
Train,4.24348609288458,4.25301963938546
Train,4.36719093030841,4.36996968915446
Train,4.48549976718799,4.46113490693097
Train,4.59849094691884,4.60673765726096
Train,4.70677052103431,4.72488460933346
Train,4.81038194189409,4.78993594400163
Train,4.90985556970815,4.90340847821972
Train,5.00520853998989,4.96239674028948
Train,2.12168894142507,2.09741613453298
Train,2.35903646406905,2.31925662439789
Train,2.58169705379614,2.53342195334881
Train,2.79149847291344,2.67410444768211
Train,2.98928432976782,2.80656770204587
Train,3.17605810615937,3.02203595385799
Train,3.3525010564956,3.1887134091121
Train,3.51985170461805,3.39294749036344
Train,3.67860271010408,3.55527449855799
Train,3.82940033264978,3.72463360247639
Train,3.97265383774693,3.8734007866824
Train,4.10924651280638,4.00649163630624
Train,4.23947406938949,4.1548743220992
Train,4.3637712919567,4.26302555889924
Train,4.48238999665366,4.39813893674727
Train,4.59598646652545,4.56297290057046
Train,4.70474058418434,4.63443248088333
Train,4.80895551525773,4.74427091205507
Train,4.90878800418509,4.85380734948922
Train,5.00474220750618,4.95594468983109
Train,2.12326987459695,2.16982384014773
Train,2.35046379035817,2.48387950419601
Train,2.56518125285028,2.58484790357761
Train,2.76882941117277,2.78633788400475
Train,2.96204914607699,3.14109708810065
Train,3.14543771658306,3.14221076319882
Train,3.32007644790049,3.50213139117113
Train,3.48640999199256,3.47901242219814
Train,3.64485797321563,3.67253994402927
Train,3.79627180097835,3.81683941540905
Train,3.94096423757318,3.93878978982502
Train,4.07937311764745,4.09689673276807
Train,4.21176588146603,4.21647002564896
Train,4.33878163210758,4.34287476238205
Train,4.46061869799635,4.46695476818604
Train,4.57746977514261,4.58396769281171
Train,4.68986088903145,4.6989529318671
Train,4.79793360765224,4.80493495606424
Train,4.90182736363478,4.90924996527792
Train,5.00198165120171,4.99888433067827
Train,2.13145586051408,2.13560111151128
Train,2.34790586645907,2.35709881892581
Train,2.55420283454264,2.56555318569372
Train,2.75104476816105,2.73662560106641
Train,2.9388644598026,2.95502977636716
Train,3.11865577712709,3.12357358629197
Train,3.29073674887468,3.27979314668482
Train,3.45559295003958,3.45884945437138
Train,3.61367002049273,3.60914373990818
Train,3.76537768774906,3.77645886215942
Train,3.91093582569427,3.91110619987012
Train,4.05101357899951,4.03952597769239
Train,4.18576875207896,4.19332197326366
Train,4.31549905458074,4.31667287980963
Train,4.44048040000646,4.43348369050727
Train,4.56096886455336,4.56922779108936
Train,4.67707654705726,4.67508143904706
Train,4.78928103420043,4.78227408907696
Train,4.89765824893007,4.90058149822289
Train,5.00240072877263,5.00025648979317
Train,2.11609585494351,2.21849906156604
Train,2.35799736935475,2.39071720403444
Train,2.58453388305162,2.6208518375206
Train,2.79712425641571,2.83722721299455
Train,2.99701786962423,3.04640689203188
Train,3.18531919401391,3.21204254520853
Train,3.36300820905686,3.4051221632435
Train,3.53095746195695,3.56186586064177
Train,3.6899463967891,3.73904994308396
Train,3.84067344979145,3.87284720952448
Train,3.98360580835531,4.0166526565954
Train,4.11963797271371,4.1441640630037
Train,4.24911218798108,4.31001753726741
Train,4.37249151866849,4.40342943823089
Train,4.49019643512087,4.51434531417726
Train,4.60260960086398,4.63232638197405
Train,4.7100800284612,4.72862549524871
Train,4.81292669897145,4.82785348481593
Train,4.91144172407944,4.91912795736971
Train,5.00589311692319,5.00846872754482
Train,3.83902217308907,3.73262118678758
Train,3.91331960759849,3.81136435417466
Train,3.98596978649989,3.94141337561268
Train,4.05667613975288,3.9568710340609
Train,4.12585677430994,4.11455855626809
Train,4.19322625011142,4.13978140085965
Train,4.2591800775171,4.23392518021501
Train,4.32344344091015,4.28501289371889
Train,4.38639107183842,4.32133567797064
Train,4.44775828960431,4.42777925673181
Train,4.50790067311738,4.47612945895344
Train,4.56656320519221,4.55296467142398
Train,4.62408377132825,4.44990697222966
Train,4.68021656581554,4.62889877541238
Train,4.73528309397901,4.72984998390166
Train,4.78904632954425,4.73472092660631
Train,4.84181258278146,4.82628850360925
Train,4.89335319497542,4.77837001212902
Train,4.94396035365885,4.87021094164811
Train,4.99341337579618,4.88704299960591
Train,2.12932433413457,2.00369354410213
Train,2.36688147086949,2.33655160308263
Train,2.58984757480893,2.54398075345671
Train,2.79952688894545,2.71178621652871
Train,2.99707271127515,2.87661487134756
Train,3.18330224037153,3.03413748628736
Train,3.35955095901933,3.2075073514734
Train,3.52641499522416,3.39665891840559
Train,3.6846244673844,3.55675238052754
Train,3.83483567173847,3.698541538266
Train,3.97764018252018,3.84650408570269
Train,4.11357263835793,3.95874125889168
Train,4.24311743099134,4.08984501887244
Train,4.36671447269685,4.21204968256279
Train,4.48476418714616,4.32935742490008
Train,4.59750611052085,4.44525244468423
Train,4.70553093946844,4.49188017916458
Train,4.80901307310064,4.68846230183044
Train,4.90823315687631,4.80865759144763
Train,5.0034491851954,4.89801400546276
Train,2.12495028001534,2.2050757392426
Train,2.36374329707051,2.4829458403965
Train,2.58770839833069,2.64403702915115
Train,2.79818510973865,2.87342433950471
Train,2.99657923720489,3.09308545214299
Train,3.18348098598039,3.32220393432544
Train,3.36005944702231,3.39816321239414
Train,3.52714692575984,3.43389183104591
Train,3.68548859742229,3.61655097732364
Train,3.83575361782611,3.8115409926686
Train,3.97870591550919,3.92263938584256
Train,4.11455917615633,4.0597690190898
Train,4.24397555506753,4.1830198564312
Train,4.36740194524148,4.29196135449274
Train,4.48524480683546,4.43747137220817
Train,4.59787463874721,4.547617251068
Train,4.70575202577669,4.69200968488076
Train,4.80893729039859,4.77676071658607
Train,4.9078420789771,4.86470930335418
Train,5.00272733223452,4.9343947862144
Train,3.80651519897803,3.7333237849034
Train,3.88807078252951,3.8428394537641
Train,3.96713069035404,3.93276093944951
Train,4.04364321071277,4.01687752942416
Train,4.11804840206236,4.06641512009446
Train,4.19027658152484,4.15896306227842
Train,4.26042191684389,4.22833590969458
Train,4.32857322192667,4.28984377124834
Train,4.39467203400802,4.36019949434922
Train,4.45908605583843,4.43257148870907
Train,4.52174380642785,4.48791413876461
Train,4.58271614777852,4.55886903230203
Train,4.6419425810658,4.62025043128779
Train,4.69974521040031,4.67046823194869
Train,4.75605328519805,4.72795952833985
Train,4.81092403082604,4.77495813366113
Train,4.86441178798037,4.8357458075734
Train,4.91645597281461,4.87990776481274
Train,4.96733286268282,4.93970103997526
Train,5.01697410883087,5.00122382420159
Train,3.80728206211371,3.84905399275158
Train,3.88842073279314,3.85553862632514
Train,3.96712075845751,3.9753057918133
Train,4.04349045262832,4.04158212408038
Train,4.11778959936226,4.13102055490344
Train,4.18979423712496,4.18581555332821
Train,4.25975752844971,4.31280767228236
Train,4.32776506890379,4.38187386265236
Train,4.39389773454921,4.42484965741096
Train,4.45823200279573,4.51486393230516
Train,4.52097365260648,4.56521475265254
Train,4.58192090706111,4.62086915224427
Train,4.64127577629868,4.68724200011275
Train,4.69909986258143,4.72821483309781
Train,4.75545163113625,4.77484993678991
Train,4.81038660733243,4.84082675439822
Train,4.86407182365417,4.88115475731684
Train,4.91632614568077,4.92065347703829
Train,4.96731447182039,4.97738914982438
Train,5.01708225944127,4.98695462543947
Train,2.122132055305,2.33354191988474
Train,2.36916131608526,2.48395027502556
Train,2.59930353707909,2.74357908539423
Train,2.81472191749938,2.95448862470221
Train,3.01632638848282,3.13260283804993
Train,3.20583532514127,3.33789805210836
Train,3.38389914390656,3.54009575867349
Train,3.55190698314483,3.68185324875594
Train,3.71050605209104,3.80836693099991
Train,3.86029396742171,3.93670603774081
Train,4.00230941877655,4.09314988622282
Train,4.13683382320392,4.29605494862699
Train,4.2647370996202,4.38298388346084
Train,4.38635685171037,4.48675350098347
Train,4.50201236869135,4.57985904404268
Train,4.61238469461506,4.67306485298468
Train,4.71758596168047,4.75513252367455
Train,4.81820196999331,4.84791828915331
Train,4.91430499582718,4.91786713998226
Train,5.00640340298282,4.99321516053169
Train,2.12283645584247,2.16385871230523
Train,2.36007090439505,2.36734468404939
Train,2.58286729539039,2.54665992736773
Train,2.79225542179532,2.71694030277104
Train,2.98988040521396,2.91045091389242
Train,3.17648371349875,3.09346798980005
Train,3.35296236216991,3.2782298516413
Train,3.52011859778538,3.45806694332896
Train,3.67848277949649,3.65996766637363
Train,3.82909036340494,3.81257351951717
Train,3.97232605035136,3.96204438220411
Train,4.10871816641636,4.07177898628106
Train,4.23859009636088,4.24919597008011
Train,4.36269545702973,4.34266766937617
Train,4.48126764986463,4.48485072703625
Train,4.59466864550904,4.58571278485579
Train,4.70322951570088,4.69284531959784
Train,4.80712884133085,4.76188390469179
Train,4.90689988168367,4.90038227768491
Train,5.00266867204802,4.98393523645973
Train,3.4258078853734,3.39860664215303
Train,3.46669307564727,3.50544382152657
Train,3.50726152086697,3.49148050720942
Train,3.54715024630265,3.52979574611163
Train,3.58655544907872,3.61186664675188
Train,3.62566418507938,3.68698047178623
Train,3.66412622032491,3.64153331263333
Train,3.70230445245403,3.75108097300472
Train,3.73985678163678,3.73876007651234
Train,3.77696732230424,3.80032923261933
Train,3.8138118482927,3.80364048353113
Train,3.85005993548612,3.84609221732353
Train,3.8858889841592,3.81894742573422
Train,3.92146848965713,3.90355304565855
Train,3.95647912068525,3.97513948182132
Train,3.99125052323192,4.02962670573834
Train,4.02547046154487,3.99300584130106
Train,4.0593059390152,4.03729922171988
Train,4.09291671518999,4.08608995209761
Train,4.12600075798107,4.10300203713814
Train,3.80635286570417,3.76697328555565
Train,3.88803823971042,3.74286937512625
Train,3.96720059662091,3.95155722022719
Train,4.04411655704676,3.98587811566904
Train,4.11856652379885,4.06049984240963
Train,4.19081884417673,4.12618290560022
Train,4.26096940951611,4.18941438660113
Train,4.32910861234492,4.26826801998504
Train,4.39546121217612,4.35078073226396
Train,4.45982492227979,4.40634141789815
Train,4.52241933920705,4.47755145675728
Train,4.58331642795063,4.54068542660389
Train,4.64270924600566,4.60708494559003
Train,4.70040914821605,4.68716001887151
Train,4.75660563733541,4.74682232197847
Train,4.81135671649584,4.80648485560778
Train,4.8647174429583,4.86789632811815
Train,4.91684987569653,4.9158321870018
Train,4.96758149327971,4.96821747408467
Train,5.01707213255279,4.99854420932752
Train,2.11989751072107,2.22663549136632
Train,2.35242041142136,2.39635732089664
Train,2.57161454849247,2.61318288396797
Train,2.77837437334599,2.80669552053951
Train,2.97414429498144,3.01174817713763
Train,3.15958043294359,3.18670904481769
Train,3.33547995637601,3.39047914319053
Train,3.50256009628174,3.5369556744954
Train,3.6612986784715,3.70160884796132
Train,3.81262745048163,3.8578989221096
Train,3.95689932860896,3.99628409798061
Train,4.09459669028098,4.11754169457345
Train,4.2260184974925,4.28359527506109
Train,4.3518527570029,4.4180988629505
Train,4.47231947569886,4.53326417145217
Train,4.58775491567232,4.637017637182
Train,4.69846782566558,4.74274971198975
Train,4.80462850173758,4.83736696898995
Train,4.90673043199547,4.91853572204855
Train,5.00489673882123,5.00303346607507
Train,2.12610031651882,2.18345299363136
Train,2.35566929304389,2.41925127444665
Train,2.57269921923504,2.63863419012887
Train,2.77774545185462,2.8348969589515
Train,2.97219472666659,3.02241984978355
Train,3.1564477024956,3.2324072031206
Train,3.33166562328908,3.41973694033732
Train,3.4981351671716,3.5252741713557
Train,3.65666761488349,3.71031157678408
Train,3.80798179269646,3.84452990191494
Train,3.95224548285089,4.01963469947805
Train,4.09024016583838,4.13842253444818
Train,4.22207832124006,4.28301344389911
Train,4.34830030118167,4.43954214809673
Train,4.46938937073266,4.53724403819433
Train,4.58539909567401,4.70779619509267
Train,4.69688536710317,4.74587683215941
Train,4.80387390334524,4.86383212819419
Train,4.90685601471269,4.93350955833921
Train,5.00583615499794,4.99763779791465
Train,3.12498922093813,3.2203147186101
Train,3.25775809046625,3.36744291943796
Train,3.38561382311721,3.48905571313844
Train,3.5088241819059,3.63593642325759
Train,3.62763781977791,3.77908381600719
Train,3.74213332437832,3.8781503652117
Train,3.85283645428167,3.98650966286914
Train,3.95978980346664,4.08191355074814
Train,4.06318072007727,4.20370178012308
Train,4.163184276214,4.31204451960366
Train,4.2599642572173,4.4101668376934
Train,4.35367405680106,4.49236958426263
Train,4.44445748832653,4.5807934118111
Train,4.53244952124125,4.66644128731423
Train,4.61777695061478,4.74312217073202
Train,4.70044850677974,4.78259399799754
Train,4.7808006351125,4.8462807623655
Train,4.8588251926334,4.90120649012351
Train,4.93462187004641,4.96384056573334
Train,5.00828474513783,5.03255503972468
Train,4.42390794963588,4.38454856331009
Train,4.46697631783282,4.43207434507713
Train,4.50925459024382,4.47379442853526
Train,4.55076431089625,4.5232751506046
Train,4.59152624760039,4.55845120805134
Train,4.63143643314661,4.59350408573664
Train,4.67076435640498,4.65985565083247
Train,4.70940242199662,4.6856817549633
Train,4.74736862347034,4.72522656330693
Train,4.78468033400134,4.71604456316709
Train,4.82135433289893,4.78635362283967
Train,4.85740683076662,4.83892171676234
Train,4.89285349339383,4.86600437235757
Train,4.9277094644531,4.89477277824881
Train,4.96198938707212,4.89925065491661
Train,4.99560291635719,4.97666914355068
Train,5.02877446304548,5.00258522013792
Train,5.06141104680405,5.0401223853878
Train,5.09352550526689,5.06570193921107
Train,5.12513026857055,5.05580444320549
Train,3.88016110686573,3.95999729488722
Train,3.95536563569093,4.00173912565879
Train,4.02833756226135,4.06338910275008
Train,4.09917485156568,4.13991800676558
Train,4.16781139556268,4.22114070350653
Train,4.23465558184553,4.27102131464017
Train,4.29962651764113,4.33914808730879
Train,4.36280185916166,4.4004551611888
Train,4.42425502877288,4.46190885460055
Train,4.48405549965283,4.51769234560015
Train,4.54213484531608,4.5691387417246
Train,4.59882732288789,4.64291836395205
Train,4.65405421051519,4.68595682294472
Train,4.70787161469405,4.73458683128592
Train,4.76033281414033,4.78671470609333
Train,4.81148843572382,4.84401261380845
Train,4.86127146244878,4.87527785561178
Train,4.90996078374859,4.91846390508726
Train,4.95748196854741,4.95991606662028
Train,5.00387655679908,4.9940889544032
Train,2.12769317906464,2.14613771933
Train,2.36390161415898,2.37284665176776
Train,2.58562185762895,2.60503681403134
Train,2.79464475158075,2.8019624527733
Train,2.99179519351995,3.01383700532278
Train,3.17805677825856,3.17474641813897
Train,3.35409691643887,3.40824373249052
Train,3.52113335560815,3.52249836799638
Train,3.67964974095875,3.70581687941376
Train,3.83028173636688,3.8226982892138
Train,3.97343171348775,3.92095859679102
Train,4.10997046470525,4.07386451527782
Train,4.24018928780956,4.20769028174254
Train,4.36451705028823,4.32522798511309
Train,4.4832020946795,4.44372417857812
Train,4.59689276717836,4.5710064549221
Train,4.70576682712876,4.65817555996546
Train,4.81012401562257,4.7791473554098
Train,4.9101193604267,4.87932108060158
Train,5.0062517405904,4.96510238344308
Train,2.12650841334914,2.1542779976462
Train,2.36434938779084,2.37889071340396
Train,2.58759476286287,2.53794675555218
Train,2.79733935638551,2.78724691563912
Train,2.99516529710068,2.9647508904709
Train,3.18187422137519,3.16796574361797
Train,3.35837761522866,3.36944642409981
Train,3.52548997165255,3.48921051757497
Train,3.68378321289555,3.68338386522555
Train,3.83423782109083,3.79842957004439
Train,3.97727881422506,3.94284225798037
Train,4.11344097288535,4.09084422563501
Train,4.243079010143,4.23645346236299
Train,4.36689858265792,4.3333126458183
Train,4.48516417688475,4.47108799557827
Train,4.59824128467914,4.57951668700116
Train,4.70646401692559,4.68666165211835
Train,4.81003440688476,4.80484333754066
Train,4.90944551216138,4.9022740360524
Train,5.00484702838629,4.96401437072927
Train,2.13783291267389,2.16007479273321
Train,2.37395814931301,2.3411378734545
Train,2.5960497672077,2.3973991126586
Train,2.80488507339801,2.69301340545098
Train,3.00182261398242,2.83303539296321
Train,3.1880461009014,3.082483424987
Train,3.36403695641809,3.2819339424932
Train,3.53096607137094,3.53325473735458
Train,3.6891828863548,3.64330010085541
Train,3.83950998918753,3.799242044126
Train,3.9826736898442,3.98451465769904
Train,4.11888698121908,4.10156554784407
Train,4.24878067232548,4.23318243249378
Train,4.37291532114759,4.25797865750792
Train,4.49141543921868,4.52222491827342
Train,4.60489522090665,4.62977881174447
Train,4.71343769892355,4.7652313882445
Train,4.81746794767962,4.81877183452161
Train,4.91736706323598,4.89729196799635
Train,5.01317359845264,4.9667223945562
Train,2.12973519737458,2.14079301724087
Train,2.34693223809566,2.35017745802179
Train,2.5537827245844,2.56230108635282
Train,2.75100877109727,2.75378226169778
Train,2.93926682188742,2.95045441762522
Train,3.11894251808914,3.11353601270457
Train,3.29101591273333,3.29911198063928
Train,3.45576441896453,3.46674393783542
Train,3.61364600247671,3.61720210483509
Train,3.76508123119673,3.7588338729347
Train,3.91045701631707,3.91758228276012
Train,4.05012991306222,4.05368930042823
Train,4.18442904047433,4.18569495899465
Train,4.31365867055238,4.32263998569761
Train,4.43810052961983,4.43151636352741
Train,4.55787365416001,4.55600656693423
Train,4.67351003348212,4.67835069508692
Train,4.78508771463573,4.7864994900192
Train,4.89281669543899,4.88846314494549
Train,4.99689273222612,4.99125733200344
Train,2.12944251813937,2.21248907730478
Train,2.36258742963163,2.4583887521203
Train,2.58217601405236,2.6534742581407
Train,2.78935722718863,2.85508073547135
Train,2.98494380580783,3.05800624128096
Train,3.17028002028445,3.21423036564192
Train,3.34596214273818,3.3789725247243
Train,3.51272534272185,3.54386979658739
Train,3.67123199237962,3.70697397937874
Train,3.82208045938805,3.84586028586091
Train,3.96565791946239,4.00827161182315
Train,4.10277285462389,4.11231730147119
Train,4.23371064372566,4.28075417679793
Train,4.35887951977772,4.37696615105597
Train,4.47865251894029,4.512776694688
Train,4.59337119372083,4.61746136141301
Train,4.70323011432451,4.71755758567451
Train,4.80875949195975,4.80721185599577
Train,4.91010062783055,4.90965961049369
Train,5.00749800435924,4.99445079878751
Train,2.13127603328011,2.10097716639575
Train,2.36007196669116,2.30553195069842
Train,2.57639609124244,2.5110079679398
Train,2.7807862072374,2.7132202237226
Train,2.97441846338933,2.90463312589418
Train,3.15812042375489,3.11670678826158
Train,3.3328313478764,3.26976656050829
Train,3.49882509191766,3.43989218203569
Train,3.65691426441176,3.62986790787181
Train,3.80765035442331,3.73397814383497
Train,3.95169541278685,3.87872434776364
Train,4.08917776891722,4.0371758749734
Train,4.22068270555645,4.17006804696939
Train,4.34659175548018,4.25177801425525
Train,4.46738968179708,4.39198204179229
Train,4.58312216995324,4.54309400629973
Train,4.69422551729655,4.6277768056425
Train,4.80097201707506,4.76632550203431
Train,4.90372806329322,4.86414023350699
Train,5.00249164357716,4.95243330101766
Train,3.74212698727728,3.71380501836393
Train,3.82795253145181,3.72165991635848
Train,3.91111746774402,3.91630809527487
Train,3.99174362677898,3.97662567748193
Train,4.06980286768288,4.06856937419252
Train,4.14569239525475,4.0946134363403
Train,4.21936661936617,4.21697484067408
Train,4.29092114552115,4.27087003555971
Train,4.36044615586632,4.35990121115901
Train,4.42802678837315,4.36361164267873
Train,4.49362346226042,4.45227236300161
Train,4.55755553008452,4.51949225530552
Train,4.61977157804481,4.57623710375992
Train,4.68033978149179,4.60621190952588
Train,4.73932475161255,4.6864384149103
Train,4.79678776534111,4.7717029429532
Train,4.85268459388378,4.81586409614101
Train,4.90727779343434,4.88453162137012
Train,4.96051481179055,4.9443797417407
Train,5.01244556349468,4.95164783399014
Train,2.06775960739239,2.24358118773853
Train,2.33537302512907,2.42313762802041
Train,2.58183561670268,2.69107809293018
Train,2.80905400802637,2.89315556405018
Train,3.01943123996932,3.12280379388903
Train,3.21477277353868,3.35507357220376
Train,3.39683788380617,3.52387513042049
Train,3.56655596424399,3.64606276249106
Train,3.72531913927744,3.84187912968264
Train,3.87415491757298,3.99753085348675
Train,4.01412292998609,4.11572942769635
Train,4.14569727085948,4.26321213656774
Train,4.26975007183713,4.38552544684535
Train,4.38690837155735,4.49963837529504
Train,4.49785604627757,4.59758865211552
Train,4.60283765460804,4.73314278143698
Train,4.7024338187161,4.80371916437798
Train,4.79704857653756,4.84750083847393
Train,4.88714803790167,4.91463468445727
Train,4.97285429252283,4.98040948731068
Train,2.82556355354427,2.88647115594904
Train,2.98792999332475,3.02355794807227
Train,3.14289600246491,3.17106076550772
Train,3.29095625920367,3.36652396338832
Train,3.43256231402501,3.50779095498729
Train,3.56812718943482,3.60370682796929
Train,3.69802940332793,3.74969966135177
Train,3.82261649849118,3.88284436033064
Train,3.94220814754943,4.00092909695195
Train,4.05709889176424,4.08602790693658
Train,4.16769251188528,4.23946393548067
Train,4.27397143696865,4.32873046305576
Train,4.37630544764867,4.42079673010994
Train,4.47491018573962,4.51221298525707
Train,4.56998585740224,4.59883235443704
Train,4.66171858996953,4.69626672973936
Train,4.75028164812387,4.78842321626325
Train,4.83583652614616,4.85284559697357
Train,4.9185339307239,4.93464736753958
Train,4.99851466690141,4.99967245401058
Train,2.12618448920161,1.91103067784206
Train,2.36018367315486,2.18306165130343
Train,2.58041070802632,2.44737566397816
Train,2.78804668782429,2.57512524007871
Train,2.98435252379794,2.70876136589686
Train,3.16983096420754,2.91225677165858
Train,3.34554291288489,3.06454214512996
Train,3.5122399734953,3.26060809888804
Train,3.67059855665392,3.42434686460911
Train,3.82122905370021,3.65142539848057
Train,3.9648387757476,3.7999375560139
Train,4.10161128164104,3.90571213465046
Train,4.23216455446367,3.99973022646736
Train,4.35691335979793,4.14144276925254
Train,4.47623638388567,4.35124787011955
Train,4.59048007318574,4.41201640598774
Train,4.70008070678024,4.54720279414869
Train,4.80508769499449,4.65223656809758
Train,4.90589312878991,4.7728574965804
Train,5.00274423197138,4.88233509521524
Train,2.01551279585143,2.05404484730025
Train,2.29286043451065,2.29476841573887
Train,2.55001516212107,2.58407747050478
Train,2.78910480283114,2.80237318324544
Train,3.01217090119193,3.04428954099603
Train,3.22039290160047,3.2369073015052
Train,3.41538216713398,3.43587982089412
Train,3.59836128159368,3.6041126127493
Train,3.77040672102396,3.79893646274832
Train,3.93247004672183,3.9693226784384
Train,4.08553531602062,4.10262428609167
Train,4.23006702167173,4.2411027566377
Train,4.36688454474247,4.3717164651971
Train,4.49658943279684,4.51219073936954
Train,4.61972227348993,4.63715061663788
Train,4.73677022574812,4.74665459008975
Train,4.84827573278228,4.84834451046299
Train,4.95442820875158,4.95579264517983
Train,5.05569703774393,5.04660519535901
Train,5.15241165704906,5.13272285350831
Train,2.32873264544486,2.56912567632753
Train,2.38449831992033,2.54542486705395
Train,2.43938170270433,2.53899790949981
Train,2.49340356810746,2.67686294240048
Train,2.54636139325193,2.71907897105484
Train,2.59872341108727,2.75956927128573
Train,2.65028237206533,2.77397830940572
Train,2.70105660987561,2.84049365419742
Train,2.75106390434794,2.83163270315708
Train,2.80032150221081,2.9116853896976
Train,2.84864290857491,2.93970039166197
Train,2.89645380998679,3.14444699399428
Train,2.94356368479989,3.08930142046847
Train,2.98998783898982,3.08994959462143
Train,3.03574113617102,3.12123350046386
Train,3.08083801346312,3.21662712661418
Train,3.12510625537951,3.24230562226694
Train,3.16893459849484,3.31629655326833
Train,3.21214736769743,3.33023113378113
Train,3.25475744125418,3.5138475670683
Train,3.56004569290789,3.60042922641333
Train,3.63981717515835,3.64089557002262
Train,3.71704564595918,3.70973640454031
Train,3.79215805722753,3.78654257886956
Train,3.86509031487225,3.86896193120083
Train,3.93579079456096,3.94024046253253
Train,4.00464221717891,3.993861112991
Train,4.07144130508955,4.06711766135413
Train,4.13654506296769,4.14839390086127
Train,4.19988691351634,4.20688914097809
Train,4.26141096190037,4.26090530298643
Train,4.32144029626708,4.3488619539803
Train,4.3799083869084,4.41540649653325
Train,4.4367584420021,4.4552238694414
Train,4.49228431814828,4.49901775529361
Train,4.54630912005329,4.57446212936702
Train,4.59910940874723,4.60928494969994
Train,4.6506202378172,4.67270003622434
Train,4.7007850239268,4.71626871963235
Train,4.74985715319459,4.77805438588621
Train,2.2572648626249,2.35364663949076
Train,2.34607341327384,2.33915929882278
Train,2.43309478178628,2.44157983608056
Train,2.51785910581673,2.54211461318118
Train,2.60096223625691,2.59087385737985
Train,2.68195242850527,2.70501629616774
Train,2.76139612129789,2.85253133223159
Train,2.8388587499106,2.80936381781612
Train,2.91464596919438,2.91659203647941
Train,2.98904011874727,3.0084198504137
Train,3.06163075024979,3.105896172332
Train,3.13291980817609,3.14162301963916
Train,3.20251191030356,3.19532930404239
Train,3.27067613539832,3.33292312004414
Train,3.33766190039194,3.31468634858902
Train,3.40309500042276,3.41396875837017
Train,3.46742347237164,3.4664116761378
Train,3.53028636105219,3.56022282952472
Train,3.59211258131978,3.6054852981033
Train,3.65255377507985,3.63050795853269
Train,2.12990039761091,2.1646810141774
Train,2.35479666087574,2.36806347190941
Train,2.56764181330797,2.60170133213796
Train,2.76978336194458,2.75539466267583
Train,2.96181638017785,2.98097255016
Train,3.14429765023518,3.1644540860616
Train,3.31827101272817,3.32777837692993
Train,3.48415131556952,3.56348256466481
Train,3.6423315689734,3.66939054323302
Train,3.79363932600679,3.82112023254922
Train,3.93836736880642,3.93718287720731
Train,4.07693574886826,4.07599248004772
Train,4.20959600713684,4.21314389853978
Train,4.3369741436038,4.34500540193585
Train,4.45925625469796,4.45248385750529
Train,4.57662389961421,4.58008020817579
Train,4.68959485291794,4.68633729953945
Train,4.7983019584441,4.7929162503915
Train,4.9028766539762,4.8830128591253
Train,5.00375340276404,4.99535408126394
Train,2.12842946653502,2.13548734514552
Train,2.35910033691548,2.37749053355765
Train,2.57687133472544,2.58390052105278
Train,2.78239793936068,2.78407660155608
Train,2.97687224821104,2.97459285298282
Train,3.16134064482579,3.18561263184893
Train,3.33621728887425,3.35046630975921
Train,3.50255292155652,3.50837156260241
Train,3.66065175353165,3.68781225369639
Train,3.81125662124315,3.83415412895556
Train,3.95502734303515,3.97066429978076
Train,4.09215241056984,4.11029029755446
Train,4.22320927731757,4.23751903111406
Train,4.34871384122617,4.35035102702932
Train,4.46877805243446,4.49405819955064
Train,4.58397180285985,4.61164336956062
Train,4.69437060253124,4.71172442070019
Train,4.80037074780407,4.82413921000443
Train,4.90232916285204,4.91441633698196
Train,5.00028173544128,4.98215536449607
Train,2.12784567274977,2.25469910522042
Train,2.35484616147948,2.35917098843311
Train,2.56933435091723,2.54789672538027
Train,2.7727449088423,2.77688117819889
Train,2.96571083793611,2.90929597942522
Train,3.14901646046436,3.17228886459452
Train,3.32318559480437,3.29974998932084
Train,3.48923491637245,3.48529021817922
Train,3.64755187676198,3.68234696121908
Train,3.79866429193418,3.86593936312784
Train,3.94290038097987,3.98332677638246
Train,4.08101095571973,4.12840679480905
Train,4.21323798880881,4.21929873384033
Train,4.3399495995671,4.38909459783463
Train,4.46135511794328,4.43562330914392
Train,4.57802802580031,4.64684631781711
Train,4.69012076815346,4.71874756330726
Train,4.7978978547793,4.814398336257
Train,4.90149381316999,4.89605462315922
Train,5.00135907815631,4.98493661398243
Train,2.4198740384319,2.42575658362512
Train,2.50139218192443,2.51932294119433
Train,2.58136051570873,2.59151302481041
Train,2.65937707085773,2.64196467345391
Train,2.73572919864248,2.72302889267849
Train,2.8106827113128,2.81583275188314
Train,2.88385745996966,2.88155136754722
Train,2.95572391030835,2.99220296527892
Train,3.02591557102342,3.02573727548952
Train,3.09468565130097,3.13027688414695
Train,3.16226916336365,3.1274721905902
Train,3.22831884874349,3.22027064434769
Train,3.29307031720138,3.30360863693022
Train,3.35674265710888,3.33536135627946
Train,3.41900646226232,3.41532168858248
Train,3.48025586699971,3.50050307238234
Train,3.54017266275737,3.54454363821242
Train,3.59896700316905,3.60920890254238
Train,3.65683488080912,3.64524464158239
Train,3.7134738918094,3.69496380489727
Train,2.42854043178117,2.42587632472896
Train,2.53900746604855,2.541471459881
Train,2.64680584840788,2.60969552352253
Train,2.75158750287432,2.78763684949081
Train,2.85369247863248,2.87736491369287
Train,2.95343247890253,2.92996758143818
Train,3.05047765717715,3.05122798057528
Train,3.14533553120596,3.157608421443
Train,3.23768791127301,3.22217451278993
Train,3.32782285607784,3.34435374862915
Train,3.4160054702483,3.39090233862589
Train,3.50193425021025,3.49636431830004
Train,3.58587160353833,3.5899114155618
Train,3.6680595687953,3.62802997078688
Train,3.74821236356141,3.75518956243104
Train,3.82673594672038,3.81128028333296
Train,3.9033544889321,3.90050122778666
Train,3.97829469540439,3.96125073972144
Train,4.05176640483454,4.0447822001006
Train,4.12350793647515,4.08566800438166
Train,3.74139660136355,3.78033395699276
Train,3.82753447976949,3.84258146810498
Train,3.91080843698549,3.94926123082951
Train,3.99166296106769,3.97874677126674
Train,4.07005395917321,4.0975965152993
Train,4.14594912086399,4.16953934748199
Train,4.21974341463277,4.22826692241506
Train,4.29125251104537,4.33484818361467
Train,4.36084287761804,4.368344030343
Train,4.42846289161257,4.45639055629363
Train,4.49407113470028,4.53143338673544
Train,4.55799682903202,4.55436845258191
Train,4.62018625108409,4.63684440657562
Train,4.68059501580697,4.69500759286711
Train,4.73952057163948,4.78584518645766
Train,4.79679997804304,4.82273747806175
Train,4.85271203185112,4.8825750433989
Train,4.907201961366,4.91822684479484
Train,4.96022304544931,4.96140408626525
Train,5.01202926980227,5.0164832440114
Train,2.88911557643573,2.92765130948465
Train,3.05962748130459,3.07176138732211
Train,3.22047308152307,3.20212249029282
Train,3.3720631289335,3.38975903724895
Train,3.51554106395864,3.50568302063766
Train,3.65119283043496,3.69012719343664
Train,3.77997154483437,3.71572321291205
Train,3.90207275902964,3.91260132757998
Train,4.01830075138574,4.01588027027537
Train,4.12878494634839,4.14657122445897
Train,4.2342115099948,4.2244100960761
Train,4.33466110413301,4.32303121727637
Train,4.43072491929808,4.4249358781708
Train,4.52244744600113,4.52207043963244
Train,4.61034258453423,4.60310786337322
Train,4.69442789027478,4.70855202548046
Train,4.7751536771242,4.79500230646954
Train,4.85251740939255,4.83071982714137
Train,4.92691656631781,4.92282240789791
Train,4.99833363775753,5.00126679338427
Train,2.11698502778085,2.0499537579235
Train,2.34789472361745,2.32240734409606
Train,2.56563727722163,2.56148427020344
Train,2.77174753904404,2.76135702214196
Train,2.96671592425451,2.95384307652785
Train,3.15181768197495,3.13288902789827
Train,3.32740680896714,3.31251887233157
Train,3.4945559013555,3.4756292396396
Train,3.65351794601538,3.63803405829822
Train,3.80520503511604,3.7900131478691
Train,3.94979465214421,3.93107507485183
Train,4.08807009533258,4.06786010154792
Train,4.2201519681196,4.20139203010513
Train,4.3467189871561,4.31893811216469
Train,4.46784863765661,4.43569015903995
Train,4.58413379296975,4.55319900908398
Train,4.69561909861594,4.66328537432673
Train,4.80282626612044,4.77446963773036
Train,4.90577485144478,4.88310811012343
Train,5.00492703790887,4.97401206077484
Train,2.0285747208774,2.14819784305655
Train,2.34161043339605,2.41203978236081
Train,2.62161281605078,2.60463310153318
Train,2.87402753936587,2.86787974466461
Train,3.10230512409291,2.98821123583002
Train,3.3101459755133,3.28630102317402
Train,3.49981375741039,3.383334646609
Train,3.67392536081534,3.70298174488562
Train,3.83401158731738,3.80634454300889
Train,3.98198565608937,3.87897984949086
Train,4.11890814455753,4.16150900689536
Train,4.2462177259299,4.19601239414806
Train,4.36466349270322,4.28141821764621
Train,4.47535367181874,4.34875471970736
Train,4.57882541247595,4.52791784256624
Train,4.67595040343839,4.62812660410054
Train,4.76711825971212,4.64433671100778
Train,4.85302723982855,4.78836214458352
Train,4.93396224152703,4.85011794233651
Train,5.01049165501075,4.89029197777927
Train,3.83998478964401,3.75841011639386
Train,3.91735431805658,3.90514592400359
Train,3.99249765536527,3.95446354075102
Train,4.06565404850459,4.03545432033752
Train,4.13661985190469,4.13905713940403
Train,4.20562825988225,4.19046469075511
Train,4.27275915477953,4.18570651192749
Train,4.338088130555,4.28789604634221
Train,4.40181279025241,4.37429372656516
Train,4.46374568120263,4.44543873218936
Train,4.52408056070796,4.51494609482324
Train,4.58287848958547,4.53873943271174
Train,4.64031110479769,4.66683774326702
Train,4.69620341304164,4.68419260658447
Train,4.75072437417168,4.74823231230039
Train,4.80392384661809,4.78323523248582
Train,4.85584930079682,4.81327163633068
Train,4.90664655398535,4.87370897442997
Train,4.95615518841342,4.9356515197378
Train,5.00451933239256,4.98807376355762
Train,3.8413016720303,3.84357509885012
Train,3.91877116735842,3.90703500841664
Train,3.99385238120107,3.99112742243233
Train,4.06693453708367,4.07791341458505
Train,4.13795952610887,4.13670652649307
Train,4.20688026002873,4.20360429539505
Train,4.27404679753858,4.28709094766054
Train,4.33939923224341,4.34650221587981
Train,4.40288773185486,4.39064138408867
Train,4.4648288925544,4.45135191453664
Train,4.52516218105871,4.52855827590975
Train,4.58394940107347,4.5768026902515
Train,4.64113894360831,4.6321130590859
Train,4.69700986172568,4.69137980505002
Train,4.75150202410989,4.72346894891962
Train,4.80456347262778,4.80555760405878
Train,4.85644938898578,4.85776656462986
Train,4.90710056535766,4.89165765825237
Train,4.95646527679404,4.94259398584109
Train,5.004777820559,4.96470399223472
Train,2.53021971250433,2.64817360632333
Train,2.76895151406682,2.82253459860658
Train,2.98635448432316,3.03595246232362
Train,3.18553741246981,3.31497179601865
Train,3.36852679966304,3.43527928551339
Train,3.53706183927051,3.69685208840565
Train,3.69308345281889,3.76407262192151
Train,3.83766253096543,3.84140383138947
Train,3.97226711670387,4.05115698630107
Train,4.09777628737314,4.15578140694561
Train,4.21497087460185,4.25408698617503
Train,4.32485850597542,4.34479170171289
Train,4.42800401903014,4.44779412715434
Train,4.52491743115182,4.53905294794458
Train,4.61632041254969,4.6322981156718
Train,4.70250591207801,4.72803804015712
Train,4.78406325604814,4.79221340535878
Train,4.86128191328156,4.86869825726899
Train,4.93442940909931,4.93435586791384
Train,5.00395183231247,4.98348068500854
Train,2.1256789941219,2.14551417361145
Train,2.34147672774837,2.36446265298582
Train,2.54717971470107,2.58620397268351
Train,2.74388678450879,2.76045577214427
Train,2.93198044309296,2.96510030755053
Train,3.11201431559259,3.15267997219416
Train,3.28431688145789,3.31684189611769
Train,3.44971829454415,3.48168868739231
Train,3.60846017031838,3.647331111315
Train,3.76093676996648,3.83617739314286
Train,3.90735972793643,3.94774492220313
Train,4.04837509909494,4.08760702699328
Train,4.18413580889384,4.21488432640399
Train,4.31493019219789,4.34132351182416
Train,4.44089482707496,4.46830992488503
Train,4.56254510741394,4.5817772037808
Train,4.67997665125368,4.69946719228028
Train,4.79340517192868,4.81214036780148
Train,4.90291785763055,4.9184268301924
Train,5.00893455248677,5.00060248542286
Train,2.12234235156832,2.2509164527437
Train,2.33432837449666,2.24407028719907
Train,2.53734969957332,2.59732814310155
Train,2.73155234538943,2.76748555304221
Train,2.9176952191061,3.01559039402127
Train,3.09645878478206,3.15444747177571
Train,3.26791011726104,3.25892125613427
Train,3.4326630441845,3.52596344583253
Train,3.59127041195518,3.60072012965975
Train,3.74374640473846,3.73806461920503
Train,3.89059522592537,3.95865983529256
Train,4.03212274015086,4.08106412375673
Train,4.16875781139799,4.23158545653314
Train,4.30047010063914,4.29857950588121
Train,4.42765571561123,4.47380084657198
Train,4.55067453693822,4.56473108421415
Train,4.66947550784439,4.68689555050514
Train,4.78439377206992,4.77981574373553
Train,4.89573479151293,4.88789252557217
Train,5.00343392980118,4.99809441318939
Train,2.12151842484861,2.09606088191867
Train,2.3483905995244,2.34096344509453
Train,2.56309847992403,2.56444073862258
Train,2.76659484975689,2.75270751710559
Train,2.95991426868961,2.95901641690944
Train,3.14346135033684,3.14561195397437
Train,3.31812044395086,3.33297757822766
Train,3.48452186933008,3.48592932146676
Train,3.64323772118086,3.64837790187084
Train,3.79478844046019,3.81063528515915
Train,3.9397830447989,3.93488374284425
Train,4.07838022499195,4.07638738224159
Train,4.21111745932066,4.22527808516497
Train,4.33835869524785,4.35571851155692
Train,4.46043835296429,4.46905765763586
Train,4.57766426031683,4.57593436068601
Train,4.69042514292907,4.68546673638957
Train,4.79876935204435,4.80187881152233
Train,4.90304843110461,4.89916249677663
Train,5.00348695564886,5.00185403400428
Train,1.50644750280794,1.6777104431003
Train,1.62208970787843,1.62351433142248
Train,1.73435267572872,1.74364086863352
Train,1.84338239289296,1.78945970967106
Train,1.94931655625397,2.01534620277744
Train,2.05253769994081,2.08070400045835
Train,2.15265661642001,2.1681498770613
Train,2.25004917866215,2.22212508787015
Train,2.34482525345006,2.39980653126258
Train,2.43708888258762,2.43917780343691
Train,2.52693866388988,2.55060001089441
Train,2.61446810265634,2.55567771949063
Train,2.6997659362613,2.73535686717514
Train,2.78291643422989,2.74740698003006
Train,2.86399967593308,2.85849437238539
Train,2.9432861327958,2.8962602417887
Train,3.02045492155443,3.03267404322833
Train,3.09577419901031,3.09414993195787
Train,3.16930966890538,3.15070714826288
Train,3.24112395924308,3.24214606485111
Train,2.11507480032924,2.22847127510067
Train,2.28057692284563,2.34180901708351
Train,2.43949489392366,2.5276534075565
Train,2.59249640756329,2.66250581897475
Train,2.73963347605055,2.8178798606732
Train,2.8814990106399,2.92331732985076
Train,3.0181182667804,3.09577899957549
Train,3.15002081423819,3.26376294751208
Train,3.2773288183394,3.35594755042621
Train,3.40016443968929,3.46626036012822
Train,3.51897912727278,3.59540043817833
Train,3.63375421639971,3.72488172624617
Train,3.74489804107146,3.8144942662293
Train,3.85248042892122,3.94596628450381
Train,3.95657330072061,4.06546084557704
Train,4.05753077339021,4.08837072163442
Train,4.15531078314181,4.21598920630822
Train,4.25023697135582,4.25903244649089
Train,4.34226146635304,4.34579033168666
Train,4.43168113773658,4.45639682652836
Train,-2.35092337062336,-2.35871679949378
Train,-2.12971461454833,-2.15422299474449
Train,-1.91459454437282,-1.90112731722365
Train,-1.70531518963749,-1.67658995564125
Train,-1.50164186480364,-1.52090826472158
Train,-1.30335229134357,-1.27282286117406
Train,-1.1102357885409,-1.14891444132263
Train,-0.922092526807722,-0.934257912578687
Train,-0.738732837955355,-0.72723776167004
Train,-0.55997657741414,-0.532141847994353
Train,-0.385243607971775,-0.39797694005938
Train,-0.21519891008935,-0.235398839306072
Train,-0.0492682992833693,-0.0371795553837728
Train,0.112695745142354,0.0881828947804024
Train,0.270833774232827,0.322566053855553
Train,0.425279776180655,0.410523038011888
Train,0.576161554961111,0.581977869143884
Train,0.723601083052447,0.742422666095081
Train,0.867714830287349,0.823312310962137
Train,1.00861407069894,1.03294603014911
Train,2.82455408199376,2.79792125473614
Train,2.98964563638818,2.97375028674651
Train,3.14673665638075,3.12625247787219
Train,3.29673425362447,3.30652372339682
Train,3.43994580343475,3.42999563243029
Train,3.57666653071268,3.61558085524302
Train,3.7076246190961,3.69754214590648
Train,3.83289215517622,3.81191305838365
Train,3.95310475024759,3.98300573731831
Train,4.06843118382072,4.09289718630316
Train,4.17903766857006,4.1888480865
Train,4.28544974735908,4.30976976294733
Train,4.38778506079614,4.41722634755024
Train,4.48616150289017,4.53974227235449
Train,4.5810200400195,4.6213517137312
Train,4.67233784312079,4.70151598180018
Train,4.76051006172916,4.765665219129
Train,4.84559943555379,4.84655006530738
Train,4.92767129396024,4.92929672947139
Train,5.00706408970801,5.00266283735982
Train,2.12639289157931,2.05736772763339
Train,2.34908337291617,2.3502287856063
Train,2.56031288618356,2.51398436258933
Train,2.76134265872727,2.76098668286068
Train,2.9527037789803,2.92886725673816
Train,3.13489622142483,3.09637718854538
Train,3.30890919060546,3.24840154589765
Train,3.47495058616417,3.48751725648981
Train,3.63387193050624,3.64205217387098
Train,3.78596994998897,3.77356811201753
Train,3.93152973800508,3.92167239975061
Train,4.07124221730126,4.0537077636418
Train,4.20531894425078,4.15751420488596
Train,4.33396576648384,4.3489278140496
Train,4.45775278579726,4.45660797710298
Train,4.57671242593098,4.5846070183361
Train,4.69135039128198,4.62986074554829
Train,4.80178752794454,4.78803148572297
Train,4.90814422853262,4.89954140615009
Train,5.01084765387236,4.98849451292517
Train,2.12007856582921,2.11367820367377
Train,2.34243320221836,2.37091507771765
Train,2.55358639444492,2.53243329024554
Train,2.75436378016118,2.7383832719388
Train,2.94551180118739,2.9366178527016
Train,3.1278793841406,3.11899206170892
Train,3.30172851121384,3.28183773213823
Train,3.46779950793909,3.47618073345257
Train,3.62660295094828,3.60039456098457
Train,3.77860568630502,3.78213651113401
Train,3.92423541322608,3.91568605615066
Train,4.06388470309687,4.06878015298935
Train,4.19791453331384,4.18941631827511
Train,4.32665740293744,4.33447553932274
Train,4.45042008677481,4.43229713719484
Train,4.56959925868044,4.58508775691735
Train,4.68422675243362,4.68504317189581
Train,4.79466334310539,4.80233790448619
Train,4.9011347404128,4.89113957435984
Train,5.00385073183236,5.01585733184766
Train,1.82145424255091,1.82337050285605
Train,1.9003363174597,1.90896715324197
Train,1.9776991889143,1.9781825543796
Train,2.05402941585559,2.05863267754467
Train,2.12890966337589,2.11914032433015
Train,2.2028098984058,2.22012254928813
Train,2.27532513644714,2.25393958814675
Train,2.34690959879145,2.35136038499695
Train,2.41717012809494,2.40488546938104
Train,2.48654598917055,2.50441304191918
Train,2.55465535654564,2.56083750310972
Train,2.6219232752941,2.62504602545414
Train,2.68797878276292,2.66929949421319
Train,2.75323339291977,2.74979723591605
Train,2.81732656148809,2.82326846460637
Train,2.88065691574832,2.88796213530804
Train,2.94287390845139,2.9330911409852
Train,3.00436388391471,3.00404060260189
Train,3.06478589225009,3.09749640043447
Train,3.12451456102766,3.11688752176633
Train,1.81901523993668,1.83509027817308
Train,1.89812677768063,1.88242056121817
Train,1.97571171263014,2.00982993383332
Train,2.052270255216,2.05438363641224
Train,2.12737149670813,2.13050499715428
Train,2.20149866077354,2.19362070286297
Train,2.27423359221494,2.25643129222772
Train,2.346043390677,2.3525321497691
Train,2.41673337978685,2.39558409755045
Train,2.4861215404836,2.50043090678264
Train,2.55465226736227,2.57293299099183
Train,2.62193699294537,2.60474208089545
Train,2.68840590162665,2.68402893072926
Train,2.75387713510043,2.72826535768399
Train,2.81818016630319,2.81360876862709
Train,2.88172511531986,2.86253114178544
Train,2.94415004660397,2.93435621988283
Train,3.00585248984949,3.01908760855986
Train,3.06648041642699,3.05251056436828
Train,3.12641934376298,3.08908442688335
Train,-0.008591696,0.0124202978386165
Train,-0.595243713,-0.577660118451604
Train,-1.172871245,-1.13634207608084
Train,-1.741680939,-1.71540699989964
Train,-2.301873179,-2.28271901443622
Train,-2.853642325,-2.84238102192467
Train,-3.397176934,-3.38909192631763
Train,-3.932659979,-3.9308520163886
Train,-4.460269049,-4.46393050157531
Train,-4.980176551,-4.98732749095871
Train,-5.492549894,-5.50366764174032
Train,-5.997551669,-6.00848412580308
Train,-6.495339825,-6.51380538566991
Train,-6.986067826,-7.00399324590035
Train,-7.469884819,-7.47122568823397
Train,-7.946935775,-7.95080834522196
Train,-8.417361639,-8.42959719658029
Train,-8.881299472,-8.8903553963828
Train,-9.338882575,-9.3439502665442
Train,-9.790240625,-9.68712785475691
Train,0.304775769,0.222550129075898
Train,-0.306968618,-0.291685044556289
Train,-0.895768706,-0.927887329495206
Train,-1.46289157,-1.46478077039683
Train,-2.009512672,-1.98373125724356
Train,-2.536723998,-2.58044697917649
Train,-3.045541335,-2.97411908558206
Train,-3.536910807,-3.54037228043671
Train,-4.011714742,-4.00146029839925
Train,-4.470776965,-4.37893689114571
Train,-4.914867564,-4.90772396019747
Train,-5.344707203,-5.3336559472591
Train,-5.760971024,-5.69920063721293
Train,-6.164292185,-6.14490750020741
Train,-6.555265073,-6.44042663185974
Train,-6.93444823,-7.00730161070169
Train,-7.30236701,-7.22486534637937
Train,-7.659516014,-7.66379415760457
Train,-8.0063613,-7.97927746089226
Train,-8.343342422,-8.26427688306285
