smiles,label,pred,sub_name
FC1(F)C(F)(F)C(F)(F)C(F)(F)C(F)(F)C1(F)F,5.769345760345459,5.232587814331055,noname
FC1(F)C(F)(F)C(F)(F)C(F)(F)C(F)(F)C1(F)F,5.769345760345459,5.137413501739502,noname
FC1(F)C(F)(F)C(F)(F)C(F)(F)C(F)(F)C1(F)F,5.769345760345459,5.232587814331055,noname
FC1(F)C(F)(F)C(F)(F)C(F)(F)C(F)(F)C1(F)F,5.769345760345459,5.137414455413818,noname
FC1(F)C(F)(F)C(F)(F)C(F)(F)C(F)(F)C1(F)F,5.769345760345459,5.232587814331055,noname
FC1(F)C(F)(F)C(F)(F)C(F)(F)C(F)(F)C1(F)F,5.769345760345459,5.232587814331055,noname
FC1(F)C(F)(F)C(F)(F)C(F)(F)C(F)(F)C1(F)F,5.769345760345459,5.137414455413818,noname
FC1(F)C(F)(F)C(F)(F)C(F)(F)C(F)(F)C1(F)F,5.769345760345459,5.232587814331055,noname
FC1(F)C(F)(F)C(F)(F)C(F)(F)C(F)(F)C1(F)F,5.769345760345459,5.232587814331055,noname
FC1(F)C(F)(F)C(F)(F)C(F)(F)C(F)(F)C1(F)F,5.769345760345459,5.13741397857666,noname
FC1(F)C(F)(F)C(F)(F)C(F)(F)C(F)(F)C1(F)F,5.769345760345459,5.232587814331055,noname
FC1(F)C(F)(F)C(F)(F)C(F)(F)C(F)(F)C1(F)F,5.769345760345459,5.232587814331055,noname
FC1(F)C(F)(F)C(F)(F)C(F)(F)C(F)(F)C1(F)F,5.769345760345459,5.1374125480651855,noname
FC1(F)C(F)(F)C(F)(F)C(F)(F)C(F)(F)C1(F)F,5.769345760345459,5.232589244842529,noname
FC1(F)C(F)(F)C(F)(F)C(F)(F)C(F)(F)C1(F)F,5.769345760345459,5.232589244842529,noname
FC1(F)C(F)(F)C(F)(F)C(F)(F)C(F)(F)C1(F)F,5.769345760345459,5.137413501739502,noname
FC1(F)C(F)(F)C(F)(F)C(F)(F)C(F)(F)C1(F)F,5.769345760345459,5.232589244842529,noname
FC1(F)C(F)(F)C(F)(F)C(F)(F)C(F)(F)C1(F)F,5.769345760345459,5.232589244842529,noname
FC1(F)C(F)(F)C(F)(F)C(F)(F)C(F)(F)C1(F)F,5.769345760345459,5.123969554901123,noname
FC(F)(F)C(F)(F)C(F)(F)C(F)(C(F)(F)F)C(F)(F)F,5.695925712585449,5.422935485839844,noname
FC(F)(F)C(F)(F)C(F)(F)C(F)(C(F)(F)F)C(F)(F)F,5.695925712585449,5.3918232917785645,noname
FC(F)(F)C(F)(F)C(F)(F)C(F)(C(F)(F)F)C(F)(F)F,5.695925712585449,5.422935485839844,noname
FC(F)(F)C(F)(F)C(F)(F)C(F)(C(F)(F)F)C(F)(F)F,5.695925712585449,5.422935485839844,noname
FC(F)(F)C(F)(F)C(F)(F)C(F)(C(F)(F)F)C(F)(F)F,5.695925712585449,5.305337905883789,noname
FC(F)(F)C(F)(F)C(F)(F)C(F)(C(F)(F)F)C(F)(F)F,5.695925712585449,5.427268981933594,noname
FC(F)(F)C(F)(F)C(F)(F)C(F)(C(F)(F)F)C(F)(F)F,5.695925712585449,5.427268981933594,noname
FC(F)(F)C(F)(F)C(F)(F)C(F)(C(F)(F)F)C(F)(F)F,5.695925712585449,5.3471879959106445,noname
FC(F)(F)C(F)(F)C(F)(F)C(F)(C(F)(F)F)C(F)(F)F,5.695925712585449,5.428884983062744,noname
FC(F)(F)C(F)(F)C(F)(F)C(F)(C(F)(F)F)C(F)(F)F,5.695925712585449,5.428884983062744,noname
FC(F)(F)C(F)(F)C(F)(F)C(F)(C(F)(F)F)C(F)(F)F,5.695925712585449,5.1939263343811035,noname
FC(F)(F)C(F)(F)C(F)(F)C(F)(C(F)(F)F)C(F)(F)F,5.695925712585449,5.419595241546631,noname
FC(F)(F)C(F)(F)C(F)(F)C(F)(C(F)(F)F)C(F)(F)F,5.695925712585449,5.401941776275635,noname
FC(F)(F)C(F)(F)C(F)(F)C(F)(C(F)(F)F)C(F)(F)F,5.695925712585449,5.425658702850342,noname
FC(F)(F)C(F)(F)C(F)(F)C(F)(C(F)(F)F)C(F)(F)F,5.695925712585449,5.425658702850342,noname
FC(F)(F)C(F)(F)C(F)(F)C(F)(C(F)(F)F)C(F)(F)F,5.695925712585449,5.425658702850342,noname
FC(F)(F)C(F)(F)C(F)(F)C(F)(C(F)(F)F)C(F)(F)F,5.695925712585449,5.401941299438477,noname
FC(F)(F)C(F)(F)C(F)(F)C(F)(C(F)(F)F)C(F)(F)F,5.695925712585449,5.425658702850342,noname
FC(F)(F)C(F)(F)C(F)(F)C(F)(C(F)(F)F)C(F)(F)F,5.695925712585449,5.425658702850342,noname
FC(F)(F)C(F)(F)C(F)(F)C(F)(C(F)(F)F)C(F)(F)F,5.695925712585449,5.425658702850342,noname
FC(F)(F)C(F)(F)C(F)(F)C(F)(C(F)(F)F)C(F)(F)F,5.695925712585449,5.123969554901123,noname
C1CCCCC1,5.393435955047607,5.097543716430664,noname
C1CCCCC1,5.393435955047607,5.097543716430664,noname
C1CCCCC1,5.393435955047607,5.097543716430664,noname
C1CCCCC1,5.393435955047607,5.097543716430664,noname
C1CCCCC1,5.393435955047607,5.097543716430664,noname
C1CCCCC1,5.393435955047607,5.097543716430664,noname
C1CCCCC1,5.393435955047607,5.123969554901123,noname
Fc1ccccc1F,5.250658988952637,5.033422946929932,noname
Fc1ccccc1F,5.250658988952637,5.022373199462891,noname
Fc1ccccc1F,5.250658988952637,5.0358195304870605,noname
Fc1ccccc1F,5.250658988952637,5.077250003814697,noname
Fc1ccccc1F,5.250658988952637,5.077250003814697,noname
Fc1ccccc1F,5.250658988952637,5.0358195304870605,noname
Fc1ccccc1F,5.250658988952637,5.022373199462891,noname
Fc1ccccc1F,5.250658988952637,5.033422946929932,noname
Fc1ccccc1F,5.250658988952637,5.123969554901123,noname
Fc1cccc(C(F)(F)F)c1,5.171600818634033,4.901098728179932,noname
Fc1cccc(C(F)(F)F)c1,5.171600818634033,4.905036449432373,noname
Fc1cccc(C(F)(F)F)c1,5.171600818634033,4.909404754638672,noname
Fc1cccc(C(F)(F)F)c1,5.171600818634033,4.91035795211792,noname
Fc1cccc(C(F)(F)F)c1,5.171600818634033,4.8969597816467285,noname
Fc1cccc(C(F)(F)F)c1,5.171600818634033,4.868440628051758,noname
Fc1cccc(C(F)(F)F)c1,5.171600818634033,4.867455959320068,noname
Fc1cccc(C(F)(F)F)c1,5.171600818634033,4.865209579467773,noname
Fc1cccc(C(F)(F)F)c1,5.171600818634033,4.865209579467773,noname
Fc1cccc(C(F)(F)F)c1,5.171600818634033,4.865209579467773,noname
Fc1cccc(C(F)(F)F)c1,5.171600818634033,4.899486064910889,noname
Fc1cccc(C(F)(F)F)c1,5.171600818634033,4.893393039703369,noname
Fc1cccc(C(F)(F)F)c1,5.171600818634033,4.839231014251709,noname
FC(F)(F)C(F)(F)C1CCCCC1,5.165766716003418,5.026534557342529,noname
FC(F)(F)C(F)(F)C1CCCCC1,5.165766716003418,5.0045166015625,noname
FC(F)(F)C(F)(F)C1CCCCC1,5.165766716003418,5.026534557342529,noname
FC(F)(F)C(F)(F)C1CCCCC1,5.165766716003418,5.026534557342529,noname
FC(F)(F)C(F)(F)C1CCCCC1,5.165766716003418,5.014468669891357,noname
FC(F)(F)C(F)(F)C1CCCCC1,5.165766716003418,5.037330627441406,noname
FC(F)(F)C(F)(F)C1CCCCC1,5.165766716003418,5.037330627441406,noname
FC(F)(F)C(F)(F)C1CCCCC1,5.165766716003418,5.043093204498291,noname
FC(F)(F)C(F)(F)C1CCCCC1,5.165766716003418,5.068258285522461,noname
FC(F)(F)C(F)(F)C1CCCCC1,5.165766716003418,5.070242404937744,noname
FC(F)(F)C(F)(F)C1CCCCC1,5.165766716003418,5.07061243057251,noname
FC(F)(F)C(F)(F)C1CCCCC1,5.165766716003418,5.070242404937744,noname
FC(F)(F)C(F)(F)C1CCCCC1,5.165766716003418,5.068258762359619,noname
FC(F)(F)C(F)(F)C1CCCCC1,5.165766716003418,4.967123031616211,noname
FC(F)(F)C(F)(F)C1CCCCC1,5.165766716003418,5.028597354888916,noname
FC(F)(F)c1ccccc1,5.151424407958984,4.848128318786621,noname
FC(F)(F)c1ccccc1,5.151424407958984,4.857290744781494,noname
FC(F)(F)c1ccccc1,5.151424407958984,4.848128318786621,noname
FC(F)(F)c1ccccc1,5.151424407958984,4.848128318786621,noname
FC(F)(F)c1ccccc1,5.151424407958984,4.8550944328308105,noname
FC(F)(F)c1ccccc1,5.151424407958984,4.884429454803467,noname
FC(F)(F)c1ccccc1,5.151424407958984,4.8954386711120605,noname
FC(F)(F)c1ccccc1,5.151424407958984,4.896057605743408,noname
FC(F)(F)c1ccccc1,5.151424407958984,4.895439147949219,noname
FC(F)(F)c1ccccc1,5.151424407958984,4.884429454803467,noname
FC(F)(F)c1ccccc1,5.151424407958984,4.8526716232299805,noname
FC(F)(F)c1ccccc1,5.151424407958984,4.8926310539245605,noname
CCOC(=O)C(C)C,5.052701950073242,4.825702667236328,noname
CCOC(=O)C(C)C,5.052701950073242,4.813878536224365,noname
CCOC(=O)C(C)C,5.052701950073242,4.8435282707214355,noname
CCOC(=O)C(C)C,5.052701950073242,4.84517240524292,noname
CCOC(=O)C(C)C,5.052701950073242,4.908027172088623,noname
CCOC(=O)C(C)C,5.052701950073242,4.813399791717529,noname
CCOC(=O)C(C)C,5.052701950073242,4.824517726898193,noname
CCOC(=O)C(C)C,5.052701950073242,4.824517726898193,noname
CCOC(=O)C(C)C,5.052701950073242,4.903506278991699,noname
CCOC(=O)C(C)C,5.052701950073242,4.8435282707214355,noname
CCOC(=O)C(C)C,5.052701950073242,5.044585704803467,noname
Cc1ccccc1F,5.003963470458984,4.891577243804932,noname
Cc1ccccc1F,5.003963470458984,4.868619441986084,noname
Cc1ccccc1F,5.003963470458984,4.907699108123779,noname
Cc1ccccc1F,5.003963470458984,4.90261697769165,noname
Cc1ccccc1F,5.003963470458984,4.900987148284912,noname
Cc1ccccc1F,5.003963470458984,4.856405735015869,noname
Cc1ccccc1F,5.003963470458984,4.885673999786377,noname
Cc1ccccc1F,5.003963470458984,4.831530570983887,noname
Cc1ccccc1F,5.003963470458984,5.123969554901123,noname
CCCC(C)C(C)C,4.984836101531982,4.9080281257629395,noname
CCCC(C)C(C)C,4.984836101531982,4.9242682456970215,noname
CCCC(C)C(C)C,4.984836101531982,4.934967517852783,noname
CCCC(C)C(C)C,4.984836101531982,4.932165622711182,noname
CCCC(C)C(C)C,4.984836101531982,4.901820182800293,noname
CCCC(C)C(C)C,4.984836101531982,4.936262130737305,noname
CCCC(C)C(C)C,4.984836101531982,4.905027866363525,noname
CCCC(C)C(C)C,4.984836101531982,4.905027866363525,noname
CCCC(C)C(C)C,4.984836101531982,5.123969554901123,noname
Cc1cccc(F)c1,4.975672721862793,4.916447639465332,noname
Cc1cccc(F)c1,4.975672721862793,4.931736946105957,noname
Cc1cccc(F)c1,4.975672721862793,4.933642864227295,noname
Cc1cccc(F)c1,4.975672721862793,4.928882598876953,noname
Cc1cccc(F)c1,4.975672721862793,4.875694274902344,noname
Cc1cccc(F)c1,4.975672721862793,4.910792827606201,noname
Cc1cccc(F)c1,4.975672721862793,4.863462924957275,noname
Cc1cccc(F)c1,4.975672721862793,4.887205123901367,noname
Cc1cccc(F)c1,4.975672721862793,5.123969554901123,noname
Cc1ccc(F)cc1,4.971044540405273,4.912415027618408,noname
Cc1ccc(F)cc1,4.971044540405273,4.930589199066162,noname
Cc1ccc(F)cc1,4.971044540405273,4.9324235916137695,noname
Cc1ccc(F)cc1,4.971044540405273,4.880533695220947,noname
Cc1ccc(F)cc1,4.971044540405273,4.910380840301514,noname
Cc1ccc(F)cc1,4.971044540405273,4.858358860015869,noname
Cc1ccc(F)cc1,4.971044540405273,4.880533218383789,noname
Cc1ccc(F)cc1,4.971044540405273,4.932424068450928,noname
Cc1ccc(F)cc1,4.971044540405273,5.123969554901123,noname
COC(=O)CC(C)C,4.966152191162109,4.8700151443481445,noname
COC(=O)CC(C)C,4.966152191162109,4.880935192108154,noname
COC(=O)CC(C)C,4.966152191162109,4.874634265899658,noname
COC(=O)CC(C)C,4.966152191162109,4.926064968109131,noname
COC(=O)CC(C)C,4.966152191162109,4.8351149559021,noname
COC(=O)CC(C)C,4.966152191162109,4.79621696472168,noname
COC(=O)CC(C)C,4.966152191162109,4.819565773010254,noname
COC(=O)CC(C)C,4.966152191162109,4.819565773010254,noname
COC(=O)CC(C)C,4.966152191162109,4.9959893226623535,noname
COC(=O)CC(C)C,4.966152191162109,5.02264928817749,noname
CCC(C)C(C)CC,4.959893703460693,4.7748236656188965,noname
CCC(C)C(C)CC,4.959893703460693,4.761463165283203,noname
CCC(C)C(C)CC,4.959893703460693,4.790858745574951,noname
CCC(C)C(C)CC,4.959893703460693,4.793571949005127,noname
CCC(C)C(C)CC,4.959893703460693,4.790858745574951,noname
CCC(C)C(C)CC,4.959893703460693,4.793571949005127,noname
CCC(C)C(C)CC,4.959893703460693,4.761462688446045,noname
CCC(C)C(C)CC,4.959893703460693,4.7748236656188965,noname
CCC(C)C(C)CC,4.959893703460693,5.123969554901123,noname
CCCC(C)CCC,4.958568096160889,4.980329513549805,noname
CCCC(C)CCC,4.958568096160889,4.976334095001221,noname
CCCC(C)CCC,4.958568096160889,4.969904899597168,noname
CCCC(C)CCC,4.958568096160889,4.969334125518799,noname
CCCC(C)CCC,4.958568096160889,4.977681636810303,noname
CCCC(C)CCC,4.958568096160889,4.96990442276001,noname
CCCC(C)CCC,4.958568096160889,4.976334095001221,noname
CCCC(C)CCC,4.958568096160889,4.980329990386963,noname
CCCC(C)CCC,4.958568096160889,5.123969554901123,noname
CC(=O)OCC(C)C,4.950448513031006,4.8744730949401855,noname
CC(=O)OCC(C)C,4.950448513031006,4.887065410614014,noname
CC(=O)OCC(C)C,4.950448513031006,4.94135046005249,noname
CC(=O)OCC(C)C,4.950448513031006,4.88344144821167,noname
CC(=O)OCC(C)C,4.950448513031006,4.842194080352783,noname
CC(=O)OCC(C)C,4.950448513031006,4.804853916168213,noname
CC(=O)OCC(C)C,4.950448513031006,4.828414440155029,noname
CC(=O)OCC(C)C,4.950448513031006,4.828414440155029,noname
CC(=O)OCC(C)C,4.950448513031006,5.056622505187988,noname
CC(=O)OCC(C)C,4.950448513031006,4.88344144821167,noname
CC(=O)OCC(C)C,4.950448513031006,4.9287028312683105,noname
CCCC(CC)CC,4.949071407318115,4.982803821563721,noname
CCCC(CC)CC,4.949071407318115,4.982899188995361,noname
CCCC(CC)CC,4.949071407318115,4.973735809326172,noname
CCCC(CC)CC,4.949071407318115,4.97557258605957,noname
CCCC(CC)CC,4.949071407318115,4.975250720977783,noname
CCCC(CC)CC,4.949071407318115,4.985236644744873,noname
CCCC(CC)CC,4.949071407318115,4.975250720977783,noname
CCCC(CC)CC,4.949071407318115,4.985236644744873,noname
CCCC(CC)CC,4.949071407318115,5.123969554901123,noname
C1CCCCCC1,4.9462385177612305,5.060588359832764,noname
C1CCCCCC1,4.9462385177612305,5.060588359832764,noname
C1CCCCCC1,4.9462385177612305,5.060588359832764,noname
C1CCCCCC1,4.9462385177612305,5.060588359832764,noname
C1CCCCCC1,4.9462385177612305,5.060588359832764,noname
C1CCCCCC1,4.9462385177612305,5.060588359832764,noname
C1CCCCCC1,4.9462385177612305,5.060588359832764,noname
C1CCCCCC1,4.9462385177612305,5.123969554901123,noname
CCCCC(C)CC,4.945469856262207,4.911317348480225,noname
CCCCC(C)CC,4.945469856262207,4.903274059295654,noname
CCCCC(C)CC,4.945469856262207,4.907780170440674,noname
CCCCC(C)CC,4.945469856262207,4.906404972076416,noname
CCCCC(C)CC,4.945469856262207,4.9161601066589355,noname
CCCCC(C)CC,4.945469856262207,4.92118501663208,noname
CCCCC(C)CC,4.945469856262207,4.902634620666504,noname
CCCCC(C)CC,4.945469856262207,4.933604717254639,noname
CCCCC(C)CC,4.945469856262207,5.123969554901123,noname
CC1(C)CCCCC1,4.938451290130615,4.8606719970703125,noname
CC1(C)CCCCC1,4.938451290130615,4.872519493103027,noname
CC1(C)CCCCC1,4.938451290130615,4.8606719970703125,noname
CC1(C)CCCCC1,4.938451290130615,4.856790065765381,noname
CC1(C)CCCCC1,4.938451290130615,4.824008941650391,noname
CC1(C)CCCCC1,4.938451290130615,4.81337308883667,noname
CC1(C)CCCCC1,4.938451290130615,4.824008464813232,noname
CC1(C)CCCCC1,4.938451290130615,4.856790542602539,noname
CC1(C)CCCCC1,4.938451290130615,5.123969554901123,noname
CC(C)OC(=O)C(C)C,4.919091701507568,4.724381923675537,noname
CC(C)OC(=O)C(C)C,4.919091701507568,4.724931240081787,noname
CC(C)OC(=O)C(C)C,4.919091701507568,4.724381923675537,noname
CC(C)OC(=O)C(C)C,4.919091701507568,4.743393898010254,noname
CC(C)OC(=O)C(C)C,4.919091701507568,4.740655422210693,noname
CC(C)OC(=O)C(C)C,4.919091701507568,4.798725605010986,noname
CC(C)OC(=O)C(C)C,4.919091701507568,4.734092712402344,noname
CC(C)OC(=O)C(C)C,4.919091701507568,4.725673198699951,noname
CC(C)OC(=O)C(C)C,4.919091701507568,4.725673198699951,noname
CC(C)OC(=O)C(C)C,4.919091701507568,4.887255668640137,noname
CC(C)OC(=O)C(C)C,4.919091701507568,4.743393898010254,noname
CC(C)OC(=O)C(C)C,4.919091701507568,5.025899410247803,noname
C=CCCCCCC,4.913527488708496,4.9379706382751465,noname
C=CCCCCCC,4.913527488708496,4.926869869232178,noname
C=CCCCCCC,4.913527488708496,4.901779651641846,noname
C=CCCCCCC,4.913527488708496,4.884788990020752,noname
C=CCCCCCC,4.913527488708496,4.871335506439209,noname
C=CCCCCCC,4.913527488708496,4.858983516693115,noname
C=CCCCCCC,4.913527488708496,4.863077640533447,noname
C=CCCCCCC,4.913527488708496,4.882632732391357,noname
C=CCCCCCC,4.913527488708496,5.123969554901123,noname
CCC1(C)CCCC1,4.91262674331665,4.870827674865723,noname
CCC1(C)CCCC1,4.91262674331665,4.868526935577393,noname
CCC1(C)CCCC1,4.91262674331665,4.873027324676514,noname
CCC1(C)CCCC1,4.91262674331665,4.882036209106445,noname
CCC1(C)CCCC1,4.91262674331665,4.854861736297607,noname
CCC1(C)CCCC1,4.91262674331665,4.842329025268555,noname
CCC1(C)CCCC1,4.91262674331665,4.842329025268555,noname
CCC1(C)CCCC1,4.91262674331665,4.854861736297607,noname
CCC1(C)CCCC1,4.91262674331665,4.928116321563721,noname
CCC1(C)CCCC1,4.91262674331665,5.006587028503418,noname
CC(C)(C)CC(C)(C)C,4.905585289001465,4.662193298339844,noname
CC(C)(C)CC(C)(C)C,4.905585289001465,4.65083646774292,noname
CC(C)(C)CC(C)(C)C,4.905585289001465,4.662193298339844,noname
CC(C)(C)CC(C)(C)C,4.905585289001465,4.662193298339844,noname
CC(C)(C)CC(C)(C)C,4.905585289001465,4.6567063331604,noname
CC(C)(C)CC(C)(C)C,4.905585289001465,4.65083646774292,noname
CC(C)(C)CC(C)(C)C,4.905585289001465,4.662193298339844,noname
CC(C)(C)CC(C)(C)C,4.905585289001465,4.662193298339844,noname
CC(C)(C)CC(C)(C)C,4.905585289001465,4.662193298339844,noname
CC(C)(C)CC(C)(C)C,4.905585289001465,5.123969554901123,noname
CCCC(C)(C)O,4.901496410369873,4.529433727264404,noname
CCCC(C)(C)O,4.901496410369873,4.510875225067139,noname
CCCC(C)(C)O,4.901496410369873,4.59226655960083,noname
CCCC(C)(C)O,4.901496410369873,4.609501361846924,noname
CCCC(C)(C)O,4.901496410369873,4.621432781219482,noname
CCCC(C)(C)O,4.901496410369873,4.621432781219482,noname
CCCC(C)(C)O,4.901496410369873,4.708978652954102,noname
CCCC(C)(C)O,4.901496410369873,5.123969554901123,noname
CCCOC(=O)CC,4.892363548278809,4.788214206695557,noname
CCCOC(=O)CC,4.892363548278809,4.791170597076416,noname
CCCOC(=O)CC,4.892363548278809,4.807465553283691,noname
CCCOC(=O)CC,4.892363548278809,4.835616111755371,noname
CCCOC(=O)CC,4.892363548278809,4.828934192657471,noname
CCCOC(=O)CC,4.892363548278809,4.897823333740234,noname
CCCOC(=O)CC,4.892363548278809,4.797412872314453,noname
CCCOC(=O)CC,4.892363548278809,4.789742946624756,noname
CCCOC(=O)CC,4.892363548278809,4.94807767868042,noname
CCCOC(=O)CC,4.892363548278809,4.835616111755371,noname
CCCOC(=O)CC,4.892363548278809,5.091466903686523,noname
CCCCC=C(C)C,4.890552997589111,4.942981243133545,noname
CCCCC=C(C)C,4.890552997589111,4.9320149421691895,noname
CCCCC=C(C)C,4.890552997589111,4.939311981201172,noname
CCCCC=C(C)C,4.890552997589111,4.9758148193359375,noname
CCCCC=C(C)C,4.890552997589111,4.969752788543701,noname
CCCCC=C(C)C,4.890552997589111,4.927773952484131,noname
CCCCC=C(C)C,4.890552997589111,4.928663730621338,noname
CCCCC=C(C)C,4.890552997589111,4.928663730621338,noname
CCCCC=C(C)C,4.890552997589111,5.006785869598389,noname
CCCCC=C(C)C,4.890552997589111,5.045500755310059,noname
CCCC(=O)CC,4.882236957550049,4.986908435821533,noname
CCCC(=O)CC,4.882236957550049,4.970057964324951,noname
CCCC(=O)CC,4.882236957550049,4.984217643737793,noname
CCCC(=O)CC,4.882236957550049,5.013725757598877,noname
CCCC(=O)CC,4.882236957550049,5.005170822143555,noname
CCCC(=O)CC,4.882236957550049,4.998410701751709,noname
CCCC(=O)CC,4.882236957550049,4.994088649749756,noname
CCCC(=O)CC,4.882236957550049,5.123969554901123,noname
CC(C)CCC(C)(C)C,4.881007671356201,4.685836315155029,noname
CC(C)CCC(C)(C)C,4.881007671356201,4.663019180297852,noname
CC(C)CCC(C)(C)C,4.881007671356201,4.685836315155029,noname
CC(C)CCC(C)(C)C,4.881007671356201,4.6809563636779785,noname
CC(C)CCC(C)(C)C,4.881007671356201,4.700721263885498,noname
CC(C)CCC(C)(C)C,4.881007671356201,4.69893217086792,noname
CC(C)CCC(C)(C)C,4.881007671356201,4.703854560852051,noname
CC(C)CCC(C)(C)C,4.881007671356201,4.703854560852051,noname
CC(C)CCC(C)(C)C,4.881007671356201,4.703854560852051,noname
CC(C)CCC(C)(C)C,4.881007671356201,5.123969554901123,noname
CC(C)C(=O)C(C)C,4.863340377807617,4.886868000030518,noname
CC(C)C(=O)C(C)C,4.863340377807617,4.866809844970703,noname
CC(C)C(=O)C(C)C,4.863340377807617,4.886868000030518,noname
CC(C)C(=O)C(C)C,4.863340377807617,4.872023105621338,noname
CC(C)C(=O)C(C)C,4.863340377807617,4.992683410644531,noname
CC(C)C(=O)C(C)C,4.863340377807617,4.866809368133545,noname
CC(C)C(=O)C(C)C,4.863340377807617,4.886868953704834,noname
CC(C)C(=O)C(C)C,4.863340377807617,4.886868953704834,noname
CC(C)C(=O)C(C)C,4.863340377807617,5.123969554901123,noname
CCCCCCCC,4.85799503326416,4.999720096588135,noname
CCCCCCCC,4.85799503326416,4.998296737670898,noname
CCCCCCCC,4.85799503326416,4.99908447265625,noname
CCCCCCCC,4.85799503326416,4.996095180511475,noname
CCCCCCCC,4.85799503326416,4.996095180511475,noname
CCCCCCCC,4.85799503326416,4.999084949493408,noname
CCCCCCCC,4.85799503326416,4.998296737670898,noname
CCCCCCCC,4.85799503326416,4.999720096588135,noname
CCCCCCCC,4.85799503326416,5.123969554901123,noname
CC(C)C1CCCC1,4.853968620300293,4.979786396026611,noname
CC(C)C1CCCC1,4.853968620300293,4.981701374053955,noname
CC(C)C1CCCC1,4.853968620300293,4.979786396026611,noname
CC(C)C1CCCC1,4.853968620300293,4.979709148406982,noname
CC(C)C1CCCC1,4.853968620300293,4.9717230796813965,noname
CC(C)C1CCCC1,4.853968620300293,4.974088191986084,noname
CC(C)C1CCCC1,4.853968620300293,4.974088191986084,noname
CC(C)C1CCCC1,4.853968620300293,4.9717230796813965,noname
CC(C)C1CCCC1,4.853968620300293,5.071676731109619,noname
CC(C)C1CCCC1,4.853968620300293,5.071953296661377,noname
CCCCOC(C)=O,4.8452324867248535,4.781618595123291,noname
CCCCOC(C)=O,4.8452324867248535,4.786330699920654,noname
CCCCOC(C)=O,4.8452324867248535,4.7945404052734375,noname
CCCCOC(C)=O,4.8452324867248535,4.804389476776123,noname
CCCCOC(C)=O,4.8452324867248535,4.836504936218262,noname
CCCCOC(C)=O,4.8452324867248535,4.848887920379639,noname
CCCCOC(C)=O,4.8452324867248535,4.823147296905518,noname
CCCCOC(C)=O,4.8452324867248535,4.913121700286865,noname
CCCCOC(C)=O,4.8452324867248535,4.937982082366943,noname
CCCCOC(C)=O,4.8452324867248535,4.836504936218262,noname
CCCCOC(C)=O,4.8452324867248535,5.04566764831543,noname
CCC1CCCC1C,4.832879543304443,4.906941890716553,noname
CCC1CCCC1C,4.832879543304443,4.921645164489746,noname
CCC1CCCC1C,4.832879543304443,4.93885612487793,noname
CCC1CCCC1C,4.832879543304443,4.940977573394775,noname
CCC1CCCC1C,4.832879543304443,4.937999248504639,noname
CCC1CCCC1C,4.832879543304443,4.937381267547607,noname
CCC1CCCC1C,4.832879543304443,4.929402828216553,noname
CCC1CCCC1C,4.832879543304443,4.90070104598999,noname
CCC1CCCC1C,4.832879543304443,4.941443920135498,noname
CCC1CCCC1C,4.832879543304443,5.041680335998535,noname
CCC(C)(C)CC(C)C,4.8022236824035645,4.6702399253845215,noname
CCC(C)(C)CC(C)C,4.8022236824035645,4.6928839683532715,noname
CCC(C)(C)CC(C)C,4.8022236824035645,4.687605381011963,noname
CCC(C)(C)CC(C)C,4.8022236824035645,4.6946797370910645,noname
CCC(C)(C)CC(C)C,4.8022236824035645,4.6946797370910645,noname
CCC(C)(C)CC(C)C,4.8022236824035645,4.6905341148376465,noname
CCC(C)(C)CC(C)C,4.8022236824035645,4.643144130706787,noname
CCC(C)(C)CC(C)C,4.8022236824035645,4.65801477432251,noname
CCC(C)(C)CC(C)C,4.8022236824035645,4.65801477432251,noname
CCC(C)(C)CC(C)C,4.8022236824035645,5.123969554901123,noname
CCCCC(C)=O,4.778812885284424,4.969284534454346,noname
CCCCC(C)=O,4.778812885284424,4.945798873901367,noname
CCCCC(C)=O,4.778812885284424,4.957371234893799,noname
CCCCC(C)=O,4.778812885284424,4.989480495452881,noname
CCCCC(C)=O,4.778812885284424,4.998709201812744,noname
CCCCC(C)=O,4.778812885284424,4.968641757965088,noname
CCCCC(C)=O,4.778812885284424,4.99841833114624,noname
CCCCC(C)=O,4.778812885284424,5.123969554901123,noname
CC(C)C(C)C(C)(C)C,4.7750701904296875,4.55670166015625,noname
CC(C)C(C)C(C)(C)C,4.7750701904296875,4.519741535186768,noname
CC(C)C(C)C(C)(C)C,4.7750701904296875,4.55670166015625,noname
CC(C)C(C)C(C)(C)C,4.7750701904296875,4.503035545349121,noname
CC(C)C(C)C(C)(C)C,4.7750701904296875,4.555139064788818,noname
CC(C)C(C)C(C)(C)C,4.7750701904296875,4.460387706756592,noname
CC(C)C(C)C(C)(C)C,4.7750701904296875,4.522697925567627,noname
CC(C)C(C)C(C)(C)C,4.7750701904296875,4.522697925567627,noname
CC(C)C(C)C(C)(C)C,4.7750701904296875,4.522697925567627,noname
CC(C)C(C)C(C)(C)C,4.7750701904296875,5.123969554901123,noname
CC1(C)CCOCO1,4.757310390472412,4.819440841674805,noname
CC1(C)CCOCO1,4.757310390472412,4.788883209228516,noname
CC1(C)CCOCO1,4.757310390472412,4.819440841674805,noname
CC1(C)CCOCO1,4.757310390472412,4.788375377655029,noname
CC1(C)CCOCO1,4.757310390472412,4.671978950500488,noname
CC1(C)CCOCO1,4.757310390472412,4.66623592376709,noname
CC1(C)CCOCO1,4.757310390472412,4.692821025848389,noname
CC1(C)CCOCO1,4.757310390472412,4.80422830581665,noname
CC1(C)CCOCO1,4.757310390472412,5.123969554901123,noname
CCCOC(=O)C(C)C,4.748588562011719,4.753036022186279,noname
CCCOC(=O)C(C)C,4.748588562011719,4.7460808753967285,noname
CCCOC(=O)C(C)C,4.748588562011719,4.742397785186768,noname
CCCOC(=O)C(C)C,4.748588562011719,4.750822067260742,noname
CCCOC(=O)C(C)C,4.748588562011719,4.738061904907227,noname
CCCOC(=O)C(C)C,4.748588562011719,4.795050144195557,noname
CCCOC(=O)C(C)C,4.748588562011719,4.758275508880615,noname
CCCOC(=O)C(C)C,4.748588562011719,4.737804889678955,noname
CCCOC(=O)C(C)C,4.748588562011719,4.737804889678955,noname
CCCOC(=O)C(C)C,4.748588562011719,4.9100518226623535,noname
CCCOC(=O)C(C)C,4.748588562011719,4.750822067260742,noname
CCCOC(=O)C(C)C,4.748588562011719,5.091206073760986,noname
CC(C)CC(C)O,4.7335309982299805,4.7566819190979,noname
CC(C)CC(C)O,4.7335309982299805,4.738276958465576,noname
CC(C)CC(C)O,4.7335309982299805,4.7566819190979,noname
CC(C)CC(C)O,4.7335309982299805,4.741955280303955,noname
CC(C)CC(C)O,4.7335309982299805,4.883663654327393,noname
CC(C)CC(C)O,4.7335309982299805,4.793868064880371,noname
CC(C)CC(C)O,4.7335309982299805,4.961828231811523,noname
CC(C)CC(C)O,4.7335309982299805,5.123969554901123,noname
CC1CCCC(C)(C)C1,4.73215389251709,4.7123494148254395,noname
CC1CCCC(C)(C)C1,4.73215389251709,4.720242977142334,noname
CC1CCCC(C)(C)C1,4.73215389251709,4.635404109954834,noname
CC1CCCC(C)(C)C1,4.73215389251709,4.652787685394287,noname
CC1CCCC(C)(C)C1,4.73215389251709,4.74833345413208,noname
CC1CCCC(C)(C)C1,4.73215389251709,4.760535717010498,noname
CC1CCCC(C)(C)C1,4.73215389251709,4.780757427215576,noname
CC1CCCC(C)(C)C1,4.73215389251709,4.780757427215576,noname
CC1CCCC(C)(C)C1,4.73215389251709,4.773958683013916,noname
CC1CCCC(C)(C)C1,4.73215389251709,5.123969554901123,noname
CCOC(=O)CC(C)C,4.728819370269775,4.729158878326416,noname
CCOC(=O)CC(C)C,4.728819370269775,4.737443447113037,noname
CCOC(=O)CC(C)C,4.728819370269775,4.745086193084717,noname
CCOC(=O)CC(C)C,4.728819370269775,4.746914386749268,noname
CCOC(=O)CC(C)C,4.728819370269775,4.78748893737793,noname
CCOC(=O)CC(C)C,4.728819370269775,4.732285022735596,noname
CCOC(=O)CC(C)C,4.728819370269775,4.751575946807861,noname
CCOC(=O)CC(C)C,4.728819370269775,4.739104747772217,noname
CCOC(=O)CC(C)C,4.728819370269775,4.739104747772217,noname
CCOC(=O)CC(C)C,4.728819370269775,4.876505374908447,noname
CCOC(=O)CC(C)C,4.728819370269775,4.745086193084717,noname
CCOC(=O)CC(C)C,4.728819370269775,5.0472588539123535,noname
CCc1ccccc1,4.727301120758057,4.818996906280518,noname
CCc1ccccc1,4.727301120758057,4.812453746795654,noname
CCc1ccccc1,4.727301120758057,4.8261823654174805,noname
CCc1ccccc1,4.727301120758057,4.828506946563721,noname
CCc1ccccc1,4.727301120758057,4.823646068572998,noname
CCc1ccccc1,4.727301120758057,4.82295560836792,noname
CCc1ccccc1,4.727301120758057,4.823646068572998,noname
CCc1ccccc1,4.727301120758057,4.828506946563721,noname
CCc1ccccc1,4.727301120758057,4.840200424194336,noname
CCc1ccccc1,4.727301120758057,5.0533013343811035,noname
Cc1ccc(C)cc1,4.6995086669921875,4.802304267883301,noname
Cc1ccc(C)cc1,4.6995086669921875,4.7905755043029785,noname
Cc1ccc(C)cc1,4.6995086669921875,4.799846649169922,noname
Cc1ccc(C)cc1,4.6995086669921875,4.799846649169922,noname
Cc1ccc(C)cc1,4.6995086669921875,4.7905755043029785,noname
Cc1ccc(C)cc1,4.6995086669921875,4.802304267883301,noname
Cc1ccc(C)cc1,4.6995086669921875,4.799846649169922,noname
Cc1ccc(C)cc1,4.6995086669921875,4.799846649169922,noname
Cc1ccc(C)cc1,4.6995086669921875,5.123969554901123,noname
Cc1cccc(C)c1,4.688720703125,4.788902759552002,noname
Cc1cccc(C)c1,4.688720703125,4.7792134284973145,noname
Cc1cccc(C)c1,4.688720703125,4.778305530548096,noname
Cc1cccc(C)c1,4.688720703125,4.774428844451904,noname
Cc1cccc(C)c1,4.688720703125,4.778305530548096,noname
Cc1cccc(C)c1,4.688720703125,4.7792134284973145,noname
Cc1cccc(C)c1,4.688720703125,4.788902759552002,noname
Cc1cccc(C)c1,4.688720703125,4.793931484222412,noname
Cc1cccc(C)c1,4.688720703125,5.123969554901123,noname
CCC(=O)OCC(C)C,4.688567638397217,4.732966899871826,noname
CCC(=O)OCC(C)C,4.688567638397217,4.740606307983398,noname
CCC(=O)OCC(C)C,4.688567638397217,4.743927478790283,noname
CCC(=O)OCC(C)C,4.688567638397217,4.79077672958374,noname
CCC(=O)OCC(C)C,4.688567638397217,4.750410556793213,noname
CCC(=O)OCC(C)C,4.688567638397217,4.742933750152588,noname
CCC(=O)OCC(C)C,4.688567638397217,4.758980751037598,noname
CCC(=O)OCC(C)C,4.688567638397217,4.75280237197876,noname
CCC(=O)OCC(C)C,4.688567638397217,4.75280237197876,noname
CCC(=O)OCC(C)C,4.688567638397217,5.055275917053223,noname
CCC(=O)OCC(C)C,4.688567638397217,4.750410556793213,noname
CCC(=O)OCC(C)C,4.688567638397217,4.940757751464844,noname
CCC(C)(C)C(C)(C)C,4.687201023101807,4.63674783706665,noname
CCC(C)(C)C(C)(C)C,4.687201023101807,4.635892391204834,noname
CCC(C)(C)C(C)(C)C,4.687201023101807,4.6301045417785645,noname
CCC(C)(C)C(C)(C)C,4.687201023101807,4.645928859710693,noname
CCC(C)(C)C(C)(C)C,4.687201023101807,4.645928859710693,noname
CCC(C)(C)C(C)(C)C,4.687201023101807,4.630244731903076,noname
CCC(C)(C)C(C)(C)C,4.687201023101807,4.648287296295166,noname
CCC(C)(C)C(C)(C)C,4.687201023101807,4.648287296295166,noname
CCC(C)(C)C(C)(C)C,4.687201023101807,4.648287296295166,noname
CCC(C)(C)C(C)(C)C,4.687201023101807,5.123969554901123,noname
CC(C)C(C)(C)C(C)C,4.670161724090576,4.6680216789245605,noname
CC(C)C(C)(C)C(C)C,4.670161724090576,4.652248859405518,noname
CC(C)C(C)(C)C(C)C,4.670161724090576,4.6680216789245605,noname
CC(C)C(C)(C)C(C)C,4.670161724090576,4.658873081207275,noname
CC(C)C(C)(C)C(C)C,4.670161724090576,4.661584377288818,noname
CC(C)C(C)(C)C(C)C,4.670161724090576,4.661584377288818,noname
CC(C)C(C)(C)C(C)C,4.670161724090576,4.652248859405518,noname
CC(C)C(C)(C)C(C)C,4.670161724090576,4.6680216789245605,noname
CC(C)C(C)(C)C(C)C,4.670161724090576,4.6680216789245605,noname
CC(C)C(C)(C)C(C)C,4.670161724090576,5.123969554901123,noname
CCCCOCCCC,4.666065692901611,4.728370189666748,noname
CCCCOCCCC,4.666065692901611,4.719009876251221,noname
CCCCOCCCC,4.666065692901611,4.724502086639404,noname
CCCCOCCCC,4.666065692901611,4.752692699432373,noname
CCCCOCCCC,4.666065692901611,4.763596057891846,noname
CCCCOCCCC,4.666065692901611,4.752693176269531,noname
CCCCOCCCC,4.666065692901611,4.724502086639404,noname
CCCCOCCCC,4.666065692901611,4.719010353088379,noname
CCCCOCCCC,4.666065692901611,4.728370189666748,noname
CCCCOCCCC,4.666065692901611,5.068680286407471,noname
CCCCOCCCC,4.666065692901611,4.763596057891846,noname
CCCCOCCCC,4.666065692901611,5.068680286407471,noname
CC(C)C(=O)C(C)(C)C,4.64398193359375,4.2230916023254395,noname
CC(C)C(=O)C(C)(C)C,4.64398193359375,4.227933406829834,noname
CC(C)C(=O)C(C)(C)C,4.64398193359375,4.2230916023254395,noname
CC(C)C(=O)C(C)(C)C,4.64398193359375,4.304993152618408,noname
CC(C)C(=O)C(C)(C)C,4.64398193359375,4.391257286071777,noname
CC(C)C(=O)C(C)(C)C,4.64398193359375,4.262963771820068,noname
CC(C)C(=O)C(C)(C)C,4.64398193359375,4.296443939208984,noname
CC(C)C(=O)C(C)(C)C,4.64398193359375,4.296443939208984,noname
CC(C)C(=O)C(C)(C)C,4.64398193359375,4.296443939208984,noname
CC(C)C(=O)C(C)(C)C,4.64398193359375,5.123969554901123,noname
Cc1ccccc1C,4.621394157409668,4.795053958892822,noname
Cc1ccccc1C,4.621394157409668,4.774548530578613,noname
Cc1ccccc1C,4.621394157409668,4.775086879730225,noname
Cc1ccccc1C,4.621394157409668,4.769010066986084,noname
Cc1ccccc1C,4.621394157409668,4.769010066986084,noname
Cc1ccccc1C,4.621394157409668,4.775086879730225,noname
Cc1ccccc1C,4.621394157409668,4.774548053741455,noname
Cc1ccccc1C,4.621394157409668,4.795053958892822,noname
Cc1ccccc1C,4.621394157409668,5.123969554901123,noname
CCC(CC)(CC)CC,4.612053871154785,4.7156453132629395,noname
CCC(CC)(CC)CC,4.612053871154785,4.7443342208862305,noname
CCC(CC)(CC)CC,4.612053871154785,4.747748851776123,noname
CCC(CC)(CC)CC,4.612053871154785,4.7443342208862305,noname
CCC(CC)(CC)CC,4.612053871154785,4.715645790100098,noname
CCC(CC)(CC)CC,4.612053871154785,4.7443342208862305,noname
CCC(CC)(CC)CC,4.612053871154785,4.7156453132629395,noname
CCC(CC)(CC)CC,4.612053871154785,4.744334697723389,noname
CCC(CC)(CC)CC,4.612053871154785,4.7156453132629395,noname
CCC(CC)(CC)CC,4.612053871154785,5.123969554901123,noname
CCCCC(C)O,4.599154472351074,4.7174458503723145,noname
CCCCC(C)O,4.599154472351074,4.73333215713501,noname
CCCCC(C)O,4.599154472351074,4.733693599700928,noname
CCCCC(C)O,4.599154472351074,4.748908519744873,noname
CCCCC(C)O,4.599154472351074,4.783924579620361,noname
CCCCC(C)O,4.599154472351074,4.7262139320373535,noname
CCCCC(C)O,4.599154472351074,4.812337398529053,noname
CCCCC(C)O,4.599154472351074,5.123969554901123,noname
C=CCCCCCCC,4.58465576171875,4.726904392242432,noname
C=CCCCCCCC,4.58465576171875,4.720858097076416,noname
C=CCCCCCCC,4.58465576171875,4.703317642211914,noname
C=CCCCCCCC,4.58465576171875,4.689399242401123,noname
C=CCCCCCCC,4.58465576171875,4.679579734802246,noname
C=CCCCCCCC,4.58465576171875,4.6768269538879395,noname
C=CCCCCCCC,4.58465576171875,4.673420429229736,noname
C=CCCCCCCC,4.58465576171875,4.675156116485596,noname
C=CCCCCCCC,4.58465576171875,4.687256336212158,noname
C=CCCCCCCC,4.58465576171875,5.123969554901123,noname
CCC1CCCC(C)C1,4.579743385314941,4.70490026473999,noname
CCC1CCCC(C)C1,4.579743385314941,4.716009616851807,noname
CCC1CCCC(C)C1,4.579743385314941,4.697948932647705,noname
CCC1CCCC(C)C1,4.579743385314941,4.72700834274292,noname
CCC1CCCC(C)C1,4.579743385314941,4.736924171447754,noname
CCC1CCCC(C)C1,4.579743385314941,4.725632190704346,noname
CCC1CCCC(C)C1,4.579743385314941,4.707943439483643,noname
CCC1CCCC(C)C1,4.579743385314941,4.720557689666748,noname
CCC1CCCC(C)C1,4.579743385314941,4.725733757019043,noname
CCC1CCCC(C)C1,4.579743385314941,4.888282299041748,noname
CCC1CCCC(C)C1,4.579743385314941,5.072059154510498,noname
C=CC(=O)OCCCC,4.570823669433594,4.751861095428467,noname
C=CC(=O)OCCCC,4.570823669433594,4.741503715515137,noname
C=CC(=O)OCCCC,4.570823669433594,4.731411457061768,noname
C=CC(=O)OCCCC,4.570823669433594,4.755277156829834,noname
C=CC(=O)OCCCC,4.570823669433594,4.767929553985596,noname
C=CC(=O)OCCCC,4.570823669433594,4.786139011383057,noname
C=CC(=O)OCCCC,4.570823669433594,4.759665489196777,noname
C=CC(=O)OCCCC,4.570823669433594,4.741532802581787,noname
C=CC(=O)OCCCC,4.570823669433594,4.76325798034668,noname
C=CC(=O)OCCCC,4.570823669433594,5.046749591827393,noname
C=CC(=O)OCCCC,4.570823669433594,4.767929553985596,noname
C=CC(=O)OCCCC,4.570823669433594,4.857882976531982,noname
CCCCCCC=O,4.558885097503662,4.752678871154785,noname
CCCCCCC=O,4.558885097503662,4.739677906036377,noname
CCCCCCC=O,4.558885097503662,4.750698566436768,noname
CCCCCCC=O,4.558885097503662,4.763338565826416,noname
CCCCCCC=O,4.558885097503662,4.760148525238037,noname
CCCCCCC=O,4.558885097503662,4.780410289764404,noname
CCCCCCC=O,4.558885097503662,4.8205437660217285,noname
CCCCCCC=O,4.558885097503662,4.915969371795654,noname
CCCCCCC=O,4.558885097503662,5.123969554901123,noname
CCOC(OCC)OCC,4.55245304107666,4.518885135650635,noname
CCOC(OCC)OCC,4.55245304107666,4.540010929107666,noname
CCOC(OCC)OCC,4.55245304107666,4.5459418296813965,noname
CCOC(OCC)OCC,4.55245304107666,4.57079553604126,noname
CCOC(OCC)OCC,4.55245304107666,4.5459418296813965,noname
CCOC(OCC)OCC,4.55245304107666,4.540010929107666,noname
CCOC(OCC)OCC,4.55245304107666,4.518885135650635,noname
CCOC(OCC)OCC,4.55245304107666,4.545942306518555,noname
CCOC(OCC)OCC,4.55245304107666,4.540010929107666,noname
CCOC(OCC)OCC,4.55245304107666,4.518885135650635,noname
CCOC(OCC)OCC,4.55245304107666,4.710172176361084,noname
CCOC(OCC)OCC,4.55245304107666,5.00806188583374,noname
CCOC(OCC)OCC,4.55245304107666,4.710172176361084,noname
CCOC(OCC)OCC,4.55245304107666,4.710172176361084,noname
C1CCCCCCC1,4.547328948974609,4.992481708526611,noname
C1CCCCCCC1,4.547328948974609,4.992481708526611,noname
C1CCCCCCC1,4.547328948974609,4.992481708526611,noname
C1CCCCCCC1,4.547328948974609,4.992481708526611,noname
C1CCCCCCC1,4.547328948974609,4.992481708526611,noname
C1CCCCCCC1,4.547328948974609,4.992481708526611,noname
C1CCCCCCC1,4.547328948974609,4.992481708526611,noname
C1CCCCCCC1,4.547328948974609,4.992481708526611,noname
C1CCCCCCC1,4.547328948974609,5.123969554901123,noname
CC(C)COC(=O)C(C)C,4.544200897216797,4.730193138122559,noname
CC(C)COC(=O)C(C)C,4.544200897216797,4.71620512008667,noname
CC(C)COC(=O)C(C)C,4.544200897216797,4.730193138122559,noname
CC(C)COC(=O)C(C)C,4.544200897216797,4.730943202972412,noname
CC(C)COC(=O)C(C)C,4.544200897216797,4.7038421630859375,noname
CC(C)COC(=O)C(C)C,4.544200897216797,4.6935834884643555,noname
CC(C)COC(=O)C(C)C,4.544200897216797,4.717930316925049,noname
CC(C)COC(=O)C(C)C,4.544200897216797,4.725588321685791,noname
CC(C)COC(=O)C(C)C,4.544200897216797,4.726515293121338,noname
CC(C)COC(=O)C(C)C,4.544200897216797,4.726515293121338,noname
CC(C)COC(=O)C(C)C,4.544200897216797,4.899933338165283,noname
CC(C)COC(=O)C(C)C,4.544200897216797,4.7038421630859375,noname
CC(C)COC(=O)C(C)C,4.544200897216797,5.054213523864746,noname
CCCCCCCCC,4.530849456787109,4.849966049194336,noname
CCCCCCCCC,4.530849456787109,4.844027519226074,noname
CCCCCCCCC,4.530849456787109,4.845823764801025,noname
CCCCCCCCC,4.530849456787109,4.8561930656433105,noname
CCCCCCCCC,4.530849456787109,4.85626745223999,noname
CCCCCCCCC,4.530849456787109,4.856193542480469,noname
CCCCCCCCC,4.530849456787109,4.845823764801025,noname
CCCCCCCCC,4.530849456787109,4.844027519226074,noname
CCCCCCCCC,4.530849456787109,4.849966049194336,noname
CCCCCCCCC,4.530849456787109,5.123969554901123,noname
CC1=CCC2CC1C2(C)C,4.484323978424072,3.8330540657043457,noname
CC1=CCC2CC1C2(C)C,4.484323978424072,3.8708291053771973,noname
CC1=CCC2CC1C2(C)C,4.484323978424072,3.80656099319458,noname
CC1=CCC2CC1C2(C)C,4.484323978424072,3.805422782897949,noname
CC1=CCC2CC1C2(C)C,4.484323978424072,3.9086570739746094,noname
CC1=CCC2CC1C2(C)C,4.484323978424072,3.8924953937530518,noname
CC1=CCC2CC1C2(C)C,4.484323978424072,3.930333375930786,noname
CC1=CCC2CC1C2(C)C,4.484323978424072,3.8866519927978516,noname
CC1=CCC2CC1C2(C)C,4.484323978424072,3.8915977478027344,noname
CC1=CCC2CC1C2(C)C,4.484323978424072,3.8915977478027344,noname
CC1=CCC2CC1C2(C)C,4.484323978424072,5.123969554901123,noname
CCCC(=O)CCC,4.481906890869141,4.784860134124756,noname
CCCC(=O)CCC,4.481906890869141,4.8118577003479,noname
CCCC(=O)CCC,4.481906890869141,4.823633193969727,noname
CCCC(=O)CCC,4.481906890869141,4.854227542877197,noname
CCCC(=O)CCC,4.481906890869141,4.88101053237915,noname
CCCC(=O)CCC,4.481906890869141,4.823632717132568,noname
CCCC(=O)CCC,4.481906890869141,4.8118577003479,noname
CCCC(=O)CCC,4.481906890869141,4.784860134124756,noname
CCCC(=O)CCC,4.481906890869141,5.123969554901123,noname
O=C1CCCCC1,4.4789934158325195,5.025343894958496,noname
O=C1CCCCC1,4.4789934158325195,4.905561923980713,noname
O=C1CCCCC1,4.4789934158325195,4.884059429168701,noname
O=C1CCCCC1,4.4789934158325195,4.868340969085693,noname
O=C1CCCCC1,4.4789934158325195,4.865725040435791,noname
O=C1CCCCC1,4.4789934158325195,4.868340969085693,noname
O=C1CCCCC1,4.4789934158325195,4.884058952331543,noname
O=C1CCCCC1,4.4789934158325195,5.123969554901123,noname
CCCC1CCCCC1,4.471815586090088,4.850622653961182,noname
CCCC1CCCCC1,4.471815586090088,4.84647274017334,noname
CCCC1CCCCC1,4.471815586090088,4.848216533660889,noname
CCCC1CCCCC1,4.471815586090088,4.834874153137207,noname
CCCC1CCCCC1,4.471815586090088,4.858044147491455,noname
CCCC1CCCCC1,4.471815586090088,4.858924388885498,noname
CCCC1CCCCC1,4.471815586090088,4.864339828491211,noname
CCCC1CCCCC1,4.471815586090088,4.858924388885498,noname
CCCC1CCCCC1,4.471815586090088,4.858044147491455,noname
CCCC1CCCCC1,4.471815586090088,5.0559258460998535,noname
CCCC1CCCCC1,4.471815586090088,5.109893321990967,noname
CCCC(=O)OCC(C)C,4.4314422607421875,4.6799798011779785,noname
CCCC(=O)OCC(C)C,4.4314422607421875,4.683362007141113,noname
CCCC(=O)OCC(C)C,4.4314422607421875,4.6945013999938965,noname
CCCC(=O)OCC(C)C,4.4314422607421875,4.654774188995361,noname
CCCC(=O)OCC(C)C,4.4314422607421875,4.647486686706543,noname
CCCC(=O)OCC(C)C,4.4314422607421875,4.666966915130615,noname
CCCC(=O)OCC(C)C,4.4314422607421875,4.684121131896973,noname
CCCC(=O)OCC(C)C,4.4314422607421875,4.634965419769287,noname
CCCC(=O)OCC(C)C,4.4314422607421875,4.670460224151611,noname
CCCC(=O)OCC(C)C,4.4314422607421875,4.670460224151611,noname
CCCC(=O)OCC(C)C,4.4314422607421875,5.0560126304626465,noname
CCCC(=O)OCC(C)C,4.4314422607421875,4.666966915130615,noname
CCCC(=O)OCC(C)C,4.4314422607421875,4.954756736755371,noname
CCCc1ccccc1,4.431095600128174,4.68380880355835,noname
CCCc1ccccc1,4.431095600128174,4.684523105621338,noname
CCCc1ccccc1,4.431095600128174,4.696941375732422,noname
CCCc1ccccc1,4.431095600128174,4.763183116912842,noname
CCCc1ccccc1,4.431095600128174,4.76893424987793,noname
CCCc1ccccc1,4.431095600128174,4.761958599090576,noname
CCCc1ccccc1,4.431095600128174,4.7613749504089355,noname
CCCc1ccccc1,4.431095600128174,4.761958599090576,noname
CCCc1ccccc1,4.431095600128174,4.76893424987793,noname
CCCc1ccccc1,4.431095600128174,4.851678371429443,noname
CCCc1ccccc1,4.431095600128174,5.10605001449585,noname
CC(C)CCCCC(C)C,4.430050849914551,4.6933913230896,noname
CC(C)CCCCC(C)C,4.430050849914551,4.664857387542725,noname
CC(C)CCCCC(C)C,4.430050849914551,4.6933913230896,noname
CC(C)CCCCC(C)C,4.430050849914551,4.69476318359375,noname
CC(C)CCCCC(C)C,4.430050849914551,4.716034412384033,noname
CC(C)CCCCC(C)C,4.430050849914551,4.716034412384033,noname
CC(C)CCCCC(C)C,4.430050849914551,4.694763660430908,noname
CC(C)CCCCC(C)C,4.430050849914551,4.664857387542725,noname
CC(C)CCCCC(C)C,4.430050849914551,4.6933913230896,noname
CC(C)CCCCC(C)C,4.430050849914551,4.6933913230896,noname
CC(C)CCCCC(C)C,4.430050849914551,5.123969554901123,noname
CCCOC(=O)CC(C)C,4.429283618927002,4.67997407913208,noname
CCCOC(=O)CC(C)C,4.429283618927002,4.680723667144775,noname
CCCOC(=O)CC(C)C,4.429283618927002,4.693971157073975,noname
CCCOC(=O)CC(C)C,4.429283618927002,4.660895824432373,noname
CCCOC(=O)CC(C)C,4.429283618927002,4.634005069732666,noname
CCCOC(=O)CC(C)C,4.429283618927002,4.626495838165283,noname
CCCOC(=O)CC(C)C,4.429283618927002,4.683956623077393,noname
CCCOC(=O)CC(C)C,4.429283618927002,4.651412487030029,noname
CCCOC(=O)CC(C)C,4.429283618927002,4.670915603637695,noname
CCCOC(=O)CC(C)C,4.429283618927002,4.670915603637695,noname
CCCOC(=O)CC(C)C,4.429283618927002,4.868337154388428,noname
CCCOC(=O)CC(C)C,4.429283618927002,4.660895824432373,noname
CCCOC(=O)CC(C)C,4.429283618927002,5.09193754196167,noname
CCc1cccc(C)c1,4.3969902992248535,4.559280872344971,noname
CCc1cccc(C)c1,4.3969902992248535,4.545417308807373,noname
CCc1cccc(C)c1,4.3969902992248535,4.630517959594727,noname
CCc1cccc(C)c1,4.3969902992248535,4.637593746185303,noname
CCc1cccc(C)c1,4.3969902992248535,4.62703275680542,noname
CCc1cccc(C)c1,4.3969902992248535,4.631997585296631,noname
CCc1cccc(C)c1,4.3969902992248535,4.623006820678711,noname
CCc1cccc(C)c1,4.3969902992248535,4.580831050872803,noname
CCc1cccc(C)c1,4.3969902992248535,4.656536102294922,noname
CCc1cccc(C)c1,4.3969902992248535,4.768629550933838,noname
CCc1cccc(C)c1,4.3969902992248535,5.051350116729736,noname
CCc1ccc(C)cc1,4.391651630401611,4.575316905975342,noname
CCc1ccc(C)cc1,4.391651630401611,4.559847831726074,noname
CCc1ccc(C)cc1,4.391651630401611,4.645566463470459,noname
CCc1ccc(C)cc1,4.391651630401611,4.655633926391602,noname
CCc1ccc(C)cc1,4.391651630401611,4.650372505187988,noname
CCc1ccc(C)cc1,4.391651630401611,4.634271621704102,noname
CCc1ccc(C)cc1,4.391651630401611,4.5939249992370605,noname
CCc1ccc(C)cc1,4.391651630401611,4.650372505187988,noname
CCc1ccc(C)cc1,4.391651630401611,4.65563440322876,noname
CCc1ccc(C)cc1,4.391651630401611,4.78984260559082,noname
CCc1ccc(C)cc1,4.391651630401611,5.0533013343811035,noname
C=C1C2CCC(C2)C1(C)C,4.3768768310546875,3.967052459716797,noname
C=C1C2CCC(C2)C1(C)C,4.3768768310546875,4.115004539489746,noname
C=C1C2CCC(C2)C1(C)C,4.3768768310546875,4.031818866729736,noname
C=C1C2CCC(C2)C1(C)C,4.3768768310546875,3.932206630706787,noname
C=C1C2CCC(C2)C1(C)C,4.3768768310546875,3.940770149230957,noname
C=C1C2CCC(C2)C1(C)C,4.3768768310546875,4.082746505737305,noname
C=C1C2CCC(C2)C1(C)C,4.3768768310546875,3.999846935272217,noname
C=C1C2CCC(C2)C1(C)C,4.3768768310546875,4.065865993499756,noname
C=C1C2CCC(C2)C1(C)C,4.3768768310546875,4.08679723739624,noname
C=C1C2CCC(C2)C1(C)C,4.3768768310546875,4.08679723739624,noname
C=C1C2CCC(C2)C1(C)C,4.3768768310546875,5.123969554901123,noname
CCOC(=O)CCC(C)C,4.37042236328125,4.669233798980713,noname
CCOC(=O)CCC(C)C,4.37042236328125,4.683345317840576,noname
CCOC(=O)CCC(C)C,4.37042236328125,4.658346652984619,noname
CCOC(=O)CCC(C)C,4.37042236328125,4.641565799713135,noname
CCOC(=O)CCC(C)C,4.37042236328125,4.6294684410095215,noname
CCOC(=O)CCC(C)C,4.37042236328125,4.692342758178711,noname
CCOC(=O)CCC(C)C,4.37042236328125,4.683220386505127,noname
CCOC(=O)CCC(C)C,4.37042236328125,4.641718864440918,noname
CCOC(=O)CCC(C)C,4.37042236328125,4.669959545135498,noname
CCOC(=O)CCC(C)C,4.37042236328125,4.669959545135498,noname
CCOC(=O)CCC(C)C,4.37042236328125,4.7565813064575195,noname
CCOC(=O)CCC(C)C,4.37042236328125,4.658346652984619,noname
CCOC(=O)CCC(C)C,4.37042236328125,5.047269344329834,noname
C=C1CCC2CC1C2(C)C,4.359120845794678,3.922579288482666,noname
C=C1CCC2CC1C2(C)C,4.359120845794678,3.9332146644592285,noname
C=C1CCC2CC1C2(C)C,4.359120845794678,3.8387668132781982,noname
C=C1CCC2CC1C2(C)C,4.359120845794678,3.8626291751861572,noname
C=C1CCC2CC1C2(C)C,4.359120845794678,3.9941654205322266,noname
C=C1CCC2CC1C2(C)C,4.359120845794678,3.9896888732910156,noname
C=C1CCC2CC1C2(C)C,4.359120845794678,4.0238823890686035,noname
C=C1CCC2CC1C2(C)C,4.359120845794678,3.980592727661133,noname
C=C1CCC2CC1C2(C)C,4.359120845794678,3.9874374866485596,noname
C=C1CCC2CC1C2(C)C,4.359120845794678,3.9874374866485596,noname
C=C1CCC2CC1C2(C)C,4.359120845794678,5.123969554901123,noname
CCc1ccccc1C,4.347921848297119,4.5507988929748535,noname
CCc1ccccc1C,4.347921848297119,4.54215145111084,noname
CCc1ccccc1C,4.347921848297119,4.628116130828857,noname
CCc1ccccc1C,4.347921848297119,4.631001949310303,noname
CCc1ccccc1C,4.347921848297119,4.618075847625732,noname
CCc1ccccc1C,4.347921848297119,4.616770267486572,noname
CCc1ccccc1C,4.347921848297119,4.6301469802856445,noname
CCc1ccccc1C,4.347921848297119,4.6274895668029785,noname
CCc1ccccc1C,4.347921848297119,4.584853649139404,noname
CCc1ccccc1C,4.347921848297119,4.7842535972595215,noname
CCc1ccccc1C,4.347921848297119,5.05103063583374,noname
Cc1cc(C)cc(C)c1,4.346189975738525,4.42877721786499,noname
Cc1cc(C)cc(C)c1,4.346189975738525,4.485880374908447,noname
Cc1cc(C)cc(C)c1,4.346189975738525,4.5195112228393555,noname
Cc1cc(C)cc(C)c1,4.346189975738525,4.485880374908447,noname
Cc1cc(C)cc(C)c1,4.346189975738525,4.42877721786499,noname
Cc1cc(C)cc(C)c1,4.346189975738525,4.5195112228393555,noname
Cc1cc(C)cc(C)c1,4.346189975738525,4.485880374908447,noname
Cc1cc(C)cc(C)c1,4.346189975738525,4.42877721786499,noname
Cc1cc(C)cc(C)c1,4.346189975738525,4.5195112228393555,noname
Cc1cc(C)cc(C)c1,4.346189975738525,5.123969554901123,noname
CC(C)COCCO,4.343913555145264,4.480156898498535,noname
CC(C)COCCO,4.343913555145264,4.504043102264404,noname
CC(C)COCCO,4.343913555145264,4.480156898498535,noname
CC(C)COCCO,4.343913555145264,4.5127153396606445,noname
CC(C)COCCO,4.343913555145264,4.527887344360352,noname
CC(C)COCCO,4.343913555145264,4.5770673751831055,noname
CC(C)COCCO,4.343913555145264,4.6204023361206055,noname
CC(C)COCCO,4.343913555145264,4.6402668952941895,noname
CC(C)COCCO,4.343913555145264,4.88938045501709,noname
CC(C)COCCO,4.343913555145264,4.527887344360352,noname
CC(C)COCCO,4.343913555145264,5.023728847503662,noname
CCCCCCO,4.321189880371094,4.625397682189941,noname
CCCCCCO,4.321189880371094,4.608953952789307,noname
CCCCCCO,4.321189880371094,4.603344440460205,noname
CCCCCCO,4.321189880371094,4.603912353515625,noname
CCCCCCO,4.321189880371094,4.653320789337158,noname
CCCCCCO,4.321189880371094,4.799759387969971,noname
CCCCCCO,4.321189880371094,4.8942766189575195,noname
CCCCCCO,4.321189880371094,5.123969554901123,noname
C=C(C)c1ccccc1,4.317361831665039,4.498066425323486,noname
C=C(C)c1ccccc1,4.317361831665039,4.496109485626221,noname
C=C(C)c1ccccc1,4.317361831665039,4.467657089233398,noname
C=C(C)c1ccccc1,4.317361831665039,4.527274131774902,noname
C=C(C)c1ccccc1,4.317361831665039,4.5240864753723145,noname
C=C(C)c1ccccc1,4.317361831665039,4.508586406707764,noname
C=C(C)c1ccccc1,4.317361831665039,4.5067009925842285,noname
C=C(C)c1ccccc1,4.317361831665039,4.508586406707764,noname
C=C(C)c1ccccc1,4.317361831665039,4.5240864753723145,noname
C=C(C)c1ccccc1,4.317361831665039,5.123969554901123,noname
CC(C)(C)c1ccccc1,4.301779747009277,4.157563209533691,noname
CC(C)(C)c1ccccc1,4.301779747009277,4.114304065704346,noname
CC(C)(C)c1ccccc1,4.301779747009277,4.157563209533691,noname
CC(C)(C)c1ccccc1,4.301779747009277,4.157563209533691,noname
CC(C)(C)c1ccccc1,4.301779747009277,4.191832065582275,noname
CC(C)(C)c1ccccc1,4.301779747009277,4.095089912414551,noname
CC(C)(C)c1ccccc1,4.301779747009277,4.070481777191162,noname
CC(C)(C)c1ccccc1,4.301779747009277,4.067353248596191,noname
CC(C)(C)c1ccccc1,4.301779747009277,4.070481300354004,noname
CC(C)(C)c1ccccc1,4.301779747009277,4.095089912414551,noname
CC(C)(C)c1ccccc1,4.301779747009277,4.6873016357421875,noname
CC(C)(C)c1ccccc1,4.301779747009277,4.797718524932861,noname
CCC(=O)OC(=O)CC,4.293845176696777,4.496548652648926,noname
CCC(=O)OC(=O)CC,4.293845176696777,4.5039801597595215,noname
CCC(=O)OC(=O)CC,4.293845176696777,4.580234050750732,noname
CCC(=O)OC(=O)CC,4.293845176696777,4.62050199508667,noname
CCC(=O)OC(=O)CC,4.293845176696777,4.597610950469971,noname
CCC(=O)OC(=O)CC,4.293845176696777,4.580234050750732,noname
CCC(=O)OC(=O)CC,4.293845176696777,4.62050199508667,noname
CCC(=O)OC(=O)CC,4.293845176696777,4.503979682922363,noname
CCC(=O)OC(=O)CC,4.293845176696777,4.496548652648926,noname
CCC(=O)OC(=O)CC,4.293845176696777,4.8726582527160645,noname
CCC(=O)OC(=O)CC,4.293845176696777,4.597610950469971,noname
CCC(=O)OC(=O)CC,4.293845176696777,4.8726582527160645,noname
Cc1ccc(C)c(C)c1,4.289081573486328,4.437870502471924,noname
Cc1ccc(C)c(C)c1,4.289081573486328,4.49285888671875,noname
Cc1ccc(C)c(C)c1,4.289081573486328,4.5054240226745605,noname
Cc1ccc(C)c(C)c1,4.289081573486328,4.510191917419434,noname
Cc1ccc(C)c(C)c1,4.289081573486328,4.507034778594971,noname
Cc1ccc(C)c(C)c1,4.289081573486328,4.452545642852783,noname
Cc1ccc(C)c(C)c1,4.289081573486328,4.512646675109863,noname
Cc1ccc(C)c(C)c1,4.289081573486328,4.458149433135986,noname
Cc1ccc(C)c(C)c1,4.289081573486328,4.533252239227295,noname
Cc1ccc(C)c(C)c1,4.289081573486328,5.123969554901123,noname
CC(C)(C)C1CCCCC1,4.288193225860596,4.804869174957275,noname
CC(C)(C)C1CCCCC1,4.288193225860596,4.795291423797607,noname
CC(C)(C)C1CCCCC1,4.288193225860596,4.804869174957275,noname
CC(C)(C)C1CCCCC1,4.288193225860596,4.804869174957275,noname
CC(C)(C)C1CCCCC1,4.288193225860596,4.785827159881592,noname
CC(C)(C)C1CCCCC1,4.288193225860596,4.716903209686279,noname
CC(C)(C)C1CCCCC1,4.288193225860596,4.705463409423828,noname
CC(C)(C)C1CCCCC1,4.288193225860596,4.699477672576904,noname
CC(C)(C)C1CCCCC1,4.288193225860596,4.70546293258667,noname
CC(C)(C)C1CCCCC1,4.288193225860596,4.716902732849121,noname
CC(C)(C)C1CCCCC1,4.288193225860596,5.014614582061768,noname
CC(C)(C)C1CCCCC1,4.288193225860596,4.832174777984619,noname
OC1CCCCC1,4.2880706787109375,4.9279351234436035,noname
OC1CCCCC1,4.2880706787109375,4.809048175811768,noname
OC1CCCCC1,4.2880706787109375,4.731482028961182,noname
OC1CCCCC1,4.2880706787109375,4.702793598175049,noname
OC1CCCCC1,4.2880706787109375,4.703855514526367,noname
OC1CCCCC1,4.2880706787109375,4.702793598175049,noname
OC1CCCCC1,4.2880706787109375,4.731482028961182,noname
OC1CCCCC1,4.2880706787109375,5.123969554901123,noname
CC(C)CC1CCCCC1,4.282882213592529,4.624362468719482,noname
CC(C)CC1CCCCC1,4.282882213592529,4.5954461097717285,noname
CC(C)CC1CCCCC1,4.282882213592529,4.624362468719482,noname
CC(C)CC1CCCCC1,4.282882213592529,4.617273807525635,noname
CC(C)CC1CCCCC1,4.282882213592529,4.614259719848633,noname
CC(C)CC1CCCCC1,4.282882213592529,4.647181987762451,noname
CC(C)CC1CCCCC1,4.282882213592529,4.646824359893799,noname
CC(C)CC1CCCCC1,4.282882213592529,4.653738498687744,noname
CC(C)CC1CCCCC1,4.282882213592529,4.646824359893799,noname
CC(C)CC1CCCCC1,4.282882213592529,4.647181987762451,noname
CC(C)CC1CCCCC1,4.282882213592529,5.055032730102539,noname
CC(C)CC1CCCCC1,4.282882213592529,5.039271831512451,noname
CC(C)CCOC(=O)C(C)C,4.272119998931885,4.535451412200928,noname
CC(C)CCOC(=O)C(C)C,4.272119998931885,4.4682440757751465,noname
CC(C)CCOC(=O)C(C)C,4.272119998931885,4.535451412200928,noname
CC(C)CCOC(=O)C(C)C,4.272119998931885,4.5391316413879395,noname
CC(C)CCOC(=O)C(C)C,4.272119998931885,4.593977451324463,noname
CC(C)CCOC(=O)C(C)C,4.272119998931885,4.624261379241943,noname
CC(C)CCOC(=O)C(C)C,4.272119998931885,4.595901012420654,noname
CC(C)CCOC(=O)C(C)C,4.272119998931885,4.6018967628479,noname
CC(C)CCOC(=O)C(C)C,4.272119998931885,4.5338215827941895,noname
CC(C)CCOC(=O)C(C)C,4.272119998931885,4.564921855926514,noname
CC(C)CCOC(=O)C(C)C,4.272119998931885,4.564921855926514,noname
CC(C)CCOC(=O)C(C)C,4.272119998931885,4.909740924835205,noname
CC(C)CCOC(=O)C(C)C,4.272119998931885,4.624261379241943,noname
CC(C)CCOC(=O)C(C)C,4.272119998931885,4.9805755615234375,noname
C=Cc1cccc(C)c1,4.267396450042725,4.438925266265869,noname
C=Cc1cccc(C)c1,4.267396450042725,4.464495658874512,noname
C=Cc1cccc(C)c1,4.267396450042725,4.500574588775635,noname
C=Cc1cccc(C)c1,4.267396450042725,4.48828649520874,noname
C=Cc1cccc(C)c1,4.267396450042725,4.469563007354736,noname
C=Cc1cccc(C)c1,4.267396450042725,4.478116512298584,noname
C=Cc1cccc(C)c1,4.267396450042725,4.463770389556885,noname
C=Cc1cccc(C)c1,4.267396450042725,4.39350700378418,noname
C=Cc1cccc(C)c1,4.267396450042725,4.510931968688965,noname
C=Cc1cccc(C)c1,4.267396450042725,5.123969554901123,noname
C=CCCCCCCCC,4.262726306915283,4.497093677520752,noname
C=CCCCCCCCC,4.262726306915283,4.510577201843262,noname
C=CCCCCCCCC,4.262726306915283,4.507754325866699,noname
C=CCCCCCCCC,4.262726306915283,4.505208492279053,noname
C=CCCCCCCCC,4.262726306915283,4.500830173492432,noname
C=CCCCCCCCC,4.262726306915283,4.499499797821045,noname
C=CCCCCCCCC,4.262726306915283,4.499481201171875,noname
C=CCCCCCCCC,4.262726306915283,4.495718002319336,noname
C=CCCCCCCCC,4.262726306915283,4.488950729370117,noname
C=CCCCCCCCC,4.262726306915283,4.485746383666992,noname
C=CCCCCCCCC,4.262726306915283,5.123969554901123,noname
C=Cc1ccc(C)cc1,4.256554126739502,4.469545841217041,noname
C=Cc1ccc(C)cc1,4.256554126739502,4.4918694496154785,noname
C=Cc1ccc(C)cc1,4.256554126739502,4.5140838623046875,noname
C=Cc1ccc(C)cc1,4.256554126739502,4.51193904876709,noname
C=Cc1ccc(C)cc1,4.256554126739502,4.504049301147461,noname
C=Cc1ccc(C)cc1,4.256554126739502,4.483463287353516,noname
C=Cc1ccc(C)cc1,4.256554126739502,4.420711517333984,noname
C=Cc1ccc(C)cc1,4.256554126739502,4.504049301147461,noname
C=Cc1ccc(C)cc1,4.256554126739502,4.51193904876709,noname
C=Cc1ccc(C)cc1,4.256554126739502,5.123969554901123,noname
CC(C)Cc1ccccc1,4.255597114562988,4.516402721405029,noname
CC(C)Cc1ccccc1,4.255597114562988,4.477605819702148,noname
CC(C)Cc1ccccc1,4.255597114562988,4.516402721405029,noname
CC(C)Cc1ccccc1,4.255597114562988,4.535614490509033,noname
CC(C)Cc1ccccc1,4.255597114562988,4.630141258239746,noname
CC(C)Cc1ccccc1,4.255597114562988,4.630401134490967,noname
CC(C)Cc1ccccc1,4.255597114562988,4.626345634460449,noname
CC(C)Cc1ccccc1,4.255597114562988,4.627527713775635,noname
CC(C)Cc1ccccc1,4.255597114562988,4.626345634460449,noname
CC(C)Cc1ccccc1,4.255597114562988,4.630402088165283,noname
CC(C)Cc1ccccc1,4.255597114562988,4.844567775726318,noname
CC(C)Cc1ccccc1,4.255597114562988,5.068839073181152,noname
C=CC(=C)CCC=C(C)C,4.249150276184082,4.498523235321045,noname
C=CC(=C)CCC=C(C)C,4.249150276184082,4.503956317901611,noname
C=CC(=C)CCC=C(C)C,4.249150276184082,4.4991068840026855,noname
C=CC(=C)CCC=C(C)C,4.249150276184082,4.509582042694092,noname
C=CC(=C)CCC=C(C)C,4.249150276184082,4.4477152824401855,noname
C=CC(=C)CCC=C(C)C,4.249150276184082,4.447112560272217,noname
C=CC(=C)CCC=C(C)C,4.249150276184082,4.479311466217041,noname
C=CC(=C)CCC=C(C)C,4.249150276184082,4.477332592010498,noname
C=CC(=C)CCC=C(C)C,4.249150276184082,4.467366695404053,noname
C=CC(=C)CCC=C(C)C,4.249150276184082,4.467366695404053,noname
C=CC(=C)CCC=C(C)C,4.249150276184082,5.006785869598389,noname
C=CC(=C)CCC=C(C)C,4.249150276184082,4.787471294403076,noname
CCC(C)c1ccccc1,4.2469964027404785,4.33380126953125,noname
CCC(C)c1ccccc1,4.2469964027404785,4.319484710693359,noname
CCC(C)c1ccccc1,4.2469964027404785,4.339234828948975,noname
CCC(C)c1ccccc1,4.2469964027404785,4.365190029144287,noname
CCC(C)c1ccccc1,4.2469964027404785,4.432740211486816,noname
CCC(C)c1ccccc1,4.2469964027404785,4.438618183135986,noname
CCC(C)c1ccccc1,4.2469964027404785,4.420095920562744,noname
CCC(C)c1ccccc1,4.2469964027404785,4.418312072753906,noname
CCC(C)c1ccccc1,4.2469964027404785,4.420095443725586,noname
CCC(C)c1ccccc1,4.2469964027404785,4.438617706298828,noname
CCC(C)c1ccccc1,4.2469964027404785,4.828580379486084,noname
CCC(C)c1ccccc1,4.2469964027404785,4.975566387176514,noname
Cc1cccc(C(C)C)c1,4.211244583129883,4.350719928741455,noname
Cc1cccc(C(C)C)c1,4.211244583129883,4.4108967781066895,noname
Cc1cccc(C(C)C)c1,4.211244583129883,4.424279689788818,noname
Cc1cccc(C(C)C)c1,4.211244583129883,4.417336463928223,noname
Cc1cccc(C(C)C)c1,4.211244583129883,4.433254718780518,noname
Cc1cccc(C(C)C)c1,4.211244583129883,4.415787696838379,noname
Cc1cccc(C(C)C)c1,4.211244583129883,4.282226085662842,noname
Cc1cccc(C(C)C)c1,4.211244583129883,4.316414833068848,noname
Cc1cccc(C(C)C)c1,4.211244583129883,4.316414833068848,noname
Cc1cccc(C(C)C)c1,4.211244583129883,4.458411693572998,noname
Cc1cccc(C(C)C)c1,4.211244583129883,4.998283863067627,noname
Cc1cccc(C(C)C)c1,4.211244583129883,4.740962505340576,noname
CCCCCCCCCC,4.209539890289307,4.531454563140869,noname
CCCCCCCCCC,4.209539890289307,4.530239582061768,noname
CCCCCCCCCC,4.209539890289307,4.539631366729736,noname
CCCCCCCCCC,4.209539890289307,4.5452704429626465,noname
CCCCCCCCCC,4.209539890289307,4.545473575592041,noname
CCCCCCCCCC,4.209539890289307,4.545473575592041,noname
CCCCCCCCCC,4.209539890289307,4.5452704429626465,noname
CCCCCCCCCC,4.209539890289307,4.53963041305542,noname
CCCCCCCCCC,4.209539890289307,4.530239582061768,noname
CCCCCCCCCC,4.209539890289307,4.5314555168151855,noname
CCCCCCCCCC,4.209539890289307,5.123969554901123,noname
CC(C)CCOCCC(C)C,4.199781894683838,4.400393486022949,noname
CC(C)CCOCCC(C)C,4.199781894683838,4.404252529144287,noname
CC(C)CCOCCC(C)C,4.199781894683838,4.400393486022949,noname
CC(C)CCOCCC(C)C,4.199781894683838,4.415555000305176,noname
CC(C)CCOCCC(C)C,4.199781894683838,4.429060459136963,noname
CC(C)CCOCCC(C)C,4.199781894683838,4.434654235839844,noname
CC(C)CCOCCC(C)C,4.199781894683838,4.429060459136963,noname
CC(C)CCOCCC(C)C,4.199781894683838,4.415554523468018,noname
CC(C)CCOCCC(C)C,4.199781894683838,4.404253005981445,noname
CC(C)CCOCCC(C)C,4.199781894683838,4.400393486022949,noname
CC(C)CCOCCC(C)C,4.199781894683838,4.400393486022949,noname
CC(C)CCOCCC(C)C,4.199781894683838,5.004134178161621,noname
CC(C)CCOCCC(C)C,4.199781894683838,4.434654235839844,noname
CC(C)CCOCCC(C)C,4.199781894683838,5.004133701324463,noname
Cc1cccc(C)c1C,4.199004650115967,4.428138256072998,noname
Cc1cccc(C)c1C,4.199004650115967,4.487538814544678,noname
Cc1cccc(C)c1C,4.199004650115967,4.486046314239502,noname
Cc1cccc(C)c1C,4.199004650115967,4.469984531402588,noname
Cc1cccc(C)c1C,4.199004650115967,4.486046314239502,noname
Cc1cccc(C)c1C,4.199004650115967,4.487538814544678,noname
Cc1cccc(C)c1C,4.199004650115967,4.428138732910156,noname
Cc1cccc(C)c1C,4.199004650115967,4.503746509552002,noname
Cc1cccc(C)c1C,4.199004650115967,4.443089962005615,noname
Cc1cccc(C)c1C,4.199004650115967,5.123969554901123,noname
Cc1ccc(C(C)C)cc1,4.1878156661987305,4.376266956329346,noname
Cc1ccc(C(C)C)cc1,4.1878156661987305,4.428063869476318,noname
Cc1ccc(C(C)C)cc1,4.1878156661987305,4.450441837310791,noname
Cc1ccc(C(C)C)cc1,4.1878156661987305,4.458780765533447,noname
Cc1ccc(C(C)C)cc1,4.1878156661987305,4.4352030754089355,noname
Cc1ccc(C(C)C)cc1,4.1878156661987305,4.305876731872559,noname
Cc1ccc(C(C)C)cc1,4.1878156661987305,4.345339775085449,noname
Cc1ccc(C(C)C)cc1,4.1878156661987305,4.345339775085449,noname
Cc1ccc(C(C)C)cc1,4.1878156661987305,4.458780288696289,noname
Cc1ccc(C(C)C)cc1,4.1878156661987305,4.450441837310791,noname
Cc1ccc(C(C)C)cc1,4.1878156661987305,5.000349998474121,noname
Cc1ccc(C(C)C)cc1,4.1878156661987305,4.7747483253479,noname
CCCCOCCO,4.18754768371582,4.416076183319092,noname
CCCCOCCO,4.18754768371582,4.416684627532959,noname
CCCCOCCO,4.18754768371582,4.426844596862793,noname
CCCCOCCO,4.18754768371582,4.436546325683594,noname
CCCCOCCO,4.18754768371582,4.434192180633545,noname
CCCCOCCO,4.18754768371582,4.470468044281006,noname
CCCCOCCO,4.18754768371582,4.55415678024292,noname
CCCCOCCO,4.18754768371582,4.614681720733643,noname
CCCCOCCO,4.18754768371582,4.8766303062438965,noname
CCCCOCCO,4.18754768371582,4.434192180633545,noname
CCCCOCCO,4.18754768371582,5.0664963722229,noname
CC1=CCC(C(C)C)C=C1,4.177365779876709,4.710330009460449,noname
CC1=CCC(C(C)C)C=C1,4.177365779876709,4.734805583953857,noname
CC1=CCC(C(C)C)C=C1,4.177365779876709,4.719730854034424,noname
CC1=CCC(C(C)C)C=C1,4.177365779876709,4.669331073760986,noname
CC1=CCC(C(C)C)C=C1,4.177365779876709,4.645872592926025,noname
CC1=CCC(C(C)C)C=C1,4.177365779876709,4.595710754394531,noname
CC1=CCC(C(C)C)C=C1,4.177365779876709,4.62500524520874,noname
CC1=CCC(C(C)C)C=C1,4.177365779876709,4.62500524520874,noname
CC1=CCC(C(C)C)C=C1,4.177365779876709,4.721585750579834,noname
CC1=CCC(C(C)C)C=C1,4.177365779876709,4.745022296905518,noname
CC1=CCC(C(C)C)C=C1,4.177365779876709,4.995208740234375,noname
CC1=CCC(C(C)C)C=C1,4.177365779876709,4.795765399932861,noname
CCC(C)C1CCCCC1,4.175253868103027,4.545670032501221,noname
CCC(C)C1CCCCC1,4.175253868103027,4.557226181030273,noname
CCC(C)C1CCCCC1,4.175253868103027,4.554920673370361,noname
CCC(C)C1CCCCC1,4.175253868103027,4.552701473236084,noname
CCC(C)C1CCCCC1,4.175253868103027,4.570077896118164,noname
CCC(C)C1CCCCC1,4.175253868103027,4.578151226043701,noname
CCC(C)C1CCCCC1,4.175253868103027,4.5813117027282715,noname
CCC(C)C1CCCCC1,4.175253868103027,4.5822434425354,noname
CCC(C)C1CCCCC1,4.175253868103027,4.5813117027282715,noname
CCC(C)C1CCCCC1,4.175253868103027,4.578151226043701,noname
CCC(C)C1CCCCC1,4.175253868103027,5.042751789093018,noname
CCC(C)C1CCCCC1,4.175253868103027,5.010590076446533,noname
CCCCCCC(C)=O,4.164096832275391,4.533290386199951,noname
CCCCCCC(C)=O,4.164096832275391,4.561093807220459,noname
CCCCCCC(C)=O,4.164096832275391,4.577524185180664,noname
CCCCCCC(C)=O,4.164096832275391,4.587680816650391,noname
CCCCCCC(C)=O,4.164096832275391,4.58073616027832,noname
CCCCCCC(C)=O,4.164096832275391,4.564463138580322,noname
CCCCCCC(C)=O,4.164096832275391,4.5482964515686035,noname
CCCCCCC(C)=O,4.164096832275391,4.527280330657959,noname
CCCCCCC(C)=O,4.164096832275391,4.644643306732178,noname
CCCCCCC(C)=O,4.164096832275391,5.123969554901123,noname
CC=Cc1ccccc1,4.162111282348633,4.441195011138916,noname
CC=Cc1ccccc1,4.162111282348633,4.473442077636719,noname
CC=Cc1ccccc1,4.162111282348633,4.544844150543213,noname
CC=Cc1ccccc1,4.162111282348633,4.547080993652344,noname
CC=Cc1ccccc1,4.162111282348633,4.536834239959717,noname
CC=Cc1ccccc1,4.162111282348633,4.521824359893799,noname
CC=Cc1ccccc1,4.162111282348633,4.520520210266113,noname
CC=Cc1ccccc1,4.162111282348633,4.521823883056641,noname
CC=Cc1ccccc1,4.162111282348633,4.536834239959717,noname
CC=Cc1ccccc1,4.162111282348633,4.74627685546875,noname
CC=Cc1ccccc1,4.162111282348633,5.047108173370361,noname
O=Cc1ccccc1,4.148319721221924,4.762028694152832,noname
O=Cc1ccccc1,4.148319721221924,4.702313423156738,noname
O=Cc1ccccc1,4.148319721221924,4.68916654586792,noname
O=Cc1ccccc1,4.148319721221924,4.682697296142578,noname
O=Cc1ccccc1,4.148319721221924,4.667922019958496,noname
O=Cc1ccccc1,4.148319721221924,4.666646480560303,noname
O=Cc1ccccc1,4.148319721221924,4.667921543121338,noname
O=Cc1ccccc1,4.148319721221924,4.682697772979736,noname
O=Cc1ccccc1,4.148319721221924,5.123969554901123,noname
CCCC(=O)OCCC(C)C,4.137315273284912,4.4208903312683105,noname
CCCC(=O)OCCC(C)C,4.137315273284912,4.43892240524292,noname
CCCC(=O)OCCC(C)C,4.137315273284912,4.458980560302734,noname
CCCC(=O)OCCC(C)C,4.137315273284912,4.4687628746032715,noname
CCCC(=O)OCCC(C)C,4.137315273284912,4.4930901527404785,noname
CCCC(=O)OCCC(C)C,4.137315273284912,4.480729103088379,noname
CCCC(=O)OCCC(C)C,4.137315273284912,4.478993892669678,noname
CCCC(=O)OCCC(C)C,4.137315273284912,4.427943706512451,noname
CCCC(=O)OCCC(C)C,4.137315273284912,4.383728981018066,noname
CCCC(=O)OCCC(C)C,4.137315273284912,4.402634143829346,noname
CCCC(=O)OCCC(C)C,4.137315273284912,4.402634143829346,noname
CCCC(=O)OCCC(C)C,4.137315273284912,4.97924280166626,noname
CCCC(=O)OCCC(C)C,4.137315273284912,4.480729103088379,noname
CCCC(=O)OCCC(C)C,4.137315273284912,4.955652236938477,noname
C1=Cc2ccccc2C1,4.11134147644043,4.277329444885254,noname
C1=Cc2ccccc2C1,4.11134147644043,4.340002059936523,noname
C1=Cc2ccccc2C1,4.11134147644043,4.37039852142334,noname
C1=Cc2ccccc2C1,4.11134147644043,4.318578243255615,noname
C1=Cc2ccccc2C1,4.11134147644043,4.2991743087768555,noname
C1=Cc2ccccc2C1,4.11134147644043,4.2976579666137695,noname
C1=Cc2ccccc2C1,4.11134147644043,4.310658931732178,noname
C1=Cc2ccccc2C1,4.11134147644043,4.337194919586182,noname
C1=Cc2ccccc2C1,4.11134147644043,4.268131732940674,noname
C1=Cc2ccccc2C1,4.11134147644043,5.123969554901123,noname
CCCCc1ccccc1,4.102290630340576,4.368556976318359,noname
CCCCc1ccccc1,4.102290630340576,4.393917083740234,noname
CCCCc1ccccc1,4.102290630340576,4.40146541595459,noname
CCCCc1ccccc1,4.102290630340576,4.4323906898498535,noname
CCCCc1ccccc1,4.102290630340576,4.496786594390869,noname
CCCCc1ccccc1,4.102290630340576,4.493315696716309,noname
CCCCc1ccccc1,4.102290630340576,4.484206676483154,noname
CCCCc1ccccc1,4.102290630340576,4.486940860748291,noname
CCCCc1ccccc1,4.102290630340576,4.484206676483154,noname
CCCCc1ccccc1,4.102290630340576,4.49331521987915,noname
CCCCc1ccccc1,4.102290630340576,4.852485656738281,noname
CCCCc1ccccc1,4.102290630340576,5.082715034484863,noname
CCc1ccccc1CC,4.096376895904541,4.356584072113037,noname
CCc1ccccc1CC,4.096376895904541,4.33889102935791,noname
CCc1ccccc1CC,4.096376895904541,4.400805950164795,noname
CCc1ccccc1CC,4.096376895904541,4.4056925773620605,noname
CCc1ccccc1CC,4.096376895904541,4.39148473739624,noname
CCc1ccccc1CC,4.096376895904541,4.39148473739624,noname
CCc1ccccc1CC,4.096376895904541,4.4056925773620605,noname
CCc1ccccc1CC,4.096376895904541,4.400805950164795,noname
CCc1ccccc1CC,4.096376895904541,4.33889102935791,noname
CCc1ccccc1CC,4.096376895904541,4.356584072113037,noname
CCc1ccccc1CC,4.096376895904541,4.573660850524902,noname
CCc1ccccc1CC,4.096376895904541,4.573660850524902,noname
CCc1ccccc1CC,4.096376895904541,5.022578716278076,noname
CCc1ccc(CC)cc1,4.0940093994140625,4.359816551208496,noname
CCc1ccc(CC)cc1,4.0940093994140625,4.334060192108154,noname
CCc1ccc(CC)cc1,4.0940093994140625,4.397898197174072,noname
CCc1ccc(CC)cc1,4.0940093994140625,4.40976095199585,noname
CCc1ccc(CC)cc1,4.0940093994140625,4.40976095199585,noname
CCc1ccc(CC)cc1,4.0940093994140625,4.397898197174072,noname
CCc1ccc(CC)cc1,4.0940093994140625,4.334060192108154,noname
CCc1ccc(CC)cc1,4.0940093994140625,4.359817028045654,noname
CCc1ccc(CC)cc1,4.0940093994140625,4.409761428833008,noname
CCc1ccc(CC)cc1,4.0940093994140625,4.409761428833008,noname
CCc1ccc(CC)cc1,4.0940093994140625,4.566017150878906,noname
CCc1ccc(CC)cc1,4.0940093994140625,5.024566650390625,noname
CCc1ccc(CC)cc1,4.0940093994140625,4.566017150878906,noname
C1CCC2CCCCC2C1,4.0938520431518555,4.532475471496582,noname
C1CCC2CCCCC2C1,4.0938520431518555,4.532475471496582,noname
C1CCC2CCCCC2C1,4.0938520431518555,4.526193141937256,noname
C1CCC2CCCCC2C1,4.0938520431518555,4.50250768661499,noname
C1CCC2CCCCC2C1,4.0938520431518555,4.526193141937256,noname
C1CCC2CCCCC2C1,4.0938520431518555,4.532475471496582,noname
C1CCC2CCCCC2C1,4.0938520431518555,4.532475471496582,noname
C1CCC2CCCCC2C1,4.0938520431518555,4.526193618774414,noname
C1CCC2CCCCC2C1,4.0938520431518555,4.50250768661499,noname
C1CCC2CCCCC2C1,4.0938520431518555,4.526193141937256,noname
C1CCC2CCCCC2C1,4.0938520431518555,5.123969554901123,noname
C1CCC2(CC1)CCCC2,4.090922832489014,4.542501449584961,noname
C1CCC2(CC1)CCCC2,4.090922832489014,4.535328388214111,noname
C1CCC2(CC1)CCCC2,4.090922832489014,4.53385066986084,noname
C1CCC2(CC1)CCCC2,4.090922832489014,4.524487495422363,noname
C1CCC2(CC1)CCCC2,4.090922832489014,4.533850193023682,noname
C1CCC2(CC1)CCCC2,4.090922832489014,4.535328388214111,noname
C1CCC2(CC1)CCCC2,4.090922832489014,4.533850193023682,noname
C1CCC2(CC1)CCCC2,4.090922832489014,4.538197040557861,noname
C1CCC2(CC1)CCCC2,4.090922832489014,4.538197040557861,noname
C1CCC2(CC1)CCCC2,4.090922832489014,4.533850193023682,noname
C1CCC2(CC1)CCCC2,4.090922832489014,5.123969554901123,noname
CC1=CCC(=C(C)C)CC1,4.067671775817871,4.423642635345459,noname
CC1=CCC(=C(C)C)CC1,4.067671775817871,4.439208030700684,noname
CC1=CCC(=C(C)C)CC1,4.067671775817871,4.480151653289795,noname
CC1=CCC(=C(C)C)CC1,4.067671775817871,4.469182014465332,noname
CC1=CCC(=C(C)C)CC1,4.067671775817871,4.479273319244385,noname
CC1=CCC(=C(C)C)CC1,4.067671775817871,4.426991939544678,noname
CC1=CCC(=C(C)C)CC1,4.067671775817871,4.422060012817383,noname
CC1=CCC(=C(C)C)CC1,4.067671775817871,4.422060012817383,noname
CC1=CCC(=C(C)C)CC1,4.067671775817871,4.420608997344971,noname
CC1=CCC(=C(C)C)CC1,4.067671775817871,4.416434288024902,noname
CC1=CCC(=C(C)C)CC1,4.067671775817871,5.005959510803223,noname
CC1=CCC(=C(C)C)CC1,4.067671775817871,4.710153579711914,noname
CCOCc1ccccc1,4.043905258178711,4.340532302856445,noname
CCOCc1ccccc1,4.043905258178711,4.367500305175781,noname
CCOCc1ccccc1,4.043905258178711,4.387606620788574,noname
CCOCc1ccccc1,4.043905258178711,4.407855987548828,noname
CCOCc1ccccc1,4.043905258178711,4.41793966293335,noname
CCOCc1ccccc1,4.043905258178711,4.410218238830566,noname
CCOCc1ccccc1,4.043905258178711,4.404086589813232,noname
CCOCc1ccccc1,4.043905258178711,4.406933307647705,noname
CCOCc1ccccc1,4.043905258178711,4.404086589813232,noname
CCOCc1ccccc1,4.043905258178711,4.410218715667725,noname
CCOCc1ccccc1,4.043905258178711,4.618102550506592,noname
CCOCc1ccccc1,4.043905258178711,4.387606620788574,noname
CCOCc1ccccc1,4.043905258178711,4.407855987548828,noname
CCOCc1ccccc1,4.043905258178711,5.101419925689697,noname
CCC(CO)CC(C)C,4.0378570556640625,4.397143363952637,noname
CCC(CO)CC(C)C,4.0378570556640625,4.469690799713135,noname
CCC(CO)CC(C)C,4.0378570556640625,4.498754501342773,noname
CCC(CO)CC(C)C,4.0378570556640625,4.612229824066162,noname
CCC(CO)CC(C)C,4.0378570556640625,4.590047359466553,noname
CCC(CO)CC(C)C,4.0378570556640625,4.509044170379639,noname
CCC(CO)CC(C)C,4.0378570556640625,4.482726573944092,noname
CCC(CO)CC(C)C,4.0378570556640625,4.436549663543701,noname
CCC(CO)CC(C)C,4.0378570556640625,4.436549663543701,noname
CCC(CO)CC(C)C,4.0378570556640625,5.123969554901123,noname
CCCCCCCO,4.02193021774292,4.503537654876709,noname
CCCCCCCO,4.02193021774292,4.500540733337402,noname
CCCCCCCO,4.02193021774292,4.500046730041504,noname
CCCCCCCO,4.02193021774292,4.50032377243042,noname
CCCCCCCO,4.02193021774292,4.502610206604004,noname
CCCCCCCO,4.02193021774292,4.541776180267334,noname
CCCCCCCO,4.02193021774292,4.638865947723389,noname
CCCCCCCO,4.02193021774292,4.698692798614502,noname
CCCCCCCO,4.02193021774292,5.123969554901123,noname
CCCCCC(=O)OCCC,4.006162166595459,4.296577453613281,noname
CCCCCC(=O)OCCC,4.006162166595459,4.325455188751221,noname
CCCCCC(=O)OCCC,4.006162166595459,4.341711521148682,noname
CCCCCC(=O)OCCC,4.006162166595459,4.3426833152771,noname
CCCCCC(=O)OCCC,4.006162166595459,4.3382792472839355,noname
CCCCCC(=O)OCCC,4.006162166595459,4.322939872741699,noname
CCCCCC(=O)OCCC,4.006162166595459,4.334030628204346,noname
CCCCCC(=O)OCCC,4.006162166595459,4.335391521453857,noname
CCCCCC(=O)OCCC,4.006162166595459,4.326999664306641,noname
CCCCCC(=O)OCCC,4.006162166595459,4.314630031585693,noname
CCCCCC(=O)OCCC,4.006162166595459,4.293259143829346,noname
CCCCCC(=O)OCCC,4.006162166595459,4.638805866241455,noname
CCCCCC(=O)OCCC,4.006162166595459,5.092070579528809,noname
CCCCCC(=O)OCCC,4.006162166595459,4.335391521453857,noname
Oc1ccccc1,4.005874156951904,3.7318012714385986,noname
Oc1ccccc1,4.005874156951904,3.738974094390869,noname
Oc1ccccc1,4.005874156951904,3.5766355991363525,noname
Oc1ccccc1,4.005874156951904,3.530032157897949,noname
Oc1ccccc1,4.005874156951904,3.529407501220703,noname
Oc1ccccc1,4.005874156951904,3.530032157897949,noname
Oc1ccccc1,4.005874156951904,3.5766355991363525,noname
Oc1ccccc1,4.005874156951904,5.123969554901123,noname
CCCOc1ccccc1,3.9992055892944336,4.328148365020752,noname
CCCOc1ccccc1,3.9992055892944336,4.323929309844971,noname
CCCOc1ccccc1,3.9992055892944336,4.350078582763672,noname
CCCOc1ccccc1,3.9992055892944336,4.4189982414245605,noname
CCCOc1ccccc1,3.9992055892944336,4.423855304718018,noname
CCCOc1ccccc1,3.9992055892944336,4.428430557250977,noname
CCCOc1ccccc1,3.9992055892944336,4.424649715423584,noname
CCCOc1ccccc1,3.9992055892944336,4.427134037017822,noname
CCCOc1ccccc1,3.9992055892944336,4.424649715423584,noname
CCCOc1ccccc1,3.9992055892944336,4.428431034088135,noname
CCCOc1ccccc1,3.9992055892944336,4.7747368812561035,noname
CCCOc1ccccc1,3.9992055892944336,4.4189982414245605,noname
CCCOc1ccccc1,3.9992055892944336,5.082815647125244,noname
CCc1ccccc1OC,3.988658905029297,4.151559352874756,noname
CCc1ccccc1OC,3.988658905029297,4.160602569580078,noname
CCc1ccccc1OC,3.988658905029297,4.214698314666748,noname
CCc1ccccc1OC,3.988658905029297,4.211277008056641,noname
CCc1ccccc1OC,3.988658905029297,4.20138692855835,noname
CCc1ccccc1OC,3.988658905029297,4.202978134155273,noname
CCc1ccccc1OC,3.988658905029297,4.218020915985107,noname
CCc1ccccc1OC,3.988658905029297,4.246105194091797,noname
CCc1ccccc1OC,3.988658905029297,4.217107772827148,noname
CCc1ccccc1OC,3.988658905029297,4.196470737457275,noname
CCc1ccccc1OC,3.988658905029297,4.502589702606201,noname
CCc1ccccc1OC,3.988658905029297,4.288248062133789,noname
CCc1ccccc1OC,3.988658905029297,4.95310640335083,noname
C=Cc1cccc(CC)c1,3.97655987739563,4.233057498931885,noname
C=Cc1cccc(CC)c1,3.97655987739563,4.24902868270874,noname
C=Cc1cccc(CC)c1,3.97655987739563,4.284306526184082,noname
C=Cc1cccc(CC)c1,3.97655987739563,4.273691654205322,noname
C=Cc1cccc(CC)c1,3.97655987739563,4.2642388343811035,noname
C=Cc1cccc(CC)c1,3.97655987739563,4.271960735321045,noname
C=Cc1cccc(CC)c1,3.97655987739563,4.271453380584717,noname
C=Cc1cccc(CC)c1,3.97655987739563,4.1683526039123535,noname
C=Cc1cccc(CC)c1,3.97655987739563,4.176041126251221,noname
C=Cc1cccc(CC)c1,3.97655987739563,4.29694128036499,noname
C=Cc1cccc(CC)c1,3.97655987739563,5.051350116729736,noname
C=Cc1cccc(CC)c1,3.97655987739563,4.357369422912598,noname
CCCC(C)c1ccccc1,3.9615578651428223,4.136009693145752,noname
CCCC(C)c1ccccc1,3.9615578651428223,4.118052959442139,noname
CCCC(C)c1ccccc1,3.9615578651428223,4.137486934661865,noname
CCCC(C)c1ccccc1,3.9615578651428223,4.177321434020996,noname
CCCC(C)c1ccccc1,3.9615578651428223,4.208094596862793,noname
CCCC(C)c1ccccc1,3.9615578651428223,4.266606330871582,noname
CCCC(C)c1ccccc1,3.9615578651428223,4.2758355140686035,noname
CCCC(C)c1ccccc1,3.9615578651428223,4.267970561981201,noname
CCCC(C)c1ccccc1,3.9615578651428223,4.270087242126465,noname
CCCC(C)c1ccccc1,3.9615578651428223,4.267970561981201,noname
CCCC(C)c1ccccc1,3.9615578651428223,4.2758355140686035,noname
CCCC(C)c1ccccc1,3.9615578651428223,4.830682277679443,noname
CCCC(C)c1ccccc1,3.9615578651428223,5.03434944152832,noname
C=Cc1cc(C)ccc1C,3.9573283195495605,4.1301589012146,noname
C=Cc1cc(C)ccc1C,3.9573283195495605,4.155095100402832,noname
C=Cc1cc(C)ccc1C,3.9573283195495605,4.181737422943115,noname
C=Cc1cc(C)ccc1C,3.9573283195495605,4.17506217956543,noname
C=Cc1cc(C)ccc1C,3.9573283195495605,4.136035919189453,noname
C=Cc1cc(C)ccc1C,3.9573283195495605,4.107089519500732,noname
C=Cc1cc(C)ccc1C,3.9573283195495605,4.1387939453125,noname
C=Cc1cc(C)ccc1C,3.9573283195495605,4.1463303565979,noname
C=Cc1cc(C)ccc1C,3.9573283195495605,4.150973796844482,noname
C=Cc1cc(C)ccc1C,3.9573283195495605,4.11558723449707,noname
C=Cc1cc(C)ccc1C,3.9573283195495605,5.123969554901123,noname
CC(C)CCOC(=O)CC(C)C,3.95296049118042,4.217045307159424,noname
CC(C)CCOC(=O)CC(C)C,3.95296049118042,4.272603511810303,noname
CC(C)CCOC(=O)CC(C)C,3.95296049118042,4.217045307159424,noname
CC(C)CCOC(=O)CC(C)C,3.95296049118042,4.255090236663818,noname
CC(C)CCOC(=O)CC(C)C,3.95296049118042,4.23957633972168,noname
CC(C)CCOC(=O)CC(C)C,3.95296049118042,4.2136430740356445,noname
CC(C)CCOC(=O)CC(C)C,3.95296049118042,4.186457633972168,noname
CC(C)CCOC(=O)CC(C)C,3.95296049118042,4.217250823974609,noname
CC(C)CCOC(=O)CC(C)C,3.95296049118042,4.225696563720703,noname
CC(C)CCOC(=O)CC(C)C,3.95296049118042,4.2512102127075195,noname
CC(C)CCOC(=O)CC(C)C,3.95296049118042,4.214940071105957,noname
CC(C)CCOC(=O)CC(C)C,3.95296049118042,4.214940071105957,noname
CC(C)CCOC(=O)CC(C)C,3.95296049118042,4.867458343505859,noname
CC(C)CCOC(=O)CC(C)C,3.95296049118042,4.2136430740356445,noname
CC(C)CCOC(=O)CC(C)C,3.95296049118042,4.979284763336182,noname
C=CCCCCCCCCC,3.9449291229248047,4.249324321746826,noname
C=CCCCCCCCCC,3.9449291229248047,4.2733941078186035,noname
C=CCCCCCCCCC,3.9449291229248047,4.280322551727295,noname
C=CCCCCCCCCC,3.9449291229248047,4.272751331329346,noname
C=CCCCCCCCCC,3.9449291229248047,4.265121936798096,noname
C=CCCCCCCCCC,3.9449291229248047,4.26304292678833,noname
C=CCCCCCCCCC,3.9449291229248047,4.26304292678833,noname
C=CCCCCCCCCC,3.9449291229248047,4.262719631195068,noname
C=CCCCCCCCCC,3.9449291229248047,4.252878189086914,noname
C=CCCCCCCCCC,3.9449291229248047,4.246585845947266,noname
C=CCCCCCCCCC,3.9449291229248047,4.239051342010498,noname
C=CCCCCCCCCC,3.9449291229248047,5.123969554901123,noname
CC(C)=CCCC(C)O,3.9316933155059814,4.228062629699707,noname
CC(C)=CCCC(C)O,3.9316933155059814,4.2357282638549805,noname
CC(C)=CCCC(C)O,3.9316933155059814,4.228062629699707,noname
CC(C)=CCCC(C)O,3.9316933155059814,4.249427795410156,noname
CC(C)=CCCC(C)O,3.9316933155059814,4.219062805175781,noname
CC(C)=CCCC(C)O,3.9316933155059814,4.290257453918457,noname
CC(C)=CCCC(C)O,3.9316933155059814,4.464744567871094,noname
CC(C)=CCCC(C)O,3.9316933155059814,4.306861400604248,noname
CC(C)=CCCC(C)O,3.9316933155059814,4.5682597160339355,noname
CC(C)=CCCC(C)O,3.9316933155059814,4.746356010437012,noname
CC(C)=CCCC(C)O,3.9316933155059814,5.006785869598389,noname
CCCCC(CC)CO,3.9203550815582275,4.331751823425293,noname
CCCCC(CC)CO,3.9203550815582275,4.383840560913086,noname
CCCCC(CC)CO,3.9203550815582275,4.391027450561523,noname
CCCCC(CC)CO,3.9203550815582275,4.409189224243164,noname
CCCCC(CC)CO,3.9203550815582275,4.381880760192871,noname
CCCCC(CC)CO,3.9203550815582275,4.364914894104004,noname
CCCCC(CC)CO,3.9203550815582275,4.290836811065674,noname
CCCCC(CC)CO,3.9203550815582275,4.4709153175354,noname
CCCCC(CC)CO,3.9203550815582275,4.512043476104736,noname
CCCCC(CC)CO,3.9203550815582275,5.123969554901123,noname
Cc1cc(C)c(C)cc1C,3.911346912384033,4.078229904174805,noname
Cc1cc(C)c(C)cc1C,3.911346912384033,4.102795600891113,noname
Cc1cc(C)c(C)cc1C,3.911346912384033,4.121060371398926,noname
Cc1cc(C)c(C)cc1C,3.911346912384033,4.102795600891113,noname
Cc1cc(C)c(C)cc1C,3.911346912384033,4.078230381011963,noname
Cc1cc(C)c(C)cc1C,3.911346912384033,4.102795600891113,noname
Cc1cc(C)c(C)cc1C,3.911346912384033,4.078230381011963,noname
Cc1cc(C)c(C)cc1C,3.911346912384033,4.121060371398926,noname
Cc1cc(C)c(C)cc1C,3.911346912384033,4.102795600891113,noname
Cc1cc(C)c(C)cc1C,3.911346912384033,4.078230381011963,noname
Cc1cc(C)c(C)cc1C,3.911346912384033,5.123969554901123,noname
CCCCCCCC(C)=O,3.906723737716675,4.360545635223389,noname
CCCCCCCC(C)=O,3.906723737716675,4.3611297607421875,noname
CCCCCCCC(C)=O,3.906723737716675,4.3788065910339355,noname
CCCCCCCC(C)=O,3.906723737716675,4.3915510177612305,noname
CCCCCCCC(C)=O,3.906723737716675,4.391085147857666,noname
CCCCCCCC(C)=O,3.906723737716675,4.381515979766846,noname
CCCCCCCC(C)=O,3.906723737716675,4.38250207901001,noname
CCCCCCCC(C)=O,3.906723737716675,4.400038242340088,noname
CCCCCCCC(C)=O,3.906723737716675,4.3850579261779785,noname
CCCCCCCC(C)=O,3.906723737716675,4.478638172149658,noname
CCCCCCCC(C)=O,3.906723737716675,5.123969554901123,noname
CCCCCCCCCCC,3.892554759979248,4.297334671020508,noname
CCCCCCCCCCC,3.892554759979248,4.310849189758301,noname
CCCCCCCCCCC,3.892554759979248,4.320371150970459,noname
CCCCCCCCCCC,3.892554759979248,4.330036163330078,noname
CCCCCCCCCCC,3.892554759979248,4.330539226531982,noname
CCCCCCCCCCC,3.892554759979248,4.330539226531982,noname
CCCCCCCCCCC,3.892554759979248,4.330539226531982,noname
CCCCCCCCCCC,3.892554759979248,4.330036640167236,noname
CCCCCCCCCCC,3.892554759979248,4.320371150970459,noname
CCCCCCCCCCC,3.892554759979248,4.310848712921143,noname
CCCCCCCCCCC,3.892554759979248,4.29733419418335,noname
CCCCCCCCCCC,3.892554759979248,5.123969554901123,noname
O=Cc1ccccc1O,3.876021385192871,3.281935453414917,noname
O=Cc1ccccc1O,3.876021385192871,3.2832257747650146,noname
O=Cc1ccccc1O,3.876021385192871,3.31892728805542,noname
O=Cc1ccccc1O,3.876021385192871,3.295020818710327,noname
O=Cc1ccccc1O,3.876021385192871,3.281277656555176,noname
O=Cc1ccccc1O,3.876021385192871,3.2863311767578125,noname
O=Cc1ccccc1O,3.876021385192871,3.310991048812866,noname
O=Cc1ccccc1O,3.876021385192871,3.433295249938965,noname
O=Cc1ccccc1O,3.876021385192871,3.411388635635376,noname
O=Cc1ccccc1O,3.876021385192871,5.123969554901123,noname
C=Cc1cccc(C=C)c1,3.8694798946380615,4.080986022949219,noname
C=Cc1cccc(C=C)c1,3.8694798946380615,4.098295211791992,noname
C=Cc1cccc(C=C)c1,3.8694798946380615,4.13092041015625,noname
C=Cc1cccc(C=C)c1,3.8694798946380615,4.12617301940918,noname
C=Cc1cccc(C=C)c1,3.8694798946380615,4.117270469665527,noname
C=Cc1cccc(C=C)c1,3.8694798946380615,4.1261725425720215,noname
C=Cc1cccc(C=C)c1,3.8694798946380615,4.130919933319092,noname
C=Cc1cccc(C=C)c1,3.8694798946380615,4.09829568862915,noname
C=Cc1cccc(C=C)c1,3.8694798946380615,4.080986022949219,noname
C=Cc1cccc(C=C)c1,3.8694798946380615,4.1435699462890625,noname
C=Cc1cccc(C=C)c1,3.8694798946380615,5.123969554901123,noname
Cc1cc(C)c(C)c(C)c1,3.8683319091796875,4.082253456115723,noname
Cc1cc(C)c(C)c(C)c1,3.8683319091796875,4.100255966186523,noname
Cc1cc(C)c(C)c(C)c1,3.8683319091796875,4.123908042907715,noname
Cc1cc(C)c(C)c(C)c1,3.8683319091796875,4.122523784637451,noname
Cc1cc(C)c(C)c(C)c1,3.8683319091796875,4.093181133270264,noname
Cc1cc(C)c(C)c(C)c1,3.8683319091796875,4.129632472991943,noname
Cc1cc(C)c(C)c(C)c1,3.8683319091796875,4.099211692810059,noname
Cc1cc(C)c(C)c(C)c1,3.8683319091796875,4.122523784637451,noname
Cc1cc(C)c(C)c(C)c1,3.8683319091796875,4.093181133270264,noname
Cc1cc(C)c(C)c(C)c1,3.8683319091796875,4.123908042907715,noname
Cc1cc(C)c(C)c(C)c1,3.8683319091796875,5.123969554901123,noname
CCOC(=O)c1ccco1,3.8450756072998047,4.041783809661865,noname
CCOC(=O)c1ccco1,3.8450756072998047,4.054195404052734,noname
CCOC(=O)c1ccco1,3.8450756072998047,4.102712154388428,noname
CCOC(=O)c1ccco1,3.8450756072998047,4.146501064300537,noname
CCOC(=O)c1ccco1,3.8450756072998047,4.17979097366333,noname
CCOC(=O)c1ccco1,3.8450756072998047,4.157902240753174,noname
CCOC(=O)c1ccco1,3.8450756072998047,4.127374649047852,noname
CCOC(=O)c1ccco1,3.8450756072998047,4.110669136047363,noname
CCOC(=O)c1ccco1,3.8450756072998047,4.120460510253906,noname
CCOC(=O)c1ccco1,3.8450756072998047,4.149964809417725,noname
CCOC(=O)c1ccco1,3.8450756072998047,4.174365997314453,noname
CCOC(=O)c1ccco1,3.8450756072998047,4.102712154388428,noname
CCOC(=O)c1ccco1,3.8450756072998047,4.506768226623535,noname
CCOC(=O)c1ccco1,3.8450756072998047,4.884828090667725,noname
CC(=O)Oc1ccccc1,3.829331874847412,3.9038238525390625,noname
CC(=O)Oc1ccccc1,3.829331874847412,3.9831910133361816,noname
CC(=O)Oc1ccccc1,3.829331874847412,4.025973320007324,noname
CC(=O)Oc1ccccc1,3.829331874847412,3.9983410835266113,noname
CC(=O)Oc1ccccc1,3.829331874847412,4.02266263961792,noname
CC(=O)Oc1ccccc1,3.829331874847412,3.9800713062286377,noname
CC(=O)Oc1ccccc1,3.829331874847412,3.9646310806274414,noname
CC(=O)Oc1ccccc1,3.829331874847412,3.9652609825134277,noname
CC(=O)Oc1ccccc1,3.829331874847412,3.9646310806274414,noname
CC(=O)Oc1ccccc1,3.829331874847412,3.9800713062286377,noname
CC(=O)Oc1ccccc1,3.829331874847412,4.609495639801025,noname
CC(=O)Oc1ccccc1,3.829331874847412,3.9983410835266113,noname
CC(=O)Oc1ccccc1,3.829331874847412,4.81238317489624,noname
C=Cc1ccc(C(C)C)cc1,3.8277978897094727,4.054810047149658,noname
C=Cc1ccc(C(C)C)cc1,3.8277978897094727,4.073813438415527,noname
C=Cc1ccc(C(C)C)cc1,3.8277978897094727,4.102569103240967,noname
C=Cc1ccc(C(C)C)cc1,3.8277978897094727,4.102718830108643,noname
C=Cc1ccc(C(C)C)cc1,3.8277978897094727,4.101981163024902,noname
C=Cc1ccc(C(C)C)cc1,3.8277978897094727,4.074975490570068,noname
C=Cc1ccc(C(C)C)cc1,3.8277978897094727,3.96724796295166,noname
C=Cc1ccc(C(C)C)cc1,3.8277978897094727,3.9814071655273438,noname
C=Cc1ccc(C(C)C)cc1,3.8277978897094727,3.9814071655273438,noname
C=Cc1ccc(C(C)C)cc1,3.8277978897094727,4.101981163024902,noname
C=Cc1ccc(C(C)C)cc1,3.8277978897094727,4.102718353271484,noname
C=Cc1ccc(C(C)C)cc1,3.8277978897094727,5.000349521636963,noname
C=Cc1ccc(C(C)C)cc1,3.8277978897094727,4.3763017654418945,noname
CC12CCC(C1)C(C)(C)C2O,3.812310218811035,3.144286632537842,noname
CC12CCC(C1)C(C)(C)C2O,3.812310218811035,3.2325210571289062,noname
CC12CCC(C1)C(C)(C)C2O,3.812310218811035,3.1552772521972656,noname
CC12CCC(C1)C(C)(C)C2O,3.812310218811035,3.1535160541534424,noname
CC12CCC(C1)C(C)(C)C2O,3.812310218811035,3.110184669494629,noname
CC12CCC(C1)C(C)(C)C2O,3.812310218811035,3.151547431945801,noname
CC12CCC(C1)C(C)(C)C2O,3.812310218811035,3.125028371810913,noname
CC12CCC(C1)C(C)(C)C2O,3.812310218811035,3.087606906890869,noname
CC12CCC(C1)C(C)(C)C2O,3.812310218811035,3.087606906890869,noname
CC12CCC(C1)C(C)(C)C2O,3.812310218811035,3.345186710357666,noname
CC12CCC(C1)C(C)(C)C2O,3.812310218811035,3.3862662315368652,noname
CC12CCC(C1)C(C)(C)C2O,3.812310218811035,5.123969554901123,noname
CC(=O)c1ccccc1,3.808396816253662,4.30205774307251,noname
CC(=O)c1ccccc1,3.808396816253662,4.348055362701416,noname
CC(=O)c1ccccc1,3.808396816253662,4.450395107269287,noname
CC(=O)c1ccccc1,3.808396816253662,4.3706560134887695,noname
CC(=O)c1ccccc1,3.808396816253662,4.357187747955322,noname
CC(=O)c1ccccc1,3.808396816253662,4.335203170776367,noname
CC(=O)c1ccccc1,3.808396816253662,4.333557605743408,noname
CC(=O)c1ccccc1,3.808396816253662,4.335203170776367,noname
CC(=O)c1ccccc1,3.808396816253662,4.357187747955322,noname
CC(=O)c1ccccc1,3.808396816253662,4.833120822906494,noname
CC(=O)c1ccccc1,3.808396816253662,4.953212261199951,noname
COC(=O)CCC(C)=O,3.8025450706481934,4.463104248046875,noname
COC(=O)CCC(C)=O,3.8025450706481934,4.495304584503174,noname
COC(=O)CCC(C)=O,3.8025450706481934,4.50128698348999,noname
COC(=O)CCC(C)=O,3.8025450706481934,4.583771228790283,noname
COC(=O)CCC(C)=O,3.8025450706481934,4.442709445953369,noname
COC(=O)CCC(C)=O,3.8025450706481934,4.445650577545166,noname
COC(=O)CCC(C)=O,3.8025450706481934,4.474551677703857,noname
COC(=O)CCC(C)=O,3.8025450706481934,4.461164474487305,noname
COC(=O)CCC(C)=O,3.8025450706481934,4.625974178314209,noname
COC(=O)CCC(C)=O,3.8025450706481934,4.773126125335693,noname
COC(=O)CCC(C)=O,3.8025450706481934,5.022824764251709,noname
CCOC(=O)C(=O)OCC,3.79298996925354,4.161040782928467,noname
CCOC(=O)C(=O)OCC,3.79298996925354,4.162971019744873,noname
CCOC(=O)C(=O)OCC,3.79298996925354,4.227804660797119,noname
CCOC(=O)C(=O)OCC,3.79298996925354,4.279783248901367,noname
CCOC(=O)C(=O)OCC,3.79298996925354,4.320791721343994,noname
CCOC(=O)C(=O)OCC,3.79298996925354,4.279783248901367,noname
CCOC(=O)C(=O)OCC,3.79298996925354,4.320791721343994,noname
CCOC(=O)C(=O)OCC,3.79298996925354,4.227804660797119,noname
CCOC(=O)C(=O)OCC,3.79298996925354,4.162971019744873,noname
CCOC(=O)C(=O)OCC,3.79298996925354,4.161041259765625,noname
CCOC(=O)C(=O)OCC,3.79298996925354,4.453096389770508,noname
CCOC(=O)C(=O)OCC,3.79298996925354,4.227804660797119,noname
CCOC(=O)C(=O)OCC,3.79298996925354,4.97418737411499,noname
CCOC(=O)C(=O)OCC,3.79298996925354,4.227804660797119,noname
CCOC(=O)C(=O)OCC,3.79298996925354,4.453096389770508,noname
CC(C)=CC(=O)C=C(C)C,3.774634838104248,4.012913227081299,noname
CC(C)=CC(=O)C=C(C)C,3.774634838104248,4.015908241271973,noname
CC(C)=CC(=O)C=C(C)C,3.774634838104248,4.012913227081299,noname
CC(C)=CC(=O)C=C(C)C,3.774634838104248,4.083010673522949,noname
CC(C)=CC(=O)C=C(C)C,3.774634838104248,4.136200904846191,noname
CC(C)=CC(=O)C=C(C)C,3.774634838104248,4.122629165649414,noname
CC(C)=CC(=O)C=C(C)C,3.774634838104248,4.083010673522949,noname
CC(C)=CC(=O)C=C(C)C,3.774634838104248,4.015908718109131,noname
CC(C)=CC(=O)C=C(C)C,3.774634838104248,4.012913703918457,noname
CC(C)=CC(=O)C=C(C)C,3.774634838104248,4.012913703918457,noname
CC(C)=CC(=O)C=C(C)C,3.774634838104248,4.632702350616455,noname
CC(C)=CC(=O)C=C(C)C,3.774634838104248,4.8379364013671875,noname
CC(C)=CC(=O)C=C(C)C,3.774634838104248,4.632702827453613,noname
Cc1ccc(C)c(C)c1C,3.7654988765716553,4.1184797286987305,noname
Cc1ccc(C)c(C)c1C,3.7654988765716553,4.143719673156738,noname
Cc1ccc(C)c(C)c1C,3.7654988765716553,4.133159637451172,noname
Cc1ccc(C)c(C)c1C,3.7654988765716553,4.133159637451172,noname
Cc1ccc(C)c(C)c1C,3.7654988765716553,4.143719673156738,noname
Cc1ccc(C)c(C)c1C,3.7654988765716553,4.1184797286987305,noname
Cc1ccc(C)c(C)c1C,3.7654988765716553,4.169901371002197,noname
Cc1ccc(C)c(C)c1C,3.7654988765716553,4.129034519195557,noname
Cc1ccc(C)c(C)c1C,3.7654988765716553,4.169901371002197,noname
Cc1ccc(C)c(C)c1C,3.7654988765716553,4.129034042358398,noname
Cc1ccc(C)c(C)c1C,3.7654988765716553,5.123969554901123,noname
CC1(C)CCC(=O)O1,3.753344774246216,4.416020393371582,noname
CC1(C)CCC(=O)O1,3.753344774246216,4.373629570007324,noname
CC1(C)CCC(=O)O1,3.753344774246216,4.416020393371582,noname
CC1(C)CCC(=O)O1,3.753344774246216,4.386017322540283,noname
CC1(C)CCC(=O)O1,3.753344774246216,4.274683475494385,noname
CC1(C)CCC(=O)O1,3.753344774246216,4.371345520019531,noname
CC1(C)CCC(=O)O1,3.753344774246216,4.41127347946167,noname
CC1(C)CCC(=O)O1,3.753344774246216,4.455822944641113,noname
CC1(C)CCC(=O)O1,3.753344774246216,5.123969554901123,noname
CCOC(=O)CC(=O)OCC,3.7508649826049805,3.9252800941467285,noname
CCOC(=O)CC(=O)OCC,3.7508649826049805,3.944547176361084,noname
CCOC(=O)CC(=O)OCC,3.7508649826049805,3.986819267272949,noname
CCOC(=O)CC(=O)OCC,3.7508649826049805,4.05283260345459,noname
CCOC(=O)CC(=O)OCC,3.7508649826049805,4.07745885848999,noname
CCOC(=O)CC(=O)OCC,3.7508649826049805,4.018301963806152,noname
CCOC(=O)CC(=O)OCC,3.7508649826049805,4.05283260345459,noname
CCOC(=O)CC(=O)OCC,3.7508649826049805,4.077458381652832,noname
CCOC(=O)CC(=O)OCC,3.7508649826049805,3.9868195056915283,noname
CCOC(=O)CC(=O)OCC,3.7508649826049805,3.944547176361084,noname
CCOC(=O)CC(=O)OCC,3.7508649826049805,3.9252798557281494,noname
CCOC(=O)CC(=O)OCC,3.7508649826049805,4.1942009925842285,noname
CCOC(=O)CC(=O)OCC,3.7508649826049805,3.986819267272949,noname
CCOC(=O)CC(=O)OCC,3.7508649826049805,5.00111198425293,noname
CCOC(=O)CC(=O)OCC,3.7508649826049805,3.9868195056915283,noname
CCOC(=O)CC(=O)OCC,3.7508649826049805,4.1942009925842285,noname
CCc1cc(C)c(C)cc1C,3.740898370742798,3.7388641834259033,noname
CCc1cc(C)c(C)cc1C,3.740898370742798,3.7391529083251953,noname
CCc1cc(C)c(C)cc1C,3.740898370742798,3.886138916015625,noname
CCc1cc(C)c(C)cc1C,3.740898370742798,3.926259756088257,noname
CCc1cc(C)c(C)cc1C,3.740898370742798,3.8923630714416504,noname
CCc1cc(C)c(C)cc1C,3.740898370742798,3.802403688430786,noname
CCc1cc(C)c(C)cc1C,3.740898370742798,3.8880810737609863,noname
CCc1cc(C)c(C)cc1C,3.740898370742798,3.802403211593628,noname
CCc1cc(C)c(C)cc1C,3.740898370742798,3.9254117012023926,noname
CCc1cc(C)c(C)cc1C,3.740898370742798,3.89115571975708,noname
CCc1cc(C)c(C)cc1C,3.740898370742798,3.802476644515991,noname
CCc1cc(C)c(C)cc1C,3.740898370742798,4.0463337898254395,noname
CCc1cc(C)c(C)cc1C,3.740898370742798,5.047272205352783,noname
CCCCCCCCO,3.7196364402770996,4.332775592803955,noname
CCCCCCCCO,3.7196364402770996,4.330795764923096,noname
CCCCCCCCO,3.7196364402770996,4.33568811416626,noname
CCCCCCCCO,3.7196364402770996,4.337881565093994,noname
CCCCCCCCO,3.7196364402770996,4.338329792022705,noname
CCCCCCCCO,3.7196364402770996,4.339180946350098,noname
CCCCCCCCO,3.7196364402770996,4.380932331085205,noname
CCCCCCCCO,3.7196364402770996,4.470570087432861,noname
CCCCCCCCO,3.7196364402770996,4.5243821144104,noname
CCCCCCCCO,3.7196364402770996,5.123969554901123,noname
O=CC(=O)c1ccccc1,3.6995534896850586,3.923095226287842,noname
O=CC(=O)c1ccccc1,3.6995534896850586,3.8704469203948975,noname
O=CC(=O)c1ccccc1,3.6995534896850586,3.8904733657836914,noname
O=CC(=O)c1ccccc1,3.6995534896850586,3.9224467277526855,noname
O=CC(=O)c1ccccc1,3.6995534896850586,3.880272388458252,noname
O=CC(=O)c1ccccc1,3.6995534896850586,3.8440563678741455,noname
O=CC(=O)c1ccccc1,3.6995534896850586,3.825679063796997,noname
O=CC(=O)c1ccccc1,3.6995534896850586,3.8253867626190186,noname
O=CC(=O)c1ccccc1,3.6995534896850586,3.825678825378418,noname
O=CC(=O)c1ccccc1,3.6995534896850586,3.8440563678741455,noname
O=CC(=O)c1ccccc1,3.6995534896850586,4.825316905975342,noname
O=CC(=O)c1ccccc1,3.6995534896850586,4.805888652801514,noname
C=Cc1ccc(OC)cc1,3.6881983280181885,4.0908966064453125,noname
C=Cc1ccc(OC)cc1,3.6881983280181885,4.106754779815674,noname
C=Cc1ccc(OC)cc1,3.6881983280181885,4.136390686035156,noname
C=Cc1ccc(OC)cc1,3.6881983280181885,4.134765148162842,noname
C=Cc1ccc(OC)cc1,3.6881983280181885,4.136490821838379,noname
C=Cc1ccc(OC)cc1,3.6881983280181885,4.138865947723389,noname
C=Cc1ccc(OC)cc1,3.6881983280181885,4.1117682456970215,noname
C=Cc1ccc(OC)cc1,3.6881983280181885,4.08491325378418,noname
C=Cc1ccc(OC)cc1,3.6881983280181885,4.136490821838379,noname
C=Cc1ccc(OC)cc1,3.6881983280181885,4.134764671325684,noname
C=Cc1ccc(OC)cc1,3.6881983280181885,5.013760089874268,noname
C=Cc1ccc(OC)cc1,3.6881983280181885,4.318211078643799,noname
CCOCCOCCO,3.6786673069000244,4.324245929718018,noname
CCOCCOCCO,3.6786673069000244,4.372647762298584,noname
CCOCCOCCO,3.6786673069000244,4.373737812042236,noname
CCOCCOCCO,3.6786673069000244,4.386625289916992,noname
CCOCCOCCO,3.6786673069000244,4.382785320281982,noname
CCOCCOCCO,3.6786673069000244,4.381115436553955,noname
CCOCCOCCO,3.6786673069000244,4.367658615112305,noname
CCOCCOCCO,3.6786673069000244,4.364902019500732,noname
CCOCCOCCO,3.6786673069000244,4.40935754776001,noname
CCOCCOCCO,3.6786673069000244,4.403402805328369,noname
CCOCCOCCO,3.6786673069000244,4.373737812042236,noname
CCOCCOCCO,3.6786673069000244,4.451122283935547,noname
CCOCCOCCO,3.6786673069000244,4.381115436553955,noname
CCOCCOCCO,3.6786673069000244,4.995601177215576,noname
Cc1cccc(O)c1C,3.663632392883301,3.288896083831787,noname
Cc1cccc(O)c1C,3.663632392883301,3.3203020095825195,noname
Cc1cccc(O)c1C,3.663632392883301,3.3120126724243164,noname
Cc1cccc(O)c1C,3.663632392883301,3.312936544418335,noname
Cc1cccc(O)c1C,3.663632392883301,3.330613136291504,noname
Cc1cccc(O)c1C,3.663632392883301,3.468097448348999,noname
Cc1cccc(O)c1C,3.663632392883301,3.446200370788574,noname
Cc1cccc(O)c1C,3.663632392883301,3.337851047515869,noname
Cc1cccc(O)c1C,3.663632392883301,3.2995619773864746,noname
Cc1cccc(O)c1C,3.663632392883301,5.123969554901123,noname
CCc1ccccc1O,3.6617207527160645,3.3348264694213867,noname
CCc1ccccc1O,3.6617207527160645,3.3362913131713867,noname
CCc1ccccc1O,3.6617207527160645,3.4117844104766846,noname
CCc1ccccc1O,3.6617207527160645,3.3787879943847656,noname
CCc1ccccc1O,3.6617207527160645,3.365906000137329,noname
CCc1ccccc1O,3.6617207527160645,3.3717708587646484,noname
CCc1ccccc1O,3.6617207527160645,3.4087421894073486,noname
CCc1ccccc1O,3.6617207527160645,3.5416693687438965,noname
CCc1ccccc1O,3.6617207527160645,3.5014901161193848,noname
CCc1ccccc1O,3.6617207527160645,3.4078545570373535,noname
CCc1ccccc1O,3.6617207527160645,5.028129577636719,noname
CCOC(=O)CCC(C)=O,3.6588997840881348,4.255764484405518,noname
CCOC(=O)CCC(C)=O,3.6588997840881348,4.259444236755371,noname
CCOC(=O)CCC(C)=O,3.6588997840881348,4.29339075088501,noname
CCOC(=O)CCC(C)=O,3.6588997840881348,4.311009883880615,noname
CCOC(=O)CCC(C)=O,3.6588997840881348,4.361111164093018,noname
CCOC(=O)CCC(C)=O,3.6588997840881348,4.27794885635376,noname
CCOC(=O)CCC(C)=O,3.6588997840881348,4.276843070983887,noname
CCOC(=O)CCC(C)=O,3.6588997840881348,4.296786785125732,noname
CCOC(=O)CCC(C)=O,3.6588997840881348,4.293572902679443,noname
CCOC(=O)CCC(C)=O,3.6588997840881348,4.406241416931152,noname
CCOC(=O)CCC(C)=O,3.6588997840881348,4.488494873046875,noname
CCOC(=O)CCC(C)=O,3.6588997840881348,4.29339075088501,noname
CCOC(=O)CCC(C)=O,3.6588997840881348,5.047269344329834,noname
CC(=O)CCC(=O)OC(C)C,3.64963436126709,4.0926337242126465,noname
CC(=O)CCC(=O)OC(C)C,3.64963436126709,4.114799499511719,noname
CC(=O)CCC(=O)OC(C)C,3.64963436126709,4.222911357879639,noname
CC(=O)CCC(=O)OC(C)C,3.64963436126709,4.095924377441406,noname
CC(=O)CCC(=O)OC(C)C,3.64963436126709,4.093142509460449,noname
CC(=O)CCC(=O)OC(C)C,3.64963436126709,4.1164984703063965,noname
CC(=O)CCC(=O)OC(C)C,3.64963436126709,4.169918060302734,noname
CC(=O)CCC(=O)OC(C)C,3.64963436126709,4.092500686645508,noname
CC(=O)CCC(=O)OC(C)C,3.64963436126709,4.0121870040893555,noname
CC(=O)CCC(=O)OC(C)C,3.64963436126709,4.019269943237305,noname
CC(=O)CCC(=O)OC(C)C,3.64963436126709,4.019269943237305,noname
CC(=O)CCC(=O)OC(C)C,3.64963436126709,4.4832539558410645,noname
CC(=O)CCC(=O)OC(C)C,3.64963436126709,5.027324676513672,noname
CC(=O)CCC(=O)OC(C)C,3.64963436126709,4.092500686645508,noname
CC1(C)C2CCC1(C)C(OC=O)C2,3.601414203643799,3.1456098556518555,noname
CC1(C)C2CCC1(C)C(OC=O)C2,3.601414203643799,3.167180061340332,noname
CC1(C)C2CCC1(C)C(OC=O)C2,3.601414203643799,3.1456098556518555,noname
CC1(C)C2CCC1(C)C(OC=O)C2,3.601414203643799,3.161236047744751,noname
CC1(C)C2CCC1(C)C(OC=O)C2,3.601414203643799,3.126537799835205,noname
CC1(C)C2CCC1(C)C(OC=O)C2,3.601414203643799,3.160177707672119,noname
CC1(C)C2CCC1(C)C(OC=O)C2,3.601414203643799,3.163519859313965,noname
CC1(C)C2CCC1(C)C(OC=O)C2,3.601414203643799,3.16571044921875,noname
CC1(C)C2CCC1(C)C(OC=O)C2,3.601414203643799,3.180504083633423,noname
CC1(C)C2CCC1(C)C(OC=O)C2,3.601414203643799,3.1356232166290283,noname
CC1(C)C2CCC1(C)C(OC=O)C2,3.601414203643799,3.0767621994018555,noname
CC1(C)C2CCC1(C)C(OC=O)C2,3.601414203643799,3.076810836791992,noname
CC1(C)C2CCC1(C)C(OC=O)C2,3.601414203643799,3.1603729724884033,noname
CC1(C)C2CCC1(C)C(OC=O)C2,3.601414203643799,4.776403903961182,noname
CC1(C)C2CCC1(C)C(OC=O)C2,3.601414203643799,3.542642116546631,noname
CCc1ccc(CC)c(CC)c1,3.5995304584503174,3.715424060821533,noname
CCc1ccc(CC)c(CC)c1,3.5995304584503174,3.709287166595459,noname
CCc1ccc(CC)c(CC)c1,3.5995304584503174,3.843738555908203,noname
CCc1ccc(CC)c(CC)c1,3.5995304584503174,3.862919330596924,noname
CCc1ccc(CC)c(CC)c1,3.5995304584503174,3.86921763420105,noname
CCc1ccc(CC)c(CC)c1,3.5995304584503174,3.851888656616211,noname
CCc1ccc(CC)c(CC)c1,3.5995304584503174,3.717240810394287,noname
CCc1ccc(CC)c(CC)c1,3.5995304584503174,3.7159597873687744,noname
CCc1ccc(CC)c(CC)c1,3.5995304584503174,3.86094331741333,noname
CCc1ccc(CC)c(CC)c1,3.5995304584503174,3.7237133979797363,noname
CCc1ccc(CC)c(CC)c1,3.5995304584503174,3.7159597873687744,noname
CCc1ccc(CC)c(CC)c1,3.5995304584503174,3.9006834030151367,noname
CCc1ccc(CC)c(CC)c1,3.5995304584503174,4.0165696144104,noname
CCc1ccc(CC)c(CC)c1,3.5995304584503174,4.970010757446289,noname
CCc1ccc(CC)c(CC)c1,3.5995304584503174,4.0214619636535645,noname
CCc1ccc(CC)c(CC)c1,3.5995304584503174,4.024862289428711,noname
CCOC(=O)C(CC)C(=O)OCC,3.573376178741455,3.4705939292907715,noname
CCOC(=O)C(CC)C(=O)OCC,3.573376178741455,3.4753992557525635,noname
CCOC(=O)C(CC)C(=O)OCC,3.573376178741455,3.501040458679199,noname
CCOC(=O)C(CC)C(=O)OCC,3.573376178741455,3.5275821685791016,noname
CCOC(=O)C(CC)C(=O)OCC,3.573376178741455,3.5500855445861816,noname
CCOC(=O)C(CC)C(=O)OCC,3.573376178741455,3.478623867034912,noname
CCOC(=O)C(CC)C(=O)OCC,3.573376178741455,3.4707119464874268,noname
CCOC(=O)C(CC)C(=O)OCC,3.573376178741455,3.4578239917755127,noname
CCOC(=O)C(CC)C(=O)OCC,3.573376178741455,3.5275821685791016,noname
CCOC(=O)C(CC)C(=O)OCC,3.573376178741455,3.5500855445861816,noname
CCOC(=O)C(CC)C(=O)OCC,3.573376178741455,3.5010406970977783,noname
CCOC(=O)C(CC)C(=O)OCC,3.573376178741455,3.4753992557525635,noname
CCOC(=O)C(CC)C(=O)OCC,3.573376178741455,3.4705941677093506,noname
CCOC(=O)C(CC)C(=O)OCC,3.573376178741455,3.7402586936950684,noname
CCOC(=O)C(CC)C(=O)OCC,3.573376178741455,3.501040458679199,noname
CCOC(=O)C(CC)C(=O)OCC,3.573376178741455,5.001730442047119,noname
CCOC(=O)C(CC)C(=O)OCC,3.573376178741455,3.5010406970977783,noname
CCOC(=O)C(CC)C(=O)OCC,3.573376178741455,3.7402589321136475,noname
CC1CCC(C(C)C)C(OC=O)C1,3.5724570751190186,3.8472423553466797,noname
CC1CCC(C(C)C)C(OC=O)C1,3.5724570751190186,3.8409423828125,noname
CC1CCC(C(C)C)C(OC=O)C1,3.5724570751190186,3.8235127925872803,noname
CC1CCC(C(C)C)C(OC=O)C1,3.5724570751190186,3.8830184936523438,noname
CC1CCC(C(C)C)C(OC=O)C1,3.5724570751190186,3.8788914680480957,noname
CC1CCC(C(C)C)C(OC=O)C1,3.5724570751190186,3.768571138381958,noname
CC1CCC(C(C)C)C(OC=O)C1,3.5724570751190186,3.8071415424346924,noname
CC1CCC(C(C)C)C(OC=O)C1,3.5724570751190186,3.8071415424346924,noname
CC1CCC(C(C)C)C(OC=O)C1,3.5724570751190186,3.9480137825012207,noname
CC1CCC(C(C)C)C(OC=O)C1,3.5724570751190186,3.966142416000366,noname
CC1CCC(C(C)C)C(OC=O)C1,3.5724570751190186,3.966036319732666,noname
CC1CCC(C(C)C)C(OC=O)C1,3.5724570751190186,3.9755358695983887,noname
CC1CCC(C(C)C)C(OC=O)C1,3.5724570751190186,3.934978485107422,noname
CC1CCC(C(C)C)C(OC=O)C1,3.5724570751190186,4.750479698181152,noname
CC1CCC(C(C)C)C(OC=O)C1,3.5724570751190186,4.56137228012085,noname
CC1CCC(C(C)C)C(OC=O)C1,3.5724570751190186,3.9989120960235596,noname
CCCCCCCCCC=O,3.57155442237854,4.126810550689697,noname
CCCCCCCCCC=O,3.57155442237854,4.136136531829834,noname
CCCCCCCCCC=O,3.57155442237854,4.143459320068359,noname
CCCCCCCCCC=O,3.57155442237854,4.152022361755371,noname
CCCCCCCCCC=O,3.57155442237854,4.152260780334473,noname
CCCCCCCCCC=O,3.57155442237854,4.152260780334473,noname
CCCCCCCCCC=O,3.57155442237854,4.154619216918945,noname
CCCCCCCCCC=O,3.57155442237854,4.162500381469727,noname
CCCCCCCCCC=O,3.57155442237854,4.17278528213501,noname
CCCCCCCCCC=O,3.57155442237854,4.182136535644531,noname
CCCCCCCCCC=O,3.57155442237854,4.233529090881348,noname
CCCCCCCCCC=O,3.57155442237854,5.123969554901123,noname
COC(=O)C=C(C)C(=O)OC,3.567934274673462,3.6936593055725098,noname
COC(=O)C=C(C)C(=O)OC,3.567934274673462,3.7058253288269043,noname
COC(=O)C=C(C)C(=O)OC,3.567934274673462,3.6975162029266357,noname
COC(=O)C=C(C)C(=O)OC,3.567934274673462,3.7120914459228516,noname
COC(=O)C=C(C)C(=O)OC,3.567934274673462,3.706989288330078,noname
COC(=O)C=C(C)C(=O)OC,3.567934274673462,3.7114686965942383,noname
COC(=O)C=C(C)C(=O)OC,3.567934274673462,3.6933231353759766,noname
COC(=O)C=C(C)C(=O)OC,3.567934274673462,3.699070453643799,noname
COC(=O)C=C(C)C(=O)OC,3.567934274673462,3.7120275497436523,noname
COC(=O)C=C(C)C(=O)OC,3.567934274673462,3.707144260406494,noname
COC(=O)C=C(C)C(=O)OC,3.567934274673462,3.694359064102173,noname
COC(=O)C=C(C)C(=O)OC,3.567934274673462,3.900407552719116,noname
COC(=O)C=C(C)C(=O)OC,3.567934274673462,4.415550708770752,noname
COC(=O)C=C(C)C(=O)OC,3.567934274673462,4.687481880187988,noname
COC(=O)C=C(C)C(=O)OC,3.567934274673462,3.898366689682007,noname
C=Cc1cc(C)c(C)cc1C,3.5677285194396973,3.613959789276123,noname
C=Cc1cc(C)c(C)cc1C,3.5677285194396973,3.6339430809020996,noname
C=Cc1cc(C)c(C)cc1C,3.5677285194396973,3.66886043548584,noname
C=Cc1cc(C)c(C)cc1C,3.5677285194396973,3.6708216667175293,noname
C=Cc1cc(C)c(C)cc1C,3.5677285194396973,3.657345771789551,noname
C=Cc1cc(C)c(C)cc1C,3.5677285194396973,3.600064754486084,noname
C=Cc1cc(C)c(C)cc1C,3.5677285194396973,3.661552906036377,noname
C=Cc1cc(C)c(C)cc1C,3.5677285194396973,3.600064754486084,noname
C=Cc1cc(C)c(C)cc1C,3.5677285194396973,3.6740121841430664,noname
C=Cc1cc(C)c(C)cc1C,3.5677285194396973,3.652484893798828,noname
C=Cc1cc(C)c(C)cc1C,3.5677285194396973,3.5975096225738525,noname
C=Cc1cc(C)c(C)cc1C,3.5677285194396973,5.123969554901123,noname
C=CC(=O)OCC(CC)CCCC,3.5585365295410156,3.730914831161499,noname
C=CC(=O)OCC(CC)CCCC,3.5585365295410156,3.743441343307495,noname
C=CC(=O)OCC(CC)CCCC,3.5585365295410156,3.7666783332824707,noname
C=CC(=O)OCC(CC)CCCC,3.5585365295410156,3.839163303375244,noname
C=CC(=O)OCC(CC)CCCC,3.5585365295410156,3.7727854251861572,noname
C=CC(=O)OCC(CC)CCCC,3.5585365295410156,3.6920418739318848,noname
C=CC(=O)OCC(CC)CCCC,3.5585365295410156,3.5923609733581543,noname
C=CC(=O)OCC(CC)CCCC,3.5585365295410156,3.5931804180145264,noname
C=CC(=O)OCC(CC)CCCC,3.5585365295410156,3.6088685989379883,noname
C=CC(=O)OCC(CC)CCCC,3.5585365295410156,3.6214118003845215,noname
C=CC(=O)OCC(CC)CCCC,3.5585365295410156,3.59684419631958,noname
C=CC(=O)OCC(CC)CCCC,3.5585365295410156,3.5942630767822266,noname
C=CC(=O)OCC(CC)CCCC,3.5585365295410156,3.5977065563201904,noname
C=CC(=O)OCC(CC)CCCC,3.5585365295410156,4.5298943519592285,noname
C=CC(=O)OCC(CC)CCCC,3.5585365295410156,3.7727854251861572,noname
C=CC(=O)OCC(CC)CCCC,3.5585365295410156,4.816186904907227,noname
C=CCc1ccc(OC)cc1,3.5294349193573,3.7359907627105713,noname
C=CCc1ccc(OC)cc1,3.5294349193573,3.7423603534698486,noname
C=CCc1ccc(OC)cc1,3.5294349193573,3.697218418121338,noname
C=CCc1ccc(OC)cc1,3.5294349193573,3.7829713821411133,noname
C=CCc1ccc(OC)cc1,3.5294349193573,3.78769850730896,noname
C=CCc1ccc(OC)cc1,3.5294349193573,3.7945079803466797,noname
C=CCc1ccc(OC)cc1,3.5294349193573,3.8028249740600586,noname
C=CCc1ccc(OC)cc1,3.5294349193573,3.7766823768615723,noname
C=CCc1ccc(OC)cc1,3.5294349193573,3.7370076179504395,noname
C=CCc1ccc(OC)cc1,3.5294349193573,3.7945079803466797,noname
C=CCc1ccc(OC)cc1,3.5294349193573,3.78769850730896,noname
C=CCc1ccc(OC)cc1,3.5294349193573,4.310492992401123,noname
C=CCc1ccc(OC)cc1,3.5294349193573,4.910531520843506,noname
C=CCc1ccc(OC)cc1,3.5294349193573,4.116644382476807,noname
COC(=O)c1ccccc1O,3.51473331451416,3.100665330886841,noname
COC(=O)c1ccccc1O,3.51473331451416,3.1144015789031982,noname
COC(=O)c1ccccc1O,3.51473331451416,3.1322836875915527,noname
COC(=O)c1ccccc1O,3.51473331451416,3.117720365524292,noname
COC(=O)c1ccccc1O,3.51473331451416,3.1647067070007324,noname
COC(=O)c1ccccc1O,3.51473331451416,3.1313958168029785,noname
COC(=O)c1ccccc1O,3.51473331451416,3.111570119857788,noname
COC(=O)c1ccccc1O,3.51473331451416,3.1169400215148926,noname
COC(=O)c1ccccc1O,3.51473331451416,3.146005153656006,noname
COC(=O)c1ccccc1O,3.51473331451416,3.229410409927368,noname
COC(=O)c1ccccc1O,3.51473331451416,3.1929311752319336,noname
COC(=O)c1ccccc1O,3.51473331451416,3.1741762161254883,noname
COC(=O)c1ccccc1O,3.51473331451416,3.209113121032715,noname
COC(=O)c1ccccc1O,3.51473331451416,4.803553104400635,noname
Cc1cc(C)c(O)c(C)c1,3.4977636337280273,3.187774181365967,noname
Cc1cc(C)c(O)c(C)c1,3.4977636337280273,3.2116825580596924,noname
Cc1cc(C)c(O)c(C)c1,3.4977636337280273,3.2256217002868652,noname
Cc1cc(C)c(O)c(C)c1,3.4977636337280273,3.2301595211029053,noname
Cc1cc(C)c(O)c(C)c1,3.4977636337280273,3.1969504356384277,noname
Cc1cc(C)c(O)c(C)c1,3.4977636337280273,3.314328193664551,noname
Cc1cc(C)c(O)c(C)c1,3.4977636337280273,3.2921626567840576,noname
Cc1cc(C)c(O)c(C)c1,3.4977636337280273,3.2301597595214844,noname
Cc1cc(C)c(O)c(C)c1,3.4977636337280273,3.196950674057007,noname
Cc1cc(C)c(O)c(C)c1,3.4977636337280273,3.2256217002868652,noname
Cc1cc(C)c(O)c(C)c1,3.4977636337280273,5.123969554901123,noname
CC1CCC(C(C)C)C(O)C1,3.492544412612915,3.772280693054199,noname
CC1CCC(C(C)C)C(O)C1,3.492544412612915,3.7676868438720703,noname
CC1CCC(C(C)C)C(O)C1,3.492544412612915,3.7749924659729004,noname
CC1CCC(C(C)C)C(O)C1,3.492544412612915,3.7990143299102783,noname
CC1CCC(C(C)C)C(O)C1,3.492544412612915,3.8916540145874023,noname
CC1CCC(C(C)C)C(O)C1,3.492544412612915,3.7019686698913574,noname
CC1CCC(C(C)C)C(O)C1,3.492544412612915,3.727818012237549,noname
CC1CCC(C(C)C)C(O)C1,3.492544412612915,3.727818012237549,noname
CC1CCC(C(C)C)C(O)C1,3.492544412612915,4.052283763885498,noname
CC1CCC(C(C)C)C(O)C1,3.492544412612915,4.054673194885254,noname
CC1CCC(C(C)C)C(O)C1,3.492544412612915,3.960082530975342,noname
CC1CCC(C(C)C)C(O)C1,3.492544412612915,4.9629669189453125,noname
CC1CCC(C(C)C)C(O)C1,3.492544412612915,4.121292591094971,noname
CCc1cccc(O)c1,3.492116928100586,3.389742851257324,noname
CCc1cccc(O)c1,3.492116928100586,3.372504234313965,noname
CCc1cccc(O)c1,3.492116928100586,3.435673236846924,noname
CCc1cccc(O)c1,3.492116928100586,3.4269955158233643,noname
CCc1cccc(O)c1,3.492116928100586,3.427495241165161,noname
CCc1cccc(O)c1,3.492116928100586,3.46838116645813,noname
CCc1cccc(O)c1,3.492116928100586,3.6012325286865234,noname
CCc1cccc(O)c1,3.492116928100586,3.557804822921753,noname
CCc1cccc(O)c1,3.492116928100586,3.4948482513427734,noname
CCc1cccc(O)c1,3.492116928100586,3.4511947631835938,noname
CCc1cccc(O)c1,3.492116928100586,5.051350116729736,noname
CCCCCC(=O)O,3.4794812202453613,3.8380911350250244,noname
CCCCCC(=O)O,3.4794812202453613,3.8282792568206787,noname
CCCCCC(=O)O,3.4794812202453613,3.8338027000427246,noname
CCCCCC(=O)O,3.4794812202453613,3.8324127197265625,noname
CCCCCC(=O)O,3.4794812202453613,3.8748083114624023,noname
CCCCCC(=O)O,3.4794812202453613,4.38709020614624,noname
CCCCCC(=O)O,3.4794812202453613,3.928528308868408,noname
CCCCCC(=O)O,3.4794812202453613,4.401620388031006,noname
CCCCCC(=O)O,3.4794812202453613,5.123969554901123,noname
C=CC(C)(CCC=C(C)C)OC(C)=O,3.4757912158966064,3.4824094772338867,noname
C=CC(C)(CCC=C(C)C)OC(C)=O,3.4757912158966064,3.4944539070129395,noname
C=CC(C)(CCC=C(C)C)OC(C)=O,3.4757912158966064,3.5492136478424072,noname
C=CC(C)(CCC=C(C)C)OC(C)=O,3.4757912158966064,3.4656221866607666,noname
C=CC(C)(CCC=C(C)C)OC(C)=O,3.4757912158966064,3.494009256362915,noname
C=CC(C)(CCC=C(C)C)OC(C)=O,3.4757912158966064,3.452467441558838,noname
C=CC(C)(CCC=C(C)C)OC(C)=O,3.4757912158966064,3.470273017883301,noname
C=CC(C)(CCC=C(C)C)OC(C)=O,3.4757912158966064,3.4791412353515625,noname
C=CC(C)(CCC=C(C)C)OC(C)=O,3.4757912158966064,3.4747610092163086,noname
C=CC(C)(CCC=C(C)C)OC(C)=O,3.4757912158966064,3.4747610092163086,noname
C=CC(C)(CCC=C(C)C)OC(C)=O,3.4757912158966064,3.5320520401000977,noname
C=CC(C)(CCC=C(C)C)OC(C)=O,3.4757912158966064,3.5135159492492676,noname
C=CC(C)(CCC=C(C)C)OC(C)=O,3.4757912158966064,3.4839186668395996,noname
C=CC(C)(CCC=C(C)C)OC(C)=O,3.4757912158966064,3.533895254135132,noname
C=CC(C)(CCC=C(C)C)OC(C)=O,3.4757912158966064,4.4919352531433105,noname
C=CC(C)(CCC=C(C)C)OC(C)=O,3.4757912158966064,3.583528995513916,noname
C=CC(C)(CCC=C(C)C)OC(C)=O,3.4757912158966064,3.5320520401000977,noname
C=CC(C)(CCC=C(C)C)OC(C)=O,3.4757912158966064,3.6558051109313965,noname
CC(C)c1ccccc1O,3.472090244293213,3.306084632873535,noname
CC(C)c1ccccc1O,3.472090244293213,3.2997961044311523,noname
CC(C)c1ccccc1O,3.472090244293213,3.306084632873535,noname
CC(C)c1ccccc1O,3.472090244293213,3.3639028072357178,noname
CC(C)c1ccccc1O,3.472090244293213,3.3452110290527344,noname
CC(C)c1ccccc1O,3.472090244293213,3.334571599960327,noname
CC(C)c1ccccc1O,3.472090244293213,3.3408660888671875,noname
CC(C)c1ccccc1O,3.472090244293213,3.3637242317199707,noname
CC(C)c1ccccc1O,3.472090244293213,3.518739700317383,noname
CC(C)c1ccccc1O,3.472090244293213,3.47249436378479,noname
CC(C)c1ccccc1O,3.472090244293213,3.4130873680114746,noname
CC(C)c1ccccc1O,3.472090244293213,4.9842963218688965,noname
CC(C)(C)c1ccccc1O,3.470280170440674,3.1625661849975586,noname
CC(C)(C)c1ccccc1O,3.470280170440674,3.160583972930908,noname
CC(C)(C)c1ccccc1O,3.470280170440674,3.1625661849975586,noname
CC(C)(C)c1ccccc1O,3.470280170440674,3.1625661849975586,noname
CC(C)(C)c1ccccc1O,3.470280170440674,3.166936159133911,noname
CC(C)(C)c1ccccc1O,3.470280170440674,3.07145619392395,noname
CC(C)(C)c1ccccc1O,3.470280170440674,3.084174633026123,noname
CC(C)(C)c1ccccc1O,3.470280170440674,3.0828113555908203,noname
CC(C)(C)c1ccccc1O,3.470280170440674,3.0573019981384277,noname
CC(C)(C)c1ccccc1O,3.470280170440674,3.0193521976470947,noname
CC(C)(C)c1ccccc1O,3.470280170440674,2.9954395294189453,noname
CC(C)(C)c1ccccc1O,3.470280170440674,3.4122979640960693,noname
CC(C)(C)c1ccccc1O,3.470280170440674,4.791673183441162,noname
CCOC(=O)CCC(=O)OCC,3.4700050354003906,3.6556358337402344,noname
CCOC(=O)CCC(=O)OCC,3.4700050354003906,3.6671435832977295,noname
CCOC(=O)CCC(=O)OCC,3.4700050354003906,3.7052102088928223,noname
CCOC(=O)CCC(=O)OCC,3.4700050354003906,3.730285167694092,noname
CCOC(=O)CCC(=O)OCC,3.4700050354003906,3.7728962898254395,noname
CCOC(=O)CCC(=O)OCC,3.4700050354003906,3.6981608867645264,noname
CCOC(=O)CCC(=O)OCC,3.4700050354003906,3.6981608867645264,noname
CCOC(=O)CCC(=O)OCC,3.4700050354003906,3.730285167694092,noname
CCOC(=O)CCC(=O)OCC,3.4700050354003906,3.7728967666625977,noname
CCOC(=O)CCC(=O)OCC,3.4700050354003906,3.7052102088928223,noname
CCOC(=O)CCC(=O)OCC,3.4700050354003906,3.6671435832977295,noname
CCOC(=O)CCC(=O)OCC,3.4700050354003906,3.6556358337402344,noname
CCOC(=O)CCC(=O)OCC,3.4700050354003906,3.9814114570617676,noname
CCOC(=O)CCC(=O)OCC,3.4700050354003906,3.7052102088928223,noname
CCOC(=O)CCC(=O)OCC,3.4700050354003906,5.001916408538818,noname
CCOC(=O)CCC(=O)OCC,3.4700050354003906,3.7052102088928223,noname
CCOC(=O)CCC(=O)OCC,3.4700050354003906,3.9814116954803467,noname
CCCOC(=O)c1ccccc1,3.429128408432007,3.443971872329712,noname
CCCOC(=O)c1ccccc1,3.429128408432007,3.442080497741699,noname
CCCOC(=O)c1ccccc1,3.429128408432007,3.4667510986328125,noname
CCCOC(=O)c1ccccc1,3.429128408432007,3.528731107711792,noname
CCCOC(=O)c1ccccc1,3.429128408432007,3.5476150512695312,noname
CCCOC(=O)c1ccccc1,3.429128408432007,3.570352077484131,noname
CCCOC(=O)c1ccccc1,3.429128408432007,3.5608925819396973,noname
CCCOC(=O)c1ccccc1,3.429128408432007,3.5451810359954834,noname
CCCOC(=O)c1ccccc1,3.429128408432007,3.5343384742736816,noname
CCCOC(=O)c1ccccc1,3.429128408432007,3.533600330352783,noname
CCCOC(=O)c1ccccc1,3.429128408432007,3.5343382358551025,noname
CCCOC(=O)c1ccccc1,3.429128408432007,3.5451807975769043,noname
CCCOC(=O)c1ccccc1,3.429128408432007,3.988550901412964,noname
CCCOC(=O)c1ccccc1,3.429128408432007,3.528731107711792,noname
CCCOC(=O)c1ccccc1,3.429128408432007,3.999363899230957,noname
CCCOC(=O)c1ccccc1,3.429128408432007,4.9167046546936035,noname
CC(C)(C)C(=O)c1ccccc1,3.4197192192077637,3.9064602851867676,noname
CC(C)(C)C(=O)c1ccccc1,3.4197192192077637,3.880859613418579,noname
CC(C)(C)C(=O)c1ccccc1,3.4197192192077637,3.9064602851867676,noname
CC(C)(C)C(=O)c1ccccc1,3.4197192192077637,3.9064602851867676,noname
CC(C)(C)C(=O)c1ccccc1,3.4197192192077637,3.954246997833252,noname
CC(C)(C)C(=O)c1ccccc1,3.4197192192077637,3.8344759941101074,noname
CC(C)(C)C(=O)c1ccccc1,3.4197192192077637,3.817112684249878,noname
CC(C)(C)C(=O)c1ccccc1,3.4197192192077637,3.776728868484497,noname
CC(C)(C)C(=O)c1ccccc1,3.4197192192077637,3.759676456451416,noname
CC(C)(C)C(=O)c1ccccc1,3.4197192192077637,3.7546322345733643,noname
CC(C)(C)C(=O)c1ccccc1,3.4197192192077637,3.759676933288574,noname
CC(C)(C)C(=O)c1ccccc1,3.4197192192077637,3.776728868484497,noname
CC(C)(C)C(=O)c1ccccc1,3.4197192192077637,4.816709518432617,noname
CC(C)(C)C(=O)c1ccccc1,3.4197192192077637,4.440880298614502,noname
CCCCCCCCCO,3.4195311069488525,3.995401620864868,noname
CCCCCCCCCO,3.4195311069488525,4.011866569519043,noname
CCCCCCCCCO,3.4195311069488525,4.023437023162842,noname
CCCCCCCCCO,3.4195311069488525,4.038075923919678,noname
CCCCCCCCCO,3.4195311069488525,4.03794002532959,noname
CCCCCCCCCO,3.4195311069488525,4.03794002532959,noname
CCCCCCCCCO,3.4195311069488525,4.038402080535889,noname
CCCCCCCCCO,3.4195311069488525,4.1181230545043945,noname
CCCCCCCCCO,3.4195311069488525,4.263608455657959,noname
CCCCCCCCCO,3.4195311069488525,4.330997943878174,noname
CCCCCCCCCO,3.4195311069488525,5.123969554901123,noname
OCCc1ccccc1,3.4113681316375732,4.308989524841309,noname
OCCc1ccccc1,3.4113681316375732,4.249633312225342,noname
OCCc1ccccc1,3.4113681316375732,4.077338695526123,noname
OCCc1ccccc1,3.4113681316375732,4.056655406951904,noname
OCCc1ccccc1,3.4113681316375732,4.067525386810303,noname
OCCc1ccccc1,3.4113681316375732,4.061417579650879,noname
OCCc1ccccc1,3.4113681316375732,4.063915729522705,noname
OCCc1ccccc1,3.4113681316375732,4.061417102813721,noname
OCCc1ccccc1,3.4113681316375732,4.067525863647461,noname
OCCc1ccccc1,3.4113681316375732,4.852217197418213,noname
OCCc1ccccc1,3.4113681316375732,4.984272480010986,noname
CC(C)CCCC(C)CCO,3.3987176418304443,3.878113269805908,noname
CC(C)CCCC(C)CCO,3.3987176418304443,3.887949228286743,noname
CC(C)CCCC(C)CCO,3.3987176418304443,3.878113269805908,noname
CC(C)CCCC(C)CCO,3.3987176418304443,3.9100887775421143,noname
CC(C)CCCC(C)CCO,3.3987176418304443,3.918508529663086,noname
CC(C)CCCC(C)CCO,3.3987176418304443,3.917060375213623,noname
CC(C)CCCC(C)CCO,3.3987176418304443,3.904086112976074,noname
CC(C)CCCC(C)CCO,3.3987176418304443,3.8907828330993652,noname
CC(C)CCCC(C)CCO,3.3987176418304443,3.990705966949463,noname
CC(C)CCCC(C)CCO,3.3987176418304443,4.087691783905029,noname
CC(C)CCCC(C)CCO,3.3987176418304443,4.153642654418945,noname
CC(C)CCCC(C)CCO,3.3987176418304443,5.123969554901123,noname
C=C(C)C1CC=C(C)C(=O)C1,3.3873391151428223,3.932036876678467,noname
C=C(C)C1CC=C(C)C(=O)C1,3.3873391151428223,3.924044609069824,noname
C=C(C)C1CC=C(C)C(=O)C1,3.3873391151428223,3.883992910385132,noname
C=C(C)C1CC=C(C)C(=O)C1,3.3873391151428223,3.932208776473999,noname
C=C(C)C1CC=C(C)C(=O)C1,3.3873391151428223,3.9085230827331543,noname
C=C(C)C1CC=C(C)C(=O)C1,3.3873391151428223,3.9294095039367676,noname
C=C(C)C1CC=C(C)C(=O)C1,3.3873391151428223,3.9309802055358887,noname
C=C(C)C1CC=C(C)C(=O)C1,3.3873391151428223,3.893981695175171,noname
C=C(C)C1CC=C(C)C(=O)C1,3.3873391151428223,3.9531633853912354,noname
C=C(C)C1CC=C(C)C(=O)C1,3.3873391151428223,3.9825565814971924,noname
C=C(C)C1CC=C(C)C(=O)C1,3.3873391151428223,3.9303781986236572,noname
C=C(C)C1CC=C(C)C(=O)C1,3.3873391151428223,5.123969554901123,noname
CC(C)CC(=O)c1ccccc1,3.3717312812805176,3.6255784034729004,noname
CC(C)CC(=O)c1ccccc1,3.3717312812805176,3.595856189727783,noname
CC(C)CC(=O)c1ccccc1,3.3717312812805176,3.6255784034729004,noname
CC(C)CC(=O)c1ccccc1,3.3717312812805176,3.667804718017578,noname
CC(C)CC(=O)c1ccccc1,3.3717312812805176,3.774296283721924,noname
CC(C)CC(=O)c1ccccc1,3.3717312812805176,3.8235597610473633,noname
CC(C)CC(=O)c1ccccc1,3.3717312812805176,3.8298113346099854,noname
CC(C)CC(=O)c1ccccc1,3.3717312812805176,3.8245458602905273,noname
CC(C)CC(=O)c1ccccc1,3.3717312812805176,3.8104147911071777,noname
CC(C)CC(=O)c1ccccc1,3.3717312812805176,3.8119540214538574,noname
CC(C)CC(=O)c1ccccc1,3.3717312812805176,3.8104147911071777,noname
CC(C)CC(=O)c1ccccc1,3.3717312812805176,3.8245458602905273,noname
CC(C)CC(=O)c1ccccc1,3.3717312812805176,4.833815574645996,noname
CC(C)CC(=O)c1ccccc1,3.3717312812805176,4.998086452484131,noname
C=CC(=O)OCCCCCCCC,3.351282835006714,3.7000625133514404,noname
C=CC(=O)OCCCCCCCC,3.351282835006714,3.6979053020477295,noname
C=CC(=O)OCCCCCCCC,3.351282835006714,3.700899362564087,noname
C=CC(=O)OCCCCCCCC,3.351282835006714,3.7805819511413574,noname
C=CC(=O)OCCCCCCCC,3.351282835006714,3.738630533218384,noname
C=CC(=O)OCCCCCCCC,3.351282835006714,3.7393980026245117,noname
C=CC(=O)OCCCCCCCC,3.351282835006714,3.731616497039795,noname
C=CC(=O)OCCCCCCCC,3.351282835006714,3.7322800159454346,noname
C=CC(=O)OCCCCCCCC,3.351282835006714,3.7310149669647217,noname
C=CC(=O)OCCCCCCCC,3.351282835006714,3.7288520336151123,noname
C=CC(=O)OCCCCCCCC,3.351282835006714,3.7048845291137695,noname
C=CC(=O)OCCCCCCCC,3.351282835006714,3.6880993843078613,noname
C=CC(=O)OCCCCCCCC,3.351282835006714,3.667531967163086,noname
C=CC(=O)OCCCCCCCC,3.351282835006714,4.478094577789307,noname
C=CC(=O)OCCCCCCCC,3.351282835006714,3.738630533218384,noname
C=CC(=O)OCCCCCCCC,3.351282835006714,4.857882976531982,noname
CCCc1ccccc1O,3.327928066253662,3.2957406044006348,noname
CCCc1ccccc1O,3.327928066253662,3.29565691947937,noname
CCCc1ccccc1O,3.327928066253662,3.3019967079162598,noname
CCCc1ccccc1O,3.327928066253662,3.3307979106903076,noname
CCCc1ccccc1O,3.327928066253662,3.3120617866516113,noname
CCCc1ccccc1O,3.327928066253662,3.3080430030822754,noname
CCCc1ccccc1O,3.327928066253662,3.309908866882324,noname
CCCc1ccccc1O,3.327928066253662,3.3141841888427734,noname
CCCc1ccccc1O,3.327928066253662,3.5472304821014404,noname
CCCc1ccccc1O,3.327928066253662,3.5318551063537598,noname
CCCc1ccccc1O,3.327928066253662,3.4086575508117676,noname
CCCc1ccccc1O,3.327928066253662,5.090325832366943,noname
CC(C)c1cccc(O)c1,3.3165314197540283,3.326030969619751,noname
CC(C)c1cccc(O)c1,3.3165314197540283,3.3066294193267822,noname
CC(C)c1cccc(O)c1,3.3165314197540283,3.326030969619751,noname
CC(C)c1cccc(O)c1,3.3165314197540283,3.3696887493133545,noname
CC(C)c1cccc(O)c1,3.3165314197540283,3.360690116882324,noname
CC(C)c1cccc(O)c1,3.3165314197540283,3.360625743865967,noname
CC(C)c1cccc(O)c1,3.3165314197540283,3.3902206420898438,noname
CC(C)c1cccc(O)c1,3.3165314197540283,3.575921058654785,noname
CC(C)c1cccc(O)c1,3.3165314197540283,3.5277702808380127,noname
CC(C)c1cccc(O)c1,3.3165314197540283,3.4046788215637207,noname
CC(C)c1cccc(O)c1,3.3165314197540283,3.447634696960449,noname
CC(C)c1cccc(O)c1,3.3165314197540283,4.998283863067627,noname
CC(C)=CCCC(C)=CCOC=O,3.3156654834747314,3.375640392303467,noname
CC(C)=CCCC(C)=CCOC=O,3.3156654834747314,3.374270439147949,noname
CC(C)=CCCC(C)=CCOC=O,3.3156654834747314,3.375640392303467,noname
CC(C)=CCCC(C)=CCOC=O,3.3156654834747314,3.4077765941619873,noname
CC(C)=CCCC(C)=CCOC=O,3.3156654834747314,3.4253547191619873,noname
CC(C)=CCCC(C)=CCOC=O,3.3156654834747314,3.4221556186676025,noname
CC(C)=CCCC(C)=CCOC=O,3.3156654834747314,3.400850534439087,noname
CC(C)=CCCC(C)=CCOC=O,3.3156654834747314,3.386645793914795,noname
CC(C)=CCCC(C)=CCOC=O,3.3156654834747314,3.410287857055664,noname
CC(C)=CCCC(C)=CCOC=O,3.3156654834747314,3.415513277053833,noname
CC(C)=CCCC(C)=CCOC=O,3.3156654834747314,3.4081838130950928,noname
CC(C)=CCCC(C)=CCOC=O,3.3156654834747314,3.4010438919067383,noname
CC(C)=CCCC(C)=CCOC=O,3.3156654834747314,3.4630792140960693,noname
CC(C)=CCCC(C)=CCOC=O,3.3156654834747314,3.9217967987060547,noname
CC(C)=CCCC(C)=CCOC=O,3.3156654834747314,4.5294013023376465,noname
CC(C)=CCCC(C)=CCOC=O,3.3156654834747314,3.7410707473754883,noname
CC(C)=CCCC(C)=CCOC=O,3.3156654834747314,4.1756591796875,noname
CCC(=O)c1ccc(C)cc1,3.3109335899353027,3.771505355834961,noname
CCC(=O)c1ccc(C)cc1,3.3109335899353027,3.7790627479553223,noname
CCC(=O)c1ccc(C)cc1,3.3109335899353027,3.88592267036438,noname
CCC(=O)c1ccc(C)cc1,3.3109335899353027,3.94614577293396,noname
CCC(=O)c1ccc(C)cc1,3.3109335899353027,3.929560661315918,noname
CCC(=O)c1ccc(C)cc1,3.3109335899353027,3.9163246154785156,noname
CCC(=O)c1ccc(C)cc1,3.3109335899353027,3.9090633392333984,noname
CCC(=O)c1ccc(C)cc1,3.3109335899353027,3.883124828338623,noname
CCC(=O)c1ccc(C)cc1,3.3109335899353027,3.8177056312561035,noname
CCC(=O)c1ccc(C)cc1,3.3109335899353027,3.9090633392333984,noname
CCC(=O)c1ccc(C)cc1,3.3109335899353027,3.9163243770599365,noname
CCC(=O)c1ccc(C)cc1,3.3109335899353027,4.77768611907959,noname
CCC(=O)c1ccc(C)cc1,3.3109335899353027,4.975679397583008,noname
CC(=O)CCC(=O)OCC(C)C,3.2999703884124756,3.7376139163970947,noname
CC(=O)CCC(=O)OCC(C)C,3.2999703884124756,3.766033172607422,noname
CC(=O)CCC(=O)OCC(C)C,3.2999703884124756,3.909015655517578,noname
CC(=O)CCC(=O)OCC(C)C,3.2999703884124756,3.7545738220214844,noname
CC(=O)CCC(=O)OCC(C)C,3.2999703884124756,3.7454562187194824,noname
CC(=O)CCC(=O)OCC(C)C,3.2999703884124756,3.7621071338653564,noname
CC(=O)CCC(=O)OCC(C)C,3.2999703884124756,3.8363912105560303,noname
CC(=O)CCC(=O)OCC(C)C,3.2999703884124756,3.7563676834106445,noname
CC(=O)CCC(=O)OCC(C)C,3.2999703884124756,3.7130682468414307,noname
CC(=O)CCC(=O)OCC(C)C,3.2999703884124756,3.671309232711792,noname
CC(=O)CCC(=O)OCC(C)C,3.2999703884124756,3.680434226989746,noname
CC(=O)CCC(=O)OCC(C)C,3.2999703884124756,3.680434226989746,noname
CC(=O)CCC(=O)OCC(C)C,3.2999703884124756,4.468629837036133,noname
CC(=O)CCC(=O)OCC(C)C,3.2999703884124756,5.0560126304626465,noname
CC(=O)CCC(=O)OCC(C)C,3.2999703884124756,3.7563676834106445,noname
C=C(CC(=O)OC)C(=O)OC,3.297084331512451,3.6976072788238525,noname
C=C(CC(=O)OC)C(=O)OC,3.297084331512451,3.7030563354492188,noname
C=C(CC(=O)OC)C(=O)OC,3.297084331512451,3.699892044067383,noname
C=C(CC(=O)OC)C(=O)OC,3.297084331512451,3.7026493549346924,noname
C=C(CC(=O)OC)C(=O)OC,3.297084331512451,3.7225961685180664,noname
C=C(CC(=O)OC)C(=O)OC,3.297084331512451,3.7026941776275635,noname
C=C(CC(=O)OC)C(=O)OC,3.297084331512451,3.702178716659546,noname
C=C(CC(=O)OC)C(=O)OC,3.297084331512451,3.698978900909424,noname
C=C(CC(=O)OC)C(=O)OC,3.297084331512451,3.7196900844573975,noname
C=C(CC(=O)OC)C(=O)OC,3.297084331512451,3.702758312225342,noname
C=C(CC(=O)OC)C(=O)OC,3.297084331512451,3.7030889987945557,noname
C=C(CC(=O)OC)C(=O)OC,3.297084331512451,3.9172134399414062,noname
C=C(CC(=O)OC)C(=O)OC,3.297084331512451,4.9359517097473145,noname
C=C(CC(=O)OC)C(=O)OC,3.297084331512451,3.9027187824249268,noname
CC(C)COC(=O)C(=O)OCC(C)C,3.295290946960449,3.3548665046691895,noname
CC(C)COC(=O)C(=O)OCC(C)C,3.295290946960449,3.3465614318847656,noname
CC(C)COC(=O)C(=O)OCC(C)C,3.295290946960449,3.3548665046691895,noname
CC(C)COC(=O)C(=O)OCC(C)C,3.295290946960449,3.3847718238830566,noname
CC(C)COC(=O)C(=O)OCC(C)C,3.295290946960449,3.4665215015411377,noname
CC(C)COC(=O)C(=O)OCC(C)C,3.295290946960449,3.480579137802124,noname
CC(C)COC(=O)C(=O)OCC(C)C,3.295290946960449,3.513554573059082,noname
CC(C)COC(=O)C(=O)OCC(C)C,3.295290946960449,3.480578899383545,noname
CC(C)COC(=O)C(=O)OCC(C)C,3.295290946960449,3.513554334640503,noname
CC(C)COC(=O)C(=O)OCC(C)C,3.295290946960449,3.466521739959717,noname
CC(C)COC(=O)C(=O)OCC(C)C,3.295290946960449,3.384772300720215,noname
CC(C)COC(=O)C(=O)OCC(C)C,3.295290946960449,3.3465614318847656,noname
CC(C)COC(=O)C(=O)OCC(C)C,3.295290946960449,3.3548665046691895,noname
CC(C)COC(=O)C(=O)OCC(C)C,3.295290946960449,3.3548665046691895,noname
CC(C)COC(=O)C(=O)OCC(C)C,3.295290946960449,4.113674640655518,noname
CC(C)COC(=O)C(=O)OCC(C)C,3.295290946960449,3.4665215015411377,noname
CC(C)COC(=O)C(=O)OCC(C)C,3.295290946960449,4.610809803009033,noname
CC(C)COC(=O)C(=O)OCC(C)C,3.295290946960449,3.466521739959717,noname
CC(C)COC(=O)C(=O)OCC(C)C,3.295290946960449,4.113674640655518,noname
Cc1cc(C)c(O)cc1C,3.27584171295166,3.1913576126098633,noname
Cc1cc(C)c(O)cc1C,3.27584171295166,3.2170987129211426,noname
Cc1cc(C)c(O)cc1C,3.27584171295166,3.227876663208008,noname
Cc1cc(C)c(O)cc1C,3.27584171295166,3.2435762882232666,noname
Cc1cc(C)c(O)cc1C,3.27584171295166,3.197579860687256,noname
Cc1cc(C)c(O)cc1C,3.27584171295166,3.317744731903076,noname
Cc1cc(C)c(O)cc1C,3.27584171295166,3.2988715171813965,noname
Cc1cc(C)c(O)cc1C,3.27584171295166,3.247971534729004,noname
Cc1cc(C)c(O)cc1C,3.27584171295166,3.226196765899658,noname
Cc1cc(C)c(O)cc1C,3.27584171295166,3.1913576126098633,noname
Cc1cc(C)c(O)cc1C,3.27584171295166,5.123969554901123,noname
Cc1cc(C)c(C)c(O)c1,3.272726535797119,3.1869497299194336,noname
Cc1cc(C)c(C)c(O)c1,3.272726535797119,3.2183022499084473,noname
Cc1cc(C)c(C)c(O)c1,3.272726535797119,3.219137191772461,noname
Cc1cc(C)c(C)c(O)c1,3.272726535797119,3.222986936569214,noname
Cc1cc(C)c(C)c(O)c1,3.272726535797119,3.1928296089172363,noname
Cc1cc(C)c(C)c(O)c1,3.272726535797119,3.243709087371826,noname
Cc1cc(C)c(C)c(O)c1,3.272726535797119,3.1997084617614746,noname
Cc1cc(C)c(C)c(O)c1,3.272726535797119,3.318347930908203,noname
Cc1cc(C)c(C)c(O)c1,3.272726535797119,3.2986841201782227,noname
Cc1cc(C)c(C)c(O)c1,3.272726535797119,3.2441565990448,noname
Cc1cc(C)c(C)c(O)c1,3.272726535797119,5.123969554901123,noname
CC(C)=CCCC(C)CCO,3.268636465072632,3.7645533084869385,noname
CC(C)=CCCC(C)CCO,3.268636465072632,3.774538516998291,noname
CC(C)=CCCC(C)CCO,3.268636465072632,3.7645533084869385,noname
CC(C)=CCCC(C)CCO,3.268636465072632,3.797609567642212,noname
CC(C)=CCCC(C)CCO,3.268636465072632,3.7602622509002686,noname
CC(C)=CCCC(C)CCO,3.268636465072632,3.7146406173706055,noname
CC(C)=CCCC(C)CCO,3.268636465072632,3.6995654106140137,noname
CC(C)=CCCC(C)CCO,3.268636465072632,3.722337007522583,noname
CC(C)=CCCC(C)CCO,3.268636465072632,3.841059684753418,noname
CC(C)=CCCC(C)CCO,3.268636465072632,4.064529895782471,noname
CC(C)=CCCC(C)CCO,3.268636465072632,4.173810958862305,noname
CC(C)=CCCC(C)CCO,3.268636465072632,4.47008752822876,noname
CC(C)=CCCC(C)CCO,3.268636465072632,5.006785869598389,noname
Cc1ccc(C(C)C)c(O)c1,3.2566840648651123,3.2224130630493164,noname
Cc1ccc(C(C)C)c(O)c1,3.2566840648651123,3.2561194896698,noname
Cc1ccc(C(C)C)c(O)c1,3.2566840648651123,3.250398874282837,noname
Cc1ccc(C(C)C)c(O)c1,3.2566840648651123,3.2588441371917725,noname
Cc1ccc(C(C)C)c(O)c1,3.2566840648651123,3.2870895862579346,noname
Cc1ccc(C(C)C)c(O)c1,3.2566840648651123,3.2089266777038574,noname
Cc1ccc(C(C)C)c(O)c1,3.2566840648651123,3.215588092803955,noname
Cc1ccc(C(C)C)c(O)c1,3.2566840648651123,3.215588092803955,noname
Cc1ccc(C(C)C)c(O)c1,3.2566840648651123,3.361642837524414,noname
Cc1ccc(C(C)C)c(O)c1,3.2566840648651123,3.337535858154297,noname
Cc1ccc(C(C)C)c(O)c1,3.2566840648651123,3.291107177734375,noname
Cc1ccc(C(C)C)c(O)c1,3.2566840648651123,4.984295845031738,noname
Cc1ccc(C(C)C)c(O)c1,3.2566840648651123,3.2951865196228027,noname
C=CCc1ccc2c(c1)OCO2,3.251715660095215,3.1497628688812256,noname
C=CCc1ccc2c(c1)OCO2,3.251715660095215,3.155210018157959,noname
C=CCc1ccc2c(c1)OCO2,3.251715660095215,3.1507673263549805,noname
C=CCc1ccc2c(c1)OCO2,3.251715660095215,3.192613124847412,noname
C=CCc1ccc2c(c1)OCO2,3.251715660095215,3.1793341636657715,noname
C=CCc1ccc2c(c1)OCO2,3.251715660095215,3.2052087783813477,noname
C=CCc1ccc2c(c1)OCO2,3.251715660095215,3.268954038619995,noname
C=CCc1ccc2c(c1)OCO2,3.251715660095215,3.2884669303894043,noname
C=CCc1ccc2c(c1)OCO2,3.251715660095215,3.241811752319336,noname
C=CCc1ccc2c(c1)OCO2,3.251715660095215,3.2363579273223877,noname
C=CCc1ccc2c(c1)OCO2,3.251715660095215,3.1971664428710938,noname
C=CCc1ccc2c(c1)OCO2,3.251715660095215,3.2263307571411133,noname
C=CCc1ccc2c(c1)OCO2,3.251715660095215,3.565530776977539,noname
C=CCc1ccc2c(c1)OCO2,3.251715660095215,5.025825023651123,noname
CCC(=O)OC1CC2CCC1(C)C2(C)C,3.241222381591797,3.065519332885742,noname
CCC(=O)OC1CC2CCC1(C)C2(C)C,3.241222381591797,3.064262866973877,noname
CCC(=O)OC1CC2CCC1(C)C2(C)C,3.241222381591797,3.0843238830566406,noname
CCC(=O)OC1CC2CCC1(C)C2(C)C,3.241222381591797,3.093334197998047,noname
CCC(=O)OC1CC2CCC1(C)C2(C)C,3.241222381591797,3.1429977416992188,noname
CCC(=O)OC1CC2CCC1(C)C2(C)C,3.241222381591797,3.145838737487793,noname
CCC(=O)OC1CC2CCC1(C)C2(C)C,3.241222381591797,3.1402907371520996,noname
CCC(=O)OC1CC2CCC1(C)C2(C)C,3.241222381591797,3.101337432861328,noname
CCC(=O)OC1CC2CCC1(C)C2(C)C,3.241222381591797,3.108187437057495,noname
CCC(=O)OC1CC2CCC1(C)C2(C)C,3.241222381591797,3.1093521118164062,noname
CCC(=O)OC1CC2CCC1(C)C2(C)C,3.241222381591797,3.096543550491333,noname
CCC(=O)OC1CC2CCC1(C)C2(C)C,3.241222381591797,3.1040754318237305,noname
CCC(=O)OC1CC2CCC1(C)C2(C)C,3.241222381591797,3.0702404975891113,noname
CCC(=O)OC1CC2CCC1(C)C2(C)C,3.241222381591797,3.082629919052124,noname
CCC(=O)OC1CC2CCC1(C)C2(C)C,3.241222381591797,3.082629919052124,noname
CCC(=O)OC1CC2CCC1(C)C2(C)C,3.241222381591797,3.2071375846862793,noname
CCC(=O)OC1CC2CCC1(C)C2(C)C,3.241222381591797,3.1429977416992188,noname
CCC(=O)OC1CC2CCC1(C)C2(C)C,3.241222381591797,4.7605204582214355,noname
CC(=O)OC(C)(C)C1CC=C(C)CC1,3.2395780086517334,3.8359932899475098,noname
CC(=O)OC(C)(C)C1CC=C(C)CC1,3.2395780086517334,3.898841619491577,noname
CC(=O)OC(C)(C)C1CC=C(C)CC1,3.2395780086517334,3.9287521839141846,noname
CC(=O)OC(C)(C)C1CC=C(C)CC1,3.2395780086517334,3.8717026710510254,noname
CC(=O)OC(C)(C)C1CC=C(C)CC1,3.2395780086517334,3.8348631858825684,noname
CC(=O)OC(C)(C)C1CC=C(C)CC1,3.2395780086517334,3.818430185317993,noname
CC(=O)OC(C)(C)C1CC=C(C)CC1,3.2395780086517334,3.818430185317993,noname
CC(=O)OC(C)(C)C1CC=C(C)CC1,3.2395780086517334,3.857788562774658,noname
CC(=O)OC(C)(C)C1CC=C(C)CC1,3.2395780086517334,3.783022403717041,noname
CC(=O)OC(C)(C)C1CC=C(C)CC1,3.2395780086517334,3.846590280532837,noname
CC(=O)OC(C)(C)C1CC=C(C)CC1,3.2395780086517334,3.779110908508301,noname
CC(=O)OC(C)(C)C1CC=C(C)CC1,3.2395780086517334,3.7914068698883057,noname
CC(=O)OC(C)(C)C1CC=C(C)CC1,3.2395780086517334,3.763291835784912,noname
CC(=O)OC(C)(C)C1CC=C(C)CC1,3.2395780086517334,3.7597360610961914,noname
CC(=O)OC(C)(C)C1CC=C(C)CC1,3.2395780086517334,4.210155010223389,noname
CC(=O)OC(C)(C)C1CC=C(C)CC1,3.2395780086517334,3.8717026710510254,noname
CC(=O)OC(C)(C)C1CC=C(C)CC1,3.2395780086517334,4.031410217285156,noname
CC(=O)OC(C)(C)C1CC=C(C)CC1,3.2395780086517334,4.169742584228516,noname
CC(C)c1ccc(O)cc1,3.2380101680755615,3.3412132263183594,noname
CC(C)c1ccc(O)cc1,3.2380101680755615,3.319766044616699,noname
CC(C)c1ccc(O)cc1,3.2380101680755615,3.3412132263183594,noname
CC(C)c1ccc(O)cc1,3.2380101680755615,3.3757197856903076,noname
CC(C)c1ccc(O)cc1,3.2380101680755615,3.382476568222046,noname
CC(C)c1ccc(O)cc1,3.2380101680755615,3.396885871887207,noname
CC(C)c1ccc(O)cc1,3.2380101680755615,3.6395492553710938,noname
CC(C)c1ccc(O)cc1,3.2380101680755615,3.596634864807129,noname
CC(C)c1ccc(O)cc1,3.2380101680755615,3.396885871887207,noname
CC(C)c1ccc(O)cc1,3.2380101680755615,3.382476329803467,noname
CC(C)c1ccc(O)cc1,3.2380101680755615,3.456705093383789,noname
CC(C)c1ccc(O)cc1,3.2380101680755615,5.000349521636963,noname
CCCCCCCCCC(C)=O,3.234856128692627,3.8416907787323,noname
CCCCCCCCCC(C)=O,3.234856128692627,3.8573760986328125,noname
CCCCCCCCCC(C)=O,3.234856128692627,3.8630475997924805,noname
CCCCCCCCCC(C)=O,3.234856128692627,3.867213010787964,noname
CCCCCCCCCC(C)=O,3.234856128692627,3.86724853515625,noname
CCCCCCCCCC(C)=O,3.234856128692627,3.86724853515625,noname
CCCCCCCCCC(C)=O,3.234856128692627,3.868964672088623,noname
CCCCCCCCCC(C)=O,3.234856128692627,3.8664631843566895,noname
CCCCCCCCCC(C)=O,3.234856128692627,3.8547565937042236,noname
CCCCCCCCCC(C)=O,3.234856128692627,3.8289217948913574,noname
CCCCCCCCCC(C)=O,3.234856128692627,3.8169713020324707,noname
CCCCCCCCCC(C)=O,3.234856128692627,3.8860416412353516,noname
CCCCCCCCCC(C)=O,3.234856128692627,5.123969554901123,noname
CC(C)COC(=O)c1ccccc1,3.2340822219848633,3.327739715576172,noname
CC(C)COC(=O)c1ccccc1,3.2340822219848633,3.3276705741882324,noname
CC(C)COC(=O)c1ccccc1,3.2340822219848633,3.327739715576172,noname
CC(C)COC(=O)c1ccccc1,3.2340822219848633,3.354813575744629,noname
CC(C)COC(=O)c1ccccc1,3.2340822219848633,3.4171652793884277,noname
CC(C)COC(=O)c1ccccc1,3.2340822219848633,3.4259231090545654,noname
CC(C)COC(=O)c1ccccc1,3.2340822219848633,3.4428768157958984,noname
CC(C)COC(=O)c1ccccc1,3.2340822219848633,3.4525489807128906,noname
CC(C)COC(=O)c1ccccc1,3.2340822219848633,3.445188522338867,noname
CC(C)COC(=O)c1ccccc1,3.2340822219848633,3.4343996047973633,noname
CC(C)COC(=O)c1ccccc1,3.2340822219848633,3.435211658477783,noname
CC(C)COC(=O)c1ccccc1,3.2340822219848633,3.4343996047973633,noname
CC(C)COC(=O)c1ccccc1,3.2340822219848633,3.445188522338867,noname
CC(C)COC(=O)c1ccccc1,3.2340822219848633,3.988156795501709,noname
CC(C)COC(=O)c1ccccc1,3.2340822219848633,3.4171652793884277,noname
CC(C)COC(=O)c1ccccc1,3.2340822219848633,3.804055690765381,noname
CC(C)COC(=O)c1ccccc1,3.2340822219848633,4.845412254333496,noname
CCCCOCCOCCO,3.2278506755828857,3.6848092079162598,noname
CCCCOCCOCCO,3.2278506755828857,3.666029930114746,noname
CCCCOCCOCCO,3.2278506755828857,3.6725306510925293,noname
CCCCOCCOCCO,3.2278506755828857,3.6971383094787598,noname
CCCCOCCOCCO,3.2278506755828857,3.7095818519592285,noname
CCCCOCCOCCO,3.2278506755828857,3.711453676223755,noname
CCCCOCCOCCO,3.2278506755828857,3.711453676223755,noname
CCCCOCCOCCO,3.2278506755828857,3.7154552936553955,noname
CCCCOCCOCCO,3.2278506755828857,3.809507369995117,noname
CCCCOCCOCCO,3.2278506755828857,3.935232639312744,noname
CCCCOCCOCCO,3.2278506755828857,3.9829421043395996,noname
CCCCOCCOCCO,3.2278506755828857,4.401594161987305,noname
CCCCOCCOCCO,3.2278506755828857,3.7095818519592285,noname
CCCCOCCOCCO,3.2278506755828857,4.089749813079834,noname
CCCCOCCOCCO,3.2278506755828857,3.7154552936553955,noname
CCCCOCCOCCO,3.2278506755828857,4.651643753051758,noname
Cc1cc(C)c(C)c(O)c1C,3.2190630435943604,3.069474697113037,noname
Cc1cc(C)c(C)c(O)c1C,3.2190630435943604,3.116579055786133,noname
Cc1cc(C)c(C)c(O)c1C,3.2190630435943604,3.0876917839050293,noname
Cc1cc(C)c(C)c(O)c1C,3.2190630435943604,3.116579294204712,noname
Cc1cc(C)c(C)c(O)c1C,3.2190630435943604,3.069474697113037,noname
Cc1cc(C)c(C)c(O)c1C,3.2190630435943604,3.120605945587158,noname
Cc1cc(C)c(C)c(O)c1C,3.2190630435943604,3.0876049995422363,noname
Cc1cc(C)c(C)c(O)c1C,3.2190630435943604,3.197978973388672,noname
Cc1cc(C)c(C)c(O)c1C,3.2190630435943604,3.1883463859558105,noname
Cc1cc(C)c(C)c(O)c1C,3.2190630435943604,3.12060546875,noname
Cc1cc(C)c(C)c(O)c1C,3.2190630435943604,3.087604284286499,noname
Cc1cc(C)c(C)c(O)c1C,3.2190630435943604,5.123969554901123,noname
CCOC(=O)CCCC(=O)OCC,3.208571672439575,3.4753527641296387,noname
CCOC(=O)CCCC(=O)OCC,3.208571672439575,3.478548526763916,noname
CCOC(=O)CCCC(=O)OCC,3.208571672439575,3.494246244430542,noname
CCOC(=O)CCCC(=O)OCC,3.208571672439575,3.507309675216675,noname
CCOC(=O)CCCC(=O)OCC,3.208571672439575,3.527848243713379,noname
CCOC(=O)CCCC(=O)OCC,3.208571672439575,3.480956792831421,noname
CCOC(=O)CCCC(=O)OCC,3.208571672439575,3.4743435382843018,noname
CCOC(=O)CCCC(=O)OCC,3.208571672439575,3.480956792831421,noname
CCOC(=O)CCCC(=O)OCC,3.208571672439575,3.507309913635254,noname
CCOC(=O)CCCC(=O)OCC,3.208571672439575,3.527848243713379,noname
CCOC(=O)CCCC(=O)OCC,3.208571672439575,3.494246244430542,noname
CCOC(=O)CCCC(=O)OCC,3.208571672439575,3.478548526763916,noname
CCOC(=O)CCCC(=O)OCC,3.208571672439575,3.4753530025482178,noname
CCOC(=O)CCCC(=O)OCC,3.208571672439575,3.674267053604126,noname
CCOC(=O)CCCC(=O)OCC,3.208571672439575,3.494246244430542,noname
CCOC(=O)CCCC(=O)OCC,3.208571672439575,5.001916408538818,noname
CCOC(=O)CCCC(=O)OCC,3.208571672439575,3.494246244430542,noname
CCOC(=O)CCCC(=O)OCC,3.208571672439575,3.674267292022705,noname
CCCCCCCc1ccccc1,3.205415964126587,3.551523208618164,noname
CCCCCCCc1ccccc1,3.205415964126587,3.5151233673095703,noname
CCCCCCCc1ccccc1,3.205415964126587,3.5163817405700684,noname
CCCCCCCc1ccccc1,3.205415964126587,3.5155749320983887,noname
CCCCCCCc1ccccc1,3.205415964126587,3.5233078002929688,noname
CCCCCCCc1ccccc1,3.205415964126587,3.5332517623901367,noname
CCCCCCCc1ccccc1,3.205415964126587,3.573280096054077,noname
CCCCCCCc1ccccc1,3.205415964126587,3.6348583698272705,noname
CCCCCCCc1ccccc1,3.205415964126587,3.635370969772339,noname
CCCCCCCc1ccccc1,3.205415964126587,3.627056121826172,noname
CCCCCCCc1ccccc1,3.205415964126587,3.6305198669433594,noname
CCCCCCCc1ccccc1,3.205415964126587,3.627056121826172,noname
CCCCCCCc1ccccc1,3.205415964126587,3.635370969772339,noname
CCCCCCCc1ccccc1,3.205415964126587,4.852485656738281,noname
CCCCCCCc1ccccc1,3.205415964126587,4.977627277374268,noname
c1ccc(C2CCCCC2)cc1,3.182612657546997,3.872279644012451,noname
c1ccc(C2CCCCC2)cc1,3.182612657546997,3.873000144958496,noname
c1ccc(C2CCCCC2)cc1,3.182612657546997,3.8867239952087402,noname
c1ccc(C2CCCCC2)cc1,3.182612657546997,3.875217914581299,noname
c1ccc(C2CCCCC2)cc1,3.182612657546997,3.7491321563720703,noname
c1ccc(C2CCCCC2)cc1,3.182612657546997,3.753955125808716,noname
c1ccc(C2CCCCC2)cc1,3.182612657546997,3.740811586380005,noname
c1ccc(C2CCCCC2)cc1,3.182612657546997,3.7415988445281982,noname
c1ccc(C2CCCCC2)cc1,3.182612657546997,3.740811347961426,noname
c1ccc(C2CCCCC2)cc1,3.182612657546997,3.7539548873901367,noname
c1ccc(C2CCCCC2)cc1,3.182612657546997,3.8867239952087402,noname
c1ccc(C2CCCCC2)cc1,3.182612657546997,3.872999906539917,noname
c1ccc(C2CCCCC2)cc1,3.182612657546997,5.048182964324951,noname
c1ccc(C2CCCCC2)cc1,3.182612657546997,4.852841854095459,noname
CCc1cc(C)cc(O)c1,3.1735026836395264,3.2696526050567627,noname
CCc1cc(C)cc(O)c1,3.1735026836395264,3.253718376159668,noname
CCc1cc(C)cc(O)c1,3.1735026836395264,3.314213991165161,noname
CCc1cc(C)cc(O)c1,3.1735026836395264,3.3127994537353516,noname
CCc1cc(C)cc(O)c1,3.1735026836395264,3.3108363151550293,noname
CCc1cc(C)cc(O)c1,3.1735026836395264,3.279397964477539,noname
CCc1cc(C)cc(O)c1,3.1735026836395264,3.3345940113067627,noname
CCc1cc(C)cc(O)c1,3.1735026836395264,3.4450085163116455,noname
CCc1cc(C)cc(O)c1,3.1735026836395264,3.4177002906799316,noname
CCc1cc(C)cc(O)c1,3.1735026836395264,3.337486743927002,noname
CCc1cc(C)cc(O)c1,3.1735026836395264,3.291749954223633,noname
CCc1cc(C)cc(O)c1,3.1735026836395264,5.048098564147949,noname
Cc1ccc(O)c(C(C)(C)C)c1,3.1614298820495605,3.1242012977600098,noname
Cc1ccc(O)c(C(C)(C)C)c1,3.1614298820495605,3.124305486679077,noname
Cc1ccc(O)c(C(C)(C)C)c1,3.1614298820495605,3.122331142425537,noname
Cc1ccc(O)c(C(C)(C)C)c1,3.1614298820495605,3.0773508548736572,noname
Cc1ccc(O)c(C(C)(C)C)c1,3.1614298820495605,3.0565831661224365,noname
Cc1ccc(O)c(C(C)(C)C)c1,3.1614298820495605,3.064763307571411,noname
Cc1ccc(O)c(C(C)(C)C)c1,3.1614298820495605,3.2174530029296875,noname
Cc1ccc(O)c(C(C)(C)C)c1,3.1614298820495605,3.1033570766448975,noname
Cc1ccc(O)c(C(C)(C)C)c1,3.1614298820495605,3.11759090423584,noname
Cc1ccc(O)c(C(C)(C)C)c1,3.1614298820495605,3.11759090423584,noname
Cc1ccc(O)c(C(C)(C)C)c1,3.1614298820495605,3.11759090423584,noname
Cc1ccc(O)c(C(C)(C)C)c1,3.1614298820495605,3.108870506286621,noname
Cc1ccc(O)c(C(C)(C)C)c1,3.1614298820495605,4.790006637573242,noname
Cc1ccc(O)c(C(C)(C)C)c1,3.1614298820495605,3.2691092491149902,noname
CCCCCCC(=O)O,3.151472806930542,3.65807843208313,noname
CCCCCCC(=O)O,3.151472806930542,3.670008659362793,noname
CCCCCCC(=O)O,3.151472806930542,3.6672635078430176,noname
CCCCCCC(=O)O,3.151472806930542,3.6745548248291016,noname
CCCCCCC(=O)O,3.151472806930542,3.6925363540649414,noname
CCCCCCC(=O)O,3.151472806930542,3.7908647060394287,noname
CCCCCCC(=O)O,3.151472806930542,4.190556526184082,noname
CCCCCCC(=O)O,3.151472806930542,3.7657854557037354,noname
CCCCCCC(=O)O,3.151472806930542,4.208595275878906,noname
CCCCCCC(=O)O,3.151472806930542,5.123969554901123,noname
CC(=O)OCCC(C)CCC=C(C)C,3.1507647037506104,3.3309147357940674,noname
CC(=O)OCCC(C)CCC=C(C)C,3.1507647037506104,3.3605713844299316,noname
CC(=O)OCCC(C)CCC=C(C)C,3.1507647037506104,3.42820143699646,noname
CC(=O)OCCC(C)CCC=C(C)C,3.1507647037506104,3.3599534034729004,noname
CC(=O)OCCC(C)CCC=C(C)C,3.1507647037506104,3.339658260345459,noname
CC(=O)OCCC(C)CCC=C(C)C,3.1507647037506104,3.31510853767395,noname
CC(=O)OCCC(C)CCC=C(C)C,3.1507647037506104,3.2976865768432617,noname
CC(=O)OCCC(C)CCC=C(C)C,3.1507647037506104,3.3046927452087402,noname
CC(=O)OCCC(C)CCC=C(C)C,3.1507647037506104,3.3152012825012207,noname
CC(=O)OCCC(C)CCC=C(C)C,3.1507647037506104,3.325976848602295,noname
CC(=O)OCCC(C)CCC=C(C)C,3.1507647037506104,3.3513951301574707,noname
CC(=O)OCCC(C)CCC=C(C)C,3.1507647037506104,3.3276116847991943,noname
CC(=O)OCCC(C)CCC=C(C)C,3.1507647037506104,3.322688102722168,noname
CC(=O)OCCC(C)CCC=C(C)C,3.1507647037506104,3.322688102722168,noname
CC(=O)OCCC(C)CCC=C(C)C,3.1507647037506104,4.154117107391357,noname
CC(=O)OCCC(C)CCC=C(C)C,3.1507647037506104,3.3599534034729004,noname
CC(=O)OCCC(C)CCC=C(C)C,3.1507647037506104,4.766698360443115,noname
CC(=O)OCCC(C)CCC=C(C)C,3.1507647037506104,3.9166526794433594,noname
CCCCCCCCCC(C)O,3.149319887161255,3.549126148223877,noname
CCCCCCCCCC(C)O,3.149319887161255,3.525597095489502,noname
CCCCCCCCCC(C)O,3.149319887161255,3.5218279361724854,noname
CCCCCCCCCC(C)O,3.149319887161255,3.5267467498779297,noname
CCCCCCCCCC(C)O,3.149319887161255,3.526703357696533,noname
CCCCCCCCCC(C)O,3.149319887161255,3.526703357696533,noname
CCCCCCCCCC(C)O,3.149319887161255,3.531287908554077,noname
CCCCCCCCCC(C)O,3.149319887161255,3.5486900806427,noname
CCCCCCCCCC(C)O,3.149319887161255,3.6217241287231445,noname
CCCCCCCCCC(C)O,3.149319887161255,3.701368808746338,noname
CCCCCCCCCC(C)O,3.149319887161255,3.612088203430176,noname
CCCCCCCCCC(C)O,3.149319887161255,3.7595930099487305,noname
CCCCCCCCCC(C)O,3.149319887161255,5.123969554901123,noname
Cc1ccc(C(C)C)cc1O,3.144801616668701,3.23551344871521,noname
Cc1ccc(C(C)C)cc1O,3.144801616668701,3.282883882522583,noname
Cc1ccc(C(C)C)cc1O,3.144801616668701,3.2558059692382812,noname
Cc1ccc(C(C)C)cc1O,3.144801616668701,3.2510364055633545,noname
Cc1ccc(C(C)C)cc1O,3.144801616668701,3.262171983718872,noname
Cc1ccc(C(C)C)cc1O,3.144801616668701,3.193908452987671,noname
Cc1ccc(C(C)C)cc1O,3.144801616668701,3.213977575302124,noname
Cc1ccc(C(C)C)cc1O,3.144801616668701,3.213977575302124,noname
Cc1ccc(C(C)C)cc1O,3.144801616668701,3.2908477783203125,noname
Cc1ccc(C(C)C)cc1O,3.144801616668701,3.3549201488494873,noname
Cc1ccc(C(C)C)cc1O,3.144801616668701,3.332014322280884,noname
Cc1ccc(C(C)C)cc1O,3.144801616668701,4.998283863067627,noname
Cc1ccc(C(C)C)cc1O,3.144801616668701,3.2780566215515137,noname
CCCCCCCCCCO,3.1217942237854004,3.7546370029449463,noname
CCCCCCCCCCO,3.1217942237854004,3.762532949447632,noname
CCCCCCCCCCO,3.1217942237854004,3.770662546157837,noname
CCCCCCCCCCO,3.1217942237854004,3.775977611541748,noname
CCCCCCCCCCO,3.1217942237854004,3.7765684127807617,noname
CCCCCCCCCCO,3.1217942237854004,3.7765684127807617,noname
CCCCCCCCCCO,3.1217942237854004,3.7765684127807617,noname
CCCCCCCCCCO,3.1217942237854004,3.776237964630127,noname
CCCCCCCCCCO,3.1217942237854004,3.8062243461608887,noname
CCCCCCCCCCO,3.1217942237854004,3.912949562072754,noname
CCCCCCCCCCO,3.1217942237854004,3.9733567237854004,noname
CCCCCCCCCCO,3.1217942237854004,5.123969554901123,noname
CC(C)C(=O)OC1CC2CCC1(C)C2(C)C,3.12140154838562,3.0335633754730225,noname
CC(C)C(=O)OC1CC2CCC1(C)C2(C)C,3.12140154838562,3.0248193740844727,noname
CC(C)C(=O)OC1CC2CCC1(C)C2(C)C,3.12140154838562,3.0335633754730225,noname
CC(C)C(=O)OC1CC2CCC1(C)C2(C)C,3.12140154838562,3.0464251041412354,noname
CC(C)C(=O)OC1CC2CCC1(C)C2(C)C,3.12140154838562,3.055842399597168,noname
CC(C)C(=O)OC1CC2CCC1(C)C2(C)C,3.12140154838562,3.1083412170410156,noname
CC(C)C(=O)OC1CC2CCC1(C)C2(C)C,3.12140154838562,3.1039910316467285,noname
CC(C)C(=O)OC1CC2CCC1(C)C2(C)C,3.12140154838562,3.0872578620910645,noname
CC(C)C(=O)OC1CC2CCC1(C)C2(C)C,3.12140154838562,3.045935869216919,noname
CC(C)C(=O)OC1CC2CCC1(C)C2(C)C,3.12140154838562,3.055527448654175,noname
CC(C)C(=O)OC1CC2CCC1(C)C2(C)C,3.12140154838562,3.055124282836914,noname
CC(C)C(=O)OC1CC2CCC1(C)C2(C)C,3.12140154838562,3.0450172424316406,noname
CC(C)C(=O)OC1CC2CCC1(C)C2(C)C,3.12140154838562,3.049079418182373,noname
CC(C)C(=O)OC1CC2CCC1(C)C2(C)C,3.12140154838562,3.021934986114502,noname
CC(C)C(=O)OC1CC2CCC1(C)C2(C)C,3.12140154838562,3.026901960372925,noname
CC(C)C(=O)OC1CC2CCC1(C)C2(C)C,3.12140154838562,3.026901960372925,noname
CC(C)C(=O)OC1CC2CCC1(C)C2(C)C,3.12140154838562,3.201984405517578,noname
CC(C)C(=O)OC1CC2CCC1(C)C2(C)C,3.12140154838562,3.1083412170410156,noname
CC(C)C(=O)OC1CC2CCC1(C)C2(C)C,3.12140154838562,4.716602802276611,noname
CCC(C)c1ccc(O)cc1,3.1057040691375732,3.258476734161377,noname
CCC(C)c1ccc(O)cc1,3.1057040691375732,3.2628583908081055,noname
CCC(C)c1ccc(O)cc1,3.1057040691375732,3.258657455444336,noname
CCC(C)c1ccc(O)cc1,3.1057040691375732,3.266129732131958,noname
CCC(C)c1ccc(O)cc1,3.1057040691375732,3.2887492179870605,noname
CCC(C)c1ccc(O)cc1,3.1057040691375732,3.29441237449646,noname
CCC(C)c1ccc(O)cc1,3.1057040691375732,3.2419209480285645,noname
CCC(C)c1ccc(O)cc1,3.1057040691375732,3.4246044158935547,noname
CCC(C)c1ccc(O)cc1,3.1057040691375732,3.446850538253784,noname
CCC(C)c1ccc(O)cc1,3.1057040691375732,3.2419209480285645,noname
CCC(C)c1ccc(O)cc1,3.1057040691375732,3.294412612915039,noname
CCC(C)c1ccc(O)cc1,3.1057040691375732,3.4542317390441895,noname
CCC(C)c1ccc(O)cc1,3.1057040691375732,4.97556734085083,noname
CC(C)Cc1ccc(O)cc1,3.0982859134674072,3.2589027881622314,noname
CC(C)Cc1ccc(O)cc1,3.0982859134674072,3.254216194152832,noname
CC(C)Cc1ccc(O)cc1,3.0982859134674072,3.2589027881622314,noname
CC(C)Cc1ccc(O)cc1,3.0982859134674072,3.2722606658935547,noname
CC(C)Cc1ccc(O)cc1,3.0982859134674072,3.2897539138793945,noname
CC(C)Cc1ccc(O)cc1,3.0982859134674072,3.2862236499786377,noname
CC(C)Cc1ccc(O)cc1,3.0982859134674072,3.2486701011657715,noname
CC(C)Cc1ccc(O)cc1,3.0982859134674072,3.514346122741699,noname
CC(C)Cc1ccc(O)cc1,3.0982859134674072,3.5264670848846436,noname
CC(C)Cc1ccc(O)cc1,3.0982859134674072,3.2486698627471924,noname
CC(C)Cc1ccc(O)cc1,3.0982859134674072,3.2862234115600586,noname
CC(C)Cc1ccc(O)cc1,3.0982859134674072,3.4686074256896973,noname
CC(C)Cc1ccc(O)cc1,3.0982859134674072,5.068839073181152,noname
Cc1cc(C)c(O)c(C(C)(C)C)c1,3.0979301929473877,2.986339807510376,noname
Cc1cc(C)c(O)c(C(C)(C)C)c1,3.0979301929473877,3.011199951171875,noname
Cc1cc(C)c(O)c(C(C)(C)C)c1,3.0979301929473877,3.02565860748291,noname
Cc1cc(C)c(O)c(C(C)(C)C)c1,3.0979301929473877,3.037320613861084,noname
Cc1cc(C)c(O)c(C(C)(C)C)c1,3.0979301929473877,2.9957194328308105,noname
Cc1cc(C)c(O)c(C(C)(C)C)c1,3.0979301929473877,3.078183174133301,noname
Cc1cc(C)c(O)c(C(C)(C)C)c1,3.0979301929473877,3.1345057487487793,noname
Cc1cc(C)c(O)c(C(C)(C)C)c1,3.0979301929473877,3.0813605785369873,noname
Cc1cc(C)c(O)c(C(C)(C)C)c1,3.0979301929473877,2.9749066829681396,noname
Cc1cc(C)c(O)c(C(C)(C)C)c1,3.0979301929473877,2.981837272644043,noname
Cc1cc(C)c(O)c(C(C)(C)C)c1,3.0979301929473877,2.981837272644043,noname
Cc1cc(C)c(O)c(C(C)(C)C)c1,3.0979301929473877,2.981837272644043,noname
Cc1cc(C)c(O)c(C(C)(C)C)c1,3.0979301929473877,3.0264699459075928,noname
Cc1cc(C)c(O)c(C(C)(C)C)c1,3.0979301929473877,3.141158103942871,noname
Cc1cc(C)c(O)c(C(C)(C)C)c1,3.0979301929473877,4.787951469421387,noname
CC(O)COCC(C)O,3.0771775245666504,3.5243098735809326,noname
CC(O)COCC(C)O,3.0771775245666504,3.672030210494995,noname
CC(O)COCC(C)O,3.0771775245666504,3.7260642051696777,noname
CC(O)COCC(C)O,3.0771775245666504,3.5497665405273438,noname
CC(O)COCC(C)O,3.0771775245666504,3.515385627746582,noname
CC(O)COCC(C)O,3.0771775245666504,3.5497665405273438,noname
CC(O)COCC(C)O,3.0771775245666504,3.672030448913574,noname
CC(O)COCC(C)O,3.0771775245666504,3.5243101119995117,noname
CC(O)COCC(C)O,3.0771775245666504,3.7260642051696777,noname
CC(O)COCC(C)O,3.0771775245666504,4.7277140617370605,noname
CC(O)COCC(C)O,3.0771775245666504,3.515385627746582,noname
CC(O)COCC(C)O,3.0771775245666504,4.727713584899902,noname
OCCCc1ccccc1,3.0757339000701904,3.9863204956054688,noname
OCCCc1ccccc1,3.0757339000701904,3.933943748474121,noname
OCCCc1ccccc1,3.0757339000701904,3.779203414916992,noname
OCCCc1ccccc1,3.0757339000701904,3.709822654724121,noname
OCCCc1ccccc1,3.0757339000701904,3.740818738937378,noname
OCCCc1ccccc1,3.0757339000701904,3.735421895980835,noname
OCCCc1ccccc1,3.0757339000701904,3.7323615550994873,noname
OCCCc1ccccc1,3.0757339000701904,3.7377047538757324,noname
OCCCc1ccccc1,3.0757339000701904,3.732361316680908,noname
OCCCc1ccccc1,3.0757339000701904,3.735421895980835,noname
OCCCc1ccccc1,3.0757339000701904,4.852485656738281,noname
OCCCc1ccccc1,3.0757339000701904,4.9184651374816895,noname
CCc1cccc2ccccc12,3.0706093311309814,3.284332275390625,noname
CCc1cccc2ccccc12,3.0706093311309814,3.2892532348632812,noname
CCc1cccc2ccccc12,3.0706093311309814,3.311337947845459,noname
CCc1cccc2ccccc12,3.0706093311309814,3.331376075744629,noname
CCc1cccc2ccccc12,3.0706093311309814,3.333284378051758,noname
CCc1cccc2ccccc12,3.0706093311309814,3.3340988159179688,noname
CCc1cccc2ccccc12,3.0706093311309814,3.3387749195098877,noname
CCc1cccc2ccccc12,3.0706093311309814,3.3347768783569336,noname
CCc1cccc2ccccc12,3.0706093311309814,3.3380157947540283,noname
CCc1cccc2ccccc12,3.0706093311309814,3.336010694503784,noname
CCc1cccc2ccccc12,3.0706093311309814,3.3249921798706055,noname
CCc1cccc2ccccc12,3.0706093311309814,3.359754800796509,noname
CCc1cccc2ccccc12,3.0706093311309814,3.437891721725464,noname
CCc1cccc2ccccc12,3.0706093311309814,5.0449910163879395,noname
OCC=Cc1ccccc1,3.054218053817749,3.7742934226989746,noname
OCC=Cc1ccccc1,3.054218053817749,3.7107596397399902,noname
OCC=Cc1ccccc1,3.054218053817749,3.544973850250244,noname
OCC=Cc1ccccc1,3.054218053817749,3.4420769214630127,noname
OCC=Cc1ccccc1,3.054218053817749,3.4532651901245117,noname
OCC=Cc1ccccc1,3.054218053817749,3.436380386352539,noname
OCC=Cc1ccccc1,3.054218053817749,3.4246506690979004,noname
OCC=Cc1ccccc1,3.054218053817749,3.4248807430267334,noname
OCC=Cc1ccccc1,3.054218053817749,3.4246511459350586,noname
OCC=Cc1ccccc1,3.054218053817749,3.436380386352539,noname
OCC=Cc1ccccc1,3.054218053817749,4.745945930480957,noname
OCC=Cc1ccccc1,3.054218053817749,4.872044086456299,noname
CC(=O)OCC=C(C)CCC=C(C)C,3.05362868309021,3.3291003704071045,noname
CC(=O)OCC=C(C)CCC=C(C)C,3.05362868309021,3.3183834552764893,noname
CC(=O)OCC=C(C)CCC=C(C)C,3.05362868309021,3.3294615745544434,noname
CC(=O)OCC=C(C)CCC=C(C)C,3.05362868309021,3.3368477821350098,noname
CC(=O)OCC=C(C)CCC=C(C)C,3.05362868309021,3.3658218383789062,noname
CC(=O)OCC=C(C)CCC=C(C)C,3.05362868309021,3.3351142406463623,noname
CC(=O)OCC=C(C)CCC=C(C)C,3.05362868309021,3.351170539855957,noname
CC(=O)OCC=C(C)CCC=C(C)C,3.05362868309021,3.3386335372924805,noname
CC(=O)OCC=C(C)CCC=C(C)C,3.05362868309021,3.340052604675293,noname
CC(=O)OCC=C(C)CCC=C(C)C,3.05362868309021,3.338862419128418,noname
CC(=O)OCC=C(C)CCC=C(C)C,3.05362868309021,3.3576512336730957,noname
CC(=O)OCC=C(C)CCC=C(C)C,3.05362868309021,3.324594020843506,noname
CC(=O)OCC=C(C)CCC=C(C)C,3.05362868309021,3.3286874294281006,noname
CC(=O)OCC=C(C)CCC=C(C)C,3.05362868309021,3.3286874294281006,noname
CC(=O)OCC=C(C)CCC=C(C)C,3.05362868309021,3.74764347076416,noname
CC(=O)OCC=C(C)CCC=C(C)C,3.05362868309021,3.3368477821350098,noname
CC(=O)OCC=C(C)CCC=C(C)C,3.05362868309021,3.4602527618408203,noname
CC(=O)OCC=C(C)CCC=C(C)C,3.05362868309021,4.206740379333496,noname
CC(=O)OCC=C(C)CCC=C(C)C,3.05362868309021,3.606654167175293,noname
CC(C)c1ccc(CO)cc1,3.0423548221588135,3.2980875968933105,noname
CC(C)c1ccc(CO)cc1,3.0423548221588135,3.309866428375244,noname
CC(C)c1ccc(CO)cc1,3.0423548221588135,3.2980875968933105,noname
CC(C)c1ccc(CO)cc1,3.0423548221588135,3.3906874656677246,noname
CC(C)c1ccc(CO)cc1,3.0423548221588135,3.4108705520629883,noname
CC(C)c1ccc(CO)cc1,3.0423548221588135,3.4137983322143555,noname
CC(C)c1ccc(CO)cc1,3.0423548221588135,3.554591178894043,noname
CC(C)c1ccc(CO)cc1,3.0423548221588135,3.697690486907959,noname
CC(C)c1ccc(CO)cc1,3.0423548221588135,3.768450975418091,noname
CC(C)c1ccc(CO)cc1,3.0423548221588135,3.4137980937957764,noname
CC(C)c1ccc(CO)cc1,3.0423548221588135,3.410870313644409,noname
CC(C)c1ccc(CO)cc1,3.0423548221588135,3.871492385864258,noname
CC(C)c1ccc(CO)cc1,3.0423548221588135,4.771206378936768,noname
CC(C)c1ccc(CO)cc1,3.0423548221588135,4.305163860321045,noname
CC(=O)CCC(=O)OCCC(C)C,3.0252294540405273,3.4936532974243164,noname
CC(=O)CCC(=O)OCCC(C)C,3.0252294540405273,3.5131449699401855,noname
CC(=O)CCC(=O)OCCC(C)C,3.0252294540405273,3.6780967712402344,noname
CC(=O)CCC(=O)OCCC(C)C,3.0252294540405273,3.499973773956299,noname
CC(=O)CCC(=O)OCCC(C)C,3.0252294540405273,3.4950344562530518,noname
CC(=O)CCC(=O)OCCC(C)C,3.0252294540405273,3.519470453262329,noname
CC(=O)CCC(=O)OCCC(C)C,3.0252294540405273,3.5823512077331543,noname
CC(=O)CCC(=O)OCCC(C)C,3.0252294540405273,3.5100576877593994,noname
CC(=O)CCC(=O)OCCC(C)C,3.0252294540405273,3.4910359382629395,noname
CC(=O)CCC(=O)OCCC(C)C,3.0252294540405273,3.4709177017211914,noname
CC(=O)CCC(=O)OCCC(C)C,3.0252294540405273,3.4353318214416504,noname
CC(=O)CCC(=O)OCCC(C)C,3.0252294540405273,3.452120780944824,noname
CC(=O)CCC(=O)OCCC(C)C,3.0252294540405273,3.452120780944824,noname
CC(=O)CCC(=O)OCCC(C)C,3.0252294540405273,4.473082065582275,noname
CC(=O)CCC(=O)OCCC(C)C,3.0252294540405273,4.97924280166626,noname
CC(=O)CCC(=O)OCCC(C)C,3.0252294540405273,3.5100576877593994,noname
O=CC=Cc1ccccc1,2.998878240585327,4.0216851234436035,noname
O=CC=Cc1ccccc1,2.998878240585327,3.9609122276306152,noname
O=CC=Cc1ccccc1,2.998878240585327,3.958308696746826,noname
O=CC=Cc1ccccc1,2.998878240585327,3.967355728149414,noname
O=CC=Cc1ccccc1,2.998878240585327,3.9793617725372314,noname
O=CC=Cc1ccccc1,2.998878240585327,3.9704246520996094,noname
O=CC=Cc1ccccc1,2.998878240585327,3.9639017581939697,noname
O=CC=Cc1ccccc1,2.998878240585327,3.9667325019836426,noname
O=CC=Cc1ccccc1,2.998878240585327,3.9639017581939697,noname
O=CC=Cc1ccccc1,2.998878240585327,3.9704248905181885,noname
O=CC=Cc1ccccc1,2.998878240585327,4.747250080108643,noname
O=CC=Cc1ccccc1,2.998878240585327,4.952108860015869,noname
CC(C)CCOC(=O)c1ccccc1,2.9833383560180664,3.1971521377563477,noname
CC(C)CCOC(=O)c1ccccc1,2.9833383560180664,3.1695597171783447,noname
CC(C)CCOC(=O)c1ccccc1,2.9833383560180664,3.1971521377563477,noname
CC(C)CCOC(=O)c1ccccc1,2.9833383560180664,3.2063446044921875,noname
CC(C)CCOC(=O)c1ccccc1,2.9833383560180664,3.243927001953125,noname
CC(C)CCOC(=O)c1ccccc1,2.9833383560180664,3.2988898754119873,noname
CC(C)CCOC(=O)c1ccccc1,2.9833383560180664,3.324662208557129,noname
CC(C)CCOC(=O)c1ccccc1,2.9833383560180664,3.3414807319641113,noname
CC(C)CCOC(=O)c1ccccc1,2.9833383560180664,3.36318302154541,noname
CC(C)CCOC(=O)c1ccccc1,2.9833383560180664,3.349015951156616,noname
CC(C)CCOC(=O)c1ccccc1,2.9833383560180664,3.3331665992736816,noname
CC(C)CCOC(=O)c1ccccc1,2.9833383560180664,3.3325607776641846,noname
CC(C)CCOC(=O)c1ccccc1,2.9833383560180664,3.3331668376922607,noname
CC(C)CCOC(=O)c1ccccc1,2.9833383560180664,3.349015712738037,noname
CC(C)CCOC(=O)c1ccccc1,2.9833383560180664,4.738540172576904,noname
CC(C)CCOC(=O)c1ccccc1,2.9833383560180664,3.9875292778015137,noname
CC(C)CCOC(=O)c1ccccc1,2.9833383560180664,3.2988898754119873,noname
CC(C)CCOC(=O)c1ccccc1,2.9833383560180664,3.56769061088562,noname
OCCOc1ccccc1,2.9828073978424072,3.880492687225342,noname
OCCOc1ccccc1,2.9828073978424072,3.8425426483154297,noname
OCCOc1ccccc1,2.9828073978424072,3.6761045455932617,noname
OCCOc1ccccc1,2.9828073978424072,3.574937343597412,noname
OCCOc1ccccc1,2.9828073978424072,3.6004765033721924,noname
OCCOc1ccccc1,2.9828073978424072,3.5915136337280273,noname
OCCOc1ccccc1,2.9828073978424072,3.580265760421753,noname
OCCOc1ccccc1,2.9828073978424072,3.583805561065674,noname
OCCOc1ccccc1,2.9828073978424072,3.580265760421753,noname
OCCOc1ccccc1,2.9828073978424072,3.5915138721466064,noname
OCCOc1ccccc1,2.9828073978424072,4.769958972930908,noname
OCCOc1ccccc1,2.9828073978424072,3.574937343597412,noname
OCCOc1ccccc1,2.9828073978424072,4.841331481933594,noname
CCc1ccc(O)c(C(C)(C)C)c1,2.9811220169067383,3.069504737854004,noname
CCc1ccc(O)c(C(C)(C)C)c1,2.9811220169067383,3.053767681121826,noname
CCc1ccc(O)c(C(C)(C)C)c1,2.9811220169067383,3.1204826831817627,noname
CCc1ccc(O)c(C(C)(C)C)c1,2.9811220169067383,3.133746862411499,noname
CCc1ccc(O)c(C(C)(C)C)c1,2.9811220169067383,3.1446657180786133,noname
CCc1ccc(O)c(C(C)(C)C)c1,2.9811220169067383,3.1062190532684326,noname
CCc1ccc(O)c(C(C)(C)C)c1,2.9811220169067383,3.0861008167266846,noname
CCc1ccc(O)c(C(C)(C)C)c1,2.9811220169067383,3.214232921600342,noname
CCc1ccc(O)c(C(C)(C)C)c1,2.9811220169067383,3.099421977996826,noname
CCc1ccc(O)c(C(C)(C)C)c1,2.9811220169067383,3.1136562824249268,noname
CCc1ccc(O)c(C(C)(C)C)c1,2.9811220169067383,3.1136562824249268,noname
CCc1ccc(O)c(C(C)(C)C)c1,2.9811220169067383,3.1136562824249268,noname
CCc1ccc(O)c(C(C)(C)C)c1,2.9811220169067383,3.1511921882629395,noname
CCc1ccc(O)c(C(C)(C)C)c1,2.9811220169067383,3.280083656311035,noname
CCc1ccc(O)c(C(C)(C)C)c1,2.9811220169067383,3.132035732269287,noname
CCc1ccc(O)c(C(C)(C)C)c1,2.9811220169067383,4.670900821685791,noname
CCCOC(=O)CCC(=O)OCCC,2.9605002403259277,3.2599940299987793,noname
CCCOC(=O)CCC(=O)OCCC,2.9605002403259277,3.255880832672119,noname
CCCOC(=O)CCC(=O)OCCC,2.9605002403259277,3.2661919593811035,noname
CCCOC(=O)CCC(=O)OCCC,2.9605002403259277,3.2839319705963135,noname
CCCOC(=O)CCC(=O)OCCC,2.9605002403259277,3.2918577194213867,noname
CCCOC(=O)CCC(=O)OCCC,2.9605002403259277,3.3315815925598145,noname
CCCOC(=O)CCC(=O)OCCC,2.9605002403259277,3.2775888442993164,noname
CCCOC(=O)CCC(=O)OCCC,2.9605002403259277,3.2775888442993164,noname
CCCOC(=O)CCC(=O)OCCC,2.9605002403259277,3.2918577194213867,noname
CCCOC(=O)CCC(=O)OCCC,2.9605002403259277,3.3315815925598145,noname
CCCOC(=O)CCC(=O)OCCC,2.9605002403259277,3.2839319705963135,noname
CCCOC(=O)CCC(=O)OCCC,2.9605002403259277,3.2661917209625244,noname
CCCOC(=O)CCC(=O)OCCC,2.9605002403259277,3.2558813095092773,noname
CCCOC(=O)CCC(=O)OCCC,2.9605002403259277,3.2599940299987793,noname
CCCOC(=O)CCC(=O)OCCC,2.9605002403259277,3.643791675567627,noname
CCCOC(=O)CCC(=O)OCCC,2.9605002403259277,3.2839319705963135,noname
CCCOC(=O)CCC(=O)OCCC,2.9605002403259277,4.70499849319458,noname
CCCOC(=O)CCC(=O)OCCC,2.9605002403259277,3.2839319705963135,noname
CCCOC(=O)CCC(=O)OCCC,2.9605002403259277,3.643791913986206,noname
Cc1ccc2ccc(C)cc2c1,2.9580256938934326,3.2685906887054443,noname
Cc1ccc2ccc(C)cc2c1,2.9580256938934326,3.3119001388549805,noname
Cc1ccc2ccc(C)cc2c1,2.9580256938934326,3.3255319595336914,noname
Cc1ccc2ccc(C)cc2c1,2.9580256938934326,3.3258161544799805,noname
Cc1ccc2ccc(C)cc2c1,2.9580256938934326,3.3428382873535156,noname
Cc1ccc2ccc(C)cc2c1,2.9580256938934326,3.3258161544799805,noname
Cc1ccc2ccc(C)cc2c1,2.9580256938934326,3.3255319595336914,noname
Cc1ccc2ccc(C)cc2c1,2.9580256938934326,3.3119001388549805,noname
Cc1ccc2ccc(C)cc2c1,2.9580256938934326,3.2685904502868652,noname
Cc1ccc2ccc(C)cc2c1,2.9580256938934326,3.32918119430542,noname
Cc1ccc2ccc(C)cc2c1,2.9580256938934326,3.3359124660491943,noname
Cc1ccc2ccc(C)cc2c1,2.9580256938934326,3.329181432723999,noname
Cc1ccc2ccc(C)cc2c1,2.9580256938934326,5.123969554901123,noname
COC(=O)C=Cc1ccccc1,2.9429924488067627,3.370867967605591,noname
COC(=O)C=Cc1ccccc1,2.9429924488067627,3.3812642097473145,noname
COC(=O)C=Cc1ccccc1,2.9429924488067627,3.3772647380828857,noname
COC(=O)C=Cc1ccccc1,2.9429924488067627,3.37858247756958,noname
COC(=O)C=Cc1ccccc1,2.9429924488067627,3.3763880729675293,noname
COC(=O)C=Cc1ccccc1,2.9429924488067627,3.375006675720215,noname
COC(=O)C=Cc1ccccc1,2.9429924488067627,3.388474941253662,noname
COC(=O)C=Cc1ccccc1,2.9429924488067627,3.3706579208374023,noname
COC(=O)C=Cc1ccccc1,2.9429924488067627,3.3559324741363525,noname
COC(=O)C=Cc1ccccc1,2.9429924488067627,3.351792335510254,noname
COC(=O)C=Cc1ccccc1,2.9429924488067627,3.3559324741363525,noname
COC(=O)C=Cc1ccccc1,2.9429924488067627,3.3706579208374023,noname
COC(=O)C=Cc1ccccc1,2.9429924488067627,3.5205445289611816,noname
COC(=O)C=Cc1ccccc1,2.9429924488067627,4.08579683303833,noname
COC(=O)C=Cc1ccccc1,2.9429924488067627,4.8048624992370605,noname
CCCCCCCCCCCC=O,2.9340338706970215,3.672301769256592,noname
CCCCCCCCCCCC=O,2.9340338706970215,3.669090747833252,noname
CCCCCCCCCCCC=O,2.9340338706970215,3.6619467735290527,noname
CCCCCCCCCCCC=O,2.9340338706970215,3.6734189987182617,noname
CCCCCCCCCCCC=O,2.9340338706970215,3.6716434955596924,noname
CCCCCCCCCCCC=O,2.9340338706970215,3.6716434955596924,noname
CCCCCCCCCCCC=O,2.9340338706970215,3.6716434955596924,noname
CCCCCCCCCCCC=O,2.9340338706970215,3.6716434955596924,noname
CCCCCCCCCCCC=O,2.9340338706970215,3.674923896789551,noname
CCCCCCCCCCCC=O,2.9340338706970215,3.6866509914398193,noname
CCCCCCCCCCCC=O,2.9340338706970215,3.688570499420166,noname
CCCCCCCCCCCC=O,2.9340338706970215,3.6825084686279297,noname
CCCCCCCCCCCC=O,2.9340338706970215,3.7177348136901855,noname
CCCCCCCCCCCC=O,2.9340338706970215,5.123969554901123,noname
CCC(C)(C)c1ccc(O)cc1,2.905627727508545,3.309870958328247,noname
CCC(C)(C)c1ccc(O)cc1,2.905627727508545,3.3254141807556152,noname
CCC(C)(C)c1ccc(O)cc1,2.905627727508545,3.3225486278533936,noname
CCC(C)(C)c1ccc(O)cc1,2.905627727508545,3.3400750160217285,noname
CCC(C)(C)c1ccc(O)cc1,2.905627727508545,3.3400750160217285,noname
CCC(C)(C)c1ccc(O)cc1,2.905627727508545,3.3537793159484863,noname
CCC(C)(C)c1ccc(O)cc1,2.905627727508545,3.2911572456359863,noname
CCC(C)(C)c1ccc(O)cc1,2.905627727508545,3.275221824645996,noname
CCC(C)(C)c1ccc(O)cc1,2.905627727508545,3.2457008361816406,noname
CCC(C)(C)c1ccc(O)cc1,2.905627727508545,3.265183210372925,noname
CCC(C)(C)c1ccc(O)cc1,2.905627727508545,3.275221824645996,noname
CCC(C)(C)c1ccc(O)cc1,2.905627727508545,3.2911574840545654,noname
CCC(C)(C)c1ccc(O)cc1,2.905627727508545,3.438814640045166,noname
CCC(C)(C)c1ccc(O)cc1,2.905627727508545,4.758828639984131,noname
CCOC(=O)CC(O)C(=O)OCC,2.8954055309295654,3.225432872772217,noname
CCOC(=O)CC(O)C(=O)OCC,2.8954055309295654,3.2201547622680664,noname
CCOC(=O)CC(O)C(=O)OCC,2.8954055309295654,3.2381696701049805,noname
CCOC(=O)CC(O)C(=O)OCC,2.8954055309295654,3.230799674987793,noname
CCOC(=O)CC(O)C(=O)OCC,2.8954055309295654,3.237957000732422,noname
CCOC(=O)CC(O)C(=O)OCC,2.8954055309295654,3.2391161918640137,noname
CCOC(=O)CC(O)C(=O)OCC,2.8954055309295654,3.2632687091827393,noname
CCOC(=O)CC(O)C(=O)OCC,2.8954055309295654,3.2705562114715576,noname
CCOC(=O)CC(O)C(=O)OCC,2.8954055309295654,3.2337560653686523,noname
CCOC(=O)CC(O)C(=O)OCC,2.8954055309295654,3.2369375228881836,noname
CCOC(=O)CC(O)C(=O)OCC,2.8954055309295654,3.236863136291504,noname
CCOC(=O)CC(O)C(=O)OCC,2.8954055309295654,3.221003532409668,noname
CCOC(=O)CC(O)C(=O)OCC,2.8954055309295654,3.225432872772217,noname
CCOC(=O)CC(O)C(=O)OCC,2.8954055309295654,3.279637336730957,noname
CCOC(=O)CC(O)C(=O)OCC,2.8954055309295654,3.2381696701049805,noname
CCOC(=O)CC(O)C(=O)OCC,2.8954055309295654,4.996052265167236,noname
CCOC(=O)CC(O)C(=O)OCC,2.8954055309295654,3.236863136291504,noname
CCOC(=O)CC(O)C(=O)OCC,2.8954055309295654,3.2800238132476807,noname
Cc1cc2ccccc2cc1C,2.853363513946533,3.228792190551758,noname
Cc1cc2ccccc2cc1C,2.853363513946533,3.2851271629333496,noname
Cc1cc2ccccc2cc1C,2.853363513946533,3.314476490020752,noname
Cc1cc2ccccc2cc1C,2.853363513946533,3.31141996383667,noname
Cc1cc2ccccc2cc1C,2.853363513946533,3.2557764053344727,noname
Cc1cc2ccccc2cc1C,2.853363513946533,3.235403537750244,noname
Cc1cc2ccccc2cc1C,2.853363513946533,3.235403537750244,noname
Cc1cc2ccccc2cc1C,2.853363513946533,3.2557764053344727,noname
Cc1cc2ccccc2cc1C,2.853363513946533,3.311419725418091,noname
Cc1cc2ccccc2cc1C,2.853363513946533,3.314476251602173,noname
Cc1cc2ccccc2cc1C,2.853363513946533,3.2851271629333496,noname
Cc1cc2ccccc2cc1C,2.853363513946533,3.228792190551758,noname
Cc1cc2ccccc2cc1C,2.853363513946533,5.123969554901123,noname
C=CCc1ccc(OC)c(O)c1,2.8426098823547363,3.070020914077759,noname
C=CCc1ccc(OC)c(O)c1,2.8426098823547363,3.0645153522491455,noname
C=CCc1ccc(OC)c(O)c1,2.8426098823547363,3.0381665229797363,noname
C=CCc1ccc(OC)c(O)c1,2.8426098823547363,3.0995349884033203,noname
C=CCc1ccc(OC)c(O)c1,2.8426098823547363,3.0873687267303467,noname
C=CCc1ccc(OC)c(O)c1,2.8426098823547363,3.105116844177246,noname
C=CCc1ccc(OC)c(O)c1,2.8426098823547363,3.1233808994293213,noname
C=CCc1ccc(OC)c(O)c1,2.8426098823547363,3.094155788421631,noname
C=CCc1ccc(OC)c(O)c1,2.8426098823547363,3.0739636421203613,noname
C=CCc1ccc(OC)c(O)c1,2.8426098823547363,3.190584182739258,noname
C=CCc1ccc(OC)c(O)c1,2.8426098823547363,3.179746150970459,noname
C=CCc1ccc(OC)c(O)c1,2.8426098823547363,3.1136257648468018,noname
C=CCc1ccc(OC)c(O)c1,2.8426098823547363,3.154015302658081,noname
C=CCc1ccc(OC)c(O)c1,2.8426098823547363,4.861634731292725,noname
C=CCc1ccc(OC)c(O)c1,2.8426098823547363,3.155560255050659,noname
Cc1cc(O)c(C(C)(C)C)cc1C,2.836888551712036,3.0121309757232666,noname
Cc1cc(O)c(C(C)(C)C)cc1C,2.836888551712036,3.037489891052246,noname
Cc1cc(O)c(C(C)(C)C)cc1C,2.836888551712036,3.0630550384521484,noname
Cc1cc(O)c(C(C)(C)C)cc1C,2.836888551712036,3.0820627212524414,noname
Cc1cc(O)c(C(C)(C)C)cc1C,2.836888551712036,3.1142592430114746,noname
Cc1cc(O)c(C(C)(C)C)cc1C,2.836888551712036,3.1013078689575195,noname
Cc1cc(O)c(C(C)(C)C)cc1C,2.836888551712036,3.0170040130615234,noname
Cc1cc(O)c(C(C)(C)C)cc1C,2.836888551712036,3.0302700996398926,noname
Cc1cc(O)c(C(C)(C)C)cc1C,2.836888551712036,3.0302700996398926,noname
Cc1cc(O)c(C(C)(C)C)cc1C,2.836888551712036,3.0302700996398926,noname
Cc1cc(O)c(C(C)(C)C)cc1C,2.836888551712036,3.0473310947418213,noname
Cc1cc(O)c(C(C)(C)C)cc1C,2.836888551712036,3.0288569927215576,noname
Cc1cc(O)c(C(C)(C)C)cc1C,2.836888551712036,3.0121312141418457,noname
Cc1cc(O)c(C(C)(C)C)cc1C,2.836888551712036,4.790006637573242,noname
Cc1cc(O)c(C(C)(C)C)cc1C,2.836888551712036,3.1710398197174072,noname
CC(=O)OCCOc1ccccc1,2.834691286087036,3.2050108909606934,noname
CC(=O)OCCOc1ccccc1,2.834691286087036,3.224073648452759,noname
CC(=O)OCCOc1ccccc1,2.834691286087036,3.2664759159088135,noname
CC(=O)OCCOc1ccccc1,2.834691286087036,3.228126287460327,noname
CC(=O)OCCOc1ccccc1,2.834691286087036,3.220526933670044,noname
CC(=O)OCCOc1ccccc1,2.834691286087036,3.224135637283325,noname
CC(=O)OCCOc1ccccc1,2.834691286087036,3.2385668754577637,noname
CC(=O)OCCOc1ccccc1,2.834691286087036,3.258826732635498,noname
CC(=O)OCCOc1ccccc1,2.834691286087036,3.2581963539123535,noname
CC(=O)OCCOc1ccccc1,2.834691286087036,3.2491846084594727,noname
CC(=O)OCCOc1ccccc1,2.834691286087036,3.2515065670013428,noname
CC(=O)OCCOc1ccccc1,2.834691286087036,3.2491848468780518,noname
CC(=O)OCCOc1ccccc1,2.834691286087036,3.2581963539123535,noname
CC(=O)OCCOc1ccccc1,2.834691286087036,3.7973403930664062,noname
CC(=O)OCCOc1ccccc1,2.834691286087036,3.228126287460327,noname
CC(=O)OCCOc1ccccc1,2.834691286087036,3.3890411853790283,noname
CC(=O)OCCOc1ccccc1,2.834691286087036,3.2385668754577637,noname
CC(=O)OCCOc1ccccc1,2.834691286087036,4.815452575683594,noname
C=CCc1ccc(OC)c(OC)c1,2.8302345275878906,3.0934267044067383,noname
C=CCc1ccc(OC)c(OC)c1,2.8302345275878906,3.1016387939453125,noname
C=CCc1ccc(OC)c(OC)c1,2.8302345275878906,3.099358081817627,noname
C=CCc1ccc(OC)c(OC)c1,2.8302345275878906,3.1403050422668457,noname
C=CCc1ccc(OC)c(OC)c1,2.8302345275878906,3.126748561859131,noname
C=CCc1ccc(OC)c(OC)c1,2.8302345275878906,3.14912748336792,noname
C=CCc1ccc(OC)c(OC)c1,2.8302345275878906,3.193492889404297,noname
C=CCc1ccc(OC)c(OC)c1,2.8302345275878906,3.1191890239715576,noname
C=CCc1ccc(OC)c(OC)c1,2.8302345275878906,3.091414451599121,noname
C=CCc1ccc(OC)c(OC)c1,2.8302345275878906,3.2125535011291504,noname
C=CCc1ccc(OC)c(OC)c1,2.8302345275878906,3.125692844390869,noname
C=CCc1ccc(OC)c(OC)c1,2.8302345275878906,3.091414451599121,noname
C=CCc1ccc(OC)c(OC)c1,2.8302345275878906,3.177198886871338,noname
C=CCc1ccc(OC)c(OC)c1,2.8302345275878906,3.5038490295410156,noname
C=CCc1ccc(OC)c(OC)c1,2.8302345275878906,4.735111713409424,noname
C=CCc1ccc(OC)c(OC)c1,2.8302345275878906,3.3324222564697266,noname
C=CCc1ccc(OC)c(OC)c1,2.8302345275878906,3.3375601768493652,noname
CCCCCCCCCC(=O)OCCC,2.817044734954834,3.2353553771972656,noname
CCCCCCCCCC(=O)OCCC,2.817044734954834,3.219383716583252,noname
CCCCCCCCCC(=O)OCCC,2.817044734954834,3.2156145572662354,noname
CCCCCCCCCC(=O)OCCC,2.817044734954834,3.2205331325531006,noname
CCCCCCCCCC(=O)OCCC,2.817044734954834,3.220489978790283,noname
CCCCCCCCCC(=O)OCCC,2.817044734954834,3.220489978790283,noname
CCCCCCCCCC(=O)OCCC,2.817044734954834,3.2281174659729004,noname
CCCCCCCCCC(=O)OCCC,2.817044734954834,3.253376007080078,noname
CCCCCCCCCC(=O)OCCC,2.817044734954834,3.2683911323547363,noname
CCCCCCCCCC(=O)OCCC,2.817044734954834,3.266597270965576,noname
CCCCCCCCCC(=O)OCCC,2.817044734954834,3.297065019607544,noname
CCCCCCCCCC(=O)OCCC,2.817044734954834,3.275355815887451,noname
CCCCCCCCCC(=O)OCCC,2.817044734954834,3.264163017272949,noname
CCCCCCCCCC(=O)OCCC,2.817044734954834,3.240874767303467,noname
CCCCCCCCCC(=O)OCCC,2.817044734954834,3.23821759223938,noname
CCCCCCCCCC(=O)OCCC,2.817044734954834,5.092070579528809,noname
CCCCCCCCCC(=O)OCCC,2.817044734954834,3.275355815887451,noname
CCCCCCCCCC(=O)OCCC,2.817044734954834,3.6619527339935303,noname
CC(C)(C)c1ccc(O)c(C(C)(C)C)c1,2.796099901199341,2.9111111164093018,noname
CC(C)(C)c1ccc(O)c(C(C)(C)C)c1,2.796099901199341,2.898893356323242,noname
CC(C)(C)c1ccc(O)c(C(C)(C)C)c1,2.796099901199341,2.9111111164093018,noname
CC(C)(C)c1ccc(O)c(C(C)(C)C)c1,2.796099901199341,2.9111111164093018,noname
CC(C)(C)c1ccc(O)c(C(C)(C)C)c1,2.796099901199341,2.9068093299865723,noname
CC(C)(C)c1ccc(O)c(C(C)(C)C)c1,2.796099901199341,2.8521032333374023,noname
CC(C)(C)c1ccc(O)c(C(C)(C)C)c1,2.796099901199341,2.832221031188965,noname
CC(C)(C)c1ccc(O)c(C(C)(C)C)c1,2.796099901199341,2.7368133068084717,noname
CC(C)(C)c1ccc(O)c(C(C)(C)C)c1,2.796099901199341,2.7944700717926025,noname
CC(C)(C)c1ccc(O)c(C(C)(C)C)c1,2.796099901199341,2.891648769378662,noname
CC(C)(C)c1ccc(O)c(C(C)(C)C)c1,2.796099901199341,2.906848192214966,noname
CC(C)(C)c1ccc(O)c(C(C)(C)C)c1,2.796099901199341,2.909329414367676,noname
CC(C)(C)c1ccc(O)c(C(C)(C)C)c1,2.796099901199341,2.909329414367676,noname
CC(C)(C)c1ccc(O)c(C(C)(C)C)c1,2.796099901199341,2.909329414367676,noname
CC(C)(C)c1ccc(O)c(C(C)(C)C)c1,2.796099901199341,2.855393171310425,noname
CC(C)(C)c1ccc(O)c(C(C)(C)C)c1,2.796099901199341,3.0754027366638184,noname
CC(C)(C)c1ccc(O)c(C(C)(C)C)c1,2.796099901199341,3.0777370929718018,noname
CC(C)(C)c1ccc(O)c(C(C)(C)C)c1,2.796099901199341,4.528881549835205,noname
CC(C)CCOC(=O)C(=O)OCCC(C)C,2.7759804725646973,3.0806283950805664,noname
CC(C)CCOC(=O)C(=O)OCCC(C)C,2.7759804725646973,3.0788350105285645,noname
CC(C)CCOC(=O)C(=O)OCCC(C)C,2.7759804725646973,3.0806283950805664,noname
CC(C)CCOC(=O)C(=O)OCCC(C)C,2.7759804725646973,3.0938374996185303,noname
CC(C)CCOC(=O)C(=O)OCCC(C)C,2.7759804725646973,3.079496383666992,noname
CC(C)CCOC(=O)C(=O)OCCC(C)C,2.7759804725646973,3.063481330871582,noname
CC(C)CCOC(=O)C(=O)OCCC(C)C,2.7759804725646973,3.0556905269622803,noname
CC(C)CCOC(=O)C(=O)OCCC(C)C,2.7759804725646973,3.0863089561462402,noname
CC(C)CCOC(=O)C(=O)OCCC(C)C,2.7759804725646973,3.0556907653808594,noname
CC(C)CCOC(=O)C(=O)OCCC(C)C,2.7759804725646973,3.0863089561462402,noname
CC(C)CCOC(=O)C(=O)OCCC(C)C,2.7759804725646973,3.063481330871582,noname
CC(C)CCOC(=O)C(=O)OCCC(C)C,2.7759804725646973,3.079495906829834,noname
CC(C)CCOC(=O)C(=O)OCCC(C)C,2.7759804725646973,3.093837261199951,noname
CC(C)CCOC(=O)C(=O)OCCC(C)C,2.7759804725646973,3.0788354873657227,noname
CC(C)CCOC(=O)C(=O)OCCC(C)C,2.7759804725646973,3.0806283950805664,noname
CC(C)CCOC(=O)C(=O)OCCC(C)C,2.7759804725646973,3.0806283950805664,noname
CC(C)CCOC(=O)C(=O)OCCC(C)C,2.7759804725646973,3.8314621448516846,noname
CC(C)CCOC(=O)C(=O)OCCC(C)C,2.7759804725646973,3.063481330871582,noname
CC(C)CCOC(=O)C(=O)OCCC(C)C,2.7759804725646973,3.975187301635742,noname
CC(C)CCOC(=O)C(=O)OCCC(C)C,2.7759804725646973,3.063481330871582,noname
CC(C)CCOC(=O)C(=O)OCCC(C)C,2.7759804725646973,3.8314621448516846,noname
CCCCCCCCCCCC(C)=O,2.7568674087524414,3.3587772846221924,noname
CCCCCCCCCCCC(C)=O,2.7568674087524414,3.369462728500366,noname
CCCCCCCCCCCC(C)=O,2.7568674087524414,3.3802828788757324,noname
CCCCCCCCCCCC(C)=O,2.7568674087524414,3.3894524574279785,noname
CCCCCCCCCCCC(C)=O,2.7568674087524414,3.389979839324951,noname
CCCCCCCCCCCC(C)=O,2.7568674087524414,3.389979839324951,noname
CCCCCCCCCCCC(C)=O,2.7568674087524414,3.389979839324951,noname
CCCCCCCCCCCC(C)=O,2.7568674087524414,3.389979839324951,noname
CCCCCCCCCCCC(C)=O,2.7568674087524414,3.390056848526001,noname
CCCCCCCCCCCC(C)=O,2.7568674087524414,3.387402296066284,noname
CCCCCCCCCCCC(C)=O,2.7568674087524414,3.3912527561187744,noname
CCCCCCCCCCCC(C)=O,2.7568674087524414,3.386237144470215,noname
CCCCCCCCCCCC(C)=O,2.7568674087524414,3.3686106204986572,noname
CCCCCCCCCCCC(C)=O,2.7568674087524414,3.396268844604492,noname
CCCCCCCCCCCC(C)=O,2.7568674087524414,5.123969554901123,noname
CC=Cc1ccc(O)c(OC)c1,2.755323648452759,3.024991035461426,noname
CC=Cc1ccc(O)c(OC)c1,2.755323648452759,3.0291786193847656,noname
CC=Cc1ccc(O)c(OC)c1,2.755323648452759,3.0541186332702637,noname
CC=Cc1ccc(O)c(OC)c1,2.755323648452759,3.0746326446533203,noname
CC=Cc1ccc(O)c(OC)c1,2.755323648452759,3.069533348083496,noname
CC=Cc1ccc(O)c(OC)c1,2.755323648452759,3.0953497886657715,noname
CC=Cc1ccc(O)c(OC)c1,2.755323648452759,3.1784911155700684,noname
CC=Cc1ccc(O)c(OC)c1,2.755323648452759,3.1455655097961426,noname
CC=Cc1ccc(O)c(OC)c1,2.755323648452759,3.084592342376709,noname
CC=Cc1ccc(O)c(OC)c1,2.755323648452759,3.067945718765259,noname
CC=Cc1ccc(O)c(OC)c1,2.755323648452759,3.046971321105957,noname
CC=Cc1ccc(O)c(OC)c1,2.755323648452759,3.0919535160064697,noname
CC=Cc1ccc(O)c(OC)c1,2.755323648452759,4.902992248535156,noname
CC=Cc1ccc(O)c(OC)c1,2.755323648452759,3.1292829513549805,noname
CC=Cc1ccc(O)c(OC)c1,2.755323648452759,3.0685930252075195,noname
c1cc2c3c(cccc3c1)CC2,2.752110719680786,3.1822290420532227,noname
c1cc2c3c(cccc3c1)CC2,2.752110719680786,3.1925506591796875,noname
c1cc2c3c(cccc3c1)CC2,2.752110719680786,3.2061057090759277,noname
c1cc2c3c(cccc3c1)CC2,2.752110719680786,3.2581963539123535,noname
c1cc2c3c(cccc3c1)CC2,2.752110719680786,3.2061057090759277,noname
c1cc2c3c(cccc3c1)CC2,2.752110719680786,3.1925506591796875,noname
c1cc2c3c(cccc3c1)CC2,2.752110719680786,3.1822290420532227,noname
c1cc2c3c(cccc3c1)CC2,2.752110719680786,3.1956582069396973,noname
c1cc2c3c(cccc3c1)CC2,2.752110719680786,3.2309746742248535,noname
c1cc2c3c(cccc3c1)CC2,2.752110719680786,3.195657730102539,noname
c1cc2c3c(cccc3c1)CC2,2.752110719680786,3.1322312355041504,noname
c1cc2c3c(cccc3c1)CC2,2.752110719680786,3.1322312355041504,noname
c1cc2c3c(cccc3c1)CC2,2.752110719680786,5.123969554901123,noname
O=Cc1ccc2c(c1)OCO2,2.7519097328186035,3.388484001159668,noname
O=Cc1ccc2c(c1)OCO2,2.7519097328186035,3.3441712856292725,noname
O=Cc1ccc2c(c1)OCO2,2.7519097328186035,3.363351583480835,noname
O=Cc1ccc2c(c1)OCO2,2.7519097328186035,3.342158794403076,noname
O=Cc1ccc2c(c1)OCO2,2.7519097328186035,3.376265525817871,noname
O=Cc1ccc2c(c1)OCO2,2.7519097328186035,3.429886817932129,noname
O=Cc1ccc2c(c1)OCO2,2.7519097328186035,3.439981698989868,noname
O=Cc1ccc2c(c1)OCO2,2.7519097328186035,3.4217944145202637,noname
O=Cc1ccc2c(c1)OCO2,2.7519097328186035,3.396852493286133,noname
O=Cc1ccc2c(c1)OCO2,2.7519097328186035,3.358078956604004,noname
O=Cc1ccc2c(c1)OCO2,2.7519097328186035,3.3884899616241455,noname
O=Cc1ccc2c(c1)OCO2,2.7519097328186035,5.123969554901123,noname
Cc1cccc2cccc(C)c12,2.7471301555633545,3.1438417434692383,noname
Cc1cccc2cccc(C)c12,2.7471301555633545,3.1965575218200684,noname
Cc1cccc2cccc(C)c12,2.7471301555633545,3.2048864364624023,noname
Cc1cccc2cccc(C)c12,2.7471301555633545,3.1979384422302246,noname
Cc1cccc2cccc(C)c12,2.7471301555633545,3.205003261566162,noname
Cc1cccc2cccc(C)c12,2.7471301555633545,3.2269067764282227,noname
Cc1cccc2cccc(C)c12,2.7471301555633545,3.205003261566162,noname
Cc1cccc2cccc(C)c12,2.7471301555633545,3.1979384422302246,noname
Cc1cccc2cccc(C)c12,2.7471301555633545,3.2048864364624023,noname
Cc1cccc2cccc(C)c12,2.7471301555633545,3.19655704498291,noname
Cc1cccc2cccc(C)c12,2.7471301555633545,3.143841505050659,noname
Cc1cccc2cccc(C)c12,2.7471301555633545,3.276939630508423,noname
Cc1cccc2cccc(C)c12,2.7471301555633545,5.123969554901123,noname
CCOC(=O)C=Cc1ccccc1,2.72442364692688,3.2150282859802246,noname
CCOC(=O)C=Cc1ccccc1,2.72442364692688,3.2184767723083496,noname
CCOC(=O)C=Cc1ccccc1,2.72442364692688,3.2618072032928467,noname
CCOC(=O)C=Cc1ccccc1,2.72442364692688,3.256096363067627,noname
CCOC(=O)C=Cc1ccccc1,2.72442364692688,3.281540632247925,noname
CCOC(=O)C=Cc1ccccc1,2.72442364692688,3.262397289276123,noname
CCOC(=O)C=Cc1ccccc1,2.72442364692688,3.262831211090088,noname
CCOC(=O)C=Cc1ccccc1,2.72442364692688,3.30584979057312,noname
CCOC(=O)C=Cc1ccccc1,2.72442364692688,3.29537296295166,noname
CCOC(=O)C=Cc1ccccc1,2.72442364692688,3.282095193862915,noname
CCOC(=O)C=Cc1ccccc1,2.72442364692688,3.2820327281951904,noname
CCOC(=O)C=Cc1ccccc1,2.72442364692688,3.282095193862915,noname
CCOC(=O)C=Cc1ccccc1,2.72442364692688,3.29537296295166,noname
CCOC(=O)C=Cc1ccccc1,2.72442364692688,3.3727004528045654,noname
CCOC(=O)C=Cc1ccccc1,2.72442364692688,3.2618072032928467,noname
CCOC(=O)C=Cc1ccccc1,2.72442364692688,3.8847954273223877,noname
CCOC(=O)C=Cc1ccccc1,2.72442364692688,4.807892322540283,noname
CCc1cc(CC)c(CC)c(CC)c1CC,2.7164175510406494,2.9151947498321533,noname
CCc1cc(CC)c(CC)c(CC)c1CC,2.7164175510406494,2.909316062927246,noname
CCc1cc(CC)c(CC)c(CC)c1CC,2.7164175510406494,2.9835450649261475,noname
CCc1cc(CC)c(CC)c(CC)c1CC,2.7164175510406494,2.9891629219055176,noname
CCc1cc(CC)c(CC)c(CC)c1CC,2.7164175510406494,2.9835453033447266,noname
CCc1cc(CC)c(CC)c(CC)c1CC,2.7164175510406494,2.909316062927246,noname
CCc1cc(CC)c(CC)c(CC)c1CC,2.7164175510406494,2.915194511413574,noname
CCc1cc(CC)c(CC)c(CC)c1CC,2.7164175510406494,2.9938597679138184,noname
CCc1cc(CC)c(CC)c(CC)c1CC,2.7164175510406494,2.9153494834899902,noname
CCc1cc(CC)c(CC)c(CC)c1CC,2.7164175510406494,2.9162378311157227,noname
CCc1cc(CC)c(CC)c(CC)c1CC,2.7164175510406494,3.003230333328247,noname
CCc1cc(CC)c(CC)c(CC)c1CC,2.7164175510406494,2.9182395935058594,noname
CCc1cc(CC)c(CC)c(CC)c1CC,2.7164175510406494,2.9162378311157227,noname
CCc1cc(CC)c(CC)c(CC)c1CC,2.7164175510406494,2.9938597679138184,noname
CCc1cc(CC)c(CC)c(CC)c1CC,2.7164175510406494,2.915349245071411,noname
CCc1cc(CC)c(CC)c(CC)c1CC,2.7164175510406494,2.9162378311157227,noname
CCc1cc(CC)c(CC)c(CC)c1CC,2.7164175510406494,2.9591565132141113,noname
CCc1cc(CC)c(CC)c(CC)c1CC,2.7164175510406494,4.410743713378906,noname
CCc1cc(CC)c(CC)c(CC)c1CC,2.7164175510406494,2.9591565132141113,noname
CCc1cc(CC)c(CC)c(CC)c1CC,2.7164175510406494,2.9661827087402344,noname
CCc1cc(CC)c(CC)c(CC)c1CC,2.7164175510406494,2.9678728580474854,noname
CCc1cc(CC)c(CC)c(CC)c1CC,2.7164175510406494,2.9661827087402344,noname
C=C(c1ccccc1)c1ccccc1,2.713771104812622,2.8249964714050293,noname
C=C(c1ccccc1)c1ccccc1,2.713771104812622,2.8541181087493896,noname
C=C(c1ccccc1)c1ccccc1,2.713771104812622,2.8814189434051514,noname
C=C(c1ccccc1)c1ccccc1,2.713771104812622,2.8727564811706543,noname
C=C(c1ccccc1)c1ccccc1,2.713771104812622,2.8625917434692383,noname
C=C(c1ccccc1)c1ccccc1,2.713771104812622,2.864311456680298,noname
C=C(c1ccccc1)c1ccccc1,2.713771104812622,2.8625922203063965,noname
C=C(c1ccccc1)c1ccccc1,2.713771104812622,2.8727564811706543,noname
C=C(c1ccccc1)c1ccccc1,2.713771104812622,2.8814191818237305,noname
C=C(c1ccccc1)c1ccccc1,2.713771104812622,2.8727564811706543,noname
C=C(c1ccccc1)c1ccccc1,2.713771104812622,2.8625922203063965,noname
C=C(c1ccccc1)c1ccccc1,2.713771104812622,2.864311933517456,noname
C=C(c1ccccc1)c1ccccc1,2.713771104812622,2.8625922203063965,noname
C=C(c1ccccc1)c1ccccc1,2.713771104812622,2.8727564811706543,noname
C=C(c1ccccc1)c1ccccc1,2.713771104812622,5.123969554901123,noname
c1ccc(CCc2ccccc2)cc1,2.7080392837524414,2.9752347469329834,noname
c1ccc(CCc2ccccc2)cc1,2.7080392837524414,2.97346568107605,noname
c1ccc(CCc2ccccc2)cc1,2.7080392837524414,2.979705810546875,noname
c1ccc(CCc2ccccc2)cc1,2.7080392837524414,2.973583221435547,noname
c1ccc(CCc2ccccc2)cc1,2.7080392837524414,2.929982900619507,noname
c1ccc(CCc2ccccc2)cc1,2.7080392837524414,2.929982900619507,noname
c1ccc(CCc2ccccc2)cc1,2.7080392837524414,2.973583221435547,noname
c1ccc(CCc2ccccc2)cc1,2.7080392837524414,2.979705333709717,noname
c1ccc(CCc2ccccc2)cc1,2.7080392837524414,2.97346568107605,noname
c1ccc(CCc2ccccc2)cc1,2.7080392837524414,2.9752345085144043,noname
c1ccc(CCc2ccccc2)cc1,2.7080392837524414,2.97346568107605,noname
c1ccc(CCc2ccccc2)cc1,2.7080392837524414,2.979705572128296,noname
c1ccc(CCc2ccccc2)cc1,2.7080392837524414,2.979705572128296,noname
c1ccc(CCc2ccccc2)cc1,2.7080392837524414,2.973465919494629,noname
c1ccc(CCc2ccccc2)cc1,2.7080392837524414,4.630908489227295,noname
c1ccc(CCc2ccccc2)cc1,2.7080392837524414,3.0814387798309326,noname
c1ccc(CCc2ccccc2)cc1,2.7080392837524414,4.630908489227295,noname
CC(C)=CCCC(C)=CCOC(=O)C(C)C,2.6976935863494873,3.1222715377807617,noname
CC(C)=CCCC(C)=CCOC(=O)C(C)C,2.6976935863494873,3.1202049255371094,noname
CC(C)=CCCC(C)=CCOC(=O)C(C)C,2.6976935863494873,3.1222715377807617,noname
CC(C)=CCCC(C)=CCOC(=O)C(C)C,2.6976935863494873,3.139848232269287,noname
CC(C)=CCCC(C)=CCOC(=O)C(C)C,2.6976935863494873,3.1300461292266846,noname
CC(C)=CCCC(C)=CCOC(=O)C(C)C,2.6976935863494873,3.129124641418457,noname
CC(C)=CCCC(C)=CCOC(=O)C(C)C,2.6976935863494873,3.1358182430267334,noname
CC(C)=CCCC(C)=CCOC(=O)C(C)C,2.6976935863494873,3.129296064376831,noname
CC(C)=CCCC(C)=CCOC(=O)C(C)C,2.6976935863494873,3.1310009956359863,noname
CC(C)=CCCC(C)=CCOC(=O)C(C)C,2.6976935863494873,3.14097261428833,noname
CC(C)=CCCC(C)=CCOC(=O)C(C)C,2.6976935863494873,3.1299047470092773,noname
CC(C)=CCCC(C)=CCOC(=O)C(C)C,2.6976935863494873,3.123635768890381,noname
CC(C)=CCCC(C)=CCOC(=O)C(C)C,2.6976935863494873,3.1557393074035645,noname
CC(C)=CCCC(C)=CCOC(=O)C(C)C,2.6976935863494873,3.135510206222534,noname
CC(C)=CCCC(C)=CCOC(=O)C(C)C,2.6976935863494873,3.131505250930786,noname
CC(C)=CCCC(C)=CCOC(=O)C(C)C,2.6976935863494873,3.131505250930786,noname
CC(C)=CCCC(C)=CCOC(=O)C(C)C,2.6976935863494873,3.2914233207702637,noname
CC(C)=CCCC(C)=CCOC(=O)C(C)C,2.6976935863494873,3.8779892921447754,noname
CC(C)=CCCC(C)=CCOC(=O)C(C)C,2.6976935863494873,3.27071213722229,noname
CC(C)=CCCC(C)=CCOC(=O)C(C)C,2.6976935863494873,3.1299047470092773,noname
CC(C)=CCCC(C)=CCOC(=O)C(C)C,2.6976935863494873,3.7481327056884766,noname
O=C(O)c1ccccc1,2.6527223587036133,3.2296059131622314,noname
O=C(O)c1ccccc1,2.6527223587036133,3.3435280323028564,noname
O=C(O)c1ccccc1,2.6527223587036133,3.3378777503967285,noname
O=C(O)c1ccccc1,2.6527223587036133,3.2570905685424805,noname
O=C(O)c1ccccc1,2.6527223587036133,3.16135835647583,noname
O=C(O)c1ccccc1,2.6527223587036133,3.165309429168701,noname
O=C(O)c1ccccc1,2.6527223587036133,3.16619873046875,noname
O=C(O)c1ccccc1,2.6527223587036133,3.165309429168701,noname
O=C(O)c1ccccc1,2.6527223587036133,3.161358594894409,noname
O=C(O)c1ccccc1,2.6527223587036133,4.476680278778076,noname
O=C(O)c1ccccc1,2.6527223587036133,3.362720012664795,noname
CC(=O)C1C(=O)C=C(C)OC1=O,2.647174835205078,3.099205493927002,noname
CC(=O)C1C(=O)C=C(C)OC1=O,2.647174835205078,3.1216797828674316,noname
CC(=O)C1C(=O)C=C(C)OC1=O,2.647174835205078,3.1605353355407715,noname
CC(=O)C1C(=O)C=C(C)OC1=O,2.647174835205078,3.1600818634033203,noname
CC(=O)C1C(=O)C=C(C)OC1=O,2.647174835205078,3.1253628730773926,noname
CC(=O)C1C(=O)C=C(C)OC1=O,2.647174835205078,3.13033390045166,noname
CC(=O)C1C(=O)C=C(C)OC1=O,2.647174835205078,3.1097044944763184,noname
CC(=O)C1C(=O)C=C(C)OC1=O,2.647174835205078,3.111898183822632,noname
CC(=O)C1C(=O)C=C(C)OC1=O,2.647174835205078,3.092318534851074,noname
CC(=O)C1C(=O)C=C(C)OC1=O,2.647174835205078,3.13753080368042,noname
CC(=O)C1C(=O)C=C(C)OC1=O,2.647174835205078,3.1585917472839355,noname
CC(=O)C1C(=O)C=C(C)OC1=O,2.647174835205078,3.131824493408203,noname
CC(=O)C1C(=O)C=C(C)OC1=O,2.647174835205078,3.591902732849121,noname
CC(=O)C1C(=O)C=C(C)OC1=O,2.647174835205078,4.886824131011963,noname
O=C1OC(=O)c2ccccc21,2.619960069656372,3.3338661193847656,noname
O=C1OC(=O)c2ccccc21,2.619960069656372,3.3623580932617188,noname
O=C1OC(=O)c2ccccc21,2.619960069656372,3.3539137840270996,noname
O=C1OC(=O)c2ccccc21,2.619960069656372,3.3623580932617188,noname
O=C1OC(=O)c2ccccc21,2.619960069656372,3.3338661193847656,noname
O=C1OC(=O)c2ccccc21,2.619960069656372,3.372854232788086,noname
O=C1OC(=O)c2ccccc21,2.619960069656372,3.2952985763549805,noname
O=C1OC(=O)c2ccccc21,2.619960069656372,3.266902208328247,noname
O=C1OC(=O)c2ccccc21,2.619960069656372,3.266902208328247,noname
O=C1OC(=O)c2ccccc21,2.619960069656372,3.2952985763549805,noname
O=C1OC(=O)c2ccccc21,2.619960069656372,3.372854232788086,noname
O=C1OC(=O)c2ccccc21,2.619960069656372,5.123969554901123,noname
CCCC(=O)OCC=C(C)CCC=C(C)C,2.558802366256714,3.091057300567627,noname
CCCC(=O)OCC=C(C)CCC=C(C)C,2.558802366256714,3.101145029067993,noname
CCCC(=O)OCC=C(C)CCC=C(C)C,2.558802366256714,3.098217248916626,noname
CCCC(=O)OCC=C(C)CCC=C(C)C,2.558802366256714,3.0890023708343506,noname
CCCC(=O)OCC=C(C)CCC=C(C)C,2.558802366256714,3.1185216903686523,noname
CCCC(=O)OCC=C(C)CCC=C(C)C,2.558802366256714,3.09194278717041,noname
CCCC(=O)OCC=C(C)CCC=C(C)C,2.558802366256714,3.1019692420959473,noname
CCCC(=O)OCC=C(C)CCC=C(C)C,2.558802366256714,3.0921859741210938,noname
CCCC(=O)OCC=C(C)CCC=C(C)C,2.558802366256714,3.0903127193450928,noname
CCCC(=O)OCC=C(C)CCC=C(C)C,2.558802366256714,3.0841634273529053,noname
CCCC(=O)OCC=C(C)CCC=C(C)C,2.558802366256714,3.096945285797119,noname
CCCC(=O)OCC=C(C)CCC=C(C)C,2.558802366256714,3.0983762741088867,noname
CCCC(=O)OCC=C(C)CCC=C(C)C,2.558802366256714,3.0922958850860596,noname
CCCC(=O)OCC=C(C)CCC=C(C)C,2.558802366256714,3.0813896656036377,noname
CCCC(=O)OCC=C(C)CCC=C(C)C,2.558802366256714,3.0794944763183594,noname
CCCC(=O)OCC=C(C)CCC=C(C)C,2.558802366256714,3.0794944763183594,noname
CCCC(=O)OCC=C(C)CCC=C(C)C,2.558802366256714,3.7456953525543213,noname
CCCC(=O)OCC=C(C)CCC=C(C)C,2.558802366256714,3.09194278717041,noname
CCCC(=O)OCC=C(C)CCC=C(C)C,2.558802366256714,3.2067668437957764,noname
CCCC(=O)OCC=C(C)CCC=C(C)C,2.558802366256714,3.7486321926116943,noname
CCCC(=O)OCC=C(C)CCC=C(C)C,2.558802366256714,3.2445874214172363,noname
c1ccc(COc2ccccc2)cc1,2.539957046508789,2.8741893768310547,noname
c1ccc(COc2ccccc2)cc1,2.539957046508789,2.8722457885742188,noname
c1ccc(COc2ccccc2)cc1,2.539957046508789,2.879380226135254,noname
c1ccc(COc2ccccc2)cc1,2.539957046508789,2.8833167552948,noname
c1ccc(COc2ccccc2)cc1,2.539957046508789,2.8560962677001953,noname
c1ccc(COc2ccccc2)cc1,2.539957046508789,2.8679704666137695,noname
c1ccc(COc2ccccc2)cc1,2.539957046508789,2.8793301582336426,noname
c1ccc(COc2ccccc2)cc1,2.539957046508789,2.8798580169677734,noname
c1ccc(COc2ccccc2)cc1,2.539957046508789,2.8715569972991943,noname
c1ccc(COc2ccccc2)cc1,2.539957046508789,2.8741893768310547,noname
c1ccc(COc2ccccc2)cc1,2.539957046508789,2.8715572357177734,noname
c1ccc(COc2ccccc2)cc1,2.539957046508789,2.8798580169677734,noname
c1ccc(COc2ccccc2)cc1,2.539957046508789,2.8793797492980957,noname
c1ccc(COc2ccccc2)cc1,2.539957046508789,2.8722457885742188,noname
c1ccc(COc2ccccc2)cc1,2.539957046508789,4.372245788574219,noname
c1ccc(COc2ccccc2)cc1,2.539957046508789,2.8560962677001953,noname
c1ccc(COc2ccccc2)cc1,2.539957046508789,2.8679704666137695,noname
c1ccc(COc2ccccc2)cc1,2.539957046508789,4.402354717254639,noname
CCCCCCCCCCCCO,2.5392024517059326,3.21769642829895,noname
CCCCCCCCCCCCO,2.5392024517059326,3.234950542449951,noname
CCCCCCCCCCCCO,2.5392024517059326,3.254854202270508,noname
CCCCCCCCCCCCO,2.5392024517059326,3.2683334350585938,noname
CCCCCCCCCCCCO,2.5392024517059326,3.2698419094085693,noname
CCCCCCCCCCCCO,2.5392024517059326,3.2698419094085693,noname
CCCCCCCCCCCCO,2.5392024517059326,3.2698419094085693,noname
CCCCCCCCCCCCO,2.5392024517059326,3.2698419094085693,noname
CCCCCCCCCCCCO,2.5392024517059326,3.2698419094085693,noname
CCCCCCCCCCCCO,2.5392024517059326,3.267451286315918,noname
CCCCCCCCCCCCO,2.5392024517059326,3.3123669624328613,noname
CCCCCCCCCCCCO,2.5392024517059326,3.4519925117492676,noname
CCCCCCCCCCCCO,2.5392024517059326,3.5095365047454834,noname
CCCCCCCCCCCCO,2.5392024517059326,5.123969554901123,noname
CC(C)=CCCC(C)CC(=O)O,2.498307704925537,3.1186280250549316,noname
CC(C)=CCCC(C)CC(=O)O,2.498307704925537,3.1213293075561523,noname
CC(C)=CCCC(C)CC(=O)O,2.498307704925537,3.1186280250549316,noname
CC(C)=CCCC(C)CC(=O)O,2.498307704925537,3.095735549926758,noname
CC(C)=CCCC(C)CC(=O)O,2.498307704925537,3.0699000358581543,noname
CC(C)=CCCC(C)CC(=O)O,2.498307704925537,3.05727481842041,noname
CC(C)=CCCC(C)CC(=O)O,2.498307704925537,3.079397439956665,noname
CC(C)=CCCC(C)CC(=O)O,2.498307704925537,3.09171724319458,noname
CC(C)=CCCC(C)CC(=O)O,2.498307704925537,3.1764230728149414,noname
CC(C)=CCCC(C)CC(=O)O,2.498307704925537,3.317378520965576,noname
CC(C)=CCCC(C)CC(=O)O,2.498307704925537,3.2036099433898926,noname
CC(C)=CCCC(C)CC(=O)O,2.498307704925537,3.348754405975342,noname
CC(C)=CCCC(C)CC(=O)O,2.498307704925537,3.3284685611724854,noname
CC(C)=CCCC(C)CC(=O)O,2.498307704925537,5.006785869598389,noname
CC(=O)Oc1ccccc1OC(C)=O,2.486781358718872,2.7330026626586914,noname
CC(=O)Oc1ccccc1OC(C)=O,2.486781358718872,2.7514822483062744,noname
CC(=O)Oc1ccccc1OC(C)=O,2.486781358718872,2.7585084438323975,noname
CC(=O)Oc1ccccc1OC(C)=O,2.486781358718872,2.786954641342163,noname
CC(=O)Oc1ccccc1OC(C)=O,2.486781358718872,2.8355519771575928,noname
CC(=O)Oc1ccccc1OC(C)=O,2.486781358718872,2.776939868927002,noname
CC(=O)Oc1ccccc1OC(C)=O,2.486781358718872,2.712738513946533,noname
CC(=O)Oc1ccccc1OC(C)=O,2.486781358718872,2.712738513946533,noname
CC(=O)Oc1ccccc1OC(C)=O,2.486781358718872,2.776939630508423,noname
CC(=O)Oc1ccccc1OC(C)=O,2.486781358718872,2.835552215576172,noname
CC(=O)Oc1ccccc1OC(C)=O,2.486781358718872,2.786954879760742,noname
CC(=O)Oc1ccccc1OC(C)=O,2.486781358718872,2.7514824867248535,noname
CC(=O)Oc1ccccc1OC(C)=O,2.486781358718872,2.7330026626586914,noname
CC(=O)Oc1ccccc1OC(C)=O,2.486781358718872,2.7585086822509766,noname
CC(=O)Oc1ccccc1OC(C)=O,2.486781358718872,3.088975667953491,noname
CC(=O)Oc1ccccc1OC(C)=O,2.486781358718872,2.786954641342163,noname
CC(=O)Oc1ccccc1OC(C)=O,2.486781358718872,3.9418349266052246,noname
CC(=O)Oc1ccccc1OC(C)=O,2.486781358718872,2.786954879760742,noname
CC(=O)Oc1ccccc1OC(C)=O,2.486781358718872,3.088975429534912,noname
CCCCCCCCCCCCCC=O,2.4557247161865234,3.114508867263794,noname
CCCCCCCCCCCCCC=O,2.4557247161865234,3.1301827430725098,noname
CCCCCCCCCCCCCC=O,2.4557247161865234,3.141798257827759,noname
CCCCCCCCCCCCCC=O,2.4557247161865234,3.152099370956421,noname
CCCCCCCCCCCCCC=O,2.4557247161865234,3.151989221572876,noname
CCCCCCCCCCCCCC=O,2.4557247161865234,3.151989221572876,noname
CCCCCCCCCCCCCC=O,2.4557247161865234,3.151989221572876,noname
CCCCCCCCCCCCCC=O,2.4557247161865234,3.151989221572876,noname
CCCCCCCCCCCCCC=O,2.4557247161865234,3.151989221572876,noname
CCCCCCCCCCCCCC=O,2.4557247161865234,3.151989221572876,noname
CCCCCCCCCCCCCC=O,2.4557247161865234,3.1519031524658203,noname
CCCCCCCCCCCCCC=O,2.4557247161865234,3.1507201194763184,noname
CCCCCCCCCCCCCC=O,2.4557247161865234,3.1479461193084717,noname
CCCCCCCCCCCCCC=O,2.4557247161865234,3.1334052085876465,noname
CCCCCCCCCCCCCC=O,2.4557247161865234,3.153646469116211,noname
CCCCCCCCCCCCCC=O,2.4557247161865234,5.123969554901123,noname
C=CCc1ccc(OC(C)=O)c(OC)c1,2.4188480377197266,2.740015745162964,noname
C=CCc1ccc(OC(C)=O)c(OC)c1,2.4188480377197266,2.7325594425201416,noname
C=CCc1ccc(OC(C)=O)c(OC)c1,2.4188480377197266,2.712325096130371,noname
C=CCc1ccc(OC(C)=O)c(OC)c1,2.4188480377197266,2.772256851196289,noname
C=CCc1ccc(OC(C)=O)c(OC)c1,2.4188480377197266,2.770880937576294,noname
C=CCc1ccc(OC(C)=O)c(OC)c1,2.4188480377197266,2.796170234680176,noname
C=CCc1ccc(OC(C)=O)c(OC)c1,2.4188480377197266,2.840139627456665,noname
C=CCc1ccc(OC(C)=O)c(OC)c1,2.4188480377197266,2.7920422554016113,noname
C=CCc1ccc(OC(C)=O)c(OC)c1,2.4188480377197266,2.7565698623657227,noname
C=CCc1ccc(OC(C)=O)c(OC)c1,2.4188480377197266,2.7380905151367188,noname
C=CCc1ccc(OC(C)=O)c(OC)c1,2.4188480377197266,2.763596534729004,noname
C=CCc1ccc(OC(C)=O)c(OC)c1,2.4188480377197266,2.8289480209350586,noname
C=CCc1ccc(OC(C)=O)c(OC)c1,2.4188480377197266,2.763129234313965,noname
C=CCc1ccc(OC(C)=O)c(OC)c1,2.4188480377197266,2.7402801513671875,noname
C=CCc1ccc(OC(C)=O)c(OC)c1,2.4188480377197266,2.8028855323791504,noname
C=CCc1ccc(OC(C)=O)c(OC)c1,2.4188480377197266,2.893906593322754,noname
C=CCc1ccc(OC(C)=O)c(OC)c1,2.4188480377197266,3.9347732067108154,noname
C=CCc1ccc(OC(C)=O)c(OC)c1,2.4188480377197266,2.7920422554016113,noname
C=CCc1ccc(OC(C)=O)c(OC)c1,2.4188480377197266,2.9629015922546387,noname
C=CCc1ccc(OC(C)=O)c(OC)c1,2.4188480377197266,2.828489303588867,noname
CCCCCCCCCCC(=O)O,2.415195941925049,2.4900002479553223,noname
CCCCCCCCCCC(=O)O,2.415195941925049,2.5352678298950195,noname
CCCCCCCCCCC(=O)O,2.415195941925049,2.564995288848877,noname
CCCCCCCCCCC(=O)O,2.415195941925049,2.584260940551758,noname
CCCCCCCCCCC(=O)O,2.415195941925049,2.588069438934326,noname
CCCCCCCCCCC(=O)O,2.415195941925049,2.588069438934326,noname
CCCCCCCCCCC(=O)O,2.415195941925049,2.588069438934326,noname
CCCCCCCCCCC(=O)O,2.415195941925049,2.5784196853637695,noname
CCCCCCCCCCC(=O)O,2.415195941925049,2.5430514812469482,noname
CCCCCCCCCCC(=O)O,2.415195941925049,2.555318593978882,noname
CCCCCCCCCCC(=O)O,2.415195941925049,2.7464749813079834,noname
CCCCCCCCCCC(=O)O,2.415195941925049,2.479332447052002,noname
CCCCCCCCCCC(=O)O,2.415195941925049,2.8011603355407715,noname
CCCCCCCCCCC(=O)O,2.415195941925049,5.123969554901123,noname
O=C(O)CCc1ccccc1,2.3986310958862305,2.996929168701172,noname
O=C(O)CCc1ccccc1,2.3986310958862305,3.2245030403137207,noname
O=C(O)CCc1ccccc1,2.3986310958862305,3.2493510246276855,noname
O=C(O)CCc1ccccc1,2.3986310958862305,2.9904024600982666,noname
O=C(O)CCc1ccccc1,2.3986310958862305,2.9478416442871094,noname
O=C(O)CCc1ccccc1,2.3986310958862305,2.9889073371887207,noname
O=C(O)CCc1ccccc1,2.3986310958862305,2.9956042766571045,noname
O=C(O)CCc1ccccc1,2.3986310958862305,2.9915518760681152,noname
O=C(O)CCc1ccccc1,2.3986310958862305,2.991900682449341,noname
O=C(O)CCc1ccccc1,2.3986310958862305,2.991551637649536,noname
O=C(O)CCc1ccccc1,2.3986310958862305,2.9956045150756836,noname
O=C(O)CCc1ccccc1,2.3986310958862305,4.850554943084717,noname
O=C(O)CCc1ccccc1,2.3986310958862305,3.61069917678833,noname
CC(C)OC(=O)C(O)C(O)C(=O)OC(C)C,2.376899480819702,2.417508840560913,noname
CC(C)OC(=O)C(O)C(O)C(=O)OC(C)C,2.376899480819702,2.4065098762512207,noname
CC(C)OC(=O)C(O)C(O)C(=O)OC(C)C,2.376899480819702,2.417508840560913,noname
CC(C)OC(=O)C(O)C(O)C(=O)OC(C)C,2.376899480819702,2.4416115283966064,noname
CC(C)OC(=O)C(O)C(O)C(=O)OC(C)C,2.376899480819702,2.5245537757873535,noname
CC(C)OC(=O)C(O)C(O)C(=O)OC(C)C,2.376899480819702,2.4689383506774902,noname
CC(C)OC(=O)C(O)C(O)C(=O)OC(C)C,2.376899480819702,2.6626527309417725,noname
CC(C)OC(=O)C(O)C(O)C(=O)OC(C)C,2.376899480819702,2.56111478805542,noname
CC(C)OC(=O)C(O)C(O)C(=O)OC(C)C,2.376899480819702,2.6626524925231934,noname
CC(C)OC(=O)C(O)C(O)C(=O)OC(C)C,2.376899480819702,2.561115026473999,noname
CC(C)OC(=O)C(O)C(O)C(=O)OC(C)C,2.376899480819702,2.5245532989501953,noname
CC(C)OC(=O)C(O)C(O)C(=O)OC(C)C,2.376899480819702,2.4689388275146484,noname
CC(C)OC(=O)C(O)C(O)C(=O)OC(C)C,2.376899480819702,2.4416112899780273,noname
CC(C)OC(=O)C(O)C(O)C(=O)OC(C)C,2.376899480819702,2.406510353088379,noname
CC(C)OC(=O)C(O)C(O)C(=O)OC(C)C,2.376899480819702,2.417508602142334,noname
CC(C)OC(=O)C(O)C(O)C(=O)OC(C)C,2.376899480819702,2.417508602142334,noname
CC(C)OC(=O)C(O)C(O)C(=O)OC(C)C,2.376899480819702,2.522125005722046,noname
CC(C)OC(=O)C(O)C(O)C(=O)OC(C)C,2.376899480819702,2.4416115283966064,noname
CC(C)OC(=O)C(O)C(O)C(=O)OC(C)C,2.376899480819702,4.76868200302124,noname
CC(C)OC(=O)C(O)C(O)C(=O)OC(C)C,2.376899480819702,2.4416112899780273,noname
CC(C)OC(=O)C(O)C(O)C(=O)OC(C)C,2.376899480819702,2.522125720977783,noname
CCOC(=O)CC(O)(CC(=O)OCC)C(=O)OCC,2.2936859130859375,2.601879596710205,noname
CCOC(=O)CC(O)(CC(=O)OCC)C(=O)OCC,2.2936859130859375,2.6020448207855225,noname
CCOC(=O)CC(O)(CC(=O)OCC)C(=O)OCC,2.2936859130859375,2.6212198734283447,noname
CCOC(=O)CC(O)(CC(=O)OCC)C(=O)OCC,2.2936859130859375,2.6202316284179688,noname
CCOC(=O)CC(O)(CC(=O)OCC)C(=O)OCC,2.2936859130859375,2.6348936557769775,noname
CCOC(=O)CC(O)(CC(=O)OCC)C(=O)OCC,2.2936859130859375,2.6222174167633057,noname
CCOC(=O)CC(O)(CC(=O)OCC)C(=O)OCC,2.2936859130859375,2.63468074798584,noname
CCOC(=O)CC(O)(CC(=O)OCC)C(=O)OCC,2.2936859130859375,2.629441261291504,noname
CCOC(=O)CC(O)(CC(=O)OCC)C(=O)OCC,2.2936859130859375,2.622217893600464,noname
CCOC(=O)CC(O)(CC(=O)OCC)C(=O)OCC,2.2936859130859375,2.620232105255127,noname
CCOC(=O)CC(O)(CC(=O)OCC)C(=O)OCC,2.2936859130859375,2.6348936557769775,noname
CCOC(=O)CC(O)(CC(=O)OCC)C(=O)OCC,2.2936859130859375,2.621220111846924,noname
CCOC(=O)CC(O)(CC(=O)OCC)C(=O)OCC,2.2936859130859375,2.6020455360412598,noname
CCOC(=O)CC(O)(CC(=O)OCC)C(=O)OCC,2.2936859130859375,2.601879835128784,noname
CCOC(=O)CC(O)(CC(=O)OCC)C(=O)OCC,2.2936859130859375,2.6170976161956787,noname
CCOC(=O)CC(O)(CC(=O)OCC)C(=O)OCC,2.2936859130859375,2.634965419769287,noname
CCOC(=O)CC(O)(CC(=O)OCC)C(=O)OCC,2.2936859130859375,2.6234421730041504,noname
CCOC(=O)CC(O)(CC(=O)OCC)C(=O)OCC,2.2936859130859375,2.603395938873291,noname
CCOC(=O)CC(O)(CC(=O)OCC)C(=O)OCC,2.2936859130859375,2.6018800735473633,noname
CCOC(=O)CC(O)(CC(=O)OCC)C(=O)OCC,2.2936859130859375,2.709778070449829,noname
CCOC(=O)CC(O)(CC(=O)OCC)C(=O)OCC,2.2936859130859375,2.6212198734283447,noname
CCOC(=O)CC(O)(CC(=O)OCC)C(=O)OCC,2.2936859130859375,4.6367974281311035,noname
CCOC(=O)CC(O)(CC(=O)OCC)C(=O)OCC,2.2936859130859375,2.621220111846924,noname
CCOC(=O)CC(O)(CC(=O)OCC)C(=O)OCC,2.2936859130859375,2.709778308868408,noname
CCOC(=O)CC(O)(CC(=O)OCC)C(=O)OCC,2.2936859130859375,2.6234421730041504,noname
CCOC(=O)CC(O)(CC(=O)OCC)C(=O)OCC,2.2936859130859375,2.7111287117004395,noname
O=C(Oc1ccccc1)c1ccccc1,2.2786409854888916,2.537536144256592,noname
O=C(Oc1ccccc1)c1ccccc1,2.2786409854888916,2.5506293773651123,noname
O=C(Oc1ccccc1)c1ccccc1,2.2786409854888916,2.5547428131103516,noname
O=C(Oc1ccccc1)c1ccccc1,2.2786409854888916,2.5516836643218994,noname
O=C(Oc1ccccc1)c1ccccc1,2.2786409854888916,2.5156397819519043,noname
O=C(Oc1ccccc1)c1ccccc1,2.2786409854888916,2.5075645446777344,noname
O=C(Oc1ccccc1)c1ccccc1,2.2786409854888916,2.509005069732666,noname
O=C(Oc1ccccc1)c1ccccc1,2.2786409854888916,2.5075645446777344,noname
O=C(Oc1ccccc1)c1ccccc1,2.2786409854888916,2.5156402587890625,noname
O=C(Oc1ccccc1)c1ccccc1,2.2786409854888916,2.533179759979248,noname
O=C(Oc1ccccc1)c1ccccc1,2.2786409854888916,2.5151259899139404,noname
O=C(Oc1ccccc1)c1ccccc1,2.2786409854888916,2.507798910140991,noname
O=C(Oc1ccccc1)c1ccccc1,2.2786409854888916,2.509004592895508,noname
O=C(Oc1ccccc1)c1ccccc1,2.2786409854888916,2.5077991485595703,noname
O=C(Oc1ccccc1)c1ccccc1,2.2786409854888916,2.5151255130767822,noname
O=C(Oc1ccccc1)c1ccccc1,2.2786409854888916,2.8098859786987305,noname
O=C(Oc1ccccc1)c1ccccc1,2.2786409854888916,2.5547428131103516,noname
O=C(Oc1ccccc1)c1ccccc1,2.2786409854888916,3.805913209915161,noname
O=C(Oc1ccccc1)c1ccccc1,2.2786409854888916,3.765726089477539,noname
CCOC(=O)c1ccccc1C(=O)OCC,2.246889114379883,2.724047899246216,noname
CCOC(=O)c1ccccc1C(=O)OCC,2.246889114379883,2.7310428619384766,noname
CCOC(=O)c1ccccc1C(=O)OCC,2.246889114379883,2.737816572189331,noname
CCOC(=O)c1ccccc1C(=O)OCC,2.246889114379883,2.735560655593872,noname
CCOC(=O)c1ccccc1C(=O)OCC,2.246889114379883,2.7427282333374023,noname
CCOC(=O)c1ccccc1C(=O)OCC,2.246889114379883,2.7824831008911133,noname
CCOC(=O)c1ccccc1C(=O)OCC,2.246889114379883,2.7920942306518555,noname
CCOC(=O)c1ccccc1C(=O)OCC,2.246889114379883,2.7948131561279297,noname
CCOC(=O)c1ccccc1C(=O)OCC,2.246889114379883,2.7948131561279297,noname
CCOC(=O)c1ccccc1C(=O)OCC,2.246889114379883,2.7920939922332764,noname
CCOC(=O)c1ccccc1C(=O)OCC,2.246889114379883,2.7824831008911133,noname
CCOC(=O)c1ccccc1C(=O)OCC,2.246889114379883,2.735560655593872,noname
CCOC(=O)c1ccccc1C(=O)OCC,2.246889114379883,2.7427282333374023,noname
CCOC(=O)c1ccccc1C(=O)OCC,2.246889114379883,2.737816333770752,noname
CCOC(=O)c1ccccc1C(=O)OCC,2.246889114379883,2.7310428619384766,noname
CCOC(=O)c1ccccc1C(=O)OCC,2.246889114379883,2.724048137664795,noname
CCOC(=O)c1ccccc1C(=O)OCC,2.246889114379883,2.7998130321502686,noname
CCOC(=O)c1ccccc1C(=O)OCC,2.246889114379883,2.737816572189331,noname
CCOC(=O)c1ccccc1C(=O)OCC,2.246889114379883,2.8573970794677734,noname
CCOC(=O)c1ccccc1C(=O)OCC,2.246889114379883,3.918909788131714,noname
CCOC(=O)c1ccccc1C(=O)OCC,2.246889114379883,2.8573975563049316,noname
CCOC(=O)c1ccccc1C(=O)OCC,2.246889114379883,2.737816333770752,noname
CCOC(=O)c1ccccc1C(=O)OCC,2.246889114379883,2.7998132705688477,noname
OC(c1ccccc1)c1ccccc1,2.2066683769226074,2.741313934326172,noname
OC(c1ccccc1)c1ccccc1,2.2066683769226074,2.712721109390259,noname
OC(c1ccccc1)c1ccccc1,2.2066683769226074,2.6626644134521484,noname
OC(c1ccccc1)c1ccccc1,2.2066683769226074,2.6636102199554443,noname
OC(c1ccccc1)c1ccccc1,2.2066683769226074,2.6496729850769043,noname
OC(c1ccccc1)c1ccccc1,2.2066683769226074,2.6488382816314697,noname
OC(c1ccccc1)c1ccccc1,2.2066683769226074,2.649672508239746,noname
OC(c1ccccc1)c1ccccc1,2.2066683769226074,2.6636102199554443,noname
OC(c1ccccc1)c1ccccc1,2.2066683769226074,2.6626644134521484,noname
OC(c1ccccc1)c1ccccc1,2.2066683769226074,2.6636104583740234,noname
OC(c1ccccc1)c1ccccc1,2.2066683769226074,2.6496729850769043,noname
OC(c1ccccc1)c1ccccc1,2.2066683769226074,2.648838520050049,noname
OC(c1ccccc1)c1ccccc1,2.2066683769226074,2.649672508239746,noname
OC(c1ccccc1)c1ccccc1,2.2066683769226074,2.6636099815368652,noname
OC(c1ccccc1)c1ccccc1,2.2066683769226074,3.8982748985290527,noname
OC(c1ccccc1)c1ccccc1,2.2066683769226074,2.9564757347106934,noname
OC(c1ccccc1)c1ccccc1,2.2066683769226074,3.8982748985290527,noname
OCCOCCOCCO,2.124411106109619,3.5104053020477295,noname
OCCOCCOCCO,2.124411106109619,3.456876754760742,noname
OCCOCCOCCO,2.124411106109619,3.2990798950195312,noname
OCCOCCOCCO,2.124411106109619,3.244666337966919,noname
OCCOCCOCCO,2.124411106109619,3.243072509765625,noname
OCCOCCOCCO,2.124411106109619,3.243072509765625,noname
OCCOCCOCCO,2.124411106109619,3.244666814804077,noname
OCCOCCOCCO,2.124411106109619,3.299079656600952,noname
OCCOCCOCCO,2.124411106109619,3.456876754760742,noname
OCCOCCOCCO,2.124411106109619,3.5104050636291504,noname
OCCOCCOCCO,2.124411106109619,4.407236576080322,noname
OCCOCCOCCO,2.124411106109619,3.244666337966919,noname
OCCOCCOCCO,2.124411106109619,3.511931896209717,noname
OCCOCCOCCO,2.124411106109619,3.244666814804077,noname
OCCOCCOCCO,2.124411106109619,4.407236576080322,noname
O=C(O)c1ccccc1O,2.1163535118103027,2.6980462074279785,noname
O=C(O)c1ccccc1O,2.1163535118103027,2.925708293914795,noname
O=C(O)c1ccccc1O,2.1163535118103027,2.881843090057373,noname
O=C(O)c1ccccc1O,2.1163535118103027,2.9216325283050537,noname
O=C(O)c1ccccc1O,2.1163535118103027,2.711778402328491,noname
O=C(O)c1ccccc1O,2.1163535118103027,2.6929845809936523,noname
O=C(O)c1ccccc1O,2.1163535118103027,2.6974148750305176,noname
O=C(O)c1ccccc1O,2.1163535118103027,2.7749013900756836,noname
O=C(O)c1ccccc1O,2.1163535118103027,2.9278788566589355,noname
O=C(O)c1ccccc1O,2.1163535118103027,2.8746986389160156,noname
O=C(O)c1ccccc1O,2.1163535118103027,3.263725757598877,noname
O=C(O)c1ccccc1O,2.1163535118103027,3.208512544631958,noname
CCCCCCCCCCCC(=O)O,1.5977414846420288,2.306086540222168,noname
CCCCCCCCCCCC(=O)O,1.5977414846420288,2.370393753051758,noname
CCCCCCCCCCCC(=O)O,1.5977414846420288,2.399320125579834,noname
CCCCCCCCCCCC(=O)O,1.5977414846420288,2.4140634536743164,noname
CCCCCCCCCCCC(=O)O,1.5977414846420288,2.417659044265747,noname
CCCCCCCCCCCC(=O)O,1.5977414846420288,2.417659044265747,noname
CCCCCCCCCCCC(=O)O,1.5977414846420288,2.417659044265747,noname
CCCCCCCCCCCC(=O)O,1.5977414846420288,2.417659044265747,noname
CCCCCCCCCCCC(=O)O,1.5977414846420288,2.4081521034240723,noname
CCCCCCCCCCCC(=O)O,1.5977414846420288,2.3700454235076904,noname
CCCCCCCCCCCC(=O)O,1.5977414846420288,2.264965295791626,noname
CCCCCCCCCCCC(=O)O,1.5977414846420288,2.4780845642089844,noname
CCCCCCCCCCCC(=O)O,1.5977414846420288,2.198837995529175,noname
CCCCCCCCCCCC(=O)O,1.5977414846420288,2.5311436653137207,noname
CCCCCCCCCCCC(=O)O,1.5977414846420288,5.123969554901123,noname
CCCCCCCCCCCCCC(=O)O,0.9468695521354675,1.9579956531524658,noname
CCCCCCCCCCCCCC(=O)O,0.9468695521354675,2.01916241645813,noname
CCCCCCCCCCCCCC(=O)O,0.9468695521354675,2.0516152381896973,noname
CCCCCCCCCCCCCC(=O)O,0.9468695521354675,2.068450689315796,noname
CCCCCCCCCCCCCC(=O)O,0.9468695521354675,2.0724644660949707,noname
CCCCCCCCCCCCCC(=O)O,0.9468695521354675,2.0724644660949707,noname
CCCCCCCCCCCCCC(=O)O,0.9468695521354675,2.0724644660949707,noname
CCCCCCCCCCCCCC(=O)O,0.9468695521354675,2.0724644660949707,noname
CCCCCCCCCCCCCC(=O)O,0.9468695521354675,2.0724644660949707,noname
CCCCCCCCCCCCCC(=O)O,0.9468695521354675,2.0724644660949707,noname
CCCCCCCCCCCCCC(=O)O,0.9468695521354675,2.06052303314209,noname
CCCCCCCCCCCCCC(=O)O,0.9468695521354675,2.013901472091675,noname
CCCCCCCCCCCCCC(=O)O,0.9468695521354675,1.918730616569519,noname
CCCCCCCCCCCCCC(=O)O,0.9468695521354675,1.9889345169067383,noname
CCCCCCCCCCCCCC(=O)O,0.9468695521354675,1.8914281129837036,noname
CCCCCCCCCCCCCC(=O)O,0.9468695521354675,2.0160255432128906,noname
CCCCCCCCCCCCCC(=O)O,0.9468695521354675,5.123969554901123,noname
CCCCCCCCCCCCCCCCCCCCCCCCCCC,-0.8860105276107788,0.3709386885166168,noname
CCCCCCCCCCCCCCCCCCCCCCCCCCC,-0.8860105276107788,0.3875456154346466,noname
CCCCCCCCCCCCCCCCCCCCCCCCCCC,-0.8860105276107788,0.4024176299571991,noname
CCCCCCCCCCCCCCCCCCCCCCCCCCC,-0.8860105276107788,0.4067785143852234,noname
CCCCCCCCCCCCCCCCCCCCCCCCCCC,-0.8860105276107788,0.4080738425254822,noname
CCCCCCCCCCCCCCCCCCCCCCCCCCC,-0.8860105276107788,0.4080738425254822,noname
CCCCCCCCCCCCCCCCCCCCCCCCCCC,-0.8860105276107788,0.4080738425254822,noname
CCCCCCCCCCCCCCCCCCCCCCCCCCC,-0.8860105276107788,0.4080738425254822,noname
CCCCCCCCCCCCCCCCCCCCCCCCCCC,-0.8860105276107788,0.4080738425254822,noname
CCCCCCCCCCCCCCCCCCCCCCCCCCC,-0.8860105276107788,0.4080738425254822,noname
CCCCCCCCCCCCCCCCCCCCCCCCCCC,-0.8860105276107788,0.4080738425254822,noname
CCCCCCCCCCCCCCCCCCCCCCCCCCC,-0.8860105276107788,0.4080738425254822,noname
CCCCCCCCCCCCCCCCCCCCCCCCCCC,-0.8860105276107788,0.4080738425254822,noname
CCCCCCCCCCCCCCCCCCCCCCCCCCC,-0.8860105276107788,0.4080738425254822,noname
CCCCCCCCCCCCCCCCCCCCCCCCCCC,-0.8860105276107788,0.4080738425254822,noname
CCCCCCCCCCCCCCCCCCCCCCCCCCC,-0.8860105276107788,0.4080738425254822,noname
CCCCCCCCCCCCCCCCCCCCCCCCCCC,-0.8860105276107788,0.4080738425254822,noname
CCCCCCCCCCCCCCCCCCCCCCCCCCC,-0.8860105276107788,0.4080738425254822,noname
CCCCCCCCCCCCCCCCCCCCCCCCCCC,-0.8860105276107788,0.4080738425254822,noname
CCCCCCCCCCCCCCCCCCCCCCCCCCC,-0.8860105276107788,0.4080738425254822,noname
CCCCCCCCCCCCCCCCCCCCCCCCCCC,-0.8860105276107788,0.4080738425254822,noname
CCCCCCCCCCCCCCCCCCCCCCCCCCC,-0.8860105276107788,0.4080738425254822,noname
CCCCCCCCCCCCCCCCCCCCCCCCCCC,-0.8860105276107788,0.4080738425254822,noname
CCCCCCCCCCCCCCCCCCCCCCCCCCC,-0.8860105276107788,0.4067786633968353,noname
CCCCCCCCCCCCCCCCCCCCCCCCCCC,-0.8860105276107788,0.4024174213409424,noname
CCCCCCCCCCCCCCCCCCCCCCCCCCC,-0.8860105276107788,0.3875458836555481,noname
CCCCCCCCCCCCCCCCCCCCCCCCCCC,-0.8860105276107788,0.3709385097026825,noname
CCCCCCCCCCCCCCCCCCCCCCCCCCC,-0.8860105276107788,5.123969554901123,noname
CCCCCCCCCCC(CCCCCCCC)CC1CC(C(C1)CC(CCCCCCCC)CCCCCCCCCC)CC(CCCCCCCC)CCCCCCCCCC,-4.814165115356445,-4.6660380363464355,noname
CCCCCCCCCCC(CCCCCCCC)CC1CC(C(C1)CC(CCCCCCCC)CCCCCCCCCC)CC(CCCCCCCC)CCCCCCCCCC,-4.814165115356445,-4.650387287139893,noname
CCCCCCCCCCC(CCCCCCCC)CC1CC(C(C1)CC(CCCCCCCC)CCCCCCCCCC)CC(CCCCCCCC)CCCCCCCCCC,-4.814165115356445,-4.6427083015441895,noname
CCCCCCCCCCC(CCCCCCCC)CC1CC(C(C1)CC(CCCCCCCC)CCCCCCCCCC)CC(CCCCCCCC)CCCCCCCCCC,-4.814165115356445,-4.635558605194092,noname
CCCCCCCCCCC(CCCCCCCC)CC1CC(C(C1)CC(CCCCCCCC)CCCCCCCCCC)CC(CCCCCCCC)CCCCCCCCCC,-4.814165115356445,-4.63411283493042,noname
CCCCCCCCCCC(CCCCCCCC)CC1CC(C(C1)CC(CCCCCCCC)CCCCCCCCCC)CC(CCCCCCCC)CCCCCCCCCC,-4.814165115356445,-4.63411283493042,noname
CCCCCCCCCCC(CCCCCCCC)CC1CC(C(C1)CC(CCCCCCCC)CCCCCCCCCC)CC(CCCCCCCC)CCCCCCCCCC,-4.814165115356445,-4.63411283493042,noname
CCCCCCCCCCC(CCCCCCCC)CC1CC(C(C1)CC(CCCCCCCC)CCCCCCCCCC)CC(CCCCCCCC)CCCCCCCCCC,-4.814165115356445,-4.634731769561768,noname
CCCCCCCCCCC(CCCCCCCC)CC1CC(C(C1)CC(CCCCCCCC)CCCCCCCCCC)CC(CCCCCCCC)CCCCCCCCCC,-4.814165115356445,-4.641874313354492,noname
CCCCCCCCCCC(CCCCCCCC)CC1CC(C(C1)CC(CCCCCCCC)CCCCCCCCCC)CC(CCCCCCCC)CCCCCCCCCC,-4.814165115356445,-4.644222736358643,noname
CCCCCCCCCCC(CCCCCCCC)CC1CC(C(C1)CC(CCCCCCCC)CCCCCCCCCC)CC(CCCCCCCC)CCCCCCCCCC,-4.814165115356445,-4.659472465515137,noname
CCCCCCCCCCC(CCCCCCCC)CC1CC(C(C1)CC(CCCCCCCC)CCCCCCCCCC)CC(CCCCCCCC)CCCCCCCCCC,-4.814165115356445,-4.644225597381592,noname
CCCCCCCCCCC(CCCCCCCC)CC1CC(C(C1)CC(CCCCCCCC)CCCCCCCCCC)CC(CCCCCCCC)CCCCCCCCCC,-4.814165115356445,-4.641874313354492,noname
CCCCCCCCCCC(CCCCCCCC)CC1CC(C(C1)CC(CCCCCCCC)CCCCCCCCCC)CC(CCCCCCCC)CCCCCCCCCC,-4.814165115356445,-4.634730815887451,noname
CCCCCCCCCCC(CCCCCCCC)CC1CC(C(C1)CC(CCCCCCCC)CCCCCCCCCC)CC(CCCCCCCC)CCCCCCCCCC,-4.814165115356445,-4.634113311767578,noname
CCCCCCCCCCC(CCCCCCCC)CC1CC(C(C1)CC(CCCCCCCC)CCCCCCCCCC)CC(CCCCCCCC)CCCCCCCCCC,-4.814165115356445,-4.635556697845459,noname
CCCCCCCCCCC(CCCCCCCC)CC1CC(C(C1)CC(CCCCCCCC)CCCCCCCCCC)CC(CCCCCCCC)CCCCCCCCCC,-4.814165115356445,-4.6427083015441895,noname
CCCCCCCCCCC(CCCCCCCC)CC1CC(C(C1)CC(CCCCCCCC)CCCCCCCCCC)CC(CCCCCCCC)CCCCCCCCCC,-4.814165115356445,-4.650387287139893,noname
CCCCCCCCCCC(CCCCCCCC)CC1CC(C(C1)CC(CCCCCCCC)CCCCCCCCCC)CC(CCCCCCCC)CCCCCCCCCC,-4.814165115356445,-4.6660380363464355,noname
CCCCCCCCCCC(CCCCCCCC)CC1CC(C(C1)CC(CCCCCCCC)CCCCCCCCCC)CC(CCCCCCCC)CCCCCCCCCC,-4.814165115356445,-4.662616729736328,noname
CCCCCCCCCCC(CCCCCCCC)CC1CC(C(C1)CC(CCCCCCCC)CCCCCCCCCC)CC(CCCCCCCC)CCCCCCCCCC,-4.814165115356445,-4.684542655944824,noname
CCCCCCCCCCC(CCCCCCCC)CC1CC(C(C1)CC(CCCCCCCC)CCCCCCCCCC)CC(CCCCCCCC)CCCCCCCCCC,-4.814165115356445,-4.682873725891113,noname
CCCCCCCCCCC(CCCCCCCC)CC1CC(C(C1)CC(CCCCCCCC)CCCCCCCCCC)CC(CCCCCCCC)CCCCCCCCCC,-4.814165115356445,-4.702115535736084,noname
CCCCCCCCCCC(CCCCCCCC)CC1CC(C(C1)CC(CCCCCCCC)CCCCCCCCCC)CC(CCCCCCCC)CCCCCCCCCC,-4.814165115356445,-4.702115535736084,noname
CCCCCCCCCCC(CCCCCCCC)CC1CC(C(C1)CC(CCCCCCCC)CCCCCCCCCC)CC(CCCCCCCC)CCCCCCCCCC,-4.814165115356445,-4.682873725891113,noname
CCCCCCCCCCC(CCCCCCCC)CC1CC(C(C1)CC(CCCCCCCC)CCCCCCCCCC)CC(CCCCCCCC)CCCCCCCCCC,-4.814165115356445,-4.68177604675293,noname
CCCCCCCCCCC(CCCCCCCC)CC1CC(C(C1)CC(CCCCCCCC)CCCCCCCCCC)CC(CCCCCCCC)CCCCCCCCCC,-4.814165115356445,-4.67233943939209,noname
CCCCCCCCCCC(CCCCCCCC)CC1CC(C(C1)CC(CCCCCCCC)CCCCCCCCCC)CC(CCCCCCCC)CCCCCCCCCC,-4.814165115356445,-4.647310733795166,noname
CCCCCCCCCCC(CCCCCCCC)CC1CC(C(C1)CC(CCCCCCCC)CCCCCCCCCC)CC(CCCCCCCC)CCCCCCCCCC,-4.814165115356445,-4.641873836517334,noname
CCCCCCCCCCC(CCCCCCCC)CC1CC(C(C1)CC(CCCCCCCC)CCCCCCCCCC)CC(CCCCCCCC)CCCCCCCCCC,-4.814165115356445,-4.634732723236084,noname
CCCCCCCCCCC(CCCCCCCC)CC1CC(C(C1)CC(CCCCCCCC)CCCCCCCCCC)CC(CCCCCCCC)CCCCCCCCCC,-4.814165115356445,-4.63411283493042,noname
CCCCCCCCCCC(CCCCCCCC)CC1CC(C(C1)CC(CCCCCCCC)CCCCCCCCCC)CC(CCCCCCCC)CCCCCCCCCC,-4.814165115356445,-4.635558128356934,noname
CCCCCCCCCCC(CCCCCCCC)CC1CC(C(C1)CC(CCCCCCCC)CCCCCCCCCC)CC(CCCCCCCC)CCCCCCCCCC,-4.814165115356445,-4.642707347869873,noname
CCCCCCCCCCC(CCCCCCCC)CC1CC(C(C1)CC(CCCCCCCC)CCCCCCCCCC)CC(CCCCCCCC)CCCCCCCCCC,-4.814165115356445,-4.650386810302734,noname
CCCCCCCCCCC(CCCCCCCC)CC1CC(C(C1)CC(CCCCCCCC)CCCCCCCCCC)CC(CCCCCCCC)CCCCCCCCCC,-4.814165115356445,-4.666038990020752,noname
CCCCCCCCCCC(CCCCCCCC)CC1CC(C(C1)CC(CCCCCCCC)CCCCCCCCCC)CC(CCCCCCCC)CCCCCCCCCC,-4.814165115356445,-4.647311687469482,noname
CCCCCCCCCCC(CCCCCCCC)CC1CC(C(C1)CC(CCCCCCCC)CCCCCCCCCC)CC(CCCCCCCC)CCCCCCCCCC,-4.814165115356445,-4.641873836517334,noname
CCCCCCCCCCC(CCCCCCCC)CC1CC(C(C1)CC(CCCCCCCC)CCCCCCCCCC)CC(CCCCCCCC)CCCCCCCCCC,-4.814165115356445,-4.634731769561768,noname
CCCCCCCCCCC(CCCCCCCC)CC1CC(C(C1)CC(CCCCCCCC)CCCCCCCCCC)CC(CCCCCCCC)CCCCCCCCCC,-4.814165115356445,-4.63411283493042,noname
CCCCCCCCCCC(CCCCCCCC)CC1CC(C(C1)CC(CCCCCCCC)CCCCCCCCCC)CC(CCCCCCCC)CCCCCCCCCC,-4.814165115356445,-4.63411283493042,noname
CCCCCCCCCCC(CCCCCCCC)CC1CC(C(C1)CC(CCCCCCCC)CCCCCCCCCC)CC(CCCCCCCC)CCCCCCCCCC,-4.814165115356445,-4.63411283493042,noname
CCCCCCCCCCC(CCCCCCCC)CC1CC(C(C1)CC(CCCCCCCC)CCCCCCCCCC)CC(CCCCCCCC)CCCCCCCCCC,-4.814165115356445,-4.635557174682617,noname
CCCCCCCCCCC(CCCCCCCC)CC1CC(C(C1)CC(CCCCCCCC)CCCCCCCCCC)CC(CCCCCCCC)CCCCCCCCCC,-4.814165115356445,-4.642709255218506,noname
CCCCCCCCCCC(CCCCCCCC)CC1CC(C(C1)CC(CCCCCCCC)CCCCCCCCCC)CC(CCCCCCCC)CCCCCCCCCC,-4.814165115356445,-4.650387763977051,noname
CCCCCCCCCCC(CCCCCCCC)CC1CC(C(C1)CC(CCCCCCCC)CCCCCCCCCC)CC(CCCCCCCC)CCCCCCCCCC,-4.814165115356445,-4.666038990020752,noname
CCCCCCCCCCC(CCCCCCCC)CC1CC(C(C1)CC(CCCCCCCC)CCCCCCCCCC)CC(CCCCCCCC)CCCCCCCCCC,-4.814165115356445,-4.681773662567139,noname
CCCCCCCCCCC(CCCCCCCC)CC1CC(C(C1)CC(CCCCCCCC)CCCCCCCCCC)CC(CCCCCCCC)CCCCCCCCCC,-4.814165115356445,-4.672341346740723,noname
CCCCCCCCCCC(CCCCCCCC)CC1CC(C(C1)CC(CCCCCCCC)CCCCCCCCCC)CC(CCCCCCCC)CCCCCCCCCC,-4.814165115356445,-4.647311687469482,noname
CCCCCCCCCCC(CCCCCCCC)CC1CC(C(C1)CC(CCCCCCCC)CCCCCCCCCC)CC(CCCCCCCC)CCCCCCCCCC,-4.814165115356445,-4.64187479019165,noname
CCCCCCCCCCC(CCCCCCCC)CC1CC(C(C1)CC(CCCCCCCC)CCCCCCCCCC)CC(CCCCCCCC)CCCCCCCCCC,-4.814165115356445,-4.634732246398926,noname
CCCCCCCCCCC(CCCCCCCC)CC1CC(C(C1)CC(CCCCCCCC)CCCCCCCCCC)CC(CCCCCCCC)CCCCCCCCCC,-4.814165115356445,-4.634114742279053,noname
CCCCCCCCCCC(CCCCCCCC)CC1CC(C(C1)CC(CCCCCCCC)CCCCCCCCCC)CC(CCCCCCCC)CCCCCCCCCC,-4.814165115356445,-4.635558605194092,noname
CCCCCCCCCCC(CCCCCCCC)CC1CC(C(C1)CC(CCCCCCCC)CCCCCCCCCC)CC(CCCCCCCC)CCCCCCCCCC,-4.814165115356445,-4.6427083015441895,noname
CCCCCCCCCCC(CCCCCCCC)CC1CC(C(C1)CC(CCCCCCCC)CCCCCCCCCC)CC(CCCCCCCC)CCCCCCCCCC,-4.814165115356445,-4.650386810302734,noname
CCCCCCCCCCC(CCCCCCCC)CC1CC(C(C1)CC(CCCCCCCC)CCCCCCCCCC)CC(CCCCCCCC)CCCCCCCCCC,-4.814165115356445,-4.666038990020752,noname
CCCCCCCCCCC(CCCCCCCC)CC1CC(C(C1)CC(CCCCCCCC)CCCCCCCCCC)CC(CCCCCCCC)CCCCCCCCCC,-4.814165115356445,-4.647311210632324,noname
CCCCCCCCCCC(CCCCCCCC)CC1CC(C(C1)CC(CCCCCCCC)CCCCCCCCCC)CC(CCCCCCCC)CCCCCCCCCC,-4.814165115356445,-4.641873836517334,noname
CCCCCCCCCCC(CCCCCCCC)CC1CC(C(C1)CC(CCCCCCCC)CCCCCCCCCC)CC(CCCCCCCC)CCCCCCCCCC,-4.814165115356445,-4.634733200073242,noname
CCCCCCCCCCC(CCCCCCCC)CC1CC(C(C1)CC(CCCCCCCC)CCCCCCCCCC)CC(CCCCCCCC)CCCCCCCCCC,-4.814165115356445,-4.634114742279053,noname
CCCCCCCCCCC(CCCCCCCC)CC1CC(C(C1)CC(CCCCCCCC)CCCCCCCCCC)CC(CCCCCCCC)CCCCCCCCCC,-4.814165115356445,-4.634114742279053,noname
CCCCCCCCCCC(CCCCCCCC)CC1CC(C(C1)CC(CCCCCCCC)CCCCCCCCCC)CC(CCCCCCCC)CCCCCCCCCC,-4.814165115356445,-4.634114742279053,noname
CCCCCCCCCCC(CCCCCCCC)CC1CC(C(C1)CC(CCCCCCCC)CCCCCCCCCC)CC(CCCCCCCC)CCCCCCCCCC,-4.814165115356445,-4.635558128356934,noname
CCCCCCCCCCC(CCCCCCCC)CC1CC(C(C1)CC(CCCCCCCC)CCCCCCCCCC)CC(CCCCCCCC)CCCCCCCCCC,-4.814165115356445,-4.6427083015441895,noname
CCCCCCCCCCC(CCCCCCCC)CC1CC(C(C1)CC(CCCCCCCC)CCCCCCCCCC)CC(CCCCCCCC)CCCCCCCCCC,-4.814165115356445,-4.650386333465576,noname
CCCCCCCCCCC(CCCCCCCC)CC1CC(C(C1)CC(CCCCCCCC)CCCCCCCCCC)CC(CCCCCCCC)CCCCCCCCCC,-4.814165115356445,-4.666037559509277,noname
CCCCCCCCCCC(CCCCCCCC)CC1CC(C(C1)CC(CCCCCCCC)CCCCCCCCCC)CC(CCCCCCCC)CCCCCCCCCC,-4.814165115356445,-1.9859596490859985,noname
CCCCCCCCCCC(CCCCCCCC)CC1CC(C(C1)CC(CCCCCCCC)CCCCCCCCCC)CC(CCCCCCCC)CCCCCCCCCC,-4.814165115356445,-1.9477547407150269,noname
CCCCCCCCCCC(CCCCCCCC)CC1CC(C(C1)CC(CCCCCCCC)CCCCCCCCCC)CC(CCCCCCCC)CCCCCCCCCC,-4.814165115356445,-4.31788444519043,noname
CCCCCCCCCCC(CCCCCCCC)CC1CC(C(C1)CC(CCCCCCCC)CCCCCCCCCC)CC(CCCCCCCC)CCCCCCCCCC,-4.814165115356445,-1.9859596490859985,noname
